time,mbps
2024-05-10 10:57:45,0.002216
2024-05-10 10:57:47,0.397504
2024-05-10 10:57:48,0.558984
2024-05-10 10:57:49,3.440544
2024-05-10 10:57:50,4.439224
2024-05-10 10:57:51,27.61372
2024-05-10 10:57:52,48.997336
2024-05-10 10:57:53,2.4226
2024-05-10 10:57:54,0.259784
2024-05-10 10:57:55,38.459864
2024-05-10 10:57:56,66.148312
2024-05-10 10:57:57,59.285264
2024-05-10 10:57:58,76.903984
2024-05-10 10:57:59,80.559352
2024-05-10 10:58:00,0.568656
2024-05-10 10:58:01,30.882712
2024-05-10 10:58:02,32.136064
2024-05-10 10:58:03,41.511792
2024-05-10 10:58:07,0.118792
2024-05-10 10:58:08,0.002472
2024-05-10 10:58:09,0.005152
2024-05-10 10:58:10,0.000904
2024-05-10 10:58:11,0.02216
2024-05-10 10:58:12,0.00468
2024-05-10 10:58:13,0.735688
2024-05-10 10:58:14,62.960928
2024-05-10 10:58:15,37.56456
2024-05-10 10:58:17,0.421496
2024-05-10 10:58:18,0.001976
2024-05-10 10:58:19,20.644456
2024-05-10 10:58:20,64.28952
2024-05-10 10:58:21,0.023576
2024-05-10 10:58:22,0.002016
2024-05-10 10:58:23,0.01332
2024-05-10 10:58:24,77.586376
2024-05-10 10:58:25,25.661192
2024-05-10 10:58:27,0.003544
2024-05-10 10:58:28,0.002472
2024-05-10 10:58:29,13.419872
2024-05-10 10:58:30,87.850472
2024-05-10 10:58:31,0.02344
2024-05-10 10:58:32,0.005816
2024-05-10 10:58:33,0.001288
2024-05-10 10:58:35,29.7722
2024-05-10 10:58:36,72.174864
2024-05-10 10:58:37,0.003544
2024-05-10 10:58:38,0.001288
2024-05-10 10:58:40,2.312152
2024-05-10 10:58:41,74.147768
2024-05-10 10:58:42,26.5514
2024-05-10 10:58:43,0.001288
2024-05-10 10:58:46,48.380096
2024-05-10 10:58:47,42.457072
2024-05-10 10:58:48,0.005344
2024-05-10 10:58:49,0.001184
2024-05-10 10:58:50,3.635896
2024-05-10 10:58:51,81.997232
2024-05-10 10:58:52,17.203672
2024-05-10 10:58:53,0.00364
2024-05-10 10:58:55,1.495184
2024-05-10 10:58:56,15.5762
2024-05-10 10:58:57,58.084928
2024-05-10 10:58:58,0.003136
2024-05-10 10:58:59,0.003536
2024-05-10 10:59:00,0.005152
2024-05-10 10:59:01,0.002856
2024-05-10 10:59:02,0.001288
2024-05-10 10:59:03,56.079712
2024-05-10 10:59:04,45.92112
2024-05-10 10:59:05,0.001568
2024-05-10 10:59:07,0.066008
2024-05-10 10:59:08,3.208352
2024-05-10 10:59:09,60.545272
2024-05-10 10:59:10,0.00916
2024-05-10 10:59:11,0.001288
2024-05-10 10:59:12,0.001288
2024-05-10 10:59:13,58.485264
2024-05-10 10:59:14,43.632792
2024-05-10 10:59:17,14.385208
2024-05-10 10:59:18,83.461528
2024-05-10 10:59:19,4.56124
2024-05-10 10:59:20,0.02224
2024-05-10 10:59:21,0.001288
2024-05-10 10:59:22,0.001288
2024-05-10 10:59:23,0.001288
2024-05-10 10:59:25,2.369416
2024-05-10 10:59:26,39.486448
2024-05-10 10:59:27,60.298112
2024-05-10 10:59:30,55.834392
2024-05-10 10:59:31,46.438728
2024-05-10 10:59:32,0.001288
2024-05-10 10:59:33,0.001288
2024-05-10 10:59:35,8.853352
2024-05-10 10:59:36,90.203128
2024-05-10 10:59:37,3.272832
2024-05-10 10:59:40,0.005152
2024-05-10 10:59:41,36.020944
2024-05-10 10:59:42,66.253824
2024-05-10 10:59:43,0.001288
2024-05-10 10:59:45,0.014784
2024-05-10 10:59:46,0.018872
2024-05-10 10:59:47,82.988984
2024-05-10 10:59:48,19.61808
2024-05-10 10:59:50,0.00256
2024-05-10 10:59:51,0.001288
2024-05-10 10:59:52,16.547904
2024-05-10 10:59:53,56.068136
2024-05-10 10:59:54,28.685576
2024-05-10 10:59:57,0.002256
2024-05-10 10:59:58,44.21668
2024-05-10 10:59:59,54.48132
2024-05-10 11:00:00,0.002664
2024-05-10 11:00:01,0.001288
2024-05-10 11:00:02,18.603608
2024-05-10 11:00:03,76.352472
2024-05-10 11:00:04,6.596792
2024-05-10 11:00:07,0.002256
2024-05-10 11:00:08,46.340104
2024-05-10 11:00:09,55.81048
2024-05-10 11:00:11,0.001184
2024-05-10 11:00:12,0.001288
2024-05-10 11:00:13,6.137296
2024-05-10 11:00:14,68.931392
2024-05-10 11:00:15,26.970472
2024-05-10 11:00:17,0.00104
2024-05-10 11:00:18,0.002504
2024-05-10 11:00:19,5.991144
2024-05-10 11:00:20,76.555768
2024-05-10 11:00:21,19.431728
2024-05-10 11:00:22,0.001288
2024-05-10 11:00:23,0.647336
2024-05-10 11:00:24,63.170328
2024-05-10 11:00:25,38.09944
2024-05-10 11:00:27,0.060912
2024-05-10 11:00:28,0.004256
2024-05-10 11:00:29,31.705504
2024-05-10 11:00:30,71.241104
2024-05-10 11:00:31,0.002472
2024-05-10 11:00:32,0.001288
2024-05-10 11:00:35,55.253104
2024-05-10 11:00:36,15.473976
2024-05-10 11:00:38,0.023072
2024-05-10 11:00:39,14.13476
2024-05-10 11:00:40,78.406968
2024-05-10 11:00:41,10.338032
2024-05-10 11:00:43,0.010208
2024-05-10 11:00:45,60.115728
2024-05-10 11:00:46,30.183816
2024-05-10 11:00:49,17.665384
2024-05-10 11:00:50,82.407192
2024-05-10 11:00:51,1.197992
2024-05-10 11:00:52,0.001184
2024-05-10 11:00:55,42.368856
2024-05-10 11:00:56,59.566688
2024-05-10 11:00:59,2.264664
2024-05-10 11:01:00,77.70736
2024-05-10 11:01:01,7.60508
2024-05-10 11:01:05,30.51836
2024-05-10 11:01:06,64.93204
2024-05-10 11:01:07,5.853384
2024-05-10 11:01:08,0.000712
2024-05-10 11:01:09,1.813728
2024-05-10 11:01:10,31.2838
2024-05-10 11:01:11,68.464048
2024-05-10 11:01:12,1.250552
2024-05-10 11:01:15,27.000544
2024-05-10 11:01:16,74.28752
2024-05-10 11:01:21,51.160496
2024-05-10 11:01:22,41.405968
2024-05-10 11:01:23,0.927048
2024-05-10 11:01:25,5.382512
2024-05-10 11:01:26,70.658592
2024-05-10 11:01:30,57.273272
2024-05-10 11:01:31,45.547616
2024-05-10 11:01:32,0.204904
2024-05-10 11:01:33,0.228088
2024-05-10 11:01:34,0.937952
2024-05-10 11:01:35,17.031176
2024-05-10 11:01:36,62.615904
2024-05-10 11:01:37,0.316808
2024-05-10 11:01:38,0.135128
2024-05-10 11:01:39,2.9262
2024-05-10 11:01:40,59.947408
2024-05-10 11:01:41,43.234968
2024-05-10 11:01:42,0.225296
2024-05-10 11:01:44,6.112056
2024-05-10 11:01:45,38.003304
2024-05-10 11:01:46,28.236768
2024-05-10 11:01:47,15.588344
2024-05-10 11:01:48,0.012304
2024-05-10 11:01:49,43.38444
2024-05-10 11:01:50,60.194712
2024-05-10 11:01:51,0.001968
2024-05-10 11:01:52,0.095352
2024-05-10 11:01:53,0.0152
2024-05-10 11:01:55,29.658576
2024-05-10 11:01:56,53.697904
2024-05-10 11:01:57,0.002112
2024-05-10 11:02:00,0.192392
2024-05-10 11:02:01,0.099488
2024-05-10 11:02:03,52.735824
2024-05-10 11:02:04,32.786448
2024-05-10 11:02:05,0.094672
2024-05-10 11:02:06,0.21596
2024-05-10 11:02:07,0.172696
2024-05-10 11:02:08,0.105656
2024-05-10 11:02:09,0.108192
2024-05-10 11:02:10,0.029808
2024-05-10 11:02:11,0.157424
2024-05-10 11:02:14,36.565584
2024-05-10 11:02:15,66.5558
2024-05-10 11:02:19,0.184384
2024-05-10 11:02:20,0.316104
2024-05-10 11:02:21,0.16524
2024-05-10 11:02:22,0.12036
2024-05-10 11:02:23,0.084176
2024-05-10 11:02:24,0.071808
2024-05-10 11:02:25,0.005576
2024-05-10 11:02:26,24.026136
2024-05-10 11:02:27,71.977688
2024-05-10 11:02:28,1.475592
2024-05-10 11:02:34,0.001184
2024-05-10 11:02:35,15.381288
2024-05-10 11:02:36,68.532312
2024-05-10 11:02:37,11.722104
2024-05-10 11:02:38,0.043504
2024-05-10 11:02:43,0.000592
2024-05-10 11:02:44,0.084856
2024-05-10 11:02:45,0.00084
2024-05-10 11:02:46,0.001432
2024-05-10 11:02:47,0.351848
2024-05-10 11:02:48,67.256608
2024-05-10 11:02:49,40.90436
2024-05-10 11:02:50,2.718752
2024-05-10 11:02:51,0.073784
2024-05-10 11:02:52,0.009864
2024-05-10 11:02:54,0.001184
2024-05-10 11:03:00,0.002576
2024-05-10 11:03:02,37.075368
2024-05-10 11:03:03,64.190416
2024-05-10 11:03:07,0.061696
2024-05-10 11:03:08,0.000712
2024-05-10 11:03:09,46.715632
2024-05-10 11:03:10,45.67524
2024-05-10 11:03:11,10.338288
2024-05-10 11:03:14,11.876816
2024-05-10 11:03:15,71.270032
2024-05-10 11:03:16,5.097392
2024-05-10 11:03:17,0.049864
2024-05-10 11:03:19,26.353424
2024-05-10 11:03:20,67.67968
2024-05-10 11:03:21,7.307176
2024-05-10 11:03:22,0.005376
2024-05-10 11:03:24,8.00008
2024-05-10 11:03:25,58.942288
2024-05-10 11:03:26,31.76392
2024-05-10 11:03:27,0.005824
2024-05-10 11:03:28,0.00084
2024-05-10 11:03:29,37.874176
2024-05-10 11:03:30,62.206616
2024-05-10 11:03:31,1.906136
2024-05-10 11:03:32,0.001184
2024-05-10 11:03:34,4.232096
2024-05-10 11:03:35,57.78928
2024-05-10 11:03:36,39.443696
2024-05-10 11:03:37,1.098056
2024-05-10 11:03:40,20.829072
2024-05-10 11:03:41,33.081576
2024-05-10 11:03:42,46.130344
2024-05-10 11:03:43,2.688336
2024-05-10 11:03:45,0.012048
2024-05-10 11:03:46,56.071944
2024-05-10 11:03:47,34.646416
2024-05-10 11:03:48,0.0076
2024-05-10 11:03:49,0.006264
2024-05-10 11:03:50,0.002576
2024-05-10 11:03:51,0.003208
2024-05-10 11:03:52,7.403984
2024-05-10 11:03:53,37.782096
2024-05-10 11:03:54,36.161456
2024-05-10 11:03:55,6.775664
2024-05-10 11:03:56,0.00256
2024-05-10 11:04:00,0.002576
2024-05-10 11:04:03,0.012048
2024-05-10 11:04:04,38.262176
2024-05-10 11:04:05,39.574424
2024-05-10 11:04:06,25.281032
2024-05-10 11:04:10,0.0012
2024-05-10 11:04:11,0.001376
2024-05-10 11:04:12,0.001776
2024-05-10 11:04:16,45.654168
2024-05-10 11:04:17,56.311088
2024-05-10 11:04:18,0.001184
2024-05-10 11:04:21,6.608512
2024-05-10 11:04:22,83.81856
2024-05-10 11:04:23,0.64512
2024-05-10 11:04:26,48.180696
2024-05-10 11:04:27,53.69844
2024-05-10 11:04:28,0.013984
2024-05-10 11:04:30,0.00504
2024-05-10 11:04:31,0.015456
2024-05-10 11:04:32,74.375944
2024-05-10 11:04:33,28.375328
2024-05-10 11:04:37,29.466976
2024-05-10 11:04:38,72.587584
2024-05-10 11:04:39,0.38604
2024-05-10 11:04:41,0.002576
2024-05-10 11:04:42,49.31924
2024-05-10 11:04:43,51.963144
2024-05-10 11:04:45,0.124288
2024-05-10 11:04:46,0.010752
2024-05-10 11:04:47,13.978704
2024-05-10 11:04:48,50.186672
2024-05-10 11:04:50,0.001376
2024-05-10 11:04:51,46.630552
2024-05-10 11:04:52,55.647152
2024-05-10 11:04:53,0.082376
2024-05-10 11:04:54,0.084736
2024-05-10 11:04:55,0.080168
2024-05-10 11:04:56,17.827608
2024-05-10 11:04:57,83.44076
2024-05-10 11:04:58,1.368376
2024-05-10 11:04:59,0.000928
2024-05-10 11:05:02,40.91244
2024-05-10 11:05:03,60.358104
2024-05-10 11:05:05,0.096616
2024-05-10 11:05:06,2.309376
2024-05-10 11:05:07,82.969232
2024-05-10 11:05:08,1.290384
2024-05-10 11:05:10,0.001376
2024-05-10 11:05:11,37.218776
2024-05-10 11:05:12,64.052816
2024-05-10 11:05:13,0.041864
2024-05-10 11:05:14,0.04364
2024-05-10 11:05:16,0.013824
2024-05-10 11:05:17,56.644456
2024-05-10 11:05:18,26.650096
2024-05-10 11:05:20,0.000592
2024-05-10 11:05:21,35.011752
2024-05-10 11:05:22,41.299128
2024-05-10 11:05:23,0.1202
2024-05-10 11:05:24,0.002664
2024-05-10 11:05:25,3.352504
2024-05-10 11:05:26,76.038504
2024-05-10 11:05:27,21.893248
2024-05-10 11:05:30,0.001776
2024-05-10 11:05:31,29.111696
2024-05-10 11:05:32,59.46832
2024-05-10 11:05:35,6.920872
2024-05-10 11:05:36,64.582552
2024-05-10 11:05:37,0.039208
2024-05-10 11:05:38,0.001184
2024-05-10 11:05:39,43.63788
2024-05-10 11:05:40,58.424816
2024-05-10 11:05:41,0.014536
2024-05-10 11:05:44,25.192456
2024-05-10 11:05:45,76.80984
2024-05-10 11:05:46,0.000744
2024-05-10 11:05:47,0.060944
2024-05-10 11:05:48,0.000712
2024-05-10 11:05:50,50.927696
2024-05-10 11:05:51,52.009752
2024-05-10 11:05:55,8.75288
2024-05-10 11:05:56,82.365488
2024-05-10 11:05:57,10.138288
2024-05-10 11:05:59,0.001184
2024-05-10 11:06:00,45.748056
2024-05-10 11:06:01,42.811768
2024-05-10 11:06:05,1.49016
2024-05-10 11:06:06,92.800344
2024-05-10 11:06:07,6.9794
2024-05-10 11:06:08,0.000592
2024-05-10 11:06:11,29.642872
2024-05-10 11:06:12,73.31996
2024-05-10 11:06:15,0.01204
2024-05-10 11:06:16,71.067048
2024-05-10 11:06:19,0.001184
2024-05-10 11:06:20,44.04148
2024-05-10 11:06:21,27.435656
2024-05-10 11:06:23,0.01204
2024-05-10 11:06:24,90.935848
2024-05-10 11:06:25,11.030424
2024-05-10 11:06:27,0.06096
2024-05-10 11:06:28,0.000712
2024-05-10 11:06:29,30.64764
2024-05-10 11:06:30,70.644128
2024-05-10 11:06:31,1.667112
2024-05-10 11:06:35,41.091568
2024-05-10 11:06:36,61.414632
2024-05-10 11:06:39,29.127712
2024-05-10 11:06:40,58.014808
2024-05-10 11:06:44,0.001184
2024-05-10 11:06:45,47.38884
2024-05-10 11:06:46,14.712656
2024-05-10 11:06:48,11.701944
2024-05-10 11:06:49,80.593112
2024-05-10 11:06:50,0.726536
2024-05-10 11:06:52,0.210504
2024-05-10 11:06:53,60.766752
2024-05-10 11:06:54,22.835048
2024-05-10 11:06:57,21.824632
2024-05-10 11:06:58,28.942472
2024-05-10 11:06:59,38.387912
2024-05-10 11:07:00,13.431
2024-05-10 11:07:03,30.014776
2024-05-10 11:07:04,38.195112
2024-05-10 11:07:05,33.783224
2024-05-10 11:07:06,0.345776
2024-05-10 11:07:07,8.516304
2024-05-10 11:07:08,40.445848
2024-05-10 11:07:09,20.568864
2024-05-10 11:07:10,32.265072
2024-05-10 11:07:11,1.093616
2024-05-10 11:07:12,0.002664
2024-05-10 11:07:13,9.902424
2024-05-10 11:07:14,15.838848
2024-05-10 11:07:15,16.799376
2024-05-10 11:07:16,16.081536
2024-05-10 11:07:17,16.254848
2024-05-10 11:07:18,17.864616
2024-05-10 11:07:19,11.804752
2024-05-10 11:07:20,16.82984
2024-05-10 11:07:21,17.996584
2024-05-10 11:07:22,18.658168
2024-05-10 11:07:23,21.54392
2024-05-10 11:07:24,33.789776
2024-05-10 11:07:25,38.394056
2024-05-10 11:07:26,38.239888
2024-05-10 11:07:27,2.755336
2024-05-10 11:07:28,5.46788
2024-05-10 11:07:29,34.765136
2024-05-10 11:07:30,17.926544
2024-05-10 11:07:31,6.166048
2024-05-10 11:07:32,26.30676
2024-05-10 11:07:33,33.526632
2024-05-10 11:07:34,18.730056
2024-05-10 11:07:36,6.859288
2024-05-10 11:07:37,42.240712
2024-05-10 11:07:38,39.398368
2024-05-10 11:07:39,14.260536
2024-05-10 11:07:41,22.526664
2024-05-10 11:07:42,39.511216
2024-05-10 11:07:43,29.395352
2024-05-10 11:07:46,3.787112
2024-05-10 11:07:47,34.751744
2024-05-10 11:07:48,37.182672
2024-05-10 11:07:49,27.206816
2024-05-10 11:07:50,0.133856
2024-05-10 11:07:51,21.882312
2024-05-10 11:07:52,38.928272
2024-05-10 11:07:53,34.811392
2024-05-10 11:07:54,6.731456
2024-05-10 11:07:56,0.012056
2024-05-10 11:07:57,41.26968
2024-05-10 11:07:58,41.00072
2024-05-10 11:07:59,20.491048
2024-05-10 11:08:02,14.47088
2024-05-10 11:08:03,43.052696
2024-05-10 11:08:04,15.279616
2024-05-10 11:08:07,30.546024
2024-05-10 11:08:08,41.77808
2024-05-10 11:08:09,30.440672
2024-05-10 11:08:10,0.000744
2024-05-10 11:08:12,4.2962
2024-05-10 11:08:13,37.60328
2024-05-10 11:08:14,42.828784
2024-05-10 11:08:15,18.036304
2024-05-10 11:08:18,27.480424
2024-05-10 11:08:19,67.201824
2024-05-10 11:08:20,2.126256
2024-05-10 11:08:22,8.681872
2024-05-10 11:08:23,61.043624
2024-05-10 11:08:24,33.18376
2024-05-10 11:08:27,0.034768
2024-05-10 11:08:28,36.12992
2024-05-10 11:08:29,62.794424
2024-05-10 11:08:31,0.000784
2024-05-10 11:08:33,0.00216
2024-05-10 11:08:34,51.49888
2024-05-10 11:08:35,51.369656
2024-05-10 11:08:38,0.000784
2024-05-10 11:08:40,16.955968
2024-05-10 11:08:41,85.263392
2024-05-10 11:08:43,0.001184
2024-05-10 11:08:47,19.046344
2024-05-10 11:08:48,52.404264
2024-05-10 11:08:49,0.002432
2024-05-10 11:08:50,34.74896
2024-05-10 11:08:51,68.022224
2024-05-10 11:08:54,0.001376
2024-05-10 11:08:56,11.550096
2024-05-10 11:08:57,81.022416
2024-05-10 11:08:58,10.069632
2024-05-10 11:09:00,0.002664
2024-05-10 11:09:02,62.947728
2024-05-10 11:09:03,38.320256
2024-05-10 11:09:07,2.018528
2024-05-10 11:09:08,52.75972
2024-05-10 11:09:09,47.39008
2024-05-10 11:09:10,0.001808
2024-05-10 11:09:11,0.000904
2024-05-10 11:09:12,67.659528
2024-05-10 11:09:13,34.485416
2024-05-10 11:09:14,0.001376
2024-05-10 11:09:17,6.632864
2024-05-10 11:09:18,57.292256
2024-05-10 11:09:19,38.274176
2024-05-10 11:09:23,23.592328
2024-05-10 11:09:24,77.822184
2024-05-10 11:09:25,0.527152
2024-05-10 11:09:29,30.999248
2024-05-10 11:09:30,70.990784
2024-05-10 11:09:34,8.39792
2024-05-10 11:09:35,69.712944
2024-05-10 11:09:38,75.26048
2024-05-10 11:09:39,27.506432
2024-05-10 11:09:41,0.001288
2024-05-10 11:09:43,15.401832
2024-05-10 11:09:44,76.915792
2024-05-10 11:09:45,9.692216
2024-05-10 11:09:47,0.02996
2024-05-10 11:09:48,0.00192
2024-05-10 11:09:49,59.81952
2024-05-10 11:09:50,42.329472
2024-05-10 11:09:51,0.001808
2024-05-10 11:09:52,0.000904
2024-05-10 11:09:54,2.17224
2024-05-10 11:09:55,79.69312
2024-05-10 11:09:56,5.694016
2024-05-10 11:09:57,0.000904
2024-05-10 11:09:59,37.881032
2024-05-10 11:10:00,57.137064
2024-05-10 11:10:01,6.868048
2024-05-10 11:10:03,0.012056
2024-05-10 11:10:04,73.125224
2024-05-10 11:10:05,29.878568
2024-05-10 11:10:09,24.190208
2024-05-10 11:10:10,54.741448
2024-05-10 11:10:11,22.33836
2024-05-10 11:10:13,0.105128
2024-05-10 11:10:15,42.193048
2024-05-10 11:10:16,60.421368
2024-05-10 11:10:17,0.240568
2024-05-10 11:10:20,26.084232
2024-05-10 11:10:21,75.197536
2024-05-10 11:10:22,1.066704
2024-05-10 11:10:25,71.143128
2024-05-10 11:10:26,30.124808
2024-05-10 11:10:27,0.029352
2024-05-10 11:10:28,0.000592
2024-05-10 11:10:30,8.47432
2024-05-10 11:10:31,67.341136
2024-05-10 11:10:35,58.877664
2024-05-10 11:10:36,44.082224
2024-05-10 11:10:40,24.070328
2024-05-10 11:10:41,78.136464
2024-05-10 11:10:42,0.004392
2024-05-10 11:10:46,29.898688
2024-05-10 11:10:47,71.372728
2024-05-10 11:10:48,0.002664
2024-05-10 11:10:49,0.000904
2024-05-10 11:10:52,54.5326
2024-05-10 11:10:53,25.65972
2024-05-10 11:10:54,0.001376
2024-05-10 11:10:56,27.041536
2024-05-10 11:10:57,35.02316
2024-05-10 11:10:59,0.01592
2024-05-10 11:11:00,61.88956
2024-05-10 11:11:03,39.189056
2024-05-10 11:11:04,62.87832
2024-05-10 11:11:06,0.001184
2024-05-10 11:11:07,0.029944
2024-05-10 11:11:08,0.012056
2024-05-10 11:11:09,67.003936
2024-05-10 11:11:10,34.8224
2024-05-10 11:11:13,21.703896
2024-05-10 11:11:14,39.584192
2024-05-10 11:11:15,23.314824
2024-05-10 11:11:16,17.887976
2024-05-10 11:11:19,26.119864
2024-05-10 11:11:20,69.701088
2024-05-10 11:11:21,6.109744
2024-05-10 11:11:24,8.486584
2024-05-10 11:11:25,61.673008
2024-05-10 11:11:26,0.000744
2024-05-10 11:11:27,0.01324
2024-05-10 11:11:28,71.231688
2024-05-10 11:11:29,23.896208
2024-05-10 11:11:33,11.640032
2024-05-10 11:11:34,83.945032
2024-05-10 11:11:35,0.727832
2024-05-10 11:11:38,61.624992
2024-05-10 11:11:39,35.623488
2024-05-10 11:11:43,13.387504
2024-05-10 11:11:44,80.637576
2024-05-10 11:11:45,4.22104
2024-05-10 11:11:47,0.03052
2024-05-10 11:11:48,53.32048
2024-05-10 11:11:49,45.434736
2024-05-10 11:11:53,3.721264
2024-05-10 11:11:54,65.597248
2024-05-10 11:11:55,33.391416
2024-05-10 11:11:59,18.712
2024-05-10 11:12:00,44.10264
2024-05-10 11:12:02,11.224808
2024-05-10 11:12:03,84.24916
2024-05-10 11:12:04,6.567864
2024-05-10 11:12:07,43.905696
2024-05-10 11:12:08,37.80032
2024-05-10 11:12:11,1.995344
2024-05-10 11:12:12,47.197936
2024-05-10 11:12:13,48.292288
2024-05-10 11:12:17,48.354848
2024-05-10 11:12:18,49.032744
2024-05-10 11:12:21,4.374128
2024-05-10 11:12:22,79.529848
2024-05-10 11:12:23,17.359024
2024-05-10 11:12:27,29.346056
2024-05-10 11:12:28,50.416256
2024-05-10 11:12:31,0.012056
2024-05-10 11:12:32,72.318832
2024-05-10 11:12:33,29.679632
2024-05-10 11:12:36,0.002664
2024-05-10 11:12:37,32.245736
2024-05-10 11:12:38,68.647176
2024-05-10 11:12:43,55.413352
2024-05-10 11:12:44,45.841584
2024-05-10 11:12:47,5.493592
2024-05-10 11:12:48,71.992568
2024-05-10 11:12:49,12.877576
2024-05-10 11:12:53,38.1684
2024-05-10 11:12:54,33.116368
2024-05-10 11:12:56,10.8474
2024-05-10 11:12:57,72.581416
2024-05-10 11:12:58,19.718608
2024-05-10 11:13:02,28.197192
2024-05-10 11:13:03,58.019192
2024-05-10 11:13:04,15.071216
2024-05-10 11:13:07,0.046864
2024-05-10 11:13:08,73.38428
2024-05-10 11:13:09,28.5394
2024-05-10 11:13:10,0.005376
2024-05-10 11:13:13,12.717008
2024-05-10 11:13:14,83.499168
2024-05-10 11:13:15,6.283488
2024-05-10 11:13:17,0.012088
2024-05-10 11:13:18,60.968528
2024-05-10 11:13:19,41.239888
2024-05-10 11:13:21,0.08064
2024-05-10 11:13:24,0.013544
2024-05-10 11:13:25,71.279672
2024-05-10 11:13:26,30.653184
2024-05-10 11:13:28,0.060592
2024-05-10 11:13:29,0.002752
2024-05-10 11:13:30,17.320424
2024-05-10 11:13:31,78.405536
2024-05-10 11:13:32,7.159456
2024-05-10 11:13:35,0.012088
2024-05-10 11:13:36,51.027416
2024-05-10 11:13:37,14.465448
2024-05-10 11:13:39,49.60664
2024-05-10 11:13:40,33.961104
2024-05-10 11:13:46,56.128432
2024-05-10 11:13:47,25.693088
2024-05-10 11:13:50,0.001184
2024-05-10 11:13:51,23.323624
2024-05-10 11:13:52,78.842632
2024-05-10 11:13:53,0.000744
2024-05-10 11:13:57,31.467336
2024-05-10 11:13:58,52.491208
2024-05-10 11:13:59,18.337424
2024-05-10 11:14:02,3.732304
2024-05-10 11:14:03,58.069752
2024-05-10 11:14:06,58.473664
2024-05-10 11:14:07,43.37288
2024-05-10 11:14:10,0.014848
2024-05-10 11:14:11,71.761344
2024-05-10 11:14:12,31.10704
2024-05-10 11:14:16,38.374304
2024-05-10 11:14:17,62.904976
2024-05-10 11:14:21,0.01208
2024-05-10 11:14:22,70.515824
2024-05-10 11:14:23,32.19524
2024-05-10 11:14:24,0.002664
2024-05-10 11:14:26,24.338224
2024-05-10 11:14:27,55.389904
2024-05-10 11:14:28,0.000592
2024-05-10 11:14:30,7.32484
2024-05-10 11:14:31,37.890136
2024-05-10 11:14:32,39.681456
2024-05-10 11:14:35,35.335248
2024-05-10 11:14:36,66.71216
2024-05-10 11:14:37,0.091648
2024-05-10 11:14:40,3.216168
2024-05-10 11:14:41,75.265752
2024-05-10 11:14:42,24.443936
2024-05-10 11:14:46,8.625464
2024-05-10 11:14:47,64.295144
2024-05-10 11:14:50,71.794824
2024-05-10 11:14:51,30.138968
2024-05-10 11:14:55,3.387216
2024-05-10 11:14:56,82.38728
2024-05-10 11:14:57,17.007584
2024-05-10 11:15:00,55.252736
2024-05-10 11:15:01,35.357176
2024-05-10 11:15:05,2.256128
2024-05-10 11:15:06,63.17884
2024-05-10 11:15:07,0.029368
2024-05-10 11:15:08,0.000592
2024-05-10 11:15:09,65.11876
2024-05-10 11:15:10,33.582432
2024-05-10 11:15:12,0.001184
2024-05-10 11:15:13,30.962512
2024-05-10 11:15:14,71.139976
2024-05-10 11:15:19,25.816368
2024-05-10 11:15:20,64.674824
2024-05-10 11:15:21,5.273024
2024-05-10 11:15:24,6.819488
2024-05-10 11:15:25,86.50648
2024-05-10 11:15:26,9.786584
2024-05-10 11:15:30,14.527416
2024-05-10 11:15:31,64.45548
2024-05-10 11:15:32,22.2944
2024-05-10 11:15:34,0.012104
2024-05-10 11:15:35,75.422128
2024-05-10 11:15:36,26.511456
2024-05-10 11:15:40,13.179088
2024-05-10 11:15:41,56.379064
2024-05-10 11:15:42,5.431568
2024-05-10 11:15:45,66.106232
2024-05-10 11:15:47,0.029984
2024-05-10 11:15:48,28.121016
2024-05-10 11:15:49,58.080008
2024-05-10 11:15:50,8.23148
2024-05-10 11:15:52,0.960128
2024-05-10 11:15:53,74.943936
2024-05-10 11:15:54,26.319968
2024-05-10 11:15:58,34.097896
2024-05-10 11:15:59,52.112816
2024-05-10 11:16:03,54.843936
2024-05-10 11:16:04,35.092376
2024-05-10 11:16:07,17.506776
2024-05-10 11:16:08,69.40132
2024-05-10 11:16:09,1.13016
2024-05-10 11:16:12,0.002664
2024-05-10 11:16:13,42.924608
2024-05-10 11:16:14,56.195552
2024-05-10 11:16:17,24.8224
2024-05-10 11:16:18,76.426168
2024-05-10 11:16:19,1.557664
2024-05-10 11:16:23,40.320016
2024-05-10 11:16:24,61.816752
2024-05-10 11:16:27,0.034792
2024-05-10 11:16:28,2.507512
2024-05-10 11:16:29,84.344624
2024-05-10 11:16:30,15.275016
2024-05-10 11:16:34,19.929536
2024-05-10 11:16:35,79.077296
2024-05-10 11:16:36,2.934552
2024-05-10 11:16:39,76.02444
2024-05-10 11:16:40,26.90264
2024-05-10 11:16:44,20.14552
2024-05-10 11:16:45,81.130248
2024-05-10 11:16:46,1.30604
2024-05-10 11:16:50,53.45248
2024-05-10 11:16:51,47.814472
2024-05-10 11:16:52,0.027384
2024-05-10 11:16:54,0.001184
2024-05-10 11:16:55,2.675408
2024-05-10 11:16:56,66.11396
2024-05-10 11:16:57,33.115544
2024-05-10 11:17:00,47.666712
2024-05-10 11:17:01,55.28212
2024-05-10 11:17:05,0.012088
2024-05-10 11:17:06,80.173624
2024-05-10 11:17:07,21.109144
2024-05-10 11:17:08,0.000592
2024-05-10 11:17:09,0.080056
2024-05-10 11:17:10,0.012088
2024-05-10 11:17:11,59.612808
2024-05-10 11:17:12,43.298824
2024-05-10 11:17:15,0.001184
2024-05-10 11:17:17,51.60464
2024-05-10 11:17:18,50.88576
2024-05-10 11:17:21,20.425688
2024-05-10 11:17:22,51.357056
2024-05-10 11:17:26,65.552448
2024-05-10 11:17:27,36.6138
2024-05-10 11:17:30,0.012088
2024-05-10 11:17:31,75.7138
2024-05-10 11:17:32,26.585904
2024-05-10 11:17:35,0.001184
2024-05-10 11:17:36,34.652936
2024-05-10 11:17:37,67.825744
2024-05-10 11:17:41,3.1278
2024-05-10 11:17:42,80.969584
2024-05-10 11:17:43,17.170392
2024-05-10 11:17:47,23.400576
2024-05-10 11:17:48,78.061432
2024-05-10 11:17:49,1.518496
2024-05-10 11:17:53,63.364336
2024-05-10 11:17:54,3.694664
2024-05-10 11:17:56,18.373952
2024-05-10 11:17:57,82.909328
2024-05-10 11:17:58,0.93096
2024-05-10 11:18:00,0.002664
2024-05-10 11:18:02,48.672856
2024-05-10 11:18:03,48.54804
2024-05-10 11:18:06,9.509592
2024-05-10 11:18:07,38.587056
2024-05-10 11:18:08,39.402008
2024-05-10 11:18:09,0.113232
2024-05-10 11:18:11,78.26936
2024-05-10 11:18:12,23.339848
2024-05-10 11:18:13,0.001376
2024-05-10 11:18:16,0.001184
2024-05-10 11:18:18,0.013656
2024-05-10 11:18:19,78.797872
2024-05-10 11:18:20,21.488192
2024-05-10 11:18:25,15.351992
2024-05-10 11:18:26,77.335208
2024-05-10 11:18:27,3.209112
2024-05-10 11:18:28,0.061192
2024-05-10 11:18:31,60.073976
2024-05-10 11:18:32,8.985416
2024-05-10 11:18:33,0.001376
2024-05-10 11:18:35,2.355176
2024-05-10 11:18:36,78.874168
2024-05-10 11:18:40,42.616512
2024-05-10 11:18:41,59.23784
2024-05-10 11:18:45,1.578568
2024-05-10 11:18:46,86.646216
2024-05-10 11:18:47,5.329672
2024-05-10 11:18:50,29.960624
2024-05-10 11:18:51,71.304264
2024-05-10 11:18:56,57.816616
2024-05-10 11:18:57,45.252624
2024-05-10 11:19:00,30.027424
2024-05-10 11:19:01,67.31388
2024-05-10 11:19:02,3.927608
2024-05-10 11:19:06,32.0584
2024-05-10 11:19:07,56.223888
2024-05-10 11:19:10,8.987032
2024-05-10 11:19:11,70.813112
2024-05-10 11:19:12,18.608096
2024-05-10 11:19:16,46.70788
2024-05-10 11:19:17,32.194264
2024-05-10 11:19:18,0.001184
2024-05-10 11:19:20,17.245872
2024-05-10 11:19:21,67.954088
2024-05-10 11:19:22,17.496568
2024-05-10 11:19:24,0.005376
2024-05-10 11:19:26,37.83496
2024-05-10 11:19:27,64.208672
2024-05-10 11:19:29,0.001376
2024-05-10 11:19:31,27.604792
2024-05-10 11:19:32,35.471192
2024-05-10 11:19:33,0.667872
2024-05-10 11:19:36,38.631928
2024-05-10 11:19:37,24.321776
2024-05-10 11:19:38,0.001184
2024-05-10 11:19:40,2.610008
2024-05-10 11:19:41,76.367816
2024-05-10 11:19:42,11.334848
2024-05-10 11:19:47,22.457256
2024-05-10 11:19:48,72.708072
2024-05-10 11:19:49,7.020488
2024-05-10 11:19:53,45.282664
2024-05-10 11:19:54,57.070176
2024-05-10 11:19:58,4.11712
2024-05-10 11:19:59,81.040576
2024-05-10 11:20:00,16.103704
2024-05-10 11:20:03,48.047504
2024-05-10 11:20:04,22.637928
2024-05-10 11:20:07,9.23408
2024-05-10 11:20:08,74.14648
2024-05-10 11:20:09,18.60632
2024-05-10 11:20:13,18.329904
2024-05-10 11:20:14,62.442136
2024-05-10 11:20:15,6.736264
2024-05-10 11:20:17,2.25924
2024-05-10 11:20:18,53.079632
2024-05-10 11:20:19,19.102928
2024-05-10 11:20:21,55.854144
2024-05-10 11:20:22,46.854032
2024-05-10 11:20:26,0.092144
2024-05-10 11:20:27,62.899192
2024-05-10 11:20:28,39.537416
2024-05-10 11:20:32,16.226976
2024-05-10 11:20:33,78.432872
2024-05-10 11:20:34,6.602064
2024-05-10 11:20:38,47.020208
2024-05-10 11:20:39,53.4544
2024-05-10 11:20:40,0.0006
2024-05-10 11:20:41,0.000688
2024-05-10 11:20:43,0.01208
2024-05-10 11:20:44,77.022928
2024-05-10 11:20:45,25.968024
2024-05-10 11:20:48,49.715976
2024-05-10 11:20:49,26.611752
2024-05-10 11:20:52,16.886488
2024-05-10 11:20:53,75.177184
2024-05-10 11:20:54,9.96112
2024-05-10 11:20:58,35.819776
2024-05-10 11:20:59,66.4716
2024-05-10 11:21:00,0.077688
2024-05-10 11:21:01,0.00296
2024-05-10 11:21:03,0.01208
2024-05-10 11:21:04,64.446272
2024-05-10 11:21:05,36.820936
2024-05-10 11:21:07,0.02328
2024-05-10 11:21:08,32.314728
2024-05-10 11:21:09,38.971416
2024-05-10 11:21:12,0.012088
2024-05-10 11:21:13,59.265064
2024-05-10 11:21:14,42.02328
2024-05-10 11:21:17,33.089976
2024-05-10 11:21:18,66.762152
2024-05-10 11:21:19,1.99392
2024-05-10 11:21:20,0.001184
2024-05-10 11:21:23,55.555568
2024-05-10 11:21:24,47.060312
2024-05-10 11:21:28,19.914048
2024-05-10 11:21:29,79.8212
2024-05-10 11:21:30,2.419424
2024-05-10 11:21:34,36.916704
2024-05-10 11:21:35,59.074112
2024-05-10 11:21:36,6.028304
2024-05-10 11:21:39,2.076848
2024-05-10 11:21:40,81.491216
2024-05-10 11:21:41,18.218304
2024-05-10 11:21:45,23.376488
2024-05-10 11:21:46,72.244208
2024-05-10 11:21:47,1.639648
2024-05-10 11:21:48,0.000592
2024-05-10 11:21:50,0.076504
2024-05-10 11:21:51,64.257328
2024-05-10 11:21:52,37.961936
2024-05-10 11:21:56,2.174952
2024-05-10 11:21:57,71.753592
2024-05-10 11:21:58,28.63884
2024-05-10 11:22:01,0.001184
2024-05-10 11:22:02,36.09844
2024-05-10 11:22:03,65.150184
2024-05-10 11:22:09,65.914312
2024-05-10 11:22:10,37.069984
2024-05-10 11:22:14,5.58404
2024-05-10 11:22:15,74.427232
2024-05-10 11:22:16,21.271024
2024-05-10 11:22:20,56.197096
2024-05-10 11:22:21,46.655888
2024-05-10 11:22:22,0.001184
2024-05-10 11:22:25,1.061584
2024-05-10 11:22:26,74.543144
2024-05-10 11:22:27,26.91232
2024-05-10 11:22:28,0.000592
2024-05-10 11:22:31,39.561928
2024-05-10 11:22:32,28.554944
2024-05-10 11:22:34,3.104712
2024-05-10 11:22:35,78.916136
2024-05-10 11:22:36,19.882896
2024-05-10 11:22:40,20.472576
2024-05-10 11:22:41,47.011576
2024-05-10 11:22:42,30.287144
2024-05-10 11:22:44,0.012088
2024-05-10 11:22:45,84.027832
2024-05-10 11:22:46,18.882352
2024-05-10 11:22:49,0.001712
2024-05-10 11:22:50,10.339504
2024-05-10 11:22:51,81.92076
2024-05-10 11:22:52,9.022832
2024-05-10 11:22:56,36.705288
2024-05-10 11:22:57,66.149256
2024-05-10 11:23:01,56.063712
2024-05-10 11:23:02,8.233952
2024-05-10 11:23:03,0.001184
2024-05-10 11:23:05,56.328912
2024-05-10 11:23:06,19.638384
2024-05-10 11:23:07,0.029416
2024-05-10 11:23:08,0.000592
2024-05-10 11:23:11,33.125792
2024-05-10 11:23:12,69.870816
2024-05-10 11:23:13,0.000784
2024-05-10 11:23:19,2.127104
2024-05-10 11:23:20,76.34
2024-05-10 11:23:21,20.378896
2024-05-10 11:23:23,0.001184
2024-05-10 11:23:24,0.002664
2024-05-10 11:23:26,15.159136
2024-05-10 11:23:27,86.082496
2024-05-10 11:23:28,1.116856
2024-05-10 11:23:31,51.673728
2024-05-10 11:23:32,40.773544
2024-05-10 11:23:33,0.001376
2024-05-10 11:23:36,16.066936
2024-05-10 11:23:37,85.223144
2024-05-10 11:23:38,1.904472
2024-05-10 11:23:42,40.662512
2024-05-10 11:23:43,60.127112
2024-05-10 11:23:44,0.001184
2024-05-10 11:23:47,1.553088
2024-05-10 11:23:48,78.778224
2024-05-10 11:23:49,21.68748
2024-05-10 11:23:52,49.531456
2024-05-10 11:23:53,52.46336
2024-05-10 11:23:56,0.080648
2024-05-10 11:23:57,0.012088
2024-05-10 11:23:58,65.489264
2024-05-10 11:23:59,37.199024
2024-05-10 11:24:03,18.110408
2024-05-10 11:24:04,69.19532
2024-05-10 11:24:05,15.028712
2024-05-10 11:24:09,45.521736
2024-05-10 11:24:10,45.784392
2024-05-10 11:24:13,11.115968
2024-05-10 11:24:14,65.596216
2024-05-10 11:24:15,6.237496
2024-05-10 11:24:21,30.30876
2024-05-10 11:24:22,70.969968
2024-05-10 11:24:23,0.861664
2024-05-10 11:24:25,0.001184
2024-05-10 11:24:27,43.193824
2024-05-10 11:24:28,30.723552
2024-05-10 11:24:30,15.656656
2024-05-10 11:24:31,76.42496
2024-05-10 11:24:32,10.613552
2024-05-10 11:24:36,50.985104
2024-05-10 11:24:37,50.325496
2024-05-10 11:24:41,44.703288
2024-05-10 11:24:42,57.99008
2024-05-10 11:24:44,0.080056
2024-05-10 11:24:45,0.001184
2024-05-10 11:24:46,39.220024
2024-05-10 11:24:47,63.428432
2024-05-10 11:24:51,0.476528
2024-05-10 11:24:52,77.995888
2024-05-10 11:24:53,22.800112
2024-05-10 11:24:57,16.364904
2024-05-10 11:24:58,72.908424
2024-05-10 11:24:59,13.042112
2024-05-10 11:25:03,61.881832
2024-05-10 11:25:04,39.39052
2024-05-10 11:25:06,0.001184
2024-05-10 11:25:07,0.029424
2024-05-10 11:25:08,3.097624
2024-05-10 11:25:09,60.651064
2024-05-10 11:25:12,60.982352
2024-05-10 11:25:13,25.83636
2024-05-10 11:25:14,0.002664
2024-05-10 11:25:17,3.418128
2024-05-10 11:25:18,82.905504
2024-05-10 11:25:19,16.541496
2024-05-10 11:25:23,32.575256
2024-05-10 11:25:24,68.68684
2024-05-10 11:25:26,0.001184
2024-05-10 11:25:28,0.092736
2024-05-10 11:25:29,77.713136
2024-05-10 11:25:30,24.707288
2024-05-10 11:25:33,31.651096
2024-05-10 11:25:34,42.95456
2024-05-10 11:25:35,0.005304
2024-05-10 11:25:37,0.012088
2024-05-10 11:25:38,64.148624
2024-05-10 11:25:39,25.452872
2024-05-10 11:25:44,11.51644
2024-05-10 11:25:45,71.36348
2024-05-10 11:25:46,0.58248
2024-05-10 11:25:47,0.030608
2024-05-10 11:25:48,0.000592
2024-05-10 11:25:51,27.946696
2024-05-10 11:25:52,35.171576
2024-05-10 11:25:57,66.324184
2024-05-10 11:25:58,36.093328
2024-05-10 11:26:02,16.612
2024-05-10 11:26:03,74.640408
2024-05-10 11:26:04,11.716496
2024-05-10 11:26:07,0.001184
2024-05-10 11:26:10,27.5162
2024-05-10 11:26:11,65.03344
2024-05-10 11:26:15,64.293256
2024-05-10 11:26:16,38.3822
2024-05-10 11:26:20,21.022192
2024-05-10 11:26:21,65.011272
2024-05-10 11:26:25,17.263416
2024-05-10 11:26:26,55.80644
2024-05-10 11:26:27,0.030752
2024-05-10 11:26:28,0.001184
2024-05-10 11:26:31,1.677192
2024-05-10 11:26:32,76.322104
2024-05-10 11:26:33,24.155328
2024-05-10 11:26:37,34.5238
2024-05-10 11:26:38,67.887096
2024-05-10 11:26:43,51.91204
2024-05-10 11:26:44,32.511064
2024-05-10 11:26:47,2.47804
2024-05-10 11:26:48,79.306848
2024-05-10 11:26:49,21.105592
2024-05-10 11:26:50,0.005376
2024-05-10 11:26:53,0.029664
2024-05-10 11:26:54,58.172848
2024-05-10 11:26:55,25.447088
2024-05-10 11:26:58,14.29572
2024-05-10 11:26:59,77.373168
2024-05-10 11:27:00,10.978232
2024-05-10 11:27:04,43.037312
2024-05-10 11:27:05,25.77528
2024-05-10 11:27:07,22.809
2024-05-10 11:27:08,66.804928
2024-05-10 11:27:09,9.350376
2024-05-10 11:27:13,40.167136
2024-05-10 11:27:14,36.135504
2024-05-10 11:27:18,6.0792
2024-05-10 11:27:19,49.55384
2024-05-10 11:27:20,46.707728
2024-05-10 11:27:25,28.756288
2024-05-10 11:27:26,39.76564
2024-05-10 11:27:28,0.01208
2024-05-10 11:27:29,66.322088
2024-05-10 11:27:32,31.413248
2024-05-10 11:27:33,65.67344
2024-05-10 11:27:34,5.408992
2024-05-10 11:27:37,0.012088
2024-05-10 11:27:38,69.412664
2024-05-10 11:27:39,31.824352
2024-05-10 11:27:43,3.344168
2024-05-10 11:27:44,45.919208
2024-05-10 11:27:45,53.655608
2024-05-10 11:27:47,0.029304
2024-05-10 11:27:48,0.002336
2024-05-10 11:27:49,54.25312
2024-05-10 11:27:50,47.025432
2024-05-10 11:27:53,23.547816
2024-05-10 11:27:54,58.012336
2024-05-10 11:27:55,21.327504
2024-05-10 11:27:59,30.750944
2024-05-10 11:28:00,71.612216
2024-05-10 11:28:01,0.000744
2024-05-10 11:28:04,2.533136
2024-05-10 11:28:05,73.624592
2024-05-10 11:28:06,5.218136
2024-05-10 11:28:09,45.936984
2024-05-10 11:28:10,56.070648
2024-05-10 11:28:15,50.30972
2024-05-10 11:28:16,52.834464
2024-05-10 11:28:27,22.821032
2024-05-10 11:28:28,69.83676
2024-05-10 11:28:29,0.000744
2024-05-10 11:28:31,30.681784
2024-05-10 11:28:32,32.710408
2024-05-10 11:28:33,0.001376
2024-05-10 11:28:35,49.528448
2024-05-10 11:28:36,53.426808
2024-05-10 11:28:40,1.99444
2024-05-10 11:28:41,67.158688
2024-05-10 11:28:42,17.205792
2024-05-10 11:28:45,44.078712
2024-05-10 11:28:46,53.747576
2024-05-10 11:28:48,0.002664
2024-05-10 11:28:49,1.821904
2024-05-10 11:28:50,86.703856
2024-05-10 11:28:51,13.491104
2024-05-10 11:28:55,33.401768
2024-05-10 11:28:56,40.749896
2024-05-10 11:28:59,0.01208
2024-05-10 11:29:00,77.182224
2024-05-10 11:29:01,24.763048
2024-05-10 11:29:05,12.534824
2024-05-10 11:29:06,69.904736
2024-05-10 11:29:07,0.030008
2024-05-10 11:29:10,59.118896
2024-05-10 11:29:11,40.169856
2024-05-10 11:29:12,0.001184
2024-05-10 11:29:14,18.897408
2024-05-10 11:29:15,82.372304
2024-05-10 11:29:20,36.86548
2024-05-10 11:29:21,64.9732
2024-05-10 11:29:22,1.034904
2024-05-10 11:29:25,2.087024
2024-05-10 11:29:26,60.989192
2024-05-10 11:29:29,43.897672
2024-05-10 11:29:30,58.063992
2024-05-10 11:29:32,0.001184
2024-05-10 11:29:34,5.856832
2024-05-10 11:29:35,57.91844
2024-05-10 11:29:38,37.540664
2024-05-10 11:29:39,44.56152
2024-05-10 11:29:40,7.662888
2024-05-10 11:29:42,10.025448
2024-05-10 11:29:43,66.046048
2024-05-10 11:29:44,25.80824
2024-05-10 11:29:47,0.029424
2024-05-10 11:29:48,48.214992
2024-05-10 11:29:49,39.042072
2024-05-10 11:29:52,5.685448
2024-05-10 11:29:53,43.818712
2024-05-10 11:29:54,52.54992
2024-05-10 11:29:58,21.539872
2024-05-10 11:29:59,69.172864
2024-05-10 11:30:00,11.354048
2024-05-10 11:30:02,2.466832
2024-05-10 11:30:03,76.89612
2024-05-10 11:30:04,22.658144
2024-05-10 11:30:08,18.826408
2024-05-10 11:30:09,79.18744
2024-05-10 11:30:10,4.070808
2024-05-10 11:30:13,0.001184
2024-05-10 11:30:14,54.965472
2024-05-10 11:30:15,46.977824
2024-05-10 11:30:19,11.665528
2024-05-10 11:30:20,70.318784
2024-05-10 11:30:23,64.256192
2024-05-10 11:30:24,39.181064
2024-05-10 11:30:27,0.029432
2024-05-10 11:30:28,0.000592
2024-05-10 11:30:33,0.001184
2024-05-10 11:30:35,18.798752
2024-05-10 11:30:36,56.60788
2024-05-10 11:30:38,5.530016
2024-05-10 11:30:39,71.945704
2024-05-10 11:30:40,0.038928
2024-05-10 11:30:43,49.382568
2024-05-10 11:30:44,53.227752
2024-05-10 11:30:48,0.01208
2024-05-10 11:30:49,61.044744
2024-05-10 11:30:50,40.22296
2024-05-10 11:30:53,30.315576
2024-05-10 11:30:54,56.872736
2024-05-10 11:30:55,12.075032
2024-05-10 11:30:59,69.535648
2024-05-10 11:31:00,31.738544
2024-05-10 11:31:04,13.670768
2024-05-10 11:31:05,68.723624
2024-05-10 11:31:06,20.453736
2024-05-10 11:31:07,0.029432
2024-05-10 11:31:08,0.000592
2024-05-10 11:31:09,55.545928
2024-05-10 11:31:10,46.783032
2024-05-10 11:31:11,0.00832
2024-05-10 11:31:12,0.00416
2024-05-10 11:31:14,0.005344
2024-05-10 11:31:15,0.155984
2024-05-10 11:31:16,57.95372
2024-05-10 11:31:17,30.244144
2024-05-10 11:31:18,0.093592
2024-05-10 11:31:21,13.083448
2024-05-10 11:31:22,59.51864
2024-05-10 11:31:23,0.000736
2024-05-10 11:31:29,42.84904
2024-05-10 11:31:30,42.53828
2024-05-10 11:31:33,0.01608
2024-05-10 11:31:34,68.236528
2024-05-10 11:31:35,33.628568
2024-05-10 11:31:39,14.34212
2024-05-10 11:31:40,60.25952
2024-05-10 11:31:42,0.148312
2024-05-10 11:31:43,0.937992
2024-05-10 11:31:44,70.586296
2024-05-10 11:31:45,31.647512
2024-05-10 11:31:46,0.008536
2024-05-10 11:31:47,0.0308
2024-05-10 11:31:48,0.000592
2024-05-10 11:31:49,4.421552
2024-05-10 11:31:50,82.85948
2024-05-10 11:31:51,5.978064
2024-05-10 11:31:54,29.6968
2024-05-10 11:31:55,58.278296
2024-05-10 11:31:56,13.968008
2024-05-10 11:31:59,8.07172
2024-05-10 11:32:00,66.712664
2024-05-10 11:32:01,0.568904
2024-05-10 11:32:04,33.110528
2024-05-10 11:32:05,57.025504
2024-05-10 11:32:06,5.132016
2024-05-10 11:32:09,2.677928
2024-05-10 11:32:10,73.706576
2024-05-10 11:32:11,25.904968
2024-05-10 11:32:15,31.411224
2024-05-10 11:32:16,68.232856
2024-05-10 11:32:19,0.012072
2024-05-10 11:32:20,80.715784
2024-05-10 11:32:21,21.187176
2024-05-10 11:32:24,0.002664
2024-05-10 11:32:25,15.285656
2024-05-10 11:32:26,43.232912
2024-05-10 11:32:27,44.422696
2024-05-10 11:32:28,0.000592
2024-05-10 11:32:31,38.686992
2024-05-10 11:32:32,64.031512
2024-05-10 11:32:33,0.000744
2024-05-10 11:32:36,0.001184
2024-05-10 11:32:37,0.01208
2024-05-10 11:32:38,46.21096
2024-05-10 11:32:39,55.04996
2024-05-10 11:32:43,10.348544
2024-05-10 11:32:44,69.484936
2024-05-10 11:32:48,60.248616
2024-05-10 11:32:49,31.110232
2024-05-10 11:32:52,19.132376
2024-05-10 11:32:53,82.125504
2024-05-10 11:32:56,0.001288
2024-05-10 11:32:57,0.001184
2024-05-10 11:32:58,40.437568
2024-05-10 11:32:59,62.356648
2024-05-10 11:33:03,6.180696
2024-05-10 11:33:04,72.797776
2024-05-10 11:33:07,0.029424
2024-05-10 11:33:08,43.52536
2024-05-10 11:33:09,58.547896
2024-05-10 11:33:10,0.705984
2024-05-10 11:33:12,10.42204
2024-05-10 11:33:13,80.96488
2024-05-10 11:33:14,11.345096
2024-05-10 11:33:17,0.001184
2024-05-10 11:33:18,35.133104
2024-05-10 11:33:19,66.144256
2024-05-10 11:33:24,69.5294
2024-05-10 11:33:25,32.819288
2024-05-10 11:33:26,0.076208
2024-05-10 11:33:27,0.005304
2024-05-10 11:33:28,0.061952
2024-05-10 11:33:29,14.917488
2024-05-10 11:33:30,49.268544
2024-05-10 11:33:31,0.001376
2024-05-10 11:33:32,0.01016
2024-05-10 11:33:33,52.994968
2024-05-10 11:33:34,48.959576
2024-05-10 11:33:35,0.00084
2024-05-10 11:33:36,0.002464
2024-05-10 11:33:38,19.73252
2024-05-10 11:33:39,81.54512
2024-05-10 11:33:40,1.326968
2024-05-10 11:33:43,57.222192
2024-05-10 11:33:44,45.2702
2024-05-10 11:33:47,0.029424
2024-05-10 11:33:48,2.577888
2024-05-10 11:33:49,65.15816
2024-05-10 11:33:50,33.554912
2024-05-10 11:33:52,0.00084
2024-05-10 11:33:54,21.125448
2024-05-10 11:33:55,58.563032
2024-05-10 11:33:56,22.710096
2024-05-10 11:33:58,0.001184
2024-05-10 11:34:00,64.106608
2024-05-10 11:34:01,37.744128
2024-05-10 11:34:04,29.958584
2024-05-10 11:34:05,52.40088
2024-05-10 11:34:06,20.460808
2024-05-10 11:34:12,0.002664
2024-05-10 11:34:13,28.798376
2024-05-10 11:34:14,54.421568
2024-05-10 11:34:19,0.001184
2024-05-10 11:34:27,0.02328
2024-05-10 11:34:28,49.603208
2024-05-10 11:34:29,51.673192
2024-05-10 11:34:33,0.012104
2024-05-10 11:34:34,71.173768
2024-05-10 11:34:35,30.071008
2024-05-10 11:34:39,23.307488
2024-05-10 11:34:40,59.898744
2024-05-10 11:34:41,0.005376
2024-05-10 11:34:42,0.005376
2024-05-10 11:34:45,44.52048
2024-05-10 11:34:46,58.124744
2024-05-10 11:34:47,0.953144
2024-05-10 11:34:57,41.5928
2024-05-10 11:34:58,60.80552
2024-05-10 11:34:59,1.870032
2024-05-10 11:35:00,0.001184
2024-05-10 11:35:07,0.023272
2024-05-10 11:35:08,0.023344
2024-05-10 11:35:09,1.821832
2024-05-10 11:35:10,52.444176
2024-05-10 11:35:11,19.738904
2024-05-10 11:35:14,53.264192
2024-05-10 11:35:15,48.020368
2024-05-10 11:35:19,0.453328
2024-05-10 11:35:20,66.521368
2024-05-10 11:35:21,34.898288
2024-05-10 11:35:24,21.985976
2024-05-10 11:35:25,79.995992
2024-05-10 11:35:26,1.162712
2024-05-10 11:35:30,52.618856
2024-05-10 11:35:31,48.662872
2024-05-10 11:35:35,12.377256
2024-05-10 11:35:36,78.086712
2024-05-10 11:35:37,11.684312
2024-05-10 11:35:41,50.864048
2024-05-10 11:35:42,12.901248
2024-05-10 11:35:44,13.300544
2024-05-10 11:35:45,52.803848
2024-05-10 11:35:47,0.030008
2024-05-10 11:35:48,51.036928
2024-05-10 11:35:49,51.71448
2024-05-10 11:35:52,14.88596
2024-05-10 11:35:53,85.717024
2024-05-10 11:35:54,2.1222
2024-05-10 11:35:58,48.35812
2024-05-10 11:35:59,13.61176
2024-05-10 11:36:00,0.002664
2024-05-10 11:36:01,19.276664
2024-05-10 11:36:02,81.998952
2024-05-10 11:36:03,0.000784
2024-05-10 11:36:07,57.985824
2024-05-10 11:36:08,8.306344
2024-05-10 11:36:10,20.00448
2024-05-10 11:36:11,63.177616
2024-05-10 11:36:12,19.708032
2024-05-10 11:36:16,65.02264
2024-05-10 11:36:17,22.4946
2024-05-10 11:36:20,30.13832
2024-05-10 11:36:21,72.474392
2024-05-10 11:36:26,29.223272
2024-05-10 11:36:27,72.117136
2024-05-10 11:36:28,0.000592
2024-05-10 11:36:31,6.585064
2024-05-10 11:36:32,77.59136
2024-05-10 11:36:33,1.304688
2024-05-10 11:36:36,35.879672
2024-05-10 11:36:37,64.242544
2024-05-10 11:36:40,9.169216
2024-05-10 11:36:41,84.84652
2024-05-10 11:36:42,8.811936
2024-05-10 11:36:46,35.631376
2024-05-10 11:36:47,55.26872
2024-05-10 11:36:48,11.65464
2024-05-10 11:36:51,0.01208
2024-05-10 11:36:52,85.544128
2024-05-10 11:36:53,15.713472
2024-05-10 11:36:54,0.004728
2024-05-10 11:36:55,0.017656
2024-05-10 11:36:57,13.161008
2024-05-10 11:36:58,74.456912
2024-05-10 11:36:59,14.280088
2024-05-10 11:37:01,0.001288
2024-05-10 11:37:03,36.482872
2024-05-10 11:37:04,66.09896
2024-05-10 11:37:07,2.655848
2024-05-10 11:37:08,71.35048
2024-05-10 11:37:09,28.354896
2024-05-10 11:37:13,41.856768
2024-05-10 11:37:14,60.708992
2024-05-10 11:37:19,63.089752
2024-05-10 11:37:20,8.058152
2024-05-10 11:37:22,26.900504
2024-05-10 11:37:23,74.391992
2024-05-10 11:37:24,0.9244
2024-05-10 11:37:28,59.722472
2024-05-10 11:37:29,31.101672
2024-05-10 11:37:32,15.99952
2024-05-10 11:37:33,59.76492
2024-05-10 11:37:37,64.002056
2024-05-10 11:37:38,25.09912
2024-05-10 11:37:41,28.990856
2024-05-10 11:37:42,72.289496
2024-05-10 11:37:43,0.001184
2024-05-10 11:37:47,42.918328
2024-05-10 11:37:48,59.002952
2024-05-10 11:37:49,0.88644
2024-05-10 11:37:52,75.907968
2024-05-10 11:37:53,26.370288
2024-05-10 11:37:58,30.426768
2024-05-10 11:37:59,71.756944
2024-05-10 11:38:00,0.000744
2024-05-10 11:38:02,1.860072
2024-05-10 11:38:03,65.84848
2024-05-10 11:38:04,24.659808
2024-05-10 11:38:08,34.725968
2024-05-10 11:38:09,54.659912
2024-05-10 11:38:12,0.01208
2024-05-10 11:38:13,82.06868
2024-05-10 11:38:14,20.3966
2024-05-10 11:38:18,20.136472
2024-05-10 11:38:19,66.50956
2024-05-10 11:38:23,56.8084
2024-05-10 11:38:24,46.474576
2024-05-10 11:38:27,0.029392
2024-05-10 11:38:28,2.234816
2024-05-10 11:38:29,81.197504
2024-05-10 11:38:30,17.894288
2024-05-10 11:38:33,0.001376
2024-05-10 11:38:34,36.95236
2024-05-10 11:38:35,65.08668
2024-05-10 11:38:39,0.01208
2024-05-10 11:38:40,70.77124
2024-05-10 11:38:41,32.178688
2024-05-10 11:38:45,13.99444
2024-05-10 11:38:46,51.877408
2024-05-10 11:38:47,35.547432
2024-05-10 11:38:50,39.205944
2024-05-10 11:38:51,40.702368
2024-05-10 11:38:52,22.971352
2024-05-10 11:38:55,0.825928
2024-05-10 11:38:56,23.240208
2024-05-10 11:38:57,38.115168
2024-05-10 11:38:58,33.50948
2024-05-10 11:38:59,6.356496
2024-05-10 11:39:01,19.555712
2024-05-10 11:39:02,40.073696
2024-05-10 11:39:03,37.099632
2024-05-10 11:39:04,6.068272
2024-05-10 11:39:05,0.001184
2024-05-10 11:39:06,5.51676
2024-05-10 11:39:07,33.73064
2024-05-10 11:39:08,27.19628
2024-05-10 11:39:09,35.262544
2024-05-10 11:39:10,1.07384
2024-05-10 11:39:12,32.753616
2024-05-10 11:39:13,34.290648
2024-05-10 11:39:14,12.066296
2024-05-10 11:39:15,2.6696
2024-05-10 11:39:16,32.64156
2024-05-10 11:39:17,38.362912
2024-05-10 11:39:18,7.00148
2024-05-10 11:39:24,2.40356
2024-05-10 11:39:25,39.06336
2024-05-10 11:39:26,34.643448
2024-05-10 11:39:27,6.019904
2024-05-10 11:39:31,11.46712
2024-05-10 11:39:32,31.810752
2024-05-10 11:39:33,34.88492
2024-05-10 11:39:34,3.449472
2024-05-10 11:39:36,0.002664
2024-05-10 11:39:39,16.650976
2024-05-10 11:39:40,51.629264
2024-05-10 11:39:41,25.422688
2024-05-10 11:39:46,0.001184
2024-05-10 11:39:47,0.02996
2024-05-10 11:39:50,5.758936
2024-05-10 11:39:51,43.282256
2024-05-10 11:39:52,52.296008
2024-05-10 11:39:56,26.79944
2024-05-10 11:39:57,60.234408
2024-05-10 11:39:58,0.002048
2024-05-10 11:39:59,0.001024
2024-05-10 11:40:00,6.701208
2024-05-10 11:40:01,66.904688
2024-05-10 11:40:02,4.906216
2024-05-10 11:40:05,44.118472
2024-05-10 11:40:06,41.598928
2024-05-10 11:40:07,0.001184
2024-05-10 11:40:13,52.140768
2024-05-10 11:40:14,49.862552
2024-05-10 11:40:19,0.01208
2024-05-10 11:40:20,72.032944
2024-05-10 11:40:21,3.01792
2024-05-10 11:40:23,40.179648
2024-05-10 11:40:24,61.93664
2024-05-10 11:40:27,0.030576
2024-05-10 11:40:28,0.012672
2024-05-10 11:40:29,64.027296
2024-05-10 11:40:30,13.305976
2024-05-10 11:40:33,40.905968
2024-05-10 11:40:34,60.35544
2024-05-10 11:40:37,0.013648
2024-05-10 11:40:38,69.710744
2024-05-10 11:40:39,33.174368
2024-05-10 11:40:43,20.000464
2024-05-10 11:40:44,66.566368
2024-05-10 11:40:48,0.001184
2024-05-10 11:40:52,28.252456
2024-05-10 11:40:53,71.53428
2024-05-10 11:40:54,2.978744
2024-05-10 11:41:06,78.634672
2024-05-10 11:41:07,24.641456
2024-05-10 11:41:08,0.001776
2024-05-10 11:41:13,0.099736
2024-05-10 11:41:14,0.139272
2024-05-10 11:41:15,66.030176
2024-05-10 11:41:16,6.369648
2024-05-10 11:41:17,0.000688
2024-05-10 11:41:18,19.91676
2024-05-10 11:41:19,76.228712
2024-05-10 11:41:20,7.691984
2024-05-10 11:41:24,68.123776
2024-05-10 11:41:25,33.90844
2024-05-10 11:41:29,24.321848
2024-05-10 11:41:30,49.120936
2024-05-10 11:41:34,53.196128
2024-05-10 11:41:35,48.797248
2024-05-10 11:41:40,0.172824
2024-05-10 11:41:41,76.019456
2024-05-10 11:41:42,26.586624
2024-05-10 11:41:47,20.56036
2024-05-10 11:41:48,73.590952
2024-05-10 11:41:49,0.002728
2024-05-10 11:41:52,49.9506
2024-05-10 11:41:53,52.050512
2024-05-10 11:41:58,1.240824
2024-05-10 11:41:59,77.79308
2024-05-10 11:42:00,23.108592
2024-05-10 11:42:04,26.904944
2024-05-10 11:42:05,34.627872
2024-05-10 11:42:07,5.115088
2024-05-10 11:42:08,70.803184
2024-05-10 11:42:09,1.134528
2024-05-10 11:42:10,0.001184
2024-05-10 11:42:12,53.813576
2024-05-10 11:42:13,47.458944
2024-05-10 11:42:18,58.8684
2024-05-10 11:42:19,43.863472
2024-05-10 11:42:23,19.619968
2024-05-10 11:42:24,81.667688
2024-05-10 11:42:25,0.756568
2024-05-10 11:42:27,0.029384
2024-05-10 11:42:28,54.255032
2024-05-10 11:42:29,48.042792
2024-05-10 11:42:30,0.001184
2024-05-10 11:42:33,8.990568
2024-05-10 11:42:34,75.7842
2024-05-10 11:42:35,17.707488
2024-05-10 11:42:39,9.333216
2024-05-10 11:42:40,73.520184
2024-05-10 11:42:41,18.448608
2024-05-10 11:42:44,0.012088
2024-05-10 11:42:45,65.2858
2024-05-10 11:42:46,36.548168
2024-05-10 11:42:49,38.70092
2024-05-10 11:42:50,56.97684
2024-05-10 11:42:51,0.001184
2024-05-10 11:42:55,42.908568
2024-05-10 11:42:56,32.008432
2024-05-10 11:42:57,26.417968
2024-05-10 11:42:59,17.360384
2024-05-10 11:43:00,68.346936
2024-05-10 11:43:01,17.313664
2024-05-10 11:43:02,0.004208
2024-05-10 11:43:05,49.452272
2024-05-10 11:43:06,51.835528
2024-05-10 11:43:07,0.029392
2024-05-10 11:43:08,0.000592
2024-05-10 11:43:10,3.200536
2024-05-10 11:43:11,64.287632
2024-05-10 11:43:12,35.283024
2024-05-10 11:43:15,0.002664
2024-05-10 11:43:16,21.786248
2024-05-10 11:43:17,41.256728
2024-05-10 11:43:19,9.027632
2024-05-10 11:43:20,71.029992
2024-05-10 11:43:21,21.894656
2024-05-10 11:43:23,0.005376
2024-05-10 11:43:24,0.005376
2024-05-10 11:43:25,28.706736
2024-05-10 11:43:26,63.96404
2024-05-10 11:43:28,0.063144
2024-05-10 11:43:29,0.012088
2024-05-10 11:43:30,69.308872
2024-05-10 11:43:31,0.016312
2024-05-10 11:43:32,0.001184
2024-05-10 11:43:33,54.499224
2024-05-10 11:43:34,48.563744
2024-05-10 11:43:40,78.297208
2024-05-10 11:43:41,22.96988
2024-05-10 11:43:45,14.0872
2024-05-10 11:43:46,74.409456
2024-05-10 11:43:47,1.788584
2024-05-10 11:43:48,1.056256
2024-05-10 11:43:49,0.00256
2024-05-10 11:43:50,62.30528
2024-05-10 11:43:51,38.95908
2024-05-10 11:43:52,0.001184
2024-05-10 11:43:55,4.6574
2024-05-10 11:43:56,68.93796
2024-05-10 11:43:57,0.649736
2024-05-10 11:44:00,58.82916
2024-05-10 11:44:01,43.206496
2024-05-10 11:44:02,0.00256
2024-05-10 11:44:05,1.897928
2024-05-10 11:44:06,70.20916
2024-05-10 11:44:07,30.680184
2024-05-10 11:44:11,9.319424
2024-05-10 11:44:12,29.974624
2024-05-10 11:44:13,41.202064
2024-05-10 11:44:14,21.44908
2024-05-10 11:44:15,0.01208
2024-05-10 11:44:16,58.103536
2024-05-10 11:44:17,44.002336
2024-05-10 11:44:21,9.045144
2024-05-10 11:44:22,46.300072
2024-05-10 11:44:23,16.51056
2024-05-10 11:44:26,68.578904
2024-05-10 11:44:27,21.645
2024-05-10 11:44:30,28.936496
2024-05-10 11:44:31,72.739992
2024-05-10 11:44:32,0.680184
2024-05-10 11:44:33,0.001184
2024-05-10 11:44:35,0.003328
2024-05-10 11:44:36,53.601552
2024-05-10 11:44:37,47.6916
2024-05-10 11:44:40,15.88252
2024-05-10 11:44:41,64.1536
2024-05-10 11:44:42,22.800712
2024-05-10 11:44:46,32.79884
2024-05-10 11:44:47,68.470192
2024-05-10 11:44:51,0.012088
2024-05-10 11:44:52,45.052896
2024-05-10 11:44:53,57.601704
2024-05-10 11:44:54,0.085312
2024-05-10 11:44:55,0.004648
2024-05-10 11:44:57,10.523248
2024-05-10 11:44:58,67.699472
2024-05-10 11:44:59,0.125664
2024-05-10 11:45:00,0.014752
2024-05-10 11:45:01,68.488944
2024-05-10 11:45:02,0.973664
2024-05-10 11:45:05,19.53304
2024-05-10 11:45:06,70.6438
2024-05-10 11:45:07,4.722984
2024-05-10 11:45:11,47.419544
2024-05-10 11:45:12,46.111776
2024-05-10 11:45:14,0.001184
2024-05-10 11:45:16,10.078592
2024-05-10 11:45:17,75.959144
2024-05-10 11:45:18,6.207824
2024-05-10 11:45:22,0.001376
2024-05-10 11:45:23,22.517888
2024-05-10 11:45:24,50.024328
2024-05-10 11:45:28,51.680448
2024-05-10 11:45:29,51.098248
2024-05-10 11:45:33,20.398448
2024-05-10 11:45:34,77.947376
2024-05-10 11:45:35,3.711456
2024-05-10 11:45:39,39.670032
2024-05-10 11:45:40,62.418272
2024-05-10 11:45:44,1.2048
2024-05-10 11:45:45,77.688368
2024-05-10 11:45:46,23.00728
2024-05-10 11:45:47,0.029392
2024-05-10 11:45:48,0.000592
2024-05-10 11:45:50,28.286816
2024-05-10 11:45:51,71.63628
2024-05-10 11:45:52,3.452176
2024-05-10 11:45:55,0.001184
2024-05-10 11:46:01,9.9872
2024-05-10 11:46:02,68.962032
2024-05-10 11:46:03,22.326248
2024-05-10 11:46:08,23.366304
2024-05-10 11:46:09,63.241224
2024-05-10 11:46:10,5.60036
2024-05-10 11:46:14,0.001376
2024-05-10 11:46:16,0.001184
2024-05-10 11:46:18,17.696592
2024-05-10 11:46:19,57.307896
2024-05-10 11:46:20,24.686144
2024-05-10 11:46:24,61.437272
2024-05-10 11:46:25,40.445536
2024-05-10 11:46:27,0.029392
2024-05-10 11:46:28,3.873024
2024-05-10 11:46:29,73.875536
2024-05-10 11:46:30,12.60628
2024-05-10 11:46:34,53.075576
2024-05-10 11:46:35,35.548784
2024-05-10 11:46:36,0.001184
2024-05-10 11:46:38,10.270456
2024-05-10 11:46:39,80.225488
2024-05-10 11:46:40,6.550944
2024-05-10 11:46:43,37.734296
2024-05-10 11:46:44,59.72268
2024-05-10 11:46:48,0.014752
2024-05-10 11:46:49,78.776336
2024-05-10 11:46:50,23.72372
2024-05-10 11:46:54,19.454688
2024-05-10 11:46:55,45.581168
2024-05-10 11:46:56,0.017712
2024-05-10 11:46:57,0.61072
2024-05-10 11:46:58,73.246024
2024-05-10 11:46:59,28.206224
2024-05-10 11:47:03,27.387592
2024-05-10 11:47:04,74.454424
2024-05-10 11:47:05,1.238216
2024-05-10 11:47:07,0.03388
2024-05-10 11:47:08,0.009016
2024-05-10 11:47:09,51.783808
2024-05-10 11:47:10,49.48756
2024-05-10 11:47:15,0.01208
2024-05-10 11:47:16,60.944464
2024-05-10 11:47:17,39.001648
2024-05-10 11:47:24,0.01208
2024-05-10 11:47:25,67.36336
2024-05-10 11:47:26,35.3976
2024-05-10 11:47:33,0.858552
2024-05-10 11:47:34,78.421304
2024-05-10 11:47:37,0.001184
2024-05-10 11:47:38,38.497896
2024-05-10 11:47:39,63.306352
2024-05-10 11:47:40,0.397752
2024-05-10 11:47:44,68.447608
2024-05-10 11:47:45,33.872144
2024-05-10 11:47:47,0.029296
2024-05-10 11:47:48,23.891792
2024-05-10 11:47:49,63.196288
2024-05-10 11:47:50,14.191824
2024-05-10 11:47:54,51.987392
2024-05-10 11:47:55,50.984656
2024-05-10 11:47:58,0.001184
2024-05-10 11:47:59,6.5496
2024-05-10 11:48:00,79.109008
2024-05-10 11:48:01,15.62904
2024-05-10 11:48:05,18.583944
2024-05-10 11:48:06,61.961104
2024-05-10 11:48:08,11.868056
2024-05-10 11:48:09,59.691152
2024-05-10 11:48:12,36.788808
2024-05-10 11:48:13,39.536848
2024-05-10 11:48:14,0.001376
2024-05-10 11:48:16,10.824168
2024-05-10 11:48:17,65.115704
2024-05-10 11:48:18,0.001184
2024-05-10 11:48:21,50.667416
2024-05-10 11:48:22,51.190456
2024-05-10 11:48:23,0.790648
2024-05-10 11:48:25,13.433584
2024-05-10 11:48:26,72.93508
2024-05-10 11:48:27,15.767088
2024-05-10 11:48:28,0.0594
2024-05-10 11:48:31,36.028424
2024-05-10 11:48:32,53.842472
2024-05-10 11:48:33,12.020384
2024-05-10 11:48:36,3.10424
2024-05-10 11:48:37,75.22656
2024-05-10 11:48:38,24.378352
2024-05-10 11:48:39,0.001184
2024-05-10 11:48:40,0.0006
2024-05-10 11:48:41,0.000688
2024-05-10 11:48:42,21.66812
2024-05-10 11:48:43,49.012264
2024-05-10 11:48:44,31.264144
2024-05-10 11:48:48,56.646688
2024-05-10 11:48:49,45.812
2024-05-10 11:48:52,18.437072
2024-05-10 11:48:53,53.530192
2024-05-10 11:48:57,49.654296
2024-05-10 11:48:58,11.77808
2024-05-10 11:48:59,0.001184
2024-05-10 11:49:00,12.04332
2024-05-10 11:49:01,75.019592
2024-05-10 11:49:02,1.319064
2024-05-10 11:49:05,60.492296
2024-05-10 11:49:06,8.970496
2024-05-10 11:49:07,0.025032
2024-05-10 11:49:08,28.86944
2024-05-10 11:49:09,59.386128
2024-05-10 11:49:10,14.365936
2024-05-10 11:49:14,57.71568
2024-05-10 11:49:15,44.29664
2024-05-10 11:49:19,1.78904
2024-05-10 11:49:20,70.137992
2024-05-10 11:49:21,29.908824
2024-05-10 11:49:25,52.807768
2024-05-10 11:49:26,49.586648
2024-05-10 11:49:31,0.01208
2024-05-10 11:49:32,70.109456
2024-05-10 11:49:33,32.406976
2024-05-10 11:49:37,9.935952
2024-05-10 11:49:38,28.313656
2024-05-10 11:49:39,28.53088
2024-05-10 11:49:40,5.101728
2024-05-10 11:49:45,18.265056
2024-05-10 11:49:46,50.882984
2024-05-10 11:49:47,24.764416
2024-05-10 11:49:48,0.000592
2024-05-10 11:49:56,0.67712
2024-05-10 11:49:57,68.529992
2024-05-10 11:49:58,33.50444
2024-05-10 11:50:01,0.001184
2024-05-10 11:50:03,23.3676
2024-05-10 11:50:04,65.607176
2024-05-10 11:50:05,12.926576
2024-05-10 11:50:10,36.597144
2024-05-10 11:50:11,65.170992
2024-05-10 11:50:12,1.129336
2024-05-10 11:50:19,35.565792
2024-05-10 11:50:20,54.78772
2024-05-10 11:50:21,11.535824
2024-05-10 11:50:24,19.524176
2024-05-10 11:50:25,46.146968
2024-05-10 11:50:27,0.029992
2024-05-10 11:50:28,59.464048
2024-05-10 11:50:29,29.079624
2024-05-10 11:50:32,8.046056
2024-05-10 11:50:33,34.922256
2024-05-10 11:50:34,38.740264
2024-05-10 11:50:35,20.329688
2024-05-10 11:50:38,44.306632
2024-05-10 11:50:39,57.757632
2024-05-10 11:50:42,0.001184
2024-05-10 11:50:43,3.027992
2024-05-10 11:50:44,66.86548
2024-05-10 11:50:45,32.048072
2024-05-10 11:50:49,12.505472
2024-05-10 11:50:50,74.097672
2024-05-10 11:50:51,16.253776
2024-05-10 11:50:54,59.379648
2024-05-10 11:50:55,41.89072
2024-05-10 11:50:59,19.514832
2024-05-10 11:51:00,80.402104
2024-05-10 11:51:01,2.926432
2024-05-10 11:51:02,0.001184
2024-05-10 11:51:05,46.734616
2024-05-10 11:51:06,20.648368
2024-05-10 11:51:07,0.029992
2024-05-10 11:51:08,25.412272
2024-05-10 11:51:09,58.503616
2024-05-10 11:51:10,19.000456
2024-05-10 11:51:14,39.446
2024-05-10 11:51:15,48.194592
2024-05-10 11:51:18,13.705608
2024-05-10 11:51:19,55.760736
2024-05-10 11:51:20,15.701832
2024-05-10 11:51:23,25.19596
2024-05-10 11:51:24,56.721672
2024-05-10 11:51:25,20.768256
2024-05-10 11:51:28,2.241456
2024-05-10 11:51:29,66.528712
2024-05-10 11:51:30,33.113272
2024-05-10 11:51:34,24.52748
2024-05-10 11:51:35,44.946832
2024-05-10 11:51:36,6.8732
2024-05-10 11:51:38,0.012088
2024-05-10 11:51:39,57.388592
2024-05-10 11:51:40,44.99084
2024-05-10 11:51:43,0.001184
2024-05-10 11:51:44,7.810496
2024-05-10 11:51:45,47.75352
2024-05-10 11:51:46,27.399864
2024-05-10 11:51:47,0.029992
2024-05-10 11:51:49,44.589056
2024-05-10 11:51:50,56.75676
2024-05-10 11:51:51,1.015752
2024-05-10 11:51:53,18.812568
2024-05-10 11:51:54,76.566488
2024-05-10 11:51:55,7.669496
2024-05-10 11:51:59,37.616128
2024-05-10 11:52:00,63.662376
2024-05-10 11:52:04,5.499888
2024-05-10 11:52:05,73.66552
2024-05-10 11:52:06,22.757096
2024-05-10 11:52:10,13.053632
2024-05-10 11:52:11,76.0156
2024-05-10 11:52:12,0.002664
2024-05-10 11:52:14,0.012088
2024-05-10 11:52:15,62.529224
2024-05-10 11:52:16,39.936416
2024-05-10 11:52:20,20.16204
2024-05-10 11:52:21,65.98544
2024-05-10 11:52:22,15.168864
2024-05-10 11:52:24,0.001184
2024-05-10 11:52:26,51.167992
2024-05-10 11:52:27,50.698848
2024-05-10 11:52:28,0.000592
2024-05-10 11:52:31,5.65512
2024-05-10 11:52:32,82.941336
2024-05-10 11:52:33,14.140872
2024-05-10 11:52:37,28.395408
2024-05-10 11:52:38,37.880784
2024-05-10 11:52:40,8.175736
2024-05-10 11:52:41,85.451488
2024-05-10 11:52:42,9.244904
2024-05-10 11:52:45,52.6624
2024-05-10 11:52:46,49.98372
2024-05-10 11:52:50,0.013792
2024-05-10 11:52:51,74.416552
2024-05-10 11:52:52,26.828008
2024-05-10 11:52:56,13.831208
2024-05-10 11:52:57,81.873984
2024-05-10 11:52:58,6.469536
2024-05-10 11:53:02,62.355856
2024-05-10 11:53:03,39.803632
2024-05-10 11:53:05,0.001184
2024-05-10 11:53:07,3.75628
2024-05-10 11:53:08,69.79448
2024-05-10 11:53:09,28.558776
2024-05-10 11:53:12,27.103992
2024-05-10 11:53:13,75.08212
2024-05-10 11:53:17,0.01208
2024-05-10 11:53:18,63.170944
2024-05-10 11:53:19,36.516744
2024-05-10 11:53:23,17.9986
2024-05-10 11:53:24,50.287608
2024-05-10 11:53:25,0.91692
2024-05-10 11:53:26,0.001184
2024-05-10 11:53:28,67.211512
2024-05-10 11:53:29,34.839352
2024-05-10 11:53:32,13.059376
2024-05-10 11:53:33,72.972784
2024-05-10 11:53:34,0.257984
2024-05-10 11:53:38,46.855184
2024-05-10 11:53:39,18.48432
2024-05-10 11:53:41,23.244904
2024-05-10 11:53:42,42.800008
2024-05-10 11:53:44,1.554856
2024-05-10 11:53:45,61.107904
2024-05-10 11:53:46,6.031488
2024-05-10 11:53:47,0.029408
2024-05-10 11:53:48,15.06676
2024-05-10 11:53:49,72.754296
2024-05-10 11:53:50,14.784112
2024-05-10 11:53:54,71.111808
2024-05-10 11:53:55,30.925008
2024-05-10 11:53:59,15.419032
2024-05-10 11:54:00,85.847432
2024-05-10 11:54:01,0.668864
2024-05-10 11:54:02,0.000592
2024-05-10 11:54:04,69.256392
2024-05-10 11:54:05,33.746296
2024-05-10 11:54:07,0.001184
2024-05-10 11:54:09,18.334176
2024-05-10 11:54:10,66.33428
2024-05-10 11:54:14,58.82828
2024-05-10 11:54:15,43.080376
2024-05-10 11:54:19,3.431192
2024-05-10 11:54:20,69.734136
2024-05-10 11:54:21,1.00732
2024-05-10 11:54:24,37.606096
2024-05-10 11:54:25,63.675712
2024-05-10 11:54:27,0.026224
2024-05-10 11:54:28,8.323776
2024-05-10 11:54:29,75.98884
2024-05-10 11:54:30,18.182536
2024-05-10 11:54:34,24.980176
2024-05-10 11:54:35,76.301528
2024-05-10 11:54:36,0.751936
2024-05-10 11:54:40,35.220544
2024-05-10 11:54:41,66.652504
2024-05-10 11:54:42,0.000744
2024-05-10 11:54:45,1.771328
2024-05-10 11:54:46,72.993632
2024-05-10 11:54:47,27.653472
2024-05-10 11:54:48,0.001184
2024-05-10 11:54:50,26.626136
2024-05-10 11:54:51,45.555272
2024-05-10 11:54:54,3.316656
2024-05-10 11:54:55,81.742728
2024-05-10 11:54:56,17.416584
2024-05-10 11:55:00,45.488488
2024-05-10 11:55:01,56.385904
2024-05-10 11:55:02,1.08808
2024-05-10 11:55:04,6.46772
2024-05-10 11:55:05,78.343216
2024-05-10 11:55:06,16.470224
2024-05-10 11:55:07,0.029408
2024-05-10 11:55:08,0.001776
2024-05-10 11:55:10,31.170056
2024-05-10 11:55:11,60.403072
2024-05-10 11:55:12,4.055776
2024-05-10 11:55:18,41.471536
2024-05-10 11:55:19,58.059624
2024-05-10 11:55:20,0.999312
2024-05-10 11:55:28,0.001184
2024-05-10 11:55:29,12.10224
2024-05-10 11:55:30,75.866504
2024-05-10 11:55:31,11.23612
2024-05-10 11:55:34,53.334896
2024-05-10 11:55:35,25.2478
2024-05-10 11:55:39,0.001376
2024-05-10 11:55:40,2.531672
2024-05-10 11:55:41,75.227224
2024-05-10 11:55:42,24.57988
2024-05-10 11:55:45,42.624456
2024-05-10 11:55:46,40.076448
2024-05-10 11:55:47,0.023264
2024-05-10 11:55:48,0.024416
2024-05-10 11:55:49,9.785384
2024-05-10 11:55:50,63.53592
2024-05-10 11:55:57,16.921712
2024-05-10 11:55:58,73.69764
2024-05-10 11:55:59,10.656224
2024-05-10 11:56:02,0.01208
2024-05-10 11:56:03,64.356736
2024-05-10 11:56:04,37.834128
2024-05-10 11:56:08,0.013456
2024-05-10 11:56:09,65.293224
2024-05-10 11:56:10,36.7438
2024-05-10 11:56:12,0.122264
2024-05-10 11:56:13,38.706752
2024-05-10 11:56:14,56.622544
2024-05-10 11:56:19,48.748968
2024-05-10 11:56:20,30.025912
2024-05-10 11:56:22,0.81316
2024-05-10 11:56:23,58.990936
2024-05-10 11:56:24,42.351496
2024-05-10 11:56:27,0.02504
2024-05-10 11:56:28,0.00496
2024-05-10 11:56:29,41.222632
2024-05-10 11:56:30,23.490568
2024-05-10 11:56:32,29.421496
2024-05-10 11:56:33,58.929696
2024-05-10 11:56:41,16.97812
2024-05-10 11:56:42,68.628552
2024-05-10 11:56:43,15.681248
2024-05-10 11:56:49,0.005376
2024-05-10 11:56:50,29.424024
2024-05-10 11:56:51,62.355832
2024-05-10 11:56:52,10.074248
2024-05-10 11:56:54,0.001376
2024-05-10 11:56:55,66.410352
2024-05-10 11:56:56,36.507232
2024-05-10 11:56:57,0.00188
2024-05-10 11:57:00,21.067888
2024-05-10 11:57:01,45.295328
2024-05-10 11:57:04,62.603456
2024-05-10 11:57:05,39.300784
2024-05-10 11:57:06,0.055072
2024-05-10 11:57:07,0.027896
2024-05-10 11:57:08,0.000592
2024-05-10 11:57:09,13.30684
2024-05-10 11:57:10,68.853632
2024-05-10 11:57:11,20.716816
2024-05-10 11:57:15,45.807888
2024-05-10 11:57:16,55.568488
2024-05-10 11:57:20,3.785824
2024-05-10 11:57:21,70.52184
2024-05-10 11:57:22,28.448048
2024-05-10 11:57:25,31.647632
2024-05-10 11:57:26,55.078224
2024-05-10 11:57:27,14.570328
2024-05-10 11:57:31,60.9952
2024-05-10 11:57:32,6.406824
2024-05-10 11:57:34,31.424272
2024-05-10 11:57:35,70.437304
2024-05-10 11:57:36,0.942728
2024-05-10 11:57:40,66.059536
2024-05-10 11:57:41,36.294064
2024-05-10 11:57:42,0.001288
2024-05-10 11:57:45,13.40428
2024-05-10 11:57:46,66.802504
2024-05-10 11:57:47,6.849024
2024-05-10 11:57:48,0.002944
2024-05-10 11:57:50,64.914024
2024-05-10 11:57:51,37.068056
2024-05-10 11:57:52,0.001184
2024-05-10 11:57:53,0.081056
2024-05-10 11:57:54,0.000592
2024-05-10 11:57:55,3.024112
2024-05-10 11:57:56,69.898392
2024-05-10 11:57:57,29.91348
2024-05-10 11:57:58,0.001376
2024-05-10 11:58:01,38.367928
2024-05-10 11:58:02,62.900792
2024-05-10 11:58:05,0.150472
2024-05-10 11:58:06,81.323976
2024-05-10 11:58:07,21.59328
2024-05-10 11:58:11,27.794704
2024-05-10 11:58:12,73.482744
2024-05-10 11:58:16,0.003104
2024-05-10 11:58:17,41.694728
2024-05-10 11:58:18,59.59012
2024-05-10 11:58:19,0.617168
2024-05-10 11:58:22,0.01364
2024-05-10 11:58:23,78.959784
2024-05-10 11:58:24,22.961496
2024-05-10 11:58:27,50.221424
2024-05-10 11:58:28,52.780432
2024-05-10 11:58:29,0.000736
2024-05-10 11:58:32,0.081536
2024-05-10 11:58:33,63.608848
2024-05-10 11:58:34,35.51132
2024-05-10 11:58:38,12.434008
2024-05-10 11:58:39,81.797608
2024-05-10 11:58:40,5.316696
2024-05-10 11:58:43,66.260912
2024-05-10 11:58:44,36.271696
2024-05-10 11:58:47,0.041856
2024-05-10 11:58:48,0.002352
2024-05-10 11:58:49,3.60204
2024-05-10 11:58:50,57.700448
2024-05-10 11:58:52,0.002352
2024-05-10 11:58:53,56.351568
2024-05-10 11:58:54,22.541224
2024-05-10 11:58:55,0.161496
2024-05-10 11:58:56,2.025304
2024-05-10 11:58:57,0.153888
2024-05-10 11:58:58,2.402304
2024-05-10 11:58:59,60.143816
2024-05-10 11:59:00,0.01912
2024-05-10 11:59:02,46.24388
2024-05-10 11:59:03,55.033024
2024-05-10 11:59:07,2.602824
2024-05-10 11:59:08,46.504792
2024-05-10 11:59:09,46.126312
2024-05-10 11:59:10,7.391584
2024-05-10 11:59:13,67.759632
2024-05-10 11:59:14,34.19604
2024-05-10 11:59:19,33.06008
2024-05-10 11:59:20,68.86844
2024-05-10 11:59:23,11.362608
2024-05-10 11:59:24,64.038008
2024-05-10 11:59:25,4.911312
2024-05-10 11:59:26,0.002664
2024-05-10 11:59:28,63.928032
2024-05-10 11:59:29,18.22932
2024-05-10 11:59:32,23.599416
2024-05-10 11:59:33,72.963216
2024-05-10 11:59:34,4.722536
2024-05-10 11:59:37,52.337304
2024-05-10 11:59:38,50.63468
2024-05-10 11:59:42,3.0392
2024-05-10 11:59:43,65.38564
2024-05-10 11:59:46,69.717816
2024-05-10 11:59:47,21.377872
2024-05-10 11:59:48,0.000592
2024-05-10 11:59:50,28.116792
2024-05-10 11:59:51,74.83216
2024-05-10 11:59:55,0.001184
2024-05-10 11:59:56,48.2248
2024-05-10 11:59:57,39.356912
2024-05-10 11:59:58,0.042568
2024-05-10 11:59:59,0.031392
2024-05-10 12:00:00,20.08192
2024-05-10 12:00:01,72.923776
2024-05-10 12:00:02,9.910968
2024-05-10 12:00:04,0.128456
2024-05-10 12:00:05,0.002304
2024-05-10 12:00:06,51.897144
2024-05-10 12:00:07,46.816312
2024-05-10 12:00:11,5.29616
2024-05-10 12:00:12,69.140128
2024-05-10 12:00:13,26.866216
2024-05-10 12:00:15,0.001184
2024-05-10 12:00:17,18.66588
2024-05-10 12:00:18,79.152848
2024-05-10 12:00:19,4.189288
2024-05-10 12:00:23,56.549648
2024-05-10 12:00:24,7.441848
2024-05-10 12:00:26,27.9812
2024-05-10 12:00:27,71.157808
2024-05-10 12:00:28,1.148856
2024-05-10 12:00:32,58.394088
2024-05-10 12:00:33,38.895576
2024-05-10 12:00:36,21.172416
2024-05-10 12:00:37,76.288992
2024-05-10 12:00:38,5.628352
2024-05-10 12:00:40,0.004392
2024-05-10 12:00:41,0.066096
2024-05-10 12:00:42,43.091936
2024-05-10 12:00:43,42.116968
2024-05-10 12:00:44,0.57964
2024-05-10 12:00:45,0.071568
2024-05-10 12:00:46,2.806624
2024-05-10 12:00:47,78.805424
2024-05-10 12:00:48,7.602576
2024-05-10 12:00:51,46.18244
2024-05-10 12:00:52,55.900976
2024-05-10 12:00:56,0.014544
2024-05-10 12:00:57,57.895744
2024-05-10 12:00:58,45.046504
2024-05-10 12:01:02,24.928664
2024-05-10 12:01:03,63.846216
2024-05-10 12:01:06,0.012096
2024-05-10 12:01:07,70.59084
2024-05-10 12:01:08,31.6784
2024-05-10 12:01:09,0.011824
2024-05-10 12:01:10,0.065464
2024-05-10 12:01:11,0.005344
2024-05-10 12:01:12,9.187736
2024-05-10 12:01:13,57.782872
2024-05-10 12:01:14,0.001376
2024-05-10 12:01:17,55.681752
2024-05-10 12:01:18,47.59944
2024-05-10 12:01:25,48.44364
2024-05-10 12:01:26,27.418712
2024-05-10 12:01:29,15.912848
2024-05-10 12:01:30,85.359848
2024-05-10 12:01:31,0.744768
2024-05-10 12:01:35,36.667976
2024-05-10 12:01:36,66.3524
2024-05-10 12:01:37,0.008312
2024-05-10 12:01:40,3.229416
2024-05-10 12:01:41,80.303312
2024-05-10 12:01:42,3.220304
2024-05-10 12:01:45,41.883112
2024-05-10 12:01:46,61.635712
2024-05-10 12:01:47,0.03
2024-05-10 12:01:55,18.603808
2024-05-10 12:01:56,48.903424
2024-05-10 12:01:58,0.001184
2024-05-10 12:01:59,0.01208
2024-05-10 12:02:00,74.150992
2024-05-10 12:02:01,9.85088
2024-05-10 12:02:05,16.576312
2024-05-10 12:02:06,65.936288
2024-05-10 12:02:15,5.958104
2024-05-10 12:02:16,71.371088
2024-05-10 12:02:18,0.001184
2024-05-10 12:02:24,8.318112
2024-05-10 12:02:25,68.664272
2024-05-10 12:02:26,24.306656
2024-05-10 12:02:27,0.030592
2024-05-10 12:02:28,0.000592
2024-05-10 12:02:29,51.788664
2024-05-10 12:02:30,50.181528
2024-05-10 12:02:34,2.129744
2024-05-10 12:02:35,73.392224
2024-05-10 12:02:36,27.471736
2024-05-10 12:02:39,0.001184
2024-05-10 12:02:40,24.853056
2024-05-10 12:02:41,54.729464
2024-05-10 12:02:46,0.054688
2024-05-10 12:02:47,43.247944
2024-05-10 12:02:48,59.240784
2024-05-10 12:02:54,0.002192
2024-05-10 12:02:58,28.706216
2024-05-10 12:02:59,48.976552
2024-05-10 12:03:00,0.085088
2024-05-10 12:03:03,60.73412
2024-05-10 12:03:04,41.737448
2024-05-10 12:03:05,0.001376
2024-05-10 12:03:07,0.029992
2024-05-10 12:03:09,12.712
2024-05-10 12:03:10,40.714096
2024-05-10 12:03:11,34.289976
2024-05-10 12:03:15,46.489136
2024-05-10 12:03:16,56.265024
2024-05-10 12:03:19,10.632096
2024-05-10 12:03:20,57.628888
2024-05-10 12:03:21,33.979704
2024-05-10 12:03:25,51.600208
2024-05-10 12:03:26,50.867872
2024-05-10 12:03:27,0.005512
2024-05-10 12:03:28,0.077968
2024-05-10 12:03:30,3.240928
2024-05-10 12:03:31,63.915304
2024-05-10 12:03:32,34.1194
2024-05-10 12:03:36,31.381936
2024-05-10 12:03:37,35.725888
2024-05-10 12:03:39,1.588416
2024-05-10 12:03:40,62.073792
2024-05-10 12:03:41,39.219928
2024-05-10 12:03:45,38.954512
2024-05-10 12:03:46,45.027616
2024-05-10 12:03:47,0.03
2024-05-10 12:03:49,0.01208
2024-05-10 12:03:50,76.295128
2024-05-10 12:03:51,13.001328
2024-05-10 12:03:54,16.716936
2024-05-10 12:03:55,57.582728
2024-05-10 12:03:56,28.693392
2024-05-10 12:04:00,55.555736
2024-05-10 12:04:01,45.720568
2024-05-10 12:04:05,0.052936
2024-05-10 12:04:06,82.565904
2024-05-10 12:04:07,14.102696
2024-05-10 12:04:08,0.068616
2024-05-10 12:04:09,0.31096
2024-05-10 12:04:10,0.003152
2024-05-10 12:04:11,38.757136
2024-05-10 12:04:12,62.581928
2024-05-10 12:04:15,5.077224
2024-05-10 12:04:16,80.07692
2024-05-10 12:04:17,16.821128
2024-05-10 12:04:18,0.001856
2024-05-10 12:04:19,0.000928
2024-05-10 12:04:20,0.000928
2024-05-10 12:04:21,34.587128
2024-05-10 12:04:22,63.755328
2024-05-10 12:04:23,4.500336
2024-05-10 12:04:25,0.000928
2024-05-10 12:04:26,0.000592
2024-05-10 12:04:27,33.53768
2024-05-10 12:04:28,68.786488
2024-05-10 12:04:31,0.001376
2024-05-10 12:04:32,30.73284
2024-05-10 12:04:33,66.595408
2024-05-10 12:04:34,2.375432
2024-05-10 12:04:37,0.646064
2024-05-10 12:04:38,59.1038
2024-05-10 12:04:39,26.39372
2024-05-10 12:04:40,0.010584
2024-05-10 12:04:41,0.001184
2024-05-10 12:04:42,29.111376
2024-05-10 12:04:43,45.257152
2024-05-10 12:04:44,28.051136
2024-05-10 12:04:45,0.073856
2024-05-10 12:04:46,0.000928
2024-05-10 12:04:47,0.269872
2024-05-10 12:04:48,72.235744
2024-05-10 12:04:49,12.584512
2024-05-10 12:04:50,0.072192
2024-05-10 12:04:51,0.1974
2024-05-10 12:04:52,32.330096
2024-05-10 12:04:53,66.602224
2024-05-10 12:04:54,2.549352
2024-05-10 12:04:55,0.01548
2024-05-10 12:04:57,0.004736
2024-05-10 12:04:58,59.67512
2024-05-10 12:04:59,43.260616
2024-05-10 12:05:01,0.001288
2024-05-10 12:05:02,28.63284
2024-05-10 12:05:03,72.663568
2024-05-10 12:05:04,1.303664
2024-05-10 12:05:07,0.018872
2024-05-10 12:05:08,33.46688
2024-05-10 12:05:09,31.336232
2024-05-10 12:05:11,26.512264
2024-05-10 12:05:12,62.936208
2024-05-10 12:05:13,12.674912
2024-05-10 12:05:17,44.313896
2024-05-10 12:05:18,57.025976
2024-05-10 12:05:19,0.912336
2024-05-10 12:05:22,16.708224
2024-05-10 12:05:23,60.640648
2024-05-10 12:05:24,25.088672
2024-05-10 12:05:26,0.089376
2024-05-10 12:05:28,43.352128
2024-05-10 12:05:29,54.442816
2024-05-10 12:05:30,0.94088
2024-05-10 12:05:34,0.017728
2024-05-10 12:05:36,54.833256
2024-05-10 12:05:37,41.4634
2024-05-10 12:05:39,0.001376
2024-05-10 12:05:42,0.601968
2024-05-10 12:05:43,71.477832
2024-05-10 12:05:44,29.246136
2024-05-10 12:05:45,0.06144
2024-05-10 12:05:46,0.053848
2024-05-10 12:05:47,0.029992
2024-05-10 12:05:48,29.718864
2024-05-10 12:05:49,61.42956
2024-05-10 12:05:50,12.123824
2024-05-10 12:05:51,5.337776
2024-05-10 12:05:52,9.286536
2024-05-10 12:05:53,4.5268
2024-05-10 12:05:54,3.428072
2024-05-10 12:05:55,4.491544
2024-05-10 12:05:56,4.195672
2024-05-10 12:05:57,42.953512
2024-05-10 12:05:58,54.571912
2024-05-10 12:05:59,22.096416
2024-05-10 12:06:00,0.311984
2024-05-10 12:06:01,0.07364
2024-05-10 12:06:02,0.236992
2024-05-10 12:06:03,67.57832
2024-05-10 12:06:04,44.363696
2024-05-10 12:06:05,14.969984
2024-05-10 12:06:06,19.187616
2024-05-10 12:06:07,24.865144
2024-05-10 12:06:08,46.777048
2024-05-10 12:06:09,64.83
2024-05-10 12:06:10,29.057928
2024-05-10 12:06:11,3.539784
2024-05-10 12:06:12,1.126936
2024-05-10 12:06:13,31.672696
2024-05-10 12:06:14,70.458912
2024-05-10 12:06:16,0.004128
2024-05-10 12:06:19,2.628168
2024-05-10 12:06:20,72.16036
2024-05-10 12:06:21,0.00212
2024-05-10 12:06:23,52.898816
2024-05-10 12:06:24,49.26656
2024-05-10 12:06:27,0.0294
2024-05-10 12:06:28,0.000592
2024-05-10 12:06:30,39.757296
2024-05-10 12:06:31,60.151824
2024-05-10 12:06:32,68.041032
2024-05-10 12:06:33,0.549888
2024-05-10 12:06:34,19.228432
2024-05-10 12:06:35,70.290568
2024-05-10 12:06:36,74.998688
2024-05-10 12:06:37,23.265888
2024-05-10 12:06:42,47.09924
2024-05-10 12:06:43,54.939704
2024-05-10 12:06:44,0.001184
2024-05-10 12:06:45,0.094
2024-05-10 12:06:46,0.003552
2024-05-10 12:06:48,54.672624
2024-05-10 12:06:49,11.75232
2024-05-10 12:06:51,39.37592
2024-05-10 12:06:52,61.910656
2024-05-10 12:06:53,1.582408
2024-05-10 12:06:56,0.01208
2024-05-10 12:06:57,62.727608
2024-05-10 12:06:58,39.695944
2024-05-10 12:07:00,0.00256
2024-05-10 12:07:02,24.22632
2024-05-10 12:07:03,63.466224
2024-05-10 12:07:04,13.585872
2024-05-10 12:07:05,0.001184
2024-05-10 12:07:06,0.074048
2024-05-10 12:07:07,0.433688
2024-05-10 12:07:08,33.883264
2024-05-10 12:07:09,67.999688
2024-05-10 12:07:10,1.5022
2024-05-10 12:07:11,0.002304
2024-05-10 12:07:13,41.404992
2024-05-10 12:07:14,60.62332
2024-05-10 12:07:19,37.662296
2024-05-10 12:07:20,63.617608
2024-05-10 12:07:21,0.688768
2024-05-10 12:07:23,0.038792
2024-05-10 12:07:24,0.268128
2024-05-10 12:07:25,62.46436
2024-05-10 12:07:26,30.45404
2024-05-10 12:07:29,34.205096
2024-05-10 12:07:30,67.146968
2024-05-10 12:07:35,62.048648
2024-05-10 12:07:36,41.052512
2024-05-10 12:07:40,21.779984
2024-05-10 12:07:41,65.877424
2024-05-10 12:07:42,13.63428
2024-05-10 12:07:43,0.061456
2024-05-10 12:07:46,14.682288
2024-05-10 12:07:47,56.41488
2024-05-10 12:07:48,8.747384
2024-05-10 12:07:52,0.260576
2024-05-10 12:07:53,66.963064
2024-05-10 12:07:54,36.149048
2024-05-10 12:07:55,0.11644
2024-05-10 12:07:56,0.068584
2024-05-10 12:07:58,0.001376
2024-05-10 12:08:00,0.067112
2024-05-10 12:08:03,46.967328
2024-05-10 12:08:04,42.799224
2024-05-10 12:08:06,0.001184
2024-05-10 12:08:07,19.294248
2024-05-10 12:08:08,49.805264
2024-05-10 12:08:09,0.6928
2024-05-10 12:08:10,1.161672
2024-05-10 12:08:11,45.137312
2024-05-10 12:08:12,55.077576
2024-05-10 12:08:13,0.702856
2024-05-10 12:08:16,28.962816
2024-05-10 12:08:17,64.31704
2024-05-10 12:08:18,8.693504
2024-05-10 12:08:22,60.71532
2024-05-10 12:08:23,50.748864
2024-05-10 12:08:24,14.856744
2024-05-10 12:08:25,16.062992
2024-05-10 12:08:26,19.234224
2024-05-10 12:08:27,35.83604
2024-05-10 12:08:28,61.260552
2024-05-10 12:08:29,41.415744
2024-05-10 12:08:30,10.886896
2024-05-10 12:08:31,9.48732
2024-05-10 12:08:32,13.827016
2024-05-10 12:08:33,51.342744
2024-05-10 12:08:34,24.705944
2024-05-10 12:08:35,1.311056
2024-05-10 12:08:36,16.608528
2024-05-10 12:08:37,19.7976
2024-05-10 12:08:38,20.8184
2024-05-10 12:08:39,35.935976
2024-05-10 12:08:40,13.521328
2024-05-10 12:08:41,6.481016
2024-05-10 12:08:42,11.622672
2024-05-10 12:08:43,41.942648
2024-05-10 12:08:44,22.683912
2024-05-10 12:08:45,4.68104
2024-05-10 12:08:46,10.416592
2024-05-10 12:08:47,14.022704
2024-05-10 12:08:48,11.544608
2024-05-10 12:08:49,37.849344
2024-05-10 12:08:50,27.545416
2024-05-10 12:08:51,10.241664
2024-05-10 12:08:52,17.658472
2024-05-10 12:08:53,38.864528
2024-05-10 12:08:54,20.800464
2024-05-10 12:08:55,8.548912
2024-05-10 12:08:56,16.311112
2024-05-10 12:08:57,19.860824
2024-05-10 12:08:58,22.956744
2024-05-10 12:08:59,27.354192
2024-05-10 12:09:00,40.725504
2024-05-10 12:09:01,33.351616
2024-05-10 12:09:02,11.761056
2024-05-10 12:09:03,13.135968
2024-05-10 12:09:04,0.52584
2024-05-10 12:09:07,10.798912
2024-05-10 12:09:08,14.351184
2024-05-10 12:09:09,29.750832
2024-05-10 12:09:10,31.144936
2024-05-10 12:09:11,14.564008
2024-05-10 12:09:12,10.606328
2024-05-10 12:09:13,8.329232
2024-05-10 12:09:14,17.899232
2024-05-10 12:09:15,34.0754
2024-05-10 12:09:16,15.66676
2024-05-10 12:09:17,20.785136
2024-05-10 12:09:18,18.028528
2024-05-10 12:09:19,22.432544
2024-05-10 12:09:24,32.356616
2024-05-10 12:09:25,13.91836
2024-05-10 12:09:26,15.425304
2024-05-10 12:09:27,8.509376
2024-05-10 12:09:28,30.434896
2024-05-10 12:09:29,25.855328
2024-05-10 12:09:30,15.412432
2024-05-10 12:09:31,14.965752
2024-05-10 12:09:32,17.72688
2024-05-10 12:09:33,32.60852
2024-05-10 12:09:34,32.845016
2024-05-10 12:09:35,9.685072
2024-05-10 12:09:36,22.590896
2024-05-10 12:09:37,24.175312
2024-05-10 12:09:38,24.263824
2024-05-10 12:09:39,3.949776
2024-05-10 12:09:40,1.830888
2024-05-10 12:09:41,29.196136
2024-05-10 12:09:42,1.864992
2024-05-10 12:09:43,24.44972
2024-05-10 12:09:44,21.987688
2024-05-10 12:09:45,16.657104
2024-05-10 12:09:46,17.9174
2024-05-10 12:09:47,17.238
2024-05-10 12:09:48,20.141984
2024-05-10 12:09:49,20.604608
2024-05-10 12:09:50,26.91308
2024-05-10 12:09:51,15.85464
2024-05-10 12:09:52,17.976352
2024-05-10 12:09:53,17.204936
2024-05-10 12:10:02,5.686336
2024-05-10 12:10:03,14.360728
2024-05-10 12:10:04,25.374544
2024-05-10 12:10:05,26.94284
2024-05-10 12:10:06,7.837504
2024-05-10 12:10:07,17.64852
2024-05-10 12:10:08,18.938472
2024-05-10 12:10:09,17.585272
2024-05-10 12:10:10,8.528904
2024-05-10 12:10:11,6.0178
2024-05-10 12:10:12,11.527088
2024-05-10 12:10:14,10.867872
2024-05-10 12:10:15,6.891784
2024-05-10 12:10:18,0.56408
2024-05-10 12:10:19,18.139088
2024-05-10 12:10:20,19.14676
2024-05-10 12:10:21,24.691872
2024-05-10 12:10:22,32.876232
2024-05-10 12:10:23,25.091008
2024-05-10 12:10:24,18.128056
2024-05-10 12:10:25,6.852352
2024-05-10 12:10:26,32.883152
2024-05-10 12:10:27,9.624656
2024-05-10 12:10:28,13.964288
2024-05-10 12:10:29,19.26524
2024-05-10 12:10:30,16.870128
2024-05-10 12:10:31,19.784704
2024-05-10 12:10:32,28.575824
2024-05-10 12:10:33,24.226
2024-05-10 12:10:34,19.034264
2024-05-10 12:10:35,17.812744
2024-05-10 12:10:36,12.77848
2024-05-10 12:10:37,17.784624
2024-05-10 12:10:38,25.153296
2024-05-10 12:10:40,0.070096
2024-05-10 12:10:41,0.002112
2024-05-10 12:10:42,2.408144
2024-05-10 12:10:43,35.39944
2024-05-10 12:10:44,21.790088
2024-05-10 12:10:49,8.654464
2024-05-10 12:10:50,44.126512
2024-05-10 12:10:54,14.072712
2024-05-10 12:10:55,20.39404
2024-05-10 12:10:58,10.055192
2024-05-10 12:11:00,1.317624
2024-05-10 12:11:03,11.513824
2024-05-10 12:11:04,73.00744
2024-05-10 12:11:05,1.26916
2024-05-10 12:11:07,0.06024
2024-05-10 12:11:08,2.792624
2024-05-10 12:11:09,76.61388
2024-05-10 12:11:10,20.176736
2024-05-10 12:11:11,0.001184
2024-05-10 12:11:14,33.601936
2024-05-10 12:11:15,51.259808
2024-05-10 12:11:17,0.07956
2024-05-10 12:11:29,42.233696
2024-05-10 12:11:30,50.045728
2024-05-10 12:11:31,0.001184
2024-05-10 12:11:34,5.45588
2024-05-10 12:11:35,62.680704
2024-05-10 12:11:39,0.975016
2024-05-10 12:11:40,6.926864
2024-05-10 12:11:41,15.590824
2024-05-10 12:11:42,23.203816
2024-05-10 12:11:43,2.46448
2024-05-10 12:11:44,16.597168
2024-05-10 12:11:49,9.557272
2024-05-10 12:11:50,12.736696
2024-05-10 12:11:51,11.571328
2024-05-10 12:11:55,1.96684
2024-05-10 12:12:00,9.45148
2024-05-10 12:12:01,18.026496
2024-05-10 12:12:02,7.324744
2024-05-10 12:12:03,20.594352
2024-05-10 12:12:04,24.016536
2024-05-10 12:12:05,24.348104
2024-05-10 12:12:09,0.5072
2024-05-10 12:12:10,18.184184
2024-05-10 12:12:11,11.871496
2024-05-10 12:12:12,18.416752
2024-05-10 12:12:13,27.28236
2024-05-10 12:12:14,25.318976
2024-05-10 12:12:19,17.600152
2024-05-10 12:12:20,15.087616
2024-05-10 12:12:21,16.51228
2024-05-10 12:12:22,18.19824
2024-05-10 12:12:23,16.9034
2024-05-10 12:12:24,7.630912
2024-05-10 12:12:25,26.057936
2024-05-10 12:12:26,11.640592
2024-05-10 12:12:27,13.367976
2024-05-10 12:12:28,43.230432
2024-05-10 12:12:33,33.321232
2024-05-10 12:12:35,16.129688
2024-05-10 12:12:36,16.507096
2024-05-10 12:12:37,17.747976
2024-05-10 12:12:38,27.277272
2024-05-10 12:12:40,1.167792
2024-05-10 12:12:41,13.525408
2024-05-10 12:12:42,15.629152
2024-05-10 12:12:46,8.535864
2024-05-10 12:12:47,19.017
2024-05-10 12:12:48,42.780776
2024-05-10 12:12:49,25.585832
2024-05-10 12:12:50,7.343144
2024-05-10 12:12:51,14.764592
2024-05-10 12:12:52,14.999896
2024-05-10 12:12:53,8.467736
2024-05-10 12:12:54,31.870752
2024-05-10 12:12:55,14.444896
2024-05-10 12:12:56,11.114368
2024-05-10 12:12:57,16.672656
2024-05-10 12:12:58,11.037472
2024-05-10 12:13:02,13.541768
2024-05-10 12:13:03,20.791232
2024-05-10 12:13:04,15.44468
2024-05-10 12:13:05,16.744784
2024-05-10 12:13:06,24.77568
2024-05-10 12:13:07,5.757008
2024-05-10 12:13:08,11.43216
2024-05-10 12:13:09,20.739744
2024-05-10 12:13:10,23.021504
2024-05-10 12:13:11,26.415128
2024-05-10 12:13:12,39.557008
2024-05-10 12:13:13,10.88248
2024-05-10 12:13:14,11.105408
2024-05-10 12:13:18,19.08204
2024-05-10 12:13:19,20.138624
2024-05-10 12:13:20,35.410904
2024-05-10 12:13:21,26.3634
2024-05-10 12:13:22,4.488688
2024-05-10 12:13:23,16.537
2024-05-10 12:13:24,20.499552
2024-05-10 12:13:25,17.056968
2024-05-10 12:13:26,36.889856
2024-05-10 12:13:27,36.591104
2024-05-10 12:13:28,31.818088
2024-05-10 12:13:29,31.935992
2024-05-10 12:13:30,34.104
2024-05-10 12:13:31,9.077696
2024-05-10 12:13:32,14.470608
2024-05-10 12:13:33,22.82296
2024-05-10 12:13:34,13.909424
2024-05-10 12:13:35,14.664432
2024-05-10 12:13:36,18.385376
2024-05-10 12:13:37,20.389432
2024-05-10 12:13:39,24.056736
2024-05-10 12:13:40,15.503776
2024-05-10 12:13:41,24.0132
2024-05-10 12:13:42,4.186224
2024-05-10 12:13:43,32.20804
2024-05-10 12:13:44,13.154632
2024-05-10 12:13:45,11.436136
2024-05-10 12:13:46,18.51832
2024-05-10 12:13:47,20.889664
2024-05-10 12:13:48,30.27852
2024-05-10 12:13:49,34.079952
2024-05-10 12:13:50,12.556752
2024-05-10 12:13:51,13.882464
2024-05-10 12:13:52,17.81168
2024-05-10 12:13:53,30.573456
2024-05-10 12:13:54,30.158112
2024-05-10 12:13:55,19.604432
2024-05-10 12:13:56,19.29348
2024-05-10 12:13:57,21.456744
2024-05-10 12:13:58,21.299664
2024-05-10 12:13:59,23.922456
2024-05-10 12:14:00,21.842776
2024-05-10 12:14:01,27.681952
2024-05-10 12:14:02,27.742536
2024-05-10 12:14:03,35.452304
2024-05-10 12:14:04,18.094088
2024-05-10 12:14:08,7.081688
2024-05-10 12:14:09,20.172104
2024-05-10 12:14:14,11.705472
2024-05-10 12:14:15,11.611632
2024-05-10 12:14:16,0.678752
2024-05-10 12:14:17,1.349528
2024-05-10 12:14:18,4.77996
2024-05-10 12:14:19,6.54104
2024-05-10 12:14:20,16.810408
2024-05-10 12:14:21,1.358176
2024-05-10 12:14:22,0.466752
2024-05-10 12:14:23,11.911736
2024-05-10 12:14:24,12.845448
2024-05-10 12:14:25,22.747128
2024-05-10 12:14:26,3.870672
2024-05-10 12:14:27,23.855904
2024-05-10 12:14:28,26.159976
2024-05-10 12:14:29,5.044448
2024-05-10 12:14:30,9.395856
2024-05-10 12:14:31,9.991056
2024-05-10 12:14:32,9.4486
2024-05-10 12:14:33,3.127456
2024-05-10 12:14:37,1.31288
2024-05-10 12:14:39,24.540736
2024-05-10 12:14:40,15.654632
2024-05-10 12:14:41,14.290912
2024-05-10 12:14:42,0.650528
2024-05-10 12:14:43,22.756688
2024-05-10 12:14:44,23.237064
2024-05-10 12:14:45,4.590384
2024-05-10 12:14:46,11.486272
2024-05-10 12:14:47,16.923472
2024-05-10 12:14:48,14.35092
2024-05-10 12:14:49,11.15008
2024-05-10 12:14:50,25.064024
2024-05-10 12:14:51,3.33332
2024-05-10 12:14:52,14.412312
2024-05-10 12:14:53,8.438296
2024-05-10 12:14:54,25.061744
2024-05-10 12:14:55,9.808104
2024-05-10 12:14:56,17.634192
2024-05-10 12:14:57,17.428976
2024-05-10 12:14:58,14.809136
2024-05-10 12:14:59,16.523104
2024-05-10 12:15:00,21.406824
2024-05-10 12:15:01,0.1024
2024-05-10 12:15:02,9.883104
2024-05-10 12:15:03,13.67816
2024-05-10 12:15:04,35.183152
2024-05-10 12:15:05,33.8006
2024-05-10 12:15:06,4.67872
2024-05-10 12:15:07,13.43512
2024-05-10 12:15:08,17.67524
2024-05-10 12:15:09,15.182568
2024-05-10 12:15:10,11.406496
2024-05-10 12:15:11,23.774944
2024-05-10 12:15:12,12.821912
2024-05-10 12:15:13,17.89836
2024-05-10 12:15:14,21.923768
2024-05-10 12:15:15,25.123536
2024-05-10 12:15:16,31.26324
2024-05-10 12:15:17,20.693376
2024-05-10 12:15:18,10.656952
2024-05-10 12:15:19,13.65296
2024-05-10 12:15:20,17.720928
2024-05-10 12:15:21,24.665248
2024-05-10 12:15:22,21.943376
2024-05-10 12:15:23,7.139944
2024-05-10 12:15:24,7.624904
2024-05-10 12:15:25,16.296576
2024-05-10 12:15:26,29.506104
2024-05-10 12:15:27,6.492888
2024-05-10 12:15:28,10.717584
2024-05-10 12:15:29,15.128912
2024-05-10 12:15:30,6.957136
2024-05-10 12:15:31,29.9402
2024-05-10 12:15:32,7.545512
2024-05-10 12:15:33,6.986368
2024-05-10 12:15:34,14.203808
2024-05-10 12:15:35,33.270136
2024-05-10 12:15:36,16.2974
2024-05-10 12:15:37,10.446552
2024-05-10 12:15:38,12.343304
2024-05-10 12:15:39,14.9752
2024-05-10 12:15:40,25.081368
2024-05-10 12:15:42,20.231568
2024-05-10 12:15:43,14.161808
2024-05-10 12:15:44,13.17984
2024-05-10 12:15:45,14.103792
2024-05-10 12:15:46,19.519088
2024-05-10 12:15:47,25.633096
2024-05-10 12:15:48,11.32164
2024-05-10 12:15:49,26.50544
2024-05-10 12:15:50,23.817608
2024-05-10 12:15:51,6.619544
2024-05-10 12:15:52,9.054216
2024-05-10 12:15:53,11.893264
2024-05-10 12:15:54,12.227168
2024-05-10 12:15:55,31.410568
2024-05-10 12:15:56,22.316504
2024-05-10 12:15:57,13.189208
2024-05-10 12:15:58,15.245808
2024-05-10 12:15:59,34.742904
2024-05-10 12:16:00,27.50564
2024-05-10 12:16:01,7.283168
2024-05-10 12:16:02,6.717744
2024-05-10 12:16:03,8.699912
2024-05-10 12:16:04,10.947856
2024-05-10 12:16:05,8.550328
2024-05-10 12:16:07,1.964992
2024-05-10 12:16:08,11.645376
2024-05-10 12:16:09,13.306328
2024-05-10 12:16:10,18.49716
2024-05-10 12:16:11,26.56636
2024-05-10 12:16:12,7.095936
2024-05-10 12:16:13,5.060752
2024-05-10 12:16:14,7.535064
2024-05-10 12:16:15,24.536992
2024-05-10 12:16:17,6.593144
2024-05-10 12:16:18,9.997584
2024-05-10 12:16:19,10.40536
2024-05-10 12:16:20,13.828272
2024-05-10 12:16:21,42.83732
2024-05-10 12:16:22,6.043128
2024-05-10 12:16:23,8.916432
2024-05-10 12:16:24,11.809504
2024-05-10 12:16:25,8.734648
2024-05-10 12:16:26,31.02356
2024-05-10 12:16:27,11.207248
2024-05-10 12:16:28,7.393792
2024-05-10 12:16:29,26.387
2024-05-10 12:16:30,26.77616
2024-05-10 12:16:31,7.405992
2024-05-10 12:16:32,8.857528
2024-05-10 12:16:33,11.69472
2024-05-10 12:16:34,32.855448
2024-05-10 12:16:36,12.377024
2024-05-10 12:16:37,13.930976
2024-05-10 12:16:42,5.483664
2024-05-10 12:16:43,16.743072
2024-05-10 12:16:44,2.595392
2024-05-10 12:16:45,9.635344
2024-05-10 12:16:46,12.883192
2024-05-10 12:16:47,11.546616
2024-05-10 12:16:48,11.060808
2024-05-10 12:16:49,37.894184
2024-05-10 12:16:50,4.839328
2024-05-10 12:16:51,9.312424
2024-05-10 12:16:52,9.30764
2024-05-10 12:16:53,14.704776
2024-05-10 12:16:54,26.309512
2024-05-10 12:16:55,1.336376
2024-05-10 12:16:56,8.379976
2024-05-10 12:16:57,8.387288
2024-05-10 12:16:58,10.002128
2024-05-10 12:16:59,6.627232
2024-05-10 12:17:00,46.183384
2024-05-10 12:17:01,6.730904
2024-05-10 12:17:02,12.748344
2024-05-10 12:17:03,41.192272
2024-05-10 12:17:04,27.164288
2024-05-10 12:17:05,5.449152
2024-05-10 12:17:06,12.778312
2024-05-10 12:17:07,15.729224
2024-05-10 12:17:08,13.628672
2024-05-10 12:17:09,1.882456
2024-05-10 12:17:10,4.094136
2024-05-10 12:17:11,6.059088
2024-05-10 12:17:12,8.426592
2024-05-10 12:17:13,15.998984
2024-05-10 12:17:14,15.578792
2024-05-10 12:17:15,6.786936
2024-05-10 12:17:16,9.287768
2024-05-10 12:17:17,11.805992
2024-05-10 12:17:18,0.946224
2024-05-10 12:17:21,11.018
2024-05-10 12:17:22,13.588632
2024-05-10 12:17:23,1.222496
2024-05-10 12:17:28,10.112088
2024-05-10 12:17:29,14.42192
2024-05-10 12:17:33,1.548632
2024-05-10 12:17:34,28.828744
2024-05-10 12:17:35,6.18596
2024-05-10 12:17:36,9.05944
2024-05-10 12:17:37,11.628608
2024-05-10 12:17:38,12.87108
2024-05-10 12:17:39,6.856832
2024-05-10 12:17:40,2.012752
2024-05-10 12:17:41,4.086048
2024-05-10 12:17:42,7.239656
2024-05-10 12:17:43,6.153912
2024-05-10 12:17:44,20.434416
2024-05-10 12:17:52,1.821024
2024-05-10 12:17:53,9.304016
2024-05-10 12:17:54,6.063344
2024-05-10 12:17:55,5.959672
2024-05-10 12:17:56,8.486792
2024-05-10 12:17:59,27.663152
2024-05-10 12:18:00,25.074208
2024-05-10 12:18:01,0.72304
2024-05-10 12:18:02,0.001184
2024-05-10 12:18:04,0.01208
2024-05-10 12:18:05,62.66008
2024-05-10 12:18:06,22.321128
2024-05-10 12:18:10,6.035192
2024-05-10 12:18:15,22.00224
2024-05-10 12:18:16,4.574216
2024-05-10 12:18:19,27.108568
2024-05-10 12:18:20,48.16356
2024-05-10 12:18:27,0.054336
2024-05-10 12:18:28,0.067384
2024-05-10 12:18:31,0.01208
2024-05-10 12:18:32,46.293704
2024-05-10 12:18:33,20.145208
2024-05-10 12:18:38,5.118192
2024-05-10 12:18:39,17.566112
2024-05-10 12:18:43,35.893248
2024-05-10 12:18:44,1.906048
2024-05-10 12:18:48,6.287976
2024-05-10 12:18:49,12.662464
2024-05-10 12:18:54,12.04704
2024-05-10 12:18:55,23.839408
2024-05-10 12:18:56,0.0024
2024-05-10 12:18:59,0.012072
2024-05-10 12:19:00,18.623568
2024-05-10 12:19:01,25.257848
2024-05-10 12:19:04,0.001184
2024-05-10 12:19:05,11.30648
2024-05-10 12:19:06,66.697072
2024-05-10 12:19:07,0.061784
2024-05-10 12:19:08,0.000712
2024-05-10 12:19:12,0.002664
2024-05-10 12:19:13,21.212416
2024-05-10 12:19:14,67.73216
2024-05-10 12:19:15,13.620768
2024-05-10 12:19:22,18.53888
2024-05-10 12:19:23,47.739752
2024-05-10 12:19:24,0.001184
2024-05-10 12:19:28,57.613312
2024-05-10 12:19:29,45.140144
2024-05-10 12:19:33,12.6568
2024-05-10 12:19:34,28.520808
2024-05-10 12:19:39,6.241096
2024-05-10 12:19:40,16.560376
2024-05-10 12:19:45,16.682696
2024-05-10 12:19:48,0.004648
2024-05-10 12:19:50,5.955712
2024-05-10 12:19:54,0.001376
2024-05-10 12:19:55,10.03176
2024-05-10 12:20:00,3.611696
2024-05-10 12:20:01,36.098024
2024-05-10 12:20:02,12.341552
2024-05-10 12:20:05,34.868808
2024-05-10 12:20:06,23.224528
2024-05-10 12:20:09,2.804112
2024-05-10 12:20:10,1.21184
2024-05-10 12:20:11,26.3584
2024-05-10 12:20:15,4.024072
2024-05-10 12:20:20,24.55132
2024-05-10 12:20:21,25.395792
2024-05-10 12:20:25,8.007408
2024-05-10 12:20:31,28.195064
2024-05-10 12:20:32,5.119072
2024-05-10 12:20:33,0.98952
2024-05-10 12:20:36,0.519776
2024-05-10 12:20:37,39.61968
2024-05-10 12:20:42,8.000688
2024-05-10 12:20:46,0.001184
2024-05-10 12:20:47,18.329496
2024-05-10 12:20:48,32.260168
2024-05-10 12:20:52,6.025232
2024-05-10 12:20:57,28.663392
2024-05-10 12:20:58,24.003096
2024-05-10 12:21:00,0.002664
2024-05-10 12:21:02,0.01208
2024-05-10 12:21:03,62.510528
2024-05-10 12:21:07,23.999664
2024-05-10 12:21:08,12.288016
2024-05-10 12:21:12,4.27488
2024-05-10 12:21:13,46.341416
2024-05-10 12:21:14,14.478768
2024-05-10 12:21:15,0.507808
2024-05-10 12:21:16,0.692128
2024-05-10 12:21:17,0.916392
2024-05-10 12:21:18,16.670152
2024-05-10 12:21:23,0.002664
2024-05-10 12:21:25,28.122856
2024-05-10 12:21:27,0.001184
2024-05-10 12:21:29,10.939896
2024-05-10 12:21:30,33.588464
2024-05-10 12:21:31,3.232264
2024-05-10 12:21:33,0.007192
2024-05-10 12:21:34,20.539936
2024-05-10 12:21:35,8.464368
2024-05-10 12:21:39,1.060952
2024-05-10 12:21:40,38.389968
2024-05-10 12:21:43,0.001288
2024-05-10 12:21:44,34.506768
2024-05-10 12:21:45,19.687816
2024-05-10 12:21:47,0.0626
2024-05-10 12:21:48,0.000712
2024-05-10 12:21:49,18.580736
2024-05-10 12:21:50,23.250088
2024-05-10 12:21:59,8.04168
2024-05-10 12:22:01,0.002072
2024-05-10 12:22:04,6.026848
2024-05-10 12:22:06,0.002992
2024-05-10 12:22:08,0.001184
2024-05-10 12:22:11,16.538672
2024-05-10 12:22:12,29.871392
2024-05-10 12:22:14,0.001288
2024-05-10 12:22:20,0.0024
2024-05-10 12:22:21,0.001288
2024-05-10 12:22:24,0.001288
2024-05-10 12:22:27,0.067592
2024-05-10 12:22:28,0.090408
2024-05-10 12:22:31,4.14624
2024-05-10 12:22:32,46.835104
2024-05-10 12:22:38,4.021984
2024-05-10 12:22:41,0.013672
2024-05-10 12:22:42,28.055864
2024-05-10 12:22:44,0.017952
2024-05-10 12:22:45,0.082072
2024-05-10 12:22:47,9.86252
2024-05-10 12:22:48,19.25728
2024-05-10 12:22:49,0.001184
2024-05-10 12:22:52,0.001288
2024-05-10 12:22:53,18.07552
2024-05-10 12:22:57,10.028912
2024-05-10 12:22:59,15.913552
2024-05-10 12:23:02,0.001288
2024-05-10 12:23:03,0.003552
2024-05-10 12:23:04,24.598552
2024-05-10 12:23:09,24.467992
2024-05-10 12:23:12,0.001288
2024-05-10 12:23:13,35.258136
2024-05-10 12:23:14,20.936712
2024-05-10 12:23:17,6.023272
2024-05-10 12:23:22,8.032616
2024-05-10 12:23:23,23.769088
2024-05-10 12:23:27,4.57384
2024-05-10 12:23:28,7.469008
2024-05-10 12:23:30,0.001184
2024-05-10 12:23:31,0.000784
2024-05-10 12:23:33,20.81888
2024-05-10 12:23:34,25.832576
2024-05-10 12:23:35,0.0008
2024-05-10 12:23:37,0.000784
2024-05-10 12:23:39,16.553264
2024-05-10 12:23:40,26.506144
2024-05-10 12:23:43,6.02588
2024-05-10 12:23:44,22.098096
2024-05-10 12:23:46,0.000784
2024-05-10 12:23:47,0.029448
2024-05-10 12:23:48,6.005112
2024-05-10 12:23:50,0.839704
2024-05-10 12:23:51,0.001376
2024-05-10 12:23:53,8.60656
2024-05-10 12:23:54,55.489384
2024-05-10 12:23:55,4.94
2024-05-10 12:23:58,4.010552
2024-05-10 12:23:59,1.953744
2024-05-10 12:24:00,3.67768
2024-05-10 12:24:03,1.199912
2024-05-10 12:24:04,56.268392
2024-05-10 12:24:08,17.279352
2024-05-10 12:24:11,0.001184
2024-05-10 12:24:12,0.00524
2024-05-10 12:24:14,16.578864
2024-05-10 12:24:15,19.189768
2024-05-10 12:24:19,12.052672
2024-05-10 12:24:24,34.929104
2024-05-10 12:24:25,17.380552
2024-05-10 12:24:27,10.495496
2024-05-10 12:24:28,6.187552
2024-05-10 12:24:33,2.014392
2024-05-10 12:24:34,23.503888
2024-05-10 12:24:36,0.002664
2024-05-10 12:24:37,20.862808
2024-05-10 12:24:38,30.173352
2024-05-10 12:24:39,7.73932
2024-05-10 12:24:42,0.00192
2024-05-10 12:24:43,14.751888
2024-05-10 12:24:47,18.470248
2024-05-10 12:24:51,0.059368
2024-05-10 12:24:52,0.001184
2024-05-10 12:24:53,11.793608
2024-05-10 12:24:54,22.855736
2024-05-10 12:24:55,0.718976
2024-05-10 12:24:56,0.001376
2024-05-10 12:24:57,7.564904
2024-05-10 12:24:58,70.54448
2024-05-10 12:24:59,10.066904
2024-05-10 12:25:03,26.616224
2024-05-10 12:25:04,30.243936
2024-05-10 12:25:05,11.914312
2024-05-10 12:25:07,0.023296
2024-05-10 12:25:08,0.021752
2024-05-10 12:25:09,9.996648
2024-05-10 12:25:14,15.961376
2024-05-10 12:25:20,33.535448
2024-05-10 12:25:21,21.569384
2024-05-10 12:25:25,19.372624
2024-05-10 12:25:33,2.938
2024-05-10 12:25:34,11.125544
2024-05-10 12:25:35,8.171304
2024-05-10 12:25:36,0.00396
2024-05-10 12:25:41,6.78412
2024-05-10 12:25:42,60.170136
2024-05-10 12:25:43,25.473808
2024-05-10 12:25:47,0.030016
2024-05-10 12:25:50,15.488264
2024-05-10 12:25:51,47.975176
2024-05-10 12:25:53,0.001184
2024-05-10 12:25:54,31.620016
2024-05-10 12:25:59,8.041328
2024-05-10 12:26:00,3.996232
2024-05-10 12:26:01,0.006568
2024-05-10 12:26:02,0.000592
2024-05-10 12:26:06,6.014032
2024-05-10 12:26:11,0.001376
2024-05-10 12:26:14,0.001184
2024-05-10 12:26:16,10.9596
2024-05-10 12:26:17,5.121008
2024-05-10 12:26:22,30.521344
2024-05-10 12:26:24,0.002664
2024-05-10 12:26:27,2.534464
2024-05-10 12:26:28,26.422216
2024-05-10 12:26:32,6.032872
2024-05-10 12:26:33,25.746096
2024-05-10 12:26:35,0.018816
2024-05-10 12:26:36,1.655208
2024-05-10 12:26:37,0.001184
2024-05-10 12:26:39,40.707336
2024-05-10 12:26:40,6.132432
2024-05-10 12:26:44,7.964064
2024-05-10 12:26:45,15.106384
2024-05-10 12:26:49,39.0024
2024-05-10 12:26:50,1.447672
2024-05-10 12:26:54,6.032504
2024-05-10 12:26:59,6.017888
2024-05-10 12:27:05,4.007944
2024-05-10 12:27:09,10.054352
2024-05-10 12:27:14,8.042448
2024-05-10 12:27:19,16.811624
2024-05-10 12:27:25,24.939384
2024-05-10 12:27:31,0.01208
2024-05-10 12:27:32,4.00744
2024-05-10 12:27:33,14.550864
2024-05-10 12:27:37,9.913256
2024-05-10 12:27:38,64.546336
2024-05-10 12:27:40,0.001184
2024-05-10 12:27:42,12.059088
2024-05-10 12:27:43,2.633088
2024-05-10 12:27:44,20.752664
2024-05-10 12:27:47,10.725552
2024-05-10 12:27:48,5.803928
2024-05-10 12:27:49,13.88304
2024-05-10 12:27:51,0.007024
2024-05-10 12:27:53,19.574072
2024-05-10 12:27:59,8.040128
2024-05-10 12:28:04,10.050224
2024-05-10 12:28:12,0.002664
2024-05-10 12:28:14,10.031224
2024-05-10 12:28:20,32.226856
2024-05-10 12:28:21,24.669568
2024-05-10 12:28:25,10.608104
2024-05-10 12:28:26,8.791056
2024-05-10 12:28:27,20.877496
2024-05-10 12:28:28,0.061168
2024-05-10 12:28:31,8.03576
2024-05-10 12:28:32,24.654736
2024-05-10 12:28:33,0.903512
2024-05-10 12:28:38,47.381176
2024-05-10 12:28:39,54.99892
2024-05-10 12:28:41,0.001184
2024-05-10 12:28:42,9.1416
2024-05-10 12:28:48,3.967864
2024-05-10 12:28:49,11.871584
2024-05-10 12:28:50,0.96596
2024-05-10 12:28:53,3.054264
2024-05-10 12:28:54,13.486064
2024-05-10 12:28:57,16.06328
2024-05-10 12:29:02,2.806112
2024-05-10 12:29:03,32.90724
2024-05-10 12:29:06,24.291216
2024-05-10 12:29:07,17.720496
2024-05-10 12:29:08,3.63452
2024-05-10 12:29:11,1.66692
2024-05-10 12:29:12,33.488016
2024-05-10 12:29:17,13.282232
2024-05-10 12:29:18,3.38668
2024-05-10 12:29:27,0.001376
2024-05-10 12:29:31,8.04324
2024-05-10 12:29:47,0.029408
2024-05-10 12:29:48,0.000592
2024-05-10 12:29:50,3.983968
2024-05-10 12:29:55,3.073544
2024-05-10 12:29:56,24.270776
2024-05-10 12:29:57,6.298304
2024-05-10 12:29:58,18.639216
2024-05-10 12:29:59,1.3404
2024-05-10 12:30:00,0.002664
2024-05-10 12:30:01,8.24624
2024-05-10 12:30:03,0.820488
2024-05-10 12:30:06,0.012688
2024-05-10 12:30:07,28.79912
2024-05-10 12:30:09,5.658896
2024-05-10 12:30:12,11.258232
2024-05-10 12:30:13,33.096744
2024-05-10 12:30:14,22.512184
2024-05-10 12:30:15,11.311376
2024-05-10 12:30:16,13.365392
2024-05-10 12:30:17,0.009864
2024-05-10 12:30:18,14.19352
2024-05-10 12:30:19,2.61724
2024-05-10 12:30:21,0.001376
2024-05-10 12:30:22,7.946736
2024-05-10 12:30:23,30.330512
2024-05-10 12:30:28,11.113464
2024-05-10 12:30:29,34.468336
2024-05-10 12:30:32,0.012088
2024-05-10 12:30:33,6.01116
2024-05-10 12:30:45,12.895136
2024-05-10 12:30:46,10.340304
2024-05-10 12:30:49,5.431368
2024-05-10 12:30:50,24.990888
2024-05-10 12:30:51,22.881744
2024-05-10 12:30:56,7.024768
2024-05-10 12:30:57,25.947592
2024-05-10 12:31:01,38.972496
2024-05-10 12:31:02,2.828408
2024-05-10 12:31:03,0.599336
2024-05-10 12:31:05,0.001184
2024-05-10 12:31:06,6.06148
2024-05-10 12:31:07,12.82632
2024-05-10 12:31:12,4.022088
2024-05-10 12:31:13,20.32612
2024-05-10 12:31:17,0.012088
2024-05-10 12:31:18,1.9898
2024-05-10 12:31:22,12.135776
2024-05-10 12:31:23,16.639912
2024-05-10 12:31:24,1.71912
2024-05-10 12:31:25,0.001184
2024-05-10 12:31:28,36.131048
2024-05-10 12:31:29,11.627384
2024-05-10 12:31:32,4.015216
2024-05-10 12:31:33,5.568304
2024-05-10 12:31:34,16.712616
2024-05-10 12:31:39,28.840048
2024-05-10 12:31:40,23.25
2024-05-10 12:31:45,0.001184
2024-05-10 12:31:47,0.02504
2024-05-10 12:31:48,0.008624
2024-05-10 12:31:49,30.991784
2024-05-10 12:31:56,12.061264
2024-05-10 12:32:04,60.309544
2024-05-10 12:32:05,20.365928
2024-05-10 12:32:10,3.316656
2024-05-10 12:32:11,26.029304
2024-05-10 12:32:12,12.601528
2024-05-10 12:32:19,2.59704
2024-05-10 12:32:20,59.67416
2024-05-10 12:32:26,0.001776
2024-05-10 12:32:27,0.029392
2024-05-10 12:32:28,0.892792
2024-05-10 12:32:29,5.074312
2024-05-10 12:32:33,25.294056
2024-05-10 12:32:36,2.493912
2024-05-10 12:32:37,34.70312
2024-05-10 12:32:38,17.568456
2024-05-10 12:32:42,10.046224
2024-05-10 12:32:48,6.051112
2024-05-10 12:32:49,28.989
2024-05-10 12:32:53,22.065528
2024-05-10 12:32:54,79.194632
2024-05-10 12:32:55,1.22116
2024-05-10 12:32:59,0.001776
2024-05-10 12:33:00,20.871128
2024-05-10 12:33:01,18.205288
2024-05-10 12:33:07,10.048904
2024-05-10 12:33:13,0.012088
2024-05-10 12:33:14,42.933072
2024-05-10 12:33:15,2.531616
2024-05-10 12:33:20,5.401616
2024-05-10 12:33:21,68.447368
2024-05-10 12:33:28,27.172752
2024-05-10 12:33:29,34.581048
2024-05-10 12:33:30,0.000784
2024-05-10 12:33:31,5.418768
2024-05-10 12:33:32,73.579976
2024-05-10 12:33:33,0.000784
2024-05-10 12:33:34,0.001376
2024-05-10 12:33:36,44.733616
2024-05-10 12:33:37,52.789592
2024-05-10 12:33:38,0.000784
2024-05-10 12:33:40,0.078872
2024-05-10 12:33:42,34.928152
2024-05-10 12:33:43,21.214768
2024-05-10 12:33:44,0.062528
2024-05-10 12:33:46,0.002352
2024-05-10 12:33:47,13.738488
2024-05-10 12:33:48,25.3934
2024-05-10 12:33:50,0.005376
2024-05-10 12:33:53,14.06
2024-05-10 12:33:54,21.076384
2024-05-10 12:33:57,2.814048
2024-05-10 12:33:58,10.047728
2024-05-10 12:34:03,6.033328
2024-05-10 12:34:09,6.03328
2024-05-10 12:34:13,4.012384
2024-05-10 12:34:14,24.76932
2024-05-10 12:34:19,8.044576
2024-05-10 12:34:29,21.15092
2024-05-10 12:34:38,18.606472
2024-05-10 12:34:43,2.290328
2024-05-10 12:34:44,3.738816
2024-05-10 12:34:45,0.813432
2024-05-10 12:34:46,0.000432
2024-05-10 12:34:49,12.239056
2024-05-10 12:34:50,42.670072
2024-05-10 12:34:54,17.052896
2024-05-10 12:35:01,1.229512
2024-05-10 12:35:02,34.482256
2024-05-10 12:35:09,2.535056
2024-05-10 12:35:10,1.484384
2024-05-10 12:35:14,0.724328
2024-05-10 12:35:15,3.286696
2024-05-10 12:35:26,25.236416
2024-05-10 12:35:34,4.016168
2024-05-10 12:35:38,0.0018
2024-05-10 12:35:39,0.002592
2024-05-10 12:35:40,6.033904
2024-05-10 12:35:41,1.643896
2024-05-10 12:35:43,0.054632
2024-05-10 12:35:47,0.0294
2024-05-10 12:35:48,0.000592
2024-05-10 12:35:50,23.855176
2024-05-10 12:35:51,63.229696
2024-05-10 12:35:52,15.325968
2024-05-10 12:35:55,0.08124
2024-05-10 12:35:57,50.543512
2024-05-10 12:35:58,33.772984
2024-05-10 12:36:03,0.012088
2024-05-10 12:36:04,27.3414
2024-05-10 12:36:07,8.037992
2024-05-10 12:36:14,22.070936
2024-05-10 12:36:17,6.025416
2024-05-10 12:36:23,24.790808
2024-05-10 12:36:27,0.029408
2024-05-10 12:36:28,14.11876
2024-05-10 12:36:29,27.933616
2024-05-10 12:36:39,0.012088
2024-05-10 12:36:40,27.560704
2024-05-10 12:36:43,0.094448
2024-05-10 12:36:44,3.926368
2024-05-10 12:36:50,37.544096
2024-05-10 12:36:53,0.001184
2024-05-10 12:36:55,2.355792
2024-05-10 12:36:56,5.678424
2024-05-10 12:36:57,1.139888
2024-05-10 12:36:59,0.022488
2024-05-10 12:37:01,34.639536
2024-05-10 12:37:04,4.005432
2024-05-10 12:37:05,13.822904
2024-05-10 12:37:06,0.667272
2024-05-10 12:37:07,0.027888
2024-05-10 12:37:08,0.000592
2024-05-10 12:37:09,57.865136
2024-05-10 12:37:10,3.804952
2024-05-10 12:37:13,0.001184
2024-05-10 12:37:14,2.745216
2024-05-10 12:37:15,1.27016
2024-05-10 12:37:20,16.67736
2024-05-10 12:37:21,12.038448
2024-05-10 12:37:28,22.802392
2024-05-10 12:37:33,0.012088
2024-05-10 12:37:34,4.001472
2024-05-10 12:37:36,4.023208
2024-05-10 12:37:37,9.931592
2024-05-10 12:37:39,0.080648
2024-05-10 12:37:41,3.76424
2024-05-10 12:37:42,11.251208
2024-05-10 12:37:46,0.05652
2024-05-10 12:37:47,16.531776
2024-05-10 12:37:48,21.192504
2024-05-10 12:37:53,7.907
2024-05-10 12:38:02,35.348472
2024-05-10 12:38:06,10.041248
2024-05-10 12:38:07,20.128992
2024-05-10 12:38:08,22.663632
2024-05-10 12:38:12,4.346464
2024-05-10 12:38:13,0.001544
2024-05-10 12:38:15,0.001184
2024-05-10 12:38:17,8.349024
2024-05-10 12:38:18,8.31888
2024-05-10 12:38:23,19.331632
2024-05-10 12:38:24,26.443096
2024-05-10 12:38:27,0.0294
2024-05-10 12:38:28,0.061176
2024-05-10 12:38:29,3.8894
2024-05-10 12:38:30,10.93476
2024-05-10 12:38:31,3.48
2024-05-10 12:38:33,8.139392
2024-05-10 12:38:34,4.022312
2024-05-10 12:38:35,0.015488
2024-05-10 12:38:37,0.079464
2024-05-10 12:38:38,13.971648
2024-05-10 12:38:51,12.067144
2024-05-10 12:39:00,15.677128
2024-05-10 12:39:01,7.824824
2024-05-10 12:39:06,34.198216
2024-05-10 12:39:07,3.850168
2024-05-10 12:39:09,4.013672
2024-05-10 12:39:11,1.622752
2024-05-10 12:39:15,45.539912
2024-05-10 12:39:16,13.3216
2024-05-10 12:39:18,0.080648
2024-05-10 12:39:19,14.26576
2024-05-10 12:39:20,4.277344
2024-05-10 12:39:24,6.0314
2024-05-10 12:39:37,4.631504
2024-05-10 12:39:38,3.37988
2024-05-10 12:39:42,0.054968
2024-05-10 12:39:46,5.803784
2024-05-10 12:39:47,13.960152
2024-05-10 12:39:49,0.184056
2024-05-10 12:39:51,25.690744
2024-05-10 12:39:55,4.01056
2024-05-10 12:39:56,22.619632
2024-05-10 12:39:57,0.001184
2024-05-10 12:39:59,27.378928
2024-05-10 12:40:00,0.03512
2024-05-10 12:40:03,23.795984
2024-05-10 12:40:04,27.151384
2024-05-10 12:40:05,0.670112
2024-05-10 12:40:09,35.471152
2024-05-10 12:40:13,8.0414
2024-05-10 12:40:18,0.001184
2024-05-10 12:40:19,18.837504
2024-05-10 12:40:23,0.071304
2024-05-10 12:40:24,9.98312
2024-05-10 12:40:25,7.022008
2024-05-10 12:40:27,0.025032
2024-05-10 12:40:28,0.00596
2024-05-10 12:40:29,14.060568
2024-05-10 12:40:30,31.05868
2024-05-10 12:40:31,1.407
2024-05-10 12:40:33,0.059504
2024-05-10 12:40:35,34.838024
2024-05-10 12:40:36,2.897968
2024-05-10 12:40:38,0.00256
2024-05-10 12:40:39,8.395504
2024-05-10 12:40:40,17.26968
2024-05-10 12:40:43,0.043504
2024-05-10 12:40:44,0.034112
2024-05-10 12:40:45,3.933256
2024-05-10 12:40:49,0.060216
2024-05-10 12:40:50,3.935016
2024-05-10 12:40:54,16.6414
2024-05-10 12:40:55,38.65712
2024-05-10 12:41:04,24.910816
2024-05-10 12:41:07,0.0294
2024-05-10 12:41:08,0.000592
2024-05-10 12:41:11,43.739272
2024-05-10 12:41:12,51.8612
2024-05-10 12:41:15,0.08064
2024-05-10 12:41:19,0.001184
2024-05-10 12:41:21,20.557344
2024-05-10 12:41:22,18.301864
2024-05-10 12:41:26,0.012096
2024-05-10 12:41:27,14.047128
2024-05-10 12:41:28,22.735192
2024-05-10 12:41:32,12.03912
2024-05-10 12:41:33,24.600392
2024-05-10 12:41:38,10.032864
2024-05-10 12:41:43,3.863776
2024-05-10 12:41:44,6.444208
2024-05-10 12:41:45,16.797088
2024-05-10 12:41:47,0.029392
2024-05-10 12:41:48,16.039336
2024-05-10 12:41:49,24.79212
2024-05-10 12:41:53,0.013472
2024-05-10 12:41:54,9.167288
2024-05-10 12:41:55,24.026496
2024-05-10 12:41:59,6.026768
2024-05-10 12:42:04,34.13268
2024-05-10 12:42:09,4.909328
2024-05-10 12:42:10,4.523896
2024-05-10 12:42:11,23.933536
2024-05-10 12:42:14,15.702824
2024-05-10 12:42:23,6.020544
2024-05-10 12:42:27,0.029392
2024-05-10 12:42:28,0.106248
2024-05-10 12:42:29,30.389808
2024-05-10 12:42:30,21.215128
2024-05-10 12:42:34,4.005192
2024-05-10 12:42:35,23.19648
2024-05-10 12:42:44,0.106632
2024-05-10 12:42:45,1.892936
2024-05-10 12:42:46,4.019408
2024-05-10 12:42:51,13.183112
2024-05-10 12:42:52,12.924568
2024-05-10 12:42:53,0.001544
2024-05-10 12:42:55,0.002192
2024-05-10 12:42:59,16.543056
2024-05-10 12:43:07,0.029376
2024-05-10 12:43:08,8.01104
2024-05-10 12:43:14,10.050536
2024-05-10 12:43:15,0.7426
2024-05-10 12:43:18,18.556256
2024-05-10 12:43:19,4.009472
2024-05-10 12:43:21,0.753328
2024-05-10 12:43:22,3.26944
2024-05-10 12:43:45,0.051592
2024-05-10 12:43:46,0.011184
2024-05-10 12:43:47,0.649616
2024-05-10 12:43:48,7.320864
2024-05-10 12:43:53,0.00276
2024-05-10 12:43:54,6.035496
2024-05-10 12:43:59,0.001376
2024-05-10 12:44:03,10.390768
2024-05-10 12:44:04,9.303096
2024-05-10 12:44:05,14.618592
2024-05-10 12:44:12,15.463976
2024-05-10 12:44:13,64.667696
2024-05-10 12:44:21,0.01368
2024-05-10 12:44:22,73.011384
2024-05-10 12:44:23,5.331856
2024-05-10 12:44:24,0.002664
2024-05-10 12:44:25,55.266352
2024-05-10 12:44:26,47.739696
2024-05-10 12:44:27,0.031544
2024-05-10 12:44:30,1.409368
2024-05-10 12:44:31,58.892856
2024-05-10 12:44:32,15.759968
2024-05-10 12:44:35,16.784416
2024-05-10 12:44:39,3.958024
2024-05-10 12:44:40,0.067152
2024-05-10 12:44:53,4.020208
2024-05-10 12:44:59,25.629976
2024-05-10 12:45:04,14.065064
2024-05-10 12:45:05,23.457944
2024-05-10 12:45:12,6.033288
2024-05-10 12:45:19,25.061608
2024-05-10 12:45:23,10.052808
2024-05-10 12:45:24,6.967696
2024-05-10 12:45:25,13.52848
2024-05-10 12:45:29,4.2386
2024-05-10 12:45:35,8.030544
2024-05-10 12:45:36,22.231568
2024-05-10 12:45:44,30.38832
2024-05-10 12:45:49,20.710304
2024-05-10 12:45:50,6.883664
2024-05-10 12:45:54,6.022432
2024-05-10 12:46:00,25.046352
2024-05-10 12:46:09,0.012088
2024-05-10 12:46:10,29.79948
2024-05-10 12:46:11,24.90316
2024-05-10 12:46:15,2.824456
2024-05-10 12:46:20,4.008432
2024-05-10 12:46:31,0.79284
2024-05-10 12:46:32,0.886848
2024-05-10 12:46:40,51.94636
2024-05-10 12:46:41,35.011104
2024-05-10 12:46:44,4.508488
2024-05-10 12:46:45,74.18208
2024-05-10 12:46:46,23.390176
2024-05-10 12:46:47,0.001184
2024-05-10 12:46:50,26.229672
2024-05-10 12:46:51,53.411096
2024-05-10 12:46:52,1.653528
2024-05-10 12:46:55,27.833728
2024-05-10 12:47:03,0.012096
2024-05-10 12:47:04,6.013088
2024-05-10 12:47:10,24.886336
2024-05-10 12:47:12,0.012096
2024-05-10 12:47:13,11.411576
2024-05-10 12:47:28,0.001184
2024-05-10 12:47:31,16.048808
2024-05-10 12:47:32,18.80228
2024-05-10 12:47:33,0.659832
2024-05-10 12:47:41,16.081008
2024-05-10 12:47:42,25.725616
2024-05-10 12:47:46,4.025152
2024-05-10 12:47:53,10.04384
2024-05-10 12:48:04,19.533784
2024-05-10 12:48:05,18.491888
2024-05-10 12:48:11,4.022672
2024-05-10 12:48:19,8.035504
2024-05-10 12:48:20,22.362304
2024-05-10 12:48:24,4.015096
2024-05-10 12:48:25,18.56528
2024-05-10 12:48:27,0.030032
2024-05-10 12:48:28,0.059408
2024-05-10 12:48:29,27.417456
2024-05-10 12:48:30,20.9916
2024-05-10 12:48:34,0.013704
2024-05-10 12:48:35,8.028328
2024-05-10 12:48:40,21.167664
2024-05-10 12:48:41,17.622584
2024-05-10 12:48:45,16.01072
2024-05-10 12:48:46,0.353776
2024-05-10 12:48:49,6.291344
2024-05-10 12:48:50,10.238784
2024-05-10 12:48:55,29.33588
2024-05-10 12:49:01,8.032752
2024-05-10 12:49:05,19.6132
2024-05-10 12:49:07,0.02944
2024-05-10 12:49:08,0.000592
2024-05-10 12:49:13,0.001184
2024-05-10 12:49:15,7.413944
2024-05-10 12:49:16,7.334944
2024-05-10 12:49:23,12.905592
2024-05-10 12:49:24,15.76052
2024-05-10 12:49:28,4.02244
2024-05-10 12:49:38,30.561608
2024-05-10 12:49:39,8.611192
2024-05-10 12:49:43,11.72892
2024-05-10 12:49:44,25.462752
2024-05-10 12:49:49,14.075176
2024-05-10 12:49:52,2.172656
2024-05-10 12:49:53,5.874368
2024-05-10 12:49:55,0.001184
2024-05-10 12:50:00,14.062232
2024-05-10 12:50:01,25.229032
2024-05-10 12:50:07,13.98108
2024-05-10 12:50:13,4.022696
2024-05-10 12:50:16,0.001184
2024-05-10 12:50:18,4.00384
2024-05-10 12:50:19,26.031072
2024-05-10 12:50:22,4.012024
2024-05-10 12:50:27,4.02244
2024-05-10 12:50:31,6.027032
2024-05-10 12:50:36,9.909968
2024-05-10 12:50:37,21.238544
2024-05-10 12:50:42,8.033536
2024-05-10 12:50:46,3.96648
2024-05-10 12:50:56,24.739712
2024-05-10 12:51:01,28.623616
2024-05-10 12:51:04,0.001376
2024-05-10 12:51:06,7.44248
2024-05-10 12:51:07,2.593272
2024-05-10 12:51:12,4.023536
2024-05-10 12:51:27,22.490512
2024-05-10 12:51:33,2.008856
2024-05-10 12:51:41,4.013664
2024-05-10 12:51:42,19.9672
2024-05-10 12:51:47,12.0632
2024-05-10 12:51:51,2.710744
2024-05-10 12:51:52,3.312448
2024-05-10 12:51:57,6.03288
2024-05-10 12:52:21,4.276592
2024-05-10 12:52:25,12.201472
2024-05-10 12:52:26,73.875056
2024-05-10 12:52:27,0.60068
2024-05-10 12:52:28,0.000592
2024-05-10 12:52:30,16.549088
2024-05-10 12:52:35,4.003256
2024-05-10 12:52:41,22.81264
2024-05-10 12:52:44,4.01952
2024-05-10 12:52:45,22.396784
2024-05-10 12:52:46,0.156688
2024-05-10 12:52:49,16.536616
2024-05-10 12:52:54,1.071288
2024-05-10 12:52:55,15.000032
2024-05-10 12:52:59,0.001184
2024-05-10 12:53:00,14.066224
2024-05-10 12:53:01,16.401248
2024-05-10 12:53:02,6.12316
2024-05-10 12:53:05,8.109688
2024-05-10 12:53:06,23.835896
2024-05-10 12:53:07,0.02944
2024-05-10 12:53:08,0.000592
2024-05-10 12:53:09,3.981616
2024-05-10 12:53:14,4.015176
2024-05-10 12:53:15,0.010744
2024-05-10 12:53:19,10.029656
2024-05-10 12:53:29,6.04564
2024-05-10 12:53:36,24.526976
2024-05-10 12:53:40,0.001184
2024-05-10 12:53:41,24.904544
2024-05-10 12:53:42,21.40796
2024-05-10 12:53:49,0.001376
2024-05-10 12:53:51,22.28336
2024-05-10 12:53:56,9.762496
2024-05-10 12:53:57,26.412648
2024-05-10 12:54:01,0.001184
2024-05-10 12:54:02,4.013184
2024-05-10 12:54:06,0.013688
2024-05-10 12:54:07,4.000296
2024-05-10 12:54:12,4.014768
2024-05-10 12:54:13,26.359152
2024-05-10 12:54:18,20.673424
2024-05-10 12:54:19,0.414896
2024-05-10 12:54:22,0.001184
2024-05-10 12:54:23,2.81644
2024-05-10 12:54:24,29.369248
2024-05-10 12:54:31,4.02416
2024-05-10 12:54:35,5.784248
2024-05-10 12:54:36,2.24468
2024-05-10 12:54:54,4.022792
2024-05-10 12:54:55,21.829728
2024-05-10 12:54:59,7.775168
2024-05-10 12:55:00,12.787608
2024-05-10 12:55:01,11.19024
2024-05-10 12:55:05,32.308976
2024-05-10 12:55:06,0.000744
2024-05-10 12:55:07,0.030608
2024-05-10 12:55:08,0.000592
2024-05-10 12:55:10,0.012088
2024-05-10 12:55:11,16.526568
2024-05-10 12:55:14,4.014768
2024-05-10 12:55:24,8.029792
2024-05-10 12:55:29,0.001184
2024-05-10 12:55:30,10.068664
2024-05-10 12:55:45,4.012688
2024-05-10 12:55:46,25.833632
2024-05-10 12:55:51,5.978832
2024-05-10 12:55:52,0.569768
2024-05-10 12:55:54,7.889376
2024-05-10 12:55:55,58.095824
2024-05-10 12:55:59,6.032488
2024-05-10 12:56:04,0.012096
2024-05-10 12:56:05,8.006312
2024-05-10 12:56:14,0.006912
2024-05-10 12:56:15,13.917656
2024-05-10 12:56:25,21.36788
2024-05-10 12:56:26,23.28732
2024-05-10 12:56:27,8.84944
2024-05-10 12:56:28,0.000592
2024-05-10 12:56:29,11.317144
2024-05-10 12:56:36,24.588048
2024-05-10 12:56:42,25.48744
2024-05-10 12:56:47,12.050432
2024-05-10 12:56:53,6.03832
2024-05-10 12:56:56,0.001288
2024-05-10 12:56:57,8.034968
2024-05-10 12:57:01,0.028672
2024-05-10 12:57:02,19.05324
2024-05-10 12:57:03,17.311184
2024-05-10 12:57:06,8.027656
2024-05-10 12:57:11,6.023256
2024-05-10 12:57:15,0.015072
2024-05-10 12:57:16,3.86896
2024-05-10 12:57:17,8.183024
2024-05-10 12:57:18,1.603456
2024-05-10 12:57:20,0.001376
2024-05-10 12:57:22,37.040176
2024-05-10 12:57:28,23.226416
2024-05-10 12:57:33,10.165384
2024-05-10 12:57:34,10.335128
2024-05-10 12:57:42,2.015216
2024-05-10 12:57:47,24.2274
2024-05-10 12:57:48,22.73564
2024-05-10 12:57:56,0.001184
2024-05-10 12:57:58,8.033392
2024-05-10 12:58:08,2.748416
2024-05-10 12:58:09,7.297768
2024-05-10 12:58:12,0.00192
2024-05-10 12:58:14,10.049704
2024-05-10 12:58:20,12.669056
2024-05-10 12:58:24,16.530184
2024-05-10 12:58:25,25.56604
2024-05-10 12:58:30,29.731952
2024-05-10 12:58:34,2.043304
2024-05-10 12:58:35,22.645672
2024-05-10 12:58:40,16.00724
2024-05-10 12:58:48,0.042312
2024-05-10 12:58:50,9.974488
2024-05-10 12:59:03,4.026424
2024-05-10 12:59:09,19.218192
2024-05-10 12:59:10,0.8188
2024-05-10 12:59:13,4.72996
2024-05-10 12:59:14,18.065304
2024-05-10 12:59:33,4.0232
2024-05-10 12:59:38,6.50632
2024-05-10 12:59:39,3.536568
2024-05-10 12:59:43,4.009848
2024-05-10 13:00:01,24.63268
2024-05-10 13:00:16,6.023512
2024-05-10 13:00:20,0.001184
2024-05-10 13:00:21,4.01224
2024-05-10 13:00:22,26.095392
2024-05-10 13:00:26,20.09472
2024-05-10 13:00:27,6.50076
2024-05-10 13:00:31,6.027424
2024-05-10 13:00:59,6.034344
2024-05-10 13:01:00,24.551512
2024-05-10 13:01:04,4.023496
2024-05-10 13:01:18,4.01956
2024-05-10 13:01:24,4.01796
2024-05-10 13:01:30,10.048552
2024-05-10 13:01:34,2.178448
2024-05-10 13:01:35,24.532336
2024-05-10 13:01:38,0.003096
2024-05-10 13:01:39,4.013672
2024-05-10 13:01:42,0.001184
2024-05-10 13:01:44,5.977616
2024-05-10 13:01:49,4.024288
2024-05-10 13:01:50,20.191528
2024-05-10 13:01:54,4.024288
2024-05-10 13:01:55,24.512296
2024-05-10 13:02:00,4.0242
2024-05-10 13:02:16,3.957952
2024-05-10 13:02:27,0.029984
2024-05-10 13:02:31,3.520408
2024-05-10 13:02:32,38.484552
2024-05-10 13:02:33,1.772992
2024-05-10 13:02:41,4.014432
2024-05-10 13:02:42,25.945144
2024-05-10 13:02:47,13.995328
2024-05-10 13:02:48,21.161568
2024-05-10 13:02:53,4.013168
2024-05-10 13:02:58,4.025968
2024-05-10 13:03:03,4.012192
2024-05-10 13:03:04,0.000744
2024-05-10 13:03:05,0.001376
2024-05-10 13:03:07,8.00124
2024-05-10 13:03:15,8.04788
2024-05-10 13:03:24,0.001184
2024-05-10 13:03:25,4.024096
2024-05-10 13:03:26,26.209536
2024-05-10 13:03:36,1.990576
2024-05-10 13:03:47,0.0294
2024-05-10 13:03:48,10.00924
2024-05-10 13:03:51,4.014472
2024-05-10 13:03:52,26.598752
2024-05-10 13:03:57,4.014448
2024-05-10 13:04:02,4.028256
2024-05-10 13:04:03,1.997608
2024-05-10 13:04:04,6.985704
2024-05-10 13:04:05,0.001184
2024-05-10 13:04:07,0.001376
2024-05-10 13:04:08,16.53876
2024-05-10 13:04:12,0.002664
2024-05-10 13:04:13,1.991496
2024-05-10 13:04:23,4.01636
2024-05-10 13:04:33,4.024864
2024-05-10 13:04:47,1.855376
2024-05-10 13:04:50,16.093872
2024-05-10 13:04:51,19.823016
2024-05-10 13:04:54,6.596064
2024-05-10 13:04:55,1.446936
2024-05-10 13:05:00,3.933264
2024-05-10 13:05:18,4.013672
2024-05-10 13:05:36,6.013616
2024-05-10 13:05:39,6.031376
2024-05-10 13:05:45,14.022456
2024-05-10 13:05:51,6.032896
2024-05-10 13:05:56,6.02132
2024-05-10 13:06:01,4.025656
2024-05-10 13:06:06,12.044272
2024-05-10 13:06:17,0.001704
2024-05-10 13:06:18,8.028464
2024-05-10 13:06:23,23.299416
2024-05-10 13:06:27,0.025032
2024-05-10 13:06:28,3.986536
2024-05-10 13:06:35,24.905352
2024-05-10 13:06:39,6.021312
2024-05-10 13:06:45,5.924536
2024-05-10 13:06:49,4.02528
2024-05-10 13:07:01,0.017544
2024-05-10 13:07:05,14.05052
2024-05-10 13:07:06,18.69296
2024-05-10 13:07:13,2.007248
2024-05-10 13:07:15,0.002352
2024-05-10 13:07:20,12.061624
2024-05-10 13:07:21,21.08668
2024-05-10 13:07:26,3.161016
2024-05-10 13:07:27,3.761904
2024-05-10 13:07:30,0.001184
2024-05-10 13:07:32,10.047208
2024-05-10 13:07:36,0.327904
2024-05-10 13:07:37,9.703552
2024-05-10 13:07:43,7.970512
2024-05-10 13:07:47,0.029304
2024-05-10 13:07:48,0.003256
2024-05-10 13:07:49,16.901928
2024-05-10 13:08:01,1.768552
2024-05-10 13:08:04,0.23836
2024-05-10 13:08:14,0.00192
2024-05-10 13:08:16,4.013488
2024-05-10 13:08:24,27.853936
2024-05-10 13:08:36,2.009968
2024-05-10 13:08:48,2.660232
2024-05-10 13:08:49,15.200624
2024-05-10 13:08:50,5.27796
2024-05-10 13:08:52,0.001184
2024-05-10 13:08:53,10.781784
2024-05-10 13:08:54,11.923536
2024-05-10 13:08:55,0.672528
2024-05-10 13:09:00,0.005376
2024-05-10 13:09:01,12.457224
2024-05-10 13:09:06,0.001376
2024-05-10 13:09:07,0.046112
2024-05-10 13:09:08,1.934296
2024-05-10 13:09:14,24.99548
2024-05-10 13:09:23,2.011512
2024-05-10 13:09:33,4.015648
2024-05-10 13:09:36,0.002664
2024-05-10 13:09:39,6.004336
2024-05-10 13:09:50,27.308776
2024-05-10 13:10:00,2.005072
2024-05-10 13:10:24,12.053768
2024-05-10 13:10:41,6.029392
2024-05-10 13:10:42,26.08508
2024-05-10 13:10:52,8.034904
2024-05-10 13:11:00,6.031344
2024-05-10 13:11:07,0.029416
2024-05-10 13:11:08,0.000592
2024-05-10 13:11:10,14.018344
2024-05-10 13:11:12,0.898736
2024-05-10 13:11:15,0.001184
2024-05-10 13:11:17,25.919816
2024-05-10 13:11:18,66.535872
2024-05-10 13:11:28,2.002632
2024-05-10 13:11:41,20.409136
2024-05-10 13:11:42,23.865144
2024-05-10 13:11:46,3.719592
2024-05-10 13:11:47,4.71648
2024-05-10 13:12:02,6.033584
2024-05-10 13:12:03,25.644888
2024-05-10 13:12:14,0.012104
2024-05-10 13:12:15,25.426696
2024-05-10 13:12:17,0.001184
2024-05-10 13:12:23,4.019216
2024-05-10 13:12:24,1.820232
2024-05-10 13:12:25,5.2612
2024-05-10 13:12:27,15.033552
2024-05-10 13:12:36,2.012128
2024-05-10 13:12:40,0.0006
2024-05-10 13:12:41,0.000688
2024-05-10 13:12:44,5.934336
2024-05-10 13:12:59,0.001712
2024-05-10 13:13:00,0.012088
2024-05-10 13:13:01,30.758048
2024-05-10 13:13:02,0.190264
2024-05-10 13:13:07,0.029408
2024-05-10 13:13:08,2.584848
2024-05-10 13:13:09,1.382072
2024-05-10 13:13:17,2.182264
2024-05-10 13:13:18,1.84248
2024-05-10 13:13:19,19.324616
2024-05-10 13:13:23,4.431544
2024-05-10 13:13:28,0.059992
2024-05-10 13:13:29,1.94424
2024-05-10 13:13:34,4.015112
2024-05-10 13:13:43,3.961472
2024-05-10 13:13:59,6.028496
2024-05-10 13:14:04,3.20696
2024-05-10 13:14:05,35.9824
2024-05-10 13:14:06,13.763424
2024-05-10 13:14:10,19.022648
2024-05-10 13:14:20,2.0098
2024-05-10 13:14:31,4.013072
2024-05-10 13:14:44,6.037872
2024-05-10 13:14:52,4.011216
2024-05-10 13:15:00,0.002664
2024-05-10 13:15:01,16.527864
2024-05-10 13:15:06,7.15308
2024-05-10 13:15:07,0.883904
2024-05-10 13:15:12,8.02684
2024-05-10 13:15:13,24.307712
2024-05-10 13:15:23,0.001184
2024-05-10 13:15:25,2.002632
2024-05-10 13:15:27,12.307848
2024-05-10 13:15:35,0.012088
2024-05-10 13:15:36,38.194856
2024-05-10 13:15:46,0.320288
2024-05-10 13:15:47,7.710632
2024-05-10 13:16:00,12.885872
2024-05-10 13:16:01,4.20108
2024-05-10 13:16:05,8.266808
2024-05-10 13:16:09,2.01544
2024-05-10 13:16:14,9.454848
2024-05-10 13:16:15,22.054288
2024-05-10 13:16:19,12.9904
2024-05-10 13:16:20,21.386192
2024-05-10 13:16:21,5.601192
2024-05-10 13:16:24,4.024064
2024-05-10 13:16:29,25.41188
2024-05-10 13:16:40,12.0392
2024-05-10 13:17:16,4.01868
2024-05-10 13:17:22,4.026728
2024-05-10 13:17:28,4.001704
2024-05-10 13:17:50,4.0248
2024-05-10 13:17:51,23.41236
2024-05-10 13:17:52,11.047104
2024-05-10 13:17:54,0.012088
2024-05-10 13:17:55,10.335592
2024-05-10 13:17:56,15.282696
2024-05-10 13:18:00,12.605816
2024-05-10 13:18:06,2.004256
2024-05-10 13:18:16,18.85484
2024-05-10 13:18:27,2.002696
2024-05-10 13:18:33,4.015144
2024-05-10 13:18:38,4.011584
2024-05-10 13:18:50,4.01792
2024-05-10 13:19:14,3.88768
2024-05-10 13:19:15,24.129672
2024-05-10 13:19:19,6.023936
2024-05-10 13:19:36,6.857512
2024-05-10 13:19:37,20.662584
2024-05-10 13:19:41,2.363984
2024-05-10 13:19:42,1.654264
2024-05-10 13:19:48,1.251816
2024-05-10 13:19:51,0.01208
2024-05-10 13:19:52,34.816112
2024-05-10 13:19:54,0.001184
2024-05-10 13:19:57,8.03652
2024-05-10 13:20:06,12.99832
2024-05-10 13:20:07,16.02332
2024-05-10 13:20:11,4.01256
2024-05-10 13:20:13,0.010168
2024-05-10 13:20:14,0.645304
2024-05-10 13:20:15,2.825752
2024-05-10 13:20:16,2.699328
2024-05-10 13:20:17,11.202088
2024-05-10 13:20:41,19.476488
2024-05-10 13:20:42,25.339888
2024-05-10 13:20:43,0.394968
2024-05-10 13:20:47,3.969576
2024-05-10 13:20:58,4.015552
2024-05-10 13:21:01,0.001184
2024-05-10 13:21:02,0.013672
2024-05-10 13:21:03,29.497032
2024-05-10 13:21:14,2.013728
2024-05-10 13:21:15,19.83332
2024-05-10 13:21:19,8.428256
2024-05-10 13:21:27,10.043824
2024-05-10 13:21:41,0.022176
2024-05-10 13:21:43,3.936416
2024-05-10 13:22:02,24.612416
2024-05-10 13:22:11,2.013088
2024-05-10 13:22:17,4.02408
2024-05-10 13:22:21,6.032896
2024-05-10 13:22:33,25.8636
2024-05-10 13:22:43,2.008912
2024-05-10 13:22:59,15.382472
2024-05-10 13:23:00,0.430464
2024-05-10 13:23:01,0.007056
2024-05-10 13:23:02,10.36256
2024-05-10 13:23:07,6.008944
2024-05-10 13:23:12,0.001184
2024-05-10 13:23:13,3.926808
2024-05-10 13:23:32,4.024376
2024-05-10 13:23:43,6.02152
2024-05-10 13:23:47,0.023888
2024-05-10 13:23:48,0.179016
2024-05-10 13:23:49,3.81172
2024-05-10 13:23:58,0.003648
2024-05-10 13:23:59,0.003104
2024-05-10 13:24:00,10.04684
2024-05-10 13:24:13,4.003992
2024-05-10 13:24:14,4.935512
2024-05-10 13:24:17,18.55556
2024-05-10 13:24:32,4.015616
2024-05-10 13:24:33,23.287864
2024-05-10 13:24:36,8.036456
2024-05-10 13:24:37,18.561096
2024-05-10 13:24:38,7.012136
2024-05-10 13:24:42,3.943472
2024-05-10 13:24:49,21.77776
2024-05-10 13:24:58,0.004544
2024-05-10 13:25:00,1.99116
2024-05-10 13:25:05,0.013272
2024-05-10 13:25:06,4.002504
2024-05-10 13:25:18,28.741768
2024-05-10 13:25:19,15.085184
2024-05-10 13:25:21,8.15912
2024-05-10 13:25:22,2.537928
2024-05-10 13:25:27,4.014624
2024-05-10 13:25:43,21.734848
2024-05-10 13:25:44,12.07012
2024-05-10 13:25:46,0.0024
2024-05-10 13:25:47,0.060984
2024-05-10 13:25:48,7.407792
2024-05-10 13:25:49,4.411648
2024-05-10 13:25:59,1.998992
2024-05-10 13:26:26,0.000744
2024-05-10 13:26:27,0.06036
2024-05-10 13:26:28,0.000712
2024-05-10 13:26:30,9.987112
2024-05-10 13:26:56,8.029488
2024-05-10 13:27:02,0.015
2024-05-10 13:27:03,4.003128
2024-05-10 13:27:21,4.021608
2024-05-10 13:27:37,15.577368
2024-05-10 13:27:38,6.623136
2024-05-10 13:27:43,0.001184
2024-05-10 13:27:46,0.011192
2024-05-10 13:27:47,3.944
2024-05-10 13:27:52,4.025592
2024-05-10 13:28:21,2.757072
2024-05-10 13:28:22,28.59036
2024-05-10 13:28:27,4.017552
2024-05-10 13:28:40,0.012088
2024-05-10 13:28:41,4.001696
2024-05-10 13:28:45,28.794176
2024-05-10 13:28:56,4.915584
2024-05-10 13:28:57,14.851248
2024-05-10 13:29:06,0.012088
2024-05-10 13:29:07,1.991384
2024-05-10 13:29:12,10.493136
2024-05-10 13:29:13,16.58192
2024-05-10 13:29:16,1.721088
2024-05-10 13:29:17,22.130784
2024-05-10 13:29:20,0.058024
2024-05-10 13:29:21,20.02232
2024-05-10 13:29:31,2.009576
2024-05-10 13:29:47,0.0294
2024-05-10 13:29:48,0.000592
2024-05-10 13:29:50,10.012672
2024-05-10 13:30:08,2.127992
2024-05-10 13:30:09,1.887184
2024-05-10 13:30:11,0.167304
2024-05-10 13:30:12,0.054224
2024-05-10 13:30:13,0.058392
2024-05-10 13:30:14,3.709152
2024-05-10 13:30:25,4.016736
2024-05-10 13:30:47,7.629104
2024-05-10 13:30:48,16.419736
2024-05-10 13:30:57,2.013728
2024-05-10 13:31:10,0.003216
2024-05-10 13:31:11,0.002352
2024-05-10 13:31:12,0.002664
2024-05-10 13:31:14,12.018424
2024-05-10 13:31:30,2.6212
2024-05-10 13:31:31,3.401264
2024-05-10 13:31:45,3.96004
2024-05-10 13:32:16,22.292496
2024-05-10 13:32:23,1.969896
2024-05-10 13:32:24,2.04408
2024-05-10 13:32:44,22.016872
2024-05-10 13:32:55,2.004216
2024-05-10 13:32:56,0.011272
2024-05-10 13:32:57,1.131104
2024-05-10 13:32:58,0.001184
2024-05-10 13:32:59,1.373456
2024-05-10 13:33:00,14.573144
2024-05-10 13:33:03,0.005256
2024-05-10 13:33:05,4.013672
2024-05-10 13:33:16,4.342504
2024-05-10 13:33:17,1.672264
2024-05-10 13:33:27,2.79552
2024-05-10 13:33:28,17.311928
2024-05-10 13:33:32,4.013088
2024-05-10 13:33:47,3.940344
2024-05-10 13:33:52,3.293736
2024-05-10 13:33:53,20.334576
2024-05-10 13:33:54,23.978312
2024-05-10 13:34:03,2.01596
2024-05-10 13:34:05,21.740112
2024-05-10 13:34:06,0.001184
2024-05-10 13:34:09,2.880168
2024-05-10 13:34:14,2.008912
2024-05-10 13:34:19,4.023584
2024-05-10 13:34:36,6.03212
2024-05-10 13:34:59,2.93268
2024-05-10 13:35:03,37.472992
2024-05-10 13:35:04,32.504168
2024-05-10 13:35:13,1.997824
2024-05-10 13:35:47,7.968784
2024-05-10 13:36:12,0.001184
2024-05-10 13:36:14,13.98512
2024-05-10 13:36:19,4.016736
2024-05-10 13:36:40,4.01044
2024-05-10 13:36:56,24.020952
2024-05-10 13:37:01,13.676368
2024-05-10 13:37:02,12.742128
2024-05-10 13:37:12,2.00488
2024-05-10 13:37:39,26.393248
2024-05-10 13:37:43,14.187144
2024-05-10 13:37:44,20.54148
2024-05-10 13:37:52,2.009576
2024-05-10 13:38:00,0.001712
2024-05-10 13:38:01,4.025056
2024-05-10 13:38:02,25.798272
2024-05-10 13:38:05,4.174528
2024-05-10 13:38:15,3.345136
2024-05-10 13:38:16,26.05072
2024-05-10 13:38:27,0.031168
2024-05-10 13:38:28,0.059992
2024-05-10 13:38:29,0.001568
2024-05-10 13:38:30,0.000784
2024-05-10 13:38:31,5.91404
2024-05-10 13:38:32,12.743448
2024-05-10 13:38:33,0.779936
2024-05-10 13:38:36,0.001968
2024-05-10 13:38:41,2.96728
2024-05-10 13:38:42,13.810128
2024-05-10 13:38:51,2.004008
2024-05-10 13:39:07,0.029408
2024-05-10 13:39:08,0.000592
2024-05-10 13:39:09,3.162976
2024-05-10 13:39:10,6.859216
2024-05-10 13:39:30,4.01724
2024-05-10 13:39:31,8.699104
2024-05-10 13:39:33,15.331808
2024-05-10 13:39:39,2.010352
2024-05-10 13:39:43,21.590232
2024-05-10 13:39:57,2.007168
2024-05-10 13:40:10,4.015208
2024-05-10 13:40:31,20.181784
2024-05-10 13:40:38,2.006432
2024-05-10 13:40:49,12.614608
2024-05-10 13:40:50,6.980912
2024-05-10 13:40:58,2.005368
2024-05-10 13:41:04,4.008224
2024-05-10 13:41:37,0.012088
2024-05-10 13:41:38,4.005736
2024-05-10 13:42:22,6.001296
2024-05-10 13:42:23,20.202856
2024-05-10 13:42:24,1.26064
2024-05-10 13:42:34,2.002536
2024-05-10 13:42:35,25.0458
2024-05-10 13:42:44,2.009024
2024-05-10 13:42:49,19.826112
2024-05-10 13:42:59,4.017032
2024-05-10 13:43:11,8.052592
2024-05-10 13:43:17,4.015464
2024-05-10 13:43:18,5.023216
2024-05-10 13:43:20,0.019176
2024-05-10 13:43:21,2.73176
2024-05-10 13:43:22,13.78032
2024-05-10 13:43:27,2.0048
2024-05-10 13:43:36,26.027232
2024-05-10 13:43:47,1.412048
2024-05-10 13:43:48,0.505192
2024-05-10 13:44:07,3.395792
2024-05-10 13:44:08,2.638664
2024-05-10 13:44:32,6.020912
2024-05-10 13:44:33,26.029512
2024-05-10 13:44:38,4.015152
2024-05-10 13:45:19,0.012088
2024-05-10 13:45:20,4.000808
2024-05-10 13:45:44,17.43332
2024-05-10 13:45:45,0.426072
2024-05-10 13:45:50,23.789144
2024-05-10 13:45:54,0.012088
2024-05-10 13:45:55,2.426288
2024-05-10 13:46:01,2.014664
2024-05-10 13:46:26,1.690312
2024-05-10 13:46:27,0.029424
2024-05-10 13:46:28,0.000592
2024-05-10 13:46:30,2.535736
2024-05-10 13:46:31,11.81088
2024-05-10 13:46:32,2.728024
2024-05-10 13:46:35,30.490864
2024-05-10 13:46:36,6.91016
2024-05-10 13:46:51,2.00556
2024-05-10 13:47:10,29.5028
2024-05-10 13:47:14,3.38692
2024-05-10 13:47:15,2.646648
2024-05-10 13:47:33,2.960336
2024-05-10 13:47:34,3.067216
2024-05-10 13:47:35,6.300432
2024-05-10 13:47:39,31.561112
2024-05-10 13:47:40,4.501296
2024-05-10 13:47:43,0.012088
2024-05-10 13:47:44,4.011152
2024-05-10 13:47:47,0.029904
2024-05-10 13:47:49,9.996728
2024-05-10 13:48:08,4.022552
2024-05-10 13:48:09,25.641264
2024-05-10 13:48:14,6.034872
2024-05-10 13:48:39,32.45308
2024-05-10 13:48:49,2.014576
2024-05-10 13:49:01,0.001184
2024-05-10 13:49:03,1.906544
2024-05-10 13:49:04,2.110432
2024-05-10 13:50:01,4.677272
2024-05-10 13:50:02,10.05092
2024-05-10 13:50:03,4.243704
2024-05-10 13:50:09,1.997856
2024-05-10 13:50:20,4.025312
2024-05-10 13:51:36,2.004192
2024-05-10 13:51:47,3.9548
2024-05-10 13:52:07,4.029416
2024-05-10 13:52:21,0.797736
2024-05-10 13:52:22,22.79052
2024-05-10 13:52:26,2.680136
2024-05-10 13:52:27,1.256608
2024-05-10 13:52:38,17.79172
2024-05-10 13:52:39,5.17348
2024-05-10 13:52:45,19.556912
2024-05-10 13:52:46,5.453592
2024-05-10 13:52:48,0.002664
2024-05-10 13:52:50,0.588528
2024-05-10 13:52:55,2.000336
2024-05-10 13:53:00,0.001712
2024-05-10 13:53:01,4.017744
2024-05-10 13:53:54,2.741712
2024-05-10 13:53:58,7.32736
2024-05-10 13:53:59,9.486736
2024-05-10 13:54:14,2.00564
2024-05-10 13:55:15,6.031696
2024-05-10 13:55:22,4.016264
2024-05-10 13:56:06,0.001184
2024-05-10 13:56:12,6.766576
2024-05-10 13:56:13,1.2678
2024-05-10 13:56:43,6.033696
2024-05-10 13:56:47,0.009656
2024-05-10 13:56:49,2.904136
2024-05-10 13:56:50,0.987224
2024-05-10 13:57:07,0.210272
2024-05-10 13:57:08,9.847864
2024-05-10 13:57:16,1.520672
2024-05-10 13:57:17,2.494136
2024-05-10 13:57:19,0.033656
2024-05-10 13:57:21,3.978576
2024-05-10 13:57:40,4.026776
2024-05-10 13:57:46,3.947648
2024-05-10 13:58:10,0.012128
2024-05-10 13:58:11,8.037016
2024-05-10 13:58:12,18.485536
2024-05-10 13:58:21,1.999448
2024-05-10 13:58:35,4.01552
2024-05-10 13:59:35,15.954008
