time,mbps
2024-05-18 16:16:23,0.00216
2024-05-18 16:16:24,8.621336
2024-05-18 16:16:25,8.508664
2024-05-18 16:16:26,3.252272
2024-05-18 16:16:27,4.512816
2024-05-18 16:16:28,28.343368
2024-05-18 16:16:29,38.56672
2024-05-18 16:16:30,42.936352
2024-05-18 16:16:31,2.402656
2024-05-18 16:16:32,0.002576
2024-05-18 16:16:33,8.34484
2024-05-18 16:16:34,52.454528
2024-05-18 16:16:35,8.875112
2024-05-18 16:16:36,0.03528
2024-05-18 16:16:37,42.770912
2024-05-18 16:16:38,25.203664
2024-05-18 16:16:41,0.075776
2024-05-18 16:16:42,9.61984
2024-05-18 16:16:43,10.305096
2024-05-18 16:16:44,9.997224
2024-05-18 16:16:45,18.316688
2024-05-18 16:16:46,20.471912
2024-05-18 16:16:47,1.563944
2024-05-18 16:16:48,21.76972
2024-05-18 16:16:49,24.810832
2024-05-18 16:16:50,13.598232
2024-05-18 16:16:51,0.0012
2024-05-18 16:16:52,5.3356
2024-05-18 16:16:53,38.370984
2024-05-18 16:16:54,25.278752
2024-05-18 16:16:55,0.791336
2024-05-18 16:16:56,0.034072
2024-05-18 16:16:57,26.114824
2024-05-18 16:16:58,33.128136
2024-05-18 16:16:59,10.0628
2024-05-18 16:17:00,1.74208
2024-05-18 16:17:01,9.203704
2024-05-18 16:17:02,33.447936
2024-05-18 16:17:03,26.289064
2024-05-18 16:17:04,0.004816
2024-05-18 16:17:05,0.016488
2024-05-18 16:17:06,32.690984
2024-05-18 16:17:07,34.587192
2024-05-18 16:17:08,2.103152
2024-05-18 16:17:09,0.001288
2024-05-18 16:17:10,14.904056
2024-05-18 16:17:11,28.50456
2024-05-18 16:17:12,11.595632
2024-05-18 16:17:13,28.805608
2024-05-18 16:17:14,23.82212
2024-05-18 16:17:15,0.004832
2024-05-18 16:17:16,0.009016
2024-05-18 16:17:17,0.035088
2024-05-18 16:17:18,24.711328
2024-05-18 16:17:19,33.989944
2024-05-18 16:17:20,3.546792
2024-05-18 16:17:22,4.334296
2024-05-18 16:17:23,28.93652
2024-05-18 16:17:24,30.750576
2024-05-18 16:17:25,4.18784
2024-05-18 16:17:26,0.009016
2024-05-18 16:17:27,29.657496
2024-05-18 16:17:28,32.898304
2024-05-18 16:17:29,6.162008
2024-05-18 16:17:30,0.012176
2024-05-18 16:17:31,10.02144
2024-05-18 16:17:32,30.3084
2024-05-18 16:17:33,28.667488
2024-05-18 16:17:34,0.0012
2024-05-18 16:17:35,0.006208
2024-05-18 16:17:36,21.43004
2024-05-18 16:17:37,43.303456
2024-05-18 16:17:38,4.280928
2024-05-18 16:17:39,0.001288
2024-05-18 16:17:41,0.003552
2024-05-18 16:17:42,5.184224
2024-05-18 16:17:43,34.445424
2024-05-18 16:17:44,29.24264
2024-05-18 16:17:45,1.513424
2024-05-18 16:17:46,24.662072
2024-05-18 16:17:47,32.655224
2024-05-18 16:17:48,46.327344
2024-05-18 16:17:49,23.0226
2024-05-18 16:17:50,0.065648
2024-05-18 16:17:51,15.093256
2024-05-18 16:17:52,44.405488
2024-05-18 16:17:53,8.526424
2024-05-18 16:17:55,0.007408
2024-05-18 16:17:56,48.761016
2024-05-18 16:17:57,21.14844
2024-05-18 16:17:59,0.001288
2024-05-18 16:18:01,0.005376
2024-05-18 16:18:02,17.348664
2024-05-18 16:18:03,45.971552
2024-05-18 16:18:04,0.002552
2024-05-18 16:18:05,0.00612
2024-05-18 16:18:06,0.001888
2024-05-18 16:18:07,0.017648
2024-05-18 16:18:08,27.92276
2024-05-18 16:18:09,27.992088
2024-05-18 16:18:10,0.007488
2024-05-18 16:18:11,0.007104
2024-05-18 16:18:12,13.117408
2024-05-18 16:18:13,49.630736
2024-05-18 16:18:15,0.003544
2024-05-18 16:18:16,3.761904
2024-05-18 16:18:17,0.00316
2024-05-18 16:18:18,38.100432
2024-05-18 16:18:19,19.392304
2024-05-18 16:18:22,12.023408
2024-05-18 16:18:23,36.208216
2024-05-18 16:18:24,0.003744
2024-05-18 16:18:25,0.003544
2024-05-18 16:18:26,0.0024
2024-05-18 16:18:27,0.00192
2024-05-18 16:18:28,31.415304
2024-05-18 16:18:29,24.661232
2024-05-18 16:18:30,0.129112
2024-05-18 16:18:32,1.58744
2024-05-18 16:18:33,66.420776
2024-05-18 16:18:35,0.029632
2024-05-18 16:18:36,24.104232
2024-05-18 16:18:37,43.886264
2024-05-18 16:18:38,0.01048
2024-05-18 16:18:40,9.906504
2024-05-18 16:18:41,38.495136
2024-05-18 16:18:42,5.505432
2024-05-18 16:18:43,64.003736
2024-05-18 16:18:44,0.0452
2024-05-18 16:18:47,39.796912
2024-05-18 16:18:48,28.225216
2024-05-18 16:18:52,3.362128
2024-05-18 16:18:53,61.91784
2024-05-18 16:18:58,20.768696
2024-05-18 16:18:59,47.2236
2024-05-18 16:19:00,0.710568
2024-05-18 16:19:01,5.694464
2024-05-18 16:19:02,58.680384
2024-05-18 16:19:03,7.905432
2024-05-18 16:19:04,8.343368
2024-05-18 16:19:05,51.482488
2024-05-18 16:19:06,14.449776
2024-05-18 16:19:07,26.570488
2024-05-18 16:19:08,63.785032
2024-05-18 16:19:09,71.3102
2024-05-18 16:19:10,60.685536
2024-05-18 16:19:11,53.32628
2024-05-18 16:19:12,59.453248
2024-05-18 16:19:13,72.613664
2024-05-18 16:19:14,63.459248
2024-05-18 16:19:15,42.135824
2024-05-18 16:19:16,59.527968
2024-05-18 16:19:17,55.838624
2024-05-18 16:19:18,64.33592
2024-05-18 16:19:19,62.392056
2024-05-18 16:19:20,27.501912
2024-05-18 16:19:21,46.413968
2024-05-18 16:19:22,0.80584
2024-05-18 16:19:25,0.005712
2024-05-18 16:19:26,29.864608
2024-05-18 16:19:27,41.292672
2024-05-18 16:19:28,0.00788
2024-05-18 16:19:32,3.464168
2024-05-18 16:19:33,49.139992
2024-05-18 16:19:34,16.175688
2024-05-18 16:19:37,29.15508
2024-05-18 16:19:38,38.82436
2024-05-18 16:19:41,7.150672
2024-05-18 16:19:42,59.438808
2024-05-18 16:19:43,2.956208
2024-05-18 16:19:46,0.096656
2024-05-18 16:19:47,19.880376
2024-05-18 16:19:48,48.130072
2024-05-18 16:19:50,0.062384
2024-05-18 16:19:53,55.175752
2024-05-18 16:19:54,14.2374
2024-05-18 16:19:55,0.019576
2024-05-18 16:19:57,28.324008
2024-05-18 16:19:58,39.68232
2024-05-18 16:20:01,0.477032
2024-05-18 16:20:02,61.491448
2024-05-18 16:20:07,0.016904
2024-05-18 16:20:08,9.07912
2024-05-18 16:20:09,34.257376
2024-05-18 16:20:11,0.000592
2024-05-18 16:20:12,0.001376
2024-05-18 16:20:13,49.40396
2024-05-18 16:20:14,4.720648
2024-05-18 16:20:15,0.089008
2024-05-18 16:20:17,28.548224
2024-05-18 16:20:18,41.46744
2024-05-18 16:20:20,0.00364
2024-05-18 16:20:26,8.703632
2024-05-18 16:20:27,35.080688
2024-05-18 16:20:30,0.139368
2024-05-18 16:20:33,34.75644
2024-05-18 16:20:34,29.942912
2024-05-18 16:20:38,0.088088
2024-05-18 16:20:39,0.14072
2024-05-18 16:20:42,0.072168
2024-05-18 16:20:43,0.069976
2024-05-18 16:20:44,0.021552
2024-05-18 16:20:45,0.001712
2024-05-18 16:20:46,0.064432
2024-05-18 16:20:47,7.30464
2024-05-18 16:20:48,51.644608
2024-05-18 16:20:49,0.045016
2024-05-18 16:20:50,0.030704
2024-05-18 16:20:51,0.000928
2024-05-18 16:20:52,0.000928
2024-05-18 16:20:53,21.054768
2024-05-18 16:20:54,46.999264
2024-05-18 16:20:55,0.075104
2024-05-18 16:20:56,0.003536
2024-05-18 16:20:57,0.001768
2024-05-18 16:20:58,0.001768
2024-05-18 16:20:59,0.000928
2024-05-18 16:21:00,0.000928
2024-05-18 16:21:01,14.013096
2024-05-18 16:21:02,37.994752
2024-05-18 16:21:03,17.330776
2024-05-18 16:21:06,21.142488
2024-05-18 16:21:07,48.779408
2024-05-18 16:21:09,0.00084
2024-05-18 16:21:10,0.124504
2024-05-18 16:21:12,28.280912
2024-05-18 16:21:13,36.852368
2024-05-18 16:21:16,0.060528
2024-05-18 16:21:17,0.01272
2024-05-18 16:21:18,53.045232
2024-05-18 16:21:19,14.949176
2024-05-18 16:21:20,0.073448
2024-05-18 16:21:21,0.012736
2024-05-18 16:21:22,0.002616
2024-05-18 16:21:23,20.611984
2024-05-18 16:21:24,46.487848
2024-05-18 16:21:28,50.823568
2024-05-18 16:21:29,1.753056
2024-05-18 16:21:33,25.911776
2024-05-18 16:21:34,44.06088
2024-05-18 16:21:41,0.073784
2024-05-18 16:21:42,18.700904
2024-05-18 16:21:43,49.345
2024-05-18 16:21:46,0.001376
2024-05-18 16:21:50,0.0306
2024-05-18 16:21:51,22.892168
2024-05-18 16:21:52,46.714568
2024-05-18 16:21:57,51.59408
2024-05-18 16:21:58,16.426592
2024-05-18 16:22:02,17.109672
2024-05-18 16:22:03,47.307792
2024-05-18 16:22:04,0.312456
2024-05-18 16:22:05,0.009176
2024-05-18 16:22:06,0.001856
2024-05-18 16:22:08,30.028704
2024-05-18 16:22:09,39.599984
2024-05-18 16:22:13,0.001376
2024-05-18 16:22:16,0.000592
2024-05-18 16:22:18,31.313768
2024-05-18 16:22:19,36.705456
2024-05-18 16:22:22,0.414808
2024-05-18 16:22:23,67.601024
2024-05-18 16:22:24,1.314256
2024-05-18 16:22:28,0.0024
2024-05-18 16:22:29,0.01684
2024-05-18 16:22:30,0.126096
2024-05-18 16:22:31,5.158568
2024-05-18 16:22:32,48.633984
2024-05-18 16:22:33,15.523992
2024-05-18 16:22:37,20.809512
2024-05-18 16:22:38,48.062784
2024-05-18 16:22:39,1.201648
2024-05-18 16:22:43,59.827352
2024-05-18 16:22:44,8.171424
2024-05-18 16:22:47,26.298376
2024-05-18 16:22:48,41.698992
2024-05-18 16:22:50,0.07192
2024-05-18 16:22:51,64.268536
2024-05-18 16:22:52,5.209152
2024-05-18 16:22:55,30.702224
2024-05-18 16:22:56,37.318712
2024-05-18 16:22:57,16.546064
2024-05-18 16:22:58,51.450544
2024-05-18 16:23:00,17.139536
2024-05-18 16:23:01,52.419216
2024-05-18 16:23:06,63.439392
2024-05-18 16:23:07,4.56552
2024-05-18 16:23:10,17.705664
2024-05-18 16:23:11,33.697704
2024-05-18 16:23:12,12.6688
2024-05-18 16:23:13,41.73412
2024-05-18 16:23:18,27.629624
2024-05-18 16:23:19,41.995512
2024-05-18 16:23:20,0.004648
2024-05-18 16:23:22,1.667384
2024-05-18 16:23:23,55.194608
2024-05-18 16:23:26,0.001376
2024-05-18 16:23:28,33.27824
2024-05-18 16:23:29,36.15872
2024-05-18 16:23:36,16.499688
2024-05-18 16:23:37,43.812936
2024-05-18 16:23:43,47.289288
2024-05-18 16:23:44,1.313136
2024-05-18 16:23:50,0.030608
2024-05-18 16:23:53,45.055248
2024-05-18 16:23:54,0.005232
2024-05-18 16:23:57,12.035904
2024-05-18 16:23:58,48.472664
2024-05-18 16:23:59,0.002368
2024-05-18 16:24:03,37.286712
2024-05-18 16:24:04,30.713576
2024-05-18 16:24:12,37.78856
2024-05-18 16:24:13,11.802312
2024-05-18 16:24:17,2.791504
2024-05-18 16:24:18,63.5148
2024-05-18 16:24:19,1.566912
2024-05-18 16:24:27,0.01272
2024-05-18 16:24:28,49.546224
2024-05-18 16:24:29,7.858992
2024-05-18 16:24:30,0.030648
2024-05-18 16:24:33,14.788896
2024-05-18 16:24:34,44.761064
2024-05-18 16:24:38,48.289384
2024-05-18 16:24:39,21.3954
2024-05-18 16:24:45,0.01272
2024-05-18 16:24:46,65.287608
2024-05-18 16:24:47,2.6936
2024-05-18 16:24:52,18.882408
2024-05-18 16:24:53,32.187888
2024-05-18 16:24:57,0.002992
2024-05-18 16:24:58,30.733096
2024-05-18 16:24:59,39.618848
2024-05-18 16:25:06,39.987664
2024-05-18 16:25:07,28.018024
2024-05-18 16:25:10,15.733064
2024-05-18 16:25:11,52.294032
2024-05-18 16:25:15,36.813904
2024-05-18 16:25:16,12.692816
2024-05-18 16:25:18,29.664344
2024-05-18 16:25:19,40.002224
2024-05-18 16:25:22,0.01272
2024-05-18 16:25:23,65.25072
2024-05-18 16:25:28,16.423504
2024-05-18 16:25:29,53.09696
2024-05-18 16:25:33,64.18032
2024-05-18 16:25:34,3.802776
2024-05-18 16:25:37,23.015544
2024-05-18 16:25:38,44.9818
2024-05-18 16:25:43,34.314656
2024-05-18 16:25:44,19.31772
2024-05-18 16:25:45,0.00128
2024-05-18 16:25:46,0.000432
2024-05-18 16:25:47,24.091736
2024-05-18 16:25:48,44.17196
2024-05-18 16:25:49,0.07964
2024-05-18 16:25:50,0.03064
2024-05-18 16:25:52,38.596208
2024-05-18 16:25:53,30.202448
2024-05-18 16:25:55,0.0024
2024-05-18 16:25:57,6.588856
2024-05-18 16:25:58,58.604648
2024-05-18 16:26:07,1.564424
2024-05-18 16:26:08,50.926712
2024-05-18 16:26:09,12.373128
2024-05-18 16:26:13,35.945952
2024-05-18 16:26:14,24.572608
2024-05-18 16:26:17,0.01272
2024-05-18 16:26:18,67.41228
2024-05-18 16:26:19,1.797792
2024-05-18 16:26:23,23.181624
2024-05-18 16:26:24,44.817232
2024-05-18 16:26:28,59.416488
2024-05-18 16:26:29,8.575464
2024-05-18 16:26:30,0.03064
2024-05-18 16:26:32,18.371656
2024-05-18 16:26:33,49.664856
2024-05-18 16:26:34,1.371432
2024-05-18 16:26:37,64.334744
2024-05-18 16:26:38,3.664448
2024-05-18 16:26:42,17.386928
2024-05-18 16:26:43,51.974456
2024-05-18 16:26:46,2.03924
2024-05-18 16:26:47,34.037776
2024-05-18 16:26:48,20.795096
2024-05-18 16:26:49,0.007016
2024-05-18 16:26:52,0.657008
2024-05-18 16:26:53,61.254176
2024-05-18 16:26:54,7.377824
2024-05-18 16:26:56,5.106104
2024-05-18 16:26:57,62.8874
2024-05-18 16:27:01,10.659336
2024-05-18 16:27:02,50.66456
2024-05-18 16:27:03,7.984
2024-05-18 16:27:05,43.477168
2024-05-18 16:27:08,29.671336
2024-05-18 16:27:09,39.945136
2024-05-18 16:27:10,0.154936
2024-05-18 16:27:12,0.01272
2024-05-18 16:27:13,46.498328
2024-05-18 16:27:14,17.894232
2024-05-18 16:27:15,0.001376
2024-05-18 16:27:16,0.001288
2024-05-18 16:27:18,22.743856
2024-05-18 16:27:19,29.19012
2024-05-18 16:27:23,52.050424
2024-05-18 16:27:24,6.165528
2024-05-18 16:27:28,11.340096
2024-05-18 16:27:29,56.664384
2024-05-18 16:27:30,1.546288
2024-05-18 16:27:33,45.439416
2024-05-18 16:27:34,7.63312
2024-05-18 16:27:37,20.705784
2024-05-18 16:27:38,47.28356
2024-05-18 16:27:42,35.721528
2024-05-18 16:27:43,33.703472
2024-05-18 16:27:46,20.667976
2024-05-18 16:27:47,47.318576
2024-05-18 16:27:50,0.03064
2024-05-18 16:27:51,59.264224
2024-05-18 16:27:52,2.390728
2024-05-18 16:27:57,4.2304
2024-05-18 16:27:58,41.513296
2024-05-18 16:28:03,2.486536
2024-05-18 16:28:04,5.097976
2024-05-18 16:28:05,2.30756
2024-05-18 16:28:06,23.38532
2024-05-18 16:28:07,39.568544
2024-05-18 16:28:08,52.49824
2024-05-18 16:28:09,37.533176
2024-05-18 16:28:10,36.868016
2024-05-18 16:28:11,27.051656
2024-05-18 16:28:12,0.080096
2024-05-18 16:28:13,23.11508
2024-05-18 16:28:14,47.75028
2024-05-18 16:28:15,0.163312
2024-05-18 16:28:16,1.80488
2024-05-18 16:28:17,10.1594
2024-05-18 16:28:20,1.120368
2024-05-18 16:28:22,24.042728
2024-05-18 16:28:23,17.189728
2024-05-18 16:28:30,0.030624
2024-05-18 16:28:31,0.231024
2024-05-18 16:28:32,8.820208
2024-05-18 16:28:33,33.27668
2024-05-18 16:28:34,34.978432
2024-05-18 16:28:35,0.001776
2024-05-18 16:28:36,0.001376
2024-05-18 16:28:38,53.677448
2024-05-18 16:28:39,0.034376
2024-05-18 16:28:43,11.806464
2024-05-18 16:28:44,52.690352
2024-05-18 16:28:45,3.647928
2024-05-18 16:28:48,52.151616
2024-05-18 16:28:49,15.848616
2024-05-18 16:28:52,20.227656
2024-05-18 16:28:53,49.038256
2024-05-18 16:28:54,0.011968
2024-05-18 16:28:56,1.847416
2024-05-18 16:28:57,55.404456
2024-05-18 16:28:58,1.813568
2024-05-18 16:29:02,19.589176
2024-05-18 16:29:03,38.545592
2024-05-18 16:29:05,0.148552
2024-05-18 16:29:06,0.009584
2024-05-18 16:29:08,42.309472
2024-05-18 16:29:09,23.916152
2024-05-18 16:29:10,0.032016
2024-05-18 16:29:12,20.46044
2024-05-18 16:29:13,48.910152
2024-05-18 16:29:14,0.001032
2024-05-18 16:29:16,0.001032
2024-05-18 16:29:18,43.2688
2024-05-18 16:29:19,26.64924
2024-05-18 16:29:20,0.001032
2024-05-18 16:29:21,22.904208
2024-05-18 16:29:22,45.117672
2024-05-18 16:29:24,0.012728
2024-05-18 16:29:25,64.9014
2024-05-18 16:29:26,3.133728
2024-05-18 16:29:28,48.151632
2024-05-18 16:29:29,19.850216
2024-05-18 16:29:30,27.713536
2024-05-18 16:29:31,33.0628
2024-05-18 16:29:32,13.611368
2024-05-18 16:29:33,45.876032
2024-05-18 16:29:34,8.547336
2024-05-18 16:29:36,58.229336
2024-05-18 16:29:37,9.79136
2024-05-18 16:29:40,24.873224
2024-05-18 16:29:41,44.852568
2024-05-18 16:29:45,49.56736
2024-05-18 16:29:46,1.059552
2024-05-18 16:29:48,37.87144
2024-05-18 16:29:49,30.15004
2024-05-18 16:29:50,0.03064
2024-05-18 16:29:52,6.107912
2024-05-18 16:29:53,68.864592
2024-05-18 16:29:54,9.79556
2024-05-18 16:29:55,10.524968
2024-05-18 16:29:56,12.16984
2024-05-18 16:29:57,45.398536
2024-05-18 16:29:58,21.110072
2024-05-18 16:29:59,10.439728
2024-05-18 16:30:00,13.01808
2024-05-18 16:30:01,15.670432
2024-05-18 16:30:02,16.382488
2024-05-18 16:30:03,56.224552
2024-05-18 16:30:04,11.408016
2024-05-18 16:30:05,12.903464
2024-05-18 16:30:06,10.28856
2024-05-18 16:30:07,0.004128
2024-05-18 16:30:08,30.556064
2024-05-18 16:30:09,37.518928
2024-05-18 16:30:11,4.563792
2024-05-18 16:30:12,63.452232
2024-05-18 16:30:13,1.599368
2024-05-18 16:30:16,41.051168
2024-05-18 16:30:17,2.380496
2024-05-18 16:30:18,20.152288
2024-05-18 16:30:19,49.545944
2024-05-18 16:30:23,56.035072
2024-05-18 16:30:27,25.42768
2024-05-18 16:30:28,42.580216
2024-05-18 16:30:30,0.030648
2024-05-18 16:30:33,38.356704
2024-05-18 16:30:34,30.87456
2024-05-18 16:30:37,63.317832
2024-05-18 16:30:38,6.784272
2024-05-18 16:30:42,64.664432
2024-05-18 16:30:43,3.318936
2024-05-18 16:30:44,0.028864
2024-05-18 16:30:45,0.028024
2024-05-18 16:30:46,22.522992
2024-05-18 16:30:47,45.483024
2024-05-18 16:30:50,0.001376
2024-05-18 16:30:52,50.125576
2024-05-18 16:30:53,19.461792
2024-05-18 16:30:56,16.94816
2024-05-18 16:30:57,51.070584
2024-05-18 16:31:02,37.164656
2024-05-18 16:31:03,32.408464
2024-05-18 16:31:06,4.2844
2024-05-18 16:31:07,63.72592
2024-05-18 16:31:10,0.030648
2024-05-18 16:31:11,42.805304
2024-05-18 16:31:12,26.885712
2024-05-18 16:31:14,0.001776
2024-05-18 16:31:15,8.20188
2024-05-18 16:31:16,40.189528
2024-05-18 16:31:18,62.74984
2024-05-18 16:31:19,5.25356
2024-05-18 16:31:22,24.114704
2024-05-18 16:31:23,45.454656
2024-05-18 16:31:25,0.013512
2024-05-18 16:31:26,67.974232
2024-05-18 16:31:27,0.0008
2024-05-18 16:31:29,43.5878
2024-05-18 16:31:30,20.47588
2024-05-18 16:31:32,14.829624
2024-05-18 16:31:33,53.172984
2024-05-18 16:31:38,31.467104
2024-05-18 16:31:39,30.683824
2024-05-18 16:31:42,10.26848
2024-05-18 16:31:43,59.11576
2024-05-18 16:31:48,25.854096
2024-05-18 16:31:49,44.164648
2024-05-18 16:31:50,0.03064
2024-05-18 16:31:51,11.666776
2024-05-18 16:31:52,56.349416
2024-05-18 16:31:56,55.810096
2024-05-18 16:31:57,12.178336
2024-05-18 16:31:59,32.815312
2024-05-18 16:32:00,19.845024
2024-05-18 16:32:02,0.014312
2024-05-18 16:32:03,68.004776
2024-05-18 16:32:04,1.362856
2024-05-18 16:32:05,0.001376
2024-05-18 16:32:07,52.607944
2024-05-18 16:32:08,17.202152
2024-05-18 16:32:09,0.001288
2024-05-18 16:32:13,48.438512
2024-05-18 16:32:14,19.601272
2024-05-18 16:32:17,12.488784
2024-05-18 16:32:18,55.537952
2024-05-18 16:32:22,64.418272
2024-05-18 16:32:23,5.092408
2024-05-18 16:32:26,22.43176
2024-05-18 16:32:27,45.568696
2024-05-18 16:32:30,0.043344
2024-05-18 16:32:31,52.843144
2024-05-18 16:32:32,16.64724
2024-05-18 16:32:35,17.244712
2024-05-18 16:32:36,50.775128
2024-05-18 16:32:39,0.01272
2024-05-18 16:32:40,53.2458
2024-05-18 16:32:43,40.462976
2024-05-18 16:32:44,28.729
2024-05-18 16:32:47,39.841784
2024-05-18 16:32:48,29.959824
2024-05-18 16:32:52,38.329384
2024-05-18 16:32:53,29.668672
2024-05-18 16:32:56,9.888536
2024-05-18 16:32:57,51.538784
2024-05-18 16:33:03,38.10324
2024-05-18 16:33:04,30.541232
2024-05-18 16:33:10,0.699712
2024-05-18 16:33:15,0.001376
2024-05-18 16:33:18,51.427256
2024-05-18 16:33:19,16.572008
2024-05-18 16:33:28,61.263568
2024-05-18 16:33:29,8.470656
2024-05-18 16:33:37,53.269504
2024-05-18 16:33:38,3.86352
2024-05-18 16:33:42,9.558488
2024-05-18 16:33:43,44.811792
2024-05-18 16:33:44,0.02484
2024-05-18 16:33:49,0.001376
2024-05-18 16:33:50,0.030656
2024-05-18 16:33:52,0.005152
2024-05-18 16:33:53,0.014544
2024-05-18 16:33:56,0.003952
2024-05-18 16:33:58,4.236128
2024-05-18 16:33:59,51.59876
2024-05-18 16:34:08,16.805256
2024-05-18 16:34:09,51.192536
2024-05-18 16:34:10,4.744872
2024-05-18 16:34:11,60.773304
2024-05-18 16:34:12,4.065888
2024-05-18 16:34:14,55.89996
2024-05-18 16:34:15,12.10008
2024-05-18 16:34:17,33.28736
2024-05-18 16:34:18,34.73776
2024-05-18 16:34:20,0.01272
2024-05-18 16:34:21,49.104088
2024-05-18 16:34:23,44.891672
2024-05-18 16:34:24,19.624848
2024-05-18 16:34:27,20.881648
2024-05-18 16:34:28,44.517
2024-05-18 16:34:30,0.0306
2024-05-18 16:34:33,16.201064
2024-05-18 16:34:34,51.810624
2024-05-18 16:34:37,33.432048
2024-05-18 16:34:38,34.586864
2024-05-18 16:34:41,45.819576
2024-05-18 16:34:42,23.764496
2024-05-18 16:34:45,23.223552
2024-05-18 16:34:46,19.411344
2024-05-18 16:34:47,5.000192
2024-05-18 16:34:48,59.873088
2024-05-18 16:34:50,0.302144
2024-05-18 16:34:52,0.20636
2024-05-18 16:34:53,34.509152
2024-05-18 16:34:54,30.909704
2024-05-18 16:34:55,0.544456
2024-05-18 16:34:56,0.39724
2024-05-18 16:34:57,0.121616
2024-05-18 16:34:58,0.0024
2024-05-18 16:34:59,0.435688
2024-05-18 16:35:00,0.216608
2024-05-18 16:35:01,0.201616
2024-05-18 16:35:02,0.010824
2024-05-18 16:35:03,25.501992
2024-05-18 16:35:04,39.075232
2024-05-18 16:35:05,0.720448
2024-05-18 16:35:06,0.0024
2024-05-18 16:35:07,0.393288
2024-05-18 16:35:08,0.389784
2024-05-18 16:35:10,0.073656
2024-05-18 16:35:11,0.998704
2024-05-18 16:35:12,14.146336
2024-05-18 16:35:13,55.359184
2024-05-18 16:35:14,0.26024
2024-05-18 16:35:15,0.662224
2024-05-18 16:35:16,0.082704
2024-05-18 16:35:17,0.111256
2024-05-18 16:35:18,0.175032
2024-05-18 16:35:19,0.26864
2024-05-18 16:35:20,23.177944
2024-05-18 16:35:21,20.124704
2024-05-18 16:35:22,17.654536
2024-05-18 16:35:23,50.352592
2024-05-18 16:35:25,0.001376
2024-05-18 16:35:26,0.00084
2024-05-18 16:35:27,48.909416
2024-05-18 16:35:28,19.141176
2024-05-18 16:35:30,17.503208
2024-05-18 16:35:31,29.409512
2024-05-18 16:35:32,11.280368
2024-05-18 16:35:33,57.178176
2024-05-18 16:35:34,0.882344
2024-05-18 16:35:37,36.362448
2024-05-18 16:35:38,31.640968
2024-05-18 16:35:40,10.476784
2024-05-18 16:35:41,58.068672
2024-05-18 16:35:42,2.966896
2024-05-18 16:35:43,53.221504
2024-05-18 16:35:44,12.901984
2024-05-18 16:35:46,52.565624
2024-05-18 16:35:47,15.434152
2024-05-18 16:35:50,10.281792
2024-05-18 16:35:51,34.63772
2024-05-18 16:35:52,0.01272
2024-05-18 16:35:53,60.312104
2024-05-18 16:35:54,7.690024
2024-05-18 16:35:57,41.164104
2024-05-18 16:35:58,26.846136
2024-05-18 16:36:01,0.111544
2024-05-18 16:36:02,69.405416
2024-05-18 16:36:03,0.000592
2024-05-18 16:36:04,0.00084
2024-05-18 16:36:07,38.765088
2024-05-18 16:36:08,29.240576
2024-05-18 16:36:12,53.151944
2024-05-18 16:36:13,16.35484
2024-05-18 16:36:16,27.333392
2024-05-18 16:36:17,40.666184
2024-05-18 16:36:21,60.631824
2024-05-18 16:36:22,8.912704
2024-05-18 16:36:25,21.54792
2024-05-18 16:36:26,21.628328
2024-05-18 16:36:27,11.125888
2024-05-18 16:36:28,49.184424
2024-05-18 16:36:30,0.030608
2024-05-18 16:36:33,32.88528
2024-05-18 16:36:34,30.00004
2024-05-18 16:36:36,0.887536
2024-05-18 16:36:37,22.149048
2024-05-18 16:36:38,56.466032
2024-05-18 16:36:39,2.946216
2024-05-18 16:36:41,0.001376
2024-05-18 16:36:43,35.274936
2024-05-18 16:36:44,32.716848
2024-05-18 16:36:45,18.76692
2024-05-18 16:36:46,27.55576
2024-05-18 16:36:47,0.37656
2024-05-18 16:36:48,67.617768
2024-05-18 16:36:49,0.006632
2024-05-18 16:36:50,0.000592
2024-05-18 16:36:51,27.02224
2024-05-18 16:36:52,31.000832
2024-05-18 16:36:53,48.229936
2024-05-18 16:36:54,11.957136
2024-05-18 16:36:55,10.040216
2024-05-18 16:36:56,38.613976
2024-05-18 16:36:58,48.009904
2024-05-18 16:36:59,20.05484
2024-05-18 16:37:01,35.704864
2024-05-18 16:37:02,11.976128
2024-05-18 16:37:03,21.57948
2024-05-18 16:37:04,46.440376
2024-05-18 16:37:06,0.014304
2024-05-18 16:37:07,58.6028
2024-05-18 16:37:08,11.044976
2024-05-18 16:37:09,0.001776
2024-05-18 16:37:10,41.758752
2024-05-18 16:37:11,26.29296
2024-05-18 16:37:14,20.675512
2024-05-18 16:37:15,49.3726
2024-05-18 16:37:16,0.000728
2024-05-18 16:37:20,27.640336
2024-05-18 16:37:21,16.785304
2024-05-18 16:37:23,4.44288
2024-05-18 16:37:24,61.348976
2024-05-18 16:37:25,2.236104
2024-05-18 16:37:27,58.695736
2024-05-18 16:37:28,11.180568
2024-05-18 16:37:31,28.08592
2024-05-18 16:37:32,39.949192
2024-05-18 16:37:34,7.330224
2024-05-18 16:37:35,56.731136
2024-05-18 16:37:38,45.26336
2024-05-18 16:37:39,24.44964
2024-05-18 16:37:41,15.587616
2024-05-18 16:37:42,52.449384
2024-05-18 16:37:44,5.874392
2024-05-18 16:37:45,43.580544
2024-05-18 16:37:48,48.964488
2024-05-18 16:37:49,14.243512
2024-05-18 16:37:50,0.0306
2024-05-18 16:37:52,17.564568
2024-05-18 16:37:53,42.70712
2024-05-18 16:37:58,43.151864
2024-05-18 16:37:59,26.34944
2024-05-18 16:38:01,0.001288
2024-05-18 16:38:02,18.614576
2024-05-18 16:38:03,49.423032
2024-05-18 16:38:07,58.047888
2024-05-18 16:38:08,10.902848
2024-05-18 16:38:11,22.740576
2024-05-18 16:38:12,46.797176
2024-05-18 16:38:13,0.001376
2024-05-18 16:38:14,0.01272
2024-05-18 16:38:15,47.048912
2024-05-18 16:38:18,53.769072
2024-05-18 16:38:19,16.308472
2024-05-18 16:38:22,4.733176
2024-05-18 16:38:23,63.267456
2024-05-18 16:38:26,43.585592
2024-05-18 16:38:27,24.399952
2024-05-18 16:38:29,42.725
2024-05-18 16:38:30,23.628848
2024-05-18 16:38:32,3.75156
2024-05-18 16:38:33,55.170232
2024-05-18 16:38:34,10.483016
2024-05-18 16:38:37,33.608184
2024-05-18 16:38:38,36.531712
2024-05-18 16:38:41,6.386416
2024-05-18 16:38:42,57.695712
2024-05-18 16:38:43,3.927176
2024-05-18 16:38:45,41.320392
2024-05-18 16:38:48,24.969872
2024-05-18 16:38:49,43.0336
2024-05-18 16:38:51,0.106224
2024-05-18 16:38:52,67.905504
2024-05-18 16:38:53,1.967552
2024-05-18 16:38:54,14.625992
2024-05-18 16:38:55,48.379552
2024-05-18 16:38:56,67.842112
2024-05-18 16:38:57,63.54412
2024-05-18 16:38:58,2.831448
2024-05-18 16:39:00,4.994936
2024-05-18 16:39:01,38.673576
2024-05-18 16:39:02,0.012736
2024-05-18 16:39:03,66.812736
2024-05-18 16:39:08,16.376376
2024-05-18 16:39:09,46.028984
2024-05-18 16:39:10,0.030616
2024-05-18 16:39:13,49.805952
2024-05-18 16:39:14,19.50444
2024-05-18 16:39:17,30.957816
2024-05-18 16:39:18,39.107824
2024-05-18 16:39:22,52.496344
2024-05-18 16:39:23,15.499352
2024-05-18 16:39:26,14.516256
2024-05-18 16:39:27,53.480208
2024-05-18 16:39:30,51.105416
2024-05-18 16:39:33,35.269792
2024-05-18 16:39:34,32.724
2024-05-18 16:39:37,24.176848
2024-05-18 16:39:38,25.08084
2024-05-18 16:39:43,32.549696
2024-05-18 16:39:44,35.88008
2024-05-18 16:39:47,0.012712
2024-05-18 16:39:48,62.850904
2024-05-18 16:39:49,6.88492
2024-05-18 16:39:50,0.030624
2024-05-18 16:39:52,13.949952
2024-05-18 16:39:53,29.301208
2024-05-18 16:39:54,24.973408
2024-05-18 16:39:56,0.01272
2024-05-18 16:39:57,26.718672
2024-05-18 16:39:58,35.427056
2024-05-18 16:39:59,6.150576
2024-05-18 16:40:00,24.943784
2024-05-18 16:40:01,17.25996
2024-05-18 16:40:02,0.001376
2024-05-18 16:40:03,8.918112
2024-05-18 16:40:04,38.410152
2024-05-18 16:40:05,21.460728
2024-05-18 16:40:07,29.111136
2024-05-18 16:40:08,38.583864
2024-05-18 16:40:09,2.16424
2024-05-18 16:40:11,16.383256
2024-05-18 16:40:12,33.241832
2024-05-18 16:40:13,18.592496
2024-05-18 16:40:16,31.296368
2024-05-18 16:40:17,36.352976
2024-05-18 16:40:18,1.371296
2024-05-18 16:40:21,7.2262
2024-05-18 16:40:22,35.934232
2024-05-18 16:40:23,25.729864
2024-05-18 16:40:26,26.927752
2024-05-18 16:40:27,27.348784
2024-05-18 16:40:28,15.589688
2024-05-18 16:40:30,12.493688
2024-05-18 16:40:31,30.700184
2024-05-18 16:40:32,25.050616
2024-05-18 16:40:35,21.689168
2024-05-18 16:40:36,22.573536
2024-05-18 16:40:37,10.094432
2024-05-18 16:40:38,29.695512
2024-05-18 16:40:39,28.469696
2024-05-18 16:40:40,0.819976
2024-05-18 16:40:41,4.017504
2024-05-18 16:40:42,42.983392
2024-05-18 16:40:43,22.226824
2024-05-18 16:40:46,23.853896
2024-05-18 16:40:47,30.525688
2024-05-18 16:40:48,33.351808
2024-05-18 16:40:49,22.707136
2024-05-18 16:40:51,0.410848
2024-05-18 16:40:52,41.598824
2024-05-18 16:40:53,26.204232
2024-05-18 16:40:54,0.006264
2024-05-18 16:40:56,17.175792
2024-05-18 16:40:57,32.560104
2024-05-18 16:40:58,20.583784
2024-05-18 16:40:59,0.001376
2024-05-18 16:41:01,0.012736
2024-05-18 16:41:02,19.071896
2024-05-18 16:41:03,27.17016
2024-05-18 16:41:04,22.179192
2024-05-18 16:41:06,11.640624
2024-05-18 16:41:07,19.947256
2024-05-18 16:41:08,26.2494
2024-05-18 16:41:09,11.963848
2024-05-18 16:41:10,0.04504
2024-05-18 16:41:11,0.012736
2024-05-18 16:41:12,26.768536
2024-05-18 16:41:13,27.607248
2024-05-18 16:41:14,14.754152
2024-05-18 16:41:16,12.34144
2024-05-18 16:41:17,28.687616
2024-05-18 16:41:18,28.199168
2024-05-18 16:41:21,0.012736
2024-05-18 16:41:22,24.827656
2024-05-18 16:41:23,27.400392
2024-05-18 16:41:24,16.924128
2024-05-18 16:41:26,14.998744
2024-05-18 16:41:27,27.321544
2024-05-18 16:41:28,24.822776
2024-05-18 16:41:29,2.062616
2024-05-18 16:41:30,0.749832
2024-05-18 16:41:31,22.975888
2024-05-18 16:41:32,31.676192
2024-05-18 16:41:33,12.909288
2024-05-18 16:41:35,12.473224
2024-05-18 16:41:36,24.116648
2024-05-18 16:41:37,21.4266
2024-05-18 16:41:38,28.542176
2024-05-18 16:41:39,33.558944
2024-05-18 16:41:40,8.310448
2024-05-18 16:41:43,22.13696
2024-05-18 16:41:44,28.905744
2024-05-18 16:41:45,16.100152
2024-05-18 16:41:47,12.283992
2024-05-18 16:41:48,29.526288
2024-05-18 16:41:49,21.571336
2024-05-18 16:41:50,0.030616
2024-05-18 16:41:53,18.5608
2024-05-18 16:41:54,30.541456
2024-05-18 16:41:55,4.277256
2024-05-18 16:41:57,10.1784
2024-05-18 16:41:58,31.005712
2024-05-18 16:41:59,14.77812
2024-05-18 16:42:03,15.677336
2024-05-18 16:42:04,16.412152
2024-05-18 16:42:05,24.007352
2024-05-18 16:42:06,12.230784
2024-05-18 16:42:07,13.775224
2024-05-18 16:42:08,33.624016
2024-05-18 16:42:09,21.646392
2024-05-18 16:42:11,25.8342
2024-05-18 16:42:12,29.780616
2024-05-18 16:42:13,13.691928
2024-05-18 16:42:14,0.010464
2024-05-18 16:42:15,6.282224
2024-05-18 16:42:16,35.140656
2024-05-18 16:42:17,26.741464
2024-05-18 16:42:18,0.16604
2024-05-18 16:42:19,0.014112
2024-05-18 16:42:20,26.449416
2024-05-18 16:42:21,28.310016
2024-05-18 16:42:22,4.005512
2024-05-18 16:42:23,16.319872
2024-05-18 16:42:24,29.072712
2024-05-18 16:42:25,23.551704
2024-05-18 16:42:26,6.95424
2024-05-18 16:42:27,27.313896
2024-05-18 16:42:28,32.584096
2024-05-18 16:42:29,2.16796
2024-05-18 16:42:30,25.028608
2024-05-18 16:42:31,30.196576
2024-05-18 16:42:32,28.217152
2024-05-18 16:42:33,31.659952
2024-05-18 16:42:34,22.118536
2024-05-18 16:42:35,8.958592
2024-05-18 16:42:36,31.1528
2024-05-18 16:42:37,30.524976
2024-05-18 16:42:38,29.3506
2024-05-18 16:42:39,21.883952
2024-05-18 16:42:40,28.513256
2024-05-18 16:42:41,32.748192
2024-05-18 16:42:42,36.139128
2024-05-18 16:42:43,49.624408
2024-05-18 16:42:45,17.4334
2024-05-18 16:42:46,44.89096
2024-05-18 16:42:47,19.196168
2024-05-18 16:42:48,48.844112
2024-05-18 16:42:51,31.17464
2024-05-18 16:42:52,29.099128
2024-05-18 16:42:53,31.15392
2024-05-18 16:42:54,36.850752
2024-05-18 16:42:55,10.486552
2024-05-18 16:42:56,50.124496
2024-05-18 16:42:57,19.894816
2024-05-18 16:42:58,48.10568
2024-05-18 16:43:01,30.679544
2024-05-18 16:43:02,54.418656
2024-05-18 16:43:03,43.674232
2024-05-18 16:43:06,5.464712
2024-05-18 16:43:07,62.545376
2024-05-18 16:43:09,0.16592
2024-05-18 16:43:10,53.76276
2024-05-18 16:43:11,16.049712
2024-05-18 16:43:13,0.005592
2024-05-18 16:43:15,8.520016
2024-05-18 16:43:16,59.490448
2024-05-18 16:43:18,0.001376
2024-05-18 16:43:20,46.00048
2024-05-18 16:43:21,1.24588
2024-05-18 16:43:23,27.03764
2024-05-18 16:43:24,40.968568
2024-05-18 16:43:26,0.013408
2024-05-18 16:43:27,68.067976
2024-05-18 16:43:28,0.004936
2024-05-18 16:43:31,29.358864
2024-05-18 16:43:32,40.231312
2024-05-18 16:43:34,15.585112
2024-05-18 16:43:35,30.895896
2024-05-18 16:43:37,15.396384
2024-05-18 16:43:38,52.629784
2024-05-18 16:43:42,21.874488
2024-05-18 16:43:43,41.117792
2024-05-18 16:43:44,6.156728
2024-05-18 16:43:45,0.154168
2024-05-18 16:43:46,67.851408
2024-05-18 16:43:49,51.94108
2024-05-18 16:43:50,17.573296
2024-05-18 16:43:52,18.129328
2024-05-18 16:43:53,49.907072
2024-05-18 16:43:55,0.01272
2024-05-18 16:43:56,44.771248
2024-05-18 16:43:57,13.073912
2024-05-18 16:43:58,51.548248
2024-05-18 16:44:00,0.064712
2024-05-18 16:44:02,22.11064
2024-05-18 16:44:03,41.08072
2024-05-18 16:44:07,14.74652
2024-05-18 16:44:08,53.0968
2024-05-18 16:44:09,2.065296
2024-05-18 16:44:12,15.508384
2024-05-18 16:44:13,52.50816
2024-05-18 16:44:17,49.752888
2024-05-18 16:44:18,20.073752
2024-05-18 16:44:21,19.799632
2024-05-18 16:44:22,48.234784
2024-05-18 16:44:27,15.507968
2024-05-18 16:44:28,52.538256
2024-05-18 16:44:30,0.03064
2024-05-18 16:44:32,13.321184
2024-05-18 16:44:33,51.006472
2024-05-18 16:44:34,4.91884
2024-05-18 16:44:37,34.474936
2024-05-18 16:44:38,27.353416
2024-05-18 16:44:42,2.039264
2024-05-18 16:44:43,41.275416
2024-05-18 16:44:47,12.924408
2024-05-18 16:44:48,38.82048
2024-05-18 16:44:52,3.711624
2024-05-18 16:44:53,52.81148
2024-05-18 16:44:54,11.500312
2024-05-18 16:44:56,51.651472
2024-05-18 16:44:57,16.384656
2024-05-18 16:44:59,16.356584
2024-05-18 16:45:00,40.17384
2024-05-18 16:45:02,2.140576
2024-05-18 16:45:03,55.732816
2024-05-18 16:45:04,11.399992
2024-05-18 16:45:06,44.773568
2024-05-18 16:45:07,23.241328
2024-05-18 16:45:08,0.007688
2024-05-18 16:45:09,21.587272
2024-05-18 16:45:10,50.88664
2024-05-18 16:45:12,0.014312
2024-05-18 16:45:13,60.446488
2024-05-18 16:45:14,7.55556
2024-05-18 16:45:15,51.093656
2024-05-18 16:45:16,16.89312
2024-05-18 16:45:17,9.278872
2024-05-18 16:45:18,60.655384
2024-05-18 16:45:20,5.655064
2024-05-18 16:45:21,62.360344
2024-05-18 16:45:22,0.01272
2024-05-18 16:45:23,66.088712
2024-05-18 16:45:24,1.912912
2024-05-18 16:45:25,33.631536
2024-05-18 16:45:26,27.132288
2024-05-18 16:45:27,4.17532
2024-05-18 16:45:28,37.843488
2024-05-18 16:45:29,26.238536
2024-05-18 16:45:31,0.726512
2024-05-18 16:45:32,28.0234
2024-05-18 16:45:33,34.400968
2024-05-18 16:45:34,5.754928
2024-05-18 16:45:35,11.334264
2024-05-18 16:45:36,34.933808
2024-05-18 16:45:37,10.458424
2024-05-18 16:45:38,30.444328
2024-05-18 16:45:39,33.42496
2024-05-18 16:45:40,2.156976
2024-05-18 16:45:43,26.748072
2024-05-18 16:45:44,25.972592
2024-05-18 16:45:45,28.415128
2024-05-18 16:45:46,31.289056
2024-05-18 16:45:47,12.865568
2024-05-18 16:45:48,48.439816
2024-05-18 16:45:49,16.116224
2024-05-18 16:45:50,6.2164
2024-05-18 16:45:51,61.838256
2024-05-18 16:45:52,1.387416
2024-05-18 16:45:53,0.005376
2024-05-18 16:45:55,24.16752
2024-05-18 16:45:56,43.842312
2024-05-18 16:45:58,0.001376
2024-05-18 16:46:00,0.107832
2024-05-18 16:46:01,58.589992
2024-05-18 16:46:02,10.575296
2024-05-18 16:46:03,0.000592
2024-05-18 16:46:05,36.020736
2024-05-18 16:46:06,34.130504
2024-05-18 16:46:10,0.0272
2024-05-18 16:46:11,50.489064
2024-05-18 16:46:12,17.530048
2024-05-18 16:46:15,20.834056
2024-05-18 16:46:16,20.070512
2024-05-18 16:46:17,16.0768
2024-05-18 16:46:18,53.83896
2024-05-18 16:46:22,51.806136
2024-05-18 16:46:23,16.2006
2024-05-18 16:46:25,29.403864
2024-05-18 16:46:26,15.795968
2024-05-18 16:46:27,9.066536
2024-05-18 16:46:28,58.942784
2024-05-18 16:46:30,0.032
2024-05-18 16:46:32,57.365048
2024-05-18 16:46:33,12.180488
2024-05-18 16:46:35,18.1264
2024-05-18 16:46:36,49.878888
2024-05-18 16:46:41,47.939408
2024-05-18 16:46:42,21.729224
2024-05-18 16:46:44,38.7002
2024-05-18 16:46:45,10.406824
2024-05-18 16:46:47,6.327288
2024-05-18 16:46:48,61.677408
2024-05-18 16:46:49,1.839088
2024-05-18 16:46:53,12.574096
2024-05-18 16:46:54,17.895528
2024-05-18 16:46:55,30.294816
2024-05-18 16:46:57,2.894328
2024-05-18 16:46:58,65.101016
2024-05-18 16:47:01,37.996616
2024-05-18 16:47:02,31.66824
2024-05-18 16:47:05,16.075648
2024-05-18 16:47:06,35.569544
2024-05-18 16:47:07,3.25356
2024-05-18 16:47:08,64.76604
2024-05-18 16:47:10,0.030648
2024-05-18 16:47:11,46.123856
2024-05-18 16:47:12,23.412248
2024-05-18 16:47:15,7.730224
2024-05-18 16:47:16,56.884128
2024-05-18 16:47:17,5.712472
2024-05-18 16:47:21,39.443952
2024-05-18 16:47:22,28.560552
2024-05-18 16:47:26,1.487704
2024-05-18 16:47:27,66.518568
2024-05-18 16:47:32,32.109848
2024-05-18 16:47:33,30.538664
2024-05-18 16:47:37,0.319776
2024-05-18 16:47:38,67.701768
2024-05-18 16:47:39,2.013976
2024-05-18 16:47:42,20.667216
2024-05-18 16:47:43,47.373616
2024-05-18 16:47:47,58.50536
2024-05-18 16:47:48,9.51188
2024-05-18 16:47:50,28.478624
2024-05-18 16:47:51,15.843552
2024-05-18 16:47:52,13.440344
2024-05-18 16:47:53,48.106216
2024-05-18 16:47:54,6.492248
2024-05-18 16:47:57,55.305808
2024-05-18 16:47:58,12.708488
2024-05-18 16:48:01,16.22308
2024-05-18 16:48:02,52.47924
2024-05-18 16:48:03,0.653992
2024-05-18 16:48:04,0.012728
2024-05-18 16:48:05,55.698864
2024-05-18 16:48:07,0.012728
2024-05-18 16:48:08,63.15324
2024-05-18 16:48:09,6.75212
2024-05-18 16:48:10,0.001376
2024-05-18 16:48:11,7.460056
2024-05-18 16:48:12,60.544112
2024-05-18 16:48:15,44.262136
2024-05-18 16:48:16,5.757632
2024-05-18 16:48:17,0.01272
2024-05-18 16:48:18,62.536872
2024-05-18 16:48:19,7.240432
2024-05-18 16:48:21,1.947352
2024-05-18 16:48:22,43.892888
2024-05-18 16:48:23,22.171288
2024-05-18 16:48:26,22.554384
2024-05-18 16:48:27,45.446112
2024-05-18 16:48:30,0.043376
2024-05-18 16:48:31,61.551832
2024-05-18 16:48:32,8.136944
2024-05-18 16:48:35,20.21356
2024-05-18 16:48:36,47.7672
2024-05-18 16:48:40,8.396936
2024-05-18 16:48:41,60.345296
2024-05-18 16:48:42,0.941424
2024-05-18 16:48:45,36.234432
2024-05-18 16:48:46,31.777424
2024-05-18 16:48:50,1.221464
2024-05-18 16:48:51,36.72692
2024-05-18 16:48:52,31.494808
2024-05-18 16:48:55,14.782808
2024-05-18 16:48:56,47.899136
2024-05-18 16:48:57,6.468304
2024-05-18 16:48:58,0.526088
2024-05-18 16:48:59,2.953024
2024-05-18 16:49:00,2.942296
2024-05-18 16:49:01,42.35752
2024-05-18 16:49:02,29.008416
2024-05-18 16:49:06,20.79972
2024-05-18 16:49:07,47.217888
2024-05-18 16:49:10,0.03064
2024-05-18 16:49:11,59.47192
2024-05-18 16:49:12,8.4718
2024-05-18 16:49:13,0.002408
2024-05-18 16:49:15,0.002408
2024-05-18 16:49:17,6.919616
2024-05-18 16:49:18,38.365576
2024-05-18 16:49:19,0.00084
2024-05-18 16:49:20,0.001568
2024-05-18 16:49:23,21.112856
2024-05-18 16:49:24,26.543352
2024-05-18 16:49:26,0.00084
2024-05-18 16:49:27,0.548568
2024-05-18 16:49:28,49.780368
2024-05-18 16:49:29,0.003912
2024-05-18 16:49:32,0.001376
2024-05-18 16:49:33,23.624056
2024-05-18 16:49:34,34.335688
2024-05-18 16:49:37,0.002576
2024-05-18 16:49:38,65.95964
2024-05-18 16:49:43,12.821792
2024-05-18 16:49:44,56.29324
2024-05-18 16:49:47,47.857872
2024-05-18 16:49:48,22.5472
2024-05-18 16:49:50,36.085064
2024-05-18 16:49:51,10.836792
2024-05-18 16:49:52,17.015024
2024-05-18 16:49:53,50.99612
2024-05-18 16:49:55,0.003136
2024-05-18 16:49:56,0.007064
2024-05-18 16:49:57,54.103432
2024-05-18 16:49:58,13.981408
2024-05-18 16:50:01,24.540528
2024-05-18 16:50:02,44.899216
2024-05-18 16:50:03,0.001376
2024-05-18 16:50:06,46.696816
2024-05-18 16:50:07,0.002576
2024-05-18 16:50:08,67.964576
2024-05-18 16:50:10,0.000592
2024-05-18 16:50:11,17.466184
2024-05-18 16:50:12,52.057896
2024-05-18 16:50:16,42.154664
2024-05-18 16:50:17,25.855184
2024-05-18 16:50:20,4.848368
2024-05-18 16:50:21,37.82244
2024-05-18 16:50:22,2.712152
2024-05-18 16:50:23,66.715712
2024-05-18 16:50:26,54.264528
2024-05-18 16:50:27,13.736992
2024-05-18 16:50:28,0.030896
2024-05-18 16:50:29,18.85792
2024-05-18 16:50:30,44.557176
2024-05-18 16:50:32,0.012728
2024-05-18 16:50:33,66.61996
2024-05-18 16:50:37,0.002576
2024-05-18 16:50:38,55.386552
2024-05-18 16:50:39,0.000752
2024-05-18 16:50:43,44.788088
2024-05-18 16:50:44,18.764864
2024-05-18 16:50:46,0.001712
2024-05-18 16:50:47,26.159976
2024-05-18 16:50:48,41.837696
2024-05-18 16:50:50,0.013352
2024-05-18 16:50:51,44.686648
2024-05-18 16:50:52,0.033264
2024-05-18 16:50:53,51.63212
2024-05-18 16:50:54,16.386464
2024-05-18 16:50:55,27.406824
2024-05-18 16:50:56,25.215608
2024-05-18 16:50:57,18.438856
2024-05-18 16:50:58,49.58376
2024-05-18 16:51:01,53.400632
2024-05-18 16:51:03,42.797728
2024-05-18 16:51:04,26.490112
2024-05-18 16:51:05,28.194264
2024-05-18 16:51:06,18.241288
2024-05-18 16:51:07,9.27292
2024-05-18 16:51:08,58.712536
2024-05-18 16:51:10,0.03064
2024-05-18 16:51:12,36.83792
2024-05-18 16:51:13,32.482984
2024-05-18 16:51:15,0.01432
2024-05-18 16:51:16,66.172512
2024-05-18 16:51:17,1.816392
2024-05-18 16:51:20,31.0406
2024-05-18 16:51:21,23.636176
2024-05-18 16:51:22,10.259416
2024-05-18 16:51:23,57.751112
2024-05-18 16:51:27,45.945576
2024-05-18 16:51:28,22.045568
2024-05-18 16:51:30,21.736288
2024-05-18 16:51:31,47.691472
2024-05-18 16:51:34,15.230032
2024-05-18 16:51:35,52.780352
2024-05-18 16:51:40,33.137152
2024-05-18 16:51:41,10.982104
2024-05-18 16:51:42,3.220048
2024-05-18 16:51:43,66.214568
2024-05-18 16:51:47,0.003992
2024-05-18 16:51:48,57.150888
2024-05-18 16:51:49,10.85992
2024-05-18 16:51:50,0.032976
2024-05-18 16:51:51,17.122688
2024-05-18 16:51:52,52.334232
2024-05-18 16:51:53,0.001376
2024-05-18 16:51:56,42.763152
2024-05-18 16:51:58,61.279072
2024-05-18 16:51:59,6.700632
2024-05-18 16:52:01,13.436256
2024-05-18 16:52:02,55.976376
2024-05-18 16:52:06,52.950656
2024-05-18 16:52:07,15.059224
2024-05-18 16:52:09,17.320704
2024-05-18 16:52:10,37.33708
2024-05-18 16:52:12,1.6682
2024-05-18 16:52:13,66.333672
2024-05-18 16:52:14,1.383832
2024-05-18 16:52:16,35.726824
2024-05-18 16:52:17,32.263208
2024-05-18 16:52:19,11.483592
2024-05-18 16:52:20,56.51504
2024-05-18 16:52:23,55.548336
2024-05-18 16:52:24,13.779904
2024-05-18 16:52:26,34.582392
2024-05-18 16:52:27,14.566832
2024-05-18 16:52:28,54.196696
2024-05-18 16:52:29,15.772016
2024-05-18 16:52:30,0.03064
2024-05-18 16:52:33,59.735264
2024-05-18 16:52:34,8.256544
2024-05-18 16:52:37,25.42356
2024-05-18 16:52:38,38.870208
2024-05-18 16:52:39,0.004648
2024-05-18 16:52:43,42.764848
2024-05-18 16:52:44,20.752824
2024-05-18 16:52:47,17.949624
2024-05-18 16:52:48,44.45988
2024-05-18 16:52:49,0.002352
2024-05-18 16:52:53,49.417024
2024-05-18 16:52:54,10.138368
2024-05-18 16:52:57,5.763536
2024-05-18 16:52:58,48.722152
2024-05-18 16:53:03,20.687688
2024-05-18 16:53:04,39.214832
2024-05-18 16:53:08,39.541472
2024-05-18 16:53:09,18.391368
2024-05-18 16:53:10,0.03064
2024-05-18 16:53:12,19.105576
2024-05-18 16:53:13,38.138728
2024-05-18 16:53:18,28.551152
2024-05-18 16:53:19,32.732312
2024-05-18 16:53:20,0.00396
2024-05-18 16:53:22,4.193192
2024-05-18 16:53:23,54.367544
2024-05-18 16:53:28,39.815056
2024-05-18 16:53:29,19.660192
2024-05-18 16:53:32,3.498448
2024-05-18 16:53:33,65.962816
2024-05-18 16:53:37,35.529696
2024-05-18 16:53:38,34.18488
2024-05-18 16:53:41,3.678368
2024-05-18 16:53:42,64.303104
2024-05-18 16:53:46,32.467664
2024-05-18 16:53:47,35.526368
2024-05-18 16:53:50,5.62012
2024-05-18 16:53:51,59.244576
2024-05-18 16:53:52,4.710448
2024-05-18 16:53:53,0.06684
2024-05-18 16:53:54,0.199112
2024-05-18 16:53:56,43.267256
2024-05-18 16:53:57,24.715072
2024-05-18 16:53:58,0.001376
2024-05-18 16:54:00,0.014296
2024-05-18 16:54:01,57.93396
2024-05-18 16:54:02,11.723312
2024-05-18 16:54:06,32.649696
2024-05-18 16:54:07,21.365032
2024-05-18 16:54:13,53.026072
2024-05-18 16:54:14,18.124592
2024-05-18 16:54:21,0.001288
2024-05-18 16:54:22,38.507424
2024-05-18 16:54:23,29.46924
2024-05-18 16:54:27,1.668584
2024-05-18 16:54:28,66.316528
2024-05-18 16:54:30,0.030632
2024-05-18 16:54:32,32.7178
2024-05-18 16:54:33,36.772976
2024-05-18 16:54:37,0.012736
2024-05-18 16:54:38,66.820328
2024-05-18 16:54:39,1.145696
2024-05-18 16:54:42,21.269656
2024-05-18 16:54:43,48.321496
2024-05-18 16:54:46,0.012728
2024-05-18 16:54:47,67.983216
2024-05-18 16:54:51,33.547576
2024-05-18 16:54:52,36.032816
2024-05-18 16:54:55,2.643544
2024-05-18 16:54:56,38.896424
2024-05-18 16:54:58,56.704168
2024-05-18 16:54:59,11.299512
2024-05-18 16:55:01,0.002992
2024-05-18 16:55:02,21.620176
2024-05-18 16:55:03,47.835192
2024-05-18 16:55:04,0.001376
2024-05-18 16:55:07,49.987232
2024-05-18 16:55:08,18.011392
2024-05-18 16:55:10,33.19896
2024-05-18 16:55:11,20.62832
2024-05-18 16:55:12,15.648776
2024-05-18 16:55:13,52.351816
2024-05-18 16:55:17,43.537384
2024-05-18 16:55:18,0.049552
2024-05-18 16:55:19,0.014112
2024-05-18 16:55:20,0.098336
2024-05-18 16:55:21,0.037056
2024-05-18 16:55:22,4.128
2024-05-18 16:55:23,63.74212
2024-05-18 16:55:24,1.184856
2024-05-18 16:55:25,0.00084
2024-05-18 16:55:26,0.022776
2024-05-18 16:55:27,0.102024
2024-05-18 16:55:28,55.92444
2024-05-18 16:55:29,11.134256
2024-05-18 16:55:30,0.00128
2024-05-18 16:55:32,0.015
2024-05-18 16:55:33,60.581376
2024-05-18 16:55:34,8.831224
2024-05-18 16:55:37,23.279728
2024-05-18 16:55:38,44.701864
2024-05-18 16:55:39,0.005448
2024-05-18 16:55:40,3.711248
2024-05-18 16:55:41,65.681264
2024-05-18 16:55:44,0.005584
2024-05-18 16:55:45,39.83568
2024-05-18 16:55:46,4.29172
2024-05-18 16:55:47,0.073712
2024-05-18 16:55:48,45.685448
2024-05-18 16:55:49,22.31248
2024-05-18 16:55:50,0.032712
2024-05-18 16:55:52,58.003384
2024-05-18 16:55:53,11.467984
2024-05-18 16:55:54,0.077256
2024-05-18 16:55:56,32.698832
2024-05-18 16:55:57,35.2758
2024-05-18 16:55:59,2.366936
2024-05-18 16:56:00,42.417584
2024-05-18 16:56:03,45.986304
2024-05-18 16:56:04,23.379512
2024-05-18 16:56:07,11.040576
2024-05-18 16:56:08,45.12216
2024-05-18 16:56:13,39.008264
2024-05-18 16:56:14,11.706024
2024-05-18 16:56:17,1.75484
2024-05-18 16:56:18,66.248712
2024-05-18 16:56:21,55.590072
2024-05-18 16:56:22,13.794224
2024-05-18 16:56:25,3.295856
2024-05-18 16:56:26,43.670648
2024-05-18 16:56:27,0.012728
2024-05-18 16:56:28,67.967752
2024-05-18 16:56:30,0.030648
2024-05-18 16:56:31,0.001376
2024-05-18 16:56:32,33.030464
2024-05-18 16:56:33,36.401392
2024-05-18 16:56:38,56.565208
2024-05-18 16:56:39,0.001544
2024-05-18 16:56:42,25.768808
2024-05-18 16:56:43,43.724264
2024-05-18 16:56:51,23.265048
2024-05-18 16:56:52,36.3614
2024-05-18 16:56:57,0.001376
2024-05-18 16:56:58,42.115496
2024-05-18 16:56:59,20.8844
2024-05-18 16:57:02,5.577352
2024-05-18 16:57:03,39.912832
2024-05-18 16:57:08,41.738952
2024-05-18 16:57:09,27.86736
2024-05-18 16:57:10,0.033264
2024-05-18 16:57:15,35.276808
2024-05-18 16:57:16,32.746624
2024-05-18 16:57:19,16.59116
2024-05-18 16:57:20,45.802576
2024-05-18 16:57:23,57.981528
2024-05-18 16:57:24,11.395384
2024-05-18 16:57:26,47.889416
2024-05-18 16:57:27,14.878632
2024-05-18 16:57:33,44.755984
2024-05-18 16:57:34,17.93752
2024-05-18 16:57:37,15.40716
2024-05-18 16:57:38,51.706024
2024-05-18 16:57:43,36.140704
2024-05-18 16:57:44,33.15612
2024-05-18 16:57:47,18.809112
2024-05-18 16:57:48,41.969984
2024-05-18 16:57:50,0.030648
2024-05-18 16:57:53,34.407144
2024-05-18 16:57:54,27.829888
2024-05-18 16:57:57,7.672312
2024-05-18 16:57:58,60.328024
2024-05-18 16:58:03,31.815544
2024-05-18 16:58:04,37.506392
2024-05-18 16:58:07,0.387712
2024-05-18 16:58:08,64.551016
2024-05-18 16:58:09,4.804808
2024-05-18 16:58:12,39.4842
2024-05-18 16:58:13,17.607184
2024-05-18 16:58:18,55.133656
2024-05-18 16:58:19,14.474264
2024-05-18 16:58:24,11.736792
2024-05-18 16:58:25,52.126448
2024-05-18 16:58:26,0.001288
2024-05-18 16:58:28,47.201128
2024-05-18 16:58:29,20.812208
2024-05-18 16:58:30,0.030648
2024-05-18 16:58:31,27.6284
2024-05-18 16:58:32,41.895792
2024-05-18 16:58:35,0.012728
2024-05-18 16:58:36,49.146976
2024-05-18 16:58:38,54.123864
2024-05-18 16:58:39,13.87972
2024-05-18 16:58:41,15.216216
2024-05-18 16:58:42,54.472608
2024-05-18 16:58:44,0.012728
2024-05-18 16:58:45,46.216424
2024-05-18 16:58:48,42.717768
2024-05-18 16:58:49,25.277088
2024-05-18 16:58:52,4.855256
2024-05-18 16:58:53,64.62876
2024-05-18 16:58:57,47.090744
2024-05-18 16:58:58,20.909592
2024-05-18 16:59:00,21.072704
2024-05-18 16:59:01,43.713296
2024-05-18 16:59:02,0.948104
2024-05-18 16:59:03,55.157904
2024-05-18 16:59:04,11.909328
2024-05-18 16:59:06,45.036672
2024-05-18 16:59:08,27.888664
2024-05-18 16:59:09,40.107984
2024-05-18 16:59:10,12.354192
2024-05-18 16:59:11,32.54424
2024-05-18 16:59:13,52.718624
2024-05-18 16:59:14,16.71152
2024-05-18 16:59:16,26.248896
2024-05-18 16:59:17,29.154224
2024-05-18 16:59:23,63.527336
2024-05-18 16:59:24,4.470408
2024-05-18 16:59:31,65.102928
2024-05-18 16:59:32,4.436928
2024-05-18 16:59:35,12.898352
2024-05-18 16:59:36,55.096776
2024-05-18 16:59:40,43.817616
2024-05-18 16:59:43,41.206984
2024-05-18 16:59:44,28.117552
2024-05-18 16:59:47,2.327744
2024-05-18 16:59:48,58.295928
2024-05-18 16:59:49,7.955224
2024-05-18 16:59:50,0.030648
2024-05-18 16:59:53,14.472752
2024-05-18 16:59:54,51.983944
2024-05-18 16:59:57,0.012728
2024-05-18 16:59:58,56.439616
2024-05-18 17:00:02,0.024344
2024-05-18 17:00:03,27.13488
2024-05-18 17:00:04,42.092568
2024-05-18 17:00:07,0.001376
2024-05-18 17:00:08,60.207536
2024-05-18 17:00:09,9.505696
2024-05-18 17:00:12,26.765728
2024-05-18 17:00:13,41.220712
2024-05-18 17:00:17,49.52788
2024-05-18 17:00:18,18.479192
2024-05-18 17:00:22,6.345792
2024-05-18 17:00:23,63.161208
2024-05-18 17:00:27,53.074064
2024-05-18 17:00:28,14.910488
2024-05-18 17:00:29,0.063592
2024-05-18 17:00:30,0.117512
2024-05-18 17:00:31,17.555672
2024-05-18 17:00:32,52.04704
2024-05-18 17:00:35,30.8796
2024-05-18 17:00:36,12.832992
2024-05-18 17:00:38,34.67792
2024-05-18 17:00:39,33.316224
2024-05-18 17:00:42,0.012736
2024-05-18 17:00:43,68.468544
2024-05-18 17:00:44,0.95548
2024-05-18 17:00:47,17.955264
2024-05-18 17:00:48,50.056976
2024-05-18 17:00:50,9.483512
2024-05-18 17:00:51,34.5374
2024-05-18 17:00:52,0.014464
2024-05-18 17:00:53,61.704728
2024-05-18 17:00:54,6.268256
2024-05-18 17:00:56,41.30436
2024-05-18 17:00:57,9.089312
2024-05-18 17:00:58,21.23416
2024-05-18 17:00:59,46.776296
2024-05-18 17:01:02,65.886512
2024-05-18 17:01:03,3.605648
2024-05-18 17:01:05,39.836992
2024-05-18 17:01:06,9.48104
2024-05-18 17:01:07,4.87068
2024-05-18 17:01:08,63.122232
2024-05-18 17:01:10,0.030648
2024-05-18 17:01:11,44.366944
2024-05-18 17:01:13,38.536832
2024-05-18 17:01:14,30.83928
2024-05-18 17:01:16,26.04156
2024-05-18 17:01:17,30.730616
2024-05-18 17:01:18,55.31008
2024-05-18 17:01:21,45.503048
2024-05-18 17:01:22,0.001376
2024-05-18 17:01:23,51.549376
2024-05-18 17:01:24,16.45248
2024-05-18 17:01:27,8.481344
2024-05-18 17:01:28,56.445296
2024-05-18 17:01:29,5.561272
2024-05-18 17:01:35,14.910768
2024-05-18 17:01:36,53.093656
2024-05-18 17:01:40,43.37168
2024-05-18 17:01:41,24.615112
2024-05-18 17:01:44,23.83668
2024-05-18 17:01:45,28.166152
2024-05-18 17:01:48,58.012928
2024-05-18 17:01:49,11.826888
2024-05-18 17:01:50,0.030648
2024-05-18 17:01:51,44.181184
2024-05-18 17:01:52,0.617984
2024-05-18 17:01:53,16.281176
2024-05-18 17:01:54,51.722104
2024-05-18 17:01:56,0.003952
2024-05-18 17:01:58,56.9926
2024-05-18 17:01:59,11.004912
2024-05-18 17:02:02,21.896088
2024-05-18 17:02:03,47.56416
2024-05-18 17:02:05,0.012736
2024-05-18 17:02:06,64.643768
2024-05-18 17:02:07,3.343384
2024-05-18 17:02:09,54.589984
2024-05-18 17:02:10,3.145992
2024-05-18 17:02:12,16.905632
2024-05-18 17:02:13,46.74172
2024-05-18 17:02:16,0.000688
2024-05-18 17:02:17,0.118488
2024-05-18 17:02:18,44.657128
2024-05-18 17:02:19,9.652272
2024-05-18 17:02:22,9.127592
2024-05-18 17:02:23,60.417536
2024-05-18 17:02:27,0.086672
2024-05-18 17:02:28,0.004528
2024-05-18 17:02:30,13.216176
2024-05-18 17:02:31,54.921512
2024-05-18 17:02:32,1.326472
2024-05-18 17:02:35,39.34872
2024-05-18 17:02:36,28.6652
2024-05-18 17:02:40,8.978904
2024-05-18 17:02:41,60.453096
2024-05-18 17:02:46,34.138888
2024-05-18 17:02:47,33.848912
2024-05-18 17:02:52,60.62568
2024-05-18 17:02:53,8.791832
2024-05-18 17:02:56,30.87328
2024-05-18 17:02:57,37.125968
2024-05-18 17:02:59,1.947352
2024-05-18 17:03:00,45.953128
2024-05-18 17:03:03,53.893488
2024-05-18 17:03:04,2.989392
2024-05-18 17:03:07,7.980448
2024-05-18 17:03:08,60.102088
2024-05-18 17:03:09,0.003552
2024-05-18 17:03:10,0.030648
2024-05-18 17:03:12,31.654096
2024-05-18 17:03:13,37.792072
2024-05-18 17:03:17,1.837632
2024-05-18 17:03:18,66.1592
2024-05-18 17:03:22,0.00396
2024-05-18 17:03:23,36.504688
2024-05-18 17:03:24,32.799384
2024-05-18 17:03:25,15.781328
2024-05-18 17:03:26,42.364296
2024-05-18 17:03:27,0.012744
2024-05-18 17:03:28,65.323168
2024-05-18 17:03:29,2.667208
2024-05-18 17:03:30,51.523888
2024-05-18 17:03:31,17.966616
2024-05-18 17:03:32,24.02292
2024-05-18 17:03:33,43.986056
2024-05-18 17:03:36,0.012736
2024-05-18 17:03:37,67.97464
2024-05-18 17:03:41,43.115208
2024-05-18 17:03:42,26.369832
2024-05-18 17:03:45,0.012736
2024-05-18 17:03:46,43.95488
2024-05-18 17:03:48,66.775048
2024-05-18 17:03:49,1.227432
2024-05-18 17:03:50,0.030656
2024-05-18 17:03:52,12.64272
2024-05-18 17:03:53,56.881264
2024-05-18 17:03:57,55.98664
2024-05-18 17:03:58,12.018552
2024-05-18 17:04:01,17.811568
2024-05-18 17:04:02,51.761904
2024-05-18 17:04:05,49.593168
2024-05-18 17:04:06,18.408864
2024-05-18 17:04:07,0.001376
2024-05-18 17:04:09,39.4202
2024-05-18 17:04:10,14.14024
2024-05-18 17:04:12,0.014312
2024-05-18 17:04:13,69.462008
2024-05-18 17:04:16,53.03232
2024-05-18 17:04:17,14.950776
2024-05-18 17:04:19,25.450448
2024-05-18 17:04:20,35.4526
2024-05-18 17:04:23,58.682912
2024-05-18 17:04:24,10.806928
2024-05-18 17:04:26,35.97412
2024-05-18 17:04:27,32.094208
2024-05-18 17:04:30,2.507176
2024-05-18 17:04:31,40.433096
2024-05-18 17:04:33,51.73456
2024-05-18 17:04:34,16.255032
2024-05-18 17:04:37,26.003992
2024-05-18 17:04:38,41.98404
2024-05-18 17:04:42,55.959816
2024-05-18 17:04:43,13.627048
2024-05-18 17:04:46,8.89752
2024-05-18 17:04:47,59.11784
2024-05-18 17:04:51,46.552448
2024-05-18 17:04:52,23.146024
2024-05-18 17:04:55,31.06808
2024-05-18 17:04:56,11.724728
2024-05-18 17:04:57,25.109848
2024-05-18 17:04:58,42.894728
2024-05-18 17:05:01,0.0024
2024-05-18 17:05:03,49.763096
2024-05-18 17:05:04,19.547632
2024-05-18 17:05:07,15.971192
2024-05-18 17:05:08,50.100664
2024-05-18 17:05:10,0.030616
2024-05-18 17:05:13,42.49892
2024-05-18 17:05:14,20.966416
2024-05-18 17:05:27,0.012736
2024-05-18 17:05:28,57.500288
2024-05-18 17:05:33,16.943424
2024-05-18 17:05:34,49.94908
2024-05-18 17:05:38,62.562416
2024-05-18 17:05:39,3.676056
2024-05-18 17:05:43,16.977568
2024-05-18 17:05:44,49.798736
2024-05-18 17:05:48,42.175832
2024-05-18 17:05:49,29.84636
2024-05-18 17:05:50,0.030632
2024-05-18 17:05:52,0.001712
2024-05-18 17:05:59,0.0024
2024-05-18 17:06:01,0.001288
2024-05-18 17:06:02,8.806488
2024-05-18 17:06:03,55.80616
2024-05-18 17:06:04,3.388792
2024-05-18 17:06:11,3.587472
2024-05-18 17:06:12,64.40888
2024-05-18 17:06:16,55.554
2024-05-18 17:06:17,12.429344
2024-05-18 17:06:19,23.42272
2024-05-18 17:06:20,43.244368
2024-05-18 17:06:22,0.012736
2024-05-18 17:06:23,62.995336
2024-05-18 17:06:24,6.553776
2024-05-18 17:06:26,32.377544
2024-05-18 17:06:27,35.644816
2024-05-18 17:06:29,0.585424
2024-05-18 17:06:30,3.610104
2024-05-18 17:06:31,65.993872
2024-05-18 17:06:34,0.001376
2024-05-18 17:06:36,25.857432
2024-05-18 17:06:37,42.144768
2024-05-18 17:06:40,0.012736
2024-05-18 17:06:41,67.983384
2024-05-18 17:06:42,1.497816
2024-05-18 17:06:46,5.893464
2024-05-18 17:06:47,62.094624
2024-05-18 17:06:51,60.135584
2024-05-18 17:06:52,9.383608
2024-05-18 17:06:53,0.007016
2024-05-18 17:06:54,29.000768
2024-05-18 17:06:55,38.995336
2024-05-18 17:06:57,25.153136
2024-05-18 17:06:58,35.93816
2024-05-18 17:06:59,10.288272
2024-05-18 17:07:00,49.893712
2024-05-18 17:07:01,14.748
2024-05-18 17:07:03,47.831248
2024-05-18 17:07:04,21.435136
2024-05-18 17:07:06,27.367368
2024-05-18 17:07:07,40.636024
2024-05-18 17:07:09,0.049584
2024-05-18 17:07:10,51.7974
2024-05-18 17:07:13,38.724936
2024-05-18 17:07:14,29.28356
2024-05-18 17:07:16,13.94884
2024-05-18 17:07:17,54.06204
2024-05-18 17:07:21,47.489816
2024-05-18 17:07:22,22.169128
2024-05-18 17:07:24,0.122912
2024-05-18 17:07:25,0.001376
2024-05-18 17:07:26,2.855504
2024-05-18 17:07:27,65.145928
2024-05-18 17:07:29,0.001376
2024-05-18 17:07:31,44.814264
2024-05-18 17:07:32,24.728912
2024-05-18 17:07:35,6.528752
2024-05-18 17:07:36,61.474528
2024-05-18 17:07:39,0.000592
2024-05-18 17:07:40,44.944112
2024-05-18 17:07:43,31.12296
2024-05-18 17:07:44,38.196592
2024-05-18 17:07:47,0.69344
2024-05-18 17:07:48,69.386272
2024-05-18 17:07:49,0.000768
2024-05-18 17:07:50,0.030616
2024-05-18 17:07:52,0.001376
2024-05-18 17:07:53,20.565152
2024-05-18 17:07:54,47.44632
2024-05-18 17:07:56,1.290776
2024-05-18 17:07:57,66.713792
2024-05-18 17:08:01,38.284096
2024-05-18 17:08:02,31.41684
2024-05-18 17:08:04,9.349736
2024-05-18 17:08:05,42.764784
2024-05-18 17:08:08,51.593808
2024-05-18 17:08:09,16.421576
2024-05-18 17:08:12,23.160336
2024-05-18 17:08:13,46.415552
2024-05-18 17:08:15,0.012736
2024-05-18 17:08:16,67.979024
2024-05-18 17:08:17,0.0008
2024-05-18 17:08:20,33.042664
2024-05-18 17:08:21,36.700864
2024-05-18 17:08:24,0.012736
2024-05-18 17:08:25,44.781632
2024-05-18 17:08:28,40.009728
2024-05-18 17:08:29,27.982776
2024-05-18 17:08:30,0.030616
2024-05-18 17:08:32,4.102568
2024-05-18 17:08:33,65.389608
2024-05-18 17:08:37,34.627824
2024-05-18 17:08:38,33.616976
2024-05-18 17:08:41,11.31396
2024-05-18 17:08:42,58.18784
2024-05-18 17:08:43,0.24388
2024-05-18 17:08:46,40.734104
2024-05-18 17:08:47,27.284624
2024-05-18 17:08:49,0.152648
2024-05-18 17:08:50,7.761792
2024-05-18 17:08:51,62.98984
2024-05-18 17:08:52,0.005496
2024-05-18 17:08:56,24.942136
2024-05-18 17:08:57,43.054944
2024-05-18 17:08:58,0.001776
2024-05-18 17:09:00,0.012736
2024-05-18 17:09:01,48.220616
2024-05-18 17:09:03,51.885032
2024-05-18 17:09:04,17.445944
2024-05-18 17:09:06,22.476048
2024-05-18 17:09:07,45.536344
2024-05-18 17:09:10,0.030624
2024-05-18 17:09:11,57.826112
2024-05-18 17:09:12,11.770296
2024-05-18 17:09:15,16.618552
2024-05-18 17:09:16,26.43008
2024-05-18 17:09:17,2.913072
2024-05-18 17:09:18,61.71048
2024-05-18 17:09:19,0.005832
2024-05-18 17:09:23,23.666056
2024-05-18 17:09:24,45.687384
2024-05-18 17:09:28,0.080648
2024-05-18 17:09:32,37.957184
2024-05-18 17:09:33,5.635688
2024-05-18 17:09:38,60.81812
2024-05-18 17:09:39,8.786808
2024-05-18 17:09:43,0.010816
2024-05-18 17:09:47,49.6714
2024-05-18 17:09:48,6.294952
2024-05-18 17:09:50,0.030632
2024-05-18 17:09:52,16.49708
2024-05-18 17:09:53,37.126992
2024-05-18 17:09:58,39.383936
2024-05-18 17:09:59,30.226968
2024-05-18 17:10:05,67.991496
2024-05-18 17:10:06,0.001288
2024-05-18 17:10:10,20.1354
2024-05-18 17:10:11,25.4118
2024-05-18 17:10:12,3.295928
2024-05-18 17:10:13,66.211392
2024-05-18 17:10:17,23.645
2024-05-18 17:10:18,46.234272
2024-05-18 17:10:22,0.012736
2024-05-18 17:10:23,45.84228
2024-05-18 17:10:30,0.030608
2024-05-18 17:10:33,55.390376
2024-05-18 17:10:34,14.08244
2024-05-18 17:10:36,0.080056
2024-05-18 17:10:38,0.011904
2024-05-18 17:10:40,0.014312
2024-05-18 17:10:41,67.997912
2024-05-18 17:10:42,1.666592
2024-05-18 17:10:44,0.001376
2024-05-18 17:10:45,27.27796
2024-05-18 17:10:46,40.71268
2024-05-18 17:10:51,67.99008
2024-05-18 17:10:52,1.535744
2024-05-18 17:10:53,0.001712
2024-05-18 17:10:56,19.0668
2024-05-18 17:10:57,48.909912
2024-05-18 17:11:01,58.929728
2024-05-18 17:11:02,10.577288
2024-05-18 17:11:04,22.170336
2024-05-18 17:11:05,44.844976
2024-05-18 17:11:07,1.443544
2024-05-18 17:11:08,64.020136
2024-05-18 17:11:10,0.030632
2024-05-18 17:11:13,19.309904
2024-05-18 17:11:14,49.853416
2024-05-18 17:11:17,0.012736
2024-05-18 17:11:18,40.228368
2024-05-18 17:11:19,29.52624
2024-05-18 17:11:22,27.05756
2024-05-18 17:11:23,40.925432
2024-05-18 17:11:26,0.012736
2024-05-18 17:11:27,67.967696
2024-05-18 17:11:30,38.786248
2024-05-18 17:11:31,19.697976
2024-05-18 17:11:32,21.935384
2024-05-18 17:11:33,47.540472
2024-05-18 17:11:37,55.230696
2024-05-18 17:11:38,15.324424
2024-05-18 17:11:42,17.356408
2024-05-18 17:11:43,38.697912
2024-05-18 17:11:48,31.680248
2024-05-18 17:11:49,23.772768
2024-05-18 17:11:50,0.030632
2024-05-18 17:11:51,0.080648
2024-05-18 17:11:52,3.327568
2024-05-18 17:11:53,51.910312
2024-05-18 17:11:58,26.815224
2024-05-18 17:11:59,42.941544
2024-05-18 17:12:02,0.012736
2024-05-18 17:12:03,67.973664
2024-05-18 17:12:07,34.38792
2024-05-18 17:12:08,35.381104
2024-05-18 17:12:13,59.54388
2024-05-18 17:12:14,8.45668
2024-05-18 17:12:17,13.955088
2024-05-18 17:12:18,52.494176
2024-05-18 17:12:23,55.337576
2024-05-18 17:12:24,9.096416
2024-05-18 17:12:25,0.000904
2024-05-18 17:12:26,0.000904
2024-05-18 17:12:27,17.224856
2024-05-18 17:12:28,32.407656
2024-05-18 17:12:29,0.001376
2024-05-18 17:12:30,0.030632
2024-05-18 17:12:31,0.000904
2024-05-18 17:12:33,43.375072
2024-05-18 17:12:34,27.954688
2024-05-18 17:12:39,0.000904
2024-05-18 17:12:40,0.079464
2024-05-18 17:12:45,11.825536
2024-05-18 17:12:46,56.159624
2024-05-18 17:12:50,41.682856
2024-05-18 17:12:51,0.591392
2024-05-18 17:12:53,24.765456
2024-05-18 17:12:54,40.55588
2024-05-18 17:12:55,0.000904
2024-05-18 17:12:58,48.61572
2024-05-18 17:12:59,14.70984
2024-05-18 17:13:00,0.001376
2024-05-18 17:13:08,49.901864
2024-05-18 17:13:09,18.097312
2024-05-18 17:13:10,0.030624
2024-05-18 17:13:11,0.080048
2024-05-18 17:13:12,6.169288
2024-05-18 17:13:13,63.344688
2024-05-18 17:13:16,51.126768
2024-05-18 17:13:17,16.876464
2024-05-18 17:13:20,13.13584
2024-05-18 17:13:21,29.667336
2024-05-18 17:13:22,2.829904
2024-05-18 17:13:23,47.984632
2024-05-18 17:13:25,0.000904
2024-05-18 17:13:27,0.02084
2024-05-18 17:13:28,36.36796
2024-05-18 17:13:29,23.131112
2024-05-18 17:13:30,0.001376
2024-05-18 17:13:32,0.012736
2024-05-18 17:13:33,53.71408
2024-05-18 17:13:38,18.304408
2024-05-18 17:13:39,38.278328
2024-05-18 17:13:43,61.681016
2024-05-18 17:13:44,7.979072
2024-05-18 17:13:50,0.030632
2024-05-18 17:13:52,0.052216
2024-05-18 17:13:53,42.653656
2024-05-18 17:13:54,21.753272
2024-05-18 17:13:57,11.711928
2024-05-18 17:13:58,56.279808
2024-05-18 17:14:03,30.986832
2024-05-18 17:14:04,33.87376
2024-05-18 17:14:07,4.253976
2024-05-18 17:14:08,61.58236
2024-05-18 17:14:10,0.080648
2024-05-18 17:14:11,0.001288
2024-05-18 17:14:13,27.879032
2024-05-18 17:14:14,37.344152
2024-05-18 17:14:17,0.012744
2024-05-18 17:14:18,67.979008
2024-05-18 17:14:20,0.096736
2024-05-18 17:14:21,0.081296
2024-05-18 17:14:22,37.765168
2024-05-18 17:14:23,31.828912
2024-05-18 17:14:26,0.012736
2024-05-18 17:14:27,67.967928
2024-05-18 17:14:30,0.030656
2024-05-18 17:14:31,34.776944
2024-05-18 17:14:32,34.869904
2024-05-18 17:14:34,5.594376
2024-05-18 17:14:35,49.94296
2024-05-18 17:14:38,43.680856
2024-05-18 17:14:39,26.259888
2024-05-18 17:14:42,24.545176
2024-05-18 17:14:43,26.243608
2024-05-18 17:14:48,39.973896
2024-05-18 17:14:49,3.588232
2024-05-18 17:14:52,7.023016
2024-05-18 17:14:53,40.70908
2024-05-18 17:14:58,36.222472
2024-05-18 17:14:59,33.61244
2024-05-18 17:15:02,2.892784
2024-05-18 17:15:03,63.10352
2024-05-18 17:15:08,29.18352
2024-05-18 17:15:09,35.868424
2024-05-18 17:15:10,0.030664
2024-05-18 17:15:12,0.012736
2024-05-18 17:15:13,68.4958
2024-05-18 17:15:14,0.94984
2024-05-18 17:15:17,23.499736
2024-05-18 17:15:18,46.376032
2024-05-18 17:15:21,0.013536
2024-05-18 17:15:22,63.660488
2024-05-18 17:15:23,4.40852
2024-05-18 17:15:24,1.658808
2024-05-18 17:15:27,9.508472
2024-05-18 17:15:28,52.779472
2024-05-18 17:15:33,42.476744
2024-05-18 17:15:34,26.866592
2024-05-18 17:15:37,17.870088
2024-05-18 17:15:38,52.03928
2024-05-18 17:15:43,28.145896
2024-05-18 17:15:44,39.842568
2024-05-18 17:15:47,5.10716
2024-05-18 17:15:48,63.00088
2024-05-18 17:15:50,0.030656
2024-05-18 17:15:51,42.68584
2024-05-18 17:15:52,26.946992
2024-05-18 17:15:53,0.001712
2024-05-18 17:15:55,10.915608
2024-05-18 17:15:56,33.172864
2024-05-18 17:15:57,0.019432
2024-05-18 17:15:58,59.207832
2024-05-18 17:15:59,8.777912
2024-05-18 17:16:00,0.001376
2024-05-18 17:16:01,0.0024
2024-05-18 17:16:02,19.906856
2024-05-18 17:16:03,49.626496
2024-05-18 17:16:05,6.708856
2024-05-18 17:16:06,61.268424
2024-05-18 17:16:10,38.307176
2024-05-18 17:16:11,31.305944
2024-05-18 17:16:14,13.065488
2024-05-18 17:16:15,54.938944
2024-05-18 17:16:20,35.723928
2024-05-18 17:16:21,33.832856
2024-05-18 17:16:24,0.634744
2024-05-18 17:16:25,51.96072
2024-05-18 17:16:28,48.036528
2024-05-18 17:16:29,19.964504
2024-05-18 17:16:30,0.030664
2024-05-18 17:16:31,8.520832
2024-05-18 17:16:32,61.040648
2024-05-18 17:16:36,48.501872
2024-05-18 17:16:37,19.57156
2024-05-18 17:16:40,14.008768
2024-05-18 17:16:41,55.575424
2024-05-18 17:16:43,0.0328
2024-05-18 17:16:44,0.765864
2024-05-18 17:16:45,56.812744
2024-05-18 17:16:46,0.097272
2024-05-18 17:16:47,0.004208
2024-05-18 17:16:48,49.544192
2024-05-18 17:16:49,18.455616
2024-05-18 17:16:51,6.219936
2024-05-18 17:16:52,63.300312
2024-05-18 17:16:53,0.005832
2024-05-18 17:16:56,52.900984
2024-05-18 17:16:57,15.087696
2024-05-18 17:16:59,0.570424
2024-05-18 17:17:00,4.233688
2024-05-18 17:17:01,33.059008
2024-05-18 17:17:02,27.2234
2024-05-18 17:17:03,5.414168
2024-05-18 17:17:06,28.522544
2024-05-18 17:17:07,39.49228
2024-05-18 17:17:09,16.477568
2024-05-18 17:17:10,34.617304
2024-05-18 17:17:12,0.005376
2024-05-18 17:17:13,56.350984
2024-05-18 17:17:14,13.006912
2024-05-18 17:17:16,32.068
2024-05-18 17:17:17,35.908472
2024-05-18 17:17:19,37.258168
2024-05-18 17:17:20,32.58008
2024-05-18 17:17:23,51.307024
2024-05-18 17:17:24,16.68336
2024-05-18 17:17:25,46.06024
2024-05-18 17:17:26,6.41456
2024-05-18 17:17:27,0.785656
2024-05-18 17:17:28,12.955176
2024-05-18 17:17:29,55.176312
2024-05-18 17:17:30,2.380288
2024-05-18 17:17:31,0.966936
2024-05-18 17:17:32,64.73828
2024-05-18 17:17:33,4.81684
2024-05-18 17:17:34,0.001376
2024-05-18 17:17:35,26.704248
2024-05-18 17:17:36,41.2794
2024-05-18 17:17:39,2.733976
2024-05-18 17:17:40,48.948456
2024-05-18 17:17:43,52.29096
2024-05-18 17:17:44,16.921328
2024-05-18 17:17:45,0.00192
2024-05-18 17:17:46,21.761024
2024-05-18 17:17:47,46.238784
2024-05-18 17:17:49,27.83072
2024-05-18 17:17:50,37.325152
2024-05-18 17:17:53,38.7704
2024-05-18 17:17:54,29.224208
2024-05-18 17:17:56,11.940712
2024-05-18 17:17:57,56.02368
2024-05-18 17:18:01,63.236168
2024-05-18 17:18:02,6.398456
2024-05-18 17:18:05,14.732152
2024-05-18 17:18:06,30.031864
2024-05-18 17:18:07,0.014112
2024-05-18 17:18:08,64.815464
2024-05-18 17:18:13,11.883904
2024-05-18 17:18:14,53.624304
2024-05-18 17:18:16,0.001288
2024-05-18 17:18:18,50.663184
2024-05-18 17:18:19,16.153896
2024-05-18 17:18:22,17.935376
2024-05-18 17:18:23,46.525544
2024-05-18 17:18:27,0.007168
2024-05-18 17:18:28,30.844376
2024-05-18 17:18:29,39.123056
2024-05-18 17:18:30,0.033256
2024-05-18 17:18:32,19.1918
2024-05-18 17:18:33,48.826888
2024-05-18 17:18:34,0.000744
2024-05-18 17:18:37,51.858472
2024-05-18 17:18:38,16.14436
2024-05-18 17:18:39,0.005256
2024-05-18 17:18:42,8.820632
2024-05-18 17:18:43,60.51464
2024-05-18 17:18:48,38.158104
2024-05-18 17:18:49,29.500448
2024-05-18 17:18:52,2.845904
2024-05-18 17:18:53,61.372064
2024-05-18 17:18:58,22.866896
2024-05-18 17:18:59,40.950624
2024-05-18 17:19:02,0.012736
2024-05-18 17:19:03,59.63976
2024-05-18 17:19:08,27.10124
2024-05-18 17:19:09,33.314672
2024-05-18 17:19:10,0.030664
2024-05-18 17:19:13,49.521368
2024-05-18 17:19:18,4.104152
2024-05-18 17:19:19,60.935544
2024-05-18 17:19:23,0.001776
2024-05-18 17:19:27,4.409984
2024-05-18 17:19:28,53.238288
2024-05-18 17:19:31,0.791168
2024-05-18 17:19:32,0.018152
2024-05-18 17:19:33,21.36044
2024-05-18 17:19:34,41.7588
2024-05-18 17:19:37,5.902336
2024-05-18 17:19:38,63.776848
2024-05-18 17:19:45,15.229328
2024-05-18 17:19:46,52.759136
2024-05-18 17:19:49,26.56868
2024-05-18 17:19:50,38.604008
2024-05-18 17:19:53,25.658352
2024-05-18 17:19:54,43.601496
2024-05-18 17:19:56,0.012736
2024-05-18 17:19:57,68.0012
2024-05-18 17:19:58,1.784016
2024-05-18 17:20:01,34.344936
2024-05-18 17:20:02,33.656112
2024-05-18 17:20:05,0.012736
2024-05-18 17:20:06,67.972936
2024-05-18 17:20:10,25.469272
2024-05-18 17:20:11,18.61204
2024-05-18 17:20:12,16.47168
2024-05-18 17:20:13,53.035552
2024-05-18 17:20:17,55.034096
2024-05-18 17:20:18,12.959896
2024-05-18 17:20:21,3.811312
2024-05-18 17:20:22,63.716648
2024-05-18 17:20:23,1.883192
2024-05-18 17:20:26,42.148072
2024-05-18 17:20:27,25.841608
2024-05-18 17:20:29,29.186368
2024-05-18 17:20:30,28.319856
2024-05-18 17:20:32,1.4654
2024-05-18 17:20:33,66.521848
2024-05-18 17:20:37,28.232896
2024-05-18 17:20:38,39.75316
2024-05-18 17:20:40,10.63692
2024-05-18 17:20:41,59.022176
2024-05-18 17:20:45,46.27324
2024-05-18 17:20:48,18.207024
2024-05-18 17:20:49,51.652048
2024-05-18 17:20:51,0.012744
2024-05-18 17:20:52,60.566456
2024-05-18 17:20:53,0.001712
2024-05-18 17:20:55,0.00192
2024-05-18 17:20:56,0.00192
2024-05-18 17:20:57,20.385936
2024-05-18 17:20:58,38.595288
2024-05-18 17:21:03,46.33408
2024-05-18 17:21:04,19.26948
2024-05-18 17:21:07,7.058904
2024-05-18 17:21:08,59.871928
2024-05-18 17:21:09,1.851248
2024-05-18 17:21:10,0.030664
2024-05-18 17:21:13,43.283752
2024-05-18 17:21:14,24.712392
2024-05-18 17:21:17,5.228552
2024-05-18 17:21:18,62.769992
2024-05-18 17:21:20,0.060592
2024-05-18 17:21:21,0.002616
2024-05-18 17:21:22,55.430104
2024-05-18 17:21:23,14.183192
2024-05-18 17:21:25,0.001376
2024-05-18 17:21:26,5.474336
2024-05-18 17:21:27,56.227736
2024-05-18 17:21:28,6.301784
2024-05-18 17:21:29,0.057824
2024-05-18 17:21:30,30.007496
2024-05-18 17:21:31,10.948968
2024-05-18 17:21:33,19.802552
2024-05-18 17:21:34,49.46704
2024-05-18 17:21:36,0.937616
2024-05-18 17:21:37,67.042848
2024-05-18 17:21:41,26.044448
2024-05-18 17:21:42,43.127424
2024-05-18 17:21:44,2.34068
2024-05-18 17:21:45,46.039608
2024-05-18 17:21:48,36.573312
2024-05-18 17:21:49,32.807584
2024-05-18 17:21:50,0.04048
2024-05-18 17:21:52,17.487784
2024-05-18 17:21:53,50.506288
2024-05-18 17:21:55,0.001376
2024-05-18 17:21:56,57.467272
2024-05-18 17:21:57,11.598224
2024-05-18 17:22:00,42.858272
2024-05-18 17:22:03,21.663512
2024-05-18 17:22:04,47.555464
2024-05-18 17:22:07,69.88444
2024-05-18 17:22:11,37.829488
2024-05-18 17:22:12,30.153696
2024-05-18 17:22:17,45.414592
2024-05-18 17:22:18,22.597272
2024-05-18 17:22:21,29.119936
2024-05-18 17:22:22,40.426336
2024-05-18 17:22:27,30.75172
2024-05-18 17:22:28,37.227312
2024-05-18 17:22:30,0.129328
2024-05-18 17:22:32,4.32924
2024-05-18 17:22:33,65.167752
2024-05-18 17:22:36,55.3832
2024-05-18 17:22:37,12.59592
2024-05-18 17:22:39,35.094712
2024-05-18 17:22:40,21.597616
2024-05-18 17:22:42,0.274192
2024-05-18 17:22:43,67.728752
2024-05-18 17:22:44,0.072928
2024-05-18 17:22:46,43.412672
2024-05-18 17:22:47,24.588568
2024-05-18 17:22:48,0.001376
2024-05-18 17:22:49,14.48908
2024-05-18 17:22:50,51.596192
2024-05-18 17:22:53,60.07876
2024-05-18 17:22:54,9.38564
2024-05-18 17:22:56,26.088784
2024-05-18 17:22:57,16.525432
2024-05-18 17:22:58,16.412136
2024-05-18 17:22:59,51.59204
2024-05-18 17:23:00,0.207064
2024-05-18 17:23:01,65.22444
2024-05-18 17:23:02,4.198208
2024-05-18 17:23:05,47.921424
2024-05-18 17:23:06,0.000784
2024-05-18 17:23:08,17.171168
2024-05-18 17:23:09,50.81832
2024-05-18 17:23:10,0.677824
2024-05-18 17:23:11,3.443528
2024-05-18 17:23:12,66.018928
2024-05-18 17:23:15,0.001376
2024-05-18 17:23:16,33.063952
2024-05-18 17:23:17,20.463184
2024-05-18 17:23:23,38.712856
2024-05-18 17:23:24,16.048056
2024-05-18 17:23:27,24.948952
2024-05-18 17:23:28,44.607016
2024-05-18 17:23:33,53.691136
2024-05-18 17:23:34,14.31264
2024-05-18 17:23:37,14.274216
2024-05-18 17:23:38,53.701272
2024-05-18 17:23:42,54.37752
2024-05-18 17:23:43,15.082496
2024-05-18 17:23:46,6.092608
2024-05-18 17:23:47,53.46852
2024-05-18 17:23:48,8.444888
2024-05-18 17:23:49,16.427752
2024-05-18 17:23:50,28.980792
2024-05-18 17:23:53,36.918
2024-05-18 17:23:54,32.56592
2024-05-18 17:23:57,0.012736
2024-05-18 17:23:58,68.064008
2024-05-18 17:23:59,1.679928
2024-05-18 17:24:02,37.46088
2024-05-18 17:24:03,30.526944
2024-05-18 17:24:04,0.065496
2024-05-18 17:24:08,55.974944
2024-05-18 17:24:09,0.683912
2024-05-18 17:24:12,16.181608
2024-05-18 17:24:13,30.97232
2024-05-18 17:24:18,37.915352
2024-05-18 17:24:19,30.085448
2024-05-18 17:24:21,24.444664
2024-05-18 17:24:22,45.005096
2024-05-18 17:24:25,64.902776
2024-05-18 17:24:26,3.1042
2024-05-18 17:24:27,48.56184
2024-05-18 17:24:28,19.436656
2024-05-18 17:24:30,19.279856
2024-05-18 17:24:31,27.427264
2024-05-18 17:24:32,4.746064
2024-05-18 17:24:33,63.125312
2024-05-18 17:24:34,1.616136
2024-05-18 17:24:36,52.588832
2024-05-18 17:24:37,15.39584
2024-05-18 17:24:39,25.545064
2024-05-18 17:24:40,33.857824
2024-05-18 17:24:43,26.75904
2024-05-18 17:24:44,41.245952
2024-05-18 17:24:47,26.771992
2024-05-18 17:24:48,38.211264
2024-05-18 17:24:53,66.088184
2024-05-18 17:24:54,1.55916
2024-05-18 17:24:57,24.902624
2024-05-18 17:24:58,44.783728
2024-05-18 17:24:59,0.009816
2024-05-18 17:25:02,54.672024
2024-05-18 17:25:03,13.330056
2024-05-18 17:25:04,0.001376
2024-05-18 17:25:06,21.034944
2024-05-18 17:25:07,46.960832
2024-05-18 17:25:08,0.0024
2024-05-18 17:25:10,0.06244
2024-05-18 17:25:12,53.854096
2024-05-18 17:25:13,15.629912
2024-05-18 17:25:16,17.849016
2024-05-18 17:25:17,50.137
2024-05-18 17:25:21,48.756776
2024-05-18 17:25:22,20.73464
2024-05-18 17:25:25,19.174024
2024-05-18 17:25:26,48.805808
2024-05-18 17:25:29,11.39144
2024-05-18 17:25:30,58.057328
2024-05-18 17:25:34,28.057952
2024-05-18 17:25:35,17.889632
2024-05-18 17:25:38,66.074152
2024-05-18 17:25:39,1.930592
2024-05-18 17:25:42,19.938072
2024-05-18 17:25:43,48.067184
2024-05-18 17:25:44,1.43584
2024-05-18 17:25:47,41.652864
2024-05-18 17:25:48,26.37872
2024-05-18 17:25:50,0.063344
2024-05-18 17:25:52,14.703752
2024-05-18 17:25:53,54.026464
2024-05-18 17:25:54,0.588208
2024-05-18 17:25:57,53.774344
2024-05-18 17:25:58,15.799368
2024-05-18 17:25:59,0.001376
2024-05-18 17:26:02,9.64388
2024-05-18 17:26:03,45.395088
2024-05-18 17:26:08,28.586128
2024-05-18 17:26:09,40.853056
2024-05-18 17:26:15,38.393368
2024-05-18 17:26:16,6.335888
2024-05-18 17:26:18,27.711288
2024-05-18 17:26:19,40.304472
2024-05-18 17:26:20,0.06
2024-05-18 17:26:21,0.01432
2024-05-18 17:26:22,67.991984
2024-05-18 17:26:23,1.480832
2024-05-18 17:26:25,46.57684
2024-05-18 17:26:26,15.481544
2024-05-18 17:26:28,7.2404
2024-05-18 17:26:29,60.752416
2024-05-18 17:26:30,0.0582
2024-05-18 17:26:32,50.902448
2024-05-18 17:26:33,18.608248
2024-05-18 17:26:36,14.31176
2024-05-18 17:26:37,45.025184
2024-05-18 17:26:38,8.655664
2024-05-18 17:26:39,5.037056
2024-05-18 17:26:40,49.262016
2024-05-18 17:26:43,44.576096
2024-05-18 17:26:44,24.662648
2024-05-18 17:26:45,5.365048
2024-05-18 17:26:46,43.214632
2024-05-18 17:26:47,9.167472
2024-05-18 17:26:48,60.693232
2024-05-18 17:26:50,0.001376
2024-05-18 17:26:52,45.312272
2024-05-18 17:26:53,22.672336
2024-05-18 17:26:55,13.187064
2024-05-18 17:26:56,31.646248
2024-05-18 17:26:57,0.216632
2024-05-18 17:26:58,60.24652
2024-05-18 17:26:59,7.554584
2024-05-18 17:27:02,33.122696
2024-05-18 17:27:03,36.426728
2024-05-18 17:27:04,0.001808
2024-05-18 17:27:05,8.359496
2024-05-18 17:27:06,59.623152
2024-05-18 17:27:07,0.000904
2024-05-18 17:27:08,0.001376
2024-05-18 17:27:09,3.061632
2024-05-18 17:27:10,44.342624
2024-05-18 17:27:11,0.000904
2024-05-18 17:27:12,21.35288
2024-05-18 17:27:13,46.641136
2024-05-18 17:27:17,61.18148
2024-05-18 17:27:18,6.82276
2024-05-18 17:27:21,15.672176
2024-05-18 17:27:22,53.836192
2024-05-18 17:27:26,57.388792
2024-05-18 17:27:27,10.578248
2024-05-18 17:27:30,15.41488
2024-05-18 17:27:31,54.092056
2024-05-18 17:27:34,0.000904
2024-05-18 17:27:35,2.779328
2024-05-18 17:27:36,38.36112
2024-05-18 17:27:38,58.107888
2024-05-18 17:27:39,9.873232
2024-05-18 17:27:42,21.798336
2024-05-18 17:27:43,47.701344
2024-05-18 17:27:47,35.22652
2024-05-18 17:27:48,32.785256
2024-05-18 17:27:50,0.061696
2024-05-18 17:27:51,5.5866
2024-05-18 17:27:52,63.844264
2024-05-18 17:27:56,46.673504
2024-05-18 17:27:57,21.32176
2024-05-18 17:28:01,18.937104
2024-05-18 17:28:02,50.501768
2024-05-18 17:28:04,0.000904
2024-05-18 17:28:05,0.012736
2024-05-18 17:28:06,56.88404
2024-05-18 17:28:07,11.091544
2024-05-18 17:28:09,0.004368
2024-05-18 17:28:11,41.384672
2024-05-18 17:28:12,28.184184
2024-05-18 17:28:16,0.012736
2024-05-18 17:28:17,67.9682
2024-05-18 17:28:21,16.140544
2024-05-18 17:28:22,53.436136
2024-05-18 17:28:27,35.214112
2024-05-18 17:28:28,32.786208
2024-05-18 17:28:30,0.06272
2024-05-18 17:28:32,11.382024
2024-05-18 17:28:33,57.954272
2024-05-18 17:28:38,33.834944
2024-05-18 17:28:39,35.947424
2024-05-18 17:28:42,12.329136
2024-05-18 17:28:43,55.658352
2024-05-18 17:28:47,50.039824
2024-05-18 17:28:48,17.944752
2024-05-18 17:28:52,0.050184
2024-05-18 17:28:53,60.76992
2024-05-18 17:28:54,8.44892
2024-05-18 17:28:57,38.277864
2024-05-18 17:28:58,31.570864
2024-05-18 17:28:59,0.011928
2024-05-18 17:29:00,0.19056
2024-05-18 17:29:01,0.019888
2024-05-18 17:29:02,46.521176
2024-05-18 17:29:03,21.459112
2024-05-18 17:29:07,22.9922
2024-05-18 17:29:08,45.006808
2024-05-18 17:29:10,0.062672
2024-05-18 17:29:12,58.861752
2024-05-18 17:29:13,10.685544
2024-05-18 17:29:16,20.962616
2024-05-18 17:29:17,47.042472
2024-05-18 17:29:21,66.24412
2024-05-18 17:29:22,3.392496
2024-05-18 17:29:27,8.304072
2024-05-18 17:29:28,40.101848
2024-05-18 17:29:29,19.587272
2024-05-18 17:29:31,44.147464
2024-05-18 17:29:32,25.432768
2024-05-18 17:29:35,36.435544
2024-05-18 17:29:36,8.303632
2024-05-18 17:29:37,21.392072
2024-05-18 17:29:38,46.60212
2024-05-18 17:29:42,60.929152
2024-05-18 17:29:43,8.63164
2024-05-18 17:29:45,0.028648
2024-05-18 17:29:46,15.069656
2024-05-18 17:29:47,52.941408
2024-05-18 17:29:50,0.063856
2024-05-18 17:29:52,31.008976
2024-05-18 17:29:53,38.432232
2024-05-18 17:29:56,1.067064
2024-05-18 17:29:57,66.974408
2024-05-18 17:29:58,0.002352
2024-05-18 17:29:59,0.002352
2024-05-18 17:30:00,0.004648
2024-05-18 17:30:02,53.072248
2024-05-18 17:30:03,16.381088
2024-05-18 17:30:05,2.48924
2024-05-18 17:30:06,65.522896
2024-05-18 17:30:09,0.012736
2024-05-18 17:30:10,57.2568
2024-05-18 17:30:11,1.645448
2024-05-18 17:30:13,30.509552
2024-05-18 17:30:14,37.49072
2024-05-18 17:30:16,20.34656
2024-05-18 17:30:17,47.626544
2024-05-18 17:30:21,43.630312
2024-05-18 17:30:23,25.249976
2024-05-18 17:30:24,44.07688
2024-05-18 17:30:27,2.252536
2024-05-18 17:30:28,61.77384
2024-05-18 17:30:29,5.741808
2024-05-18 17:30:30,0.063344
2024-05-18 17:30:32,19.159736
2024-05-18 17:30:33,48.838192
2024-05-18 17:30:36,0.36516
2024-05-18 17:30:37,67.63776
2024-05-18 17:30:41,36.444976
2024-05-18 17:30:42,33.066296
2024-05-18 17:30:45,2.071968
2024-05-18 17:30:46,48.974248
2024-05-18 17:30:48,56.526712
2024-05-18 17:30:49,11.471288
2024-05-18 17:30:51,21.866336
2024-05-18 17:30:52,47.680672
2024-05-18 17:30:53,0.001712
2024-05-18 17:30:55,0.012728
2024-05-18 17:30:56,61.000216
2024-05-18 17:30:57,6.991168
2024-05-18 17:30:59,38.027184
2024-05-18 17:31:00,17.984024
2024-05-18 17:31:02,13.409296
2024-05-18 17:31:03,56.07996
2024-05-18 17:31:05,0.001376
2024-05-18 17:31:07,53.803864
2024-05-18 17:31:08,4.174048
2024-05-18 17:31:10,0.063216
2024-05-18 17:31:18,24.718304
2024-05-18 17:31:19,41.481144
2024-05-18 17:31:21,0.042176
2024-05-18 17:31:22,0.019992
2024-05-18 17:31:23,0.000784
2024-05-18 17:31:25,0.000784
2024-05-18 17:31:27,0.001376
2024-05-18 17:31:29,0.000784
2024-05-18 17:31:33,52.471304
2024-05-18 17:31:34,1.428032
2024-05-18 17:31:37,15.01224
2024-05-18 17:31:38,54.847992
2024-05-18 17:31:43,38.529904
2024-05-18 17:31:44,29.464392
2024-05-18 17:31:47,3.799936
2024-05-18 17:31:48,57.958184
2024-05-18 17:31:50,0.063408
2024-05-18 17:31:51,0.003528
2024-05-18 17:31:53,32.03228
2024-05-18 17:31:54,37.28488
2024-05-18 17:31:56,2.849472
2024-05-18 17:31:57,65.137856
2024-05-18 17:32:00,60.073816
2024-05-18 17:32:01,1.677216
2024-05-18 17:32:03,20.92692
2024-05-18 17:32:04,47.054888
2024-05-18 17:32:06,4.20704
2024-05-18 17:32:07,48.459336
2024-05-18 17:32:13,6.90188
2024-05-18 17:32:14,60.862192
2024-05-18 17:32:15,0.021968
2024-05-18 17:32:20,0.001376
2024-05-18 17:32:22,7.72964
2024-05-18 17:32:23,45.089304
2024-05-18 17:32:28,46.642688
2024-05-18 17:32:29,23.319584
2024-05-18 17:32:30,0.062512
2024-05-18 17:32:37,50.092936
2024-05-18 17:32:38,12.788088
2024-05-18 17:32:42,0.012728
2024-05-18 17:32:43,67.970776
2024-05-18 17:32:44,1.440752
2024-05-18 17:32:46,37.239368
2024-05-18 17:32:47,30.741128
2024-05-18 17:32:49,35.494056
2024-05-18 17:32:50,34.34984
2024-05-18 17:32:52,2.35472
2024-05-18 17:32:53,60.132272
2024-05-18 17:32:54,0.000784
2024-05-18 17:32:58,44.320944
2024-05-18 17:32:59,9.117624
2024-05-18 17:33:02,3.604848
2024-05-18 17:33:03,50.8718
2024-05-18 17:33:08,31.618224
2024-05-18 17:33:09,36.379608
2024-05-18 17:33:10,0.063968
2024-05-18 17:33:12,1.027192
2024-05-18 17:33:13,67.067256
2024-05-18 17:33:14,3.064944
2024-05-18 17:33:21,0.014312
2024-05-18 17:33:22,43.518952
2024-05-18 17:33:27,24.597392
2024-05-18 17:33:28,43.390472
2024-05-18 17:33:30,0.005376
2024-05-18 17:33:32,57.114872
2024-05-18 17:33:33,12.454304
2024-05-18 17:33:36,29.244704
2024-05-18 17:33:37,38.736368
2024-05-18 17:33:40,64.686272
2024-05-18 17:33:41,4.817584
2024-05-18 17:33:45,31.016112
2024-05-18 17:33:46,36.967096
2024-05-18 17:33:50,0.063336
2024-05-18 17:33:51,59.62408
2024-05-18 17:33:52,9.917256
2024-05-18 17:33:56,2.781904
2024-05-18 17:33:57,62.621568
2024-05-18 17:34:01,0.001288
2024-05-18 17:34:03,21.081768
2024-05-18 17:34:04,48.348792
2024-05-18 17:34:08,67.090768
2024-05-18 17:34:09,2.568248
2024-05-18 17:34:12,20.738808
2024-05-18 17:34:13,47.2544
2024-05-18 17:34:17,60.534168
2024-05-18 17:34:18,7.466496
2024-05-18 17:34:21,24.338672
2024-05-18 17:34:22,45.171736
2024-05-18 17:34:26,41.378728
2024-05-18 17:34:28,47.622808
2024-05-18 17:34:29,20.373912
2024-05-18 17:34:30,0.030464
2024-05-18 17:34:31,18.08016
2024-05-18 17:34:32,51.434928
2024-05-18 17:34:35,48.020832
2024-05-18 17:34:36,2.740592
2024-05-18 17:34:38,32.310032
2024-05-18 17:34:39,35.707104
2024-05-18 17:34:40,16.155576
2024-05-18 17:34:41,27.179392
2024-05-18 17:34:42,0.012728
2024-05-18 17:34:43,66.622056
2024-05-18 17:34:44,2.82164
2024-05-18 17:34:46,37.654104
2024-05-18 17:34:47,30.336176
2024-05-18 17:34:49,13.154528
2024-05-18 17:34:50,43.82856
2024-05-18 17:34:51,0.005496
2024-05-18 17:34:53,53.418232
2024-05-18 17:34:54,14.570048
2024-05-18 17:34:55,0.001376
2024-05-18 17:34:56,35.66008
2024-05-18 17:34:57,32.343576
2024-05-18 17:35:00,45.871264
2024-05-18 17:35:01,23.794624
2024-05-18 17:35:05,28.379728
2024-05-18 17:35:06,39.61128
2024-05-18 17:35:09,0.012728
2024-05-18 17:35:10,50.084536
2024-05-18 17:35:13,31.249536
2024-05-18 17:35:14,37.948328
2024-05-18 17:35:17,1.554064
2024-05-18 17:35:18,64.78432
2024-05-18 17:35:19,3.570456
2024-05-18 17:35:22,28.319464
2024-05-18 17:35:23,39.667112
2024-05-18 17:35:26,0.012728
2024-05-18 17:35:27,46.911424
2024-05-18 17:35:28,21.092552
2024-05-18 17:35:30,41.547272
2024-05-18 17:35:31,4.586528
2024-05-18 17:35:32,20.186752
2024-05-18 17:35:33,47.821368
2024-05-18 17:35:37,55.591096
2024-05-18 17:35:38,14.304296
2024-05-18 17:35:40,42.831016
2024-05-18 17:35:42,9.419808
2024-05-18 17:35:43,58.573576
2024-05-18 17:35:46,0.00712
2024-05-18 17:35:47,41.351544
2024-05-18 17:35:48,26.639464
2024-05-18 17:35:50,16.869008
2024-05-18 17:35:51,52.762144
2024-05-18 17:35:53,0.001712
2024-05-18 17:35:55,44.511736
2024-05-18 17:35:56,1.387544
2024-05-18 17:35:58,26.524296
2024-05-18 17:35:59,43.244008
2024-05-18 17:36:02,0.012728
2024-05-18 17:36:03,57.534784
2024-05-18 17:36:04,10.444288
2024-05-18 17:36:07,28.229376
2024-05-18 17:36:08,39.782792
2024-05-18 17:36:09,0.0024
2024-05-18 17:36:10,7.801536
2024-05-18 17:36:11,61.704832
2024-05-18 17:36:15,15.19616
2024-05-18 17:36:16,47.3422
2024-05-18 17:36:17,23.677888
2024-05-18 17:36:18,44.317104
2024-05-18 17:36:20,0.0594
2024-05-18 17:36:21,0.00216
2024-05-18 17:36:22,67.413256
2024-05-18 17:36:23,2.05676
2024-05-18 17:36:24,0.000784
2024-05-18 17:36:25,0.001376
2024-05-18 17:36:27,14.54232
2024-05-18 17:36:28,53.430736
2024-05-18 17:36:30,0.062576
2024-05-18 17:36:32,41.254224
2024-05-18 17:36:33,28.172296
2024-05-18 17:36:36,1.770416
2024-05-18 17:36:37,66.221456
2024-05-18 17:36:41,60.282552
2024-05-18 17:36:42,9.472744
2024-05-18 17:36:45,3.487504
2024-05-18 17:36:46,64.50076
2024-05-18 17:36:47,0.000784
2024-05-18 17:36:50,42.383912
2024-05-18 17:36:53,25.961304
2024-05-18 17:36:54,34.588776
2024-05-18 17:36:58,53.820256
2024-05-18 17:36:59,1.84288
2024-05-18 17:37:02,16.80044
2024-05-18 17:37:03,41.874096
2024-05-18 17:37:08,43.219896
2024-05-18 17:37:09,8.131736
2024-05-18 17:37:10,0.062552
2024-05-18 17:37:12,4.523384
2024-05-18 17:37:13,43.077728
2024-05-18 17:37:18,27.079968
2024-05-18 17:37:19,20.830112
2024-05-18 17:37:22,3.654632
2024-05-18 17:37:23,58.486832
2024-05-18 17:37:28,35.425376
2024-05-18 17:37:29,32.553528
2024-05-18 17:37:31,3.44364
2024-05-18 17:37:32,64.577024
2024-05-18 17:37:33,1.6352
2024-05-18 17:37:36,47.232568
2024-05-18 17:37:37,20.746016
2024-05-18 17:37:40,2.632248
2024-05-18 17:37:41,67.149328
2024-05-18 17:37:42,0.000728
2024-05-18 17:37:45,34.402168
2024-05-18 17:37:46,33.616496
2024-05-18 17:37:49,0.95464
2024-05-18 17:37:50,45.046496
2024-05-18 17:37:53,50.94876
2024-05-18 17:37:54,18.393904
2024-05-18 17:37:55,0.001376
2024-05-18 17:37:57,10.637688
2024-05-18 17:37:58,59.218912
2024-05-18 17:38:00,0.005832
2024-05-18 17:38:02,45.066168
2024-05-18 17:38:03,22.93956
2024-05-18 17:38:06,15.272656
2024-05-18 17:38:07,52.704776
2024-05-18 17:38:11,47.4574
2024-05-18 17:38:12,22.109824
2024-05-18 17:38:15,4.416008
2024-05-18 17:38:16,63.5732
2024-05-18 17:38:20,44.508128
2024-05-18 17:38:23,16.68528
2024-05-18 17:38:24,52.654696
2024-05-18 17:38:26,0.012728
2024-05-18 17:38:27,63.10368
2024-05-18 17:38:28,6.760264
2024-05-18 17:38:30,0.030632
2024-05-18 17:38:31,24.33084
2024-05-18 17:38:32,43.675936
2024-05-18 17:38:37,42.139952
2024-05-18 17:38:38,25.861472
2024-05-18 17:38:42,3.11816
2024-05-18 17:38:43,53.39492
2024-05-18 17:38:44,12.832776
2024-05-18 17:38:47,30.54424
2024-05-18 17:38:48,37.457824
2024-05-18 17:38:51,9.056576
2024-05-18 17:38:52,60.148944
2024-05-18 17:38:53,0.265952
2024-05-18 17:38:56,42.240152
2024-05-18 17:38:57,27.68892
2024-05-18 17:38:58,0.001376
2024-05-18 17:39:00,35.684256
2024-05-18 17:39:01,32.30556
2024-05-18 17:39:05,33.654072
2024-05-18 17:39:06,34.350432
2024-05-18 17:39:09,3.800368
2024-05-18 17:39:10,45.192176
2024-05-18 17:39:13,43.067936
2024-05-18 17:39:14,24.951136
2024-05-18 17:39:17,18.787208
2024-05-18 17:39:18,51.090088
2024-05-18 17:39:22,60.259744
2024-05-18 17:39:23,7.731288
2024-05-18 17:39:27,9.447528
2024-05-18 17:39:28,58.532352
2024-05-18 17:39:32,33.19912
2024-05-18 17:39:33,17.844544
2024-05-18 17:39:37,0.012728
2024-05-18 17:39:38,63.348248
2024-05-18 17:39:43,12.274176
2024-05-18 17:39:44,56.971464
2024-05-18 17:39:46,0.01272
2024-05-18 17:39:47,67.975568
2024-05-18 17:39:50,32.370128
2024-05-18 17:39:51,37.414584
2024-05-18 17:39:55,0.012728
2024-05-18 17:39:56,67.971272
2024-05-18 17:39:58,0.006264
2024-05-18 17:40:00,32.390888
2024-05-18 17:40:01,37.3608
2024-05-18 17:40:03,0.001376
2024-05-18 17:40:06,31.484752
2024-05-18 17:40:07,36.55172
2024-05-18 17:40:10,22.00312
2024-05-18 17:40:11,47.499928
2024-05-18 17:40:17,31.737216
2024-05-18 17:40:18,38.076904
2024-05-18 17:40:22,0.012728
2024-05-18 17:40:23,40.834856
2024-05-18 17:40:28,19.073504
2024-05-18 17:40:29,50.30756
2024-05-18 17:40:30,0.030616
2024-05-18 17:40:35,31.265128
2024-05-18 17:40:36,37.922784
2024-05-18 17:40:40,26.423096
2024-05-18 17:40:41,16.103256
2024-05-18 17:40:42,4.58624
2024-05-18 17:40:43,58.716
2024-05-18 17:40:44,6.062688
2024-05-18 17:40:47,38.987064
2024-05-18 17:40:48,31.060616
2024-05-18 17:40:50,29.644024
2024-05-18 17:40:51,38.338976
2024-05-18 17:40:53,0.001712
2024-05-18 17:40:54,0.014088
2024-05-18 17:40:55,41.622024
2024-05-18 17:40:58,16.263904
2024-05-18 17:40:59,47.774912
2024-05-18 17:41:03,44.424584
2024-05-18 17:41:04,16.172136
2024-05-18 17:41:07,22.647744
2024-05-18 17:41:08,47.423528
2024-05-18 17:41:10,0.030632
2024-05-18 17:41:13,26.850944
2024-05-18 17:41:14,41.15716
2024-05-18 17:41:16,18.552712
2024-05-18 17:41:17,49.430024
2024-05-18 17:41:19,0.012728
2024-05-18 17:41:20,59.762488
2024-05-18 17:41:21,3.561608
2024-05-18 17:41:23,44.594888
2024-05-18 17:41:24,24.717168
2024-05-18 17:41:25,0.001376
2024-05-18 17:41:26,1.721944
2024-05-18 17:41:27,68.389464
2024-05-18 17:41:30,15.842896
2024-05-18 17:41:31,52.169216
2024-05-18 17:41:35,10.086112
2024-05-18 17:41:36,57.882976
2024-05-18 17:41:40,60.476752
2024-05-18 17:41:41,9.22236
2024-05-18 17:41:44,9.401304
2024-05-18 17:41:45,36.545344
2024-05-18 17:41:48,60.143928
2024-05-18 17:41:49,9.785712
2024-05-18 17:41:50,0.030608
2024-05-18 17:41:52,5.634
2024-05-18 17:41:53,62.358464
2024-05-18 17:41:57,62.214976
2024-05-18 17:41:58,7.955888
2024-05-18 17:42:01,25.117288
2024-05-18 17:42:02,42.861776
2024-05-18 17:42:06,49.964184
2024-05-18 17:42:07,18.023192
2024-05-18 17:42:10,17.715864
2024-05-18 17:42:11,51.925728
2024-05-18 17:42:15,56.866912
2024-05-18 17:42:16,11.137032
2024-05-18 17:42:20,23.965624
2024-05-18 17:42:21,45.626584
2024-05-18 17:42:25,38.152768
2024-05-18 17:42:26,29.831904
2024-05-18 17:42:29,24.742656
2024-05-18 17:42:30,19.820208
2024-05-18 17:42:33,67.986024
2024-05-18 17:42:34,1.491832
2024-05-18 17:42:37,11.399328
2024-05-18 17:42:38,56.6766
2024-05-18 17:42:39,0.009864
2024-05-18 17:42:42,45.779072
2024-05-18 17:42:43,23.734248
2024-05-18 17:42:46,20.343456
2024-05-18 17:42:47,47.629152
2024-05-18 17:42:50,13.543472
2024-05-18 17:42:51,30.243688
2024-05-18 17:42:53,25.728224
2024-05-18 17:42:54,42.255344
2024-05-18 17:42:56,4.540328
2024-05-18 17:42:57,62.76324
2024-05-18 17:42:58,0.687248
2024-05-18 17:43:01,29.692952
2024-05-18 17:43:02,39.77816
2024-05-18 17:43:05,7.554512
2024-05-18 17:43:06,50.244968
2024-05-18 17:43:07,10.190224
2024-05-18 17:43:10,0.030616
2024-05-18 17:43:11,35.338888
2024-05-18 17:43:12,34.277272
2024-05-18 17:43:17,51.381632
2024-05-18 17:43:18,16.61376
2024-05-18 17:43:20,20.534224
2024-05-18 17:43:21,49.06964
2024-05-18 17:43:24,0.75264
2024-05-18 17:43:25,52.955512
2024-05-18 17:43:26,8.551264
2024-05-18 17:43:28,34.117616
2024-05-18 17:43:29,33.870288
2024-05-18 17:43:30,0.001376
2024-05-18 17:43:31,19.157192
2024-05-18 17:43:32,36.944176
2024-05-18 17:43:33,58.93072
2024-05-18 17:43:36,55.795624
2024-05-18 17:43:37,0.39916
2024-05-18 17:43:38,38.591848
2024-05-18 17:43:39,29.400672
2024-05-18 17:43:40,19.470776
2024-05-18 17:43:41,31.057624
2024-05-18 17:43:42,0.012728
2024-05-18 17:43:43,63.04692
2024-05-18 17:43:44,4.937688
2024-05-18 17:43:47,27.249592
2024-05-18 17:43:48,40.73592
2024-05-18 17:43:50,19.8418
2024-05-18 17:43:51,23.621496
2024-05-18 17:43:53,49.339248
2024-05-18 17:43:54,20.051768
2024-05-18 17:43:55,0.000904
2024-05-18 17:43:56,30.574496
2024-05-18 17:43:57,37.4156
2024-05-18 17:44:00,20.21412
2024-05-18 17:44:01,27.256968
2024-05-18 17:44:03,36.253592
2024-05-18 17:44:04,31.768576
2024-05-18 17:44:05,0.14236
2024-05-18 17:44:06,29.843216
2024-05-18 17:44:07,38.133872
2024-05-18 17:44:09,0.106296
2024-05-18 17:44:10,49.5478
2024-05-18 17:44:13,33.327008
2024-05-18 17:44:14,35.984896
2024-05-18 17:44:16,16.241968
2024-05-18 17:44:17,53.894832
2024-05-18 17:44:20,15.295512
2024-05-18 17:44:21,49.668928
2024-05-18 17:44:22,3.041232
2024-05-18 17:44:25,12.851272
2024-05-18 17:44:26,55.155856
2024-05-18 17:44:30,16.095512
2024-05-18 17:44:31,53.753336
2024-05-18 17:44:35,4.5118
2024-05-18 17:44:36,63.498584
2024-05-18 17:44:41,21.6626
2024-05-18 17:44:42,48.13136
2024-05-18 17:44:47,48.125096
2024-05-18 17:44:48,9.809728
2024-05-18 17:44:52,15.342392
2024-05-18 17:44:53,34.94184
2024-05-18 17:44:58,34.16628
2024-05-18 17:44:59,33.016872
2024-05-18 17:45:02,5.933984
2024-05-18 17:45:03,58.688672
2024-05-18 17:45:04,0.002992
2024-05-18 17:45:08,24.403096
2024-05-18 17:45:09,45.590968
2024-05-18 17:45:10,0.030624
2024-05-18 17:45:12,0.012728
2024-05-18 17:45:13,58.77492
2024-05-18 17:45:14,9.228048
2024-05-18 17:45:16,41.031064
2024-05-18 17:45:17,26.966712
2024-05-18 17:45:21,0.012728
2024-05-18 17:45:22,67.976512
2024-05-18 17:45:23,1.288656
2024-05-18 17:45:26,20.62112
2024-05-18 17:45:27,49.260552
2024-05-18 17:45:30,16.83544
2024-05-18 17:45:31,51.151528
2024-05-18 17:45:34,46.968704
2024-05-18 17:45:35,2.509424
2024-05-18 17:45:37,13.114232
2024-05-18 17:45:38,51.251872
2024-05-18 17:45:43,38.526376
2024-05-18 17:45:44,31.926768
2024-05-18 17:45:50,0.045048
2024-05-18 17:45:52,33.979448
2024-05-18 17:45:53,29.309688
2024-05-18 17:45:58,43.944032
2024-05-18 17:45:59,1.227856
2024-05-18 17:46:03,13.281248
2024-05-18 17:46:04,54.709648
2024-05-18 17:46:10,36.36224
2024-05-18 17:46:11,33.428448
2024-05-18 17:46:14,0.01272
2024-05-18 17:46:15,65.525784
2024-05-18 17:46:16,2.454376
2024-05-18 17:46:20,29.05764
2024-05-18 17:46:21,40.816144
2024-05-18 17:46:25,0.001376
2024-05-18 17:46:27,50.95208
2024-05-18 17:46:28,17.024456
2024-05-18 17:46:30,0.030632
2024-05-18 17:46:32,0.012728
2024-05-18 17:46:33,53.825064
2024-05-18 17:46:34,15.545656
2024-05-18 17:46:37,27.256504
2024-05-18 17:46:38,42.80348
2024-05-18 17:46:41,0.012728
2024-05-18 17:46:42,67.97052
2024-05-18 17:46:47,28.708152
2024-05-18 17:46:48,41.016336
2024-05-18 17:46:56,22.930312
2024-05-18 17:46:57,45.078656
2024-05-18 17:47:01,0.001376
2024-05-18 17:47:02,46.221096
2024-05-18 17:47:03,23.432568
2024-05-18 17:47:05,5.87564
2024-05-18 17:47:06,62.089488
2024-05-18 17:47:07,4.731744
2024-05-18 17:47:08,33.820448
2024-05-18 17:47:09,29.464336
2024-05-18 17:47:10,3.259776
2024-05-18 17:47:11,54.998968
2024-05-18 17:47:13,36.15068
2024-05-18 17:47:14,31.835072
2024-05-18 17:47:15,11.167944
2024-05-18 17:47:16,43.565488
2024-05-18 17:47:17,2.083872
2024-05-18 17:47:18,65.921272
2024-05-18 17:47:22,39.280672
2024-05-18 17:47:23,30.209256
2024-05-18 17:47:25,5.742776
2024-05-18 17:47:26,62.261328
2024-05-18 17:47:30,34.904416
2024-05-18 17:47:31,21.009384
2024-05-18 17:47:32,25.474552
2024-05-18 17:47:33,42.503816
2024-05-18 17:47:37,59.25776
2024-05-18 17:47:38,10.58796
2024-05-18 17:47:41,2.678664
2024-05-18 17:47:42,44.335176
2024-05-18 17:47:50,0.030632
2024-05-18 17:47:53,29.163672
2024-05-18 17:47:54,18.81384
2024-05-18 17:47:58,11.892688
2024-05-18 17:47:59,49.137216
2024-05-18 17:48:01,0.001288
2024-05-18 17:48:03,52.585584
2024-05-18 17:48:04,0.000808
2024-05-18 17:48:07,19.425776
2024-05-18 17:48:08,37.251016
2024-05-18 17:48:13,47.319864
2024-05-18 17:48:14,9.792288
2024-05-18 17:48:23,30.379408
2024-05-18 17:48:24,36.25284
2024-05-18 17:48:30,0.030624
2024-05-18 17:48:33,27.53236
2024-05-18 17:48:34,33.577448
2024-05-18 17:48:48,18.947408
2024-05-18 17:48:49,36.785368
2024-05-18 17:49:02,1.328536
2024-05-18 17:49:03,66.683056
2024-05-18 17:49:04,1.397056
2024-05-18 17:49:07,44.988296
2024-05-18 17:49:08,23.015304
2024-05-18 17:49:10,7.191584
2024-05-18 17:49:11,35.504256
2024-05-18 17:49:12,0.01272
2024-05-18 17:49:13,67.962552
2024-05-18 17:49:16,36.055168
2024-05-18 17:49:17,34.097704
2024-05-18 17:49:18,0.091792
2024-05-18 17:49:19,7.660984
2024-05-18 17:49:20,51.468256
2024-05-18 17:49:23,60.60324
2024-05-18 17:49:24,2.814608
2024-05-18 17:49:27,18.397568
2024-05-18 17:49:28,30.214392
2024-05-18 17:49:33,51.871848
2024-05-18 17:49:34,12.46068
2024-05-18 17:49:37,10.574408
2024-05-18 17:49:38,57.441432
2024-05-18 17:49:43,51.404416
2024-05-18 17:49:44,17.897888
2024-05-18 17:49:47,4.048512
2024-05-18 17:49:48,64.781168
2024-05-18 17:49:49,0.854216
2024-05-18 17:49:50,0.030616
2024-05-18 17:49:52,35.46012
2024-05-18 17:49:53,32.537176
2024-05-18 17:49:55,9.81676
2024-05-18 17:49:56,33.703792
2024-05-18 17:49:57,0.01272
2024-05-18 17:49:58,55.82256
2024-05-18 17:49:59,12.264776
2024-05-18 17:50:01,42.018976
2024-05-18 17:50:02,27.468504
2024-05-18 17:50:03,0.001376
2024-05-18 17:50:04,22.144704
2024-05-18 17:50:05,42.360864
2024-05-18 17:50:06,0.005744
2024-05-18 17:50:07,0.008112
2024-05-18 17:50:08,64.19752
2024-05-18 17:50:09,3.785488
2024-05-18 17:50:10,0.01272
2024-05-18 17:50:11,51.031384
2024-05-18 17:50:12,27.196192
2024-05-18 17:50:13,42.302008
2024-05-18 17:50:15,0.093864
2024-05-18 17:50:16,57.323152
2024-05-18 17:50:18,36.121904
2024-05-18 17:50:19,26.220736
2024-05-18 17:50:22,2.715176
2024-05-18 17:50:23,54.289376
2024-05-18 17:50:24,15.556112
2024-05-18 17:50:26,0.002608
2024-05-18 17:50:28,0.001376
2024-05-18 17:50:30,0.043344
2024-05-18 17:50:31,52.49828
2024-05-18 17:50:32,6.310984
2024-05-18 17:50:38,34.088952
2024-05-18 17:50:39,13.3332
2024-05-18 17:50:42,0.012744
2024-05-18 17:50:43,44.863856
2024-05-18 17:50:44,3.581736
2024-05-18 17:50:48,25.301592
2024-05-18 17:50:49,25.105072
2024-05-18 17:50:52,0.002784
2024-05-18 17:50:53,51.268432
2024-05-18 17:50:54,16.722408
2024-05-18 17:50:56,0.079464
2024-05-18 17:50:57,28.843144
2024-05-18 17:50:58,39.219312
2024-05-18 17:51:02,62.567656
2024-05-18 17:51:03,6.907352
2024-05-18 17:51:06,17.384624
2024-05-18 17:51:07,50.611784
2024-05-18 17:51:09,0.012728
2024-05-18 17:51:10,68.013704
2024-05-18 17:51:11,1.509728
2024-05-18 17:51:15,14.551368
2024-05-18 17:51:16,29.398584
2024-05-18 17:51:17,3.834696
2024-05-18 17:51:18,63.4648
2024-05-18 17:51:21,0.056256
2024-05-18 17:51:22,0.00256
2024-05-18 17:51:23,11.525784
2024-05-18 17:51:24,55.36776
2024-05-18 17:51:25,0.21656
2024-05-18 17:51:28,67.99456
2024-05-18 17:51:29,1.780856
2024-05-18 17:51:31,66.110792
2024-05-18 17:51:32,1.877952
2024-05-18 17:51:34,23.688168
2024-05-18 17:51:35,44.30308
2024-05-18 17:51:38,55.813864
2024-05-18 17:51:39,12.178808
2024-05-18 17:51:40,47.85484
2024-05-18 17:51:41,10.157008
2024-05-18 17:51:42,4.456232
2024-05-18 17:51:43,65.019736
2024-05-18 17:51:46,47.76972
2024-05-18 17:51:48,40.190432
2024-05-18 17:51:49,27.811768
2024-05-18 17:51:50,28.059328
2024-05-18 17:51:51,31.4646
2024-05-18 17:51:52,6.596688
2024-05-18 17:51:53,62.662288
2024-05-18 17:51:54,0.217168
2024-05-18 17:51:56,45.619232
2024-05-18 17:51:58,24.633896
2024-05-18 17:51:59,28.347736
2024-05-18 17:52:02,0.01432
2024-05-18 17:52:03,47.772896
2024-05-18 17:52:07,0.080056
2024-05-18 17:52:08,14.015208
2024-05-18 17:52:09,37.389088
2024-05-18 17:52:10,7.78116
2024-05-18 17:52:13,45.163984
2024-05-18 17:52:14,14.400888
2024-05-18 17:52:17,10.08672
2024-05-18 17:52:18,43.739944
2024-05-18 17:52:20,0.000592
2024-05-18 17:52:23,49.437408
2024-05-18 17:52:24,3.097608
2024-05-18 17:52:25,0.001376
2024-05-18 17:52:27,13.86588
2024-05-18 17:52:28,36.696432
2024-05-18 17:52:30,0.030624
2024-05-18 17:52:33,40.969496
2024-05-18 17:52:34,1.538336
2024-05-18 17:52:37,0.353312
2024-05-18 17:52:38,67.633528
2024-05-18 17:52:41,52.505144
2024-05-18 17:52:42,1.617552
2024-05-18 17:52:43,10.540072
2024-05-18 17:52:44,57.470608
2024-05-18 17:52:45,5.980664
2024-05-18 17:52:46,58.313048
2024-05-18 17:52:48,45.365872
2024-05-18 17:52:49,22.639968
2024-05-18 17:52:50,41.665112
2024-05-18 17:52:51,21.98084
2024-05-18 17:52:52,22.387
2024-05-18 17:52:53,41.210088
2024-05-18 17:52:55,0.00192
2024-05-18 17:52:58,41.95204
2024-05-18 17:52:59,24.53904
2024-05-18 17:53:02,2.624176
2024-05-18 17:53:03,66.829376
2024-05-18 17:53:06,0.076496
2024-05-18 17:53:07,0.003552
2024-05-18 17:53:08,41.717944
2024-05-18 17:53:09,24.19356
2024-05-18 17:53:10,0.030616
2024-05-18 17:53:12,0.274168
2024-05-18 17:53:13,56.987352
2024-05-18 17:53:14,11.58416
2024-05-18 17:53:23,37.368744
2024-05-18 17:53:24,31.914736
2024-05-18 17:53:26,34.327464
2024-05-18 17:53:27,14.2274
2024-05-18 17:53:28,60.692552
2024-05-18 17:53:30,0.012728
2024-05-18 17:53:31,63.205216
2024-05-18 17:53:32,6.300568
2024-05-18 17:53:34,44.123728
2024-05-18 17:53:35,13.780216
2024-05-18 17:53:37,11.44624
2024-05-18 17:53:38,56.555544
2024-05-18 17:53:42,27.261096
2024-05-18 17:53:43,41.896536
2024-05-18 17:53:45,14.245144
2024-05-18 17:53:46,55.753288
2024-05-18 17:53:48,0.004392
2024-05-18 17:53:50,40.4382
2024-05-18 17:53:51,27.577712
2024-05-18 17:53:53,0.107312
2024-05-18 17:53:55,1.013672
2024-05-18 17:53:56,66.2912
2024-05-18 17:53:57,0.677064
2024-05-18 17:53:58,0.001376
2024-05-18 17:54:00,66.72364
2024-05-18 17:54:01,2.710552
2024-05-18 17:54:05,15.00444
2024-05-18 17:54:06,27.109888
2024-05-18 17:54:07,0.012728
2024-05-18 17:54:08,67.43888
2024-05-18 17:54:09,0.521496
2024-05-18 17:54:12,26.439304
2024-05-18 17:54:13,43.003728
2024-05-18 17:54:16,0.012728
2024-05-18 17:54:17,58.366376
2024-05-18 17:54:18,9.596448
2024-05-18 17:54:21,50.302024
2024-05-18 17:54:22,19.302776
2024-05-18 17:54:25,0.01272
2024-05-18 17:54:26,61.64764
2024-05-18 17:54:27,6.414792
2024-05-18 17:54:28,0.001288
2024-05-18 17:54:30,24.044616
2024-05-18 17:54:31,45.46224
2024-05-18 17:54:34,0.012728
2024-05-18 17:54:35,47.356272
2024-05-18 17:54:38,47.720656
2024-05-18 17:54:39,20.241848
2024-05-18 17:54:41,16.597864
2024-05-18 17:54:42,52.91488
2024-05-18 17:54:45,51.320072
2024-05-18 17:54:48,29.918288
2024-05-18 17:54:49,38.089632
2024-05-18 17:54:51,35.9686
2024-05-18 17:54:52,33.509344
2024-05-18 17:54:56,31.670848
2024-05-18 17:54:57,36.329272
2024-05-18 17:55:01,47.372496
2024-05-18 17:55:02,22.1152
2024-05-18 17:55:04,0.076504
2024-05-18 17:55:05,0.005952
2024-05-18 17:55:07,3.652984
2024-05-18 17:55:08,62.808064
2024-05-18 17:55:09,1.530704
2024-05-18 17:55:10,0.030656
2024-05-18 17:55:12,44.925168
2024-05-18 17:55:13,24.565712
2024-05-18 17:55:15,4.979144
2024-05-18 17:55:16,63.005976
2024-05-18 17:55:19,0.014304
2024-05-18 17:55:20,47.08064
2024-05-18 17:55:23,40.283328
2024-05-18 17:55:24,28.97092
2024-05-18 17:55:27,5.361712
2024-05-18 17:55:28,63.15728
2024-05-18 17:55:29,1.193168
2024-05-18 17:55:31,40.613624
2024-05-18 17:55:32,27.394512
2024-05-18 17:55:36,2.489008
2024-05-18 17:55:37,63.7666
2024-05-18 17:55:48,44.125256
2024-05-18 17:55:49,23.865048
2024-05-18 17:55:50,0.030656
2024-05-18 17:55:53,0.002088
2024-05-18 17:55:56,40.909376
2024-05-18 17:55:57,27.103248
2024-05-18 17:55:58,0.003088
2024-05-18 17:56:00,6.01424
2024-05-18 17:56:01,40.82752
2024-05-18 17:56:02,3.007232
2024-05-18 17:56:03,47.2854
2024-05-18 17:56:04,17.702448
2024-05-18 17:56:07,9.474568
2024-05-18 17:56:08,39.644488
2024-05-18 17:56:09,20.577352
2024-05-18 17:56:11,0.03756
2024-05-18 17:56:12,61.682496
2024-05-18 17:56:13,6.394336
2024-05-18 17:56:17,15.381736
2024-05-18 17:56:18,47.376312
2024-05-18 17:56:20,0.06
2024-05-18 17:56:23,32.189552
2024-05-18 17:56:24,32.177992
2024-05-18 17:56:25,0.001376
2024-05-18 17:56:27,3.796856
2024-05-18 17:56:28,48.431584
2024-05-18 17:56:29,1.68728
2024-05-18 17:56:30,0.030656
2024-05-18 17:56:33,28.319536
2024-05-18 17:56:34,39.67512
2024-05-18 17:56:41,37.521976
2024-05-18 17:56:42,31.999792
2024-05-18 17:56:48,47.092048
2024-05-18 17:56:49,7.46328
2024-05-18 17:56:52,14.01608
2024-05-18 17:56:53,28.486736
2024-05-18 17:56:57,0.004648
2024-05-18 17:56:58,43.84376
2024-05-18 17:56:59,25.600792
2024-05-18 17:57:02,0.001376
2024-05-18 17:57:07,42.951152
2024-05-18 17:57:08,27.679112
2024-05-18 17:57:10,0.030656
2024-05-18 17:57:16,25.37704
2024-05-18 17:57:17,42.616328
2024-05-18 17:57:20,0.409232
2024-05-18 17:57:21,67.589936
2024-05-18 17:57:25,19.582768
2024-05-18 17:57:26,48.415816
2024-05-18 17:57:27,1.940168
2024-05-18 17:57:31,44.719088
2024-05-18 17:57:32,23.294664
2024-05-18 17:57:35,12.020336
2024-05-18 17:57:36,55.983648
2024-05-18 17:57:40,46.185016
2024-05-18 17:57:43,41.386464
2024-05-18 17:57:44,27.777528
2024-05-18 17:57:47,1.8594
2024-05-18 17:57:48,66.152848
2024-05-18 17:57:49,1.722176
2024-05-18 17:57:50,0.030648
2024-05-18 17:57:52,33.963872
2024-05-18 17:57:53,34.035792
2024-05-18 17:57:55,3.495592
2024-05-18 17:57:56,53.907088
2024-05-18 17:57:57,10.583472
2024-05-18 17:58:00,44.192856
2024-05-18 17:58:01,25.235992
2024-05-18 17:58:04,19.340128
2024-05-18 17:58:05,38.978816
2024-05-18 17:58:07,0.080648
2024-05-18 17:58:08,47.068624
2024-05-18 17:58:09,20.939792
2024-05-18 17:58:11,23.731104
2024-05-18 17:58:12,45.738328
2024-05-18 17:58:16,43.228312
2024-05-18 17:58:18,35.893288
2024-05-18 17:58:19,32.109248
2024-05-18 17:58:21,42.41792
2024-05-18 17:58:22,27.058304
2024-05-18 17:58:26,42.68588
2024-05-18 17:58:28,38.763936
2024-05-18 17:58:29,29.23516
2024-05-18 17:58:30,0.030624
2024-05-18 17:58:31,31.94464
2024-05-18 17:58:32,37.679616
2024-05-18 17:58:36,45.677864
2024-05-18 17:58:37,22.316776
2024-05-18 17:58:39,25.239048
2024-05-18 17:58:40,32.719424
2024-05-18 17:58:43,56.366464
2024-05-18 17:58:44,13.065984
2024-05-18 17:58:46,26.057688
2024-05-18 17:58:47,41.936872
2024-05-18 17:58:50,0.083904
2024-05-18 17:58:51,47.570456
2024-05-18 17:58:53,41.327208
2024-05-18 17:58:54,26.678896
2024-05-18 17:58:56,27.725256
2024-05-18 17:58:57,40.249384
2024-05-18 17:59:01,46.781664
2024-05-18 17:59:03,23.257928
2024-05-18 17:59:04,45.933664
2024-05-18 17:59:06,21.028688
2024-05-18 17:59:07,48.885016
2024-05-18 17:59:10,0.030632
2024-05-18 17:59:11,41.173752
2024-05-18 17:59:13,29.700856
2024-05-18 17:59:14,38.325752
2024-05-18 17:59:17,5.327224
2024-05-18 17:59:18,62.66524
2024-05-18 17:59:22,45.367856
2024-05-18 17:59:23,24.080552
2024-05-18 17:59:26,2.048776
2024-05-18 17:59:27,62.230192
2024-05-18 17:59:28,3.74448
2024-05-18 17:59:31,43.151944
2024-05-18 17:59:32,26.405648
2024-05-18 17:59:35,0.012728
2024-05-18 17:59:36,52.420416
2024-05-18 17:59:37,15.589336
2024-05-18 17:59:41,22.764568
2024-05-18 17:59:42,46.726976
2024-05-18 17:59:47,47.911552
2024-05-18 17:59:48,20.081888
2024-05-18 17:59:50,0.03064
2024-05-18 17:59:52,6.824584
2024-05-18 17:59:53,62.544288
2024-05-18 17:59:57,44.854768
2024-05-18 17:59:58,24.859376
2024-05-18 18:00:01,8.169904
2024-05-18 18:00:02,53.136952
2024-05-18 18:00:08,27.135056
2024-05-18 18:00:09,22.814408
2024-05-18 18:00:10,0.078872
2024-05-18 18:00:12,0.012736
2024-05-18 18:00:13,45.246992
2024-05-18 18:00:18,12.669104
2024-05-18 18:00:19,56.40992
2024-05-18 18:00:27,11.784584
2024-05-18 18:00:28,58.737344
2024-05-18 18:00:30,0.03064
2024-05-18 18:00:35,0.000592
2024-05-18 18:00:40,51.36416
2024-05-18 18:00:41,0.000744
2024-05-18 18:00:43,38.200856
2024-05-18 18:00:44,29.80624
2024-05-18 18:00:45,21.46768
2024-05-18 18:00:46,24.81192
2024-05-18 18:00:47,0.61076
2024-05-18 18:00:48,69.229376
2024-05-18 18:00:49,0.004848
2024-05-18 18:00:51,38.32664
2024-05-18 18:00:52,29.657944
2024-05-18 18:00:55,5.010696
2024-05-18 18:00:56,38.472888
2024-05-18 18:00:58,58.159048
2024-05-18 18:01:02,21.56236
2024-05-18 18:01:03,38.497328
2024-05-18 18:01:10,0.030648
2024-05-18 18:01:11,0.02484
2024-05-18 18:01:12,17.00136
2024-05-18 18:01:13,25.447072
2024-05-18 18:01:16,0.001376
2024-05-18 18:01:18,23.436248
2024-05-18 18:01:19,20.56812
2024-05-18 18:01:21,0.06
2024-05-18 18:01:22,6.157808
2024-05-18 18:01:23,61.849304
2024-05-18 18:01:24,1.37072
2024-05-18 18:01:27,29.372656
2024-05-18 18:01:28,38.627712
2024-05-18 18:01:30,16.896528
2024-05-18 18:01:31,52.70924
2024-05-18 18:01:33,0.26152
2024-05-18 18:01:35,37.111656
2024-05-18 18:01:36,28.89612
2024-05-18 18:01:38,24.273152
2024-05-18 18:01:39,43.722576
2024-05-18 18:01:41,0.012744
2024-05-18 18:01:42,67.97988
2024-05-18 18:01:43,1.458584
2024-05-18 18:01:47,21.31692
2024-05-18 18:01:48,46.679936
2024-05-18 18:01:50,0.030648
2024-05-18 18:01:53,37.122184
2024-05-18 18:01:54,32.264888
2024-05-18 18:01:57,12.250968
2024-05-18 18:01:58,55.73952
2024-05-18 18:02:01,0.001288
2024-05-18 18:02:02,45.2354
2024-05-18 18:02:03,24.296688
2024-05-18 18:02:07,0.014328
2024-05-18 18:02:08,66.223736
2024-05-18 18:02:09,1.777872
2024-05-18 18:02:11,41.273704
2024-05-18 18:02:12,28.20768
2024-05-18 18:02:14,26.537368
2024-05-18 18:02:15,41.453112
2024-05-18 18:02:16,0.000592
2024-05-18 18:02:18,59.706168
2024-05-18 18:02:19,8.304208
2024-05-18 18:02:20,41.933648
2024-05-18 18:02:21,8.382712
2024-05-18 18:02:22,29.795104
2024-05-18 18:02:23,39.668592
2024-05-18 18:02:27,66.34068
2024-05-18 18:02:28,1.631848
2024-05-18 18:02:30,0.030656
2024-05-18 18:02:31,20.055808
2024-05-18 18:02:32,45.76196
2024-05-18 18:02:46,0.080048
2024-05-18 18:02:48,30.361832
2024-05-18 18:02:49,33.309424
2024-05-18 18:02:53,0.001376
2024-05-18 18:02:57,11.71768
2024-05-18 18:02:58,58.784296
2024-05-18 18:03:05,24.03
2024-05-18 18:03:06,43.971672
2024-05-18 18:03:09,2.445896
2024-05-18 18:03:10,50.578936
2024-05-18 18:03:13,57.738144
2024-05-18 18:03:14,10.26548
2024-05-18 18:03:16,17.856728
2024-05-18 18:03:17,52.027656
2024-05-18 18:03:21,42.241104
2024-05-18 18:03:22,25.756248
2024-05-18 18:03:26,12.795272
2024-05-18 18:03:27,54.802416
2024-05-18 18:03:33,15.488608
2024-05-18 18:03:34,50.09532
2024-05-18 18:03:38,54.828912
2024-05-18 18:03:39,15.392736
2024-05-18 18:03:41,2.26532
2024-05-18 18:03:42,27.49712
2024-05-18 18:03:43,41.570664
2024-05-18 18:03:46,0.001376
2024-05-18 18:03:48,37.228192
2024-05-18 18:03:49,30.783696
2024-05-18 18:03:50,0.030648
2024-05-18 18:03:51,0.00256
2024-05-18 18:03:52,6.08036
2024-05-18 18:03:53,63.401208
2024-05-18 18:03:57,48.040856
2024-05-18 18:03:58,19.959144
2024-05-18 18:04:01,9.832672
2024-05-18 18:04:02,59.723784
2024-05-18 18:04:07,29.321368
2024-05-18 18:04:08,38.860672
2024-05-18 18:04:11,21.159248
2024-05-18 18:04:12,48.49292
2024-05-18 18:04:13,0.104368
2024-05-18 18:04:17,38.150128
2024-05-18 18:04:18,29.846632
2024-05-18 18:04:19,0.004872
2024-05-18 18:04:20,0.005952
2024-05-18 18:04:21,8.302072
2024-05-18 18:04:22,45.777456
2024-05-18 18:04:23,15.45224
2024-05-18 18:04:26,40.121624
2024-05-18 18:04:27,27.8792
2024-05-18 18:04:30,2.091384
2024-05-18 18:04:31,49.374248
2024-05-18 18:04:32,18.116112
2024-05-18 18:04:36,20.061696
2024-05-18 18:04:37,47.940952
2024-05-18 18:04:38,0.002352
2024-05-18 18:04:41,56.303136
2024-05-18 18:04:42,11.795288
2024-05-18 18:04:47,7.418392
2024-05-18 18:04:48,35.196872
2024-05-18 18:04:53,26.508744
2024-05-18 18:04:54,42.732776
2024-05-18 18:04:58,68.003672
2024-05-18 18:04:59,1.738136
2024-05-18 18:05:02,19.798256
2024-05-18 18:05:03,48.205576
2024-05-18 18:05:07,60.887032
2024-05-18 18:05:08,7.110872
2024-05-18 18:05:10,0.030608
2024-05-18 18:05:11,7.878728
2024-05-18 18:05:12,61.65032
2024-05-18 18:05:16,46.453152
2024-05-18 18:05:17,21.56056
2024-05-18 18:05:18,0.006264
2024-05-18 18:05:20,25.31312
2024-05-18 18:05:21,30.895048
2024-05-18 18:05:22,6.231128
2024-05-18 18:05:23,61.744312
2024-05-18 18:05:24,1.54968
2024-05-18 18:05:27,34.605712
2024-05-18 18:05:28,33.369768
2024-05-18 18:05:30,21.03544
2024-05-18 18:05:31,27.284144
2024-05-18 18:05:33,49.25236
2024-05-18 18:05:34,20.003488
2024-05-18 18:05:35,0.006192
2024-05-18 18:05:36,20.360688
2024-05-18 18:05:37,47.652176
2024-05-18 18:05:40,54.097424
2024-05-18 18:05:41,1.686104
2024-05-18 18:05:43,29.668968
2024-05-18 18:05:44,38.351464
2024-05-18 18:05:45,28.670688
2024-05-18 18:05:46,16.214696
2024-05-18 18:05:47,1.11808
2024-05-18 18:05:48,66.871424
2024-05-18 18:05:50,0.031024
2024-05-18 18:05:51,7.483736
2024-05-18 18:05:52,62.044208
2024-05-18 18:05:55,8.326448
2024-05-18 18:05:56,37.88572
2024-05-18 18:05:58,62.882088
2024-05-18 18:05:59,5.109088
2024-05-18 18:06:02,12.209272
2024-05-18 18:06:03,57.167576
2024-05-18 18:06:05,0.0024
2024-05-18 18:06:07,53.394032
2024-05-18 18:06:08,14.609656
2024-05-18 18:06:10,37.127504
2024-05-18 18:06:11,18.336152
2024-05-18 18:06:12,19.843304
2024-05-18 18:06:13,48.177944
2024-05-18 18:06:17,44.806208
2024-05-18 18:06:18,23.208792
2024-05-18 18:06:20,0.060008
2024-05-18 18:06:22,6.386728
2024-05-18 18:06:23,62.287752
2024-05-18 18:06:24,0.740992
2024-05-18 18:06:28,32.920256
2024-05-18 18:06:29,34.54908
2024-05-18 18:06:30,0.035008
2024-05-18 18:06:32,0.421904
2024-05-18 18:06:33,60.788192
2024-05-18 18:06:34,3.499856
2024-05-18 18:06:38,29.37732
2024-05-18 18:06:39,35.335544
2024-05-18 18:06:42,0.012744
2024-05-18 18:06:43,63.209128
2024-05-18 18:06:44,3.272608
2024-05-18 18:06:48,9.149104
2024-05-18 18:06:49,58.654496
2024-05-18 18:06:53,42.768
2024-05-18 18:06:54,17.9606
2024-05-18 18:06:57,9.719936
2024-05-18 18:06:58,53.208736
2024-05-18 18:07:03,46.68536
2024-05-18 18:07:04,17.005112
2024-05-18 18:07:07,10.042952
2024-05-18 18:07:08,36.03328
2024-05-18 18:07:10,0.042848
2024-05-18 18:07:13,32.187584
2024-05-18 18:07:14,29.469872
2024-05-18 18:07:20,0.00192
2024-05-18 18:07:23,14.201208
2024-05-18 18:07:24,53.015808
2024-05-18 18:07:25,2.837256
2024-05-18 18:07:32,10.022856
2024-05-18 18:07:33,57.101864
2024-05-18 18:07:38,41.045824
2024-05-18 18:07:39,26.37236
2024-05-18 18:07:42,2.444256
2024-05-18 18:07:43,62.854096
2024-05-18 18:07:44,1.949896
2024-05-18 18:07:48,20.998872
2024-05-18 18:07:49,39.083064
2024-05-18 18:07:50,0.030608
2024-05-18 18:07:58,20.319792
2024-05-18 18:07:59,49.147672
2024-05-18 18:08:07,8.012792
2024-05-18 18:08:08,59.992008
2024-05-18 18:08:13,41.43812
2024-05-18 18:08:14,27.921064
2024-05-18 18:08:17,19.470016
2024-05-18 18:08:18,48.516488
2024-05-18 18:08:21,0.012744
2024-05-18 18:08:22,69.538968
2024-05-18 18:08:26,9.189752
2024-05-18 18:08:27,58.796264
2024-05-18 18:08:30,0.0306
2024-05-18 18:08:31,40.780056
2024-05-18 18:08:32,28.745856
2024-05-18 18:08:35,8.676472
2024-05-18 18:08:36,48.216784
2024-05-18 18:08:37,0.139824
2024-05-18 18:08:38,65.396904
2024-05-18 18:08:39,3.574808
2024-05-18 18:08:40,62.7902
2024-05-18 18:08:41,0.113344
2024-05-18 18:08:43,16.560136
2024-05-18 18:08:44,52.731224
2024-05-18 18:08:46,0.251752
2024-05-18 18:08:47,67.732232
2024-05-18 18:08:49,0.151456
2024-05-18 18:08:50,0.136104
2024-05-18 18:08:51,39.729776
2024-05-18 18:08:52,29.733392
2024-05-18 18:08:55,0.012736
2024-05-18 18:08:56,48.443112
2024-05-18 18:08:57,19.546312
2024-05-18 18:08:58,0.011616
2024-05-18 18:09:01,8.492272
2024-05-18 18:09:02,60.774048
2024-05-18 18:09:03,0.001376
2024-05-18 18:09:06,58.543408
2024-05-18 18:09:07,11.56444
2024-05-18 18:09:10,17.394104
2024-05-18 18:09:11,36.320928
2024-05-18 18:09:12,0.012736
2024-05-18 18:09:13,51.013992
2024-05-18 18:09:14,16.979288
2024-05-18 18:09:16,14.024504
2024-05-18 18:09:17,38.476768
2024-05-18 18:09:18,15.51212
2024-05-18 18:09:19,10.53612
2024-05-18 18:09:20,57.458136
2024-05-18 18:09:21,0.850392
2024-05-18 18:09:22,38.353416
2024-05-18 18:09:23,29.706616
2024-05-18 18:09:24,0.22128
2024-05-18 18:09:25,26.536216
2024-05-18 18:09:26,40.682544
2024-05-18 18:09:28,16.533952
2024-05-18 18:09:29,53.131128
2024-05-18 18:09:30,0.014328
2024-05-18 18:09:31,53.749504
2024-05-18 18:09:33,60.399024
2024-05-18 18:09:34,7.60192
2024-05-18 18:09:35,25.742888
2024-05-18 18:09:36,33.901312
2024-05-18 18:09:37,15.928128
2024-05-18 18:09:38,52.054448
2024-05-18 18:09:41,58.84552
2024-05-18 18:09:42,1.266176
2024-05-18 18:09:43,33.648656
2024-05-18 18:09:44,34.34812
2024-05-18 18:09:46,19.80464
2024-05-18 18:09:47,48.185304
2024-05-18 18:09:49,0.001376
2024-05-18 18:09:50,49.852104
2024-05-18 18:09:53,35.22204
2024-05-18 18:09:54,34.095512
2024-05-18 18:09:57,0.0496
2024-05-18 18:09:58,56.707104
2024-05-18 18:10:03,18.921952
2024-05-18 18:10:04,33.305032
2024-05-18 18:10:08,51.475624
2024-05-18 18:10:13,19.23272
2024-05-18 18:10:14,29.74076
2024-05-18 18:10:18,46.87892
2024-05-18 18:10:19,8.954856
2024-05-18 18:10:21,0.005376
2024-05-18 18:10:22,17.02616
2024-05-18 18:10:23,50.9812
2024-05-18 18:10:26,0.001376
2024-05-18 18:10:28,46.951136
2024-05-18 18:10:29,21.04392
2024-05-18 18:10:30,0.030624
2024-05-18 18:10:32,59.02952
2024-05-18 18:10:33,10.44732
2024-05-18 18:10:37,46.933672
2024-05-18 18:10:38,21.057312
2024-05-18 18:10:39,0.006144
2024-05-18 18:10:41,2.083264
2024-05-18 18:10:42,65.533944
2024-05-18 18:10:43,1.832624
2024-05-18 18:10:46,19.94456
2024-05-18 18:10:47,48.059344
2024-05-18 18:10:52,56.759256
2024-05-18 18:10:53,12.687176
2024-05-18 18:10:57,9.258136
2024-05-18 18:10:58,58.753496
2024-05-18 18:11:02,53.383136
2024-05-18 18:11:03,15.311056
2024-05-18 18:11:07,1.99588
2024-05-18 18:11:08,56.382888
2024-05-18 18:11:09,0.201168
2024-05-18 18:11:10,0.030608
2024-05-18 18:11:13,34.605624
2024-05-18 18:11:14,25.109192
2024-05-18 18:11:17,2.856112
2024-05-18 18:11:18,58.142504
2024-05-18 18:11:19,1.793016
2024-05-18 18:11:20,0.058808
2024-05-18 18:11:23,18.67864
2024-05-18 18:11:24,42.011024
2024-05-18 18:11:25,0.001376
2024-05-18 18:11:27,0.012744
2024-05-18 18:11:28,53.950944
2024-05-18 18:11:29,5.04196
2024-05-18 18:11:33,16.677288
2024-05-18 18:11:34,43.158376
2024-05-18 18:11:38,59.222288
2024-05-18 18:11:39,1.789696
2024-05-18 18:11:42,17.038824
2024-05-18 18:11:43,47.21452
2024-05-18 18:11:48,34.009936
2024-05-18 18:11:49,26.495848
2024-05-18 18:11:50,0.030616
2024-05-18 18:11:52,8.778056
2024-05-18 18:11:53,53.091976
2024-05-18 18:11:58,26.1322
2024-05-18 18:11:59,35.255872
2024-05-18 18:12:00,0.006
2024-05-18 18:12:02,1.307856
2024-05-18 18:12:03,59.700696
2024-05-18 18:12:04,0.001376
2024-05-18 18:12:08,29.990656
2024-05-18 18:12:09,30.039096
2024-05-18 18:12:13,51.82924
2024-05-18 18:12:14,9.262376
2024-05-18 18:12:18,10.493576
2024-05-18 18:12:19,50.24636
2024-05-18 18:12:22,0.001288
2024-05-18 18:12:23,60.055064
2024-05-18 18:12:27,10.524304
2024-05-18 18:12:28,49.649848
2024-05-18 18:12:30,0.030624
2024-05-18 18:12:33,33.14856
2024-05-18 18:12:34,28.10044
2024-05-18 18:12:37,3.299048
2024-05-18 18:12:38,57.163216
2024-05-18 18:12:39,1.632368
2024-05-18 18:12:43,19.59944
2024-05-18 18:12:44,42.258416
2024-05-18 18:12:48,54.380456
2024-05-18 18:12:49,8.48232
2024-05-18 18:12:53,18.79912
2024-05-18 18:12:54,50.439872
2024-05-18 18:12:57,67.983408
2024-05-18 18:12:58,0.000784
2024-05-18 18:13:01,18.401928
2024-05-18 18:13:02,51.078192
2024-05-18 18:13:06,54.79796
2024-05-18 18:13:07,13.218496
2024-05-18 18:13:09,47.691536
2024-05-18 18:13:10,9.267296
2024-05-18 18:13:12,7.99888
2024-05-18 18:13:13,51.666224
2024-05-18 18:13:14,8.333832
2024-05-18 18:13:15,0.005376
2024-05-18 18:13:17,34.007568
2024-05-18 18:13:18,33.980712
2024-05-18 18:13:20,0.001376
2024-05-18 18:13:21,5.553464
2024-05-18 18:13:22,41.997376
2024-05-18 18:13:23,21.875736
2024-05-18 18:13:25,25.733184
2024-05-18 18:13:26,34.462696
2024-05-18 18:13:27,7.805544
2024-05-18 18:13:30,3.995304
2024-05-18 18:13:31,52.392488
2024-05-18 18:13:32,13.198176
2024-05-18 18:13:36,18.329576
2024-05-18 18:13:37,49.657792
2024-05-18 18:13:42,24.643864
2024-05-18 18:13:43,43.71648
2024-05-18 18:13:44,1.187424
2024-05-18 18:13:46,7.649544
2024-05-18 18:13:47,48.928528
2024-05-18 18:13:48,13.365432
2024-05-18 18:13:49,0.000904
2024-05-18 18:13:50,0.036376
2024-05-18 18:13:51,0.016584
2024-05-18 18:13:52,24.487528
2024-05-18 18:13:53,41.989496
2024-05-18 18:13:54,1.537776
2024-05-18 18:13:56,0.012744
2024-05-18 18:13:57,0.03568
2024-05-18 18:13:58,35.624056
2024-05-18 18:13:59,32.365504
2024-05-18 18:14:01,20.032688
2024-05-18 18:14:02,30.952288
2024-05-18 18:14:03,18.218664
2024-05-18 18:14:04,0.000904
2024-05-18 18:14:05,6.643848
2024-05-18 18:14:06,44.334104
2024-05-18 18:14:07,17.142824
2024-05-18 18:14:08,0.185024
2024-05-18 18:14:09,0.001376
2024-05-18 18:14:10,34.60876
2024-05-18 18:14:11,34.754672
2024-05-18 18:14:15,0.014328
2024-05-18 18:14:16,52.247424
2024-05-18 18:14:17,15.9178
2024-05-18 18:14:20,22.418512
2024-05-18 18:14:21,45.577576
2024-05-18 18:14:22,1.23572
2024-05-18 18:14:26,43.572912
2024-05-18 18:14:27,26.652344
2024-05-18 18:14:30,3.854096
2024-05-18 18:14:31,33.17336
2024-05-18 18:14:32,18.39944
2024-05-18 18:14:33,59.073144
2024-05-18 18:14:34,3.382728
2024-05-18 18:14:37,51.748448
2024-05-18 18:14:38,16.244888
2024-05-18 18:14:41,3.5154
2024-05-18 18:14:42,62.773792
2024-05-18 18:14:43,3.127768
2024-05-18 18:14:46,30.68688
2024-05-18 18:14:47,37.29136
2024-05-18 18:14:50,2.421408
2024-05-18 18:14:51,60.95736
2024-05-18 18:14:52,6.21424
2024-05-18 18:14:55,31.83236
2024-05-18 18:14:56,12.919808
2024-05-18 18:14:57,13.336416
2024-05-18 18:14:58,55.484416
2024-05-18 18:14:59,0.846832
2024-05-18 18:15:03,21.535432
2024-05-18 18:15:04,35.151632
2024-05-18 18:15:07,0.26544
2024-05-18 18:15:08,32.918632
2024-05-18 18:15:09,24.760336
2024-05-18 18:15:10,0.03064
2024-05-18 18:15:13,29.020504
2024-05-18 18:15:14,26.11888
2024-05-18 18:15:18,24.80508
2024-05-18 18:15:19,31.353104
2024-05-18 18:15:22,13.266848
2024-05-18 18:15:23,43.817864
2024-05-18 18:15:28,34.147568
2024-05-18 18:15:29,22.885184
2024-05-18 18:15:32,4.480528
2024-05-18 18:15:33,47.879472
2024-05-18 18:15:34,2.329968
2024-05-18 18:15:38,19.810456
2024-05-18 18:15:39,39.439544
2024-05-18 18:15:42,0.00192
2024-05-18 18:15:43,33.080624
2024-05-18 18:15:44,30.031096
2024-05-18 18:15:47,9.185952
2024-05-18 18:15:48,33.8194
2024-05-18 18:15:49,19.66676
2024-05-18 18:15:50,0.208296
2024-05-18 18:15:53,25.141304
2024-05-18 18:15:54,35.505384
2024-05-18 18:15:56,0.021976
2024-05-18 18:15:57,8.351536
2024-05-18 18:15:58,50.038384
2024-05-18 18:15:59,4.334928
2024-05-18 18:16:01,0.001376
2024-05-18 18:16:03,32.925032
2024-05-18 18:16:04,27.627696
2024-05-18 18:16:05,0.0024
2024-05-18 18:16:07,2.33752
2024-05-18 18:16:08,60.36124
2024-05-18 18:16:13,30.602208
2024-05-18 18:16:14,30.119096
2024-05-18 18:16:18,60.308488
2024-05-18 18:16:20,0.060584
2024-05-18 18:16:21,0.002656
2024-05-18 18:16:22,0.001032
2024-05-18 18:16:23,6.61592
2024-05-18 18:16:24,54.530448
2024-05-18 18:16:25,7.58212
2024-05-18 18:16:28,42.24388
2024-05-18 18:16:29,27.630904
2024-05-18 18:16:30,0.027824
2024-05-18 18:16:32,22.050312
2024-05-18 18:16:33,38.827016
2024-05-18 18:16:34,7.106152
2024-05-18 18:16:35,0.004392
2024-05-18 18:16:36,0.001032
2024-05-18 18:16:37,23.50068
2024-05-18 18:16:38,39.982304
2024-05-18 18:16:39,4.508536
2024-05-18 18:16:40,11.53624
2024-05-18 18:16:41,44.32732
2024-05-18 18:16:42,13.593368
2024-05-18 18:16:44,0.089928
2024-05-18 18:16:45,29.87364
2024-05-18 18:16:46,11.417256
2024-05-18 18:16:47,0.006568
2024-05-18 18:16:48,31.208792
2024-05-18 18:16:49,38.352328
2024-05-18 18:16:51,0.001376
2024-05-18 18:16:52,30.608288
2024-05-18 18:16:53,36.139968
2024-05-18 18:16:54,1.259456
2024-05-18 18:16:57,12.106992
2024-05-18 18:16:58,49.399144
2024-05-18 18:16:59,6.526208
2024-05-18 18:17:00,7.75064
2024-05-18 18:17:01,53.054224
2024-05-18 18:17:02,9.451256
2024-05-18 18:17:05,39.679584
2024-05-18 18:17:06,17.847776
2024-05-18 18:17:08,16.210896
2024-05-18 18:17:09,51.782168
2024-05-18 18:17:10,0.030448
2024-05-18 18:17:11,0.005376
2024-05-18 18:17:12,35.679472
2024-05-18 18:17:13,33.684216
2024-05-18 18:17:14,0.018152
2024-05-18 18:17:15,14.693248
2024-05-18 18:17:16,26.123416
2024-05-18 18:17:17,20.65888
2024-05-18 18:17:18,47.336448
2024-05-18 18:17:22,47.530208
2024-05-18 18:17:23,21.720952
2024-05-18 18:17:25,17.867544
2024-05-18 18:17:26,50.133088
2024-05-18 18:17:31,50.729272
2024-05-18 18:17:32,18.507264
2024-05-18 18:17:36,11.796952
2024-05-18 18:17:37,58.138064
2024-05-18 18:17:42,32.815768
2024-05-18 18:17:43,35.1842
2024-05-18 18:17:46,0.045752
2024-05-18 18:17:47,0.042104
2024-05-18 18:17:48,38.601512
2024-05-18 18:17:49,25.442488
2024-05-18 18:17:50,0.042872
2024-05-18 18:17:51,0.001376
2024-05-18 18:17:53,14.5036
2024-05-18 18:17:54,53.50236
2024-05-18 18:17:55,1.100472
2024-05-18 18:17:58,47.34876
2024-05-18 18:17:59,22.425448
2024-05-18 18:18:02,21.968144
2024-05-18 18:18:03,44.786984
2024-05-18 18:18:04,1.24992
2024-05-18 18:18:07,63.891816
2024-05-18 18:18:08,4.107864
2024-05-18 18:18:11,25.976072
2024-05-18 18:18:12,43.736736
2024-05-18 18:18:16,59.141288
2024-05-18 18:18:17,8.861016
2024-05-18 18:18:20,15.360736
2024-05-18 18:18:21,54.444032
2024-05-18 18:18:25,60.841432
2024-05-18 18:18:26,7.148824
2024-05-18 18:18:30,2.478928
2024-05-18 18:18:31,67.195496
2024-05-18 18:18:32,0.103032
2024-05-18 18:18:35,24.28704
2024-05-18 18:18:36,43.731368
2024-05-18 18:18:37,20.848312
2024-05-18 18:18:38,47.15252
2024-05-18 18:18:40,4.55464
2024-05-18 18:18:41,65.2086
2024-05-18 18:18:42,0.002032
2024-05-18 18:18:45,40.405704
2024-05-18 18:18:46,7.751848
2024-05-18 18:18:47,4.653184
2024-05-18 18:18:48,63.340576
2024-05-18 18:18:52,43.973256
2024-05-18 18:18:53,25.669672
2024-05-18 18:18:57,4.341208
2024-05-18 18:18:58,65.620536
2024-05-18 18:18:59,0.002328
2024-05-18 18:19:02,46.488904
2024-05-18 18:19:03,21.507584
2024-05-18 18:19:07,0.736168
2024-05-18 18:19:08,46.565392
2024-05-18 18:19:10,0.030656
2024-05-18 18:19:13,22.838928
2024-05-18 18:19:14,46.357352
2024-05-18 18:19:18,53.319344
2024-05-18 18:19:19,16.442944
2024-05-18 18:19:21,44.8386
2024-05-18 18:19:22,23.153912
2024-05-18 18:19:25,0.284616
2024-05-18 18:19:26,40.712088
2024-05-18 18:19:28,45.420288
2024-05-18 18:19:29,24.300552
2024-05-18 18:19:31,14.056712
2024-05-18 18:19:32,53.952592
2024-05-18 18:19:33,2.799176
2024-05-18 18:19:34,65.217
2024-05-18 18:19:35,0.005368
2024-05-18 18:19:37,54.589096
2024-05-18 18:19:38,15.253904
2024-05-18 18:19:40,12.920504
2024-05-18 18:19:41,40.440032
2024-05-18 18:19:42,2.892872
2024-05-18 18:19:43,65.093464
2024-05-18 18:19:47,37.139152
2024-05-18 18:19:48,32.831656
2024-05-18 18:19:50,0.030656
2024-05-18 18:19:51,4.844168
2024-05-18 18:19:52,63.168408
2024-05-18 18:19:53,0.001376
2024-05-18 18:19:57,27.689704
2024-05-18 18:19:58,42.180288
2024-05-18 18:20:06,33.20472
2024-05-18 18:20:07,34.770568
2024-05-18 18:20:10,0.014312
2024-05-18 18:20:11,65.396896
2024-05-18 18:20:12,4.11732
2024-05-18 18:20:16,8.626592
2024-05-18 18:20:17,45.241624
2024-05-18 18:20:23,27.668656
2024-05-18 18:20:24,20.161848
2024-05-18 18:20:27,1.95192
2024-05-18 18:20:28,56.47916
2024-05-18 18:20:29,11.411352
2024-05-18 18:20:30,0.030648
2024-05-18 18:20:36,2.723368
2024-05-18 18:20:37,55.945904
2024-05-18 18:20:38,5.787504
2024-05-18 18:20:48,47.216632
2024-05-18 18:20:49,16.86196
2024-05-18 18:20:52,21.1364
2024-05-18 18:20:53,48.270248
2024-05-18 18:20:56,45.640696
2024-05-18 18:20:58,36.498128
2024-05-18 18:20:59,33.331824
2024-05-18 18:21:01,18.257376
2024-05-18 18:21:02,49.736
2024-05-18 18:21:06,63.45596
2024-05-18 18:21:07,4.533448
2024-05-18 18:21:10,16.436016
2024-05-18 18:21:11,53.105736
2024-05-18 18:21:16,49.488816
2024-05-18 18:21:17,18.52124
2024-05-18 18:21:20,4.355536
2024-05-18 18:21:21,45.534104
2024-05-18 18:21:22,12.190912
2024-05-18 18:21:23,57.32616
2024-05-18 18:21:25,0.001376
2024-05-18 18:21:27,22.94376
2024-05-18 18:21:28,45.07584
2024-05-18 18:21:31,0.012744
2024-05-18 18:21:32,64.969256
2024-05-18 18:21:33,4.521144
2024-05-18 18:21:37,11.7352
2024-05-18 18:21:38,56.272856
2024-05-18 18:21:42,61.095784
2024-05-18 18:21:43,8.362488
2024-05-18 18:21:46,12.29304
2024-05-18 18:21:47,55.718216
2024-05-18 18:21:49,0.012744
2024-05-18 18:21:50,53.511632
2024-05-18 18:21:52,5.642616
2024-05-18 18:21:53,63.815104
2024-05-18 18:21:56,17.021992
2024-05-18 18:21:57,50.985304
2024-05-18 18:22:01,53.127216
2024-05-18 18:22:02,16.392992
2024-05-18 18:22:05,5.271312
2024-05-18 18:22:06,62.733664
2024-05-18 18:22:07,0.002072
2024-05-18 18:22:11,39.60652
2024-05-18 18:22:12,29.929328
2024-05-18 18:22:18,53.860096
2024-05-18 18:22:19,9.398504
2024-05-18 18:22:22,16.889344
2024-05-18 18:22:23,36.716552
2024-05-18 18:22:30,0.030656
2024-05-18 18:22:32,3.734808
2024-05-18 18:22:33,64.28036
2024-05-18 18:22:34,1.480496
2024-05-18 18:22:39,22.827624
2024-05-18 18:22:40,24.849384
2024-05-18 18:22:42,10.27152
2024-05-18 18:22:43,57.737664
2024-05-18 18:22:47,29.190912
2024-05-18 18:22:48,38.821696
2024-05-18 18:22:51,0.012744
2024-05-18 18:22:52,61.00172
2024-05-18 18:22:53,8.66492
2024-05-18 18:22:55,20.108776
2024-05-18 18:22:56,27.303656
2024-05-18 18:22:57,6.511792
2024-05-18 18:22:58,61.479456
2024-05-18 18:23:02,53.15312
2024-05-18 18:23:03,16.385064
2024-05-18 18:23:04,26.437168
2024-05-18 18:23:05,41.558016
2024-05-18 18:23:06,19.287416
2024-05-18 18:23:07,48.70224
2024-05-18 18:23:08,4.062072
2024-05-18 18:23:09,63.924168
2024-05-18 18:23:10,0.030656
2024-05-18 18:23:11,44.268952
2024-05-18 18:23:12,11.476384
2024-05-18 18:23:13,65.325616
2024-05-18 18:23:15,4.723112
2024-05-18 18:23:16,63.279416
2024-05-18 18:23:17,2.742488
2024-05-18 18:23:18,57.05248
2024-05-18 18:23:22,8.878136
2024-05-18 18:23:23,44.252568
2024-05-18 18:23:28,54.594816
2024-05-18 18:23:29,13.418432
2024-05-18 18:23:32,15.362752
2024-05-18 18:23:33,54.124032
2024-05-18 18:23:37,67.976184
2024-05-18 18:23:38,0.0008
2024-05-18 18:23:40,37.94912
2024-05-18 18:23:41,18.666536
2024-05-18 18:23:42,19.504792
2024-05-18 18:23:43,48.495112
2024-05-18 18:23:46,52.099
2024-05-18 18:23:47,15.913624
2024-05-18 18:23:50,24.062504
2024-05-18 18:23:51,45.729032
2024-05-18 18:23:53,0.320216
2024-05-18 18:23:54,7.51516
2024-05-18 18:23:55,39.34988
2024-05-18 18:23:58,49.516256
2024-05-18 18:23:59,15.562272
2024-05-18 18:24:02,11.046024
2024-05-18 18:24:03,43.106768
2024-05-18 18:24:08,36.623336
2024-05-18 18:24:09,15.573968
2024-05-18 18:24:12,3.653712
2024-05-18 18:24:13,49.130368
2024-05-18 18:24:18,23.483256
2024-05-18 18:24:19,39.23472
2024-05-18 18:24:22,4.146176
2024-05-18 18:24:23,59.346072
2024-05-18 18:24:28,18.82256
2024-05-18 18:24:29,43.20652
2024-05-18 18:24:30,0.03064
2024-05-18 18:24:32,8.993016
2024-05-18 18:24:33,59.007928
2024-05-18 18:24:36,34.79736
2024-05-18 18:24:37,30.638112
2024-05-18 18:24:38,48.427792
2024-05-18 18:24:39,2.706496
2024-05-18 18:24:40,65.296256
2024-05-18 18:24:42,52.594968
2024-05-18 18:24:43,17.112664
2024-05-18 18:24:44,45.780512
2024-05-18 18:24:45,22.218256
2024-05-18 18:24:47,13.44836
2024-05-18 18:24:48,54.551472
2024-05-18 18:24:51,67.454144
2024-05-18 18:24:52,2.280576
2024-05-18 18:24:53,0.003152
2024-05-18 18:24:54,0.001568
2024-05-18 18:24:55,16.409304
2024-05-18 18:24:56,25.07596
2024-05-18 18:24:57,5.93232
2024-05-18 18:24:58,63.849056
2024-05-18 18:24:59,0.006856
2024-05-18 18:25:02,26.806024
2024-05-18 18:25:03,41.18956
2024-05-18 18:25:06,2.374728
2024-05-18 18:25:07,65.612064
2024-05-18 18:25:10,0.030624
2024-05-18 18:25:12,23.046872
2024-05-18 18:25:13,46.521784
2024-05-18 18:25:16,0.012744
2024-05-18 18:25:17,69.717464
2024-05-18 18:25:18,0.00072
2024-05-18 18:25:22,12.431336
2024-05-18 18:25:23,55.581808
2024-05-18 18:25:28,59.965976
2024-05-18 18:25:29,8.028096
2024-05-18 18:25:32,19.09276
2024-05-18 18:25:33,48.416672
2024-05-18 18:25:38,49.60792
2024-05-18 18:25:39,20.40152
2024-05-18 18:25:42,9.957352
2024-05-18 18:25:43,58.028328
2024-05-18 18:25:47,38.910128
2024-05-18 18:25:48,29.099176
2024-05-18 18:25:50,0.030648
2024-05-18 18:25:52,1.476424
2024-05-18 18:25:53,66.528768
2024-05-18 18:25:54,1.253704
2024-05-18 18:25:56,40.960072
2024-05-18 18:25:57,29.218824
2024-05-18 18:25:59,0.003088
2024-05-18 18:26:00,0.012744
2024-05-18 18:26:01,67.992216
2024-05-18 18:26:05,18.35972
2024-05-18 18:26:06,49.64048
2024-05-18 18:26:09,0.012744
2024-05-18 18:26:10,44.589624
2024-05-18 18:26:11,1.741704
2024-05-18 18:26:12,1.162952
2024-05-18 18:26:13,66.821736
2024-05-18 18:26:14,0.001528
2024-05-18 18:26:17,0.758472
2024-05-18 18:26:18,69.276984
2024-05-18 18:26:21,0.057448
2024-05-18 18:26:22,24.627952
2024-05-18 18:26:23,43.380376
2024-05-18 18:26:25,10.940592
2024-05-18 18:26:26,57.0598
2024-05-18 18:26:27,0.001376
2024-05-18 18:26:30,48.970064
2024-05-18 18:26:31,0.000752
2024-05-18 18:26:32,11.878352
2024-05-18 18:26:33,57.70068
2024-05-18 18:26:37,60.28752
2024-05-18 18:26:38,7.7142
2024-05-18 18:26:41,8.40268
2024-05-18 18:26:42,60.842008
2024-05-18 18:26:46,44.43348
2024-05-18 18:26:47,25.47604
2024-05-18 18:26:52,3.011192
2024-05-18 18:26:53,54.265072
2024-05-18 18:26:54,10.71364
2024-05-18 18:26:56,45.639176
2024-05-18 18:26:57,24.446328
2024-05-18 18:27:00,15.319448
2024-05-18 18:27:01,32.763456
2024-05-18 18:27:02,19.934992
2024-05-18 18:27:05,33.154408
2024-05-18 18:27:06,21.091232
2024-05-18 18:27:08,15.229864
2024-05-18 18:27:09,54.588096
2024-05-18 18:27:10,0.030648
2024-05-18 18:27:11,0.012744
2024-05-18 18:27:12,67.976416
2024-05-18 18:27:16,36.36328
2024-05-18 18:27:17,25.833024
2024-05-18 18:27:22,0.012744
2024-05-18 18:27:23,42.894656
2024-05-18 18:27:27,9.699544
2024-05-18 18:27:28,42.045696
2024-05-18 18:27:32,0.012744
2024-05-18 18:27:33,69.424832
2024-05-18 18:27:37,0.012744
2024-05-18 18:27:38,66.781376
2024-05-18 18:27:39,3.294056
2024-05-18 18:27:42,43.262984
2024-05-18 18:27:43,24.717584
2024-05-18 18:27:46,0.012744
2024-05-18 18:27:47,48.021192
2024-05-18 18:27:48,18.504408
2024-05-18 18:27:50,0.03064
2024-05-18 18:27:52,24.441056
2024-05-18 18:27:53,27.545336
2024-05-18 18:27:55,0.122912
2024-05-18 18:27:56,0.001376
2024-05-18 18:27:57,0.077808
2024-05-18 18:27:58,39.88972
2024-05-18 18:27:59,27.277824
2024-05-18 18:28:00,0.001376
2024-05-18 18:28:02,7.51632
2024-05-18 18:28:03,60.488944
2024-05-18 18:28:08,38.312504
2024-05-18 18:28:09,29.66348
2024-05-18 18:28:12,10.41308
2024-05-18 18:28:13,59.1122
2024-05-18 18:28:17,47.781048
2024-05-18 18:28:18,22.320776
2024-05-18 18:28:21,4.654152
2024-05-18 18:28:22,63.35124
2024-05-18 18:28:26,46.19624
2024-05-18 18:28:27,21.787104
2024-05-18 18:28:30,2.15848
2024-05-18 18:28:31,67.650096
2024-05-18 18:28:32,0.00072
2024-05-18 18:28:36,19.996792
2024-05-18 18:28:37,47.986688
2024-05-18 18:28:39,3.418816
2024-05-18 18:28:40,49.706616
2024-05-18 18:28:42,0.012744
2024-05-18 18:28:43,67.969128
2024-05-18 18:28:44,1.448352
2024-05-18 18:28:46,20.529024
2024-05-18 18:28:47,49.46352
2024-05-18 18:28:52,44.0466
2024-05-18 18:28:53,18.240176
2024-05-18 18:28:57,0.012744
2024-05-18 18:28:58,54.412736
2024-05-18 18:28:59,8.17808
2024-05-18 18:29:03,40.0766
2024-05-18 18:29:04,25.389128
2024-05-18 18:29:08,57.415752
2024-05-18 18:29:09,10.29544
2024-05-18 18:29:10,0.344808
2024-05-18 18:29:11,0.248896
2024-05-18 18:29:12,26.18444
2024-05-18 18:29:13,45.81168
2024-05-18 18:29:17,0.001376
2024-05-18 18:29:18,48.791304
2024-05-18 18:29:19,21.124184
2024-05-18 18:29:22,12.318064
2024-05-18 18:29:23,55.688688
2024-05-18 18:29:28,23.634192
2024-05-18 18:29:29,38.331032
2024-05-18 18:29:32,2.178064
2024-05-18 18:29:33,42.893128
2024-05-18 18:29:38,32.747888
2024-05-18 18:29:39,19.536032
2024-05-18 18:29:48,13.090904
2024-05-18 18:29:49,56.711728
2024-05-18 18:29:50,0.030632
2024-05-18 18:29:57,19.069728
2024-05-18 18:29:58,48.968768
2024-05-18 18:30:01,0.001288
2024-05-18 18:30:02,54.264784
2024-05-18 18:30:03,14.953744
2024-05-18 18:30:06,22.6864
2024-05-18 18:30:07,47.312416
2024-05-18 18:30:11,52.052944
2024-05-18 18:30:12,15.971792
2024-05-18 18:30:14,21.27772
2024-05-18 18:30:15,28.507288
2024-05-18 18:30:17,2.849088
2024-05-18 18:30:18,48.740416
2024-05-18 18:30:19,16.420712
2024-05-18 18:30:22,21.740272
2024-05-18 18:30:23,47.53308
2024-05-18 18:30:25,6.947072
2024-05-18 18:30:26,47.152864
2024-05-18 18:30:28,48.00632
2024-05-18 18:30:29,21.833288
2024-05-18 18:30:30,0.030608
2024-05-18 18:30:31,21.075128
2024-05-18 18:30:32,46.94428
2024-05-18 18:30:35,0.217456
2024-05-18 18:30:36,66.575664
2024-05-18 18:30:37,1.214312
2024-05-18 18:30:41,28.568688
2024-05-18 18:30:42,33.705736
2024-05-18 18:30:48,28.284384
2024-05-18 18:30:49,20.515824
2024-05-18 18:30:52,1.727216
2024-05-18 18:30:53,57.645656
2024-05-18 18:30:54,9.894576
2024-05-18 18:30:58,28.979576
2024-05-18 18:30:59,40.810904
2024-05-18 18:31:01,2.020072
2024-05-18 18:31:02,65.976248
2024-05-18 18:31:07,32.70604
2024-05-18 18:31:08,35.290944
2024-05-18 18:31:09,0.00576
2024-05-18 18:31:10,0.030616
2024-05-18 18:31:11,1.55628
2024-05-18 18:31:12,67.994672
2024-05-18 18:31:16,14.872528
2024-05-18 18:31:17,53.153296
2024-05-18 18:31:20,0.072752
2024-05-18 18:31:21,60.879768
2024-05-18 18:31:22,8.64904
2024-05-18 18:31:25,0.001376
2024-05-18 18:31:26,47.100736
2024-05-18 18:31:27,12.015776
2024-05-18 18:31:33,66.25864
2024-05-18 18:31:34,1.413464
2024-05-18 18:31:38,9.038944
2024-05-18 18:31:39,58.135888
2024-05-18 18:31:43,43.372912
2024-05-18 18:31:44,24.639504
2024-05-18 18:31:46,27.310792
2024-05-18 18:31:47,40.690776
2024-05-18 18:31:49,0.012744
2024-05-18 18:31:50,58.376096
2024-05-18 18:31:53,49.113704
2024-05-18 18:31:54,20.141248
2024-05-18 18:31:55,5.740384
2024-05-18 18:31:56,42.26872
2024-05-18 18:31:57,4.196512
2024-05-18 18:31:58,63.82556
2024-05-18 18:31:59,1.853872
2024-05-18 18:32:01,41.998104
2024-05-18 18:32:03,37.2404
2024-05-18 18:32:04,30.77444
2024-05-18 18:32:06,1.030272
2024-05-18 18:32:07,66.364584
2024-05-18 18:32:08,0.624848
2024-05-18 18:32:10,38.99836
2024-05-18 18:32:11,12.6686
2024-05-18 18:32:13,43.098768
2024-05-18 18:32:14,26.202616
2024-05-18 18:32:16,0.012744
2024-05-18 18:32:17,56.497712
2024-05-18 18:32:18,11.492008
2024-05-18 18:32:20,39.105256
2024-05-18 18:32:21,30.534352
2024-05-18 18:32:22,16.035624
2024-05-18 18:32:23,51.967408
2024-05-18 18:32:26,43.946696
2024-05-18 18:32:27,24.068064
2024-05-18 18:32:30,25.72656
2024-05-18 18:32:31,44.038072
2024-05-18 18:32:35,1.048848
2024-05-18 18:32:36,52.548216
2024-05-18 18:32:37,14.42872
2024-05-18 18:32:40,23.212528
2024-05-18 18:32:41,46.493
2024-05-18 18:32:46,37.853392
2024-05-18 18:32:47,30.160632
2024-05-18 18:32:50,27.289816
2024-05-18 18:32:51,42.292344
2024-05-18 18:32:52,0.090016
2024-05-18 18:32:55,43.436488
2024-05-18 18:32:56,24.560672
2024-05-18 18:32:57,0.130736
2024-05-18 18:33:01,10.503472
2024-05-18 18:33:02,59.034328
2024-05-18 18:33:06,34.431616
2024-05-18 18:33:07,33.557368
2024-05-18 18:33:10,7.627616
2024-05-18 18:33:11,38.593688
2024-05-18 18:33:13,47.007144
2024-05-18 18:33:14,22.259976
2024-05-18 18:33:17,17.632904
2024-05-18 18:33:18,52.323592
2024-05-18 18:33:22,54.316312
2024-05-18 18:33:23,13.676904
2024-05-18 18:33:27,17.062496
2024-05-18 18:33:28,50.945464
2024-05-18 18:33:31,49.39228
2024-05-18 18:33:33,49.722632
2024-05-18 18:33:34,19.580784
2024-05-18 18:33:35,14.003736
2024-05-18 18:33:36,51.519816
2024-05-18 18:33:37,4.330288
2024-05-18 18:33:38,65.673976
2024-05-18 18:33:41,42.92884
2024-05-18 18:33:42,25.09896
2024-05-18 18:33:46,2.400296
2024-05-18 18:33:47,53.084456
2024-05-18 18:33:48,12.528872
2024-05-18 18:33:50,0.030608
2024-05-18 18:33:52,20.459848
2024-05-18 18:33:53,49.068544
2024-05-18 18:33:57,67.982408
2024-05-18 18:34:00,31.849024
2024-05-18 18:34:01,25.830544
2024-05-18 18:34:02,8.320176
2024-05-18 18:34:03,59.681576
2024-05-18 18:34:06,0.001288
2024-05-18 18:34:07,50.791728
2024-05-18 18:34:08,17.209368
2024-05-18 18:34:10,13.044424
2024-05-18 18:34:11,31.517592
2024-05-18 18:34:12,6.393672
2024-05-18 18:34:13,63.098424
2024-05-18 18:34:16,0.001376
2024-05-18 18:34:17,48.675536
2024-05-18 18:34:18,19.32564
2024-05-18 18:34:20,13.451888
2024-05-18 18:34:21,34.393776
2024-05-18 18:34:22,0.813032
2024-05-18 18:34:23,65.316648
2024-05-18 18:34:24,1.867488
2024-05-18 18:34:26,29.180472
2024-05-18 18:34:27,38.836152
2024-05-18 18:34:30,0.03064
2024-05-18 18:34:31,0.012744
2024-05-18 18:34:32,49.37604
2024-05-18 18:34:33,1.48972
2024-05-18 18:34:37,21.691424
2024-05-18 18:34:38,48.205504
2024-05-18 18:34:46,3.297984
2024-05-18 18:34:47,58.511768
2024-05-18 18:34:49,0.000688
2024-05-18 18:34:50,0.293944
2024-05-18 18:34:51,0.005504
2024-05-18 18:34:53,39.542648
2024-05-18 18:34:54,14.048048
2024-05-18 18:34:55,0.001376
2024-05-18 18:34:57,0.012744
2024-05-18 18:34:58,51.49692
2024-05-18 18:34:59,4.037784
2024-05-18 18:35:03,43.770952
2024-05-18 18:35:04,13.747432
2024-05-18 18:35:08,44.64952
2024-05-18 18:35:09,11.558136
2024-05-18 18:35:10,0.030648
2024-05-18 18:35:12,4.390008
2024-05-18 18:35:13,59.223432
2024-05-18 18:35:14,3.973136
2024-05-18 18:35:18,47.489016
2024-05-18 18:35:19,20.594792
2024-05-18 18:35:22,14.333208
2024-05-18 18:35:23,51.706312
2024-05-18 18:35:28,26.75368
2024-05-18 18:35:29,6.248208
2024-05-18 18:35:32,2.463808
2024-05-18 18:35:33,5.579856
2024-05-18 18:35:38,8.05404
2024-05-18 18:35:39,24.772168
2024-05-18 18:35:43,22.036912
2024-05-18 18:35:50,0.030648
2024-05-18 18:35:53,25.610568
2024-05-18 18:35:54,2.455784
2024-05-18 18:35:59,0.002864
2024-05-18 18:36:03,19.437536
2024-05-18 18:36:07,6.023528
2024-05-18 18:36:08,24.974376
2024-05-18 18:36:13,9.995
2024-05-18 18:36:17,0.012744
2024-05-18 18:36:18,4.0008
2024-05-18 18:36:20,0.058216
2024-05-18 18:36:21,0.00216
2024-05-18 18:36:22,16.535304
2024-05-18 18:36:23,25.466952
2024-05-18 18:36:24,0.000784
2024-05-18 18:36:25,4.02396
2024-05-18 18:36:30,27.25956
2024-05-18 18:36:33,4.022168
2024-05-18 18:36:34,21.753672
2024-05-18 18:36:36,0.013528
2024-05-18 18:36:37,10.340824
2024-05-18 18:36:41,4.017896
2024-05-18 18:36:42,25.808344
2024-05-18 18:36:45,0.012744
2024-05-18 18:36:46,6.010792
2024-05-18 18:36:49,23.661288
2024-05-18 18:36:52,4.013496
2024-05-18 18:36:57,6.033528
2024-05-18 18:37:01,0.005832
2024-05-18 18:37:02,3.45316
2024-05-18 18:37:03,13.786128
2024-05-18 18:37:04,1.495272
2024-05-18 18:37:06,0.001376
2024-05-18 18:37:07,35.85208
2024-05-18 18:37:08,20.10036
2024-05-18 18:37:10,0.000592
2024-05-18 18:37:11,0.139128
2024-05-18 18:37:12,29.432656
2024-05-18 18:37:16,20.085816
2024-05-18 18:37:17,7.606368
2024-05-18 18:37:20,0.012744
2024-05-18 18:37:21,12.045728
2024-05-18 18:37:25,8.050048
2024-05-18 18:37:29,3.937872
2024-05-18 18:37:30,25.12652
2024-05-18 18:37:33,4.016648
2024-05-18 18:37:35,0.01488
2024-05-18 18:37:36,0.040744
2024-05-18 18:37:37,9.95508
2024-05-18 18:37:40,0.001376
2024-05-18 18:37:45,6.294064
2024-05-18 18:37:46,14.110368
2024-05-18 18:37:50,17.31684
2024-05-18 18:37:51,5.764608
2024-05-18 18:37:54,13.685552
2024-05-18 18:37:58,10.06308
2024-05-18 18:38:02,4.013536
2024-05-18 18:38:07,14.043688
2024-05-18 18:38:11,24.479192
2024-05-18 18:38:12,1.414944
2024-05-18 18:38:16,3.951736
2024-05-18 18:38:18,4.015424
2024-05-18 18:38:19,22.491872
2024-05-18 18:38:22,5.104216
2024-05-18 18:38:23,26.581272
2024-05-18 18:38:26,25.550168
2024-05-18 18:38:30,12.062624
2024-05-18 18:38:32,4.01664
2024-05-18 18:38:35,0.001376
2024-05-18 18:38:36,23.299088
2024-05-18 18:38:37,2.238
2024-05-18 18:38:39,50.262936
2024-05-18 18:38:40,4.310584
2024-05-18 18:38:42,4.025824
2024-05-18 18:38:43,26.146392
2024-05-18 18:38:46,14.06904
2024-05-18 18:38:49,17.556168
2024-05-18 18:38:52,0.012744
2024-05-18 18:38:53,11.261472
2024-05-18 18:38:54,11.28112
2024-05-18 18:38:56,0.001376
2024-05-18 18:38:57,15.458896
2024-05-18 18:38:58,19.658072
2024-05-18 18:39:00,2.061672
2024-05-18 18:39:01,23.656968
2024-05-18 18:39:03,8.003624
2024-05-18 18:39:05,4.0072
2024-05-18 18:39:07,4.015112
2024-05-18 18:39:08,6.700592
2024-05-18 18:39:10,0.206336
2024-05-18 18:39:12,20.2018
2024-05-18 18:39:13,0.103728
2024-05-18 18:39:14,0.018392
2024-05-18 18:39:15,0.001376
2024-05-18 18:39:17,14.622584
2024-05-18 18:39:18,19.25012
2024-05-18 18:39:19,1.614096
2024-05-18 18:39:26,10.875904
2024-05-18 18:39:27,24.109728
2024-05-18 18:39:32,16.029672
2024-05-18 18:39:33,1.422488
2024-05-18 18:39:36,5.706208
2024-05-18 18:39:37,28.761888
2024-05-18 18:39:41,8.034736
2024-05-18 18:39:45,8.0332
2024-05-18 18:39:46,23.323136
2024-05-18 18:39:50,8.179752
2024-05-18 18:39:52,4.019648
2024-05-18 18:39:53,2.236736
2024-05-18 18:39:54,0.011984
2024-05-18 18:39:57,61.966864
2024-05-18 18:40:02,11.909904
2024-05-18 18:40:03,21.700184
2024-05-18 18:40:04,0.001376
2024-05-18 18:40:08,16.53336
2024-05-18 18:40:12,2.134064
2024-05-18 18:40:13,5.905944
2024-05-18 18:40:15,0.004272
2024-05-18 18:40:16,0.072552
2024-05-18 18:40:17,0.043864
2024-05-18 18:40:18,24.581016
2024-05-18 18:40:19,6.769104
2024-05-18 18:40:22,0.014136
2024-05-18 18:40:23,29.779464
2024-05-18 18:40:28,14.190264
2024-05-18 18:40:29,18.65088
2024-05-18 18:40:33,6.023056
2024-05-18 18:40:37,4.02652
2024-05-18 18:40:38,26.0052
2024-05-18 18:40:43,30.8072
2024-05-18 18:40:46,17.959952
2024-05-18 18:40:47,10.708864
2024-05-18 18:40:51,31.272328
2024-05-18 18:40:53,4.014488
2024-05-18 18:40:56,4.0134
2024-05-18 18:40:59,0.003088
2024-05-18 18:41:00,10.049568
2024-05-18 18:41:04,25.1594
2024-05-18 18:41:06,0.014312
2024-05-18 18:41:07,8.00676
2024-05-18 18:41:09,0.0024
2024-05-18 18:41:10,30.825768
2024-05-18 18:41:14,5.9774
2024-05-18 18:41:15,1.986416
2024-05-18 18:41:18,6.026056
2024-05-18 18:41:20,0.06
2024-05-18 18:41:22,7.969888
2024-05-18 18:41:25,0.001376
2024-05-18 18:41:28,16.001224
2024-05-18 18:41:29,8.895976
2024-05-18 18:41:32,3.622752
2024-05-18 18:41:33,13.054952
2024-05-18 18:41:37,8.02268
2024-05-18 18:41:38,7.721784
2024-05-18 18:41:42,0.012744
2024-05-18 18:41:43,36.440504
2024-05-18 18:41:45,0.005376
2024-05-18 18:41:46,4.016448
2024-05-18 18:41:47,15.705704
2024-05-18 18:41:50,0.063088
2024-05-18 18:41:51,0.012736
2024-05-18 18:41:52,16.517768
2024-05-18 18:41:57,14.067048
2024-05-18 18:42:00,0.007016
2024-05-18 18:42:03,11.948728
2024-05-18 18:42:07,4.034504
2024-05-18 18:42:13,8.024496
2024-05-18 18:42:14,18.858152
2024-05-18 18:42:16,0.001288
2024-05-18 18:42:17,9.371408
2024-05-18 18:42:18,1.560344
2024-05-18 18:42:22,8.033024
2024-05-18 18:42:23,0.502136
2024-05-18 18:42:26,8.282512
2024-05-18 18:42:27,8.392408
2024-05-18 18:42:32,16.878392
2024-05-18 18:42:33,12.663096
2024-05-18 18:42:35,0.001376
2024-05-18 18:42:38,12.04136
2024-05-18 18:42:43,15.768192
2024-05-18 18:42:44,7.196248
2024-05-18 18:42:48,6.025824
2024-05-18 18:42:52,4.014536
2024-05-18 18:42:53,24.718344
2024-05-18 18:42:58,12.054696
2024-05-18 18:43:01,9.540104
2024-05-18 18:43:02,26.173336
2024-05-18 18:43:03,1.66552
2024-05-18 18:43:05,7.659392
2024-05-18 18:43:08,10.040648
2024-05-18 18:43:09,18.096792
2024-05-18 18:43:10,0.057632
2024-05-18 18:43:12,3.274784
2024-05-18 18:43:13,12.737904
2024-05-18 18:43:17,32.899224
2024-05-18 18:43:21,1.303024
2024-05-18 18:43:22,25.657624
2024-05-18 18:43:26,43.514224
2024-05-18 18:43:27,17.568784
2024-05-18 18:43:30,0.218168
2024-05-18 18:43:31,16.761736
2024-05-18 18:43:32,11.538384
2024-05-18 18:43:33,0.001376
2024-05-18 18:43:35,1.655504
2024-05-18 18:43:36,4.254952
2024-05-18 18:43:41,68.001872
2024-05-18 18:43:42,1.62936
2024-05-18 18:43:45,0.005376
2024-05-18 18:43:46,8.458448
2024-05-18 18:43:47,8.003656
2024-05-18 18:43:50,0.064024
2024-05-18 18:43:51,16.0116
2024-05-18 18:43:55,4.003424
2024-05-18 18:43:56,21.218656
2024-05-18 18:43:57,0.013664
2024-05-18 18:43:58,15.122848
2024-05-18 18:44:01,14.277496
2024-05-18 18:44:04,4.028104
2024-05-18 18:44:05,24.778024
2024-05-18 18:44:10,34.07676
2024-05-18 18:44:17,4.01376
2024-05-18 18:44:21,10.048104
2024-05-18 18:44:25,0.000904
2024-05-18 18:44:26,4.024944
2024-05-18 18:44:27,8.292768
2024-05-18 18:44:30,0.03044
2024-05-18 18:44:31,8.247392
2024-05-18 18:44:32,28.745104
2024-05-18 18:44:38,16.522816
2024-05-18 18:44:39,10.245624
2024-05-18 18:44:43,21.965216
2024-05-18 18:44:48,8.032104
2024-05-18 18:44:52,4.016144
2024-05-18 18:44:55,4.026544
2024-05-18 18:44:58,4.011488
2024-05-18 18:45:01,4.01272
2024-05-18 18:45:04,28.405936
2024-05-18 18:45:07,4.016616
2024-05-18 18:45:10,0.065768
2024-05-18 18:45:12,7.970016
2024-05-18 18:45:15,4.02896
2024-05-18 18:45:17,4.013024
2024-05-18 18:45:22,26.811592
2024-05-18 18:45:30,16.07868
2024-05-18 18:45:33,4.013568
2024-05-18 18:45:34,20.006064
2024-05-18 18:45:37,29.723184
2024-05-18 18:45:41,4.01588
2024-05-18 18:45:44,0.533088
2024-05-18 18:45:45,9.521856
2024-05-18 18:45:48,4.017352
2024-05-18 18:45:51,4.013816
2024-05-18 18:45:52,9.010568
2024-05-18 18:45:57,16.539272
2024-05-18 18:45:59,0.001712
2024-05-18 18:46:08,8.385552
2024-05-18 18:46:09,8.151624
2024-05-18 18:46:16,9.979768
2024-05-18 18:46:19,3.261336
2024-05-18 18:46:20,0.767896
2024-05-18 18:46:21,0.002856
2024-05-18 18:46:22,0.000784
2024-05-18 18:46:23,4.02396
2024-05-18 18:46:25,0.001376
2024-05-18 18:46:26,4.013032
2024-05-18 18:46:27,23.618512
2024-05-18 18:46:28,0.000784
2024-05-18 18:46:30,0.059008
2024-05-18 18:46:32,11.17672
2024-05-18 18:46:33,13.134552
2024-05-18 18:46:36,0.000784
2024-05-18 18:46:37,0.430896
2024-05-18 18:46:38,3.976224
2024-05-18 18:46:41,0.001376
2024-05-18 18:46:42,8.037976
2024-05-18 18:46:51,4.011976
2024-05-18 18:46:57,6.03352
2024-05-18 18:47:01,0.004648
2024-05-18 18:47:02,17.980696
2024-05-18 18:47:03,8.801688
2024-05-18 18:47:06,0.001376
2024-05-18 18:47:08,33.656856
2024-05-18 18:47:09,0.751448
2024-05-18 18:47:13,6.199992
2024-05-18 18:47:17,16.53352
2024-05-18 18:47:21,1.997
2024-05-18 18:47:26,29.347312
2024-05-18 18:47:33,4.016968
2024-05-18 18:47:41,24.018888
2024-05-18 18:47:45,4.015088
2024-05-18 18:47:46,0.000784
2024-05-18 18:47:50,8.031912
2024-05-18 18:47:56,0.012728
2024-05-18 18:47:57,29.281832
2024-05-18 18:48:00,17.83712
2024-05-18 18:48:01,16.471144
2024-05-18 18:48:02,12.150984
2024-05-18 18:48:03,6.01872
2024-05-18 18:48:07,20.082016
2024-05-18 18:48:08,6.591656
2024-05-18 18:48:10,6.034248
2024-05-18 18:48:11,14.106072
2024-05-18 18:48:16,16.204456
2024-05-18 18:48:25,25.073592
2024-05-18 18:48:29,9.692976
2024-05-18 18:48:30,1.778952
2024-05-18 18:48:33,18.544096
2024-05-18 18:48:42,4.013456
2024-05-18 18:48:46,6.427224
2024-05-18 18:48:47,16.792896
2024-05-18 18:48:51,18.562208
2024-05-18 18:49:00,16.749912
2024-05-18 18:49:04,10.043808
2024-05-18 18:49:12,4.012752
2024-05-18 18:49:17,4.025016
2024-05-18 18:49:20,4.014608
2024-05-18 18:49:25,7.939312
2024-05-18 18:49:28,21.373696
2024-05-18 18:49:29,3.782568
2024-05-18 18:49:31,0.012728
2024-05-18 18:49:32,4.011992
2024-05-18 18:49:35,17.347192
2024-05-18 18:49:36,3.572704
2024-05-18 18:49:37,4.023952
2024-05-18 18:49:42,8.032688
2024-05-18 18:49:45,8.052736
2024-05-18 18:49:55,1.823328
2024-05-18 18:49:56,4.198224
2024-05-18 18:50:01,4.023168
2024-05-18 18:50:02,25.600024
2024-05-18 18:50:06,4.028184
2024-05-18 18:50:10,3.997344
2024-05-18 18:50:13,4.014608
2024-05-18 18:50:14,11.927736
2024-05-18 18:50:17,18.539832
2024-05-18 18:50:21,4.017784
2024-05-18 18:50:26,13.189544
2024-05-18 18:50:27,13.366632
2024-05-18 18:50:30,6.76804
2024-05-18 18:50:38,9.939824
2024-05-18 18:50:42,0.012736
2024-05-18 18:50:43,22.83304
2024-05-18 18:50:44,5.520464
2024-05-18 18:50:47,5.259728
2024-05-18 18:50:50,3.174136
2024-05-18 18:50:51,13.18572
2024-05-18 18:50:55,13.615256
2024-05-18 18:50:56,4.027608
2024-05-18 18:50:57,22.719568
2024-05-18 18:50:58,2.054344
2024-05-18 18:51:02,21.95984
2024-05-18 18:51:07,6.016568
2024-05-18 18:51:08,24.826112
2024-05-18 18:51:12,12.873504
2024-05-18 18:51:13,15.119264
2024-05-18 18:51:20,0.058816
2024-05-18 18:51:21,7.96864
2024-05-18 18:51:22,13.591832
2024-05-18 18:51:25,0.014104
2024-05-18 18:51:26,42.110192
2024-05-18 18:51:30,6.02352
2024-05-18 18:51:32,3.206424
2024-05-18 18:51:33,0.80596
2024-05-18 18:51:37,7.976696
2024-05-18 18:51:43,4.015872
2024-05-18 18:51:48,4.027984
2024-05-18 18:51:57,8.038072
2024-05-18 18:52:02,8.034016
2024-05-18 18:52:06,3.250152
2024-05-18 18:52:07,2.772976
2024-05-18 18:52:12,24.59172
2024-05-18 18:52:18,4.015112
2024-05-18 18:52:22,4.025784
2024-05-18 18:52:28,17.94992
2024-05-18 18:52:29,4.12892
2024-05-18 18:52:32,4.016904
2024-05-18 18:52:38,7.975688
2024-05-18 18:52:42,3.328744
2024-05-18 18:52:43,24.228584
2024-05-18 18:52:44,1.419104
2024-05-18 18:52:47,40.445944
2024-05-18 18:52:48,4.018504
2024-05-18 18:52:56,4.023952
2024-05-18 18:53:07,9.919496
2024-05-18 18:53:10,0.091264
2024-05-18 18:53:12,25.1552
2024-05-18 18:53:15,0.001376
2024-05-18 18:53:16,8.044416
2024-05-18 18:53:21,4.025016
2024-05-18 18:53:25,6.016736
2024-05-18 18:53:26,21.732192
2024-05-18 18:53:30,4.014616
2024-05-18 18:53:33,4.028256
2024-05-18 18:53:34,23.272936
2024-05-18 18:53:36,4.013728
2024-05-18 18:53:40,8.033712
2024-05-18 18:53:41,7.644568
2024-05-18 18:53:43,16.675592
2024-05-18 18:53:46,2.56356
2024-05-18 18:53:47,1.460392
2024-05-18 18:53:50,0.063312
2024-05-18 18:53:51,16.529856
2024-05-18 18:53:55,0.498056
2024-05-18 18:53:56,1.515672
2024-05-18 18:53:58,20.331232
2024-05-18 18:53:59,3.115504
2024-05-18 18:54:02,4.022632
2024-05-18 18:54:09,0.0024
2024-05-18 18:54:11,12.06224
2024-05-18 18:54:16,4.034632
2024-05-18 18:54:20,4.006752
2024-05-18 18:54:28,6.03472
2024-05-18 18:54:41,8.042912
2024-05-18 18:54:47,8.045216
2024-05-18 18:54:53,12.04656
2024-05-18 18:55:02,8.034232
2024-05-18 18:55:07,8.048856
2024-05-18 18:55:10,0.062472
2024-05-18 18:55:11,0.0024
2024-05-18 18:55:13,9.987072
2024-05-18 18:55:17,4.023808
2024-05-18 18:55:27,0.012736
2024-05-18 18:55:28,14.05012
2024-05-18 18:55:29,4.141368
2024-05-18 18:55:33,17.601288
2024-05-18 18:55:34,6.242552
2024-05-18 18:55:38,3.93896
2024-05-18 18:55:42,16.8166
2024-05-18 18:55:43,2.985784
2024-05-18 18:55:48,0.744328
2024-05-18 18:55:50,0.062432
2024-05-18 18:55:51,13.243808
2024-05-18 18:55:58,4.02264
2024-05-18 18:56:01,10.368976
2024-05-18 18:56:02,1.684344
2024-05-18 18:56:03,0.00128
2024-05-18 18:56:04,0.000432
2024-05-18 18:56:05,4.013816
2024-05-18 18:56:06,2.22032
2024-05-18 18:56:08,16.53904
2024-05-18 18:56:18,13.99504
2024-05-18 18:56:20,0.06
2024-05-18 18:56:26,16.002112
2024-05-18 18:56:30,0.061688
2024-05-18 18:56:31,7.968448
2024-05-18 18:56:33,4.023432
2024-05-18 18:56:36,4.020368
2024-05-18 18:56:37,21.127144
2024-05-18 18:56:41,3.386272
2024-05-18 18:56:43,6.025912
2024-05-18 18:56:46,2.421392
2024-05-18 18:56:47,1.595512
2024-05-18 18:56:51,4.010088
2024-05-18 18:56:55,2.632256
2024-05-18 18:56:56,7.425888
2024-05-18 18:57:02,8.037336
2024-05-18 18:57:21,3.935352
2024-05-18 18:57:25,2.454136
2024-05-18 18:57:26,19.060304
2024-05-18 18:57:30,24.727256
2024-05-18 18:57:33,4.014584
2024-05-18 18:57:40,6.025536
2024-05-18 18:57:57,10.356576
2024-05-18 18:57:58,13.442776
2024-05-18 18:58:06,4.015272
2024-05-18 18:58:12,4.014464
2024-05-18 18:58:13,25.107272
2024-05-18 18:58:17,15.15632
2024-05-18 18:58:19,16.678912
2024-05-18 18:58:22,0.015864
2024-05-18 18:58:23,4.00472
2024-05-18 18:58:28,8.034704
2024-05-18 18:58:30,1.752864
2024-05-18 18:58:31,6.281832
2024-05-18 18:58:33,25.68872
2024-05-18 18:58:36,4.012576
2024-05-18 18:58:39,24.796416
2024-05-18 18:58:41,25.209472
2024-05-18 18:58:43,1.1294
2024-05-18 18:58:46,4.02224
2024-05-18 18:59:01,25.228056
2024-05-18 18:59:04,17.616784
2024-05-18 18:59:06,1.534736
2024-05-18 18:59:13,4.0254
2024-05-18 18:59:22,8.037288
2024-05-18 18:59:28,8.033232
2024-05-18 18:59:38,8.035352
2024-05-18 18:59:41,4.004904
2024-05-18 18:59:48,4.024128
2024-05-18 18:59:57,8.033928
2024-05-18 19:00:00,0.004648
2024-05-18 19:00:03,22.075752
2024-05-18 19:00:05,0.001376
2024-05-18 19:00:07,19.625128
2024-05-18 19:00:08,10.59852
2024-05-18 19:00:12,34.301264
2024-05-18 19:00:16,4.016896
2024-05-18 19:00:17,25.900624
2024-05-18 19:00:21,24.550448
2024-05-18 19:00:24,4.016816
2024-05-18 19:00:33,8.031576
2024-05-18 19:00:38,4.022328
2024-05-18 19:00:42,4.034288
2024-05-18 19:00:43,27.22868
2024-05-18 19:00:46,24.238272
2024-05-18 19:00:57,4.014544
2024-05-18 19:01:03,22.945624
2024-05-18 19:01:06,12.568408
2024-05-18 19:01:07,5.2836
2024-05-18 19:01:11,0.012728
2024-05-18 19:01:12,4.001496
2024-05-18 19:01:16,6.032672
2024-05-18 19:01:21,19.083088
2024-05-18 19:01:22,7.832872
2024-05-18 19:01:25,4.020176
2024-05-18 19:01:26,10.690168
2024-05-18 19:01:27,0.001376
2024-05-18 19:01:29,8.44984
2024-05-18 19:01:30,12.70532
2024-05-18 19:01:33,4.023904
2024-05-18 19:01:37,4.01808
2024-05-18 19:01:46,5.041632
2024-05-18 19:01:47,0.987256
2024-05-18 19:01:50,0.030592
2024-05-18 19:01:51,35.010416
2024-05-18 19:01:54,3.946656
2024-05-18 19:01:58,6.321752
2024-05-18 19:01:59,0.888856
2024-05-18 19:02:01,13.893568
2024-05-18 19:02:03,0.001288
2024-05-18 19:02:04,4.022792
2024-05-18 19:02:11,4.012248
2024-05-18 19:02:14,0.927304
2024-05-18 19:02:15,3.087304
2024-05-18 19:02:18,20.464392
2024-05-18 19:02:25,0.304824
2024-05-18 19:02:26,3.694432
2024-05-18 19:02:30,4.011344
2024-05-18 19:02:37,8.04284
2024-05-18 19:02:41,0.012736
2024-05-18 19:02:42,12.027144
2024-05-18 19:02:45,0.001776
2024-05-18 19:02:47,8.03956
2024-05-18 19:02:48,0.000752
2024-05-18 19:02:49,0.433752
2024-05-18 19:02:50,0.117856
2024-05-18 19:02:51,0.125968
2024-05-18 19:02:52,3.302648
2024-05-18 19:02:53,0.967192
2024-05-18 19:02:57,4.0144
2024-05-18 19:03:02,17.497936
2024-05-18 19:03:03,10.750712
2024-05-18 19:03:11,8.034184
2024-05-18 19:03:15,4.024224
2024-05-18 19:03:16,19.38068
2024-05-18 19:03:21,4.015416
2024-05-18 19:03:26,3.4574
2024-05-18 19:03:27,8.599208
2024-05-18 19:03:29,0.003552
2024-05-18 19:03:31,0.006264
2024-05-18 19:03:32,6.001576
2024-05-18 19:03:38,11.097296
2024-05-18 19:03:39,13.437472
2024-05-18 19:03:50,16.872616
2024-05-18 19:03:51,1.741568
2024-05-18 19:03:52,4.320672
2024-05-18 19:03:53,12.202984
2024-05-18 19:03:58,6.014248
2024-05-18 19:04:02,3.658504
2024-05-18 19:04:03,0.35892
2024-05-18 19:04:07,4.024232
2024-05-18 19:04:11,7.55356
2024-05-18 19:04:12,25.419904
2024-05-18 19:04:16,4.013032
2024-05-18 19:04:18,0.001376
2024-05-18 19:04:20,0.00524
2024-05-18 19:04:21,0.080952
2024-05-18 19:04:23,30.947024
2024-05-18 19:04:26,0.006856
2024-05-18 19:04:28,18.905896
2024-05-18 19:04:29,9.309056
2024-05-18 19:04:33,4.013032
2024-05-18 19:04:37,4.02208
2024-05-18 19:04:43,16.925576
2024-05-18 19:04:46,0.00384
2024-05-18 19:04:47,4.016992
2024-05-18 19:04:55,4.017064
2024-05-18 19:05:00,5.448656
2024-05-18 19:05:01,14.14748
2024-05-18 19:05:03,6.91344
2024-05-18 19:05:10,0.033872
2024-05-18 19:05:11,1.97116
2024-05-18 19:05:12,4.36348
2024-05-18 19:05:14,4.900104
2024-05-18 19:05:15,11.932104
2024-05-18 19:05:28,2.008912
2024-05-18 19:05:29,16.915304
2024-05-18 19:05:31,0.012736
2024-05-18 19:05:32,8.551816
2024-05-18 19:05:35,4.017392
2024-05-18 19:05:38,3.027088
2024-05-18 19:05:39,5.566704
2024-05-18 19:05:40,0.020648
2024-05-18 19:05:41,17.48692
2024-05-18 19:05:47,23.807432
2024-05-18 19:05:52,10.508352
2024-05-18 19:05:57,16.627312
2024-05-18 19:05:59,0.056
2024-05-18 19:06:03,7.957472
2024-05-18 19:06:07,4.024736
2024-05-18 19:06:08,24.904448
2024-05-18 19:06:16,1.819392
2024-05-18 19:06:17,26.883536
2024-05-18 19:06:20,0.0594
2024-05-18 19:06:21,3.95348
2024-05-18 19:06:24,0.000784
2024-05-18 19:06:25,2.509352
2024-05-18 19:06:26,1.503688
2024-05-18 19:06:36,3.939888
2024-05-18 19:06:54,2.2062
2024-05-18 19:06:55,1.772992
2024-05-18 19:07:04,2.131688
2024-05-18 19:07:05,3.899496
2024-05-18 19:07:09,0.001376
2024-05-18 19:07:10,1.957176
2024-05-18 19:07:11,12.01676
2024-05-18 19:07:14,0.001288
2024-05-18 19:07:15,14.049056
2024-05-18 19:07:22,8.037976
2024-05-18 19:07:25,0.026616
2024-05-18 19:07:27,2.625224
2024-05-18 19:07:28,30.058336
2024-05-18 19:07:30,0.001376
2024-05-18 19:07:33,4.018184
2024-05-18 19:07:37,0.28608
2024-05-18 19:07:38,5.746608
2024-05-18 19:07:42,4.018488
2024-05-18 19:07:43,20.929992
2024-05-18 19:07:46,0.376352
2024-05-18 19:07:47,29.201128
2024-05-18 19:07:53,13.522568
2024-05-18 19:07:56,0.00192
2024-05-18 19:08:02,6.43476
2024-05-18 19:08:03,6.793304
2024-05-18 19:08:14,0.012736
2024-05-18 19:08:15,4.004688
2024-05-18 19:08:18,8.445976
2024-05-18 19:08:19,16.530208
2024-05-18 19:08:21,2.846688
2024-05-18 19:08:22,3.19032
2024-05-18 19:08:25,17.821512
2024-05-18 19:08:28,8.488128
2024-05-18 19:08:32,25.004808
2024-05-18 19:08:43,2.005744
2024-05-18 19:08:54,16.84944
2024-05-18 19:08:56,3.119272
2024-05-18 19:08:57,3.92908
2024-05-18 19:09:00,4.025512
2024-05-18 19:09:10,10.039496
2024-05-18 19:09:18,25.633408
2024-05-18 19:09:27,27.026616
2024-05-18 19:09:31,8.030296
2024-05-18 19:09:38,19.822712
2024-05-18 19:09:39,10.22536
2024-05-18 19:09:42,12.336744
2024-05-18 19:09:43,0.006264
2024-05-18 19:09:46,13.981088
2024-05-18 19:09:56,2.001744
2024-05-18 19:10:00,3.881104
2024-05-18 19:10:01,14.10072
2024-05-18 19:10:06,4.015408
2024-05-18 19:10:12,24.346256
2024-05-18 19:10:23,10.05976
2024-05-18 19:10:27,3.509896
2024-05-18 19:10:28,0.515608
2024-05-18 19:10:38,0.008352
2024-05-18 19:10:41,12.050856
2024-05-18 19:10:52,4.003896
2024-05-18 19:10:58,21.553608
2024-05-18 19:11:04,0.01444
2024-05-18 19:11:05,11.952128
2024-05-18 19:11:11,5.80048
2024-05-18 19:11:12,2.234336
2024-05-18 19:11:14,25.304848
2024-05-18 19:11:17,4.017416
2024-05-18 19:11:19,4.015864
2024-05-18 19:11:35,4.024224
2024-05-18 19:11:36,0.000784
2024-05-18 19:11:38,19.044688
2024-05-18 19:11:39,6.67008
2024-05-18 19:11:43,19.25736
2024-05-18 19:11:44,2.537152
2024-05-18 19:11:47,4.023232
2024-05-18 19:11:50,0.030608
2024-05-18 19:11:51,3.972296
2024-05-18 19:11:57,19.203848
2024-05-18 19:12:00,4.2856
2024-05-18 19:12:01,1.492496
2024-05-18 19:12:10,0.012736
2024-05-18 19:12:11,8.020736
2024-05-18 19:12:21,4.025808
2024-05-18 19:12:26,0.008112
2024-05-18 19:12:27,3.93548
2024-05-18 19:12:28,19.585472
2024-05-18 19:12:31,4.01224
2024-05-18 19:12:35,4.025016
2024-05-18 19:12:41,25.172904
2024-05-18 19:12:53,6.021072
2024-05-18 19:12:58,3.950232
2024-05-18 19:13:06,4.014744
2024-05-18 19:13:22,1.947192
2024-05-18 19:13:23,25.77072
2024-05-18 19:13:26,4.026248
2024-05-18 19:13:31,9.168128
2024-05-18 19:13:32,12.964256
2024-05-18 19:13:33,2.581288
2024-05-18 19:13:43,2.009576
2024-05-18 19:13:46,24.849168
2024-05-18 19:13:50,4.010024
2024-05-18 19:13:51,24.08728
2024-05-18 19:13:52,0.012736
2024-05-18 19:13:53,0.710624
2024-05-18 19:13:58,8.01024
2024-05-18 19:14:03,21.085872
2024-05-18 19:14:04,1.5186
2024-05-18 19:14:08,4.373832
2024-05-18 19:14:12,21.190376
2024-05-18 19:14:21,4.028016
2024-05-18 19:14:25,4.017624
2024-05-18 19:14:26,20.792072
2024-05-18 19:14:30,2.930032
2024-05-18 19:14:31,3.12168
2024-05-18 19:14:35,12.052664
2024-05-18 19:14:37,4.019776
2024-05-18 19:14:42,4.01444
2024-05-18 19:14:52,4.027136
2024-05-18 19:15:06,4.006776
2024-05-18 19:15:07,13.627816
2024-05-18 19:15:10,0.030592
2024-05-18 19:15:12,9.873232
2024-05-18 19:15:20,0.002352
2024-05-18 19:15:22,7.519424
2024-05-18 19:15:23,8.560448
2024-05-18 19:15:25,0.001288
2024-05-18 19:15:28,4.024608
2024-05-18 19:15:32,8.022928
2024-05-18 19:15:33,0.011192
2024-05-18 19:15:38,8.025384
2024-05-18 19:15:42,0.186168
2024-05-18 19:15:43,9.854328
2024-05-18 19:15:57,9.981368
2024-05-18 19:15:58,15.145424
2024-05-18 19:16:02,4.015696
2024-05-18 19:16:11,0.0024
2024-05-18 19:16:12,16.075632
2024-05-18 19:16:17,4.026112
2024-05-18 19:16:27,4.713488
2024-05-18 19:16:30,16.682264
2024-05-18 19:16:40,2.014424
2024-05-18 19:16:56,6.027408
2024-05-18 19:17:10,0.030624
2024-05-18 19:17:12,0.022936
2024-05-18 19:17:13,7.779864
2024-05-18 19:17:17,18.443816
2024-05-18 19:17:26,4.015064
2024-05-18 19:17:36,3.756824
2024-05-18 19:17:37,0.257416
2024-05-18 19:17:42,4.024648
2024-05-18 19:17:50,0.030624
2024-05-18 19:17:52,3.978584
2024-05-18 19:18:11,4.018512
2024-05-18 19:18:20,24.613176
2024-05-18 19:18:21,1.605944
2024-05-18 19:18:24,0.012736
2024-05-18 19:18:25,8.027208
2024-05-18 19:18:28,4.011936
2024-05-18 19:18:30,0.030608
2024-05-18 19:18:31,3.982584
2024-05-18 19:18:32,25.912184
2024-05-18 19:18:40,4.013504
2024-05-18 19:18:41,8.399288
2024-05-18 19:18:42,0.001232
2024-05-18 19:18:45,28.560064
2024-05-18 19:18:53,25.352808
2024-05-18 19:18:54,12.693768
2024-05-18 19:18:57,7.6928
2024-05-18 19:18:58,4.187032
2024-05-18 19:19:10,0.053296
2024-05-18 19:19:15,0.001376
2024-05-18 19:19:28,0.258592
2024-05-18 19:19:29,8.909872
2024-05-18 19:19:30,0.596216
2024-05-18 19:19:31,0.007328
2024-05-18 19:19:32,0.682256
2024-05-18 19:19:33,0.250616
2024-05-18 19:19:34,1.287288
2024-05-18 19:19:35,11.822136
2024-05-18 19:19:36,13.128232
2024-05-18 19:19:37,8.075936
2024-05-18 19:19:43,0.030824
2024-05-18 19:19:47,3.97048
2024-05-18 19:20:12,0.012792
2024-05-18 19:20:13,4.00756
2024-05-18 19:20:28,25.735296
2024-05-18 19:20:37,4.013312
2024-05-18 19:20:43,2.484432
2024-05-18 19:20:49,43.581608
2024-05-18 19:20:50,3.8864
2024-05-18 19:20:54,20.909136
2024-05-18 19:20:55,1.34692
2024-05-18 19:21:00,23.812464
2024-05-18 19:21:17,5.956576
2024-05-18 19:21:20,0.0606
2024-05-18 19:21:21,3.432072
2024-05-18 19:21:22,0.515608
2024-05-18 19:21:38,4.017304
2024-05-18 19:21:44,27.53412
2024-05-18 19:21:54,2.003872
2024-05-18 19:21:59,8.062776
2024-05-18 19:22:09,4.012656
2024-05-18 19:22:14,4.02864
2024-05-18 19:22:19,3.8546
2024-05-18 19:22:20,4.747408
2024-05-18 19:22:21,20.530696
2024-05-18 19:22:24,4.021608
2024-05-18 19:22:30,11.952104
2024-05-18 19:22:34,6.260856
2024-05-18 19:22:35,27.581336
2024-05-18 19:22:36,8.194216
2024-05-18 19:22:47,2.008808
2024-05-18 19:22:54,2.720728
2024-05-18 19:22:55,26.720112
2024-05-18 19:22:59,4.020872
2024-05-18 19:23:03,2.812
2024-05-18 19:23:04,1.201424
2024-05-18 19:23:19,4.018944
2024-05-18 19:23:27,4.016528
2024-05-18 19:23:34,0.031408
2024-05-18 19:23:38,3.991848
2024-05-18 19:23:40,25.891488
2024-05-18 19:23:51,13.961264
2024-05-18 19:23:53,0.108824
2024-05-18 19:23:54,0.051832
2024-05-18 19:23:58,0.001376
2024-05-18 19:23:59,3.847896
2024-05-18 19:24:00,14.687704
2024-05-18 19:24:01,15.450752
2024-05-18 19:24:12,1.643528
2024-05-18 19:24:13,14.878624
2024-05-18 19:24:14,25.399152
2024-05-18 19:24:26,4.014176
2024-05-18 19:24:39,27.048392
2024-05-18 19:24:43,3.907272
2024-05-18 19:24:44,0.11192
2024-05-18 19:24:45,10.44484
2024-05-18 19:24:49,15.095064
2024-05-18 19:24:50,25.351064
2024-05-18 19:25:04,0.001376
2024-05-18 19:25:05,6.027704
2024-05-18 19:25:09,3.024488
2024-05-18 19:25:10,5.009
2024-05-18 19:25:14,0.0024
2024-05-18 19:25:17,8.013088
2024-05-18 19:25:27,2.129368
2024-05-18 19:25:28,1.887176
2024-05-18 19:25:40,4.022368
2024-05-18 19:25:45,4.369592
2024-05-18 19:25:46,3.68184
2024-05-18 19:25:55,0.012832
2024-05-18 19:25:56,8.01256
2024-05-18 19:25:59,0.001376
2024-05-18 19:26:01,4.005432
2024-05-18 19:26:07,15.721976
2024-05-18 19:26:08,6.425552
2024-05-18 19:26:18,2.001776
2024-05-18 19:26:20,11.630824
2024-05-18 19:26:21,6.62268
2024-05-18 19:26:26,4.017048
2024-05-18 19:26:37,22.414616
2024-05-18 19:26:42,29.159856
2024-05-18 19:26:50,6.344864
2024-05-18 19:26:51,16.295336
2024-05-18 19:26:56,19.131576
2024-05-18 19:26:59,0.972144
2024-05-18 19:27:00,26.82316
2024-05-18 19:27:14,2.002624
2024-05-18 19:27:16,4.025544
2024-05-18 19:27:19,0.45408
2024-05-18 19:27:20,3.561056
2024-05-18 19:27:29,0.012832
2024-05-18 19:27:30,10.03612
2024-05-18 19:27:34,0.043712
2024-05-18 19:27:35,3.977096
2024-05-18 19:27:45,22.398
2024-05-18 19:27:58,2.012584
2024-05-18 19:28:12,4.025088
2024-05-18 19:28:13,18.757864
2024-05-18 19:28:14,1.865712
2024-05-18 19:28:17,3.322584
2024-05-18 19:28:18,1.436456
2024-05-18 19:28:27,1.051288
2024-05-18 19:28:28,2.96728
2024-05-18 19:28:32,4.015944
2024-05-18 19:28:34,10.873312
2024-05-18 19:28:38,18.565552
2024-05-18 19:28:43,4.61664
2024-05-18 19:28:44,15.224496
2024-05-18 19:28:53,2.0048
2024-05-18 19:29:01,1.567704
