time,mbps
2024-07-08 18:06:47,0.127736
2024-07-08 18:06:48,0.007856
2024-07-08 18:06:49,0.00632
2024-07-08 18:06:50,0.034256
2024-07-08 18:06:51,0.029512
2024-07-08 18:06:52,0.024992
2024-07-08 18:06:53,0.060888
2024-07-08 18:06:54,0.05368
2024-07-08 18:06:55,0.036096
2024-07-08 18:06:56,0.04056
2024-07-08 18:06:57,0.306744
2024-07-08 18:06:58,0.03708
2024-07-08 18:06:59,0.031912
2024-07-08 18:07:00,0.041344
2024-07-08 18:07:01,0.236584
2024-07-08 18:07:02,0.052976
2024-07-08 18:07:03,0.051808
2024-07-08 18:07:04,0.046544
2024-07-08 18:07:05,0.05108
2024-07-08 18:07:06,0.071944
2024-07-08 18:07:07,0.048672
2024-07-08 18:07:08,0.051864
2024-07-08 18:07:09,0.043232
2024-07-08 18:07:10,0.075224
2024-07-08 18:07:11,0.055072
2024-07-08 18:07:12,0.041376
2024-07-08 18:07:13,0.043864
2024-07-08 18:07:14,0.043608
2024-07-08 18:07:15,0.037648
2024-07-08 18:07:16,0.045544
2024-07-08 18:07:17,0.051512
2024-07-08 18:07:18,0.042728
2024-07-08 18:07:19,0.049048
2024-07-08 18:07:20,0.04956
2024-07-08 18:07:21,0.045584
2024-07-08 18:07:22,0.048664
2024-07-08 18:07:23,0.059624
2024-07-08 18:07:24,0.046976
2024-07-08 18:07:25,0.055352
2024-07-08 18:07:26,0.04624
2024-07-08 18:07:27,0.057288
2024-07-08 18:07:28,0.052856
2024-07-08 18:07:29,0.054744
2024-07-08 18:07:30,0.0604
2024-07-08 18:07:31,0.072144
2024-07-08 18:07:32,0.058
2024-07-08 18:07:33,0.065048
2024-07-08 18:07:34,0.062848
2024-07-08 18:07:35,0.051264
2024-07-08 18:07:36,0.057352
2024-07-08 18:07:37,0.05136
2024-07-08 18:07:38,0.069232
2024-07-08 18:07:39,0.056936
2024-07-08 18:07:40,0.086536
2024-07-08 18:07:41,0.068384
2024-07-08 18:07:42,0.089728
2024-07-08 18:07:43,0.075504
2024-07-08 18:07:44,0.067832
2024-07-08 18:07:45,0.066904
2024-07-08 18:07:46,0.060736
2024-07-08 18:07:47,0.035824
2024-07-08 18:07:48,0.046768
2024-07-08 18:07:49,0.052856
2024-07-08 18:07:50,0.065416
2024-07-08 18:07:51,0.052
2024-07-08 18:07:52,0.045312
2024-07-08 18:07:53,0.039464
2024-07-08 18:07:54,0.052064
2024-07-08 18:07:55,0.05196
2024-07-08 18:07:56,0.053432
2024-07-08 18:07:57,0.035864
2024-07-08 18:07:58,0.03868
2024-07-08 18:07:59,0.036704
2024-07-08 18:08:00,0.067392
2024-07-08 18:08:01,0.085456
2024-07-08 18:08:02,0.068168
2024-07-08 18:08:03,0.058096
2024-07-08 18:08:04,0.04792
2024-07-08 18:08:05,0.074928
2024-07-08 18:08:06,0.084304
2024-07-08 18:08:07,0.062832
2024-07-08 18:08:08,0.07348
2024-07-08 18:08:09,0.04964
2024-07-08 18:08:10,0.070424
2024-07-08 18:08:11,0.050992
2024-07-08 18:08:12,0.05528
2024-07-08 18:08:13,0.055816
2024-07-08 18:08:14,0.038144
2024-07-08 18:08:15,0.052992
2024-07-08 18:08:16,0.05576
2024-07-08 18:08:17,0.047928
2024-07-08 18:08:18,0.047536
2024-07-08 18:08:19,0.050016
2024-07-08 18:08:20,0.042496
2024-07-08 18:08:21,0.049232
2024-07-08 18:08:22,0.037968
2024-07-08 18:08:23,0.044512
2024-07-08 18:08:24,0.051592
2024-07-08 18:08:25,0.047488
2024-07-08 18:08:26,0.05264
2024-07-08 18:08:27,0.062248
2024-07-08 18:08:28,0.055952
2024-07-08 18:08:29,0.055232
2024-07-08 18:08:30,0.119784
2024-07-08 18:08:31,0.089336
2024-07-08 18:08:32,0.101832
2024-07-08 18:08:33,0.087536
2024-07-08 18:08:34,0.08972
2024-07-08 18:08:35,0.093344
2024-07-08 18:08:36,0.094624
2024-07-08 18:08:37,0.094808
2024-07-08 18:08:38,0.094216
2024-07-08 18:08:39,0.115112
2024-07-08 18:08:40,0.105368
2024-07-08 18:08:41,0.118768
2024-07-08 18:08:42,0.111528
2024-07-08 18:08:43,0.18852
2024-07-08 18:08:44,0.117256
2024-07-08 18:08:45,0.110688
2024-07-08 18:08:46,0.121528
2024-07-08 18:08:47,0.117128
2024-07-08 18:08:48,0.11476
2024-07-08 18:08:49,0.1198
2024-07-08 18:08:50,0.104728
2024-07-08 18:08:51,0.12192
2024-07-08 18:08:52,0.127552
2024-07-08 18:08:53,0.108568
2024-07-08 18:08:54,0.116792
2024-07-08 18:08:55,0.10596
2024-07-08 18:08:56,0.12752
2024-07-08 18:08:57,0.122752
2024-07-08 18:08:58,0.118928
2024-07-08 18:08:59,0.128352
2024-07-08 18:09:00,0.13156
2024-07-08 18:09:01,0.172984
2024-07-08 18:09:02,0.150768
2024-07-08 18:09:03,0.150392
2024-07-08 18:09:04,0.130792
2024-07-08 18:09:05,0.16316
2024-07-08 18:09:06,0.153192
2024-07-08 18:09:07,0.156928
2024-07-08 18:09:08,0.159008
2024-07-08 18:09:09,0.148832
2024-07-08 18:09:10,0.174672
2024-07-08 18:09:11,0.147088
2024-07-08 18:09:12,0.148832
2024-07-08 18:09:13,0.132176
2024-07-08 18:09:14,0.148024
2024-07-08 18:09:15,0.132976
2024-07-08 18:09:16,0.135096
2024-07-08 18:09:17,0.109504
2024-07-08 18:09:18,0.113336
2024-07-08 18:09:19,0.109976
2024-07-08 18:09:20,0.147744
2024-07-08 18:09:21,0.119256
2024-07-08 18:09:22,0.113952
2024-07-08 18:09:23,0.141872
2024-07-08 18:09:24,0.122816
2024-07-08 18:09:25,0.118256
2024-07-08 18:09:26,0.123024
2024-07-08 18:09:27,0.118872
2024-07-08 18:09:28,0.116192
2024-07-08 18:09:29,0.114424
2024-07-08 18:09:30,0.112312
2024-07-08 18:09:31,0.134776
2024-07-08 18:09:32,0.175744
2024-07-08 18:09:33,0.171288
2024-07-08 18:09:34,0.160232
2024-07-08 18:09:35,0.157336
2024-07-08 18:09:36,0.15804
2024-07-08 18:09:37,0.154544
2024-07-08 18:09:38,0.149368
2024-07-08 18:09:39,0.140928
2024-07-08 18:09:40,0.135128
2024-07-08 18:09:41,0.121184
2024-07-08 18:09:42,0.1198
2024-07-08 18:09:43,0.105168
2024-07-08 18:09:44,0.11928
2024-07-08 18:09:45,0.112296
2024-07-08 18:09:46,0.167872
2024-07-08 18:09:47,0.178992
2024-07-08 18:09:48,0.16104
2024-07-08 18:09:49,0.138128
2024-07-08 18:09:50,0.156824
2024-07-08 18:09:51,0.158448
2024-07-08 18:09:52,0.124128
2024-07-08 18:09:53,0.119848
2024-07-08 18:09:54,0.113272
2024-07-08 18:09:55,0.116008
2024-07-08 18:09:56,0.110952
2024-07-08 18:09:57,0.111576
2024-07-08 18:09:58,0.146384
2024-07-08 18:09:59,0.14684
2024-07-08 18:10:00,0.146648
2024-07-08 18:10:01,0.176496
2024-07-08 18:10:02,0.145384
2024-07-08 18:10:03,0.140312
2024-07-08 18:10:04,0.116472
2024-07-08 18:10:05,0.119248
2024-07-08 18:10:06,0.141848
2024-07-08 18:10:07,0.132896
2024-07-08 18:10:08,0.130936
2024-07-08 18:10:09,0.113184
2024-07-08 18:10:10,0.121376
2024-07-08 18:10:11,0.122648
2024-07-08 18:10:12,0.095096
2024-07-08 18:10:13,0.110928
2024-07-08 18:10:14,0.19284
2024-07-08 18:10:15,0.172584
2024-07-08 18:10:16,0.177472
2024-07-08 18:10:17,0.149096
2024-07-08 18:10:18,0.148944
2024-07-08 18:10:19,0.141688
2024-07-08 18:10:20,0.1606
2024-07-08 18:10:21,0.143288
2024-07-08 18:10:22,0.12268
2024-07-08 18:10:23,0.137152
2024-07-08 18:10:24,0.131424
2024-07-08 18:10:25,0.129936
2024-07-08 18:10:26,0.12632
2024-07-08 18:10:27,0.109912
2024-07-08 18:10:28,0.112352
2024-07-08 18:10:29,0.1212
2024-07-08 18:10:30,0.143648
2024-07-08 18:10:31,0.137368
2024-07-08 18:10:32,0.177888
2024-07-08 18:10:33,0.154856
2024-07-08 18:10:34,0.16708
2024-07-08 18:10:35,0.18144
2024-07-08 18:10:36,0.188568
2024-07-08 18:10:37,0.13652
2024-07-08 18:10:38,0.135192
2024-07-08 18:10:39,0.13416
2024-07-08 18:10:40,0.164024
2024-07-08 18:10:41,0.13636
2024-07-08 18:10:42,0.1342
2024-07-08 18:10:43,0.129024
2024-07-08 18:10:44,0.118136
2024-07-08 18:10:45,0.115264
2024-07-08 18:10:46,0.140328
2024-07-08 18:10:47,0.133424
2024-07-08 18:10:48,0.126608
2024-07-08 18:10:49,0.138328
2024-07-08 18:10:50,0.166336
2024-07-08 18:10:51,0.19308
2024-07-08 18:10:52,0.145256
2024-07-08 18:10:53,0.122464
2024-07-08 18:10:54,0.216816
2024-07-08 18:10:55,0.158432
2024-07-08 18:10:56,0.158256
2024-07-08 18:10:57,0.143432
2024-07-08 18:10:58,0.12728
2024-07-08 18:10:59,0.121296
2024-07-08 18:11:00,0.137552
2024-07-08 18:11:01,0.178032
2024-07-08 18:11:02,0.133848
2024-07-08 18:11:03,0.111528
2024-07-08 18:11:04,0.13964
2024-07-08 18:11:05,0.144352
2024-07-08 18:11:06,0.148208
2024-07-08 18:11:07,0.170552
2024-07-08 18:11:08,0.172144
2024-07-08 18:11:09,0.135864
2024-07-08 18:11:10,0.12752
2024-07-08 18:11:11,0.150712
2024-07-08 18:11:12,0.13832
2024-07-08 18:11:13,0.124456
2024-07-08 18:11:14,0.127888
2024-07-08 18:11:15,0.141928
2024-07-08 18:11:16,0.162736
2024-07-08 18:11:17,0.166768
2024-07-08 18:11:18,0.161096
2024-07-08 18:11:19,0.130904
2024-07-08 18:11:20,0.126624
2024-07-08 18:11:21,0.118832
2024-07-08 18:11:22,0.110944
2024-07-08 18:11:23,0.118744
2024-07-08 18:11:24,0.121032
2024-07-08 18:11:25,0.122808
2024-07-08 18:11:26,0.117192
2024-07-08 18:11:27,0.115592
2024-07-08 18:11:28,0.122952
2024-07-08 18:11:29,0.128304
2024-07-08 18:11:30,0.126672
2024-07-08 18:11:31,0.140032
2024-07-08 18:11:32,0.150032
2024-07-08 18:11:33,0.156664
2024-07-08 18:11:34,0.149344
2024-07-08 18:11:35,0.12128
2024-07-08 18:11:36,0.124128
2024-07-08 18:11:37,0.113704
2024-07-08 18:11:38,0.1226
2024-07-08 18:11:39,0.147672
2024-07-08 18:11:40,0.12956
2024-07-08 18:11:41,0.10004
2024-07-08 18:11:42,0.13208
2024-07-08 18:11:43,0.1236
2024-07-08 18:11:44,0.114064
2024-07-08 18:11:45,0.111288
2024-07-08 18:11:46,0.11516
2024-07-08 18:11:47,0.1254
2024-07-08 18:11:48,0.137568
2024-07-08 18:11:49,0.125224
2024-07-08 18:11:50,0.119768
2024-07-08 18:11:51,0.127
2024-07-08 18:11:52,0.119688
2024-07-08 18:11:53,0.029096
2024-07-08 18:11:54,0.115424
2024-07-08 18:11:55,0.069152
2024-07-08 18:11:56,0.078296
2024-07-08 18:11:57,0.120304
2024-07-08 18:11:58,0.09624
2024-07-08 18:11:59,0.099616
2024-07-08 18:12:00,0.103904
2024-07-08 18:12:01,0.129168
2024-07-08 18:12:02,0.115208
2024-07-08 18:12:03,0.153736
2024-07-08 18:12:04,0.125176
2024-07-08 18:12:05,0.139152
2024-07-08 18:12:06,0.125856
2024-07-08 18:12:07,0.1352
2024-07-08 18:12:08,0.129832
2024-07-08 18:12:09,0.137104
2024-07-08 18:12:10,0.1346
2024-07-08 18:12:11,0.134304
2024-07-08 18:12:12,0.111752
2024-07-08 18:12:13,0.1284
2024-07-08 18:12:14,0.08312
2024-07-08 18:12:15,0.083408
2024-07-08 18:12:16,0.089952
2024-07-08 18:12:17,0.082
2024-07-08 18:12:18,0.094048
2024-07-08 18:12:19,0.0936
2024-07-08 18:12:20,0.08884
2024-07-08 18:12:21,0.104568
2024-07-08 18:12:22,0.121864
2024-07-08 18:12:23,0.087664
2024-07-08 18:12:24,0.104112
2024-07-08 18:12:25,0.092352
2024-07-08 18:12:26,0.150112
2024-07-08 18:12:27,0.136744
2024-07-08 18:12:28,0.120152
2024-07-08 18:12:29,0.10476
2024-07-08 18:12:30,0.112472
2024-07-08 18:12:31,0.126664
2024-07-08 18:12:32,0.146448
2024-07-08 18:12:33,0.13348
2024-07-08 18:12:34,0.132512
2024-07-08 18:12:35,0.182176
2024-07-08 18:12:36,0.151472
2024-07-08 18:12:37,0.15752
2024-07-08 18:12:38,0.15256
2024-07-08 18:12:39,0.169352
2024-07-08 18:12:40,0.168768
2024-07-08 18:12:41,0.19492
2024-07-08 18:12:42,0.191608
2024-07-08 18:12:43,0.16352
2024-07-08 18:12:44,0.161248
2024-07-08 18:12:45,0.167528
2024-07-08 18:12:46,0.164312
2024-07-08 18:12:47,0.165848
2024-07-08 18:12:48,0.14632
2024-07-08 18:12:49,0.138664
2024-07-08 18:12:50,0.144064
2024-07-08 18:12:51,0.141992
2024-07-08 18:12:52,0.130048
2024-07-08 18:12:53,0.13636
2024-07-08 18:12:54,0.139096
2024-07-08 18:12:55,0.131712
2024-07-08 18:12:56,0.119
2024-07-08 18:12:57,0.138296
2024-07-08 18:12:58,0.152944
2024-07-08 18:12:59,0.179136
2024-07-08 18:13:00,0.14688
2024-07-08 18:13:01,0.180448
2024-07-08 18:13:02,0.152544
2024-07-08 18:13:03,0.16644
2024-07-08 18:13:04,0.124672
2024-07-08 18:13:05,0.152424
2024-07-08 18:13:06,0.138856
2024-07-08 18:13:07,0.15944
2024-07-08 18:13:08,0.179464
2024-07-08 18:13:09,0.174384
2024-07-08 18:13:10,0.143168
2024-07-08 18:13:11,0.153472
2024-07-08 18:13:12,0.144272
2024-07-08 18:13:13,0.146512
2024-07-08 18:13:14,0.145184
2024-07-08 18:13:15,0.126056
2024-07-08 18:13:16,0.13264
2024-07-08 18:13:17,0.129464
2024-07-08 18:13:18,0.135656
2024-07-08 18:13:19,0.128256
2024-07-08 18:13:20,0.155264
2024-07-08 18:13:21,0.137352
2024-07-08 18:13:22,0.165304
2024-07-08 18:13:23,0.111824
2024-07-08 18:13:24,0.11108
2024-07-08 18:13:25,0.114824
2024-07-08 18:13:26,0.129792
2024-07-08 18:13:27,0.137768
2024-07-08 18:13:28,0.12216
2024-07-08 18:13:29,0.165696
2024-07-08 18:13:30,0.207568
2024-07-08 18:13:31,0.165512
2024-07-08 18:13:32,0.106712
2024-07-08 18:13:33,0.117376
2024-07-08 18:13:34,0.151672
2024-07-08 18:13:35,0.163392
2024-07-08 18:13:36,0.17992
2024-07-08 18:13:37,0.179744
2024-07-08 18:13:38,0.160528
2024-07-08 18:13:39,0.17948
2024-07-08 18:13:40,0.167472
2024-07-08 18:13:41,0.18224
2024-07-08 18:13:42,0.180024
2024-07-08 18:13:43,0.203208
2024-07-08 18:13:44,0.22536
2024-07-08 18:13:45,0.212416
2024-07-08 18:13:46,0.169432
2024-07-08 18:13:47,0.157008
2024-07-08 18:13:48,0.15808
2024-07-08 18:13:49,0.156616
2024-07-08 18:13:50,0.182248
2024-07-08 18:13:51,0.16904
2024-07-08 18:13:52,0.156544
2024-07-08 18:13:53,0.175656
2024-07-08 18:13:54,0.132248
2024-07-08 18:13:55,0.129728
2024-07-08 18:13:56,0.122472
2024-07-08 18:13:57,0.109464
2024-07-08 18:13:58,0.123016
2024-07-08 18:13:59,0.128224
2024-07-08 18:14:00,0.118944
2024-07-08 18:14:01,0.161528
2024-07-08 18:14:02,0.14112
2024-07-08 18:14:03,0.15892
2024-07-08 18:14:04,0.151896
2024-07-08 18:14:05,0.17392
2024-07-08 18:14:06,0.172648
2024-07-08 18:14:07,0.189536
2024-07-08 18:14:08,0.169888
2024-07-08 18:14:09,0.183272
2024-07-08 18:14:10,0.154944
2024-07-08 18:14:11,0.142896
2024-07-08 18:14:12,0.127744
2024-07-08 18:14:13,0.134264
2024-07-08 18:14:14,0.10756
2024-07-08 18:14:15,0.10856
2024-07-08 18:14:16,0.127184
2024-07-08 18:14:17,0.12084
2024-07-08 18:14:18,0.117008
2024-07-08 18:14:19,0.13176
2024-07-08 18:14:20,0.108816
2024-07-08 18:14:21,0.113888
2024-07-08 18:14:22,0.11476
2024-07-08 18:14:23,0.10076
2024-07-08 18:14:24,0.098048
2024-07-08 18:14:25,0.119688
2024-07-08 18:14:26,0.117576
2024-07-08 18:14:27,0.142552
2024-07-08 18:14:28,0.133808
2024-07-08 18:14:29,0.131848
2024-07-08 18:14:30,0.150808
2024-07-08 18:14:31,0.156576
2024-07-08 18:14:32,0.1488
2024-07-08 18:14:33,0.149632
2024-07-08 18:14:34,0.162704
2024-07-08 18:14:35,0.167888
2024-07-08 18:14:36,0.18556
2024-07-08 18:14:37,0.140352
2024-07-08 18:14:38,0.14436
2024-07-08 18:14:39,0.137288
2024-07-08 18:14:40,0.17408
2024-07-08 18:14:41,0.152096
2024-07-08 18:14:42,0.168
2024-07-08 18:14:43,0.142728
2024-07-08 18:14:44,0.127936
2024-07-08 18:14:45,0.118112
2024-07-08 18:14:46,0.111992
2024-07-08 18:14:47,0.100208
2024-07-08 18:14:48,0.129928
2024-07-08 18:14:49,0.110056
2024-07-08 18:14:50,0.123264
2024-07-08 18:14:51,0.11496
2024-07-08 18:14:52,0.107568
2024-07-08 18:14:53,0.081008
2024-07-08 18:14:54,0.081168
2024-07-08 18:14:55,0.124432
2024-07-08 18:14:56,0.1188
2024-07-08 18:14:57,0.07504
2024-07-08 18:14:58,0.13704
2024-07-08 18:14:59,0.136688
2024-07-08 18:15:00,0.144672
2024-07-08 18:15:01,0.2212
2024-07-08 18:15:02,0.185408
2024-07-08 18:15:03,0.168104
2024-07-08 18:15:04,0.127536
2024-07-08 18:15:05,0.139496
2024-07-08 18:15:06,0.179208
2024-07-08 18:15:07,0.146336
2024-07-08 18:15:08,0.154544
2024-07-08 18:15:09,0.151248
2024-07-08 18:15:10,0.139952
2024-07-08 18:15:11,0.164296
2024-07-08 18:15:12,0.15844
2024-07-08 18:15:13,0.18108
2024-07-08 18:15:14,0.139808
2024-07-08 18:15:15,0.134464
2024-07-08 18:15:16,0.128936
2024-07-08 18:15:17,0.128592
2024-07-08 18:15:18,0.146272
2024-07-08 18:15:19,0.13088
2024-07-08 18:15:20,0.1256
2024-07-08 18:15:21,0.116848
2024-07-08 18:15:22,0.13188
2024-07-08 18:15:23,0.15164
2024-07-08 18:15:24,0.165136
2024-07-08 18:15:25,0.154848
2024-07-08 18:15:26,0.21232
2024-07-08 18:15:27,0.203016
2024-07-08 18:15:28,0.168048
2024-07-08 18:15:29,0.188952
2024-07-08 18:15:30,0.12964
2024-07-08 18:15:31,0.13576
2024-07-08 18:15:32,0.140576
2024-07-08 18:15:33,0.15408
2024-07-08 18:15:34,0.137752
2024-07-08 18:15:35,0.12384
2024-07-08 18:15:36,0.124368
2024-07-08 18:15:37,0.157376
2024-07-08 18:15:38,0.129736
2024-07-08 18:15:39,0.13284
2024-07-08 18:15:40,0.123328
2024-07-08 18:15:41,0.124184
2024-07-08 18:15:42,0.107112
2024-07-08 18:15:43,0.12048
2024-07-08 18:15:44,0.132528
2024-07-08 18:15:45,0.117776
2024-07-08 18:15:46,0.106464
2024-07-08 18:15:47,0.111608
2024-07-08 18:15:48,0.111096
2024-07-08 18:15:49,0.107056
2024-07-08 18:15:50,0.119512
2024-07-08 18:15:51,0.112088
2024-07-08 18:15:52,0.108336
2024-07-08 18:15:53,0.092736
2024-07-08 18:15:54,0.104912
2024-07-08 18:15:55,0.108312
2024-07-08 18:15:56,0.116472
2024-07-08 18:15:57,0.105744
2024-07-08 18:15:58,0.08904
2024-07-08 18:15:59,0.082064
2024-07-08 18:16:00,0.081312
2024-07-08 18:16:01,0.139096
2024-07-08 18:16:02,0.115168
2024-07-08 18:16:03,0.121912
2024-07-08 18:16:04,0.135168
2024-07-08 18:16:05,0.129344
2024-07-08 18:16:06,0.14484
2024-07-08 18:16:07,0.177728
2024-07-08 18:16:08,0.181752
2024-07-08 18:16:09,0.144472
2024-07-08 18:16:10,0.153536
2024-07-08 18:16:11,0.146352
2024-07-08 18:16:12,0.140736
2024-07-08 18:16:13,0.138704
2024-07-08 18:16:14,0.12748
2024-07-08 18:16:15,0.126544
2024-07-08 18:16:16,0.149792
2024-07-08 18:16:17,0.166184
2024-07-08 18:16:18,0.131208
2024-07-08 18:16:19,0.1212
2024-07-08 18:16:20,0.109344
2024-07-08 18:16:21,0.09884
2024-07-08 18:16:22,0.122096
2024-07-08 18:16:23,0.111952
2024-07-08 18:16:24,0.133728
2024-07-08 18:16:25,0.131448
2024-07-08 18:16:26,0.127936
2024-07-08 18:16:27,0.11068
2024-07-08 18:16:28,0.100008
2024-07-08 18:16:29,0.096784
2024-07-08 18:16:30,0.138896
2024-07-08 18:16:31,0.146864
2024-07-08 18:16:32,0.1342
2024-07-08 18:16:33,0.150672
2024-07-08 18:16:34,0.133264
2024-07-08 18:16:35,0.159232
2024-07-08 18:16:36,0.160376
2024-07-08 18:16:37,0.221464
2024-07-08 18:16:38,0.133544
2024-07-08 18:16:39,0.158976
2024-07-08 18:16:40,0.17644
2024-07-08 18:16:41,0.156792
2024-07-08 18:16:42,0.165592
2024-07-08 18:16:43,0.135248
2024-07-08 18:16:44,0.125176
2024-07-08 18:16:45,0.126512
2024-07-08 18:16:46,0.141448
2024-07-08 18:16:47,0.136928
2024-07-08 18:16:48,0.11876
2024-07-08 18:16:49,0.131848
2024-07-08 18:16:50,0.122712
2024-07-08 18:16:51,0.105168
2024-07-08 18:16:52,0.111448
2024-07-08 18:16:53,0.118952
2024-07-08 18:16:54,0.111128
2024-07-08 18:16:55,0.120112
2024-07-08 18:16:56,0.088296
2024-07-08 18:16:57,0.095792
2024-07-08 18:16:58,0.110536
2024-07-08 18:16:59,0.136488
2024-07-08 18:17:00,0.17132
2024-07-08 18:17:01,0.192216
2024-07-08 18:17:02,0.210864
2024-07-08 18:17:03,0.170912
2024-07-08 18:17:04,0.17152
2024-07-08 18:17:05,0.191256
2024-07-08 18:17:06,0.160176
2024-07-08 18:17:07,0.188216
2024-07-08 18:17:08,0.165632
2024-07-08 18:17:09,0.1858
2024-07-08 18:17:10,0.165544
2024-07-08 18:17:11,0.155016
2024-07-08 18:17:12,0.153688
2024-07-08 18:17:13,0.174448
2024-07-08 18:17:14,0.145224
2024-07-08 18:17:15,0.141648
2024-07-08 18:17:16,0.153976
2024-07-08 18:17:17,0.158008
2024-07-08 18:17:18,0.143976
2024-07-08 18:17:19,0.156504
2024-07-08 18:17:20,0.123176
2024-07-08 18:17:21,0.122024
2024-07-08 18:17:22,0.109592
2024-07-08 18:17:23,0.110376
2024-07-08 18:17:24,0.118816
2024-07-08 18:17:25,0.130208
2024-07-08 18:17:26,0.113696
2024-07-08 18:17:27,0.1214
2024-07-08 18:17:28,0.1226
2024-07-08 18:17:29,0.076352
2024-07-08 18:17:30,0.254536
2024-07-08 18:17:31,0.246736
2024-07-08 18:17:32,0.192056
2024-07-08 18:17:33,0.172416
2024-07-08 18:17:34,0.168192
2024-07-08 18:17:35,0.157608
2024-07-08 18:17:36,0.189448
2024-07-08 18:17:37,0.203536
2024-07-08 18:17:38,0.174928
2024-07-08 18:17:39,0.125352
2024-07-08 18:17:40,0.101488
2024-07-08 18:17:41,0.131456
2024-07-08 18:17:42,0.115488
2024-07-08 18:17:43,0.099936
2024-07-08 18:17:44,0.146608
2024-07-08 18:17:45,0.106392
2024-07-08 18:17:46,0.10088
2024-07-08 18:17:47,0.1194
2024-07-08 18:17:48,0.111896
2024-07-08 18:17:49,0.118752
2024-07-08 18:17:50,0.10048
2024-07-08 18:17:51,0.092464
2024-07-08 18:17:52,0.1004
2024-07-08 18:17:53,0.103112
2024-07-08 18:17:54,0.090024
2024-07-08 18:17:55,0.098096
2024-07-08 18:17:56,0.099672
2024-07-08 18:17:57,0.106456
2024-07-08 18:17:58,0.115272
2024-07-08 18:17:59,0.139544
2024-07-08 18:18:00,0.097256
2024-07-08 18:18:01,0.174216
2024-07-08 18:18:02,0.150704
2024-07-08 18:18:03,0.19044
2024-07-08 18:18:04,0.174304
2024-07-08 18:18:05,0.142744
2024-07-08 18:18:06,0.152808
2024-07-08 18:18:07,0.14544
2024-07-08 18:18:08,0.13272
2024-07-08 18:18:09,0.119936
2024-07-08 18:18:10,0.127008
2024-07-08 18:18:11,0.119112
2024-07-08 18:18:12,0.125712
2024-07-08 18:18:13,0.112728
2024-07-08 18:18:14,0.110056
2024-07-08 18:18:15,0.112672
2024-07-08 18:18:16,0.141304
2024-07-08 18:18:17,0.165944
2024-07-08 18:18:18,0.173768
2024-07-08 18:18:19,0.188896
2024-07-08 18:18:20,0.1566
2024-07-08 18:18:21,0.12612
2024-07-08 18:18:22,0.119224
2024-07-08 18:18:23,0.13632
2024-07-08 18:18:24,0.14996
2024-07-08 18:18:25,0.143584
2024-07-08 18:18:26,0.169664
2024-07-08 18:18:27,0.17016
2024-07-08 18:18:28,0.177896
2024-07-08 18:18:29,0.168344
2024-07-08 18:18:30,0.222512
2024-07-08 18:18:31,0.252584
2024-07-08 18:18:32,0.26264
2024-07-08 18:18:33,0.26332
2024-07-08 18:18:34,0.27976
2024-07-08 18:18:35,0.217448
2024-07-08 18:18:36,0.188512
2024-07-08 18:18:37,0.195464
2024-07-08 18:18:38,0.196416
2024-07-08 18:18:39,0.165768
2024-07-08 18:18:40,0.15148
2024-07-08 18:18:41,0.13304
2024-07-08 18:18:42,0.142424
2024-07-08 18:18:43,0.135744
2024-07-08 18:18:44,0.139416
2024-07-08 18:18:45,0.138032
2024-07-08 18:18:46,0.136848
2024-07-08 18:18:47,0.105672
2024-07-08 18:18:48,0.137168
2024-07-08 18:18:49,0.140896
2024-07-08 18:18:50,0.154448
2024-07-08 18:18:51,0.12868
2024-07-08 18:18:52,0.13204
2024-07-08 18:18:53,0.192864
2024-07-08 18:18:54,0.182048
2024-07-08 18:18:55,0.152536
2024-07-08 18:18:56,0.14688
2024-07-08 18:18:57,0.112208
2024-07-08 18:18:58,0.111584
2024-07-08 18:18:59,0.141216
2024-07-08 18:19:00,0.141176
2024-07-08 18:19:01,0.200728
2024-07-08 18:19:02,0.16664
2024-07-08 18:19:03,0.17996
2024-07-08 18:19:04,0.21824
2024-07-08 18:19:05,0.1736
2024-07-08 18:19:06,0.167544
2024-07-08 18:19:07,0.147592
2024-07-08 18:19:08,0.166752
2024-07-08 18:19:09,0.203312
2024-07-08 18:19:10,0.214368
2024-07-08 18:19:11,0.18416
2024-07-08 18:19:12,0.213544
2024-07-08 18:19:13,0.188192
2024-07-08 18:19:14,0.182112
2024-07-08 18:19:15,0.143752
2024-07-08 18:19:16,0.153328
2024-07-08 18:19:17,0.146808
2024-07-08 18:19:18,0.14432
2024-07-08 18:19:19,0.165768
2024-07-08 18:19:20,0.111416
2024-07-08 18:19:21,0.100264
2024-07-08 18:19:22,0.096976
2024-07-08 18:19:23,0.06832
2024-07-08 18:19:24,0.065696
2024-07-08 18:19:25,0.081304
2024-07-08 18:19:26,0.078688
2024-07-08 18:19:27,0.08712
2024-07-08 18:19:28,0.113144
2024-07-08 18:19:29,0.131832
2024-07-08 18:19:30,0.134984
2024-07-08 18:19:31,0.180056
2024-07-08 18:19:32,0.163384
2024-07-08 18:19:33,0.149168
2024-07-08 18:19:34,0.150912
2024-07-08 18:19:35,0.149288
2024-07-08 18:19:36,0.153856
2024-07-08 18:19:37,0.145992
2024-07-08 18:19:38,0.1284
2024-07-08 18:19:39,0.124232
2024-07-08 18:19:40,0.121256
2024-07-08 18:19:41,0.115488
2024-07-08 18:19:42,0.095952
2024-07-08 18:19:43,0.110992
2024-07-08 18:19:44,0.0998
2024-07-08 18:19:45,0.105968
2024-07-08 18:19:46,0.074592
2024-07-08 18:19:47,0.076576
2024-07-08 18:19:48,0.075544
2024-07-08 18:19:49,0.09324
2024-07-08 18:19:50,0.085792
2024-07-08 18:19:51,0.075448
2024-07-08 18:19:52,0.090536
2024-07-08 18:19:53,0.102928
2024-07-08 18:19:54,0.102696
2024-07-08 18:19:55,0.110024
2024-07-08 18:19:56,0.108544
2024-07-08 18:19:57,0.122088
2024-07-08 18:19:58,0.113424
2024-07-08 18:19:59,0.12676
2024-07-08 18:20:00,0.180544
2024-07-08 18:20:01,0.211968
2024-07-08 18:20:02,0.158496
2024-07-08 18:20:03,0.168968
2024-07-08 18:20:04,0.16728
2024-07-08 18:20:05,0.16676
2024-07-08 18:20:06,0.189816
2024-07-08 18:20:07,0.186216
2024-07-08 18:20:08,0.1638
2024-07-08 18:20:09,0.192464
2024-07-08 18:20:10,0.154456
2024-07-08 18:20:11,0.172976
2024-07-08 18:20:12,0.154024
2024-07-08 18:20:13,0.142008
2024-07-08 18:20:14,0.149936
2024-07-08 18:20:15,0.14596
2024-07-08 18:20:16,0.144736
2024-07-08 18:20:17,0.220728
2024-07-08 18:20:18,0.219368
2024-07-08 18:20:19,0.169568
2024-07-08 18:20:20,0.183832
2024-07-08 18:20:21,0.185232
2024-07-08 18:20:22,0.17852
2024-07-08 18:20:23,0.164976
2024-07-08 18:20:24,0.1208
2024-07-08 18:20:25,0.103768
2024-07-08 18:20:26,0.102064
2024-07-08 18:20:27,0.112976
2024-07-08 18:20:28,0.10616
2024-07-08 18:20:29,0.147264
2024-07-08 18:20:30,0.13692
2024-07-08 18:20:31,0.160992
2024-07-08 18:20:32,0.15504
2024-07-08 18:20:33,0.153416
2024-07-08 18:20:34,0.12844
2024-07-08 18:20:35,0.148064
2024-07-08 18:20:36,0.151344
2024-07-08 18:20:37,0.165992
2024-07-08 18:20:38,0.13708
2024-07-08 18:20:39,0.127312
2024-07-08 18:20:40,0.133432
2024-07-08 18:20:41,0.12844
2024-07-08 18:20:42,0.118024
2024-07-08 18:20:43,0.11008
2024-07-08 18:20:44,0.14092
2024-07-08 18:20:45,0.154128
2024-07-08 18:20:46,0.122496
2024-07-08 18:20:47,0.157296
2024-07-08 18:20:48,0.154504
2024-07-08 18:20:49,0.120288
2024-07-08 18:20:50,0.133408
2024-07-08 18:20:51,0.127456
2024-07-08 18:20:52,0.162048
2024-07-08 18:20:53,0.133128
2024-07-08 18:20:54,0.111688
2024-07-08 18:20:55,0.118304
2024-07-08 18:20:56,0.071488
2024-07-08 18:20:57,0.1264
2024-07-08 18:20:58,0.115824
2024-07-08 18:20:59,0.149416
2024-07-08 18:21:00,0.14568
2024-07-08 18:21:01,0.204464
2024-07-08 18:21:02,0.185312
2024-07-08 18:21:03,0.174224
2024-07-08 18:21:04,0.14928
2024-07-08 18:21:05,0.155936
2024-07-08 18:21:06,0.215032
2024-07-08 18:21:07,0.169656
2024-07-08 18:21:08,0.15664
2024-07-08 18:21:09,0.181712
2024-07-08 18:21:10,0.169864
2024-07-08 18:21:11,0.167504
2024-07-08 18:21:12,0.15532
2024-07-08 18:21:13,0.15488
2024-07-08 18:21:14,0.149656
2024-07-08 18:21:15,0.164464
2024-07-08 18:21:16,0.175592
2024-07-08 18:21:17,0.150072
2024-07-08 18:21:18,0.135776
2024-07-08 18:21:19,0.153944
2024-07-08 18:21:20,0.178304
2024-07-08 18:21:21,0.17532
2024-07-08 18:21:22,0.141032
2024-07-08 18:21:23,0.14452
2024-07-08 18:21:24,0.122672
2024-07-08 18:21:25,0.10892
2024-07-08 18:21:26,0.081648
2024-07-08 18:21:27,0.105504
2024-07-08 18:21:28,0.090952
2024-07-08 18:21:29,0.104432
2024-07-08 18:21:30,0.166392
2024-07-08 18:21:31,0.154608
2024-07-08 18:21:32,0.185648
2024-07-08 18:21:33,0.186312
2024-07-08 18:21:34,0.154184
2024-07-08 18:21:35,0.195448
2024-07-08 18:21:36,0.184888
2024-07-08 18:21:37,0.143384
2024-07-08 18:21:38,0.146
2024-07-08 18:21:39,0.192512
2024-07-08 18:21:40,0.192104
2024-07-08 18:21:41,0.208888
2024-07-08 18:21:42,0.173096
2024-07-08 18:21:43,0.161752
2024-07-08 18:21:44,0.126344
2024-07-08 18:21:45,0.151504
2024-07-08 18:21:46,0.180528
2024-07-08 18:21:47,0.183168
2024-07-08 18:21:48,0.17824
2024-07-08 18:21:49,0.145128
2024-07-08 18:21:50,0.119008
2024-07-08 18:21:51,0.10336
2024-07-08 18:21:52,0.104184
2024-07-08 18:21:53,0.111952
2024-07-08 18:21:54,0.111568
2024-07-08 18:21:55,0.152096
2024-07-08 18:21:56,0.109112
2024-07-08 18:21:57,0.102424
2024-07-08 18:21:58,0.119384
2024-07-08 18:21:59,0.126392
2024-07-08 18:22:00,0.124968
2024-07-08 18:22:01,0.167224
2024-07-08 18:22:02,0.141536
2024-07-08 18:22:03,0.14064
2024-07-08 18:22:04,0.118136
2024-07-08 18:22:05,0.126464
2024-07-08 18:22:06,0.131296
2024-07-08 18:22:07,0.118112
2024-07-08 18:22:08,0.116512
2024-07-08 18:22:09,0.122704
2024-07-08 18:22:10,0.145968
2024-07-08 18:22:11,0.158888
2024-07-08 18:22:12,0.143144
2024-07-08 18:22:13,0.154208
2024-07-08 18:22:14,0.125936
2024-07-08 18:22:15,0.107096
2024-07-08 18:22:16,0.11464
2024-07-08 18:22:17,0.114136
2024-07-08 18:22:18,0.125952
2024-07-08 18:22:19,0.155312
2024-07-08 18:22:20,0.132088
2024-07-08 18:22:21,0.1182
2024-07-08 18:22:22,0.131192
2024-07-08 18:22:23,0.131792
2024-07-08 18:22:24,0.119368
2024-07-08 18:22:25,0.143304
2024-07-08 18:22:26,0.133784
2024-07-08 18:22:27,0.144296
2024-07-08 18:22:28,0.218248
2024-07-08 18:22:29,0.225928
2024-07-08 18:22:30,0.234584
2024-07-08 18:22:31,0.148576
2024-07-08 18:22:32,0.195464
2024-07-08 18:22:33,0.177128
2024-07-08 18:22:34,0.168
2024-07-08 18:22:35,0.165896
2024-07-08 18:22:36,0.163048
2024-07-08 18:22:37,0.153008
2024-07-08 18:22:38,0.144936
2024-07-08 18:22:39,0.157048
2024-07-08 18:22:40,0.135992
2024-07-08 18:22:41,0.129784
2024-07-08 18:22:42,0.154064
2024-07-08 18:22:43,0.163288
2024-07-08 18:22:44,0.189144
2024-07-08 18:22:45,0.146496
2024-07-08 18:22:46,0.12852
2024-07-08 18:22:47,0.114488
2024-07-08 18:22:48,0.085432
2024-07-08 18:22:49,0.083408
2024-07-08 18:22:50,0.101912
2024-07-08 18:22:51,0.117288
2024-07-08 18:22:52,0.150312
2024-07-08 18:22:53,0.1548
2024-07-08 18:22:54,0.133672
2024-07-08 18:22:55,0.1472
2024-07-08 18:22:56,0.16844
2024-07-08 18:22:57,0.140792
2024-07-08 18:22:58,0.170952
2024-07-08 18:22:59,0.102888
2024-07-08 18:23:00,0.110712
2024-07-08 18:23:01,0.13864
2024-07-08 18:23:02,0.088944
2024-07-08 18:23:03,0.108536
2024-07-08 18:23:04,0.111712
2024-07-08 18:23:05,0.11016
2024-07-08 18:23:06,0.099912
2024-07-08 18:23:07,0.140272
2024-07-08 18:23:08,0.16608
2024-07-08 18:23:09,0.151176
2024-07-08 18:23:10,0.125344
2024-07-08 18:23:11,0.181344
2024-07-08 18:23:12,0.176184
2024-07-08 18:23:13,0.130424
2024-07-08 18:23:14,0.158736
2024-07-08 18:23:15,0.132056
2024-07-08 18:23:16,0.128648
2024-07-08 18:23:17,0.105944
2024-07-08 18:23:18,0.087104
2024-07-08 18:23:19,0.141544
2024-07-08 18:23:20,0.137648
2024-07-08 18:23:21,0.131952
2024-07-08 18:23:22,0.1158
2024-07-08 18:23:23,0.095
2024-07-08 18:23:24,0.099712
2024-07-08 18:23:25,0.10268
2024-07-08 18:23:26,0.123376
2024-07-08 18:23:27,0.109416
2024-07-08 18:23:28,0.144016
2024-07-08 18:23:29,0.160816
2024-07-08 18:23:30,0.155056
2024-07-08 18:23:31,0.160344
2024-07-08 18:23:32,0.130336
2024-07-08 18:23:33,0.1402
2024-07-08 18:23:34,0.133208
2024-07-08 18:23:35,0.160048
2024-07-08 18:23:36,0.137448
2024-07-08 18:23:37,0.219608
2024-07-08 18:23:38,0.158752
2024-07-08 18:23:39,0.172976
2024-07-08 18:23:40,0.166448
2024-07-08 18:23:41,0.205632
2024-07-08 18:23:42,0.211752
2024-07-08 18:23:43,0.194144
2024-07-08 18:23:44,0.221744
2024-07-08 18:23:45,0.20828
2024-07-08 18:23:46,0.209512
2024-07-08 18:23:47,0.143336
2024-07-08 18:23:48,0.130536
2024-07-08 18:23:49,0.129792
2024-07-08 18:23:50,0.13028
2024-07-08 18:23:51,0.087536
2024-07-08 18:23:52,0.140488
2024-07-08 18:23:53,0.115224
2024-07-08 18:23:54,0.112984
2024-07-08 18:23:55,0.09728
2024-07-08 18:23:56,0.09044
2024-07-08 18:23:57,0.102784
2024-07-08 18:23:58,0.137664
2024-07-08 18:23:59,0.151344
2024-07-08 18:24:00,0.13976
2024-07-08 18:24:01,0.214464
2024-07-08 18:24:02,0.159656
2024-07-08 18:24:03,0.141016
2024-07-08 18:24:04,0.13612
2024-07-08 18:24:05,0.15688
2024-07-08 18:24:06,0.181168
2024-07-08 18:24:07,0.173296
2024-07-08 18:24:08,0.216504
2024-07-08 18:24:09,0.163592
2024-07-08 18:24:10,0.130168
2024-07-08 18:24:11,0.140456
2024-07-08 18:24:12,0.134888
2024-07-08 18:24:13,0.165424
2024-07-08 18:24:14,0.109712
2024-07-08 18:24:15,0.132328
2024-07-08 18:24:16,0.142656
2024-07-08 18:24:17,0.09564
2024-07-08 18:24:18,0.109792
2024-07-08 18:24:19,0.11556
2024-07-08 18:24:20,0.12988
2024-07-08 18:24:21,0.09336
2024-07-08 18:24:22,0.099216
2024-07-08 18:24:23,0.090528
2024-07-08 18:24:24,0.079536
2024-07-08 18:24:25,0.075384
2024-07-08 18:24:26,0.092176
2024-07-08 18:24:27,0.094552
2024-07-08 18:24:28,0.115864
2024-07-08 18:24:29,0.109968
2024-07-08 18:24:30,0.111344
2024-07-08 18:24:31,0.149336
2024-07-08 18:24:32,0.138688
2024-07-08 18:24:33,0.114496
2024-07-08 18:24:34,0.127608
2024-07-08 18:24:35,0.11268
2024-07-08 18:24:36,0.116952
2024-07-08 18:24:37,0.141456
2024-07-08 18:24:38,0.136008
2024-07-08 18:24:39,0.1626
2024-07-08 18:24:40,0.158568
2024-07-08 18:24:41,0.13864
2024-07-08 18:24:42,0.136968
2024-07-08 18:24:43,0.138224
2024-07-08 18:24:44,0.120032
2024-07-08 18:24:45,0.102824
2024-07-08 18:24:46,0.10232
2024-07-08 18:24:47,0.127712
2024-07-08 18:24:48,0.102744
2024-07-08 18:24:49,0.076616
2024-07-08 18:24:50,0.063208
2024-07-08 18:24:51,0.08904
2024-07-08 18:24:52,0.1168
2024-07-08 18:24:53,0.116712
2024-07-08 18:24:54,0.148016
2024-07-08 18:24:55,0.136448
2024-07-08 18:24:56,0.129392
2024-07-08 18:24:57,0.140064
2024-07-08 18:24:58,0.143816
2024-07-08 18:24:59,0.127088
2024-07-08 18:25:00,0.103648
2024-07-08 18:25:01,0.150304
2024-07-08 18:25:02,0.131488
2024-07-08 18:25:03,0.143272
2024-07-08 18:25:04,0.157128
2024-07-08 18:25:05,0.161984
2024-07-08 18:25:06,0.15468
2024-07-08 18:25:07,0.165256
2024-07-08 18:25:08,0.188408
2024-07-08 18:25:09,0.19824
2024-07-08 18:25:10,0.217984
2024-07-08 18:25:11,0.254432
2024-07-08 18:25:12,0.228072
2024-07-08 18:25:13,0.191848
2024-07-08 18:25:14,0.1594
2024-07-08 18:25:15,0.187272
2024-07-08 18:25:16,0.19416
2024-07-08 18:25:17,0.177128
2024-07-08 18:25:18,0.190864
2024-07-08 18:25:19,0.162984
2024-07-08 18:25:20,0.11124
2024-07-08 18:25:21,0.104568
2024-07-08 18:25:22,0.123248
2024-07-08 18:25:23,0.10236
2024-07-08 18:25:24,0.102208
2024-07-08 18:25:25,0.10032
2024-07-08 18:25:26,0.132992
2024-07-08 18:25:27,0.146976
2024-07-08 18:25:28,0.144304
2024-07-08 18:25:29,0.14508
2024-07-08 18:25:30,0.1202
2024-07-08 18:25:31,0.181872
2024-07-08 18:25:32,0.155208
2024-07-08 18:25:33,0.18992
2024-07-08 18:25:34,0.21756
2024-07-08 18:25:35,0.167288
2024-07-08 18:25:36,0.1862
2024-07-08 18:25:37,0.181904
2024-07-08 18:25:38,0.125456
2024-07-08 18:25:39,0.12564
2024-07-08 18:25:40,0.132712
2024-07-08 18:25:41,0.107776
2024-07-08 18:25:42,0.138976
2024-07-08 18:25:43,0.121688
2024-07-08 18:25:44,0.12452
2024-07-08 18:25:45,0.129832
2024-07-08 18:25:46,0.136256
2024-07-08 18:25:47,0.097216
2024-07-08 18:25:48,0.098928
2024-07-08 18:25:49,0.085304
2024-07-08 18:25:50,0.098392
2024-07-08 18:25:51,0.094272
2024-07-08 18:25:52,0.09364
2024-07-08 18:25:53,0.122064
2024-07-08 18:25:54,0.08872
2024-07-08 18:25:55,0.112352
2024-07-08 18:25:56,0.111016
2024-07-08 18:25:57,0.127256
2024-07-08 18:25:58,0.140568
2024-07-08 18:25:59,0.132744
2024-07-08 18:26:00,0.126064
2024-07-08 18:26:01,0.14424
2024-07-08 18:26:02,0.103256
2024-07-08 18:26:03,0.15396
2024-07-08 18:26:04,0.156664
2024-07-08 18:26:05,0.1222
2024-07-08 18:26:06,0.119368
2024-07-08 18:26:07,0.145992
2024-07-08 18:26:08,0.14424
2024-07-08 18:26:09,0.163328
2024-07-08 18:26:10,0.167312
2024-07-08 18:26:11,0.138904
2024-07-08 18:26:12,0.10172
2024-07-08 18:26:13,0.117544
2024-07-08 18:26:14,0.090504
2024-07-08 18:26:15,0.130088
2024-07-08 18:26:16,0.08992
2024-07-08 18:26:17,0.101624
2024-07-08 18:26:18,0.093536
2024-07-08 18:26:19,0.123544
2024-07-08 18:26:20,0.117416
2024-07-08 18:26:21,0.151936
2024-07-08 18:26:22,0.146728
2024-07-08 18:26:23,0.135248
2024-07-08 18:26:24,0.124296
2024-07-08 18:26:25,0.171512
2024-07-08 18:26:26,0.159944
2024-07-08 18:26:27,0.175848
2024-07-08 18:26:28,0.172536
2024-07-08 18:26:29,0.128192
2024-07-08 18:26:30,0.133776
2024-07-08 18:26:31,0.121288
2024-07-08 18:26:32,0.109432
2024-07-08 18:26:33,0.08912
2024-07-08 18:26:34,0.114176
2024-07-08 18:26:35,0.110384
2024-07-08 18:26:36,0.091328
2024-07-08 18:26:37,0.139296
2024-07-08 18:26:38,0.133832
2024-07-08 18:26:39,0.131528
2024-07-08 18:26:40,0.170624
2024-07-08 18:26:41,0.176208
2024-07-08 18:26:42,0.157
2024-07-08 18:26:43,0.158192
2024-07-08 18:26:44,0.165912
2024-07-08 18:26:45,0.17272
2024-07-08 18:26:46,0.150896
2024-07-08 18:26:47,0.102648
2024-07-08 18:26:48,0.106248
2024-07-08 18:26:49,0.09284
2024-07-08 18:26:50,0.116288
2024-07-08 18:26:51,0.100816
2024-07-08 18:26:52,0.11176
2024-07-08 18:26:53,0.118648
2024-07-08 18:26:54,0.14124
2024-07-08 18:26:55,0.18792
2024-07-08 18:26:56,0.14024
2024-07-08 18:26:57,0.143208
2024-07-08 18:26:58,0.199384
2024-07-08 18:26:59,0.16012
2024-07-08 18:27:00,0.1556
2024-07-08 18:27:01,0.176384
2024-07-08 18:27:02,0.106488
2024-07-08 18:27:03,0.097056
2024-07-08 18:27:04,0.09672
2024-07-08 18:27:05,0.11452
2024-07-08 18:27:06,0.126664
2024-07-08 18:27:07,0.215696
2024-07-08 18:27:08,0.179088
2024-07-08 18:27:09,0.190296
2024-07-08 18:27:10,0.193432
2024-07-08 18:27:11,0.168856
2024-07-08 18:27:12,0.1392
2024-07-08 18:27:13,0.12168
2024-07-08 18:27:14,0.123752
2024-07-08 18:27:15,0.090872
2024-07-08 18:27:16,0.128504
2024-07-08 18:27:17,0.108312
2024-07-08 18:27:18,0.110064
2024-07-08 18:27:19,0.123152
2024-07-08 18:27:20,0.108584
2024-07-08 18:27:21,0.104896
2024-07-08 18:27:22,0.102128
2024-07-08 18:27:23,0.147512
2024-07-08 18:27:24,0.142176
2024-07-08 18:27:25,0.160104
2024-07-08 18:27:26,0.197328
2024-07-08 18:27:27,0.18324
2024-07-08 18:27:28,0.207536
2024-07-08 18:27:29,0.157128
2024-07-08 18:27:30,0.153904
2024-07-08 18:27:31,0.143408
2024-07-08 18:27:32,0.177168
2024-07-08 18:27:33,0.171496
2024-07-08 18:27:34,0.168608
2024-07-08 18:27:35,0.231816
2024-07-08 18:27:36,0.20376
2024-07-08 18:27:37,0.190136
2024-07-08 18:27:38,0.196512
2024-07-08 18:27:39,0.224088
2024-07-08 18:27:40,0.183488
2024-07-08 18:27:41,0.173936
2024-07-08 18:27:42,0.169232
2024-07-08 18:27:43,0.15908
2024-07-08 18:27:44,0.175744
2024-07-08 18:27:45,0.183888
2024-07-08 18:27:46,0.161544
2024-07-08 18:27:47,0.153712
2024-07-08 18:27:48,0.139608
2024-07-08 18:27:49,0.150424
2024-07-08 18:27:50,0.134272
2024-07-08 18:27:51,0.148408
2024-07-08 18:27:52,0.157176
2024-07-08 18:27:53,0.14972
2024-07-08 18:27:54,0.170832
2024-07-08 18:27:55,0.13196
2024-07-08 18:27:56,0.138184
2024-07-08 18:27:57,0.145152
2024-07-08 18:27:58,0.14404
2024-07-08 18:27:59,0.141272
2024-07-08 18:28:00,0.164696
2024-07-08 18:28:01,0.169984
2024-07-08 18:28:02,0.151736
2024-07-08 18:28:03,0.201232
2024-07-08 18:28:04,0.200936
2024-07-08 18:28:05,0.196656
2024-07-08 18:28:06,0.137456
2024-07-08 18:28:07,0.139224
2024-07-08 18:28:08,0.183056
2024-07-08 18:28:09,0.2184
2024-07-08 18:28:10,0.171056
2024-07-08 18:28:11,0.150536
2024-07-08 18:28:12,0.164304
2024-07-08 18:28:13,0.135496
2024-07-08 18:28:14,0.141976
2024-07-08 18:28:15,0.134464
2024-07-08 18:28:16,0.134288
2024-07-08 18:28:17,0.121288
2024-07-08 18:28:18,0.107808
2024-07-08 18:28:19,0.11028
2024-07-08 18:28:20,0.146896
2024-07-08 18:28:21,0.112696
2024-07-08 18:28:22,0.105784
2024-07-08 18:28:23,0.11524
2024-07-08 18:28:24,0.147504
2024-07-08 18:28:25,0.153728
2024-07-08 18:28:26,0.178368
2024-07-08 18:28:27,0.146376
2024-07-08 18:28:28,0.098352
2024-07-08 18:28:29,0.072872
2024-07-08 18:28:30,0.14012
2024-07-08 18:28:31,0.125344
2024-07-08 18:28:32,0.100504
2024-07-08 18:28:33,0.131952
2024-07-08 18:28:34,0.126376
2024-07-08 18:28:35,0.166576
2024-07-08 18:28:36,0.154096
2024-07-08 18:28:37,0.205992
2024-07-08 18:28:38,0.173872
2024-07-08 18:28:39,0.156296
2024-07-08 18:28:40,0.161208
2024-07-08 18:28:41,0.141144
2024-07-08 18:28:42,0.133712
2024-07-08 18:28:43,0.118848
2024-07-08 18:28:44,0.128776
2024-07-08 18:28:45,0.127216
2024-07-08 18:28:46,0.117656
2024-07-08 18:28:47,0.10704
2024-07-08 18:28:48,0.090912
2024-07-08 18:28:49,0.114192
2024-07-08 18:28:50,0.128976
2024-07-08 18:28:51,0.121272
2024-07-08 18:28:52,0.13292
2024-07-08 18:28:53,0.159984
2024-07-08 18:28:54,0.127984
2024-07-08 18:28:55,0.131784
2024-07-08 18:28:56,0.12732
2024-07-08 18:28:57,0.10368
2024-07-08 18:28:58,0.12156
2024-07-08 18:28:59,0.107728
2024-07-08 18:29:00,0.102056
2024-07-08 18:29:01,0.176552
2024-07-08 18:29:02,0.164808
2024-07-08 18:29:03,0.178
2024-07-08 18:29:04,0.179952
2024-07-08 18:29:05,0.235672
2024-07-08 18:29:06,0.234744
2024-07-08 18:29:07,0.179712
2024-07-08 18:29:08,0.224024
2024-07-08 18:29:09,0.16728
2024-07-08 18:29:10,0.1874
2024-07-08 18:29:11,0.204424
2024-07-08 18:29:12,0.187024
2024-07-08 18:29:13,0.166936
2024-07-08 18:29:14,0.16852
2024-07-08 18:29:15,0.217784
2024-07-08 18:29:16,0.155984
2024-07-08 18:29:17,0.135888
2024-07-08 18:29:18,0.150032
2024-07-08 18:29:19,0.11904
2024-07-08 18:29:20,0.144728
2024-07-08 18:29:21,0.171472
2024-07-08 18:29:22,0.189216
2024-07-08 18:29:23,0.211256
2024-07-08 18:29:24,0.196224
2024-07-08 18:29:25,0.204216
2024-07-08 18:29:26,0.1776
2024-07-08 18:29:27,0.175032
2024-07-08 18:29:28,0.198984
2024-07-08 18:29:29,0.159568
2024-07-08 18:29:30,0.153248
2024-07-08 18:29:31,0.135552
2024-07-08 18:29:32,0.128232
2024-07-08 18:29:33,0.114664
2024-07-08 18:29:34,0.129616
2024-07-08 18:29:35,0.124672
2024-07-08 18:29:36,0.123976
2024-07-08 18:29:37,0.16724
2024-07-08 18:29:38,0.165752
2024-07-08 18:29:39,0.165336
2024-07-08 18:29:40,0.147904
2024-07-08 18:29:41,0.17316
2024-07-08 18:29:42,0.157648
2024-07-08 18:29:43,0.1504
2024-07-08 18:29:44,0.147768
2024-07-08 18:29:45,0.169976
2024-07-08 18:29:46,0.163424
2024-07-08 18:29:47,0.178448
2024-07-08 18:29:48,0.204624
2024-07-08 18:29:49,0.184664
2024-07-08 18:29:50,0.24276
2024-07-08 18:29:51,0.241248
2024-07-08 18:29:52,0.245648
2024-07-08 18:29:53,0.218616
2024-07-08 18:29:54,0.179656
2024-07-08 18:29:55,0.118016
2024-07-08 18:29:56,0.1078
2024-07-08 18:29:57,0.099688
2024-07-08 18:29:58,0.0804
2024-07-08 18:29:59,0.097976
2024-07-08 18:30:00,0.10768
2024-07-08 18:30:01,0.106328
2024-07-08 18:30:02,0.163616
2024-07-08 18:30:03,0.168376
2024-07-08 18:30:04,0.13512
2024-07-08 18:30:05,0.15028
2024-07-08 18:30:06,0.138808
2024-07-08 18:30:07,0.144392
2024-07-08 18:30:08,0.101464
2024-07-08 18:30:09,0.12716
2024-07-08 18:30:10,0.134064
2024-07-08 18:30:11,0.108208
2024-07-08 18:30:12,0.10996
2024-07-08 18:30:13,0.094112
2024-07-08 18:30:14,0.085112
2024-07-08 18:30:15,0.107312
2024-07-08 18:30:16,0.095112
2024-07-08 18:30:17,0.101256
2024-07-08 18:30:18,0.114592
2024-07-08 18:30:19,0.126136
2024-07-08 18:30:20,0.141104
2024-07-08 18:30:21,0.156208
2024-07-08 18:30:22,0.12844
2024-07-08 18:30:23,0.196088
2024-07-08 18:30:24,0.123656
2024-07-08 18:30:25,0.102768
2024-07-08 18:30:26,0.11128
2024-07-08 18:30:27,0.11428
2024-07-08 18:30:28,0.063312
2024-07-08 18:30:29,0.080944
2024-07-08 18:30:30,0.069912
2024-07-08 18:30:31,0.072504
2024-07-08 18:30:32,0.09388
2024-07-08 18:30:33,0.13612
2024-07-08 18:30:34,0.134032
2024-07-08 18:30:35,0.129248
2024-07-08 18:30:36,0.141768
2024-07-08 18:30:37,0.14952
2024-07-08 18:30:38,0.118064
2024-07-08 18:30:39,0.143664
2024-07-08 18:30:40,0.15964
2024-07-08 18:30:41,0.157296
2024-07-08 18:30:42,0.148968
2024-07-08 18:30:43,0.130152
2024-07-08 18:30:44,0.152768
2024-07-08 18:30:45,0.146528
2024-07-08 18:30:46,0.139544
2024-07-08 18:30:47,0.161256
2024-07-08 18:30:48,0.183264
2024-07-08 18:30:49,0.175384
2024-07-08 18:30:50,0.212656
2024-07-08 18:30:51,0.168248
2024-07-08 18:30:52,0.152856
2024-07-08 18:30:53,0.164744
2024-07-08 18:30:54,0.188424
2024-07-08 18:30:55,0.185424
2024-07-08 18:30:56,0.180512
2024-07-08 18:30:57,0.15996
2024-07-08 18:30:58,0.172696
2024-07-08 18:30:59,0.168776
2024-07-08 18:31:00,0.113888
2024-07-08 18:31:01,0.116328
2024-07-08 18:31:02,0.127232
2024-07-08 18:31:03,0.08024
2024-07-08 18:31:04,0.139784
2024-07-08 18:31:05,0.104576
2024-07-08 18:31:06,0.108168
2024-07-08 18:31:07,0.142256
2024-07-08 18:31:08,0.139048
2024-07-08 18:31:09,0.158944
2024-07-08 18:31:10,0.144624
2024-07-08 18:31:11,0.105192
2024-07-08 18:31:12,0.11432
2024-07-08 18:31:13,0.116696
2024-07-08 18:31:14,0.122824
2024-07-08 18:31:15,0.116616
2024-07-08 18:31:16,0.0864
2024-07-08 18:31:17,0.091136
2024-07-08 18:31:18,0.137648
2024-07-08 18:31:19,0.128176
2024-07-08 18:31:20,0.14336
2024-07-08 18:31:21,0.156392
2024-07-08 18:31:22,0.146768
2024-07-08 18:31:23,0.130472
2024-07-08 18:31:24,0.142768
2024-07-08 18:31:25,0.127296
2024-07-08 18:31:26,0.147848
2024-07-08 18:31:27,0.15024
2024-07-08 18:31:28,0.144064
2024-07-08 18:31:29,0.161456
2024-07-08 18:31:30,0.148296
2024-07-08 18:31:31,0.138408
2024-07-08 18:31:32,0.176208
2024-07-08 18:31:33,0.125832
2024-07-08 18:31:34,0.13752
2024-07-08 18:31:35,0.176288
2024-07-08 18:31:36,0.184432
2024-07-08 18:31:37,0.164792
2024-07-08 18:31:38,0.156008
2024-07-08 18:31:39,0.18324
2024-07-08 18:31:40,0.14652
2024-07-08 18:31:41,0.135256
2024-07-08 18:31:42,0.124152
2024-07-08 18:31:43,0.106152
2024-07-08 18:31:44,0.117256
2024-07-08 18:31:45,0.111696
2024-07-08 18:31:46,0.136336
2024-07-08 18:31:47,0.158024
2024-07-08 18:31:48,0.173048
2024-07-08 18:31:49,0.107488
2024-07-08 18:31:50,0.109488
2024-07-08 18:31:51,0.1274
2024-07-08 18:31:52,0.168368
2024-07-08 18:31:53,0.204368
2024-07-08 18:31:54,0.192648
2024-07-08 18:31:55,0.187016
2024-07-08 18:31:56,0.194696
2024-07-08 18:31:57,0.250064
2024-07-08 18:31:58,0.144832
2024-07-08 18:31:59,0.152024
2024-07-08 18:32:00,0.14684
2024-07-08 18:32:01,0.143016
2024-07-08 18:32:02,0.120368
2024-07-08 18:32:03,0.136168
2024-07-08 18:32:04,0.118
2024-07-08 18:32:05,0.121784
2024-07-08 18:32:06,0.170136
2024-07-08 18:32:07,0.18344
2024-07-08 18:32:08,0.14212
2024-07-08 18:32:09,0.146152
2024-07-08 18:32:10,0.126488
2024-07-08 18:32:11,0.117864
2024-07-08 18:32:12,0.11528
2024-07-08 18:32:13,0.130432
2024-07-08 18:32:14,0.135664
2024-07-08 18:32:15,0.149432
2024-07-08 18:32:16,0.190816
2024-07-08 18:32:17,0.162392
2024-07-08 18:32:18,0.1412
2024-07-08 18:32:19,0.193944
2024-07-08 18:32:20,0.182048
2024-07-08 18:32:21,0.14608
2024-07-08 18:32:22,0.15516
2024-07-08 18:32:23,0.183576
2024-07-08 18:32:24,0.210712
2024-07-08 18:32:25,0.212312
2024-07-08 18:32:26,0.196304
2024-07-08 18:32:27,0.196632
2024-07-08 18:32:28,0.131344
2024-07-08 18:32:29,0.135288
2024-07-08 18:32:30,0.116272
2024-07-08 18:32:31,0.113056
2024-07-08 18:32:32,0.103352
2024-07-08 18:32:33,0.1068
2024-07-08 18:32:34,0.142216
2024-07-08 18:32:35,0.157008
2024-07-08 18:32:36,0.204216
2024-07-08 18:32:37,0.214656
2024-07-08 18:32:38,0.201096
2024-07-08 18:32:39,0.273352
2024-07-08 18:32:40,0.20048
2024-07-08 18:32:41,0.228536
2024-07-08 18:32:42,0.203168
2024-07-08 18:32:43,0.193168
2024-07-08 18:32:44,0.182632
2024-07-08 18:32:45,0.214856
2024-07-08 18:32:46,0.223416
2024-07-08 18:32:47,0.267976
2024-07-08 18:32:48,0.208544
2024-07-08 18:32:49,0.193968
2024-07-08 18:32:50,0.168272
2024-07-08 18:32:51,0.190944
2024-07-08 18:32:52,0.1976
2024-07-08 18:32:53,0.199136
2024-07-08 18:32:54,0.198728
2024-07-08 18:32:55,0.233928
2024-07-08 18:32:56,0.16616
2024-07-08 18:32:57,0.172096
2024-07-08 18:32:58,0.072232
2024-07-08 18:32:59,0.060208
2024-07-08 18:33:00,0.059304
2024-07-08 18:33:01,0.067736
2024-07-08 18:33:02,0.055944
2024-07-08 18:33:03,0.00188
2024-07-08 18:33:04,0.00444
2024-07-08 18:37:36,0.135048
2024-07-08 18:37:37,0.021384
2024-07-08 18:37:38,0.030248
2024-07-08 18:37:39,0.023632
2024-07-08 18:37:40,0.04728
2024-07-08 18:37:41,0.2924
2024-07-08 18:37:42,0.03432
2024-07-08 18:37:43,0.041344
2024-07-08 18:37:44,0.093592
2024-07-08 18:37:45,0.088888
2024-07-08 18:37:46,0.046496
2024-07-08 18:37:47,0.036936
2024-07-08 18:37:48,0.040552
2024-07-08 18:37:49,0.03368
2024-07-08 18:37:50,0.047304
2024-07-08 18:37:51,0.226624
2024-07-08 18:37:52,0.030728
2024-07-08 18:37:53,0.0494
2024-07-08 18:37:54,0.042488
2024-07-08 18:37:55,0.044648
2024-07-08 18:37:56,0.073568
2024-07-08 18:37:57,0.057088
2024-07-08 18:37:58,0.039592
2024-07-08 18:37:59,0.024056
2024-07-08 18:38:00,0.034016
2024-07-08 18:38:01,0.048784
2024-07-08 18:38:02,0.03888
2024-07-08 18:38:03,0.028216
2024-07-08 18:38:04,0.024304
2024-07-08 18:38:05,0.021784
2024-07-08 18:38:06,0.05432
2024-07-08 18:38:07,0.052952
2024-07-08 18:38:08,0.05832
2024-07-08 18:38:09,0.041464
2024-07-08 18:38:10,0.034056
2024-07-08 18:38:11,0.051776
2024-07-08 18:38:12,0.036056
2024-07-08 18:38:13,0.05944
2024-07-08 18:38:14,0.064128
2024-07-08 18:38:15,0.047992
2024-07-08 18:38:16,0.050448
2024-07-08 18:38:17,0.058192
2024-07-08 18:38:18,0.045312
2024-07-08 18:38:19,0.036608
2024-07-08 18:38:20,0.058664
2024-07-08 18:38:21,0.049536
2024-07-08 18:38:22,0.038128
2024-07-08 18:38:23,0.053664
2024-07-08 18:38:24,0.04828
2024-07-08 18:38:25,0.057096
2024-07-08 18:38:26,0.045256
2024-07-08 18:38:27,0.028512
2024-07-08 18:38:28,0.042504
2024-07-08 18:38:29,0.067032
2024-07-08 18:38:30,0.040992
2024-07-08 18:38:31,0.049784
2024-07-08 18:38:32,0.0484
2024-07-08 18:38:33,0.047552
2024-07-08 18:38:34,0.040952
2024-07-08 18:38:35,0.083464
2024-07-08 18:38:36,0.082872
2024-07-08 18:38:37,0.080896
2024-07-08 18:38:38,0.068704
2024-07-08 18:38:39,0.073912
2024-07-08 18:38:40,0.091848
2024-07-08 18:38:41,0.07644
2024-07-08 18:38:42,0.099312
2024-07-08 18:38:43,0.059952
2024-07-08 18:38:44,0.073816
2024-07-08 18:38:45,0.066304
2024-07-08 18:38:46,0.06564
2024-07-08 18:38:47,0.070424
2024-07-08 18:38:48,0.066216
2024-07-08 18:38:49,0.062368
2024-07-08 18:38:50,0.069112
2024-07-08 18:38:51,0.091248
2024-07-08 18:38:52,0.073552
2024-07-08 18:38:53,0.046408
2024-07-08 18:38:54,0.07436
2024-07-08 18:38:55,0.063416
2024-07-08 18:38:56,0.056848
2024-07-08 18:38:57,0.071088
2024-07-08 18:38:58,0.060264
2024-07-08 18:38:59,0.083672
2024-07-08 18:39:00,0.083776
2024-07-08 18:39:01,0.061608
2024-07-08 18:39:02,0.06252
2024-07-08 18:39:03,0.060856
2024-07-08 18:39:04,0.059224
2024-07-08 18:39:05,0.053888
2024-07-08 18:39:06,0.087888
2024-07-08 18:39:07,0.062936
2024-07-08 18:39:08,0.05676
2024-07-08 18:39:09,0.050496
2024-07-08 18:39:10,0.06428
2024-07-08 18:39:11,0.07156
2024-07-08 18:39:12,0.077696
2024-07-08 18:39:13,0.05864
2024-07-08 18:39:14,0.054456
2024-07-08 18:39:15,0.06812
2024-07-08 18:39:16,0.066168
2024-07-08 18:39:17,0.072704
2024-07-08 18:39:18,0.081936
2024-07-08 18:39:19,0.08088
2024-07-08 18:39:20,0.13912
2024-07-08 18:39:21,0.1
2024-07-08 18:39:22,0.149984
2024-07-08 18:39:23,0.123488
2024-07-08 18:39:24,0.123368
2024-07-08 18:39:25,0.122552
2024-07-08 18:39:26,0.115576
2024-07-08 18:39:27,0.121984
2024-07-08 18:39:28,0.114472
2024-07-08 18:39:29,0.11756
2024-07-08 18:39:30,0.110976
2024-07-08 18:39:31,0.110312
2024-07-08 18:39:32,0.122976
2024-07-08 18:39:33,0.114664
2024-07-08 18:39:34,0.122824
2024-07-08 18:39:35,0.116384
2024-07-08 18:39:36,0.14984
2024-07-08 18:39:37,0.119024
2024-07-08 18:39:38,0.133144
2024-07-08 18:39:39,0.131216
2024-07-08 18:39:40,0.113168
2024-07-08 18:39:41,0.128992
2024-07-08 18:39:42,0.136064
2024-07-08 18:39:43,0.122888
2024-07-08 18:39:44,0.117264
2024-07-08 18:39:45,0.127704
2024-07-08 18:39:46,0.102288
2024-07-08 18:39:47,0.116552
2024-07-08 18:39:48,0.13508
2024-07-08 18:39:49,0.119752
2024-07-08 18:39:50,0.13596
2024-07-08 18:39:51,0.212184
2024-07-08 18:39:52,0.158232
2024-07-08 18:39:53,0.15484
2024-07-08 18:39:54,0.153
2024-07-08 18:39:55,0.14624
2024-07-08 18:39:56,0.137032
2024-07-08 18:39:57,0.156896
2024-07-08 18:39:58,0.144952
2024-07-08 18:39:59,0.128768
2024-07-08 18:40:00,0.161568
2024-07-08 18:40:01,0.171616
2024-07-08 18:40:02,0.13164
2024-07-08 18:40:03,0.143368
2024-07-08 18:40:04,0.16144
2024-07-08 18:40:05,0.125432
2024-07-08 18:40:06,0.147872
2024-07-08 18:40:07,0.151448
2024-07-08 18:40:08,0.156344
2024-07-08 18:40:09,0.142816
2024-07-08 18:40:10,0.173568
2024-07-08 18:40:11,0.131928
2024-07-08 18:40:12,0.119784
2024-07-08 18:40:13,0.17496
2024-07-08 18:40:14,0.156624
2024-07-08 18:40:15,0.15512
2024-07-08 18:40:16,0.157976
2024-07-08 18:40:17,0.08688
2024-07-08 18:40:18,0.16336
2024-07-08 18:40:19,0.182688
2024-07-08 18:40:20,0.164088
2024-07-08 18:40:21,0.145816
2024-07-08 18:40:22,0.138048
2024-07-08 18:40:23,0.156528
2024-07-08 18:40:24,0.151648
2024-07-08 18:40:25,0.193392
2024-07-08 18:40:26,0.162032
2024-07-08 18:40:27,0.16216
2024-07-08 18:40:28,0.14528
2024-07-08 18:40:29,0.157152
2024-07-08 18:40:30,0.193872
2024-07-08 18:40:31,0.142912
2024-07-08 18:40:32,0.151024
2024-07-08 18:40:33,0.15012
2024-07-08 18:40:34,0.130672
2024-07-08 18:40:35,0.105688
2024-07-08 18:40:36,0.111272
2024-07-08 18:40:37,0.1166
2024-07-08 18:40:38,0.124672
2024-07-08 18:40:39,0.123552
2024-07-08 18:40:40,0.161488
2024-07-08 18:40:41,0.133864
2024-07-08 18:40:42,0.144376
2024-07-08 18:40:43,0.13344
2024-07-08 18:40:44,0.13888
2024-07-08 18:40:45,0.145528
2024-07-08 18:40:46,0.135352
2024-07-08 18:40:47,0.140992
2024-07-08 18:40:48,0.151016
2024-07-08 18:40:49,0.138368
2024-07-08 18:40:50,0.127432
2024-07-08 18:40:51,0.200656
2024-07-08 18:40:52,0.179192
2024-07-08 18:40:53,0.17508
2024-07-08 18:40:54,0.160072
2024-07-08 18:40:55,0.1972
2024-07-08 18:40:56,0.189416
2024-07-08 18:40:57,0.173416
2024-07-08 18:40:58,0.107664
2024-07-08 18:40:59,0.234048
2024-07-08 18:41:00,0.171952
2024-07-08 18:41:01,0.156768
2024-07-08 18:41:02,0.185576
2024-07-08 18:41:03,0.147056
2024-07-08 18:41:04,0.200536
2024-07-08 18:41:05,0.190456
2024-07-08 18:41:06,0.211624
2024-07-08 18:41:07,0.178224
2024-07-08 18:41:08,0.204488
2024-07-08 18:41:09,0.152264
2024-07-08 18:41:10,0.14752
2024-07-08 18:41:11,0.138904
2024-07-08 18:41:12,0.174416
2024-07-08 18:41:13,0.143816
2024-07-08 18:41:14,0.136792
2024-07-08 18:41:15,0.164776
2024-07-08 18:41:16,0.145232
2024-07-08 18:41:17,0.13568
2024-07-08 18:41:18,0.149296
2024-07-08 18:41:19,0.123048
2024-07-08 18:41:20,0.149376
2024-07-08 18:41:21,0.150432
2024-07-08 18:41:22,0.146352
2024-07-08 18:41:23,0.16928
2024-07-08 18:41:24,0.146008
2024-07-08 18:41:25,0.158712
2024-07-08 18:41:26,0.1486
2024-07-08 18:41:27,0.162416
2024-07-08 18:41:28,0.196096
2024-07-08 18:41:29,0.18512
2024-07-08 18:41:30,0.177968
2024-07-08 18:41:31,0.176752
2024-07-08 18:41:32,0.13936
2024-07-08 18:41:33,0.108584
2024-07-08 18:41:34,0.09016
2024-07-08 18:41:35,0.093744
2024-07-08 18:41:36,0.160872
2024-07-08 18:41:37,0.126896
2024-07-08 18:41:38,0.11884
2024-07-08 18:41:39,0.13388
2024-07-08 18:41:40,0.139496
2024-07-08 18:41:41,0.12272
2024-07-08 18:41:42,0.123528
2024-07-08 18:41:43,0.115008
2024-07-08 18:41:44,0.114848
2024-07-08 18:41:45,0.132
2024-07-08 18:41:46,0.128352
2024-07-08 18:41:47,0.124096
2024-07-08 18:41:48,0.13528
2024-07-08 18:41:49,0.156832
2024-07-08 18:41:50,0.17284
2024-07-08 18:41:51,0.218368
2024-07-08 18:41:52,0.180568
2024-07-08 18:41:53,0.183584
2024-07-08 18:41:54,0.197584
2024-07-08 18:41:55,0.199584
2024-07-08 18:41:56,0.179304
2024-07-08 18:41:57,0.164648
2024-07-08 18:41:58,0.184632
2024-07-08 18:41:59,0.164096
2024-07-08 18:42:00,0.161544
2024-07-08 18:42:01,0.155368
2024-07-08 18:42:02,0.155624
2024-07-08 18:42:03,0.171104
2024-07-08 18:42:04,0.144424
2024-07-08 18:42:05,0.153944
2024-07-08 18:42:06,0.131456
2024-07-08 18:42:07,0.13436
2024-07-08 18:42:08,0.143904
2024-07-08 18:42:09,0.126504
2024-07-08 18:42:10,0.132256
2024-07-08 18:42:11,0.146432
2024-07-08 18:42:12,0.131456
2024-07-08 18:42:13,0.131648
2024-07-08 18:42:14,0.123824
2024-07-08 18:42:15,0.121656
2024-07-08 18:42:16,0.128952
2024-07-08 18:42:17,0.131792
2024-07-08 18:42:18,0.137184
2024-07-08 18:42:19,0.127904
2024-07-08 18:42:20,0.120704
2024-07-08 18:42:21,0.141472
2024-07-08 18:42:22,0.139208
2024-07-08 18:42:23,0.126056
2024-07-08 18:42:24,0.112424
2024-07-08 18:42:25,0.149808
2024-07-08 18:42:26,0.136224
2024-07-08 18:42:27,0.148584
2024-07-08 18:42:28,0.131624
2024-07-08 18:42:29,0.13736
2024-07-08 18:42:30,0.160176
2024-07-08 18:42:31,0.12904
2024-07-08 18:42:32,0.106744
2024-07-08 18:42:33,0.120304
2024-07-08 18:42:34,0.133456
2024-07-08 18:42:35,0.123848
2024-07-08 18:42:36,0.115376
2024-07-08 18:42:37,0.122288
2024-07-08 18:42:38,0.122288
2024-07-08 18:42:39,0.101712
2024-07-08 18:42:40,0.115248
2024-07-08 18:42:41,0.119968
2024-07-08 18:42:42,0.122624
2024-07-08 18:42:43,0.105712
2024-07-08 18:42:44,0.145224
2024-07-08 18:42:45,0.12568
2024-07-08 18:42:46,0.153248
2024-07-08 18:42:47,0.153232
2024-07-08 18:42:48,0.147112
2024-07-08 18:42:49,0.133744
2024-07-08 18:42:50,0.141304
2024-07-08 18:42:51,0.190888
2024-07-08 18:42:52,0.16748
2024-07-08 18:42:53,0.181448
2024-07-08 18:42:54,0.16308
2024-07-08 18:42:55,0.166096
2024-07-08 18:42:56,0.221336
2024-07-08 18:42:57,0.239616
2024-07-08 18:42:58,0.208152
2024-07-08 18:42:59,0.21108
2024-07-08 18:43:00,0.216168
2024-07-08 18:43:01,0.19872
2024-07-08 18:43:02,0.195568
2024-07-08 18:43:03,0.186752
2024-07-08 18:43:04,0.175696
2024-07-08 18:43:05,0.179968
2024-07-08 18:43:06,0.182856
2024-07-08 18:43:07,0.15868
2024-07-08 18:43:08,0.181192
2024-07-08 18:43:09,0.134336
2024-07-08 18:43:10,0.143616
2024-07-08 18:43:11,0.128912
2024-07-08 18:43:12,0.080992
2024-07-08 18:43:13,0.100464
2024-07-08 18:43:14,0.144176
2024-07-08 18:43:15,0.123552
2024-07-08 18:43:16,0.101912
2024-07-08 18:43:17,0.126784
2024-07-08 18:43:18,0.131496
2024-07-08 18:43:19,0.13532
2024-07-08 18:43:20,0.141952
2024-07-08 18:43:21,0.157816
2024-07-08 18:43:22,0.143848
2024-07-08 18:43:23,0.14544
2024-07-08 18:43:24,0.15324
2024-07-08 18:43:25,0.157072
2024-07-08 18:43:26,0.131544
2024-07-08 18:43:27,0.134616
2024-07-08 18:43:28,0.144312
2024-07-08 18:43:29,0.12004
2024-07-08 18:43:30,0.122344
2024-07-08 18:43:31,0.118976
2024-07-08 18:43:32,0.131688
2024-07-08 18:43:33,0.134608
2024-07-08 18:43:34,0.109888
2024-07-08 18:43:35,0.11376
2024-07-08 18:43:36,0.11144
2024-07-08 18:43:37,0.127752
2024-07-08 18:43:38,0.143512
2024-07-08 18:43:39,0.149512
2024-07-08 18:43:40,0.163272
2024-07-08 18:43:41,0.155272
2024-07-08 18:43:42,0.154392
2024-07-08 18:43:43,0.14888
2024-07-08 18:43:44,0.128104
2024-07-08 18:43:45,0.160616
2024-07-08 18:43:46,0.14236
2024-07-08 18:43:47,0.150072
2024-07-08 18:43:48,0.141912
2024-07-08 18:43:49,0.148136
2024-07-08 18:43:50,0.141832
2024-07-08 18:43:51,0.196296
2024-07-08 18:43:52,0.167688
2024-07-08 18:43:53,0.173152
2024-07-08 18:43:54,0.17492
2024-07-08 18:43:55,0.152592
2024-07-08 18:43:56,0.168752
2024-07-08 18:43:57,0.158432
2024-07-08 18:43:58,0.149016
2024-07-08 18:43:59,0.140624
2024-07-08 18:44:00,0.154552
2024-07-08 18:44:01,0.140848
2024-07-08 18:44:02,0.12944
2024-07-08 18:44:03,0.15364
2024-07-08 18:44:04,0.133248
2024-07-08 18:44:05,0.136344
2024-07-08 18:44:06,0.134696
2024-07-08 18:44:07,0.123304
2024-07-08 18:44:08,0.118952
2024-07-08 18:44:09,0.125128
2024-07-08 18:44:10,0.12424
2024-07-08 18:44:11,0.111584
2024-07-08 18:44:12,0.126992
2024-07-08 18:44:13,0.138808
2024-07-08 18:44:14,0.118928
2024-07-08 18:44:15,0.114144
2024-07-08 18:44:16,0.11292
2024-07-08 18:44:17,0.15964
2024-07-08 18:44:18,0.142392
2024-07-08 18:44:19,0.122312
2024-07-08 18:44:20,0.147416
2024-07-08 18:44:21,0.1774
2024-07-08 18:44:22,0.188888
2024-07-08 18:44:23,0.190232
2024-07-08 18:44:24,0.146976
2024-07-08 18:44:25,0.16916
2024-07-08 18:44:26,0.138096
2024-07-08 18:44:27,0.122544
2024-07-08 18:44:28,0.146736
2024-07-08 18:44:29,0.133264
2024-07-08 18:44:30,0.183752
2024-07-08 18:44:31,0.15324
2024-07-08 18:44:32,0.149
2024-07-08 18:44:33,0.131344
2024-07-08 18:44:34,0.119536
2024-07-08 18:44:35,0.133432
2024-07-08 18:44:36,0.141672
2024-07-08 18:44:37,0.129208
2024-07-08 18:44:38,0.10396
2024-07-08 18:44:39,0.112544
2024-07-08 18:44:40,0.111056
2024-07-08 18:44:41,0.131704
2024-07-08 18:44:42,0.129592
2024-07-08 18:44:43,0.117064
2024-07-08 18:44:44,0.10028
2024-07-08 18:44:45,0.097608
2024-07-08 18:44:46,0.104632
2024-07-08 18:44:47,0.111704
2024-07-08 18:44:48,0.146808
2024-07-08 18:44:49,0.170728
2024-07-08 18:44:50,0.150744
2024-07-08 18:44:51,0.197816
2024-07-08 18:44:52,0.134872
2024-07-08 18:44:53,0.146728
2024-07-08 18:44:54,0.150536
2024-07-08 18:44:55,0.1374
2024-07-08 18:44:56,0.161584
2024-07-08 18:44:57,0.178
2024-07-08 18:44:58,0.14644
2024-07-08 18:44:59,0.167832
2024-07-08 18:45:00,0.153992
2024-07-08 18:45:01,0.147992
2024-07-08 18:45:02,0.162032
2024-07-08 18:45:03,0.164208
2024-07-08 18:45:04,0.142056
2024-07-08 18:45:05,0.150584
2024-07-08 18:45:06,0.157976
2024-07-08 18:45:07,0.148856
2024-07-08 18:45:08,0.125688
2024-07-08 18:45:09,0.144696
2024-07-08 18:45:10,0.1388
2024-07-08 18:45:11,0.14484
2024-07-08 18:45:12,0.155928
2024-07-08 18:45:13,0.13256
2024-07-08 18:45:14,0.162584
2024-07-08 18:45:15,0.167704
2024-07-08 18:45:16,0.145208
2024-07-08 18:45:17,0.164144
2024-07-08 18:45:18,0.146776
2024-07-08 18:45:19,0.151624
2024-07-08 18:45:20,0.152688
2024-07-08 18:45:21,0.13592
2024-07-08 18:45:22,0.141288
2024-07-08 18:45:23,0.165968
2024-07-08 18:45:24,0.142672
2024-07-08 18:45:25,0.152432
2024-07-08 18:45:26,0.18488
2024-07-08 18:45:27,0.155848
2024-07-08 18:45:28,0.21764
2024-07-08 18:45:29,0.176568
2024-07-08 18:45:30,0.173424
2024-07-08 18:45:31,0.144992
2024-07-08 18:45:32,0.13204
2024-07-08 18:45:33,0.146944
2024-07-08 18:45:34,0.118896
2024-07-08 18:45:35,0.171384
2024-07-08 18:45:36,0.170344
2024-07-08 18:45:37,0.148344
2024-07-08 18:45:38,0.13512
2024-07-08 18:45:39,0.107464
2024-07-08 18:45:40,0.11636
2024-07-08 18:45:41,0.131664
2024-07-08 18:45:42,0.132392
2024-07-08 18:45:43,0.12252
2024-07-08 18:45:44,0.109776
2024-07-08 18:45:45,0.110344
2024-07-08 18:45:46,0.103368
2024-07-08 18:45:47,0.106456
2024-07-08 18:45:48,0.101936
2024-07-08 18:45:49,0.13996
2024-07-08 18:45:50,0.12676
2024-07-08 18:45:51,0.165928
2024-07-08 18:45:52,0.160552
2024-07-08 18:45:53,0.150552
2024-07-08 18:45:54,0.134928
2024-07-08 18:45:55,0.135928
2024-07-08 18:45:56,0.1404
2024-07-08 18:45:57,0.136224
2024-07-08 18:45:58,0.150368
2024-07-08 18:45:59,0.126624
2024-07-08 18:46:00,0.13828
2024-07-08 18:46:01,0.190696
2024-07-08 18:46:02,0.167752
2024-07-08 18:46:03,0.17152
2024-07-08 18:46:04,0.189592
2024-07-08 18:46:05,0.180608
2024-07-08 18:46:06,0.166704
2024-07-08 18:46:07,0.162056
2024-07-08 18:46:08,0.142488
2024-07-08 18:46:09,0.122696
2024-07-08 18:46:10,0.118056
2024-07-08 18:46:11,0.14848
2024-07-08 18:46:12,0.13044
2024-07-08 18:46:13,0.147784
2024-07-08 18:46:14,0.170472
2024-07-08 18:46:15,0.184992
2024-07-08 18:46:16,0.175992
2024-07-08 18:46:17,0.189288
2024-07-08 18:46:18,0.174312
2024-07-08 18:46:19,0.150192
2024-07-08 18:46:20,0.17372
2024-07-08 18:46:21,0.123776
2024-07-08 18:46:22,0.135752
2024-07-08 18:46:23,0.133288
2024-07-08 18:46:24,0.137032
2024-07-08 18:46:25,0.147248
2024-07-08 18:46:26,0.16396
2024-07-08 18:46:27,0.142496
2024-07-08 18:46:28,0.184104
2024-07-08 18:46:29,0.172344
2024-07-08 18:46:30,0.188144
2024-07-08 18:46:31,0.145992
2024-07-08 18:46:32,0.178432
2024-07-08 18:46:33,0.164432
2024-07-08 18:46:34,0.148032
2024-07-08 18:46:35,0.131384
2024-07-08 18:46:36,0.135216
2024-07-08 18:46:37,0.14796
2024-07-08 18:46:38,0.123992
2024-07-08 18:46:39,0.12676
2024-07-08 18:46:40,0.11116
2024-07-08 18:46:41,0.144464
2024-07-08 18:46:42,0.142312
2024-07-08 18:46:43,0.144144
2024-07-08 18:46:44,0.164392
2024-07-08 18:46:45,0.124392
2024-07-08 18:46:46,0.121184
2024-07-08 18:46:47,0.130624
2024-07-08 18:46:48,0.127736
2024-07-08 18:46:49,0.121712
2024-07-08 18:46:50,0.136568
2024-07-08 18:46:51,0.156864
2024-07-08 18:46:52,0.143224
2024-07-08 18:46:53,0.15336
2024-07-08 18:46:54,0.171976
2024-07-08 18:46:55,0.1682
2024-07-08 18:46:56,0.151552
2024-07-08 18:46:57,0.133904
2024-07-08 18:46:58,0.1458
2024-07-08 18:46:59,0.132416
2024-07-08 18:47:00,0.143992
2024-07-08 18:47:01,0.127392
2024-07-08 18:47:02,0.132336
2024-07-08 18:47:03,0.113128
2024-07-08 18:47:04,0.133216
2024-07-08 18:47:05,0.143008
2024-07-08 18:47:06,0.111488
2024-07-08 18:47:07,0.151368
2024-07-08 18:47:08,0.1308
2024-07-08 18:47:09,0.140752
2024-07-08 18:47:10,0.133376
2024-07-08 18:47:11,0.164888
2024-07-08 18:47:12,0.151384
2024-07-08 18:47:13,0.153696
2024-07-08 18:47:14,0.124992
2024-07-08 18:47:15,0.126184
2024-07-08 18:47:16,0.141864
2024-07-08 18:47:17,0.126008
2024-07-08 18:47:18,0.128152
2024-07-08 18:47:19,0.128312
2024-07-08 18:47:20,0.141576
2024-07-08 18:47:21,0.13812
2024-07-08 18:47:22,0.155808
2024-07-08 18:47:23,0.159408
2024-07-08 18:47:24,0.157104
2024-07-08 18:47:25,0.16132
2024-07-08 18:47:26,0.187192
2024-07-08 18:47:27,0.163688
2024-07-08 18:47:28,0.18364
2024-07-08 18:47:29,0.226576
2024-07-08 18:47:30,0.20076
2024-07-08 18:47:31,0.176776
2024-07-08 18:47:32,0.16376
2024-07-08 18:47:33,0.181512
2024-07-08 18:47:34,0.136752
2024-07-08 18:47:35,0.144104
2024-07-08 18:47:36,0.130448
2024-07-08 18:47:37,0.13968
2024-07-08 18:47:38,0.134664
2024-07-08 18:47:39,0.132016
2024-07-08 18:47:40,0.12392
2024-07-08 18:47:41,0.123808
2024-07-08 18:47:42,0.167704
2024-07-08 18:47:43,0.198248
2024-07-08 18:47:44,0.164328
2024-07-08 18:47:45,0.171568
2024-07-08 18:47:46,0.124672
2024-07-08 18:47:47,0.136496
2024-07-08 18:47:48,0.150576
2024-07-08 18:47:49,0.156888
2024-07-08 18:47:50,0.15728
2024-07-08 18:47:51,0.193
2024-07-08 18:47:52,0.176272
2024-07-08 18:47:53,0.177168
2024-07-08 18:47:54,0.121712
2024-07-08 18:47:55,0.126032
2024-07-08 18:47:56,0.1768
2024-07-08 18:47:57,0.129392
2024-07-08 18:47:58,0.167448
2024-07-08 18:47:59,0.187232
2024-07-08 18:48:00,0.141344
2024-07-08 18:48:01,0.144832
2024-07-08 18:48:02,0.156696
2024-07-08 18:48:03,0.129328
2024-07-08 18:48:04,0.129304
2024-07-08 18:48:05,0.138384
2024-07-08 18:48:06,0.128368
2024-07-08 18:48:07,0.137152
2024-07-08 18:48:08,0.123112
2024-07-08 18:48:09,0.128656
2024-07-08 18:48:10,0.113232
2024-07-08 18:48:11,0.129904
2024-07-08 18:48:12,0.146296
2024-07-08 18:48:13,0.176424
2024-07-08 18:48:14,0.186016
2024-07-08 18:48:15,0.205
2024-07-08 18:48:16,0.15268
2024-07-08 18:48:17,0.17716
2024-07-08 18:48:18,0.14372
2024-07-08 18:48:19,0.14116
2024-07-08 18:48:20,0.148352
2024-07-08 18:48:21,0.152096
2024-07-08 18:48:22,0.1464
2024-07-08 18:48:23,0.14576
2024-07-08 18:48:24,0.147768
2024-07-08 18:48:25,0.141104
2024-07-08 18:48:26,0.136272
2024-07-08 18:48:27,0.147848
2024-07-08 18:48:28,0.151096
2024-07-08 18:48:29,0.174896
2024-07-08 18:48:30,0.16964
2024-07-08 18:48:31,0.168184
2024-07-08 18:48:32,0.147504
2024-07-08 18:48:33,0.124128
2024-07-08 18:48:34,0.13804
2024-07-08 18:48:35,0.128016
2024-07-08 18:48:36,0.110288
2024-07-08 18:48:37,0.133736
2024-07-08 18:48:38,0.141856
2024-07-08 18:48:39,0.1064
2024-07-08 18:48:40,0.111744
2024-07-08 18:48:41,0.105832
2024-07-08 18:48:42,0.107952
2024-07-08 18:48:43,0.107992
2024-07-08 18:48:44,0.10708
2024-07-08 18:48:45,0.107976
2024-07-08 18:48:46,0.113216
2024-07-08 18:48:47,0.108264
2024-07-08 18:48:48,0.1106
2024-07-08 18:48:49,0.142392
2024-07-08 18:48:50,0.156216
2024-07-08 18:48:51,0.19516
2024-07-08 18:48:52,0.161152
2024-07-08 18:48:53,0.155024
2024-07-08 18:48:54,0.160568
2024-07-08 18:48:55,0.176032
2024-07-08 18:48:56,0.1716
2024-07-08 18:48:57,0.198
2024-07-08 18:48:58,0.16244
2024-07-08 18:48:59,0.1798
2024-07-08 18:49:00,0.177752
2024-07-08 18:49:01,0.163992
2024-07-08 18:49:02,0.129608
2024-07-08 18:49:03,0.146384
2024-07-08 18:49:04,0.158848
2024-07-08 18:49:05,0.17476
2024-07-08 18:49:06,0.174104
2024-07-08 18:49:07,0.2026
2024-07-08 18:49:08,0.181976
2024-07-08 18:49:09,0.148312
2024-07-08 18:49:10,0.12892
2024-07-08 18:49:11,0.149096
2024-07-08 18:49:12,0.16224
2024-07-08 18:49:13,0.176864
2024-07-08 18:49:14,0.179256
2024-07-08 18:49:15,0.15228
2024-07-08 18:49:16,0.135312
2024-07-08 18:49:17,0.133792
2024-07-08 18:49:18,0.161936
2024-07-08 18:49:19,0.217168
2024-07-08 18:49:20,0.26464
2024-07-08 18:49:21,0.220712
2024-07-08 18:49:22,0.22616
2024-07-08 18:49:23,0.209264
2024-07-08 18:49:24,0.174752
2024-07-08 18:49:25,0.187032
2024-07-08 18:49:26,0.164472
2024-07-08 18:49:27,0.175424
2024-07-08 18:49:28,0.189712
2024-07-08 18:49:29,0.217648
2024-07-08 18:49:30,0.156448
2024-07-08 18:49:31,0.167584
2024-07-08 18:49:32,0.188816
2024-07-08 18:49:33,0.210232
2024-07-08 18:49:34,0.182128
2024-07-08 18:49:35,0.176464
2024-07-08 18:49:36,0.21172
2024-07-08 18:49:37,0.1714
2024-07-08 18:49:38,0.189864
2024-07-08 18:49:39,0.197912
2024-07-08 18:49:40,0.163656
2024-07-08 18:49:41,0.160192
2024-07-08 18:49:42,0.144984
2024-07-08 18:49:43,0.152384
2024-07-08 18:49:44,0.160664
2024-07-08 18:49:45,0.178
2024-07-08 18:49:46,0.185808
2024-07-08 18:49:47,0.190856
2024-07-08 18:49:48,0.173856
2024-07-08 18:49:49,0.16364
2024-07-08 18:49:50,0.163744
2024-07-08 18:49:51,0.198384
2024-07-08 18:49:52,0.15108
2024-07-08 18:49:53,0.143752
2024-07-08 18:49:54,0.145704
2024-07-08 18:49:55,0.16268
2024-07-08 18:49:56,0.147144
2024-07-08 18:49:57,0.1484
2024-07-08 18:49:58,0.143208
2024-07-08 18:49:59,0.098976
2024-07-08 18:50:00,0.124872
2024-07-08 18:50:01,0.128528
2024-07-08 18:50:02,0.122024
2024-07-08 18:50:03,0.128904
2024-07-08 18:50:04,0.162304
2024-07-08 18:50:05,0.17816
2024-07-08 18:50:06,0.192024
2024-07-08 18:50:07,0.195688
2024-07-08 18:50:08,0.192552
2024-07-08 18:50:09,0.137352
2024-07-08 18:50:10,0.168248
2024-07-08 18:50:11,0.161568
2024-07-08 18:50:12,0.140008
2024-07-08 18:50:13,0.146136
2024-07-08 18:50:14,0.12496
2024-07-08 18:50:15,0.130768
2024-07-08 18:50:16,0.131848
2024-07-08 18:50:17,0.122232
2024-07-08 18:50:18,0.138752
2024-07-08 18:50:19,0.129664
2024-07-08 18:50:20,0.142784
2024-07-08 18:50:21,0.119024
2024-07-08 18:50:22,0.133976
2024-07-08 18:50:23,0.195824
2024-07-08 18:50:24,0.209568
2024-07-08 18:50:25,0.20024
2024-07-08 18:50:26,0.20244
2024-07-08 18:50:27,0.171032
2024-07-08 18:50:28,0.154472
2024-07-08 18:50:29,0.15436
2024-07-08 18:50:30,0.15844
2024-07-08 18:50:31,0.130448
2024-07-08 18:50:32,0.153432
2024-07-08 18:50:33,0.176768
2024-07-08 18:50:34,0.151584
2024-07-08 18:50:35,0.177496
2024-07-08 18:50:36,0.206856
2024-07-08 18:50:37,0.232
2024-07-08 18:50:38,0.21188
2024-07-08 18:50:39,0.167616
2024-07-08 18:50:40,0.118864
2024-07-08 18:50:41,0.123416
2024-07-08 18:50:42,0.118616
2024-07-08 18:50:43,0.158232
2024-07-08 18:50:44,0.133976
2024-07-08 18:50:45,0.143272
2024-07-08 18:50:46,0.140104
2024-07-08 18:50:47,0.150064
2024-07-08 18:50:48,0.147736
2024-07-08 18:50:49,0.157608
2024-07-08 18:50:50,0.149928
2024-07-08 18:50:51,0.192608
2024-07-08 18:50:52,0.166816
2024-07-08 18:50:53,0.1936
2024-07-08 18:50:54,0.191168
2024-07-08 18:50:55,0.209544
2024-07-08 18:50:56,0.228368
2024-07-08 18:50:57,0.208624
2024-07-08 18:50:58,0.217992
2024-07-08 18:50:59,0.255584
2024-07-08 18:51:00,0.20404
2024-07-08 18:51:01,0.20588
2024-07-08 18:51:02,0.20948
2024-07-08 18:51:03,0.172456
2024-07-08 18:51:04,0.23392
2024-07-08 18:51:05,0.215416
2024-07-08 18:51:06,0.185936
2024-07-08 18:51:07,0.194776
2024-07-08 18:51:08,0.202024
2024-07-08 18:51:09,0.181728
2024-07-08 18:51:10,0.204288
2024-07-08 18:51:11,0.232952
2024-07-08 18:51:12,0.252272
2024-07-08 18:51:13,0.208496
2024-07-08 18:51:14,0.203168
2024-07-08 18:51:15,0.179872
2024-07-08 18:51:16,0.198568
2024-07-08 18:51:17,0.148248
2024-07-08 18:51:18,0.149952
2024-07-08 18:51:19,0.1286
2024-07-08 18:51:20,0.149656
2024-07-08 18:51:21,0.136528
2024-07-08 18:51:22,0.151528
2024-07-08 18:51:23,0.171424
2024-07-08 18:51:24,0.168224
2024-07-08 18:51:25,0.144728
2024-07-08 18:51:26,0.165256
2024-07-08 18:51:27,0.16776
2024-07-08 18:51:28,0.151216
2024-07-08 18:51:29,0.1746
2024-07-08 18:51:30,0.155752
2024-07-08 18:51:31,0.139232
2024-07-08 18:51:32,0.145656
2024-07-08 18:51:33,0.13728
2024-07-08 18:51:34,0.150808
2024-07-08 18:51:35,0.136088
2024-07-08 18:51:36,0.15988
2024-07-08 18:51:37,0.179432
2024-07-08 18:51:38,0.167776
2024-07-08 18:51:39,0.197864
2024-07-08 18:51:40,0.15676
2024-07-08 18:51:41,0.175176
2024-07-08 18:51:42,0.158752
2024-07-08 18:51:43,0.18456
2024-07-08 18:51:44,0.20528
2024-07-08 18:51:45,0.160344
2024-07-08 18:51:46,0.150832
2024-07-08 18:51:47,0.149352
2024-07-08 18:51:48,0.127776
2024-07-08 18:51:49,0.1806
2024-07-08 18:51:50,0.170256
2024-07-08 18:51:51,0.197368
2024-07-08 18:51:52,0.166744
2024-07-08 18:51:53,0.1484
2024-07-08 18:51:54,0.137
2024-07-08 18:51:55,0.14808
2024-07-08 18:51:56,0.15072
2024-07-08 18:51:57,0.208232
2024-07-08 18:51:58,0.19748
2024-07-08 18:51:59,0.211088
2024-07-08 18:52:00,0.192656
2024-07-08 18:52:01,0.133952
2024-07-08 18:52:02,0.193312
2024-07-08 18:52:03,0.160912
2024-07-08 18:52:04,0.184944
2024-07-08 18:52:05,0.163024
2024-07-08 18:52:06,0.17744
2024-07-08 18:52:07,0.205672
2024-07-08 18:52:08,0.192352
2024-07-08 18:52:09,0.188392
2024-07-08 18:52:10,0.211496
2024-07-08 18:52:11,0.128408
2024-07-08 18:52:12,0.137648
2024-07-08 18:52:13,0.116152
2024-07-08 18:52:14,0.14944
2024-07-08 18:52:15,0.14968
2024-07-08 18:52:16,0.146416
2024-07-08 18:52:17,0.17648
2024-07-08 18:52:18,0.201584
2024-07-08 18:52:19,0.182824
2024-07-08 18:52:20,0.189304
2024-07-08 18:52:21,0.240744
2024-07-08 18:52:22,0.177496
2024-07-08 18:52:23,0.19812
2024-07-08 18:52:24,0.185592
2024-07-08 18:52:25,0.178
2024-07-08 18:52:26,0.186144
2024-07-08 18:52:27,0.15264
2024-07-08 18:52:28,0.178712
2024-07-08 18:52:29,0.178224
2024-07-08 18:52:30,0.160496
2024-07-08 18:52:31,0.218032
2024-07-08 18:52:32,0.1536
2024-07-08 18:52:33,0.161864
2024-07-08 18:52:34,0.137488
2024-07-08 18:52:35,0.12728
2024-07-08 18:52:36,0.139
2024-07-08 18:52:37,0.135904
2024-07-08 18:52:38,0.143168
2024-07-08 18:52:39,0.151864
2024-07-08 18:52:40,0.14912
2024-07-08 18:52:41,0.154704
2024-07-08 18:52:42,0.152208
2024-07-08 18:52:43,0.1484
2024-07-08 18:52:44,0.184776
2024-07-08 18:52:45,0.16104
2024-07-08 18:52:46,0.160504
2024-07-08 18:52:47,0.225008
2024-07-08 18:52:48,0.332744
2024-07-08 18:52:49,0.277448
2024-07-08 18:52:50,0.216728
2024-07-08 18:52:51,0.218672
2024-07-08 18:52:52,0.172448
2024-07-08 18:52:53,0.164232
2024-07-08 18:52:54,0.157512
2024-07-08 18:52:55,0.172288
2024-07-08 18:52:56,0.148536
2024-07-08 18:52:57,0.159584
2024-07-08 18:52:58,0.154112
2024-07-08 18:52:59,0.159576
2024-07-08 18:53:00,0.175208
2024-07-08 18:53:01,0.179048
2024-07-08 18:53:02,0.145408
2024-07-08 18:53:03,0.133072
2024-07-08 18:53:04,0.17584
2024-07-08 18:53:05,0.134984
2024-07-08 18:53:06,0.13572
2024-07-08 18:53:07,0.127768
2024-07-08 18:53:08,0.150104
2024-07-08 18:53:09,0.154448
2024-07-08 18:53:10,0.174072
2024-07-08 18:53:11,0.188704
2024-07-08 18:53:12,0.1778
2024-07-08 18:53:13,0.17716
2024-07-08 18:53:14,0.169432
2024-07-08 18:53:15,0.152544
2024-07-08 18:53:16,0.15724
2024-07-08 18:53:17,0.162272
2024-07-08 18:53:18,0.161496
2024-07-08 18:53:19,0.197904
2024-07-08 18:53:20,0.1664
2024-07-08 18:53:21,0.142952
2024-07-08 18:53:22,0.171704
2024-07-08 18:53:23,0.17708
2024-07-08 18:53:24,0.169512
2024-07-08 18:53:25,0.193728
2024-07-08 18:53:26,0.162288
2024-07-08 18:53:27,0.150112
2024-07-08 18:53:28,0.138312
2024-07-08 18:53:29,0.170568
2024-07-08 18:53:30,0.189608
2024-07-08 18:53:31,0.189272
2024-07-08 18:53:32,0.195792
2024-07-08 18:53:33,0.207968
2024-07-08 18:53:34,0.173824
2024-07-08 18:53:35,0.18992
2024-07-08 18:53:36,0.155136
2024-07-08 18:53:37,0.154912
2024-07-08 18:53:38,0.164048
2024-07-08 18:53:39,0.131784
2024-07-08 18:53:40,0.127552
2024-07-08 18:53:41,0.122416
2024-07-08 18:53:42,0.14376
2024-07-08 18:53:43,0.13912
2024-07-08 18:53:44,0.190768
2024-07-08 18:53:45,0.191304
2024-07-08 18:53:46,0.2298
2024-07-08 18:53:47,0.1862
2024-07-08 18:53:48,0.183376
2024-07-08 18:53:49,0.188704
2024-07-08 18:53:50,0.167272
2024-07-08 18:53:51,0.212992
2024-07-08 18:53:52,0.203776
2024-07-08 18:53:53,0.202376
2024-07-08 18:53:54,0.199256
2024-07-08 18:53:55,0.192544
2024-07-08 18:53:56,0.198448
2024-07-08 18:53:57,0.228632
2024-07-08 18:53:58,0.18608
2024-07-08 18:53:59,0.168648
2024-07-08 18:54:00,0.143896
2024-07-08 18:54:01,0.17976
2024-07-08 18:54:02,0.154392
2024-07-08 18:54:03,0.155344
2024-07-08 18:54:04,0.15768
2024-07-08 18:54:05,0.180568
2024-07-08 18:54:06,0.167656
2024-07-08 18:54:07,0.161328
2024-07-08 18:54:08,0.153904
2024-07-08 18:54:09,0.167776
2024-07-08 18:54:10,0.175104
2024-07-08 18:54:11,0.210944
2024-07-08 18:54:12,0.226784
2024-07-08 18:54:13,0.186688
2024-07-08 18:54:14,0.208232
2024-07-08 18:54:15,0.193768
2024-07-08 18:54:16,0.205328
2024-07-08 18:54:17,0.200568
2024-07-08 18:54:18,0.192072
2024-07-08 18:54:19,0.1428
2024-07-08 18:54:20,0.12408
2024-07-08 18:54:21,0.15952
2024-07-08 18:54:22,0.168952
2024-07-08 18:54:23,0.1924
2024-07-08 18:54:24,0.199024
2024-07-08 18:54:25,0.162104
2024-07-08 18:54:26,0.180168
2024-07-08 18:54:27,0.199272
2024-07-08 18:54:28,0.151568
2024-07-08 18:54:29,0.155776
2024-07-08 18:54:30,0.149256
2024-07-08 18:54:31,0.169712
2024-07-08 18:54:32,0.136048
2024-07-08 18:54:33,0.15776
2024-07-08 18:54:34,0.16352
2024-07-08 18:54:35,0.142056
2024-07-08 18:54:36,0.14348
2024-07-08 18:54:37,0.138952
2024-07-08 18:54:38,0.1436
2024-07-08 18:54:39,0.109968
2024-07-08 18:54:40,0.147776
2024-07-08 18:54:41,0.137504
2024-07-08 18:54:42,0.149704
2024-07-08 18:54:43,0.122136
2024-07-08 18:54:44,0.110496
2024-07-08 18:54:45,0.121608
2024-07-08 18:54:46,0.147024
2024-07-08 18:54:47,0.179096
2024-07-08 18:54:48,0.197496
2024-07-08 18:54:49,0.202296
2024-07-08 18:54:50,0.164864
2024-07-08 18:54:51,0.196728
2024-07-08 18:54:52,0.164064
2024-07-08 18:54:53,0.159816
2024-07-08 18:54:54,0.17032
2024-07-08 18:54:55,0.182688
2024-07-08 18:54:56,0.186496
2024-07-08 18:54:57,0.18476
2024-07-08 18:54:58,0.219616
2024-07-08 18:54:59,0.175584
2024-07-08 18:55:00,0.157216
2024-07-08 18:55:01,0.162304
2024-07-08 18:55:02,0.16112
2024-07-08 18:55:03,0.186656
2024-07-08 18:55:04,0.17588
2024-07-08 18:55:05,0.181064
2024-07-08 18:55:06,0.164248
2024-07-08 18:55:07,0.157064
2024-07-08 18:55:08,0.143776
2024-07-08 18:55:09,0.135472
2024-07-08 18:55:10,0.139552
2024-07-08 18:55:11,0.132328
2024-07-08 18:55:12,0.142888
2024-07-08 18:55:13,0.159056
2024-07-08 18:55:14,0.124576
2024-07-08 18:55:15,0.170848
2024-07-08 18:55:16,0.226656
2024-07-08 18:55:17,0.244376
2024-07-08 18:55:18,0.223056
2024-07-08 18:55:19,0.218296
2024-07-08 18:55:20,0.239264
2024-07-08 18:55:21,0.2252
2024-07-08 18:55:22,0.178328
2024-07-08 18:55:23,0.182472
2024-07-08 18:55:24,0.194912
2024-07-08 18:55:25,0.193136
2024-07-08 18:55:26,0.240664
2024-07-08 18:55:27,0.2298
2024-07-08 18:55:28,0.228688
2024-07-08 18:55:29,0.214072
2024-07-08 18:55:30,0.240192
2024-07-08 18:55:31,0.268224
2024-07-08 18:55:32,0.22104
2024-07-08 18:55:33,0.195648
2024-07-08 18:55:34,0.235632
2024-07-08 18:55:35,0.169008
2024-07-08 18:55:36,0.187408
2024-07-08 18:55:37,0.192928
2024-07-08 18:55:38,0.178432
2024-07-08 18:55:39,0.19588
2024-07-08 18:55:40,0.232672
2024-07-08 18:55:41,0.243928
2024-07-08 18:55:42,0.183512
2024-07-08 18:55:43,0.26376
2024-07-08 18:55:44,0.201496
2024-07-08 18:55:45,0.174056
2024-07-08 18:55:46,0.146112
2024-07-08 18:55:47,0.154704
2024-07-08 18:55:48,0.161576
2024-07-08 18:55:49,0.139928
2024-07-08 18:55:50,0.148072
2024-07-08 18:55:51,0.232072
2024-07-08 18:55:52,0.194408
2024-07-08 18:55:53,0.190368
2024-07-08 18:55:54,0.236552
2024-07-08 18:55:55,0.188816
2024-07-08 18:55:56,0.20128
2024-07-08 18:55:57,0.201576
2024-07-08 18:55:58,0.20296
2024-07-08 18:55:59,0.156816
2024-07-08 18:56:00,0.17836
2024-07-08 18:56:01,0.171536
2024-07-08 18:56:02,0.15832
2024-07-08 18:56:03,0.164056
2024-07-08 18:56:04,0.151496
2024-07-08 18:56:05,0.137408
2024-07-08 18:56:06,0.148872
2024-07-08 18:56:07,0.157512
2024-07-08 18:56:08,0.155592
2024-07-08 18:56:09,0.157656
2024-07-08 18:56:10,0.133432
2024-07-08 18:56:11,0.147232
2024-07-08 18:56:12,0.178776
2024-07-08 18:56:13,0.150352
2024-07-08 18:56:14,0.148728
2024-07-08 18:56:15,0.150984
2024-07-08 18:56:16,0.14644
2024-07-08 18:56:17,0.158496
2024-07-08 18:56:18,0.127264
2024-07-08 18:56:19,0.127856
2024-07-08 18:56:20,0.128408
2024-07-08 18:56:21,0.133128
2024-07-08 18:56:22,0.137064
2024-07-08 18:56:23,0.118104
2024-07-08 18:56:24,0.11332
2024-07-08 18:56:25,0.100408
2024-07-08 18:56:26,0.108664
2024-07-08 18:56:27,0.128528
2024-07-08 18:56:28,0.115632
2024-07-08 18:56:29,0.101784
2024-07-08 18:56:30,0.139848
2024-07-08 18:56:31,0.121912
2024-07-08 18:56:32,0.112776
2024-07-08 18:56:33,0.119056
2024-07-08 18:56:34,0.109704
2024-07-08 18:56:35,0.140824
2024-07-08 18:56:36,0.16484
2024-07-08 18:56:37,0.187272
2024-07-08 18:56:38,0.155704
2024-07-08 18:56:39,0.191688
2024-07-08 18:56:40,0.159488
2024-07-08 18:56:41,0.170648
2024-07-08 18:56:42,0.13696
2024-07-08 18:56:43,0.139056
2024-07-08 18:56:44,0.165984
2024-07-08 18:56:45,0.135512
2024-07-08 18:56:46,0.141696
2024-07-08 18:56:47,0.165672
2024-07-08 18:56:48,0.18508
2024-07-08 18:56:49,0.170824
2024-07-08 18:56:50,0.186824
2024-07-08 18:56:51,0.221424
2024-07-08 18:56:52,0.125136
2024-07-08 18:56:53,0.135688
2024-07-08 18:56:54,0.142224
2024-07-08 18:56:55,0.142016
2024-07-08 18:56:56,0.15084
2024-07-08 18:56:57,0.149248
2024-07-08 18:56:58,0.146184
2024-07-08 18:56:59,0.126136
2024-07-08 18:57:00,0.103048
2024-07-08 18:57:01,0.121976
2024-07-08 18:57:02,0.103264
2024-07-08 18:57:03,0.118456
2024-07-08 18:57:04,0.124416
2024-07-08 18:57:05,0.14784
2024-07-08 18:57:06,0.159064
2024-07-08 18:57:07,0.184256
2024-07-08 18:57:08,0.17772
2024-07-08 18:57:09,0.153128
2024-07-08 18:57:10,0.145456
2024-07-08 18:57:11,0.141712
2024-07-08 18:57:12,0.13896
2024-07-08 18:57:13,0.125728
2024-07-08 18:57:14,0.12712
2024-07-08 18:57:15,0.182744
2024-07-08 18:57:16,0.152848
2024-07-08 18:57:17,0.16028
2024-07-08 18:57:18,0.153416
2024-07-08 18:57:19,0.146592
2024-07-08 18:57:20,0.171848
2024-07-08 18:57:21,0.14364
2024-07-08 18:57:22,0.121432
2024-07-08 18:57:23,0.106752
2024-07-08 18:57:24,0.1232
2024-07-08 18:57:25,0.114776
2024-07-08 18:57:26,0.143
2024-07-08 18:57:27,0.175224
2024-07-08 18:57:28,0.143344
2024-07-08 18:57:29,0.201584
2024-07-08 18:57:30,0.212328
2024-07-08 18:57:31,0.222288
2024-07-08 18:57:32,0.217976
2024-07-08 18:57:33,0.20208
2024-07-08 18:57:34,0.225512
2024-07-08 18:57:35,0.209528
2024-07-08 18:57:36,0.226824
2024-07-08 18:57:37,0.215624
2024-07-08 18:57:38,0.162112
2024-07-08 18:57:39,0.191504
2024-07-08 18:57:40,0.168864
2024-07-08 18:57:41,0.11476
2024-07-08 18:57:42,0.113664
2024-07-08 18:57:43,0.120112
2024-07-08 18:57:44,0.1178
2024-07-08 18:57:45,0.105784
2024-07-08 18:57:46,0.122344
2024-07-08 18:57:47,0.164008
2024-07-08 18:57:48,0.146488
2024-07-08 18:57:49,0.1686
2024-07-08 18:57:50,0.155144
2024-07-08 18:57:51,0.173272
2024-07-08 18:57:52,0.172392
2024-07-08 18:57:53,0.166248
2024-07-08 18:57:54,0.179248
2024-07-08 18:57:55,0.191768
2024-07-08 18:57:56,0.232256
2024-07-08 18:57:57,0.191672
2024-07-08 18:57:58,0.223368
2024-07-08 18:57:59,0.20204
2024-07-08 18:58:00,0.206592
2024-07-08 18:58:01,0.21164
2024-07-08 18:58:02,0.194568
2024-07-08 18:58:03,0.150416
2024-07-08 18:58:04,0.121688
2024-07-08 18:58:05,0.172296
2024-07-08 18:58:06,0.136008
2024-07-08 18:58:07,0.137336
2024-07-08 18:58:08,0.125008
2024-07-08 18:58:09,0.131032
2024-07-08 18:58:10,0.11524
2024-07-08 18:58:11,0.141744
2024-07-08 18:58:12,0.171016
2024-07-08 18:58:13,0.18304
2024-07-08 18:58:14,0.171776
2024-07-08 18:58:15,0.187792
2024-07-08 18:58:16,0.189904
2024-07-08 18:58:17,0.158064
2024-07-08 18:58:18,0.158792
2024-07-08 18:58:19,0.186608
2024-07-08 18:58:20,0.184688
2024-07-08 18:58:21,0.192824
2024-07-08 18:58:22,0.243792
2024-07-08 18:58:23,0.239672
2024-07-08 18:58:24,0.2378
2024-07-08 18:58:25,0.269816
2024-07-08 18:58:26,0.191152
2024-07-08 18:58:27,0.209872
2024-07-08 18:58:28,0.224376
2024-07-08 18:58:29,0.208936
2024-07-08 18:58:30,0.247496
2024-07-08 18:58:31,0.236048
2024-07-08 18:58:32,0.202872
2024-07-08 18:58:33,0.2058
2024-07-08 18:58:34,0.200672
2024-07-08 18:58:35,0.144464
2024-07-08 18:58:36,0.13596
2024-07-08 18:58:37,0.123936
2024-07-08 18:58:38,0.115648
2024-07-08 18:58:39,0.127544
2024-07-08 18:58:40,0.126288
2024-07-08 18:58:41,0.1472
2024-07-08 18:58:42,0.167112
2024-07-08 18:58:43,0.143792
2024-07-08 18:58:44,0.163424
2024-07-08 18:58:45,0.162128
2024-07-08 18:58:46,0.180768
2024-07-08 18:58:47,0.177144
2024-07-08 18:58:48,0.165912
2024-07-08 18:58:49,0.143328
2024-07-08 18:58:50,0.175736
2024-07-08 18:58:51,0.216672
2024-07-08 18:58:52,0.1702
2024-07-08 18:58:53,0.184008
2024-07-08 18:58:54,0.208096
2024-07-08 18:58:55,0.167928
2024-07-08 18:58:56,0.201328
2024-07-08 18:58:57,0.189552
2024-07-08 18:58:58,0.16608
2024-07-08 18:58:59,0.157528
2024-07-08 18:59:00,0.159496
2024-07-08 18:59:01,0.171128
2024-07-08 18:59:02,0.129584
2024-07-08 18:59:03,0.11972
2024-07-08 18:59:04,0.132536
2024-07-08 18:59:05,0.136496
2024-07-08 18:59:06,0.12356
2024-07-08 18:59:07,0.162512
2024-07-08 18:59:08,0.151792
2024-07-08 18:59:09,0.164256
2024-07-08 18:59:10,0.180048
2024-07-08 18:59:11,0.15624
2024-07-08 18:59:12,0.187904
2024-07-08 18:59:13,0.194256
2024-07-08 18:59:14,0.196672
2024-07-08 18:59:15,0.17608
2024-07-08 18:59:16,0.205096
2024-07-08 18:59:17,0.210336
2024-07-08 18:59:18,0.140432
2024-07-08 18:59:19,0.167888
2024-07-08 18:59:20,0.172176
2024-07-08 18:59:21,0.171416
2024-07-08 18:59:22,0.180544
2024-07-08 18:59:23,0.15492
2024-07-08 18:59:24,0.140328
2024-07-08 18:59:25,0.14736
2024-07-08 18:59:26,0.15868
2024-07-08 18:59:27,0.192824
2024-07-08 18:59:28,0.192104
2024-07-08 18:59:29,0.217544
2024-07-08 18:59:30,0.20448
2024-07-08 18:59:31,0.173984
2024-07-08 18:59:32,0.201872
2024-07-08 18:59:33,0.193504
2024-07-08 18:59:34,0.17448
2024-07-08 18:59:35,0.153072
2024-07-08 18:59:36,0.155312
2024-07-08 18:59:37,0.134784
2024-07-08 18:59:38,0.138408
2024-07-08 18:59:39,0.12152
2024-07-08 18:59:40,0.112288
2024-07-08 18:59:41,0.113392
2024-07-08 18:59:42,0.121208
2024-07-08 18:59:43,0.211552
2024-07-08 18:59:44,0.171392
2024-07-08 18:59:45,0.231808
2024-07-08 18:59:46,0.185424
2024-07-08 18:59:47,0.199872
2024-07-08 18:59:48,0.201856
2024-07-08 18:59:49,0.209528
2024-07-08 18:59:50,0.184056
2024-07-08 18:59:51,0.266248
2024-07-08 18:59:52,0.224664
2024-07-08 18:59:53,0.231856
2024-07-08 18:59:54,0.268208
2024-07-08 18:59:55,0.295768
2024-07-08 18:59:56,0.232928
2024-07-08 18:59:57,0.21376
2024-07-08 18:59:58,0.247072
2024-07-08 18:59:59,0.231256
2024-07-08 19:00:00,0.228048
2024-07-08 19:00:01,0.237496
2024-07-08 19:00:02,0.254488
2024-07-08 19:00:03,0.240552
2024-07-08 19:00:04,0.221864
2024-07-08 19:00:05,0.22668
2024-07-08 19:00:06,0.190712
2024-07-08 19:00:07,0.196208
2024-07-08 19:00:08,0.226792
2024-07-08 19:00:09,0.204104
2024-07-08 19:00:10,0.221504
2024-07-08 19:00:11,0.20288
2024-07-08 19:00:12,0.179192
2024-07-08 19:00:13,0.166872
2024-07-08 19:00:14,0.181784
2024-07-08 19:00:15,0.219696
2024-07-08 19:00:16,0.226888
2024-07-08 19:00:17,0.154904
2024-07-08 19:00:18,0.147808
2024-07-08 19:00:19,0.201032
2024-07-08 19:00:20,0.214608
2024-07-08 19:00:21,0.193664
2024-07-08 19:00:22,0.189824
2024-07-08 19:00:23,0.206176
2024-07-08 19:00:24,0.118328
2024-07-08 19:00:25,0.100368
2024-07-08 19:00:26,0.085288
2024-07-08 19:00:27,0.0778
2024-07-08 19:00:28,0.058456
2024-07-08 19:00:29,0.00124
2024-07-08 19:00:30,0.00188
2024-07-08 19:00:31,0.00444
2024-07-08 19:11:34,0.004488
2024-07-08 19:11:35,0.145632
2024-07-08 19:11:36,0.023192
2024-07-08 19:11:37,0.022984
2024-07-08 19:11:38,0.032856
2024-07-08 19:11:39,0.050872
2024-07-08 19:11:40,0.28828
2024-07-08 19:11:41,0.056696
2024-07-08 19:11:42,0.07184
2024-07-08 19:11:43,0.064576
2024-07-08 19:11:44,0.038008
2024-07-08 19:11:45,0.03312
2024-07-08 19:11:46,0.044264
2024-07-08 19:11:47,0.032448
2024-07-08 19:11:48,0.033368
2024-07-08 19:11:49,0.03884
2024-07-08 19:11:50,0.032432
2024-07-08 19:11:51,0.036296
2024-07-08 19:11:52,0.034464
2024-07-08 19:11:53,0.040208
2024-07-08 19:11:54,0.03976
2024-07-08 19:11:55,0.04052
2024-07-08 19:11:56,0.030872
2024-07-08 19:11:57,0.03416
2024-07-08 19:11:58,0.031528
2024-07-08 19:11:59,0.033816
2024-07-08 19:12:00,0.033688
2024-07-08 19:12:01,0.033232
2024-07-08 19:12:02,0.022984
2024-07-08 19:12:03,0.02552
2024-07-08 19:12:04,0.023088
2024-07-08 19:12:05,0.026656
2024-07-08 19:12:06,0.024192
2024-07-08 19:12:07,0.025448
2024-07-08 19:12:08,0.024096
2024-07-08 19:12:09,0.026456
2024-07-08 19:12:10,0.027096
2024-07-08 19:12:11,0.028648
2024-07-08 19:12:12,0.023096
2024-07-08 19:12:13,0.025552
2024-07-08 19:12:14,0.024192
2024-07-08 19:12:15,0.023552
2024-07-08 19:12:16,0.023808
2024-07-08 19:12:17,0.026744
2024-07-08 19:12:18,0.023896
2024-07-08 19:12:19,0.02556
2024-07-08 19:12:20,0.0228
2024-07-08 19:12:21,0.023448
2024-07-08 19:12:22,0.024192
2024-07-08 19:12:23,0.02436
2024-07-08 19:12:24,0.025096
2024-07-08 19:12:25,0.028648
2024-07-08 19:12:26,0.026096
2024-07-08 19:12:27,0.027456
2024-07-08 19:12:28,0.027288
2024-07-08 19:12:29,0.02836
2024-07-08 19:12:30,0.025096
2024-07-08 19:12:31,0.024456
2024-07-08 19:12:32,0.029368
2024-07-08 19:12:33,0.027456
2024-07-08 19:12:34,0.025088
2024-07-08 19:12:35,0.02956
2024-07-08 19:12:36,0.026088
2024-07-08 19:12:37,0.027456
2024-07-08 19:12:38,0.022192
2024-07-08 19:12:39,0.022552
2024-07-08 19:12:40,0.023192
2024-07-08 19:12:41,0.025856
2024-07-08 19:12:42,0.024192
2024-07-08 19:12:43,0.036288
2024-07-08 19:12:44,0.024904
2024-07-08 19:12:45,0.020264
2024-07-08 19:12:46,0.021808
2024-07-08 19:12:47,0.025264
2024-07-08 19:12:48,0.025904
2024-07-08 19:12:49,0.026168
2024-07-08 19:12:50,0.036744
2024-07-08 19:12:51,0.025552
2024-07-08 19:12:52,0.025184
2024-07-08 19:12:53,0.026456
2024-07-08 19:12:54,0.027192
2024-07-08 19:12:55,0.028552
2024-07-08 19:12:56,0.024096
2024-07-08 19:12:57,0.026448
2024-07-08 19:12:58,0.029296
2024-07-08 19:12:59,0.029448
2024-07-08 19:13:00,0.029192
2024-07-08 19:13:01,0.028552
2024-07-08 19:13:02,0.028272
2024-07-08 19:13:03,0.02736
2024-07-08 19:13:04,0.029288
2024-07-08 19:13:05,0.032552
2024-07-08 19:13:06,0.026096
2024-07-08 19:13:07,0.027552
2024-07-08 19:13:08,0.023192
2024-07-08 19:13:09,0.024456
2024-07-08 19:13:10,0.026096
2024-07-08 19:13:11,0.029456
2024-07-08 19:13:12,0.025096
2024-07-08 19:13:13,0.032648
2024-07-08 19:13:14,0.022504
2024-07-08 19:13:15,0.029136
2024-07-08 19:13:16,0.0222
2024-07-08 19:13:17,0.025864
2024-07-08 19:13:18,0.023
2024-07-08 19:13:19,0.029648
2024-07-08 19:13:20,0.027
2024-07-08 19:13:21,0.031648
2024-07-08 19:13:22,0.024096
2024-07-08 19:13:23,0.026552
2024-07-08 19:13:24,0.025992
2024-07-08 19:13:25,0.025456
2024-07-08 19:13:26,0.025288
2024-07-08 19:13:27,0.025456
2024-07-08 19:13:28,0.025192
2024-07-08 19:13:29,0.027552
2024-07-08 19:13:30,0.026192
2024-07-08 19:13:31,0.02636
2024-07-08 19:13:32,0.027664
2024-07-08 19:13:33,0.028456
2024-07-08 19:13:34,0.025288
2024-07-08 19:13:35,0.027456
2024-07-08 19:13:36,0.026192
2024-07-08 19:13:37,0.035664
2024-07-08 19:13:38,0.025904
2024-07-08 19:13:39,0.030264
2024-07-08 19:13:40,0.025904
2024-07-08 19:13:41,0.031264
2024-07-08 19:13:42,0.024808
2024-07-08 19:13:43,0.029264
2024-07-08 19:13:44,0.026904
2024-07-08 19:13:45,0.026536
2024-07-08 19:13:46,0.030632
2024-07-08 19:13:47,0.025904
2024-07-08 19:13:48,0.026168
2024-07-08 19:13:49,0.026904
2024-07-08 19:13:50,0.02836
2024-07-08 19:13:51,0.023808
2024-07-08 19:13:52,0.154872
2024-07-08 19:13:53,0.092784
2024-07-08 19:13:54,0.03868
2024-07-08 19:13:55,0.038488
2024-07-08 19:13:56,0.043528
2024-07-08 19:13:57,0.069448
2024-07-08 19:13:58,0.036848
2024-07-08 19:13:59,0.040288
2024-07-08 19:14:00,0.032648
2024-07-08 19:14:01,0.034528
2024-07-08 19:14:02,0.04228
2024-07-08 19:14:03,0.044984
2024-07-08 19:14:04,0.040248
2024-07-08 19:14:05,0.050968
2024-07-08 19:14:06,0.049248
2024-07-08 19:14:07,0.049024
2024-07-08 19:14:08,0.06032
2024-07-08 19:14:09,0.064984
2024-07-08 19:14:10,0.0388
2024-07-08 19:14:11,0.037792
2024-07-08 19:14:12,0.02908
2024-07-08 19:14:13,0.045112
2024-07-08 19:14:14,0.041216
2024-07-08 19:14:15,0.05792
2024-07-08 19:14:16,0.057616
2024-07-08 19:14:17,0.062656
2024-07-08 19:14:18,0.046888
2024-07-08 19:14:19,0.049928
2024-07-08 19:14:20,0.072408
2024-07-08 19:14:21,0.054664
2024-07-08 19:14:22,0.07564
2024-07-08 19:14:23,0.059632
2024-07-08 19:14:24,0.049888
2024-07-08 19:14:25,0.047656
2024-07-08 19:14:26,0.036248
2024-07-08 19:14:27,0.02848
2024-07-08 19:14:28,0.040952
2024-07-08 19:14:29,0.032648
2024-07-08 19:14:30,0.044824
2024-07-08 19:14:31,0.028472
2024-07-08 19:14:32,0.024952
2024-07-08 19:14:33,0.03524
2024-07-08 19:14:34,0.026696
2024-07-08 19:14:35,0.033976
2024-07-08 19:14:36,0.027064
2024-07-08 19:14:37,0.029112
2024-07-08 19:14:38,0.034464
2024-07-08 19:14:39,0.031048
2024-07-08 19:14:40,0.032408
2024-07-08 19:14:41,0.042464
2024-07-08 19:14:42,0.04204
2024-07-08 19:14:43,0.04524
2024-07-08 19:14:44,0.060656
2024-07-08 19:14:45,0.040528
2024-07-08 19:14:46,0.068048
2024-07-08 19:14:47,0.075584
2024-07-08 19:14:48,0.092232
2024-07-08 19:14:49,0.092496
2024-07-08 19:14:50,0.085184
2024-07-08 19:14:51,0.050936
2024-07-08 19:14:52,0.07744
2024-07-08 19:14:53,0.046744
2024-07-08 19:14:54,0.065408
2024-07-08 19:14:55,0.059008
2024-07-08 19:14:56,0.053984
2024-07-08 19:14:57,0.065976
2024-07-08 19:14:58,0.065904
2024-07-08 19:14:59,0.084288
2024-07-08 19:15:00,0.080664
2024-07-08 19:15:01,0.072264
2024-07-08 19:15:02,0.066536
2024-07-08 19:15:03,0.067024
2024-07-08 19:15:04,0.05396
2024-07-08 19:15:05,0.071672
2024-07-08 19:15:06,0.068896
2024-07-08 19:15:07,0.094208
2024-07-08 19:15:08,0.067784
2024-07-08 19:15:09,0.057152
2024-07-08 19:15:10,0.062896
2024-07-08 19:15:11,0.060792
2024-07-08 19:15:12,0.057472
2024-07-08 19:15:13,0.057584
2024-07-08 19:15:14,0.075576
2024-07-08 19:15:15,0.081576
2024-07-08 19:15:16,0.08944
2024-07-08 19:15:17,0.077688
2024-07-08 19:15:18,0.066128
2024-07-08 19:15:19,0.08112
2024-07-08 19:15:20,0.070152
2024-07-08 19:15:21,0.10648
2024-07-08 19:15:22,0.145704
2024-07-08 19:15:23,0.153672
2024-07-08 19:15:24,0.127048
2024-07-08 19:15:25,0.143256
2024-07-08 19:15:26,0.111912
2024-07-08 19:15:27,0.127496
2024-07-08 19:15:28,0.114856
2024-07-08 19:15:29,0.126456
2024-07-08 19:15:30,0.119712
2024-07-08 19:15:31,0.119072
2024-07-08 19:15:32,0.113992
2024-07-08 19:15:33,0.12336
2024-07-08 19:15:34,0.11304
2024-07-08 19:15:35,0.12628
2024-07-08 19:15:36,0.114488
2024-07-08 19:15:37,0.10872
2024-07-08 19:15:38,0.102376
2024-07-08 19:15:39,0.1208
2024-07-08 19:15:40,0.108336
2024-07-08 19:15:41,0.108144
2024-07-08 19:15:42,0.105264
2024-07-08 19:15:43,0.123096
2024-07-08 19:15:44,0.142432
2024-07-08 19:15:45,0.119968
2024-07-08 19:15:46,0.116752
2024-07-08 19:15:47,0.11196
2024-07-08 19:15:48,0.127432
2024-07-08 19:15:49,0.118336
2024-07-08 19:15:50,0.129608
2024-07-08 19:15:51,0.128456
2024-07-08 19:15:52,0.17048
2024-07-08 19:15:53,0.136928
2024-07-08 19:15:54,0.136344
2024-07-08 19:15:55,0.144416
2024-07-08 19:15:56,0.12496
2024-07-08 19:15:57,0.133032
2024-07-08 19:15:58,0.142
2024-07-08 19:15:59,0.145
2024-07-08 19:16:00,0.137704
2024-07-08 19:16:01,0.138928
2024-07-08 19:16:02,0.133568
2024-07-08 19:16:03,0.12064
2024-07-08 19:16:04,0.11832
2024-07-08 19:16:05,0.134992
2024-07-08 19:16:06,0.117152
2024-07-08 19:16:07,0.145912
2024-07-08 19:16:08,0.163568
2024-07-08 19:16:09,0.136584
2024-07-08 19:16:10,0.14876
2024-07-08 19:16:11,0.14284
2024-07-08 19:16:12,0.148728
2024-07-08 19:16:13,0.202408
2024-07-08 19:16:14,0.13128
2024-07-08 19:16:15,0.12948
2024-07-08 19:16:16,0.121032
2024-07-08 19:16:17,0.112288
2024-07-08 19:16:18,0.112416
2024-07-08 19:16:19,0.122888
2024-07-08 19:16:20,0.133528
2024-07-08 19:16:21,0.117992
2024-07-08 19:16:22,0.119816
2024-07-08 19:16:23,0.130648
2024-07-08 19:16:24,0.126248
2024-07-08 19:16:25,0.141496
2024-07-08 19:16:26,0.135504
2024-07-08 19:16:27,0.148896
2024-07-08 19:16:28,0.162296
2024-07-08 19:16:29,0.215576
2024-07-08 19:16:30,0.243304
2024-07-08 19:16:31,0.190592
2024-07-08 19:16:32,0.159992
2024-07-08 19:16:33,0.152432
2024-07-08 19:16:34,0.123904
2024-07-08 19:16:35,0.12396
2024-07-08 19:16:36,0.116864
2024-07-08 19:16:37,0.114784
2024-07-08 19:16:38,0.098048
2024-07-08 19:16:39,0.1174
2024-07-08 19:16:40,0.109416
2024-07-08 19:16:41,0.109792
2024-07-08 19:16:42,0.10688
2024-07-08 19:16:43,0.113776
2024-07-08 19:16:44,0.119432
2024-07-08 19:16:45,0.132928
2024-07-08 19:16:46,0.12572
2024-07-08 19:16:47,0.123224
2024-07-08 19:16:48,0.103184
2024-07-08 19:16:49,0.127384
2024-07-08 19:16:50,0.155952
2024-07-08 19:16:51,0.180784
2024-07-08 19:16:52,0.180928
2024-07-08 19:16:53,0.212176
2024-07-08 19:16:54,0.155736
2024-07-08 19:16:55,0.17064
2024-07-08 19:16:56,0.149384
2024-07-08 19:16:57,0.134272
2024-07-08 19:16:58,0.121672
2024-07-08 19:16:59,0.144912
2024-07-08 19:17:00,0.13752
2024-07-08 19:17:01,0.125448
2024-07-08 19:17:02,0.126264
2024-07-08 19:17:03,0.121128
2024-07-08 19:17:04,0.119656
2024-07-08 19:17:05,0.187392
2024-07-08 19:17:06,0.118592
2024-07-08 19:17:07,0.143104
2024-07-08 19:17:08,0.117696
2024-07-08 19:17:09,0.123824
2024-07-08 19:17:10,0.14376
2024-07-08 19:17:11,0.131688
2024-07-08 19:17:12,0.124704
2024-07-08 19:17:13,0.116744
2024-07-08 19:17:14,0.105528
2024-07-08 19:17:15,0.112944
2024-07-08 19:17:16,0.09596
2024-07-08 19:17:17,0.102296
2024-07-08 19:17:18,0.11352
2024-07-08 19:17:19,0.127928
2024-07-08 19:17:20,0.115872
2024-07-08 19:17:21,0.173112
2024-07-08 19:17:22,0.155896
2024-07-08 19:17:23,0.141
2024-07-08 19:17:24,0.140776
2024-07-08 19:17:25,0.133896
2024-07-08 19:17:26,0.111144
2024-07-08 19:17:27,0.136464
2024-07-08 19:17:28,0.122112
2024-07-08 19:17:29,0.112048
2024-07-08 19:17:30,0.132144
2024-07-08 19:17:31,0.112936
2024-07-08 19:17:32,0.117024
2024-07-08 19:17:33,0.111416
2024-07-08 19:17:34,0.109984
2024-07-08 19:17:35,0.122632
2024-07-08 19:17:36,0.116456
2024-07-08 19:17:37,0.129816
2024-07-08 19:17:38,0.102768
2024-07-08 19:17:39,0.157416
2024-07-08 19:17:40,0.109952
2024-07-08 19:17:41,0.148608
2024-07-08 19:17:42,0.132968
2024-07-08 19:17:43,0.152912
2024-07-08 19:17:44,0.13588
2024-07-08 19:17:45,0.131968
2024-07-08 19:17:46,0.121472
2024-07-08 19:17:47,0.13844
2024-07-08 19:17:48,0.131832
2024-07-08 19:17:49,0.129096
2024-07-08 19:17:50,0.11212
2024-07-08 19:17:51,0.124104
2024-07-08 19:17:52,0.12864
2024-07-08 19:17:53,0.14792
2024-07-08 19:17:54,0.120528
2024-07-08 19:17:55,0.107568
2024-07-08 19:17:56,0.112264
2024-07-08 19:17:57,0.151976
2024-07-08 19:17:58,0.18148
2024-07-08 19:17:59,0.147648
2024-07-08 19:18:00,0.12604
2024-07-08 19:18:01,0.112856
2024-07-08 19:18:02,0.11112
2024-07-08 19:18:03,0.123344
2024-07-08 19:18:04,0.117664
2024-07-08 19:18:05,0.105256
2024-07-08 19:18:06,0.108272
2024-07-08 19:18:07,0.12408
2024-07-08 19:18:08,0.108384
2024-07-08 19:18:09,0.123448
2024-07-08 19:18:10,0.159104
2024-07-08 19:18:11,0.134064
2024-07-08 19:18:12,0.152
2024-07-08 19:18:13,0.133304
2024-07-08 19:18:14,0.156096
2024-07-08 19:18:15,0.143968
2024-07-08 19:18:16,0.120816
2024-07-08 19:18:17,0.13388
2024-07-08 19:18:18,0.111416
2024-07-08 19:18:19,0.108304
2024-07-08 19:18:20,0.13512
2024-07-08 19:18:21,0.12684
2024-07-08 19:18:22,0.15156
2024-07-08 19:18:23,0.126728
2024-07-08 19:18:24,0.120352
2024-07-08 19:18:25,0.1132
2024-07-08 19:18:26,0.116192
2024-07-08 19:18:27,0.109544
2024-07-08 19:18:28,0.110712
2024-07-08 19:18:29,0.111784
2024-07-08 19:18:30,0.105
2024-07-08 19:18:31,0.108688
2024-07-08 19:18:32,0.110176
2024-07-08 19:18:33,0.129048
2024-07-08 19:18:34,0.124184
2024-07-08 19:18:35,0.128984
2024-07-08 19:18:36,0.1154
2024-07-08 19:18:37,0.127144
2024-07-08 19:18:38,0.125904
2024-07-08 19:18:39,0.132472
2024-07-08 19:18:40,0.107776
2024-07-08 19:18:41,0.155496
2024-07-08 19:18:42,0.139304
2024-07-08 19:18:43,0.116752
2024-07-08 19:18:44,0.131608
2024-07-08 19:18:45,0.124592
2024-07-08 19:18:46,0.161896
2024-07-08 19:18:47,0.119312
2024-07-08 19:18:48,0.110112
2024-07-08 19:18:49,0.106392
2024-07-08 19:18:50,0.116152
2024-07-08 19:18:51,0.149104
2024-07-08 19:18:52,0.116192
2024-07-08 19:18:53,0.149088
2024-07-08 19:18:54,0.118072
2024-07-08 19:18:55,0.102312
2024-07-08 19:18:56,0.123288
2024-07-08 19:18:57,0.122184
2024-07-08 19:18:58,0.127736
2024-07-08 19:18:59,0.115504
2024-07-08 19:19:00,0.140864
2024-07-08 19:19:01,0.135544
2024-07-08 19:19:02,0.133744
2024-07-08 19:19:03,0.155856
2024-07-08 19:19:04,0.166952
2024-07-08 19:19:05,0.143288
2024-07-08 19:19:06,0.141816
2024-07-08 19:19:07,0.12628
2024-07-08 19:19:08,0.110864
2024-07-08 19:19:09,0.127752
2024-07-08 19:19:10,0.126552
2024-07-08 19:19:11,0.131248
2024-07-08 19:19:12,0.143488
2024-07-08 19:19:13,0.189968
2024-07-08 19:19:14,0.127424
2024-07-08 19:19:15,0.13072
2024-07-08 19:19:16,0.112688
2024-07-08 19:19:17,0.1064
2024-07-08 19:19:18,0.109824
2024-07-08 19:19:19,0.112408
2024-07-08 19:19:20,0.11592
2024-07-08 19:19:21,0.127936
2024-07-08 19:19:22,0.109792
2024-07-08 19:19:23,0.119528
2024-07-08 19:19:24,0.142608
2024-07-08 19:19:25,0.138064
2024-07-08 19:19:26,0.12892
2024-07-08 19:19:27,0.13784
2024-07-08 19:19:28,0.19148
2024-07-08 19:19:29,0.142472
2024-07-08 19:19:30,0.157272
2024-07-08 19:19:31,0.1484
2024-07-08 19:19:32,0.144536
2024-07-08 19:19:33,0.149888
2024-07-08 19:19:34,0.230312
2024-07-08 19:19:35,0.174288
2024-07-08 19:19:36,0.118872
2024-07-08 19:19:37,0.1264
2024-07-08 19:19:38,0.138304
2024-07-08 19:19:39,0.129656
2024-07-08 19:19:40,0.090448
2024-07-08 19:19:41,0.094912
2024-07-08 19:19:42,0.098184
2024-07-08 19:19:43,0.103368
2024-07-08 19:19:44,0.11052
2024-07-08 19:19:45,0.125032
2024-07-08 19:19:46,0.115224
2024-07-08 19:19:47,0.11572
2024-07-08 19:19:48,0.11356
2024-07-08 19:19:49,0.116784
2024-07-08 19:19:50,0.098608
2024-07-08 19:19:51,0.118696
2024-07-08 19:19:52,0.199736
2024-07-08 19:19:53,0.12736
2024-07-08 19:19:54,0.12996
2024-07-08 19:19:55,0.171232
2024-07-08 19:19:56,0.139216
2024-07-08 19:19:57,0.12928
2024-07-08 19:19:58,0.136168
2024-07-08 19:19:59,0.132792
2024-07-08 19:20:00,0.1274
2024-07-08 19:20:01,0.121624
2024-07-08 19:20:02,0.16468
2024-07-08 19:20:03,0.122448
2024-07-08 19:20:04,0.10636
2024-07-08 19:20:05,0.122048
2024-07-08 19:20:06,0.116688
2024-07-08 19:20:07,0.117624
2024-07-08 19:20:08,0.099208
2024-07-08 19:20:09,0.112472
2024-07-08 19:20:10,0.10984
2024-07-08 19:20:11,0.14288
2024-07-08 19:20:12,0.119736
2024-07-08 19:20:13,0.126496
2024-07-08 19:20:14,0.152752
2024-07-08 19:20:15,0.160984
2024-07-08 19:20:16,0.124456
2024-07-08 19:20:17,0.132376
2024-07-08 19:20:18,0.128768
2024-07-08 19:20:19,0.153944
2024-07-08 19:20:20,0.11968
2024-07-08 19:20:21,0.150024
2024-07-08 19:20:22,0.118072
2024-07-08 19:20:23,0.164352
2024-07-08 19:20:24,0.171136
2024-07-08 19:20:25,0.2248
2024-07-08 19:20:26,0.147152
2024-07-08 19:20:27,0.160952
2024-07-08 19:20:28,0.111248
2024-07-08 19:20:29,0.117864
2024-07-08 19:20:30,0.141688
2024-07-08 19:20:31,0.144392
2024-07-08 19:20:32,0.15448
2024-07-08 19:20:33,0.153904
2024-07-08 19:20:34,0.134504
2024-07-08 19:20:35,0.152024
2024-07-08 19:20:36,0.150744
2024-07-08 19:20:37,0.125496
2024-07-08 19:20:38,0.146488
2024-07-08 19:20:39,0.13804
2024-07-08 19:20:40,0.121608
2024-07-08 19:20:41,0.116392
2024-07-08 19:20:42,0.13036
2024-07-08 19:20:43,0.125408
2024-07-08 19:20:44,0.143184
2024-07-08 19:20:45,0.127624
2024-07-08 19:20:46,0.106448
2024-07-08 19:20:47,0.113208
2024-07-08 19:20:48,0.103144
2024-07-08 19:20:49,0.105608
2024-07-08 19:20:50,0.127384
2024-07-08 19:20:51,0.116752
2024-07-08 19:20:52,0.130464
2024-07-08 19:20:53,0.150384
2024-07-08 19:20:54,0.138536
2024-07-08 19:20:55,0.170048
2024-07-08 19:20:56,0.15664
2024-07-08 19:20:57,0.151664
2024-07-08 19:20:58,0.137408
2024-07-08 19:20:59,0.124856
2024-07-08 19:21:00,0.101848
2024-07-08 19:21:01,0.10356
2024-07-08 19:21:02,0.11752
2024-07-08 19:21:03,0.107264
2024-07-08 19:21:04,0.09824
2024-07-08 19:21:05,0.084016
2024-07-08 19:21:06,0.09972
2024-07-08 19:21:07,0.09128
2024-07-08 19:21:08,0.085208
2024-07-08 19:21:09,0.083432
2024-07-08 19:21:10,0.10236
2024-07-08 19:21:11,0.082648
2024-07-08 19:21:12,0.10464
2024-07-08 19:21:13,0.151472
2024-07-08 19:21:14,0.132672
2024-07-08 19:21:15,0.11332
2024-07-08 19:21:16,0.106408
2024-07-08 19:21:17,0.11212
2024-07-08 19:21:18,0.106368
2024-07-08 19:21:19,0.096016
2024-07-08 19:21:20,0.112144
2024-07-08 19:21:21,0.119504
2024-07-08 19:21:22,0.112624
2024-07-08 19:21:23,0.103872
2024-07-08 19:21:24,0.119816
2024-07-08 19:21:25,0.108336
2024-07-08 19:21:26,0.128648
2024-07-08 19:21:27,0.14552
2024-07-08 19:21:28,0.129056
2024-07-08 19:21:29,0.164888
2024-07-08 19:21:30,0.181264
2024-07-08 19:21:31,0.14204
2024-07-08 19:21:32,0.123888
2024-07-08 19:21:33,0.164064
2024-07-08 19:21:34,0.123536
2024-07-08 19:21:35,0.093648
2024-07-08 19:21:36,0.120208
2024-07-08 19:21:37,0.115776
2024-07-08 19:21:38,0.120624
2024-07-08 19:21:39,0.11904
2024-07-08 19:21:40,0.104136
2024-07-08 19:21:41,0.106392
2024-07-08 19:21:42,0.11384
2024-07-08 19:21:43,0.108712
2024-07-08 19:21:44,0.113528
2024-07-08 19:21:45,0.116488
2024-07-08 19:21:46,0.118256
2024-07-08 19:21:47,0.136248
2024-07-08 19:21:48,0.140704
2024-07-08 19:21:49,0.131584
2024-07-08 19:21:50,0.107192
2024-07-08 19:21:51,0.15776
2024-07-08 19:21:52,0.13752
2024-07-08 19:21:53,0.203888
2024-07-08 19:21:54,0.156984
2024-07-08 19:21:55,0.173008
2024-07-08 19:21:56,0.2208
2024-07-08 19:21:57,0.18364
2024-07-08 19:21:58,0.16976
2024-07-08 19:21:59,0.154624
2024-07-08 19:22:00,0.156208
2024-07-08 19:22:01,0.176848
2024-07-08 19:22:02,0.18764
2024-07-08 19:22:03,0.163176
2024-07-08 19:22:04,0.11284
2024-07-08 19:22:05,0.128928
2024-07-08 19:22:06,0.117048
2024-07-08 19:22:07,0.107704
2024-07-08 19:22:08,0.151032
2024-07-08 19:22:09,0.146384
2024-07-08 19:22:10,0.14496
2024-07-08 19:22:11,0.171432
2024-07-08 19:22:12,0.156168
2024-07-08 19:22:13,0.122552
2024-07-08 19:22:14,0.132992
2024-07-08 19:22:15,0.118976
2024-07-08 19:22:16,0.115664
2024-07-08 19:22:17,0.121864
2024-07-08 19:22:18,0.112544
2024-07-08 19:22:19,0.14324
2024-07-08 19:22:20,0.114512
2024-07-08 19:22:21,0.107248
2024-07-08 19:22:22,0.108312
2024-07-08 19:22:23,0.100352
2024-07-08 19:22:24,0.098688
2024-07-08 19:22:25,0.120864
2024-07-08 19:22:26,0.107736
2024-07-08 19:22:27,0.150568
2024-07-08 19:22:28,0.137584
2024-07-08 19:22:29,0.155608
2024-07-08 19:22:30,0.11008
2024-07-08 19:22:31,0.110744
2024-07-08 19:22:32,0.115152
2024-07-08 19:22:33,0.10772
2024-07-08 19:22:34,0.093296
2024-07-08 19:22:35,0.104112
2024-07-08 19:22:36,0.145536
2024-07-08 19:22:37,0.103152
2024-07-08 19:22:38,0.072848
2024-07-08 19:22:39,0.071696
2024-07-08 19:22:40,0.089208
2024-07-08 19:22:41,0.13236
2024-07-08 19:22:42,0.106856
2024-07-08 19:22:43,0.103104
2024-07-08 19:22:44,0.134168
2024-07-08 19:22:45,0.102
2024-07-08 19:22:46,0.098456
2024-07-08 19:22:47,0.090992
2024-07-08 19:22:48,0.113496
2024-07-08 19:22:49,0.125232
2024-07-08 19:22:50,0.174464
2024-07-08 19:22:51,0.11608
2024-07-08 19:22:52,0.115424
2024-07-08 19:22:53,0.142992
2024-07-08 19:22:54,0.146904
2024-07-08 19:22:55,0.152272
2024-07-08 19:22:56,0.15456
2024-07-08 19:22:57,0.134104
2024-07-08 19:22:58,0.117776
2024-07-08 19:22:59,0.128328
2024-07-08 19:23:00,0.139472
2024-07-08 19:23:01,0.12908
2024-07-08 19:23:02,0.138736
2024-07-08 19:23:03,0.151168
2024-07-08 19:23:04,0.11264
2024-07-08 19:23:05,0.181336
2024-07-08 19:23:06,0.18664
2024-07-08 19:23:07,0.169008
2024-07-08 19:23:08,0.135616
2024-07-08 19:23:09,0.13652
2024-07-08 19:23:10,0.110552
2024-07-08 19:23:11,0.125208
2024-07-08 19:23:12,0.112264
2024-07-08 19:23:13,0.117048
2024-07-08 19:23:14,0.10156
2024-07-08 19:23:15,0.126816
2024-07-08 19:23:16,0.129656
2024-07-08 19:23:17,0.134744
2024-07-08 19:23:18,0.155712
2024-07-08 19:23:19,0.114
2024-07-08 19:23:20,0.117512
2024-07-08 19:23:21,0.199392
2024-07-08 19:23:22,0.177816
2024-07-08 19:23:23,0.177184
2024-07-08 19:23:24,0.14052
2024-07-08 19:23:25,0.136984
2024-07-08 19:23:26,0.145088
2024-07-08 19:23:27,0.149224
2024-07-08 19:23:28,0.155056
2024-07-08 19:23:29,0.130192
2024-07-08 19:23:30,0.122448
2024-07-08 19:23:31,0.15492
2024-07-08 19:23:32,0.119752
2024-07-08 19:23:33,0.117976
2024-07-08 19:23:34,0.132472
2024-07-08 19:23:35,0.133832
2024-07-08 19:23:36,0.122816
2024-07-08 19:23:37,0.153152
2024-07-08 19:23:38,0.153632
2024-07-08 19:23:39,0.238576
2024-07-08 19:23:40,0.127648
2024-07-08 19:23:41,0.214312
2024-07-08 19:23:42,0.150352
2024-07-08 19:23:43,0.11672
2024-07-08 19:23:44,0.11272
2024-07-08 19:23:45,0.111992
2024-07-08 19:23:46,0.107312
2024-07-08 19:23:47,0.101696
2024-07-08 19:23:48,0.08764
2024-07-08 19:23:49,0.104144
2024-07-08 19:23:50,0.098672
2024-07-08 19:23:51,0.108376
2024-07-08 19:23:52,0.145432
2024-07-08 19:23:53,0.128
2024-07-08 19:23:54,0.172032
2024-07-08 19:23:55,0.149504
2024-07-08 19:23:56,0.138176
2024-07-08 19:23:57,0.196864
2024-07-08 19:23:58,0.157384
2024-07-08 19:23:59,0.124176
2024-07-08 19:24:00,0.1628
2024-07-08 19:24:01,0.127928
2024-07-08 19:24:02,0.127248
2024-07-08 19:24:03,0.158592
2024-07-08 19:24:04,0.189704
2024-07-08 19:24:05,0.168584
2024-07-08 19:24:06,0.171256
2024-07-08 19:24:07,0.166424
2024-07-08 19:24:08,0.120056
2024-07-08 19:24:09,0.113832
2024-07-08 19:24:10,0.136936
2024-07-08 19:24:11,0.1254
2024-07-08 19:24:12,0.191784
2024-07-08 19:24:13,0.132928
2024-07-08 19:24:14,0.12744
2024-07-08 19:24:15,0.122216
2024-07-08 19:24:16,0.118352
2024-07-08 19:24:17,0.125536
2024-07-08 19:24:18,0.127352
2024-07-08 19:24:19,0.0948
2024-07-08 19:24:20,0.101664
2024-07-08 19:24:21,0.09984
2024-07-08 19:24:22,0.131528
2024-07-08 19:24:23,0.130624
2024-07-08 19:24:24,0.115288
2024-07-08 19:24:25,0.13516
2024-07-08 19:24:26,0.129352
2024-07-08 19:24:27,0.118552
2024-07-08 19:24:28,0.1402
2024-07-08 19:24:29,0.1672
2024-07-08 19:24:30,0.160064
2024-07-08 19:24:31,0.133792
2024-07-08 19:24:32,0.169488
2024-07-08 19:24:33,0.151192
2024-07-08 19:24:34,0.13692
2024-07-08 19:24:35,0.135464
2024-07-08 19:24:36,0.149184
2024-07-08 19:24:37,0.108936
2024-07-08 19:24:38,0.09944
2024-07-08 19:24:39,0.074936
2024-07-08 19:24:40,0.086488
2024-07-08 19:24:41,0.086464
2024-07-08 19:24:42,0.088464
2024-07-08 19:24:43,0.08684
2024-07-08 19:24:44,0.077008
2024-07-08 19:24:45,0.079832
2024-07-08 19:24:46,0.084112
2024-07-08 19:24:47,0.074488
2024-07-08 19:24:48,0.091528
2024-07-08 19:24:49,0.099864
2024-07-08 19:24:50,0.097336
2024-07-08 19:24:51,0.113168
2024-07-08 19:24:52,0.120064
2024-07-08 19:24:53,0.119352
2024-07-08 19:24:54,0.094464
2024-07-08 19:24:55,0.101136
2024-07-08 19:24:56,0.108968
2024-07-08 19:24:57,0.095112
2024-07-08 19:24:58,0.100232
2024-07-08 19:24:59,0.096128
2024-07-08 19:25:00,0.099824
2024-07-08 19:25:01,0.108256
2024-07-08 19:25:02,0.1152
2024-07-08 19:25:03,0.1154
2024-07-08 19:25:04,0.112368
2024-07-08 19:25:05,0.158568
2024-07-08 19:25:06,0.098216
2024-07-08 19:25:07,0.103616
2024-07-08 19:25:08,0.115896
2024-07-08 19:25:09,0.10672
2024-07-08 19:25:10,0.124328
2024-07-08 19:25:11,0.112816
2024-07-08 19:25:12,0.115992
2024-07-08 19:25:13,0.128224
2024-07-08 19:25:14,0.146816
2024-07-08 19:25:15,0.139584
2024-07-08 19:25:16,0.154744
2024-07-08 19:25:17,0.152792
2024-07-08 19:25:18,0.226184
2024-07-08 19:25:19,0.1478
2024-07-08 19:25:20,0.191656
2024-07-08 19:25:21,0.15488
2024-07-08 19:25:22,0.16604
2024-07-08 19:25:23,0.173392
2024-07-08 19:25:24,0.17728
2024-07-08 19:25:25,0.166352
2024-07-08 19:25:26,0.210224
2024-07-08 19:25:27,0.146936
2024-07-08 19:25:28,0.15728
2024-07-08 19:25:29,0.164856
2024-07-08 19:25:30,0.165
2024-07-08 19:25:31,0.169216
2024-07-08 19:25:32,0.150936
2024-07-08 19:25:33,0.175992
2024-07-08 19:25:34,0.151744
2024-07-08 19:25:35,0.135216
2024-07-08 19:25:36,0.149256
2024-07-08 19:25:37,0.14124
2024-07-08 19:25:38,0.129784
2024-07-08 19:25:39,0.134272
2024-07-08 19:25:40,0.173512
2024-07-08 19:25:41,0.138464
2024-07-08 19:25:42,0.135176
2024-07-08 19:25:43,0.135152
2024-07-08 19:25:44,0.150104
2024-07-08 19:25:45,0.110872
2024-07-08 19:25:46,0.117016
2024-07-08 19:25:47,0.0948
2024-07-08 19:25:48,0.121816
2024-07-08 19:25:49,0.146192
2024-07-08 19:25:50,0.149816
2024-07-08 19:25:51,0.160824
2024-07-08 19:25:52,0.187112
2024-07-08 19:25:53,0.1916
2024-07-08 19:25:54,0.174056
2024-07-08 19:25:55,0.19636
2024-07-08 19:25:56,0.19272
2024-07-08 19:25:57,0.148112
2024-07-08 19:25:58,0.165992
2024-07-08 19:25:59,0.162496
2024-07-08 19:26:00,0.111032
2024-07-08 19:26:01,0.110528
2024-07-08 19:26:02,0.126272
2024-07-08 19:26:03,0.111016
2024-07-08 19:26:04,0.094368
2024-07-08 19:26:05,0.143336
2024-07-08 19:26:06,0.147088
2024-07-08 19:26:07,0.149464
2024-07-08 19:26:08,0.127424
2024-07-08 19:26:09,0.096072
2024-07-08 19:26:10,0.100968
2024-07-08 19:26:11,0.10192
2024-07-08 19:26:12,0.11108
2024-07-08 19:26:13,0.110472
2024-07-08 19:26:14,0.157192
2024-07-08 19:26:15,0.100736
2024-07-08 19:26:16,0.151952
2024-07-08 19:26:17,0.105728
2024-07-08 19:26:18,0.149312
2024-07-08 19:26:19,0.128512
2024-07-08 19:26:20,0.144704
2024-07-08 19:26:21,0.200096
2024-07-08 19:26:22,0.229208
2024-07-08 19:26:23,0.20656
2024-07-08 19:26:24,0.215848
2024-07-08 19:26:25,0.229264
2024-07-08 19:26:26,0.169712
2024-07-08 19:26:27,0.24492
2024-07-08 19:26:28,0.18544
2024-07-08 19:26:29,0.133576
2024-07-08 19:26:30,0.123744
2024-07-08 19:26:31,0.12516
2024-07-08 19:26:32,0.101928
2024-07-08 19:26:33,0.132112
2024-07-08 19:26:34,0.145576
2024-07-08 19:26:35,0.154032
2024-07-08 19:26:36,0.165296
2024-07-08 19:26:37,0.147456
2024-07-08 19:26:38,0.14956
2024-07-08 19:26:39,0.119976
2024-07-08 19:26:40,0.104704
2024-07-08 19:26:41,0.09744
2024-07-08 19:26:42,0.105728
2024-07-08 19:26:43,0.130536
2024-07-08 19:26:44,0.103632
2024-07-08 19:26:45,0.101032
2024-07-08 19:26:46,0.103456
2024-07-08 19:26:47,0.121968
2024-07-08 19:26:48,0.103712
2024-07-08 19:26:49,0.143928
2024-07-08 19:26:50,0.155224
2024-07-08 19:26:51,0.130776
2024-07-08 19:26:52,0.131768
2024-07-08 19:26:53,0.183384
2024-07-08 19:26:54,0.146808
2024-07-08 19:26:55,0.117592
2024-07-08 19:26:56,0.107648
2024-07-08 19:26:57,0.117344
2024-07-08 19:26:58,0.135544
2024-07-08 19:26:59,0.150136
2024-07-08 19:27:00,0.157912
2024-07-08 19:27:01,0.139336
2024-07-08 19:27:02,0.106648
2024-07-08 19:27:03,0.136
2024-07-08 19:27:04,0.11288
2024-07-08 19:27:05,0.17532
2024-07-08 19:27:06,0.15876
2024-07-08 19:27:07,0.156296
2024-07-08 19:27:08,0.182992
2024-07-08 19:27:09,0.145448
2024-07-08 19:27:10,0.143352
2024-07-08 19:27:11,0.162672
2024-07-08 19:27:12,0.142136
2024-07-08 19:27:13,0.163064
2024-07-08 19:27:14,0.13616
2024-07-08 19:27:15,0.157176
2024-07-08 19:27:16,0.122008
2024-07-08 19:27:17,0.11528
2024-07-08 19:27:18,0.118944
2024-07-08 19:27:19,0.139528
2024-07-08 19:27:20,0.141784
2024-07-08 19:27:21,0.141936
2024-07-08 19:27:22,0.152624
2024-07-08 19:27:23,0.134624
2024-07-08 19:27:24,0.175232
2024-07-08 19:27:25,0.19716
2024-07-08 19:27:26,0.15888
2024-07-08 19:27:27,0.119768
2024-07-08 19:27:28,0.134992
2024-07-08 19:27:29,0.14496
2024-07-08 19:27:30,0.190952
2024-07-08 19:27:31,0.152448
2024-07-08 19:27:32,0.182664
2024-07-08 19:27:33,0.180168
2024-07-08 19:27:34,0.138528
2024-07-08 19:27:35,0.130408
2024-07-08 19:27:36,0.106616
2024-07-08 19:27:37,0.110776
2024-07-08 19:27:38,0.094768
2024-07-08 19:27:39,0.118784
2024-07-08 19:27:40,0.095768
2024-07-08 19:27:41,0.097208
2024-07-08 19:27:42,0.094928
2024-07-08 19:27:43,0.095664
2024-07-08 19:27:44,0.095432
2024-07-08 19:27:45,0.103864
2024-07-08 19:27:46,0.119896
2024-07-08 19:27:47,0.125776
2024-07-08 19:27:48,0.162584
2024-07-08 19:27:49,0.123584
2024-07-08 19:27:50,0.145296
2024-07-08 19:27:51,0.130752
2024-07-08 19:27:52,0.129824
2024-07-08 19:27:53,0.164608
2024-07-08 19:27:54,0.206416
2024-07-08 19:27:55,0.12076
2024-07-08 19:27:56,0.13212
2024-07-08 19:27:57,0.130592
2024-07-08 19:27:58,0.141256
2024-07-08 19:27:59,0.175384
2024-07-08 19:28:00,0.121504
2024-07-08 19:28:01,0.131424
2024-07-08 19:28:02,0.161
2024-07-08 19:28:03,0.143112
2024-07-08 19:28:04,0.199728
2024-07-08 19:28:05,0.12996
2024-07-08 19:28:06,0.14488
2024-07-08 19:28:07,0.131152
2024-07-08 19:28:08,0.125704
2024-07-08 19:28:09,0.154416
2024-07-08 19:28:10,0.136344
2024-07-08 19:28:11,0.124544
2024-07-08 19:28:12,0.156792
2024-07-08 19:28:13,0.16448
2024-07-08 19:28:14,0.101888
2024-07-08 19:28:15,0.087936
2024-07-08 19:28:16,0.099968
2024-07-08 19:28:17,0.08868
2024-07-08 19:28:18,0.113664
2024-07-08 19:28:19,0.11504
2024-07-08 19:28:20,0.134488
2024-07-08 19:28:21,0.176704
2024-07-08 19:28:22,0.237552
2024-07-08 19:28:23,0.158808
2024-07-08 19:28:24,0.171056
2024-07-08 19:28:25,0.138096
2024-07-08 19:28:26,0.131352
2024-07-08 19:28:27,0.14424
2024-07-08 19:28:28,0.16664
2024-07-08 19:28:29,0.183
2024-07-08 19:28:30,0.167576
2024-07-08 19:28:31,0.198912
2024-07-08 19:28:32,0.174264
2024-07-08 19:28:33,0.178264
2024-07-08 19:28:34,0.17352
2024-07-08 19:28:35,0.146808
2024-07-08 19:28:36,0.170864
2024-07-08 19:28:37,0.158784
2024-07-08 19:28:38,0.140048
2024-07-08 19:28:39,0.122312
2024-07-08 19:28:40,0.150176
2024-07-08 19:28:41,0.106832
2024-07-08 19:28:42,0.114648
2024-07-08 19:28:43,0.092872
2024-07-08 19:28:44,0.128784
2024-07-08 19:28:45,0.12084
2024-07-08 19:28:46,0.123832
2024-07-08 19:28:47,0.134848
2024-07-08 19:28:48,0.169576
2024-07-08 19:28:49,0.162024
2024-07-08 19:28:50,0.2276
2024-07-08 19:28:51,0.201464
2024-07-08 19:28:52,0.151552
2024-07-08 19:28:53,0.190952
2024-07-08 19:28:54,0.159168
2024-07-08 19:28:55,0.139872
2024-07-08 19:28:56,0.117672
2024-07-08 19:28:57,0.110128
2024-07-08 19:28:58,0.111272
2024-07-08 19:28:59,0.160264
2024-07-08 19:29:00,0.158256
2024-07-08 19:29:01,0.194416
2024-07-08 19:29:02,0.16432
2024-07-08 19:29:03,0.134272
2024-07-08 19:29:04,0.134248
2024-07-08 19:29:05,0.089896
2024-07-08 19:29:06,0.09372
2024-07-08 19:29:07,0.1032
2024-07-08 19:29:08,0.089792
2024-07-08 19:29:09,0.089472
2024-07-08 19:29:10,0.082736
2024-07-08 19:29:11,0.086792
2024-07-08 19:29:12,0.091504
2024-07-08 19:29:13,0.094896
2024-07-08 19:29:14,0.098608
2024-07-08 19:29:15,0.095312
2024-07-08 19:29:16,0.099144
2024-07-08 19:29:17,0.10252
2024-07-08 19:29:18,0.141192
2024-07-08 19:29:19,0.131208
2024-07-08 19:29:20,0.170672
2024-07-08 19:29:21,0.140992
2024-07-08 19:29:22,0.146184
2024-07-08 19:29:23,0.144704
2024-07-08 19:29:24,0.13532
2024-07-08 19:29:25,0.125936
2024-07-08 19:29:26,0.15448
2024-07-08 19:29:27,0.115448
2024-07-08 19:29:28,0.145504
2024-07-08 19:29:29,0.155568
2024-07-08 19:29:30,0.126944
2024-07-08 19:29:31,0.127944
2024-07-08 19:29:32,0.199688
2024-07-08 19:29:33,0.143136
2024-07-08 19:29:34,0.146376
2024-07-08 19:29:35,0.120368
2024-07-08 19:29:36,0.117448
2024-07-08 19:29:37,0.123912
2024-07-08 19:29:38,0.134192
2024-07-08 19:29:39,0.183936
2024-07-08 19:29:40,0.137016
2024-07-08 19:29:41,0.130624
2024-07-08 19:29:42,0.123256
2024-07-08 19:29:43,0.11836
2024-07-08 19:29:44,0.123688
2024-07-08 19:29:45,0.117816
2024-07-08 19:29:46,0.111264
2024-07-08 19:29:47,0.10424
2024-07-08 19:29:48,0.100656
2024-07-08 19:29:49,0.120896
2024-07-08 19:29:50,0.156512
2024-07-08 19:29:51,0.119416
2024-07-08 19:29:52,0.116456
2024-07-08 19:29:53,0.193768
2024-07-08 19:29:54,0.135592
2024-07-08 19:29:55,0.137272
2024-07-08 19:29:56,0.174016
2024-07-08 19:29:57,0.138544
2024-07-08 19:29:58,0.149408
2024-07-08 19:29:59,0.151928
2024-07-08 19:30:00,0.168248
2024-07-08 19:30:01,0.151824
2024-07-08 19:30:02,0.14884
2024-07-08 19:30:03,0.138392
2024-07-08 19:30:04,0.161928
2024-07-08 19:30:05,0.14668
2024-07-08 19:30:06,0.171568
2024-07-08 19:30:07,0.133592
2024-07-08 19:30:08,0.119888
2024-07-08 19:30:09,0.12812
2024-07-08 19:30:10,0.12392
2024-07-08 19:30:11,0.129304
2024-07-08 19:30:12,0.157992
2024-07-08 19:30:13,0.1352
2024-07-08 19:30:14,0.135016
2024-07-08 19:30:15,0.16196
2024-07-08 19:30:16,0.13916
2024-07-08 19:30:17,0.150352
2024-07-08 19:30:18,0.153592
2024-07-08 19:30:19,0.150616
2024-07-08 19:30:20,0.197888
2024-07-08 19:30:21,0.160248
2024-07-08 19:30:22,0.17412
2024-07-08 19:30:23,0.160848
2024-07-08 19:30:24,0.134544
2024-07-08 19:30:25,0.151608
2024-07-08 19:30:26,0.166872
2024-07-08 19:30:27,0.19448
2024-07-08 19:30:28,0.190144
2024-07-08 19:30:29,0.160936
2024-07-08 19:30:30,0.186552
2024-07-08 19:30:31,0.158272
2024-07-08 19:30:32,0.112416
2024-07-08 19:30:33,0.10748
2024-07-08 19:30:34,0.101768
2024-07-08 19:30:35,0.113928
2024-07-08 19:30:36,0.173048
2024-07-08 19:30:37,0.124408
2024-07-08 19:30:38,0.124392
2024-07-08 19:30:39,0.135656
2024-07-08 19:30:40,0.117976
2024-07-08 19:30:41,0.102808
2024-07-08 19:30:42,0.0996
2024-07-08 19:30:43,0.087896
2024-07-08 19:30:44,0.0942
2024-07-08 19:30:45,0.10156
2024-07-08 19:30:46,0.136216
2024-07-08 19:30:47,0.128152
2024-07-08 19:30:48,0.141416
2024-07-08 19:30:49,0.129816
2024-07-08 19:30:50,0.108176
2024-07-08 19:30:51,0.101096
2024-07-08 19:30:52,0.091448
2024-07-08 19:30:53,0.123144
2024-07-08 19:30:54,0.101344
2024-07-08 19:30:55,0.090152
2024-07-08 19:30:56,0.093576
2024-07-08 19:30:57,0.080128
2024-07-08 19:30:58,0.118904
2024-07-08 19:30:59,0.084704
2024-07-08 19:31:00,0.14692
2024-07-08 19:31:01,0.118288
2024-07-08 19:31:02,0.097512
2024-07-08 19:31:03,0.102416
2024-07-08 19:31:04,0.104976
2024-07-08 19:31:05,0.082112
2024-07-08 19:31:06,0.087984
2024-07-08 19:31:07,0.129088
2024-07-08 19:31:08,0.09872
2024-07-08 19:31:09,0.138864
2024-07-08 19:31:10,0.110088
2024-07-08 19:31:11,0.12596
2024-07-08 19:31:12,0.123928
2024-07-08 19:31:13,0.11996
2024-07-08 19:31:14,0.10292
2024-07-08 19:31:15,0.124144
2024-07-08 19:31:16,0.112392
2024-07-08 19:31:17,0.150728
2024-07-08 19:31:18,0.193
2024-07-08 19:31:19,0.159664
2024-07-08 19:31:20,0.164408
2024-07-08 19:31:21,0.147432
2024-07-08 19:31:22,0.137904
2024-07-08 19:31:23,0.134824
2024-07-08 19:31:24,0.139672
2024-07-08 19:31:25,0.125456
2024-07-08 19:31:26,0.132368
2024-07-08 19:31:27,0.148728
2024-07-08 19:31:28,0.152688
2024-07-08 19:31:29,0.214864
2024-07-08 19:31:30,0.189984
2024-07-08 19:31:31,0.15864
2024-07-08 19:31:32,0.129384
2024-07-08 19:31:33,0.173528
2024-07-08 19:31:34,0.163984
2024-07-08 19:31:35,0.123976
2024-07-08 19:31:36,0.088456
2024-07-08 19:31:37,0.097992
2024-07-08 19:31:38,0.096936
2024-07-08 19:31:39,0.086072
2024-07-08 19:31:40,0.075112
2024-07-08 19:31:41,0.099024
2024-07-08 19:31:42,0.085104
2024-07-08 19:31:43,0.117672
2024-07-08 19:31:44,0.119656
2024-07-08 19:31:45,0.130496
2024-07-08 19:31:46,0.179912
2024-07-08 19:31:47,0.147744
2024-07-08 19:31:48,0.128912
2024-07-08 19:31:49,0.147616
2024-07-08 19:31:50,0.104544
2024-07-08 19:31:51,0.119352
2024-07-08 19:31:52,0.116512
2024-07-08 19:31:53,0.13456
2024-07-08 19:31:54,0.113664
2024-07-08 19:31:55,0.093176
2024-07-08 19:31:56,0.104592
2024-07-08 19:31:57,0.189312
2024-07-08 19:31:58,0.144368
2024-07-08 19:31:59,0.134984
2024-07-08 19:32:00,0.155832
2024-07-08 19:32:01,0.155576
2024-07-08 19:32:02,0.13
2024-07-08 19:32:03,0.10708
2024-07-08 19:32:04,0.101024
2024-07-08 19:32:05,0.109712
2024-07-08 19:32:06,0.120464
2024-07-08 19:32:07,0.15028
2024-07-08 19:32:08,0.166768
2024-07-08 19:32:09,0.177472
2024-07-08 19:32:10,0.183632
2024-07-08 19:32:11,0.173616
2024-07-08 19:32:12,0.13492
2024-07-08 19:32:13,0.134024
2024-07-08 19:32:14,0.171752
2024-07-08 19:32:15,0.17
2024-07-08 19:32:16,0.125048
2024-07-08 19:32:17,0.128192
2024-07-08 19:32:18,0.14596
2024-07-08 19:32:19,0.122176
2024-07-08 19:32:20,0.119768
2024-07-08 19:32:21,0.180008
2024-07-08 19:32:22,0.125784
2024-07-08 19:32:23,0.144776
2024-07-08 19:32:24,0.163632
2024-07-08 19:32:25,0.163784
2024-07-08 19:32:26,0.12148
2024-07-08 19:32:27,0.110728
2024-07-08 19:32:28,0.122384
2024-07-08 19:32:29,0.098256
2024-07-08 19:32:30,0.12412
2024-07-08 19:32:31,0.116896
2024-07-08 19:32:32,0.08832
2024-07-08 19:32:33,0.106872
2024-07-08 19:32:34,0.106344
2024-07-08 19:32:35,0.1076
2024-07-08 19:32:36,0.145888
2024-07-08 19:32:37,0.229368
2024-07-08 19:32:38,0.236608
2024-07-08 19:32:39,0.161792
2024-07-08 19:32:40,0.14992
2024-07-08 19:32:41,0.139256
2024-07-08 19:32:42,0.131248
2024-07-08 19:32:43,0.095368
2024-07-08 19:32:44,0.108344
2024-07-08 19:32:45,0.130152
2024-07-08 19:32:46,0.140136
2024-07-08 19:32:47,0.120256
2024-07-08 19:32:48,0.137688
2024-07-08 19:32:49,0.13016
2024-07-08 19:32:50,0.116216
2024-07-08 19:32:51,0.141952
2024-07-08 19:32:52,0.153664
2024-07-08 19:32:53,0.191664
2024-07-08 19:32:54,0.160384
2024-07-08 19:32:55,0.116632
2024-07-08 19:32:56,0.118592
2024-07-08 19:32:57,0.152856
2024-07-08 19:32:58,0.11636
2024-07-08 19:32:59,0.120824
2024-07-08 19:33:00,0.137952
2024-07-08 19:33:01,0.134184
2024-07-08 19:33:02,0.166624
2024-07-08 19:33:03,0.177744
2024-07-08 19:33:04,0.15648
2024-07-08 19:33:05,0.122552
2024-07-08 19:33:06,0.1294
2024-07-08 19:33:07,0.122472
2024-07-08 19:33:08,0.155928
2024-07-08 19:33:09,0.135776
2024-07-08 19:33:10,0.1318
2024-07-08 19:33:11,0.13896
2024-07-08 19:33:12,0.1338
2024-07-08 19:33:13,0.167272
2024-07-08 19:33:14,0.136408
2024-07-08 19:33:15,0.191824
2024-07-08 19:33:16,0.139016
2024-07-08 19:33:17,0.11952
2024-07-08 19:33:18,0.155824
2024-07-08 19:33:19,0.126736
2024-07-08 19:33:20,0.1802
2024-07-08 19:33:21,0.192608
2024-07-08 19:33:22,0.188328
2024-07-08 19:33:23,0.129704
2024-07-08 19:33:24,0.163672
2024-07-08 19:33:25,0.16364
2024-07-08 19:33:26,0.150168
2024-07-08 19:33:27,0.173112
2024-07-08 19:33:28,0.194888
2024-07-08 19:33:29,0.197384
2024-07-08 19:33:30,0.218568
2024-07-08 19:33:31,0.194952
2024-07-08 19:33:32,0.1882
2024-07-08 19:33:33,0.167568
2024-07-08 19:33:34,0.163912
2024-07-08 19:33:35,0.13588
2024-07-08 19:33:36,0.124464
2024-07-08 19:33:37,0.11668
2024-07-08 19:33:38,0.136144
2024-07-08 19:33:39,0.163392
2024-07-08 19:33:40,0.1498
2024-07-08 19:33:41,0.149728
2024-07-08 19:33:42,0.118576
2024-07-08 19:33:43,0.122216
2024-07-08 19:33:44,0.105064
2024-07-08 19:33:45,0.09104
2024-07-08 19:33:46,0.102304
2024-07-08 19:33:47,0.112208
2024-07-08 19:33:48,0.096672
2024-07-08 19:33:49,0.09028
2024-07-08 19:33:50,0.09144
2024-07-08 19:33:51,0.087136
2024-07-08 19:33:52,0.109504
2024-07-08 19:33:53,0.144832
2024-07-08 19:33:54,0.131896
2024-07-08 19:33:55,0.120568
2024-07-08 19:33:56,0.133768
2024-07-08 19:33:57,0.140312
2024-07-08 19:33:58,0.13084
2024-07-08 19:33:59,0.13664
2024-07-08 19:34:00,0.151016
2024-07-08 19:34:01,0.102536
2024-07-08 19:34:02,0.093224
2024-07-08 19:34:03,0.110696
2024-07-08 19:34:04,0.125296
2024-07-08 19:34:05,0.094984
2024-07-08 19:34:06,0.082768
2024-07-08 19:34:07,0.102256
2024-07-08 19:34:08,0.087544
2024-07-08 19:34:09,0.120136
2024-07-08 19:34:10,0.079264
2024-07-08 19:34:11,0.08936
2024-07-08 19:34:12,0.0734
2024-07-08 19:34:13,0.070864
2024-07-08 19:34:14,0.071232
2024-07-08 19:34:15,0.07344
2024-07-08 19:34:16,0.0824
2024-07-08 19:34:17,0.07972
2024-07-08 19:34:18,0.082448
2024-07-08 19:34:19,0.11344
2024-07-08 19:34:20,0.084816
2024-07-08 19:34:21,0.09164
2024-07-08 19:34:22,0.108272
2024-07-08 19:34:23,0.096016
2024-07-08 19:34:24,0.11452
2024-07-08 19:34:25,0.103632
2024-07-08 19:34:26,0.081304
2024-07-08 19:34:27,0.09576
2024-07-08 19:34:28,0.11204
2024-07-08 19:34:29,0.111384
2024-07-08 19:34:30,0.126272
2024-07-08 19:34:31,0.12884
2024-07-08 19:34:32,0.110536
2024-07-08 19:34:33,0.092472
2024-07-08 19:34:34,0.108192
2024-07-08 19:34:35,0.142472
2024-07-08 19:34:36,0.109632
2024-07-08 19:34:37,0.151144
2024-07-08 19:34:38,0.1258
2024-07-08 19:34:39,0.129
2024-07-08 19:34:40,0.202752
2024-07-08 19:34:41,0.132984
2024-07-08 19:34:42,0.162904
2024-07-08 19:34:43,0.120968
2024-07-08 19:34:44,0.12144
2024-07-08 19:34:45,0.128304
2024-07-08 19:34:46,0.140488
2024-07-08 19:34:47,0.121872
2024-07-08 19:34:48,0.135344
2024-07-08 19:34:49,0.146536
2024-07-08 19:34:50,0.112976
2024-07-08 19:34:51,0.104584
2024-07-08 19:34:52,0.126544
2024-07-08 19:34:53,0.178656
2024-07-08 19:34:54,0.187736
2024-07-08 19:34:55,0.151792
2024-07-08 19:34:56,0.17204
2024-07-08 19:34:57,0.158664
2024-07-08 19:34:58,0.183696
2024-07-08 19:34:59,0.211472
2024-07-08 19:35:00,0.186352
2024-07-08 19:35:01,0.156088
2024-07-08 19:35:02,0.117336
2024-07-08 19:35:03,0.13632
2024-07-08 19:35:04,0.141264
2024-07-08 19:35:05,0.113928
2024-07-08 19:35:06,0.09052
2024-07-08 19:35:07,0.10272
2024-07-08 19:35:08,0.093248
2024-07-08 19:35:09,0.117904
2024-07-08 19:35:10,0.129536
2024-07-08 19:35:11,0.110728
2024-07-08 19:35:12,0.100544
2024-07-08 19:35:13,0.1164
2024-07-08 19:35:14,0.159696
2024-07-08 19:35:15,0.10288
2024-07-08 19:35:16,0.132008
2024-07-08 19:35:17,0.15552
2024-07-08 19:35:18,0.159856
2024-07-08 19:35:19,0.164296
2024-07-08 19:35:20,0.115664
2024-07-08 19:35:21,0.124392
2024-07-08 19:35:22,0.130392
2024-07-08 19:35:23,0.128456
2024-07-08 19:35:24,0.131032
2024-07-08 19:35:25,0.132352
2024-07-08 19:35:26,0.131928
2024-07-08 19:35:27,0.157528
2024-07-08 19:35:28,0.15368
2024-07-08 19:35:29,0.15228
2024-07-08 19:35:30,0.14604
2024-07-08 19:35:31,0.151424
2024-07-08 19:35:32,0.129096
2024-07-08 19:35:33,0.121696
2024-07-08 19:35:34,0.119552
2024-07-08 19:35:35,0.137792
2024-07-08 19:35:36,0.122568
2024-07-08 19:35:37,0.118912
2024-07-08 19:35:38,0.09148
2024-07-08 19:35:39,0.116808
2024-07-08 19:35:40,0.137936
2024-07-08 19:35:41,0.120984
2024-07-08 19:35:42,0.119872
2024-07-08 19:35:43,0.141224
2024-07-08 19:35:44,0.145848
2024-07-08 19:35:45,0.147752
2024-07-08 19:35:46,0.176376
2024-07-08 19:35:47,0.15716
2024-07-08 19:35:48,0.148312
2024-07-08 19:35:49,0.122208
2024-07-08 19:35:50,0.118712
2024-07-08 19:35:51,0.124152
2024-07-08 19:35:52,0.150928
2024-07-08 19:35:53,0.190616
2024-07-08 19:35:54,0.201
2024-07-08 19:35:55,0.17248
2024-07-08 19:35:56,0.147336
2024-07-08 19:35:57,0.150328
2024-07-08 19:35:58,0.126144
2024-07-08 19:35:59,0.111248
2024-07-08 19:36:00,0.104608
2024-07-08 19:36:01,0.11012
2024-07-08 19:36:02,0.103448
2024-07-08 19:36:03,0.114512
2024-07-08 19:36:04,0.094552
2024-07-08 19:36:05,0.111464
2024-07-08 19:36:06,0.113472
2024-07-08 19:36:07,0.114472
2024-07-08 19:36:08,0.129096
2024-07-08 19:36:09,0.125352
2024-07-08 19:36:10,0.12568
2024-07-08 19:36:11,0.129552
2024-07-08 19:36:12,0.163392
2024-07-08 19:36:13,0.147448
2024-07-08 19:36:14,0.151968
2024-07-08 19:36:15,0.12776
2024-07-08 19:36:16,0.114584
2024-07-08 19:36:17,0.12564
2024-07-08 19:36:18,0.134968
2024-07-08 19:36:19,0.148288
2024-07-08 19:36:20,0.180296
2024-07-08 19:36:21,0.249856
2024-07-08 19:36:22,0.16432
2024-07-08 19:36:23,0.16684
2024-07-08 19:36:24,0.22
2024-07-08 19:36:25,0.15084
2024-07-08 19:36:26,0.193896
2024-07-08 19:36:27,0.170512
2024-07-08 19:36:28,0.172216
2024-07-08 19:36:29,0.1384
2024-07-08 19:36:30,0.135776
2024-07-08 19:36:31,0.117488
2024-07-08 19:36:32,0.116296
2024-07-08 19:36:33,0.140888
2024-07-08 19:36:34,0.148736
2024-07-08 19:36:35,0.132752
2024-07-08 19:36:36,0.120928
2024-07-08 19:36:37,0.125136
2024-07-08 19:36:38,0.11924
2024-07-08 19:36:39,0.156552
2024-07-08 19:36:40,0.136576
2024-07-08 19:36:41,0.116856
2024-07-08 19:36:42,0.11408
2024-07-08 19:36:43,0.107608
2024-07-08 19:36:44,0.100456
2024-07-08 19:36:45,0.1274
2024-07-08 19:36:46,0.115856
2024-07-08 19:36:47,0.11216
2024-07-08 19:36:48,0.105968
2024-07-08 19:36:49,0.11348
2024-07-08 19:36:50,0.095792
2024-07-08 19:36:51,0.084744
2024-07-08 19:36:52,0.104072
2024-07-08 19:36:53,0.16968
2024-07-08 19:36:54,0.127976
2024-07-08 19:36:55,0.143712
2024-07-08 19:36:56,0.110368
2024-07-08 19:36:57,0.104312
2024-07-08 19:36:58,0.1086
2024-07-08 19:36:59,0.118896
2024-07-08 19:37:00,0.151656
2024-07-08 19:37:01,0.166936
2024-07-08 19:37:02,0.159408
2024-07-08 19:37:03,0.137744
2024-07-08 19:37:04,0.110696
2024-07-08 19:37:05,0.12188
2024-07-08 19:37:06,0.11376
2024-07-08 19:37:07,0.104352
2024-07-08 19:37:08,0.126944
2024-07-08 19:37:09,0.124264
2024-07-08 19:37:10,0.12736
2024-07-08 19:37:11,0.137568
2024-07-08 19:37:12,0.126136
2024-07-08 19:37:13,0.1116
2024-07-08 19:37:14,0.130248
2024-07-08 19:37:15,0.100832
2024-07-08 19:37:16,0.08288
2024-07-08 19:37:17,0.088376
2024-07-08 19:37:18,0.083504
2024-07-08 19:37:19,0.076176
2024-07-08 19:37:20,0.097088
2024-07-08 19:37:21,0.097808
2024-07-08 19:37:22,0.094872
2024-07-08 19:37:23,0.103712
2024-07-08 19:37:24,0.126472
2024-07-08 19:37:25,0.147304
2024-07-08 19:37:26,0.125408
2024-07-08 19:37:27,0.186224
2024-07-08 19:37:28,0.155992
2024-07-08 19:37:29,0.134152
2024-07-08 19:37:30,0.163968
2024-07-08 19:37:31,0.114568
2024-07-08 19:37:32,0.097368
2024-07-08 19:37:33,0.08252
2024-07-08 19:37:34,0.108232
2024-07-08 19:37:35,0.111624
2024-07-08 19:37:36,0.104488
2024-07-08 19:37:37,0.094368
2024-07-08 19:37:38,0.119024
2024-07-08 19:37:39,0.116384
2024-07-08 19:37:40,0.107296
2024-07-08 19:37:41,0.093256
2024-07-08 19:37:42,0.12948
2024-07-08 19:37:43,0.149704
2024-07-08 19:37:44,0.129888
2024-07-08 19:37:45,0.17296
2024-07-08 19:37:46,0.173472
2024-07-08 19:37:47,0.202688
2024-07-08 19:37:48,0.1792
2024-07-08 19:37:49,0.1938
2024-07-08 19:37:50,0.165272
2024-07-08 19:37:51,0.16564
2024-07-08 19:37:52,0.157488
2024-07-08 19:37:53,0.213056
2024-07-08 19:37:54,0.193264
2024-07-08 19:37:55,0.144216
2024-07-08 19:37:56,0.130616
2024-07-08 19:37:57,0.085352
2024-07-08 19:37:58,0.09476
2024-07-08 19:37:59,0.12288
2024-07-08 19:38:00,0.076832
2024-07-08 19:38:01,0.080616
2024-07-08 19:38:02,0.0884
2024-07-08 19:38:03,0.083056
2024-07-08 19:38:04,0.095224
2024-07-08 19:38:05,0.112568
2024-07-08 19:38:06,0.1452
2024-07-08 19:38:07,0.188456
2024-07-08 19:38:08,0.149848
2024-07-08 19:38:09,0.165888
2024-07-08 19:38:10,0.188128
2024-07-08 19:38:11,0.111608
2024-07-08 19:38:12,0.173936
2024-07-08 19:38:13,0.147496
2024-07-08 19:38:14,0.165776
2024-07-08 19:38:15,0.165928
2024-07-08 19:38:16,0.150808
2024-07-08 19:38:17,0.150808
2024-07-08 19:38:18,0.146888
2024-07-08 19:38:19,0.162848
2024-07-08 19:38:20,0.156776
2024-07-08 19:38:21,0.20812
2024-07-08 19:38:22,0.14324
2024-07-08 19:38:23,0.205296
2024-07-08 19:38:24,0.213848
2024-07-08 19:38:25,0.172448
2024-07-08 19:38:26,0.181816
2024-07-08 19:38:27,0.150992
2024-07-08 19:38:28,0.189624
2024-07-08 19:38:29,0.186704
2024-07-08 19:38:30,0.15716
2024-07-08 19:38:31,0.123456
2024-07-08 19:38:32,0.136808
2024-07-08 19:38:33,0.13516
2024-07-08 19:38:34,0.121896
2024-07-08 19:38:35,0.15244
2024-07-08 19:38:36,0.120624
2024-07-08 19:38:37,0.160056
2024-07-08 19:38:38,0.145512
2024-07-08 19:38:39,0.13436
2024-07-08 19:38:40,0.189632
2024-07-08 19:38:41,0.180368
2024-07-08 19:38:42,0.137832
2024-07-08 19:38:43,0.1568
2024-07-08 19:38:44,0.174808
2024-07-08 19:38:45,0.165944
2024-07-08 19:38:46,0.136096
2024-07-08 19:38:47,0.168224
2024-07-08 19:38:48,0.1572
2024-07-08 19:38:49,0.146128
2024-07-08 19:38:50,0.173888
2024-07-08 19:38:51,0.146808
2024-07-08 19:38:52,0.116912
2024-07-08 19:38:53,0.156776
2024-07-08 19:38:54,0.109928
2024-07-08 19:38:55,0.104952
2024-07-08 19:38:56,0.102512
2024-07-08 19:38:57,0.113376
2024-07-08 19:38:58,0.117712
2024-07-08 19:38:59,0.104816
2024-07-08 19:39:00,0.106576
2024-07-08 19:39:01,0.128728
2024-07-08 19:39:02,0.135056
2024-07-08 19:39:03,0.152712
2024-07-08 19:39:04,0.146432
2024-07-08 19:39:05,0.129304
2024-07-08 19:39:06,0.163576
2024-07-08 19:39:07,0.162904
2024-07-08 19:39:08,0.171256
2024-07-08 19:39:09,0.144344
2024-07-08 19:39:10,0.151736
2024-07-08 19:39:11,0.139944
2024-07-08 19:39:12,0.136984
2024-07-08 19:39:13,0.13036
2024-07-08 19:39:14,0.144704
2024-07-08 19:39:15,0.159952
2024-07-08 19:39:16,0.158648
2024-07-08 19:39:17,0.13068
2024-07-08 19:39:18,0.10472
2024-07-08 19:39:19,0.09404
2024-07-08 19:39:20,0.106928
2024-07-08 19:39:21,0.096936
2024-07-08 19:39:22,0.109712
2024-07-08 19:39:23,0.114456
2024-07-08 19:39:24,0.1036
2024-07-08 19:39:25,0.090624
2024-07-08 19:39:26,0.099192
2024-07-08 19:39:27,0.092128
2024-07-08 19:39:28,0.102144
2024-07-08 19:39:29,0.201528
2024-07-08 19:39:30,0.138968
2024-07-08 19:39:31,0.099064
2024-07-08 19:39:32,0.11496
2024-07-08 19:39:33,0.114152
2024-07-08 19:39:34,0.125304
2024-07-08 19:39:35,0.121808
2024-07-08 19:39:36,0.111528
2024-07-08 19:39:37,0.106696
2024-07-08 19:39:38,0.158824
2024-07-08 19:39:39,0.134944
2024-07-08 19:39:40,0.109824
2024-07-08 19:39:41,0.094992
2024-07-08 19:39:42,0.1012
2024-07-08 19:39:43,0.087536
2024-07-08 19:39:44,0.089848
2024-07-08 19:39:45,0.088512
2024-07-08 19:39:46,0.090928
2024-07-08 19:39:47,0.072352
2024-07-08 19:39:48,0.09864
2024-07-08 19:39:49,0.109544
2024-07-08 19:39:50,0.095432
2024-07-08 19:39:51,0.096568
2024-07-08 19:39:52,0.095952
2024-07-08 19:39:53,0.12424
2024-07-08 19:39:54,0.124128
2024-07-08 19:39:55,0.136928
2024-07-08 19:39:56,0.115912
2024-07-08 19:39:57,0.115208
2024-07-08 19:39:58,0.14576
2024-07-08 19:39:59,0.164064
2024-07-08 19:40:00,0.197696
2024-07-08 19:40:01,0.137144
2024-07-08 19:40:02,0.137192
2024-07-08 19:40:03,0.125584
2024-07-08 19:40:04,0.101688
2024-07-08 19:40:05,0.109168
2024-07-08 19:40:06,0.10136
2024-07-08 19:40:07,0.117904
2024-07-08 19:40:08,0.112816
2024-07-08 19:40:09,0.130544
2024-07-08 19:40:10,0.13012
2024-07-08 19:40:11,0.104272
2024-07-08 19:40:12,0.113072
2024-07-08 19:40:13,0.10432
2024-07-08 19:40:14,0.088512
2024-07-08 19:40:15,0.08392
2024-07-08 19:40:16,0.092776
2024-07-08 19:40:17,0.075456
2024-07-08 19:40:18,0.071776
2024-07-08 19:40:19,0.122704
2024-07-08 19:40:20,0.150432
2024-07-08 19:40:21,0.1522
2024-07-08 19:40:22,0.129296
2024-07-08 19:40:23,0.085664
2024-07-08 19:40:24,0.001984
2024-07-08 19:40:25,0.107952
2024-07-08 19:40:26,0.276048
2024-07-08 19:40:27,0.253664
2024-07-08 19:40:28,0.163392
2024-07-08 19:40:29,0.154504
2024-07-08 19:40:30,0.11704
2024-07-08 19:40:31,0.106136
2024-07-08 19:40:32,0.127896
2024-07-08 19:40:33,0.09208
2024-07-08 19:40:34,0.09848
2024-07-08 19:40:35,0.09224
2024-07-08 19:40:36,0.119152
2024-07-08 19:40:37,0.145752
2024-07-08 19:40:38,0.117368
2024-07-08 19:40:39,0.133336
2024-07-08 19:40:40,0.134608
2024-07-08 19:40:41,0.118136
2024-07-08 19:40:42,0.137608
2024-07-08 19:40:43,0.180424
2024-07-08 19:40:44,0.132344
2024-07-08 19:40:45,0.204464
2024-07-08 19:40:46,0.219056
2024-07-08 19:40:47,0.296568
2024-07-08 19:40:48,0.251208
2024-07-08 19:40:49,0.227192
2024-07-08 19:40:50,0.203632
2024-07-08 19:40:51,0.127752
2024-07-08 19:40:52,0.139928
2024-07-08 19:40:53,0.165256
2024-07-08 19:40:54,0.134104
2024-07-08 19:40:55,0.149936
2024-07-08 19:40:56,0.136352
2024-07-08 19:40:57,0.14092
2024-07-08 19:40:58,0.155848
2024-07-08 19:40:59,0.196072
2024-07-08 19:41:00,0.206032
2024-07-08 19:41:01,0.19508
2024-07-08 19:41:02,0.164176
2024-07-08 19:41:03,0.186808
2024-07-08 19:41:04,0.171736
2024-07-08 19:41:05,0.1896
2024-07-08 19:41:06,0.190392
2024-07-08 19:41:07,0.14208
2024-07-08 19:41:08,0.138128
2024-07-08 19:41:09,0.162808
2024-07-08 19:41:10,0.1146
2024-07-08 19:41:11,0.116952
2024-07-08 19:41:12,0.130024
2024-07-08 19:41:13,0.14124
2024-07-08 19:41:14,0.214456
2024-07-08 19:41:15,0.129032
2024-07-08 19:41:16,0.13344
2024-07-08 19:41:17,0.141112
2024-07-08 19:41:18,0.138576
2024-07-08 19:41:19,0.127952
2024-07-08 19:41:20,0.139848
2024-07-08 19:41:21,0.14552
2024-07-08 19:41:22,0.171456
2024-07-08 19:41:23,0.167664
2024-07-08 19:41:24,0.112648
2024-07-08 19:41:25,0.102704
2024-07-08 19:41:26,0.164424
2024-07-08 19:41:27,0.129464
2024-07-08 19:41:28,0.14424
2024-07-08 19:41:29,0.085712
2024-07-08 19:41:30,0.103856
2024-07-08 19:41:31,0.101392
2024-07-08 19:41:32,0.110424
2024-07-08 19:41:33,0.125304
2024-07-08 19:41:34,0.128464
2024-07-08 19:41:35,0.100816
2024-07-08 19:41:36,0.11412
2024-07-08 19:41:37,0.095648
2024-07-08 19:41:38,0.137512
2024-07-08 19:41:39,0.152896
2024-07-08 19:41:40,0.110264
2024-07-08 19:41:41,0.095024
2024-07-08 19:41:42,0.086856
2024-07-08 19:41:43,0.08392
2024-07-08 19:41:44,0.082704
2024-07-08 19:41:45,0.104688
2024-07-08 19:41:46,0.108392
2024-07-08 19:41:47,0.125264
2024-07-08 19:41:48,0.168248
2024-07-08 19:41:49,0.133328
2024-07-08 19:41:50,0.124888
2024-07-08 19:41:51,0.10704
2024-07-08 19:41:52,0.123112
2024-07-08 19:41:53,0.147944
2024-07-08 19:41:54,0.104392
2024-07-08 19:41:55,0.10124
2024-07-08 19:41:56,0.135528
2024-07-08 19:41:57,0.127488
2024-07-08 19:41:58,0.139104
2024-07-08 19:41:59,0.163936
2024-07-08 19:42:00,0.153248
2024-07-08 19:42:01,0.167728
2024-07-08 19:42:02,0.157888
2024-07-08 19:42:03,0.145728
2024-07-08 19:42:04,0.15308
2024-07-08 19:42:05,0.146392
2024-07-08 19:42:06,0.158184
2024-07-08 19:42:07,0.136104
2024-07-08 19:42:08,0.124168
2024-07-08 19:42:09,0.104696
2024-07-08 19:42:10,0.1182
2024-07-08 19:42:11,0.17276
2024-07-08 19:42:12,0.124888
2024-07-08 19:42:13,0.113192
2024-07-08 19:42:14,0.101256
2024-07-08 19:42:15,0.130104
2024-07-08 19:42:16,0.096752
2024-07-08 19:42:17,0.105768
2024-07-08 19:42:18,0.10288
2024-07-08 19:42:19,0.1198
2024-07-08 19:42:20,0.145328
2024-07-08 19:42:21,0.132216
2024-07-08 19:42:22,0.118168
2024-07-08 19:42:23,0.106992
2024-07-08 19:42:24,0.13072
2024-07-08 19:42:25,0.139624
2024-07-08 19:42:26,0.14156
2024-07-08 19:42:27,0.121856
2024-07-08 19:42:28,0.238832
2024-07-08 19:42:29,0.13144
2024-07-08 19:42:30,0.150264
2024-07-08 19:42:31,0.173488
2024-07-08 19:42:32,0.174032
2024-07-08 19:42:33,0.142824
2024-07-08 19:42:34,0.13272
2024-07-08 19:42:35,0.123528
2024-07-08 19:42:36,0.12268
2024-07-08 19:42:37,0.122
2024-07-08 19:42:38,0.155656
2024-07-08 19:42:39,0.137392
2024-07-08 19:42:40,0.154
2024-07-08 19:42:41,0.19576
2024-07-08 19:42:42,0.19804
2024-07-08 19:42:43,0.196928
2024-07-08 19:42:44,0.161032
2024-07-08 19:42:45,0.169608
2024-07-08 19:42:46,0.17292
2024-07-08 19:42:47,0.182224
2024-07-08 19:42:48,0.197144
2024-07-08 19:42:49,0.181328
2024-07-08 19:42:50,0.244152
2024-07-08 19:42:51,0.303816
2024-07-08 19:42:52,0.189464
2024-07-08 19:42:53,0.194272
2024-07-08 19:42:54,0.167184
2024-07-08 19:42:55,0.126296
2024-07-08 19:42:56,0.126288
2024-07-08 19:42:57,0.17392
2024-07-08 19:42:58,0.121816
2024-07-08 19:42:59,0.142544
2024-07-08 19:43:00,0.14972
2024-07-08 19:43:01,0.142824
2024-07-08 19:43:02,0.168448
2024-07-08 19:43:03,0.187784
2024-07-08 19:43:04,0.171632
2024-07-08 19:43:05,0.187976
2024-07-08 19:43:06,0.199952
2024-07-08 19:43:07,0.13952
2024-07-08 19:43:08,0.221128
2024-07-08 19:43:09,0.133792
2024-07-08 19:43:10,0.23068
2024-07-08 19:43:11,0.154984
2024-07-08 19:43:12,0.15728
2024-07-08 19:43:13,0.162544
2024-07-08 19:43:14,0.129448
2024-07-08 19:43:15,0.171984
2024-07-08 19:43:16,0.137392
2024-07-08 19:43:17,0.124352
2024-07-08 19:43:18,0.11296
2024-07-08 19:43:19,0.117024
2024-07-08 19:43:20,0.105632
2024-07-08 19:43:21,0.119296
2024-07-08 19:43:22,0.19284
2024-07-08 19:43:23,0.136936
2024-07-08 19:43:24,0.122112
2024-07-08 19:43:25,0.133688
2024-07-08 19:43:26,0.12968
2024-07-08 19:43:27,0.143048
2024-07-08 19:43:28,0.130416
2024-07-08 19:43:29,0.103704
2024-07-08 19:43:30,0.103736
2024-07-08 19:43:31,0.045296
2024-07-08 19:43:32,0.060096
2024-07-08 19:43:33,0.237152
2024-07-08 19:43:34,0.12204
2024-07-08 19:43:35,0.225152
2024-07-08 19:43:36,0.133208
2024-07-08 19:43:37,0.169592
2024-07-08 19:43:38,0.151392
2024-07-08 19:43:39,0.167728
2024-07-08 19:43:40,0.181064
2024-07-08 19:43:41,0.150384
2024-07-08 19:43:42,0.107472
2024-07-08 19:43:43,0.100664
2024-07-08 19:43:44,0.08728
2024-07-08 19:43:45,0.094352
2024-07-08 19:43:46,0.107176
2024-07-08 19:43:47,0.10416
2024-07-08 19:43:48,0.108976
2024-07-08 19:43:49,0.101016
2024-07-08 19:43:50,0.122624
2024-07-08 19:43:51,0.087992
2024-07-08 19:43:52,0.094216
2024-07-08 19:43:53,0.144136
2024-07-08 19:43:54,0.123808
2024-07-08 19:43:55,0.102024
2024-07-08 19:43:56,0.117496
2024-07-08 19:43:57,0.147744
2024-07-08 19:43:58,0.137288
2024-07-08 19:43:59,0.092912
2024-07-08 19:44:00,0.082768
2024-07-08 19:44:01,0.110336
2024-07-08 19:44:02,0.105464
2024-07-08 19:44:03,0.110152
2024-07-08 19:44:04,0.105464
2024-07-08 19:44:05,0.10244
2024-07-08 19:44:06,0.205944
2024-07-08 19:44:07,0.15368
2024-07-08 19:44:08,0.144248
2024-07-08 19:44:09,0.158552
2024-07-08 19:44:10,0.179448
2024-07-08 19:44:11,0.147672
2024-07-08 19:44:12,0.14836
2024-07-08 19:44:13,0.151312
2024-07-08 19:44:14,0.16828
2024-07-08 19:44:15,0.160224
2024-07-08 19:44:16,0.145392
2024-07-08 19:44:17,0.119272
2024-07-08 19:44:18,0.087848
2024-07-08 19:44:19,0.079536
2024-07-08 19:44:20,0.093848
2024-07-08 19:44:21,0.086568
2024-07-08 19:44:22,0.0856
2024-07-08 19:44:23,0.107376
2024-07-08 19:44:24,0.08476
2024-07-08 19:44:25,0.115984
2024-07-08 19:44:26,0.109176
2024-07-08 19:44:27,0.1114
2024-07-08 19:44:28,0.090128
2024-07-08 19:44:29,0.12432
2024-07-08 19:44:30,0.211472
2024-07-08 19:44:31,0.146312
2024-07-08 19:44:32,0.176256
2024-07-08 19:44:33,0.169272
2024-07-08 19:44:34,0.158272
2024-07-08 19:44:35,0.167552
2024-07-08 19:44:36,0.164256
2024-07-08 19:44:37,0.1436
2024-07-08 19:44:38,0.132192
2024-07-08 19:44:39,0.120192
2024-07-08 19:44:40,0.126864
2024-07-08 19:44:41,0.104808
2024-07-08 19:44:42,0.102736
2024-07-08 19:44:43,0.144504
2024-07-08 19:44:44,0.106872
2024-07-08 19:44:45,0.101928
2024-07-08 19:44:46,0.098976
2024-07-08 19:44:47,0.085376
2024-07-08 19:44:48,0.121544
2024-07-08 19:44:49,0.115176
2024-07-08 19:44:50,0.11936
2024-07-08 19:44:51,0.124376
2024-07-08 19:44:52,0.128488
2024-07-08 19:44:53,0.153352
2024-07-08 19:44:54,0.172184
2024-07-08 19:44:55,0.16472
2024-07-08 19:44:56,0.152224
2024-07-08 19:44:57,0.125104
2024-07-08 19:44:58,0.202344
2024-07-08 19:44:59,0.199424
2024-07-08 19:45:00,0.205104
2024-07-08 19:45:01,0.156728
2024-07-08 19:45:02,0.130864
2024-07-08 19:45:03,0.167608
2024-07-08 19:45:04,0.189304
2024-07-08 19:45:05,0.175464
2024-07-08 19:45:06,0.134672
2024-07-08 19:45:07,0.138576
2024-07-08 19:45:08,0.17684
2024-07-08 19:45:09,0.17656
2024-07-08 19:45:10,0.21756
2024-07-08 19:45:11,0.224792
2024-07-08 19:45:12,0.17052
2024-07-08 19:45:13,0.172864
2024-07-08 19:45:14,0.200776
2024-07-08 19:45:15,0.157344
2024-07-08 19:45:16,0.151072
2024-07-08 19:45:17,0.12948
2024-07-08 19:45:18,0.14256
2024-07-08 19:45:19,0.151256
2024-07-08 19:45:20,0.142616
2024-07-08 19:45:21,0.142032
2024-07-08 19:45:22,0.168688
2024-07-08 19:45:23,0.17116
2024-07-08 19:45:24,0.16804
2024-07-08 19:45:25,0.141784
2024-07-08 19:45:26,0.15556
2024-07-08 19:45:27,0.142352
2024-07-08 19:45:28,0.1334
2024-07-08 19:45:29,0.150688
2024-07-08 19:45:30,0.163528
2024-07-08 19:45:31,0.165488
2024-07-08 19:45:32,0.155888
2024-07-08 19:45:33,0.152488
2024-07-08 19:45:34,0.131128
2024-07-08 19:45:35,0.126168
2024-07-08 19:45:36,0.120448
2024-07-08 19:45:37,0.113648
2024-07-08 19:45:38,0.179576
2024-07-08 19:45:39,0.163448
2024-07-08 19:45:40,0.139392
2024-07-08 19:45:41,0.117872
2024-07-08 19:45:42,0.140912
2024-07-08 19:45:43,0.13384
2024-07-08 19:45:44,0.112728
2024-07-08 19:45:45,0.127192
2024-07-08 19:45:46,0.144992
2024-07-08 19:45:47,0.123232
2024-07-08 19:45:48,0.141232
2024-07-08 19:45:49,0.151352
2024-07-08 19:45:50,0.128648
2024-07-08 19:45:51,0.116696
2024-07-08 19:45:52,0.1182
2024-07-08 19:45:53,0.141048
2024-07-08 19:45:54,0.117552
2024-07-08 19:45:55,0.09036
2024-07-08 19:45:56,0.09816
2024-07-08 19:45:57,0.079976
2024-07-08 19:45:58,0.090328
2024-07-08 19:45:59,0.08628
2024-07-08 19:46:00,0.088784
2024-07-08 19:46:01,0.09708
2024-07-08 19:46:02,0.095312
2024-07-08 19:46:03,0.1158
2024-07-08 19:46:04,0.141912
2024-07-08 19:46:05,0.13108
2024-07-08 19:46:06,0.112704
2024-07-08 19:46:07,0.082192
2024-07-08 19:46:08,0.078256
2024-07-08 19:46:09,0.10576
2024-07-08 19:46:10,0.103664
2024-07-08 19:46:11,0.128672
2024-07-08 19:46:12,0.151536
2024-07-08 19:46:13,0.148312
2024-07-08 19:46:14,0.15896
2024-07-08 19:46:15,0.183768
2024-07-08 19:46:16,0.176016
2024-07-08 19:46:17,0.1516
2024-07-08 19:46:18,0.146512
2024-07-08 19:46:19,0.139184
2024-07-08 19:46:20,0.136624
2024-07-08 19:46:21,0.094864
2024-07-08 19:46:22,0.098568
2024-07-08 19:46:23,0.1118
2024-07-08 19:46:24,0.137872
2024-07-08 19:46:25,0.181544
2024-07-08 19:46:26,0.120392
2024-07-08 19:46:27,0.16624
2024-07-08 19:46:28,0.151432
2024-07-08 19:46:29,0.215832
2024-07-08 19:46:30,0.134544
2024-07-08 19:46:31,0.12204
2024-07-08 19:46:32,0.117832
2024-07-08 19:46:33,0.156536
2024-07-08 19:46:34,0.128488
2024-07-08 19:46:35,0.130168
2024-07-08 19:46:36,0.175104
2024-07-08 19:46:37,0.150816
2024-07-08 19:46:38,0.174376
2024-07-08 19:46:39,0.224944
2024-07-08 19:46:40,0.23324
2024-07-08 19:46:41,0.24636
2024-07-08 19:46:42,0.215368
2024-07-08 19:46:43,0.215992
2024-07-08 19:46:44,0.192432
2024-07-08 19:46:45,0.193256
2024-07-08 19:46:46,0.163176
2024-07-08 19:46:47,0.190808
2024-07-08 19:46:48,0.205088
2024-07-08 19:46:49,0.175184
2024-07-08 19:46:50,0.149664
2024-07-08 19:46:51,0.16628
2024-07-08 19:46:52,0.161296
2024-07-08 19:46:53,0.227768
2024-07-08 19:46:54,0.19648
2024-07-08 19:46:55,0.169432
2024-07-08 19:46:56,0.15544
2024-07-08 19:46:57,0.126136
2024-07-08 19:46:58,0.15208
2024-07-08 19:46:59,0.16432
2024-07-08 19:47:00,0.140688
2024-07-08 19:47:01,0.166888
2024-07-08 19:47:02,0.15204
2024-07-08 19:47:03,0.22832
2024-07-08 19:47:04,0.168536
2024-07-08 19:47:05,0.19484
2024-07-08 19:47:06,0.210216
2024-07-08 19:47:07,0.19904
2024-07-08 19:47:08,0.163512
2024-07-08 19:47:09,0.138792
2024-07-08 19:47:10,0.107008
2024-07-08 19:47:11,0.137184
2024-07-08 19:47:12,0.150192
2024-07-08 19:47:13,0.133952
2024-07-08 19:47:14,0.127192
2024-07-08 19:47:15,0.129504
2024-07-08 19:47:16,0.129536
2024-07-08 19:47:17,0.169976
2024-07-08 19:47:18,0.264712
2024-07-08 19:47:19,0.140656
2024-07-08 19:47:20,0.139624
2024-07-08 19:47:21,0.134176
2024-07-08 19:47:22,0.167072
2024-07-08 19:47:23,0.14952
2024-07-08 19:47:24,0.205544
2024-07-08 19:47:25,0.145712
2024-07-08 19:47:26,0.139376
2024-07-08 19:47:27,0.129528
2024-07-08 19:47:28,0.16648
2024-07-08 19:47:29,0.09552
2024-07-08 19:47:30,0.043824
2024-07-08 19:47:31,0.041152
2024-07-08 19:47:32,0.043312
2024-07-08 19:47:33,0.022864
2024-07-08 19:47:34,0.00124
2024-07-08 19:47:35,0.00188
2024-07-08 19:47:36,0.00124
2024-07-08 19:47:37,0.00188
2024-07-08 19:47:38,0.00124
2024-07-08 19:47:39,0.00188
2024-07-08 19:47:40,0.00124
2024-07-08 19:47:41,0.00508
