time,mbps
2024-07-08 20:04:52,0.019936
2024-07-08 20:04:53,0.105776
2024-07-08 20:04:54,0.011336
2024-07-08 20:04:55,0.01552
2024-07-08 20:04:56,0.029248
2024-07-08 20:04:57,0.022808
2024-07-08 20:04:58,0.02336
2024-07-08 20:04:59,0.328096
2024-07-08 20:05:00,0.045024
2024-07-08 20:05:01,0.062888
2024-07-08 20:05:02,0.061008
2024-07-08 20:05:03,0.043896
2024-07-08 20:05:04,0.055336
2024-07-08 20:05:05,0.058136
2024-07-08 20:05:06,0.048504
2024-07-08 20:05:07,0.03252
2024-07-08 20:05:08,0.041736
2024-07-08 20:05:09,0.203408
2024-07-08 20:05:10,0.04252
2024-07-08 20:05:11,0.058128
2024-07-08 20:05:12,0.048176
2024-07-08 20:05:13,0.049968
2024-07-08 20:05:14,0.076208
2024-07-08 20:05:15,0.046272
2024-07-08 20:05:16,0.050016
2024-07-08 20:05:17,0.054112
2024-07-08 20:05:18,0.070256
2024-07-08 20:05:19,0.051736
2024-07-08 20:05:20,0.042448
2024-07-08 20:05:21,0.039176
2024-07-08 20:05:22,0.04112
2024-07-08 20:05:23,0.029512
2024-07-08 20:05:24,0.039712
2024-07-08 20:05:25,0.038952
2024-07-08 20:05:26,0.033592
2024-07-08 20:05:27,0.037368
2024-07-08 20:05:28,0.039224
2024-07-08 20:05:29,0.0456
2024-07-08 20:05:30,0.04548
2024-07-08 20:05:31,0.048968
2024-07-08 20:05:32,0.04464
2024-07-08 20:05:33,0.05508
2024-07-08 20:05:34,0.043984
2024-07-08 20:05:35,0.04932
2024-07-08 20:05:36,0.051768
2024-07-08 20:05:37,0.05304
2024-07-08 20:05:38,0.054104
2024-07-08 20:05:39,0.07668
2024-07-08 20:05:40,0.059752
2024-07-08 20:05:41,0.062728
2024-07-08 20:05:42,0.051696
2024-07-08 20:05:43,0.056992
2024-07-08 20:05:44,0.051616
2024-07-08 20:05:45,0.051616
2024-07-08 20:05:46,0.068432
2024-07-08 20:05:47,0.060672
2024-07-08 20:05:48,0.07668
2024-07-08 20:05:49,0.071472
2024-07-08 20:05:50,0.081136
2024-07-08 20:05:51,0.067128
2024-07-08 20:05:52,0.06768
2024-07-08 20:05:53,0.06152
2024-07-08 20:05:54,0.050048
2024-07-08 20:05:55,0.03688
2024-07-08 20:05:56,0.044056
2024-07-08 20:05:57,0.050624
2024-07-08 20:05:58,0.060896
2024-07-08 20:05:59,0.047952
2024-07-08 20:06:00,0.038848
2024-07-08 20:06:01,0.049456
2024-07-08 20:06:02,0.048112
2024-07-08 20:06:03,0.047224
2024-07-08 20:06:04,0.049008
2024-07-08 20:06:05,0.034568
2024-07-08 20:06:06,0.032712
2024-07-08 20:06:07,0.034424
2024-07-08 20:06:08,0.074448
2024-07-08 20:06:09,0.080616
2024-07-08 20:06:10,0.062232
2024-07-08 20:06:11,0.05304
2024-07-08 20:06:12,0.056024
2024-07-08 20:06:13,0.078552
2024-07-08 20:06:14,0.087448
2024-07-08 20:06:15,0.081944
2024-07-08 20:06:16,0.059528
2024-07-08 20:06:17,0.07608
2024-07-08 20:06:18,0.055992
2024-07-08 20:06:19,0.054504
2024-07-08 20:06:20,0.051968
2024-07-08 20:06:21,0.057832
2024-07-08 20:06:22,0.043032
2024-07-08 20:06:23,0.051824
2024-07-08 20:06:24,0.05328
2024-07-08 20:06:25,0.046272
2024-07-08 20:06:26,0.047976
2024-07-08 20:06:27,0.050616
2024-07-08 20:06:28,0.04104
2024-07-08 20:06:29,0.048224
2024-07-08 20:06:30,0.037304
2024-07-08 20:06:31,0.054968
2024-07-08 20:06:32,0.043056
2024-07-08 20:06:33,0.040712
2024-07-08 20:06:34,0.04696
2024-07-08 20:06:35,0.053024
2024-07-08 20:06:36,0.049784
2024-07-08 20:06:37,0.061568
2024-07-08 20:06:38,0.102024
2024-07-08 20:06:39,0.09688
2024-07-08 20:06:40,0.101936
2024-07-08 20:06:41,0.09732
2024-07-08 20:06:42,0.086984
2024-07-08 20:06:43,0.0902
2024-07-08 20:06:44,0.091264
2024-07-08 20:06:45,0.094416
2024-07-08 20:06:46,0.093408
2024-07-08 20:06:47,0.112792
2024-07-08 20:06:48,0.115104
2024-07-08 20:06:49,0.1062
2024-07-08 20:06:50,0.114496
2024-07-08 20:06:51,0.183128
2024-07-08 20:06:52,0.103504
2024-07-08 20:06:53,0.117632
2024-07-08 20:06:54,0.109296
2024-07-08 20:06:55,0.112984
2024-07-08 20:06:56,0.114232
2024-07-08 20:06:57,0.129936
2024-07-08 20:06:58,0.118352
2024-07-08 20:06:59,0.120168
2024-07-08 20:07:00,0.132368
2024-07-08 20:07:01,0.117896
2024-07-08 20:07:02,0.118768
2024-07-08 20:07:03,0.119616
2024-07-08 20:07:04,0.131768
2024-07-08 20:07:05,0.125256
2024-07-08 20:07:06,0.117656
2024-07-08 20:07:07,0.131048
2024-07-08 20:07:08,0.12708
2024-07-08 20:07:09,0.179488
2024-07-08 20:07:10,0.14344
2024-07-08 20:07:11,0.14432
2024-07-08 20:07:12,0.133024
2024-07-08 20:07:13,0.180616
2024-07-08 20:07:14,0.145584
2024-07-08 20:07:15,0.156432
2024-07-08 20:07:16,0.163792
2024-07-08 20:07:17,0.14208
2024-07-08 20:07:18,0.1732
2024-07-08 20:07:19,0.142592
2024-07-08 20:07:20,0.15296
2024-07-08 20:07:21,0.11992
2024-07-08 20:07:22,0.152656
2024-07-08 20:07:23,0.137784
2024-07-08 20:07:24,0.130256
2024-07-08 20:07:25,0.112584
2024-07-08 20:07:26,0.119424
2024-07-08 20:07:27,0.116288
2024-07-08 20:07:28,0.153496
2024-07-08 20:07:29,0.12064
2024-07-08 20:07:30,0.133048
2024-07-08 20:07:31,0.138864
2024-07-08 20:07:32,0.123496
2024-07-08 20:07:33,0.120856
2024-07-08 20:07:34,0.122408
2024-07-08 20:07:35,0.109912
2024-07-08 20:07:36,0.115976
2024-07-08 20:07:37,0.120616
2024-07-08 20:07:38,0.125648
2024-07-08 20:07:39,0.127704
2024-07-08 20:07:40,0.1846
2024-07-08 20:07:41,0.164616
2024-07-08 20:07:42,0.165024
2024-07-08 20:07:43,0.154088
2024-07-08 20:07:44,0.162336
2024-07-08 20:07:45,0.169672
2024-07-08 20:07:46,0.136976
2024-07-08 20:07:47,0.148736
2024-07-08 20:07:48,0.137048
2024-07-08 20:07:49,0.120952
2024-07-08 20:07:50,0.122336
2024-07-08 20:07:51,0.11588
2024-07-08 20:07:52,0.111648
2024-07-08 20:07:53,0.122448
2024-07-08 20:07:54,0.165384
2024-07-08 20:07:55,0.177328
2024-07-08 20:07:56,0.1446
2024-07-08 20:07:57,0.15192
2024-07-08 20:07:58,0.145216
2024-07-08 20:07:59,0.153384
2024-07-08 20:08:00,0.118504
2024-07-08 20:08:01,0.13048
2024-07-08 20:08:02,0.114192
2024-07-08 20:08:03,0.120176
2024-07-08 20:08:04,0.116888
2024-07-08 20:08:05,0.106448
2024-07-08 20:08:06,0.163664
2024-07-08 20:08:07,0.14272
2024-07-08 20:08:08,0.148592
2024-07-08 20:08:09,0.169704
2024-07-08 20:08:10,0.150672
2024-07-08 20:08:11,0.136
2024-07-08 20:08:12,0.121152
2024-07-08 20:08:13,0.137776
2024-07-08 20:08:14,0.139144
2024-07-08 20:08:15,0.127128
2024-07-08 20:08:16,0.123368
2024-07-08 20:08:17,0.121736
2024-07-08 20:08:18,0.119752
2024-07-08 20:08:19,0.125872
2024-07-08 20:08:20,0.12244
2024-07-08 20:08:21,0.155704
2024-07-08 20:08:22,0.189
2024-07-08 20:08:23,0.1866
2024-07-08 20:08:24,0.171448
2024-07-08 20:08:25,0.157008
2024-07-08 20:08:26,0.147712
2024-07-08 20:08:27,0.14844
2024-07-08 20:08:28,0.160832
2024-07-08 20:08:29,0.142896
2024-07-08 20:08:30,0.125216
2024-07-08 20:08:31,0.14092
2024-07-08 20:08:32,0.131688
2024-07-08 20:08:33,0.134736
2024-07-08 20:08:34,0.119216
2024-07-08 20:08:35,0.122312
2024-07-08 20:08:36,0.112408
2024-07-08 20:08:37,0.124384
2024-07-08 20:08:38,0.137984
2024-07-08 20:08:39,0.131328
2024-07-08 20:08:40,0.173736
2024-07-08 20:08:41,0.156384
2024-07-08 20:08:42,0.175864
2024-07-08 20:08:43,0.174376
2024-07-08 20:08:44,0.165864
2024-07-08 20:08:45,0.13792
2024-07-08 20:08:46,0.13964
2024-07-08 20:08:47,0.127536
2024-07-08 20:08:48,0.167368
2024-07-08 20:08:49,0.141336
2024-07-08 20:08:50,0.138112
2024-07-08 20:08:51,0.122352
2024-07-08 20:08:52,0.113224
2024-07-08 20:08:53,0.119944
2024-07-08 20:08:54,0.132736
2024-07-08 20:08:55,0.140544
2024-07-08 20:08:56,0.116688
2024-07-08 20:08:57,0.133504
2024-07-08 20:08:58,0.165248
2024-07-08 20:08:59,0.17524
2024-07-08 20:09:00,0.13196
2024-07-08 20:09:01,0.129304
2024-07-08 20:09:02,0.218088
2024-07-08 20:09:03,0.145632
2024-07-08 20:09:04,0.159472
2024-07-08 20:09:05,0.148712
2024-07-08 20:09:06,0.134064
2024-07-08 20:09:07,0.12868
2024-07-08 20:09:08,0.132832
2024-07-08 20:09:09,0.1816
2024-07-08 20:09:10,0.136848
2024-07-08 20:09:11,0.122728
2024-07-08 20:09:12,0.143264
2024-07-08 20:09:13,0.150064
2024-07-08 20:09:14,0.156048
2024-07-08 20:09:15,0.16824
2024-07-08 20:09:16,0.174688
2024-07-08 20:09:17,0.1454
2024-07-08 20:09:18,0.126032
2024-07-08 20:09:19,0.157336
2024-07-08 20:09:20,0.14604
2024-07-08 20:09:21,0.134664
2024-07-08 20:09:22,0.120448
2024-07-08 20:09:23,0.146424
2024-07-08 20:09:24,0.170976
2024-07-08 20:09:25,0.156984
2024-07-08 20:09:26,0.149232
2024-07-08 20:09:27,0.128792
2024-07-08 20:09:28,0.114408
2024-07-08 20:09:29,0.125536
2024-07-08 20:09:30,0.104552
2024-07-08 20:09:31,0.114536
2024-07-08 20:09:32,0.118872
2024-07-08 20:09:33,0.114312
2024-07-08 20:09:34,0.10724
2024-07-08 20:09:35,0.109688
2024-07-08 20:09:36,0.12476
2024-07-08 20:09:37,0.112568
2024-07-08 20:09:38,0.122504
2024-07-08 20:09:39,0.1474
2024-07-08 20:09:40,0.143336
2024-07-08 20:09:41,0.160088
2024-07-08 20:09:42,0.15532
2024-07-08 20:09:43,0.13244
2024-07-08 20:09:44,0.133704
2024-07-08 20:09:45,0.12808
2024-07-08 20:09:46,0.132808
2024-07-08 20:09:47,0.132112
2024-07-08 20:09:48,0.132216
2024-07-08 20:09:49,0.126624
2024-07-08 20:09:50,0.127128
2024-07-08 20:09:51,0.129944
2024-07-08 20:09:52,0.119664
2024-07-08 20:09:53,0.117568
2024-07-08 20:09:54,0.124816
2024-07-08 20:09:55,0.135056
2024-07-08 20:09:56,0.154952
2024-07-08 20:09:57,0.1474
2024-07-08 20:09:58,0.147672
2024-07-08 20:09:59,0.148968
2024-07-08 20:10:00,0.11012
2024-07-08 20:10:01,0.084096
2024-07-08 20:10:02,0.104696
2024-07-08 20:10:03,0.092584
2024-07-08 20:10:04,0.093224
2024-07-08 20:10:05,0.111528
2024-07-08 20:10:06,0.10244
2024-07-08 20:10:07,0.103864
2024-07-08 20:10:08,0.11324
2024-07-08 20:10:09,0.127984
2024-07-08 20:10:10,0.107776
2024-07-08 20:10:11,0.158288
2024-07-08 20:10:12,0.122792
2024-07-08 20:10:13,0.144608
2024-07-08 20:10:14,0.117896
2024-07-08 20:10:15,0.137968
2024-07-08 20:10:16,0.128904
2024-07-08 20:10:17,0.134712
2024-07-08 20:10:18,0.141424
2024-07-08 20:10:19,0.128624
2024-07-08 20:10:20,0.114344
2024-07-08 20:10:21,0.116656
2024-07-08 20:10:22,0.082936
2024-07-08 20:10:23,0.089736
2024-07-08 20:10:24,0.091984
2024-07-08 20:10:25,0.095384
2024-07-08 20:10:26,0.095352
2024-07-08 20:10:27,0.095408
2024-07-08 20:10:28,0.091208
2024-07-08 20:10:29,0.103968
2024-07-08 20:10:30,0.122792
2024-07-08 20:10:31,0.091304
2024-07-08 20:10:32,0.101
2024-07-08 20:10:33,0.096136
2024-07-08 20:10:34,0.154912
2024-07-08 20:10:35,0.146984
2024-07-08 20:10:36,0.103536
2024-07-08 20:10:37,0.12208
2024-07-08 20:10:38,0.101256
2024-07-08 20:10:39,0.129968
2024-07-08 20:10:40,0.154352
2024-07-08 20:10:41,0.138568
2024-07-08 20:10:42,0.138312
2024-07-08 20:10:43,0.181336
2024-07-08 20:10:44,0.15504
2024-07-08 20:10:45,0.142592
2024-07-08 20:10:46,0.166176
2024-07-08 20:10:47,0.165848
2024-07-08 20:10:48,0.166848
2024-07-08 20:10:49,0.199736
2024-07-08 20:10:50,0.186352
2024-07-08 20:10:51,0.163424
2024-07-08 20:10:52,0.154776
2024-07-08 20:10:53,0.16824
2024-07-08 20:10:54,0.147112
2024-07-08 20:10:55,0.156256
2024-07-08 20:10:56,0.137688
2024-07-08 20:10:57,0.146936
2024-07-08 20:10:58,0.132752
2024-07-08 20:10:59,0.138328
2024-07-08 20:11:00,0.145624
2024-07-08 20:11:01,0.130144
2024-07-08 20:11:02,0.13732
2024-07-08 20:11:03,0.13896
2024-07-08 20:11:04,0.11488
2024-07-08 20:11:05,0.140848
2024-07-08 20:11:06,0.1706
2024-07-08 20:11:07,0.189728
2024-07-08 20:11:08,0.158696
2024-07-08 20:11:09,0.197072
2024-07-08 20:11:10,0.15436
2024-07-08 20:11:11,0.176272
2024-07-08 20:11:12,0.148848
2024-07-08 20:11:13,0.143456
2024-07-08 20:11:14,0.152056
2024-07-08 20:11:15,0.16552
2024-07-08 20:11:16,0.173088
2024-07-08 20:11:17,0.161648
2024-07-08 20:11:18,0.164792
2024-07-08 20:11:19,0.147272
2024-07-08 20:11:20,0.150768
2024-07-08 20:11:21,0.140048
2024-07-08 20:11:22,0.149784
2024-07-08 20:11:23,0.133016
2024-07-08 20:11:24,0.130496
2024-07-08 20:11:25,0.130504
2024-07-08 20:11:26,0.126816
2024-07-08 20:11:27,0.126544
2024-07-08 20:11:28,0.142544
2024-07-08 20:11:29,0.144664
2024-07-08 20:11:30,0.14956
2024-07-08 20:11:31,0.120984
2024-07-08 20:11:32,0.111768
2024-07-08 20:11:33,0.114936
2024-07-08 20:11:34,0.134928
2024-07-08 20:11:35,0.157536
2024-07-08 20:11:36,0.118872
2024-07-08 20:11:37,0.174528
2024-07-08 20:11:38,0.21148
2024-07-08 20:11:39,0.165344
2024-07-08 20:11:40,0.105952
2024-07-08 20:11:41,0.137168
2024-07-08 20:11:42,0.144832
2024-07-08 20:11:43,0.166544
2024-07-08 20:11:44,0.174352
2024-07-08 20:11:45,0.179904
2024-07-08 20:11:46,0.158608
2024-07-08 20:11:47,0.18336
2024-07-08 20:11:48,0.176936
2024-07-08 20:11:49,0.166584
2024-07-08 20:11:50,0.192336
2024-07-08 20:11:51,0.228488
2024-07-08 20:11:52,0.227456
2024-07-08 20:11:53,0.210792
2024-07-08 20:11:54,0.172952
2024-07-08 20:11:55,0.156576
2024-07-08 20:11:56,0.156544
2024-07-08 20:11:57,0.159664
2024-07-08 20:11:58,0.19476
2024-07-08 20:11:59,0.156376
2024-07-08 20:12:00,0.163632
2024-07-08 20:12:01,0.184264
2024-07-08 20:12:02,0.122768
2024-07-08 20:12:03,0.128984
2024-07-08 20:12:04,0.11704
2024-07-08 20:12:05,0.1174
2024-07-08 20:12:06,0.124584
2024-07-08 20:12:07,0.14108
2024-07-08 20:12:08,0.116952
2024-07-08 20:12:09,0.162312
2024-07-08 20:12:10,0.154408
2024-07-08 20:12:11,0.174408
2024-07-08 20:12:12,0.154744
2024-07-08 20:12:13,0.188864
2024-07-08 20:12:14,0.174984
2024-07-08 20:12:15,0.179256
2024-07-08 20:12:16,0.183544
2024-07-08 20:12:17,0.185376
2024-07-08 20:12:18,0.145352
2024-07-08 20:12:19,0.134616
2024-07-08 20:12:20,0.12424
2024-07-08 20:12:21,0.11836
2024-07-08 20:12:22,0.112032
2024-07-08 20:12:23,0.11608
2024-07-08 20:12:24,0.134016
2024-07-08 20:12:25,0.123104
2024-07-08 20:12:26,0.1098
2024-07-08 20:12:27,0.134512
2024-07-08 20:12:28,0.114808
2024-07-08 20:12:29,0.111848
2024-07-08 20:12:30,0.11744
2024-07-08 20:12:31,0.098608
2024-07-08 20:12:32,0.089056
2024-07-08 20:12:33,0.120728
2024-07-08 20:12:34,0.10984
2024-07-08 20:12:35,0.124216
2024-07-08 20:12:36,0.143792
2024-07-08 20:12:37,0.114
2024-07-08 20:12:38,0.14204
2024-07-08 20:12:39,0.146912
2024-07-08 20:12:40,0.148536
2024-07-08 20:12:41,0.150424
2024-07-08 20:12:42,0.180328
2024-07-08 20:12:43,0.144728
2024-07-08 20:12:44,0.179912
2024-07-08 20:12:45,0.14024
2024-07-08 20:12:46,0.152136
2024-07-08 20:12:47,0.140264
2024-07-08 20:12:48,0.167008
2024-07-08 20:12:49,0.161576
2024-07-08 20:12:50,0.166248
2024-07-08 20:12:51,0.141008
2024-07-08 20:12:52,0.126176
2024-07-08 20:12:53,0.124744
2024-07-08 20:12:54,0.124056
2024-07-08 20:12:55,0.12168
2024-07-08 20:12:56,0.11916
2024-07-08 20:12:57,0.124712
2024-07-08 20:12:58,0.127024
2024-07-08 20:12:59,0.129976
2024-07-08 20:13:00,0.116512
2024-07-08 20:13:01,0.093544
2024-07-08 20:13:02,0.103296
2024-07-08 20:13:03,0.124088
2024-07-08 20:13:04,0.131008
2024-07-08 20:13:05,0.11896
2024-07-08 20:13:06,0.128648
2024-07-08 20:13:07,0.15716
2024-07-08 20:13:08,0.17232
2024-07-08 20:13:09,0.232608
2024-07-08 20:13:10,0.1968
2024-07-08 20:13:11,0.18196
2024-07-08 20:13:12,0.14656
2024-07-08 20:13:13,0.147088
2024-07-08 20:13:14,0.204864
2024-07-08 20:13:15,0.152312
2024-07-08 20:13:16,0.161192
2024-07-08 20:13:17,0.150664
2024-07-08 20:13:18,0.154352
2024-07-08 20:13:19,0.177232
2024-07-08 20:13:20,0.168984
2024-07-08 20:13:21,0.175832
2024-07-08 20:13:22,0.135312
2024-07-08 20:13:23,0.155744
2024-07-08 20:13:24,0.127232
2024-07-08 20:13:25,0.137832
2024-07-08 20:13:26,0.142208
2024-07-08 20:13:27,0.130816
2024-07-08 20:13:28,0.115944
2024-07-08 20:13:29,0.116784
2024-07-08 20:13:30,0.145856
2024-07-08 20:13:31,0.152736
2024-07-08 20:13:32,0.175232
2024-07-08 20:13:33,0.159216
2024-07-08 20:13:34,0.225312
2024-07-08 20:13:35,0.173264
2024-07-08 20:13:36,0.182768
2024-07-08 20:13:37,0.173016
2024-07-08 20:13:38,0.1398
2024-07-08 20:13:39,0.140728
2024-07-08 20:13:40,0.153928
2024-07-08 20:13:41,0.153856
2024-07-08 20:13:42,0.148816
2024-07-08 20:13:43,0.126976
2024-07-08 20:13:44,0.131152
2024-07-08 20:13:45,0.169816
2024-07-08 20:13:46,0.147368
2024-07-08 20:13:47,0.133136
2024-07-08 20:13:48,0.131088
2024-07-08 20:13:49,0.126536
2024-07-08 20:13:50,0.129432
2024-07-08 20:13:51,0.130824
2024-07-08 20:13:52,0.135016
2024-07-08 20:13:53,0.12056
2024-07-08 20:13:54,0.108304
2024-07-08 20:13:55,0.1188
2024-07-08 20:13:56,0.118488
2024-07-08 20:13:57,0.114432
2024-07-08 20:13:58,0.124936
2024-07-08 20:13:59,0.125808
2024-07-08 20:14:00,0.102104
2024-07-08 20:14:01,0.099688
2024-07-08 20:14:02,0.117632
2024-07-08 20:14:03,0.118888
2024-07-08 20:14:04,0.116464
2024-07-08 20:14:05,0.109088
2024-07-08 20:14:06,0.091528
2024-07-08 20:14:07,0.085312
2024-07-08 20:14:08,0.083712
2024-07-08 20:14:09,0.142568
2024-07-08 20:14:10,0.110376
2024-07-08 20:14:11,0.122576
2024-07-08 20:14:12,0.138016
2024-07-08 20:14:13,0.135768
2024-07-08 20:14:14,0.156968
2024-07-08 20:14:15,0.171816
2024-07-08 20:14:16,0.166112
2024-07-08 20:14:17,0.14048
2024-07-08 20:14:18,0.149208
2024-07-08 20:14:19,0.13432
2024-07-08 20:14:20,0.138728
2024-07-08 20:14:21,0.13848
2024-07-08 20:14:22,0.11732
2024-07-08 20:14:23,0.13152
2024-07-08 20:14:24,0.163856
2024-07-08 20:14:25,0.1636
2024-07-08 20:14:26,0.1214
2024-07-08 20:14:27,0.124376
2024-07-08 20:14:28,0.111936
2024-07-08 20:14:29,0.109712
2024-07-08 20:14:30,0.121792
2024-07-08 20:14:31,0.125416
2024-07-08 20:14:32,0.142912
2024-07-08 20:14:33,0.147576
2024-07-08 20:14:34,0.130896
2024-07-08 20:14:35,0.10708
2024-07-08 20:14:36,0.105376
2024-07-08 20:14:37,0.10288
2024-07-08 20:14:38,0.134384
2024-07-08 20:14:39,0.14244
2024-07-08 20:14:40,0.139896
2024-07-08 20:14:41,0.146864
2024-07-08 20:14:42,0.146264
2024-07-08 20:14:43,0.16944
2024-07-08 20:14:44,0.161168
2024-07-08 20:14:45,0.194672
2024-07-08 20:14:46,0.132848
2024-07-08 20:14:47,0.169896
2024-07-08 20:14:48,0.154384
2024-07-08 20:14:49,0.158608
2024-07-08 20:14:50,0.166504
2024-07-08 20:14:51,0.145712
2024-07-08 20:14:52,0.137848
2024-07-08 20:14:53,0.136
2024-07-08 20:14:54,0.14336
2024-07-08 20:14:55,0.141216
2024-07-08 20:14:56,0.123424
2024-07-08 20:14:57,0.137496
2024-07-08 20:14:58,0.133696
2024-07-08 20:14:59,0.11708
2024-07-08 20:15:00,0.11044
2024-07-08 20:15:01,0.139232
2024-07-08 20:15:02,0.12708
2024-07-08 20:15:03,0.122376
2024-07-08 20:15:04,0.09756
2024-07-08 20:15:05,0.11704
2024-07-08 20:15:06,0.11244
2024-07-08 20:15:07,0.13012
2024-07-08 20:15:08,0.169816
2024-07-08 20:15:09,0.1856
2024-07-08 20:15:10,0.183136
2024-07-08 20:15:11,0.172272
2024-07-08 20:15:12,0.15648
2024-07-08 20:15:13,0.168712
2024-07-08 20:15:14,0.161752
2024-07-08 20:15:15,0.174992
2024-07-08 20:15:16,0.168704
2024-07-08 20:15:17,0.14492
2024-07-08 20:15:18,0.162088
2024-07-08 20:15:19,0.135824
2024-07-08 20:15:20,0.145888
2024-07-08 20:15:21,0.159104
2024-07-08 20:15:22,0.132992
2024-07-08 20:15:23,0.138008
2024-07-08 20:15:24,0.149664
2024-07-08 20:15:25,0.157624
2024-07-08 20:15:26,0.130872
2024-07-08 20:15:27,0.140552
2024-07-08 20:15:28,0.126928
2024-07-08 20:15:29,0.117032
2024-07-08 20:15:30,0.102232
2024-07-08 20:15:31,0.116512
2024-07-08 20:15:32,0.12372
2024-07-08 20:15:33,0.13688
2024-07-08 20:15:34,0.117896
2024-07-08 20:15:35,0.116272
2024-07-08 20:15:36,0.126952
2024-07-08 20:15:37,0.144696
2024-07-08 20:15:38,0.19972
2024-07-08 20:15:39,0.226352
2024-07-08 20:15:40,0.154384
2024-07-08 20:15:41,0.16516
2024-07-08 20:15:42,0.15572
2024-07-08 20:15:43,0.152136
2024-07-08 20:15:44,0.202256
2024-07-08 20:15:45,0.19296
2024-07-08 20:15:46,0.17808
2024-07-08 20:15:47,0.126
2024-07-08 20:15:48,0.112984
2024-07-08 20:15:49,0.142136
2024-07-08 20:15:50,0.122776
2024-07-08 20:15:51,0.103264
2024-07-08 20:15:52,0.166144
2024-07-08 20:15:53,0.116112
2024-07-08 20:15:54,0.116176
2024-07-08 20:15:55,0.125408
2024-07-08 20:15:56,0.125112
2024-07-08 20:15:57,0.122824
2024-07-08 20:15:58,0.108584
2024-07-08 20:15:59,0.09564
2024-07-08 20:16:00,0.107408
2024-07-08 20:16:01,0.11004
2024-07-08 20:16:02,0.105352
2024-07-08 20:16:03,0.10792
2024-07-08 20:16:04,0.10508
2024-07-08 20:16:05,0.1092
2024-07-08 20:16:06,0.12588
2024-07-08 20:16:07,0.14124
2024-07-08 20:16:08,0.103304
2024-07-08 20:16:09,0.197688
2024-07-08 20:16:10,0.15876
2024-07-08 20:16:11,0.207328
2024-07-08 20:16:12,0.169728
2024-07-08 20:16:13,0.163224
2024-07-08 20:16:14,0.161456
2024-07-08 20:16:15,0.16472
2024-07-08 20:16:16,0.133224
2024-07-08 20:16:17,0.114304
2024-07-08 20:16:18,0.133008
2024-07-08 20:16:19,0.121688
2024-07-08 20:16:20,0.117952
2024-07-08 20:16:21,0.121952
2024-07-08 20:16:22,0.101656
2024-07-08 20:16:23,0.11796
2024-07-08 20:16:24,0.155992
2024-07-08 20:16:25,0.1984
2024-07-08 20:16:26,0.201688
2024-07-08 20:16:27,0.21272
2024-07-08 20:16:28,0.194944
2024-07-08 20:16:29,0.149632
2024-07-08 20:16:30,0.132096
2024-07-08 20:16:31,0.15016
2024-07-08 20:16:32,0.159368
2024-07-08 20:16:33,0.145424
2024-07-08 20:16:34,0.178976
2024-07-08 20:16:35,0.181936
2024-07-08 20:16:36,0.160256
2024-07-08 20:16:37,0.180648
2024-07-08 20:16:38,0.229944
2024-07-08 20:16:39,0.265176
2024-07-08 20:16:40,0.268032
2024-07-08 20:16:41,0.285944
2024-07-08 20:16:42,0.266944
2024-07-08 20:16:43,0.208488
2024-07-08 20:16:44,0.202224
2024-07-08 20:16:45,0.180712
2024-07-08 20:16:46,0.184136
2024-07-08 20:16:47,0.170944
2024-07-08 20:16:48,0.135792
2024-07-08 20:16:49,0.13428
2024-07-08 20:16:50,0.145056
2024-07-08 20:16:51,0.1418
2024-07-08 20:16:52,0.127448
2024-07-08 20:16:53,0.147936
2024-07-08 20:16:54,0.129208
2024-07-08 20:16:55,0.122536
2024-07-08 20:16:56,0.129216
2024-07-08 20:16:57,0.147544
2024-07-08 20:16:58,0.135072
2024-07-08 20:16:59,0.132128
2024-07-08 20:17:00,0.135744
2024-07-08 20:17:01,0.202592
2024-07-08 20:17:02,0.199488
2024-07-08 20:17:03,0.16472
2024-07-08 20:17:04,0.155528
2024-07-08 20:17:05,0.112416
2024-07-08 20:17:06,0.117648
2024-07-08 20:17:07,0.144784
2024-07-08 20:17:08,0.144208
2024-07-08 20:17:09,0.20592
2024-07-08 20:17:10,0.162064
2024-07-08 20:17:11,0.166928
2024-07-08 20:17:12,0.212672
2024-07-08 20:17:13,0.170632
2024-07-08 20:17:14,0.158656
2024-07-08 20:17:15,0.15996
2024-07-08 20:17:16,0.16608
2024-07-08 20:17:17,0.209216
2024-07-08 20:17:18,0.215984
2024-07-08 20:17:19,0.20484
2024-07-08 20:17:20,0.220304
2024-07-08 20:17:21,0.188152
2024-07-08 20:17:22,0.184008
2024-07-08 20:17:23,0.156152
2024-07-08 20:17:24,0.162488
2024-07-08 20:17:25,0.156576
2024-07-08 20:17:26,0.152512
2024-07-08 20:17:27,0.148888
2024-07-08 20:17:28,0.107784
2024-07-08 20:17:29,0.10012
2024-07-08 20:17:30,0.083104
2024-07-08 20:17:31,0.073136
2024-07-08 20:17:32,0.066552
2024-07-08 20:17:33,0.060912
2024-07-08 20:17:34,0.07444
2024-07-08 20:17:35,0.080832
2024-07-08 20:17:36,0.095536
2024-07-08 20:17:37,0.111464
2024-07-08 20:17:38,0.13244
2024-07-08 20:17:39,0.145456
2024-07-08 20:17:40,0.133712
2024-07-08 20:17:41,0.13
2024-07-08 20:17:42,0.127656
2024-07-08 20:17:43,0.129408
2024-07-08 20:17:44,0.141072
2024-07-08 20:17:45,0.120312
2024-07-08 20:17:46,0.111336
2024-07-08 20:17:47,0.112344
2024-07-08 20:17:48,0.11488
2024-07-08 20:17:49,0.100112
2024-07-08 20:17:50,0.091952
2024-07-08 20:17:51,0.10644
2024-07-08 20:17:52,0.100736
2024-07-08 20:17:53,0.101456
2024-07-08 20:17:54,0.086952
2024-07-08 20:17:55,0.077216
2024-07-08 20:17:56,0.09156
2024-07-08 20:17:57,0.106376
2024-07-08 20:17:58,0.085928
2024-07-08 20:17:59,0.089536
2024-07-08 20:18:00,0.102368
2024-07-08 20:18:01,0.102264
2024-07-08 20:18:02,0.109816
2024-07-08 20:18:03,0.111248
2024-07-08 20:18:04,0.133824
2024-07-08 20:18:05,0.10536
2024-07-08 20:18:06,0.11252
2024-07-08 20:18:07,0.123632
2024-07-08 20:18:08,0.174376
2024-07-08 20:18:09,0.193808
2024-07-08 20:18:10,0.15528
2024-07-08 20:18:11,0.164896
2024-07-08 20:18:12,0.180248
2024-07-08 20:18:13,0.15628
2024-07-08 20:18:14,0.192824
2024-07-08 20:18:15,0.167128
2024-07-08 20:18:16,0.169848
2024-07-08 20:18:17,0.195656
2024-07-08 20:18:18,0.157032
2024-07-08 20:18:19,0.175792
2024-07-08 20:18:20,0.144528
2024-07-08 20:18:21,0.133648
2024-07-08 20:18:22,0.166264
2024-07-08 20:18:23,0.142728
2024-07-08 20:18:24,0.135504
2024-07-08 20:18:25,0.238024
2024-07-08 20:18:26,0.224416
2024-07-08 20:18:27,0.157376
2024-07-08 20:18:28,0.196624
2024-07-08 20:18:29,0.174304
2024-07-08 20:18:30,0.175048
2024-07-08 20:18:31,0.163752
2024-07-08 20:18:32,0.128424
2024-07-08 20:18:33,0.10032
2024-07-08 20:18:34,0.114696
2024-07-08 20:18:35,0.11332
2024-07-08 20:18:36,0.113792
2024-07-08 20:18:37,0.138368
2024-07-08 20:18:38,0.138568
2024-07-08 20:18:39,0.155384
2024-07-08 20:18:40,0.160992
2024-07-08 20:18:41,0.144824
2024-07-08 20:18:42,0.142328
2024-07-08 20:18:43,0.138808
2024-07-08 20:18:44,0.142528
2024-07-08 20:18:45,0.167264
2024-07-08 20:18:46,0.132496
2024-07-08 20:18:47,0.148656
2024-07-08 20:18:48,0.12372
2024-07-08 20:18:49,0.132216
2024-07-08 20:18:50,0.114408
2024-07-08 20:18:51,0.12236
2024-07-08 20:18:52,0.138992
2024-07-08 20:18:53,0.156056
2024-07-08 20:18:54,0.130272
2024-07-08 20:18:55,0.160112
2024-07-08 20:18:56,0.145912
2024-07-08 20:18:57,0.12552
2024-07-08 20:18:58,0.144848
2024-07-08 20:18:59,0.124256
2024-07-08 20:19:00,0.151616
2024-07-08 20:19:01,0.132768
2024-07-08 20:19:02,0.112216
2024-07-08 20:19:03,0.115472
2024-07-08 20:19:04,0.101592
2024-07-08 20:19:05,0.111112
2024-07-08 20:19:06,0.123736
2024-07-08 20:19:07,0.134744
2024-07-08 20:19:08,0.140296
2024-07-08 20:19:09,0.200792
2024-07-08 20:19:10,0.177904
2024-07-08 20:19:11,0.165344
2024-07-08 20:19:12,0.145144
2024-07-08 20:19:13,0.160272
2024-07-08 20:19:14,0.21644
2024-07-08 20:19:15,0.155512
2024-07-08 20:19:16,0.16948
2024-07-08 20:19:17,0.186584
2024-07-08 20:19:18,0.1516
2024-07-08 20:19:19,0.179936
2024-07-08 20:19:20,0.166728
2024-07-08 20:19:21,0.16588
2024-07-08 20:19:22,0.173608
2024-07-08 20:19:23,0.179968
2024-07-08 20:19:24,0.171272
2024-07-08 20:19:25,0.17548
2024-07-08 20:19:26,0.1328
2024-07-08 20:19:27,0.180952
2024-07-08 20:19:28,0.183336
2024-07-08 20:19:29,0.191016
2024-07-08 20:19:30,0.176248
2024-07-08 20:19:31,0.111184
2024-07-08 20:19:32,0.136
2024-07-08 20:19:33,0.095664
2024-07-08 20:19:34,0.089136
2024-07-08 20:19:35,0.101456
2024-07-08 20:19:36,0.092352
2024-07-08 20:19:37,0.105672
2024-07-08 20:19:38,0.149352
2024-07-08 20:19:39,0.15116
2024-07-08 20:19:40,0.158512
2024-07-08 20:19:41,0.188128
2024-07-08 20:19:42,0.168272
2024-07-08 20:19:43,0.189336
2024-07-08 20:19:44,0.19872
2024-07-08 20:19:45,0.123864
2024-07-08 20:19:46,0.143288
2024-07-08 20:19:47,0.1912
2024-07-08 20:19:48,0.20252
2024-07-08 20:19:49,0.202744
2024-07-08 20:19:50,0.164496
2024-07-08 20:19:51,0.16392
2024-07-08 20:19:52,0.13472
2024-07-08 20:19:53,0.155504
2024-07-08 20:19:54,0.192968
2024-07-08 20:19:55,0.18496
2024-07-08 20:19:56,0.188056
2024-07-08 20:19:57,0.129944
2024-07-08 20:19:58,0.123712
2024-07-08 20:19:59,0.104768
2024-07-08 20:20:00,0.10672
2024-07-08 20:20:01,0.112096
2024-07-08 20:20:02,0.106448
2024-07-08 20:20:03,0.140728
2024-07-08 20:20:04,0.120512
2024-07-08 20:20:05,0.122784
2024-07-08 20:20:06,0.127696
2024-07-08 20:20:07,0.128808
2024-07-08 20:20:08,0.124192
2024-07-08 20:20:09,0.16512
2024-07-08 20:20:10,0.13164
2024-07-08 20:20:11,0.137752
2024-07-08 20:20:12,0.114216
2024-07-08 20:20:13,0.12308
2024-07-08 20:20:14,0.131752
2024-07-08 20:20:15,0.117424
2024-07-08 20:20:16,0.107568
2024-07-08 20:20:17,0.128944
2024-07-08 20:20:18,0.117424
2024-07-08 20:20:19,0.152168
2024-07-08 20:20:20,0.1336
2024-07-08 20:20:21,0.128376
2024-07-08 20:20:22,0.113992
2024-07-08 20:20:23,0.113544
2024-07-08 20:20:24,0.109144
2024-07-08 20:20:25,0.107688
2024-07-08 20:20:26,0.11792
2024-07-08 20:20:27,0.142336
2024-07-08 20:20:28,0.108816
2024-07-08 20:20:29,0.118984
2024-07-08 20:20:30,0.131232
2024-07-08 20:20:31,0.119856
2024-07-08 20:20:32,0.12476
2024-07-08 20:20:33,0.129312
2024-07-08 20:20:34,0.1324
2024-07-08 20:20:35,0.15308
2024-07-08 20:20:36,0.228088
2024-07-08 20:20:37,0.19456
2024-07-08 20:20:38,0.207144
2024-07-08 20:20:39,0.14604
2024-07-08 20:20:40,0.168712
2024-07-08 20:20:41,0.162328
2024-07-08 20:20:42,0.167064
2024-07-08 20:20:43,0.152984
2024-07-08 20:20:44,0.171176
2024-07-08 20:20:45,0.142352
2024-07-08 20:20:46,0.142416
2024-07-08 20:20:47,0.151128
2024-07-08 20:20:48,0.128808
2024-07-08 20:20:49,0.137304
2024-07-08 20:20:50,0.143672
2024-07-08 20:20:51,0.1708
2024-07-08 20:20:52,0.193896
2024-07-08 20:20:53,0.15528
2024-07-08 20:20:54,0.14336
2024-07-08 20:20:55,0.118776
2024-07-08 20:20:56,0.084672
2024-07-08 20:20:57,0.087072
2024-07-08 20:20:58,0.139664
2024-07-08 20:20:59,0.131736
2024-07-08 20:21:00,0.161184
2024-07-08 20:21:01,0.160744
2024-07-08 20:21:02,0.154016
2024-07-08 20:21:03,0.151504
2024-07-08 20:21:04,0.188632
2024-07-08 20:21:05,0.156264
2024-07-08 20:21:06,0.190528
2024-07-08 20:21:07,0.107312
2024-07-08 20:21:08,0.122536
2024-07-08 20:21:09,0.137784
2024-07-08 20:21:10,0.099432
2024-07-08 20:21:11,0.114608
2024-07-08 20:21:12,0.109728
2024-07-08 20:21:13,0.10156
2024-07-08 20:21:14,0.114608
2024-07-08 20:21:15,0.164792
2024-07-08 20:21:16,0.179048
2024-07-08 20:21:17,0.164648
2024-07-08 20:21:18,0.140912
2024-07-08 20:21:19,0.19856
2024-07-08 20:21:20,0.174632
2024-07-08 20:21:21,0.134016
2024-07-08 20:21:22,0.155352
2024-07-08 20:21:23,0.113368
2024-07-08 20:21:24,0.119984
2024-07-08 20:21:25,0.104528
2024-07-08 20:21:26,0.100616
2024-07-08 20:21:27,0.150752
2024-07-08 20:21:28,0.137952
2024-07-08 20:21:29,0.147048
2024-07-08 20:21:30,0.116472
2024-07-08 20:21:31,0.095216
2024-07-08 20:21:32,0.108008
2024-07-08 20:21:33,0.105712
2024-07-08 20:21:34,0.108328
2024-07-08 20:21:35,0.107032
2024-07-08 20:21:36,0.140072
2024-07-08 20:21:37,0.150328
2024-07-08 20:21:38,0.131952
2024-07-08 20:21:39,0.14884
2024-07-08 20:21:40,0.135448
2024-07-08 20:21:41,0.128912
2024-07-08 20:21:42,0.141056
2024-07-08 20:21:43,0.151728
2024-07-08 20:21:44,0.155792
2024-07-08 20:21:45,0.190984
2024-07-08 20:21:46,0.16968
2024-07-08 20:21:47,0.16732
2024-07-08 20:21:48,0.177176
2024-07-08 20:21:49,0.21564
2024-07-08 20:21:50,0.204176
2024-07-08 20:21:51,0.182488
2024-07-08 20:21:52,0.200664
2024-07-08 20:21:53,0.23192
2024-07-08 20:21:54,0.20036
2024-07-08 20:21:55,0.136208
2024-07-08 20:21:56,0.138872
2024-07-08 20:21:57,0.126832
2024-07-08 20:21:58,0.127088
2024-07-08 20:21:59,0.106416
2024-07-08 20:22:00,0.15724
2024-07-08 20:22:01,0.124824
2024-07-08 20:22:02,0.126736
2024-07-08 20:22:03,0.083152
2024-07-08 20:22:04,0.099944
2024-07-08 20:22:05,0.107424
2024-07-08 20:22:06,0.133632
2024-07-08 20:22:07,0.1362
2024-07-08 20:22:08,0.148632
2024-07-08 20:22:09,0.19796
2024-07-08 20:22:10,0.139512
2024-07-08 20:22:11,0.136088
2024-07-08 20:22:12,0.136176
2024-07-08 20:22:13,0.159248
2024-07-08 20:22:14,0.18436
2024-07-08 20:22:15,0.179832
2024-07-08 20:22:16,0.205752
2024-07-08 20:22:17,0.170016
2024-07-08 20:22:18,0.151984
2024-07-08 20:22:19,0.139904
2024-07-08 20:22:20,0.183352
2024-07-08 20:22:21,0.147088
2024-07-08 20:22:22,0.122944
2024-07-08 20:22:23,0.147184
2024-07-08 20:22:24,0.146896
2024-07-08 20:22:25,0.111352
2024-07-08 20:22:26,0.113112
2024-07-08 20:22:27,0.141864
2024-07-08 20:22:28,0.128768
2024-07-08 20:22:29,0.095792
2024-07-08 20:22:30,0.103496
2024-07-08 20:22:31,0.093392
2024-07-08 20:22:32,0.081392
2024-07-08 20:22:33,0.08092
2024-07-08 20:22:34,0.094792
2024-07-08 20:22:35,0.105368
2024-07-08 20:22:36,0.120472
2024-07-08 20:22:37,0.115672
2024-07-08 20:22:38,0.11808
2024-07-08 20:22:39,0.161616
2024-07-08 20:22:40,0.123392
2024-07-08 20:22:41,0.128024
2024-07-08 20:22:42,0.115688
2024-07-08 20:22:43,0.116576
2024-07-08 20:22:44,0.1356
2024-07-08 20:22:45,0.154096
2024-07-08 20:22:46,0.145144
2024-07-08 20:22:47,0.174872
2024-07-08 20:22:48,0.171608
2024-07-08 20:22:49,0.1424
2024-07-08 20:22:50,0.146856
2024-07-08 20:22:51,0.142448
2024-07-08 20:22:52,0.120152
2024-07-08 20:22:53,0.120936
2024-07-08 20:22:54,0.111488
2024-07-08 20:22:55,0.106104
2024-07-08 20:22:56,0.0846
2024-07-08 20:22:57,0.084688
2024-07-08 20:22:58,0.078648
2024-07-08 20:22:59,0.1054
2024-07-08 20:23:00,0.132352
2024-07-08 20:23:01,0.136096
2024-07-08 20:23:02,0.15824
2024-07-08 20:23:03,0.132136
2024-07-08 20:23:04,0.140792
2024-07-08 20:23:05,0.147656
2024-07-08 20:23:06,0.1584
2024-07-08 20:23:07,0.135528
2024-07-08 20:23:08,0.106056
2024-07-08 20:23:09,0.168248
2024-07-08 20:23:10,0.12236
2024-07-08 20:23:11,0.150048
2024-07-08 20:23:12,0.19012
2024-07-08 20:23:13,0.168728
2024-07-08 20:23:14,0.139536
2024-07-08 20:23:15,0.2044
2024-07-08 20:23:16,0.206432
2024-07-08 20:23:17,0.226648
2024-07-08 20:23:18,0.218616
2024-07-08 20:23:19,0.287264
2024-07-08 20:23:20,0.238056
2024-07-08 20:23:21,0.193904
2024-07-08 20:23:22,0.186416
2024-07-08 20:23:23,0.20424
2024-07-08 20:23:24,0.204288
2024-07-08 20:23:25,0.192448
2024-07-08 20:23:26,0.21236
2024-07-08 20:23:27,0.157576
2024-07-08 20:23:28,0.101304
2024-07-08 20:23:29,0.105896
2024-07-08 20:23:30,0.111976
2024-07-08 20:23:31,0.102256
2024-07-08 20:23:32,0.096216
2024-07-08 20:23:33,0.10312
2024-07-08 20:23:34,0.130368
2024-07-08 20:23:35,0.136784
2024-07-08 20:23:36,0.135952
2024-07-08 20:23:37,0.133576
2024-07-08 20:23:38,0.143224
2024-07-08 20:23:39,0.165712
2024-07-08 20:23:40,0.157712
2024-07-08 20:23:41,0.204024
2024-07-08 20:23:42,0.21476
2024-07-08 20:23:43,0.165064
2024-07-08 20:23:44,0.192304
2024-07-08 20:23:45,0.159616
2024-07-08 20:23:46,0.132368
2024-07-08 20:23:47,0.142048
2024-07-08 20:23:48,0.12328
2024-07-08 20:23:49,0.107424
2024-07-08 20:23:50,0.142456
2024-07-08 20:23:51,0.137
2024-07-08 20:23:52,0.13112
2024-07-08 20:23:53,0.138072
2024-07-08 20:23:54,0.143696
2024-07-08 20:23:55,0.091424
2024-07-08 20:23:56,0.090072
2024-07-08 20:23:57,0.083112
2024-07-08 20:23:58,0.100504
2024-07-08 20:23:59,0.08984
2024-07-08 20:24:00,0.102128
2024-07-08 20:24:01,0.103872
2024-07-08 20:24:02,0.089656
2024-07-08 20:24:03,0.111392
2024-07-08 20:24:04,0.107176
2024-07-08 20:24:05,0.124552
2024-07-08 20:24:06,0.135016
2024-07-08 20:24:07,0.128512
2024-07-08 20:24:08,0.1086
2024-07-08 20:24:09,0.143384
2024-07-08 20:24:10,0.114072
2024-07-08 20:24:11,0.1506
2024-07-08 20:24:12,0.1408
2024-07-08 20:24:13,0.132
2024-07-08 20:24:14,0.110368
2024-07-08 20:24:15,0.133384
2024-07-08 20:24:16,0.136056
2024-07-08 20:24:17,0.149304
2024-07-08 20:24:18,0.154056
2024-07-08 20:24:19,0.125104
2024-07-08 20:24:20,0.110704
2024-07-08 20:24:21,0.104912
2024-07-08 20:24:22,0.111712
2024-07-08 20:24:23,0.118896
2024-07-08 20:24:24,0.102928
2024-07-08 20:24:25,0.103152
2024-07-08 20:24:26,0.108824
2024-07-08 20:24:27,0.125648
2024-07-08 20:24:28,0.125592
2024-07-08 20:24:29,0.167248
2024-07-08 20:24:30,0.150848
2024-07-08 20:24:31,0.145896
2024-07-08 20:24:32,0.135928
2024-07-08 20:24:33,0.177272
2024-07-08 20:24:34,0.16708
2024-07-08 20:24:35,0.19536
2024-07-08 20:24:36,0.168832
2024-07-08 20:24:37,0.132952
2024-07-08 20:24:38,0.14376
2024-07-08 20:24:39,0.137912
2024-07-08 20:24:40,0.111808
2024-07-08 20:24:41,0.099152
2024-07-08 20:24:42,0.123664
2024-07-08 20:24:43,0.121432
2024-07-08 20:24:44,0.103776
2024-07-08 20:24:45,0.151496
2024-07-08 20:24:46,0.138496
2024-07-08 20:24:47,0.148512
2024-07-08 20:24:48,0.191976
2024-07-08 20:24:49,0.179008
2024-07-08 20:24:50,0.171416
2024-07-08 20:24:51,0.164688
2024-07-08 20:24:52,0.181176
2024-07-08 20:24:53,0.188616
2024-07-08 20:24:54,0.1506
2024-07-08 20:24:55,0.105672
2024-07-08 20:24:56,0.096512
2024-07-08 20:24:57,0.103976
2024-07-08 20:24:58,0.109736
2024-07-08 20:24:59,0.10924
2024-07-08 20:25:00,0.104792
2024-07-08 20:25:01,0.138208
2024-07-08 20:25:02,0.152904
2024-07-08 20:25:03,0.196272
2024-07-08 20:25:04,0.15872
2024-07-08 20:25:05,0.143976
2024-07-08 20:25:06,0.213896
2024-07-08 20:25:07,0.175352
2024-07-08 20:25:08,0.159304
2024-07-08 20:25:09,0.173224
2024-07-08 20:25:10,0.106672
2024-07-08 20:25:11,0.104976
2024-07-08 20:25:12,0.112296
2024-07-08 20:25:13,0.109104
2024-07-08 20:25:14,0.177808
2024-07-08 20:25:15,0.226552
2024-07-08 20:25:16,0.191696
2024-07-08 20:25:17,0.213304
2024-07-08 20:25:18,0.186768
2024-07-08 20:25:19,0.176928
2024-07-08 20:25:20,0.140208
2024-07-08 20:25:21,0.133936
2024-07-08 20:25:22,0.10116
2024-07-08 20:25:23,0.103912
2024-07-08 20:25:24,0.130424
2024-07-08 20:25:25,0.108
2024-07-08 20:25:26,0.126872
2024-07-08 20:25:27,0.128912
2024-07-08 20:25:28,0.099944
2024-07-08 20:25:29,0.114568
2024-07-08 20:25:30,0.11932
2024-07-08 20:25:31,0.154968
2024-07-08 20:25:32,0.173072
2024-07-08 20:25:33,0.150936
2024-07-08 20:25:34,0.211576
2024-07-08 20:25:35,0.21328
2024-07-08 20:25:36,0.160608
2024-07-08 20:25:37,0.140608
2024-07-08 20:25:38,0.147728
2024-07-08 20:25:39,0.14544
2024-07-08 20:25:40,0.16768
2024-07-08 20:25:41,0.15164
2024-07-08 20:25:42,0.201792
2024-07-08 20:25:43,0.178848
2024-07-08 20:25:44,0.172048
2024-07-08 20:25:45,0.17832
2024-07-08 20:25:46,0.195128
2024-07-08 20:25:47,0.202768
2024-07-08 20:25:48,0.17708
2024-07-08 20:25:49,0.173408
2024-07-08 20:25:50,0.16924
2024-07-08 20:25:51,0.148336
2024-07-08 20:25:52,0.181536
2024-07-08 20:25:53,0.15868
2024-07-08 20:25:54,0.134912
2024-07-08 20:25:55,0.131232
2024-07-08 20:25:56,0.128176
2024-07-08 20:25:57,0.123384
2024-07-08 20:25:58,0.12088
2024-07-08 20:25:59,0.14824
2024-07-08 20:26:00,0.127016
2024-07-08 20:26:01,0.14056
2024-07-08 20:26:02,0.162752
2024-07-08 20:26:03,0.109664
2024-07-08 20:26:04,0.126288
2024-07-08 20:26:05,0.146144
2024-07-08 20:26:06,0.130328
2024-07-08 20:26:07,0.139848
2024-07-08 20:26:08,0.144808
2024-07-08 20:26:09,0.157096
2024-07-08 20:26:10,0.156712
2024-07-08 20:26:11,0.16996
2024-07-08 20:26:12,0.182312
2024-07-08 20:26:13,0.14552
2024-07-08 20:26:14,0.124864
2024-07-08 20:26:15,0.118256
2024-07-08 20:26:16,0.18336
2024-07-08 20:26:17,0.200888
2024-07-08 20:26:18,0.163848
2024-07-08 20:26:19,0.135792
2024-07-08 20:26:20,0.1744
2024-07-08 20:26:21,0.13644
2024-07-08 20:26:22,0.142496
2024-07-08 20:26:23,0.14668
2024-07-08 20:26:24,0.132608
2024-07-08 20:26:25,0.130664
2024-07-08 20:26:26,0.108872
2024-07-08 20:26:27,0.111984
2024-07-08 20:26:28,0.134608
2024-07-08 20:26:29,0.108784
2024-07-08 20:26:30,0.111968
2024-07-08 20:26:31,0.128416
2024-07-08 20:26:32,0.15064
2024-07-08 20:26:33,0.171712
2024-07-08 20:26:34,0.1892
2024-07-08 20:26:35,0.147968
2024-07-08 20:26:36,0.10336
2024-07-08 20:26:37,0.11072
2024-07-08 20:26:38,0.146856
2024-07-08 20:26:39,0.141616
2024-07-08 20:26:40,0.13096
2024-07-08 20:26:41,0.166976
2024-07-08 20:26:42,0.15
2024-07-08 20:26:43,0.174344
2024-07-08 20:26:44,0.200832
2024-07-08 20:26:45,0.2092
2024-07-08 20:26:46,0.158064
2024-07-08 20:26:47,0.159832
2024-07-08 20:26:48,0.167464
2024-07-08 20:26:49,0.142104
2024-07-08 20:26:50,0.141032
2024-07-08 20:26:51,0.139256
2024-07-08 20:26:52,0.125608
2024-07-08 20:26:53,0.12312
2024-07-08 20:26:54,0.1282
2024-07-08 20:26:55,0.121224
2024-07-08 20:26:56,0.102384
2024-07-08 20:26:57,0.144568
2024-07-08 20:26:58,0.147424
2024-07-08 20:26:59,0.146784
2024-07-08 20:27:00,0.154448
2024-07-08 20:27:01,0.163704
2024-07-08 20:27:02,0.15276
2024-07-08 20:27:03,0.144584
2024-07-08 20:27:04,0.117256
2024-07-08 20:27:05,0.1112
2024-07-08 20:27:06,0.123736
2024-07-08 20:27:07,0.099224
2024-07-08 20:27:08,0.121056
2024-07-08 20:27:09,0.194664
2024-07-08 20:27:10,0.161696
2024-07-08 20:27:11,0.181096
2024-07-08 20:27:12,0.193408
2024-07-08 20:27:13,0.22188
2024-07-08 20:27:14,0.212664
2024-07-08 20:27:15,0.181288
2024-07-08 20:27:16,0.198032
2024-07-08 20:27:17,0.184552
2024-07-08 20:27:18,0.212808
2024-07-08 20:27:19,0.236384
2024-07-08 20:27:20,0.191368
2024-07-08 20:27:21,0.19888
2024-07-08 20:27:22,0.183216
2024-07-08 20:27:23,0.237368
2024-07-08 20:27:24,0.150936
2024-07-08 20:27:25,0.141136
2024-07-08 20:27:26,0.151944
2024-07-08 20:27:27,0.140736
2024-07-08 20:27:28,0.153944
2024-07-08 20:27:29,0.184696
2024-07-08 20:27:30,0.169872
2024-07-08 20:27:31,0.200704
2024-07-08 20:27:32,0.187296
2024-07-08 20:27:33,0.19008
2024-07-08 20:27:34,0.181536
2024-07-08 20:27:35,0.197936
2024-07-08 20:27:36,0.171976
2024-07-08 20:27:37,0.162152
2024-07-08 20:27:38,0.136
2024-07-08 20:27:39,0.131904
2024-07-08 20:27:40,0.132576
2024-07-08 20:27:41,0.121728
2024-07-08 20:27:42,0.135088
2024-07-08 20:27:43,0.145936
2024-07-08 20:27:44,0.149096
2024-07-08 20:27:45,0.158368
2024-07-08 20:27:46,0.18856
2024-07-08 20:27:47,0.173928
2024-07-08 20:27:48,0.145336
2024-07-08 20:27:49,0.189328
2024-07-08 20:27:50,0.173288
2024-07-08 20:27:51,0.1514
2024-07-08 20:27:52,0.168328
2024-07-08 20:27:53,0.164848
2024-07-08 20:27:54,0.152192
2024-07-08 20:27:55,0.185416
2024-07-08 20:27:56,0.191584
2024-07-08 20:27:57,0.202816
2024-07-08 20:27:58,0.216328
2024-07-08 20:27:59,0.26032
2024-07-08 20:28:00,0.213912
2024-07-08 20:28:01,0.198768
2024-07-08 20:28:02,0.166816
2024-07-08 20:28:03,0.11516
2024-07-08 20:28:04,0.097456
2024-07-08 20:28:05,0.084208
2024-07-08 20:28:06,0.071448
2024-07-08 20:28:07,0.084856
2024-07-08 20:28:08,0.083664
2024-07-08 20:28:09,0.123584
2024-07-08 20:28:10,0.11612
2024-07-08 20:28:11,0.137392
2024-07-08 20:28:12,0.126584
2024-07-08 20:28:13,0.134584
2024-07-08 20:28:14,0.098376
2024-07-08 20:28:15,0.111184
2024-07-08 20:28:16,0.10096
2024-07-08 20:28:17,0.123072
2024-07-08 20:28:18,0.133376
2024-07-08 20:28:19,0.112832
2024-07-08 20:28:20,0.094728
2024-07-08 20:28:21,0.087992
2024-07-08 20:28:22,0.084736
2024-07-08 20:28:23,0.10588
2024-07-08 20:28:24,0.094
2024-07-08 20:28:25,0.103592
2024-07-08 20:28:26,0.12016
2024-07-08 20:28:27,0.128784
2024-07-08 20:28:28,0.145504
2024-07-08 20:28:29,0.148888
2024-07-08 20:28:30,0.139976
2024-07-08 20:28:31,0.190288
2024-07-08 20:28:32,0.123216
2024-07-08 20:28:33,0.12388
2024-07-08 20:28:34,0.125688
2024-07-08 20:28:35,0.112936
2024-07-08 20:28:36,0.067904
2024-07-08 20:28:37,0.080096
2024-07-08 20:28:38,0.074848
2024-07-08 20:28:39,0.071528
2024-07-08 20:28:40,0.102328
2024-07-08 20:28:41,0.16112
2024-07-08 20:28:42,0.134176
2024-07-08 20:28:43,0.145112
2024-07-08 20:28:44,0.152384
2024-07-08 20:28:45,0.14072
2024-07-08 20:28:46,0.114832
2024-07-08 20:28:47,0.127328
2024-07-08 20:28:48,0.150344
2024-07-08 20:28:49,0.150024
2024-07-08 20:28:50,0.1328
2024-07-08 20:28:51,0.132504
2024-07-08 20:28:52,0.145096
2024-07-08 20:28:53,0.14184
2024-07-08 20:28:54,0.138912
2024-07-08 20:28:55,0.151456
2024-07-08 20:28:56,0.176128
2024-07-08 20:28:57,0.191896
2024-07-08 20:28:58,0.177264
2024-07-08 20:28:59,0.174208
2024-07-08 20:29:00,0.146992
2024-07-08 20:29:01,0.180824
2024-07-08 20:29:02,0.15972
2024-07-08 20:29:03,0.173168
2024-07-08 20:29:04,0.171216
2024-07-08 20:29:05,0.155792
2024-07-08 20:29:06,0.168696
2024-07-08 20:29:07,0.151112
2024-07-08 20:29:08,0.101392
2024-07-08 20:29:09,0.150816
2024-07-08 20:29:10,0.099864
2024-07-08 20:29:11,0.085112
2024-07-08 20:29:12,0.137816
2024-07-08 20:29:13,0.115056
2024-07-08 20:29:14,0.097832
2024-07-08 20:29:15,0.165376
2024-07-08 20:29:16,0.165832
2024-07-08 20:29:17,0.175008
2024-07-08 20:29:18,0.155328
2024-07-08 20:29:19,0.126808
2024-07-08 20:29:20,0.100168
2024-07-08 20:29:21,0.105888
2024-07-08 20:29:22,0.129384
2024-07-08 20:29:23,0.117344
2024-07-08 20:29:24,0.099176
2024-07-08 20:29:25,0.088968
2024-07-08 20:29:26,0.13728
2024-07-08 20:29:27,0.136352
2024-07-08 20:29:28,0.172416
2024-07-08 20:29:29,0.156464
2024-07-08 20:29:30,0.163264
2024-07-08 20:29:31,0.128088
2024-07-08 20:29:32,0.162216
2024-07-08 20:29:33,0.130072
2024-07-08 20:29:34,0.175352
2024-07-08 20:29:35,0.158312
2024-07-08 20:29:36,0.154624
2024-07-08 20:29:37,0.172368
2024-07-08 20:29:38,0.163216
2024-07-08 20:29:39,0.152184
2024-07-08 20:29:40,0.206112
2024-07-08 20:29:41,0.126984
2024-07-08 20:29:42,0.153768
2024-07-08 20:29:43,0.18788
2024-07-08 20:29:44,0.196344
2024-07-08 20:29:45,0.185744
2024-07-08 20:29:46,0.149976
2024-07-08 20:29:47,0.19244
2024-07-08 20:29:48,0.15652
2024-07-08 20:29:49,0.1396
2024-07-08 20:29:50,0.124696
2024-07-08 20:29:51,0.114392
2024-07-08 20:29:52,0.12576
2024-07-08 20:29:53,0.105984
2024-07-08 20:29:54,0.151
2024-07-08 20:29:55,0.163536
2024-07-08 20:29:56,0.174848
2024-07-08 20:29:57,0.116952
2024-07-08 20:29:58,0.109608
2024-07-08 20:29:59,0.12452
2024-07-08 20:30:00,0.198856
2024-07-08 20:30:01,0.210896
2024-07-08 20:30:02,0.192168
2024-07-08 20:30:03,0.210448
2024-07-08 20:30:04,0.201128
2024-07-08 20:30:05,0.243256
2024-07-08 20:30:06,0.161008
2024-07-08 20:30:07,0.143336
2024-07-08 20:30:08,0.133992
2024-07-08 20:30:09,0.134928
2024-07-08 20:30:10,0.118104
2024-07-08 20:30:11,0.11692
2024-07-08 20:30:12,0.101944
2024-07-08 20:30:13,0.11164
2024-07-08 20:30:14,0.16972
2024-07-08 20:30:15,0.146048
2024-07-08 20:30:16,0.118168
2024-07-08 20:30:17,0.128712
2024-07-08 20:30:18,0.102968
2024-07-08 20:30:19,0.116856
2024-07-08 20:30:20,0.113584
2024-07-08 20:30:21,0.140552
2024-07-08 20:30:22,0.141272
2024-07-08 20:30:23,0.161192
2024-07-08 20:30:24,0.180576
2024-07-08 20:30:25,0.169624
2024-07-08 20:30:26,0.165424
2024-07-08 20:30:27,0.206592
2024-07-08 20:30:28,0.155792
2024-07-08 20:30:29,0.145752
2024-07-08 20:30:30,0.160544
2024-07-08 20:30:31,0.20904
2024-07-08 20:30:32,0.2054
2024-07-08 20:30:33,0.21088
2024-07-08 20:30:34,0.175168
2024-07-08 20:30:35,0.201416
2024-07-08 20:30:36,0.139968
2024-07-08 20:30:37,0.131696
2024-07-08 20:30:38,0.125672
2024-07-08 20:30:39,0.128504
2024-07-08 20:30:40,0.107624
2024-07-08 20:30:41,0.115864
2024-07-08 20:30:42,0.16556
2024-07-08 20:30:43,0.176312
2024-07-08 20:30:44,0.239144
2024-07-08 20:30:45,0.2234
2024-07-08 20:30:46,0.225792
2024-07-08 20:30:47,0.284768
2024-07-08 20:30:48,0.221496
2024-07-08 20:30:49,0.25248
2024-07-08 20:30:50,0.181352
2024-07-08 20:30:51,0.208072
2024-07-08 20:30:52,0.19648
2024-07-08 20:30:53,0.22192
2024-07-08 20:30:54,0.242024
2024-07-08 20:30:55,0.245176
2024-07-08 20:30:56,0.217712
2024-07-08 20:30:57,0.195544
2024-07-08 20:30:58,0.166056
2024-07-08 20:30:59,0.2018
2024-07-08 20:31:00,0.201064
2024-07-08 20:31:01,0.210688
2024-07-08 20:31:02,0.1976
2024-07-08 20:31:03,0.225176
2024-07-08 20:31:04,0.1782
2024-07-08 20:31:05,0.166344
2024-07-08 20:31:06,0.065832
2024-07-08 20:31:07,0.060136
2024-07-08 20:31:08,0.060816
2024-07-08 20:31:09,0.099544
2024-07-08 20:31:10,0.016728
2024-07-08 20:31:11,0.001728
2024-07-08 20:31:12,0.00444
2024-07-08 20:35:42,0.018744
2024-07-08 20:35:43,0.00452
2024-07-08 20:35:44,0.110112
2024-07-08 20:35:45,0.022992
2024-07-08 20:35:46,0.02976
2024-07-08 20:35:47,0.034368
2024-07-08 20:35:48,0.288824
2024-07-08 20:35:49,0.055768
2024-07-08 20:35:50,0.03144
2024-07-08 20:35:51,0.062144
2024-07-08 20:35:52,0.095304
2024-07-08 20:35:53,0.060728
2024-07-08 20:35:54,0.039248
2024-07-08 20:35:55,0.03812
2024-07-08 20:35:56,0.039552
2024-07-08 20:35:57,0.030392
2024-07-08 20:35:58,0.047648
2024-07-08 20:35:59,0.218888
2024-07-08 20:36:00,0.036568
2024-07-08 20:36:01,0.046408
2024-07-08 20:36:02,0.041696
2024-07-08 20:36:03,0.039096
2024-07-08 20:36:04,0.075632
2024-07-08 20:36:05,0.05416
2024-07-08 20:36:06,0.034392
2024-07-08 20:36:07,0.02308
2024-07-08 20:36:08,0.042168
2024-07-08 20:36:09,0.04376
2024-07-08 20:36:10,0.023096
2024-07-08 20:36:11,0.019984
2024-07-08 20:36:12,0.025776
2024-07-08 20:36:13,0.024768
2024-07-08 20:36:14,0.058256
2024-07-08 20:36:15,0.04732
2024-07-08 20:36:16,0.071336
2024-07-08 20:36:17,0.039368
2024-07-08 20:36:18,0.042048
2024-07-08 20:36:19,0.049544
2024-07-08 20:36:20,0.032232
2024-07-08 20:36:21,0.052944
2024-07-08 20:36:22,0.05104
2024-07-08 20:36:23,0.03888
2024-07-08 20:36:24,0.055144
2024-07-08 20:36:25,0.056616
2024-07-08 20:36:26,0.040008
2024-07-08 20:36:27,0.040296
2024-07-08 20:36:28,0.060432
2024-07-08 20:36:29,0.048512
2024-07-08 20:36:30,0.036432
2024-07-08 20:36:31,0.05096
2024-07-08 20:36:32,0.052928
2024-07-08 20:36:33,0.051992
2024-07-08 20:36:34,0.043184
2024-07-08 20:36:35,0.0278
2024-07-08 20:36:36,0.036544
2024-07-08 20:36:37,0.058008
2024-07-08 20:36:38,0.045536
2024-07-08 20:36:39,0.05308
2024-07-08 20:36:40,0.0474
2024-07-08 20:36:41,0.042848
2024-07-08 20:36:42,0.042944
2024-07-08 20:36:43,0.08152
2024-07-08 20:36:44,0.08488
2024-07-08 20:36:45,0.081272
2024-07-08 20:36:46,0.073456
2024-07-08 20:36:47,0.071248
2024-07-08 20:36:48,0.090896
2024-07-08 20:36:49,0.086896
2024-07-08 20:36:50,0.10052
2024-07-08 20:36:51,0.058344
2024-07-08 20:36:52,0.08296
2024-07-08 20:36:53,0.076944
2024-07-08 20:36:54,0.073928
2024-07-08 20:36:55,0.072008
2024-07-08 20:36:56,0.070696
2024-07-08 20:36:57,0.067056
2024-07-08 20:36:58,0.074408
2024-07-08 20:36:59,0.087152
2024-07-08 20:37:00,0.082512
2024-07-08 20:37:01,0.0396
2024-07-08 20:37:02,0.082296
2024-07-08 20:37:03,0.068408
2024-07-08 20:37:04,0.061192
2024-07-08 20:37:05,0.067456
2024-07-08 20:37:06,0.064656
2024-07-08 20:37:07,0.08192
2024-07-08 20:37:08,0.072136
2024-07-08 20:37:09,0.069632
2024-07-08 20:37:10,0.063272
2024-07-08 20:37:11,0.063648
2024-07-08 20:37:12,0.054984
2024-07-08 20:37:13,0.054952
2024-07-08 20:37:14,0.0818
2024-07-08 20:37:15,0.063544
2024-07-08 20:37:16,0.056992
2024-07-08 20:37:17,0.045408
2024-07-08 20:37:18,0.066288
2024-07-08 20:37:19,0.067856
2024-07-08 20:37:20,0.067608
2024-07-08 20:37:21,0.028528
2024-07-08 20:37:22,0.0586
2024-07-08 20:37:23,0.065224
2024-07-08 20:37:24,0.062544
2024-07-08 20:37:25,0.070976
2024-07-08 20:37:26,0.055808
2024-07-08 20:37:27,0.080608
2024-07-08 20:37:28,0.122336
2024-07-08 20:37:29,0.071616
2024-07-08 20:37:30,0.158304
2024-07-08 20:37:31,0.100624
2024-07-08 20:37:32,0.132704
2024-07-08 20:37:33,0.106112
2024-07-08 20:37:34,0.11404
2024-07-08 20:37:35,0.115248
2024-07-08 20:37:36,0.109712
2024-07-08 20:37:37,0.123016
2024-07-08 20:37:38,0.117392
2024-07-08 20:37:39,0.114976
2024-07-08 20:37:40,0.11932
2024-07-08 20:37:41,0.115648
2024-07-08 20:37:42,0.126232
2024-07-08 20:37:43,0.12252
2024-07-08 20:37:44,0.136072
2024-07-08 20:37:45,0.123728
2024-07-08 20:37:46,0.129328
2024-07-08 20:37:47,0.119032
2024-07-08 20:37:48,0.12268
2024-07-08 20:37:49,0.128064
2024-07-08 20:37:50,0.138272
2024-07-08 20:37:51,0.123368
2024-07-08 20:37:52,0.125224
2024-07-08 20:37:53,0.118688
2024-07-08 20:37:54,0.112064
2024-07-08 20:37:55,0.116776
2024-07-08 20:37:56,0.124568
2024-07-08 20:37:57,0.1212
2024-07-08 20:37:58,0.145104
2024-07-08 20:37:59,0.197928
2024-07-08 20:38:00,0.151304
2024-07-08 20:38:01,0.161032
2024-07-08 20:38:02,0.166568
2024-07-08 20:38:03,0.127648
2024-07-08 20:38:04,0.155896
2024-07-08 20:38:05,0.14016
2024-07-08 20:38:06,0.135352
2024-07-08 20:38:07,0.150648
2024-07-08 20:38:08,0.158992
2024-07-08 20:38:09,0.165632
2024-07-08 20:38:10,0.14332
2024-07-08 20:38:11,0.12928
2024-07-08 20:38:12,0.166728
2024-07-08 20:38:13,0.122496
2024-07-08 20:38:14,0.175648
2024-07-08 20:38:15,0.1682
2024-07-08 20:38:16,0.1644
2024-07-08 20:38:17,0.150032
2024-07-08 20:38:18,0.178456
2024-07-08 20:38:19,0.133488
2024-07-08 20:38:20,0.128536
2024-07-08 20:38:21,0.166264
2024-07-08 20:38:22,0.143088
2024-07-08 20:38:23,0.145848
2024-07-08 20:38:24,0.154104
2024-07-08 20:38:25,0.16236
2024-07-08 20:38:26,0.135488
2024-07-08 20:38:27,0.14452
2024-07-08 20:38:28,0.166024
2024-07-08 20:38:29,0.141704
2024-07-08 20:38:30,0.161104
2024-07-08 20:38:31,0.140864
2024-07-08 20:38:32,0.15508
2024-07-08 20:38:33,0.19136
2024-07-08 20:38:34,0.172816
2024-07-08 20:38:35,0.146568
2024-07-08 20:38:36,0.148712
2024-07-08 20:38:37,0.150984
2024-07-08 20:38:38,0.183264
2024-07-08 20:38:39,0.133904
2024-07-08 20:38:40,0.148064
2024-07-08 20:38:41,0.138176
2024-07-08 20:38:42,0.124272
2024-07-08 20:38:43,0.105352
2024-07-08 20:38:44,0.107792
2024-07-08 20:38:45,0.11868
2024-07-08 20:38:46,0.130336
2024-07-08 20:38:47,0.121336
2024-07-08 20:38:48,0.13936
2024-07-08 20:38:49,0.14516
2024-07-08 20:38:50,0.130952
2024-07-08 20:38:51,0.129296
2024-07-08 20:38:52,0.157104
2024-07-08 20:38:53,0.159088
2024-07-08 20:38:54,0.129656
2024-07-08 20:38:55,0.161824
2024-07-08 20:38:56,0.140472
2024-07-08 20:38:57,0.11832
2024-07-08 20:38:58,0.140624
2024-07-08 20:38:59,0.178784
2024-07-08 20:39:00,0.165936
2024-07-08 20:39:01,0.157952
2024-07-08 20:39:02,0.171776
2024-07-08 20:39:03,0.161984
2024-07-08 20:39:04,0.18332
2024-07-08 20:39:05,0.156592
2024-07-08 20:39:06,0.18532
2024-07-08 20:39:07,0.150448
2024-07-08 20:39:08,0.154168
2024-07-08 20:39:09,0.158808
2024-07-08 20:39:10,0.165488
2024-07-08 20:39:11,0.166224
2024-07-08 20:39:12,0.1938
2024-07-08 20:39:13,0.197976
2024-07-08 20:39:14,0.20216
2024-07-08 20:39:15,0.1946
2024-07-08 20:39:16,0.16256
2024-07-08 20:39:17,0.176544
2024-07-08 20:39:18,0.13928
2024-07-08 20:39:19,0.130824
2024-07-08 20:39:20,0.165696
2024-07-08 20:39:21,0.146136
2024-07-08 20:39:22,0.145016
2024-07-08 20:39:23,0.153712
2024-07-08 20:39:24,0.151816
2024-07-08 20:39:25,0.148072
2024-07-08 20:39:26,0.163832
2024-07-08 20:39:27,0.141152
2024-07-08 20:39:28,0.168808
2024-07-08 20:39:29,0.133536
2024-07-08 20:39:30,0.16124
2024-07-08 20:39:31,0.182848
2024-07-08 20:39:32,0.136104
2024-07-08 20:39:33,0.152608
2024-07-08 20:39:34,0.154712
2024-07-08 20:39:35,0.161112
2024-07-08 20:39:36,0.199208
2024-07-08 20:39:37,0.171736
2024-07-08 20:39:38,0.1544
2024-07-08 20:39:39,0.176648
2024-07-08 20:39:40,0.144848
2024-07-08 20:39:41,0.148232
2024-07-08 20:39:42,0.134864
2024-07-08 20:39:43,0.12692
2024-07-08 20:39:44,0.150576
2024-07-08 20:39:45,0.122952
2024-07-08 20:39:46,0.137992
2024-07-08 20:39:47,0.144608
2024-07-08 20:39:48,0.14504
2024-07-08 20:39:49,0.115944
2024-07-08 20:39:50,0.1302
2024-07-08 20:39:51,0.114392
2024-07-08 20:39:52,0.12716
2024-07-08 20:39:53,0.123048
2024-07-08 20:39:54,0.124528
2024-07-08 20:39:55,0.115472
2024-07-08 20:39:56,0.135672
2024-07-08 20:39:57,0.151464
2024-07-08 20:39:58,0.150016
2024-07-08 20:39:59,0.210056
2024-07-08 20:40:00,0.176752
2024-07-08 20:40:01,0.16532
2024-07-08 20:40:02,0.180432
2024-07-08 20:40:03,0.154976
2024-07-08 20:40:04,0.141408
2024-07-08 20:40:05,0.15104
2024-07-08 20:40:06,0.158712
2024-07-08 20:40:07,0.1378
2024-07-08 20:40:08,0.131528
2024-07-08 20:40:09,0.136408
2024-07-08 20:40:10,0.116096
2024-07-08 20:40:11,0.167488
2024-07-08 20:40:12,0.1304
2024-07-08 20:40:13,0.113216
2024-07-08 20:40:14,0.12212
2024-07-08 20:40:15,0.120856
2024-07-08 20:40:16,0.122992
2024-07-08 20:40:17,0.102328
2024-07-08 20:40:18,0.118296
2024-07-08 20:40:19,0.112488
2024-07-08 20:40:20,0.105344
2024-07-08 20:40:21,0.117376
2024-07-08 20:40:22,0.103384
2024-07-08 20:40:23,0.103736
2024-07-08 20:40:24,0.106464
2024-07-08 20:40:25,0.117816
2024-07-08 20:40:26,0.111792
2024-07-08 20:40:27,0.110816
2024-07-08 20:40:28,0.10556
2024-07-08 20:40:29,0.133496
2024-07-08 20:40:30,0.11844
2024-07-08 20:40:31,0.115416
2024-07-08 20:40:32,0.112104
2024-07-08 20:40:33,0.126432
2024-07-08 20:40:34,0.125448
2024-07-08 20:40:35,0.128872
2024-07-08 20:40:36,0.11192
2024-07-08 20:40:37,0.131272
2024-07-08 20:40:38,0.140936
2024-07-08 20:40:39,0.12308
2024-07-08 20:40:40,0.121192
2024-07-08 20:40:41,0.124008
2024-07-08 20:40:42,0.129624
2024-07-08 20:40:43,0.115152
2024-07-08 20:40:44,0.119968
2024-07-08 20:40:45,0.129136
2024-07-08 20:40:46,0.12664
2024-07-08 20:40:47,0.124752
2024-07-08 20:40:48,0.101656
2024-07-08 20:40:49,0.140184
2024-07-08 20:40:50,0.114912
2024-07-08 20:40:51,0.122336
2024-07-08 20:40:52,0.141488
2024-07-08 20:40:53,0.127656
2024-07-08 20:40:54,0.142272
2024-07-08 20:40:55,0.140112
2024-07-08 20:40:56,0.154736
2024-07-08 20:40:57,0.131784
2024-07-08 20:40:58,0.14564
2024-07-08 20:40:59,0.191224
2024-07-08 20:41:00,0.17064
2024-07-08 20:41:01,0.177336
2024-07-08 20:41:02,0.155776
2024-07-08 20:41:03,0.188272
2024-07-08 20:41:04,0.22052
2024-07-08 20:41:05,0.237648
2024-07-08 20:41:06,0.215952
2024-07-08 20:41:07,0.213912
2024-07-08 20:41:08,0.186864
2024-07-08 20:41:09,0.190128
2024-07-08 20:41:10,0.171496
2024-07-08 20:41:11,0.169928
2024-07-08 20:41:12,0.161968
2024-07-08 20:41:13,0.170408
2024-07-08 20:41:14,0.153856
2024-07-08 20:41:15,0.154304
2024-07-08 20:41:16,0.200664
2024-07-08 20:41:17,0.136832
2024-07-08 20:41:18,0.14884
2024-07-08 20:41:19,0.162184
2024-07-08 20:41:20,0.137784
2024-07-08 20:41:21,0.134504
2024-07-08 20:41:22,0.11564
2024-07-08 20:41:23,0.113168
2024-07-08 20:41:24,0.1144
2024-07-08 20:41:25,0.135416
2024-07-08 20:41:26,0.11836
2024-07-08 20:41:27,0.153664
2024-07-08 20:41:28,0.148448
2024-07-08 20:41:29,0.169744
2024-07-08 20:41:30,0.121784
2024-07-08 20:41:31,0.145616
2024-07-08 20:41:32,0.160896
2024-07-08 20:41:33,0.167128
2024-07-08 20:41:34,0.140504
2024-07-08 20:41:35,0.15452
2024-07-08 20:41:36,0.150752
2024-07-08 20:41:37,0.151736
2024-07-08 20:41:38,0.127976
2024-07-08 20:41:39,0.121368
2024-07-08 20:41:40,0.131728
2024-07-08 20:41:41,0.13704
2024-07-08 20:41:42,0.116128
2024-07-08 20:41:43,0.114096
2024-07-08 20:41:44,0.118184
2024-07-08 20:41:45,0.138984
2024-07-08 20:41:46,0.158048
2024-07-08 20:41:47,0.167408
2024-07-08 20:41:48,0.14824
2024-07-08 20:41:49,0.192936
2024-07-08 20:41:50,0.189832
2024-07-08 20:41:51,0.15544
2024-07-08 20:41:52,0.153472
2024-07-08 20:41:53,0.163912
2024-07-08 20:41:54,0.181432
2024-07-08 20:41:55,0.139736
2024-07-08 20:41:56,0.156456
2024-07-08 20:41:57,0.164296
2024-07-08 20:41:58,0.1392
2024-07-08 20:41:59,0.19344
2024-07-08 20:42:00,0.173192
2024-07-08 20:42:01,0.164888
2024-07-08 20:42:02,0.154352
2024-07-08 20:42:03,0.149184
2024-07-08 20:42:04,0.146736
2024-07-08 20:42:05,0.147136
2024-07-08 20:42:06,0.135144
2024-07-08 20:42:07,0.12244
2024-07-08 20:42:08,0.13984
2024-07-08 20:42:09,0.137344
2024-07-08 20:42:10,0.123976
2024-07-08 20:42:11,0.138824
2024-07-08 20:42:12,0.12032
2024-07-08 20:42:13,0.126992
2024-07-08 20:42:14,0.12492
2024-07-08 20:42:15,0.1192
2024-07-08 20:42:16,0.124248
2024-07-08 20:42:17,0.113872
2024-07-08 20:42:18,0.106832
2024-07-08 20:42:19,0.12536
2024-07-08 20:42:20,0.144984
2024-07-08 20:42:21,0.115864
2024-07-08 20:42:22,0.129976
2024-07-08 20:42:23,0.116136
2024-07-08 20:42:24,0.117864
2024-07-08 20:42:25,0.160704
2024-07-08 20:42:26,0.129608
2024-07-08 20:42:27,0.119776
2024-07-08 20:42:28,0.159208
2024-07-08 20:42:29,0.183576
2024-07-08 20:42:30,0.16084
2024-07-08 20:42:31,0.18424
2024-07-08 20:42:32,0.145648
2024-07-08 20:42:33,0.16944
2024-07-08 20:42:34,0.121664
2024-07-08 20:42:35,0.130408
2024-07-08 20:42:36,0.128992
2024-07-08 20:42:37,0.14776
2024-07-08 20:42:38,0.181592
2024-07-08 20:42:39,0.15524
2024-07-08 20:42:40,0.151968
2024-07-08 20:42:41,0.136128
2024-07-08 20:42:42,0.119736
2024-07-08 20:42:43,0.143408
2024-07-08 20:42:44,0.133512
2024-07-08 20:42:45,0.134272
2024-07-08 20:42:46,0.098232
2024-07-08 20:42:47,0.11388
2024-07-08 20:42:48,0.115976
2024-07-08 20:42:49,0.133808
2024-07-08 20:42:50,0.125896
2024-07-08 20:42:51,0.110528
2024-07-08 20:42:52,0.105416
2024-07-08 20:42:53,0.101512
2024-07-08 20:42:54,0.108424
2024-07-08 20:42:55,0.117664
2024-07-08 20:42:56,0.160496
2024-07-08 20:42:57,0.160432
2024-07-08 20:42:58,0.163504
2024-07-08 20:42:59,0.1732
2024-07-08 20:43:00,0.139408
2024-07-08 20:43:01,0.137168
2024-07-08 20:43:02,0.140424
2024-07-08 20:43:03,0.134488
2024-07-08 20:43:04,0.167464
2024-07-08 20:43:05,0.169408
2024-07-08 20:43:06,0.145792
2024-07-08 20:43:07,0.159304
2024-07-08 20:43:08,0.142872
2024-07-08 20:43:09,0.13892
2024-07-08 20:43:10,0.153896
2024-07-08 20:43:11,0.151656
2024-07-08 20:43:12,0.150136
2024-07-08 20:43:13,0.148376
2024-07-08 20:43:14,0.145768
2024-07-08 20:43:15,0.142392
2024-07-08 20:43:16,0.138064
2024-07-08 20:43:17,0.145464
2024-07-08 20:43:18,0.13832
2024-07-08 20:43:19,0.150488
2024-07-08 20:43:20,0.161848
2024-07-08 20:43:21,0.134
2024-07-08 20:43:22,0.184824
2024-07-08 20:43:23,0.150216
2024-07-08 20:43:24,0.1358
2024-07-08 20:43:25,0.157952
2024-07-08 20:43:26,0.147808
2024-07-08 20:43:27,0.152384
2024-07-08 20:43:28,0.154504
2024-07-08 20:43:29,0.135504
2024-07-08 20:43:30,0.152928
2024-07-08 20:43:31,0.162104
2024-07-08 20:43:32,0.158232
2024-07-08 20:43:33,0.139888
2024-07-08 20:43:34,0.154776
2024-07-08 20:43:35,0.157064
2024-07-08 20:43:36,0.21404
2024-07-08 20:43:37,0.163304
2024-07-08 20:43:38,0.162064
2024-07-08 20:43:39,0.142424
2024-07-08 20:43:40,0.1394
2024-07-08 20:43:41,0.138408
2024-07-08 20:43:42,0.142808
2024-07-08 20:43:43,0.176832
2024-07-08 20:43:44,0.182368
2024-07-08 20:43:45,0.156136
2024-07-08 20:43:46,0.126112
2024-07-08 20:43:47,0.118288
2024-07-08 20:43:48,0.116312
2024-07-08 20:43:49,0.13652
2024-07-08 20:43:50,0.125096
2024-07-08 20:43:51,0.13412
2024-07-08 20:43:52,0.105112
2024-07-08 20:43:53,0.116544
2024-07-08 20:43:54,0.113824
2024-07-08 20:43:55,0.107256
2024-07-08 20:43:56,0.114392
2024-07-08 20:43:57,0.14136
2024-07-08 20:43:58,0.123416
2024-07-08 20:43:59,0.163216
2024-07-08 20:44:00,0.14396
2024-07-08 20:44:01,0.14588
2024-07-08 20:44:02,0.122112
2024-07-08 20:44:03,0.142904
2024-07-08 20:44:04,0.146816
2024-07-08 20:44:05,0.132312
2024-07-08 20:44:06,0.159136
2024-07-08 20:44:07,0.142704
2024-07-08 20:44:08,0.152352
2024-07-08 20:44:09,0.197064
2024-07-08 20:44:10,0.176296
2024-07-08 20:44:11,0.160048
2024-07-08 20:44:12,0.188664
2024-07-08 20:44:13,0.17552
2024-07-08 20:44:14,0.180696
2024-07-08 20:44:15,0.14844
2024-07-08 20:44:16,0.161072
2024-07-08 20:44:17,0.125472
2024-07-08 20:44:18,0.13764
2024-07-08 20:44:19,0.14812
2024-07-08 20:44:20,0.144864
2024-07-08 20:44:21,0.163472
2024-07-08 20:44:22,0.188648
2024-07-08 20:44:23,0.209032
2024-07-08 20:44:24,0.19816
2024-07-08 20:44:25,0.211376
2024-07-08 20:44:26,0.195696
2024-07-08 20:44:27,0.179184
2024-07-08 20:44:28,0.162952
2024-07-08 20:44:29,0.132104
2024-07-08 20:44:30,0.125224
2024-07-08 20:44:31,0.118824
2024-07-08 20:44:32,0.139336
2024-07-08 20:44:33,0.146208
2024-07-08 20:44:34,0.146912
2024-07-08 20:44:35,0.165136
2024-07-08 20:44:36,0.18676
2024-07-08 20:44:37,0.16392
2024-07-08 20:44:38,0.186736
2024-07-08 20:44:39,0.15776
2024-07-08 20:44:40,0.166464
2024-07-08 20:44:41,0.170592
2024-07-08 20:44:42,0.149064
2024-07-08 20:44:43,0.12
2024-07-08 20:44:44,0.155472
2024-07-08 20:44:45,0.142744
2024-07-08 20:44:46,0.120592
2024-07-08 20:44:47,0.11148
2024-07-08 20:44:48,0.115544
2024-07-08 20:44:49,0.138392
2024-07-08 20:44:50,0.130648
2024-07-08 20:44:51,0.152592
2024-07-08 20:44:52,0.17856
2024-07-08 20:44:53,0.1404
2024-07-08 20:44:54,0.127216
2024-07-08 20:44:55,0.124544
2024-07-08 20:44:56,0.141176
2024-07-08 20:44:57,0.125632
2024-07-08 20:44:58,0.171744
2024-07-08 20:44:59,0.188912
2024-07-08 20:45:00,0.15116
2024-07-08 20:45:01,0.171424
2024-07-08 20:45:02,0.181984
2024-07-08 20:45:03,0.16368
2024-07-08 20:45:04,0.138024
2024-07-08 20:45:05,0.153984
2024-07-08 20:45:06,0.131184
2024-07-08 20:45:07,0.147656
2024-07-08 20:45:08,0.150784
2024-07-08 20:45:09,0.131072
2024-07-08 20:45:10,0.126056
2024-07-08 20:45:11,0.123552
2024-07-08 20:45:12,0.14284
2024-07-08 20:45:13,0.143264
2024-07-08 20:45:14,0.139976
2024-07-08 20:45:15,0.148752
2024-07-08 20:45:16,0.12504
2024-07-08 20:45:17,0.155952
2024-07-08 20:45:18,0.13696
2024-07-08 20:45:19,0.161872
2024-07-08 20:45:20,0.142968
2024-07-08 20:45:21,0.1646
2024-07-08 20:45:22,0.13368
2024-07-08 20:45:23,0.123112
2024-07-08 20:45:24,0.146528
2024-07-08 20:45:25,0.130256
2024-07-08 20:45:26,0.130944
2024-07-08 20:45:27,0.136648
2024-07-08 20:45:28,0.136376
2024-07-08 20:45:29,0.14412
2024-07-08 20:45:30,0.16408
2024-07-08 20:45:31,0.156304
2024-07-08 20:45:32,0.158536
2024-07-08 20:45:33,0.173408
2024-07-08 20:45:34,0.180104
2024-07-08 20:45:35,0.159688
2024-07-08 20:45:36,0.202144
2024-07-08 20:45:37,0.22024
2024-07-08 20:45:38,0.1978
2024-07-08 20:45:39,0.202048
2024-07-08 20:45:40,0.1746
2024-07-08 20:45:41,0.15608
2024-07-08 20:45:42,0.143832
2024-07-08 20:45:43,0.14932
2024-07-08 20:45:44,0.135864
2024-07-08 20:45:45,0.1414
2024-07-08 20:45:46,0.139896
2024-07-08 20:45:47,0.145288
2024-07-08 20:45:48,0.121392
2024-07-08 20:45:49,0.140336
2024-07-08 20:45:50,0.193816
2024-07-08 20:45:51,0.182648
2024-07-08 20:45:52,0.171848
2024-07-08 20:45:53,0.172792
2024-07-08 20:45:54,0.126816
2024-07-08 20:45:55,0.16516
2024-07-08 20:45:56,0.179712
2024-07-08 20:45:57,0.181632
2024-07-08 20:45:58,0.154888
2024-07-08 20:45:59,0.244688
2024-07-08 20:46:00,0.210248
2024-07-08 20:46:01,0.150272
2024-07-08 20:46:02,0.128416
2024-07-08 20:46:03,0.156856
2024-07-08 20:46:04,0.139336
2024-07-08 20:46:05,0.139584
2024-07-08 20:46:06,0.165888
2024-07-08 20:46:07,0.167824
2024-07-08 20:46:08,0.137976
2024-07-08 20:46:09,0.160408
2024-07-08 20:46:10,0.151776
2024-07-08 20:46:11,0.136304
2024-07-08 20:46:12,0.146176
2024-07-08 20:46:13,0.149168
2024-07-08 20:46:14,0.137056
2024-07-08 20:46:15,0.144048
2024-07-08 20:46:16,0.12212
2024-07-08 20:46:17,0.124288
2024-07-08 20:46:18,0.119296
2024-07-08 20:46:19,0.13388
2024-07-08 20:46:20,0.146056
2024-07-08 20:46:21,0.173392
2024-07-08 20:46:22,0.183944
2024-07-08 20:46:23,0.172616
2024-07-08 20:46:24,0.169928
2024-07-08 20:46:25,0.15508
2024-07-08 20:46:26,0.134952
2024-07-08 20:46:27,0.128232
2024-07-08 20:46:28,0.135144
2024-07-08 20:46:29,0.143544
2024-07-08 20:46:30,0.1254
2024-07-08 20:46:31,0.131584
2024-07-08 20:46:32,0.128992
2024-07-08 20:46:33,0.131096
2024-07-08 20:46:34,0.127416
2024-07-08 20:46:35,0.129664
2024-07-08 20:46:36,0.143832
2024-07-08 20:46:37,0.167776
2024-07-08 20:46:38,0.16036
2024-07-08 20:46:39,0.155352
2024-07-08 20:46:40,0.153168
2024-07-08 20:46:41,0.12352
2024-07-08 20:46:42,0.122504
2024-07-08 20:46:43,0.122136
2024-07-08 20:46:44,0.10988
2024-07-08 20:46:45,0.142624
2024-07-08 20:46:46,0.122864
2024-07-08 20:46:47,0.114264
2024-07-08 20:46:48,0.111048
2024-07-08 20:46:49,0.10304
2024-07-08 20:46:50,0.115112
2024-07-08 20:46:51,0.11216
2024-07-08 20:46:52,0.106064
2024-07-08 20:46:53,0.109552
2024-07-08 20:46:54,0.114736
2024-07-08 20:46:55,0.09976
2024-07-08 20:46:56,0.109752
2024-07-08 20:46:57,0.14296
2024-07-08 20:46:58,0.137984
2024-07-08 20:46:59,0.163568
2024-07-08 20:47:00,0.145712
2024-07-08 20:47:01,0.13484
2024-07-08 20:47:02,0.149504
2024-07-08 20:47:03,0.15312
2024-07-08 20:47:04,0.157936
2024-07-08 20:47:05,0.185824
2024-07-08 20:47:06,0.167576
2024-07-08 20:47:07,0.17536
2024-07-08 20:47:08,0.182064
2024-07-08 20:47:09,0.1868
2024-07-08 20:47:10,0.120424
2024-07-08 20:47:11,0.162064
2024-07-08 20:47:12,0.159288
2024-07-08 20:47:13,0.165472
2024-07-08 20:47:14,0.183888
2024-07-08 20:47:15,0.228056
2024-07-08 20:47:16,0.216856
2024-07-08 20:47:17,0.159856
2024-07-08 20:47:18,0.154144
2024-07-08 20:47:19,0.180008
2024-07-08 20:47:20,0.183376
2024-07-08 20:47:21,0.177296
2024-07-08 20:47:22,0.194344
2024-07-08 20:47:23,0.154048
2024-07-08 20:47:24,0.145264
2024-07-08 20:47:25,0.169544
2024-07-08 20:47:26,0.168336
2024-07-08 20:47:27,0.229672
2024-07-08 20:47:28,0.27208
2024-07-08 20:47:29,0.256144
2024-07-08 20:47:30,0.209728
2024-07-08 20:47:31,0.221192
2024-07-08 20:47:32,0.208752
2024-07-08 20:47:33,0.196456
2024-07-08 20:47:34,0.16384
2024-07-08 20:47:35,0.20436
2024-07-08 20:47:36,0.215152
2024-07-08 20:47:37,0.224936
2024-07-08 20:47:38,0.174168
2024-07-08 20:47:39,0.191672
2024-07-08 20:47:40,0.19292
2024-07-08 20:47:41,0.210608
2024-07-08 20:47:42,0.21032
2024-07-08 20:47:43,0.18008
2024-07-08 20:47:44,0.219144
2024-07-08 20:47:45,0.196696
2024-07-08 20:47:46,0.226328
2024-07-08 20:47:47,0.201384
2024-07-08 20:47:48,0.204856
2024-07-08 20:47:49,0.176272
2024-07-08 20:47:50,0.15032
2024-07-08 20:47:51,0.157832
2024-07-08 20:47:52,0.167384
2024-07-08 20:47:53,0.165136
2024-07-08 20:47:54,0.182208
2024-07-08 20:47:55,0.20756
2024-07-08 20:47:56,0.165352
2024-07-08 20:47:57,0.165864
2024-07-08 20:47:58,0.185792
2024-07-08 20:47:59,0.191776
2024-07-08 20:48:00,0.15168
2024-07-08 20:48:01,0.132904
2024-07-08 20:48:02,0.156672
2024-07-08 20:48:03,0.145968
2024-07-08 20:48:04,0.155544
2024-07-08 20:48:05,0.146464
2024-07-08 20:48:06,0.135632
2024-07-08 20:48:07,0.11556
2024-07-08 20:48:08,0.138
2024-07-08 20:48:09,0.126496
2024-07-08 20:48:10,0.137504
2024-07-08 20:48:11,0.137656
2024-07-08 20:48:12,0.149456
2024-07-08 20:48:13,0.17392
2024-07-08 20:48:14,0.177552
2024-07-08 20:48:15,0.173544
2024-07-08 20:48:16,0.182496
2024-07-08 20:48:17,0.139872
2024-07-08 20:48:18,0.165672
2024-07-08 20:48:19,0.143728
2024-07-08 20:48:20,0.14912
2024-07-08 20:48:21,0.134128
2024-07-08 20:48:22,0.11152
2024-07-08 20:48:23,0.132776
2024-07-08 20:48:24,0.116608
2024-07-08 20:48:25,0.12264
2024-07-08 20:48:26,0.131096
2024-07-08 20:48:27,0.129616
2024-07-08 20:48:28,0.129424
2024-07-08 20:48:29,0.12536
2024-07-08 20:48:30,0.127656
2024-07-08 20:48:31,0.185632
2024-07-08 20:48:32,0.21392
2024-07-08 20:48:33,0.1984
2024-07-08 20:48:34,0.191824
2024-07-08 20:48:35,0.159944
2024-07-08 20:48:36,0.148072
2024-07-08 20:48:37,0.153952
2024-07-08 20:48:38,0.1412
2024-07-08 20:48:39,0.142048
2024-07-08 20:48:40,0.159968
2024-07-08 20:48:41,0.169896
2024-07-08 20:48:42,0.168808
2024-07-08 20:48:43,0.188504
2024-07-08 20:48:44,0.232168
2024-07-08 20:48:45,0.232168
2024-07-08 20:48:46,0.20112
2024-07-08 20:48:47,0.156208
2024-07-08 20:48:48,0.12296
2024-07-08 20:48:49,0.120448
2024-07-08 20:48:50,0.113624
2024-07-08 20:48:51,0.150656
2024-07-08 20:48:52,0.134472
2024-07-08 20:48:53,0.1462
2024-07-08 20:48:54,0.127328
2024-07-08 20:48:55,0.151256
2024-07-08 20:48:56,0.14036
2024-07-08 20:48:57,0.126064
2024-07-08 20:48:58,0.142736
2024-07-08 20:48:59,0.180432
2024-07-08 20:49:00,0.142848
2024-07-08 20:49:01,0.178912
2024-07-08 20:49:02,0.177
2024-07-08 20:49:03,0.1748
2024-07-08 20:49:04,0.209408
2024-07-08 20:49:05,0.202008
2024-07-08 20:49:06,0.196776
2024-07-08 20:49:07,0.233192
2024-07-08 20:49:08,0.190344
2024-07-08 20:49:09,0.189344
2024-07-08 20:49:10,0.169808
2024-07-08 20:49:11,0.160528
2024-07-08 20:49:12,0.215528
2024-07-08 20:49:13,0.184424
2024-07-08 20:49:14,0.160912
2024-07-08 20:49:15,0.175056
2024-07-08 20:49:16,0.172936
2024-07-08 20:49:17,0.154456
2024-07-08 20:49:18,0.176256
2024-07-08 20:49:19,0.216568
2024-07-08 20:49:20,0.23944
2024-07-08 20:49:21,0.204312
2024-07-08 20:49:22,0.1938
2024-07-08 20:49:23,0.17072
2024-07-08 20:49:24,0.201896
2024-07-08 20:49:25,0.148944
2024-07-08 20:49:26,0.149144
2024-07-08 20:49:27,0.162816
2024-07-08 20:49:28,0.164688
2024-07-08 20:49:29,0.160272
2024-07-08 20:49:30,0.183264
2024-07-08 20:49:31,0.189064
2024-07-08 20:49:32,0.195456
2024-07-08 20:49:33,0.174216
2024-07-08 20:49:34,0.196592
2024-07-08 20:49:35,0.177888
2024-07-08 20:49:36,0.175624
2024-07-08 20:49:37,0.186544
2024-07-08 20:49:38,0.178072
2024-07-08 20:49:39,0.1554
2024-07-08 20:49:40,0.1692
2024-07-08 20:49:41,0.150184
2024-07-08 20:49:42,0.144056
2024-07-08 20:49:43,0.144656
2024-07-08 20:49:44,0.174152
2024-07-08 20:49:45,0.20012
2024-07-08 20:49:46,0.195376
2024-07-08 20:49:47,0.200744
2024-07-08 20:49:48,0.184568
2024-07-08 20:49:49,0.185968
2024-07-08 20:49:50,0.163568
2024-07-08 20:49:51,0.196
2024-07-08 20:49:52,0.199752
2024-07-08 20:49:53,0.177568
2024-07-08 20:49:54,0.161992
2024-07-08 20:49:55,0.157536
2024-07-08 20:49:56,0.135064
2024-07-08 20:49:57,0.184128
2024-07-08 20:49:58,0.143928
2024-07-08 20:49:59,0.205712
2024-07-08 20:50:00,0.155288
2024-07-08 20:50:01,0.135536
2024-07-08 20:50:02,0.13108
2024-07-08 20:50:03,0.144592
2024-07-08 20:50:04,0.150488
2024-07-08 20:50:05,0.198056
2024-07-08 20:50:06,0.218312
2024-07-08 20:50:07,0.203864
2024-07-08 20:50:08,0.162096
2024-07-08 20:50:09,0.15616
2024-07-08 20:50:10,0.195168
2024-07-08 20:50:11,0.163512
2024-07-08 20:50:12,0.19204
2024-07-08 20:50:13,0.177632
2024-07-08 20:50:14,0.221336
2024-07-08 20:50:15,0.204104
2024-07-08 20:50:16,0.219984
2024-07-08 20:50:17,0.19184
2024-07-08 20:50:18,0.213264
2024-07-08 20:50:19,0.15576
2024-07-08 20:50:20,0.143664
2024-07-08 20:50:21,0.138792
2024-07-08 20:50:22,0.152136
2024-07-08 20:50:23,0.147984
2024-07-08 20:50:24,0.151112
2024-07-08 20:50:25,0.165664
2024-07-08 20:50:26,0.193432
2024-07-08 20:50:27,0.154184
2024-07-08 20:50:28,0.198272
2024-07-08 20:50:29,0.187592
2024-07-08 20:50:30,0.14612
2024-07-08 20:50:31,0.205064
2024-07-08 20:50:32,0.188256
2024-07-08 20:50:33,0.177488
2024-07-08 20:50:34,0.187296
2024-07-08 20:50:35,0.183648
2024-07-08 20:50:36,0.201128
2024-07-08 20:50:37,0.197232
2024-07-08 20:50:38,0.210888
2024-07-08 20:50:39,0.184632
2024-07-08 20:50:40,0.1538
2024-07-08 20:50:41,0.159992
2024-07-08 20:50:42,0.14992
2024-07-08 20:50:43,0.134184
2024-07-08 20:50:44,0.139064
2024-07-08 20:50:45,0.162096
2024-07-08 20:50:46,0.147128
2024-07-08 20:50:47,0.15552
2024-07-08 20:50:48,0.1536
2024-07-08 20:50:49,0.14116
2024-07-08 20:50:50,0.14424
2024-07-08 20:50:51,0.14844
2024-07-08 20:50:52,0.172392
2024-07-08 20:50:53,0.141024
2024-07-08 20:50:54,0.162872
2024-07-08 20:50:55,0.239096
2024-07-08 20:50:56,0.271
2024-07-08 20:50:57,0.257464
2024-07-08 20:50:58,0.183792
2024-07-08 20:50:59,0.185464
2024-07-08 20:51:00,0.173408
2024-07-08 20:51:01,0.163936
2024-07-08 20:51:02,0.163288
2024-07-08 20:51:03,0.16044
2024-07-08 20:51:04,0.158104
2024-07-08 20:51:05,0.158856
2024-07-08 20:51:06,0.148608
2024-07-08 20:51:07,0.16808
2024-07-08 20:51:08,0.19196
2024-07-08 20:51:09,0.172296
2024-07-08 20:51:10,0.153976
2024-07-08 20:51:11,0.16188
2024-07-08 20:51:12,0.165968
2024-07-08 20:51:13,0.147656
2024-07-08 20:51:14,0.148912
2024-07-08 20:51:15,0.139736
2024-07-08 20:51:16,0.159056
2024-07-08 20:51:17,0.167456
2024-07-08 20:51:18,0.17816
2024-07-08 20:51:19,0.205768
2024-07-08 20:51:20,0.181536
2024-07-08 20:51:21,0.198288
2024-07-08 20:51:22,0.160992
2024-07-08 20:51:23,0.188744
2024-07-08 20:51:24,0.191664
2024-07-08 20:51:25,0.194048
2024-07-08 20:51:26,0.192728
2024-07-08 20:51:27,0.223488
2024-07-08 20:51:28,0.153624
2024-07-08 20:51:29,0.147416
2024-07-08 20:51:30,0.178816
2024-07-08 20:51:31,0.154192
2024-07-08 20:51:32,0.15056
2024-07-08 20:51:33,0.178376
2024-07-08 20:51:34,0.152712
2024-07-08 20:51:35,0.124696
2024-07-08 20:51:36,0.151944
2024-07-08 20:51:37,0.161672
2024-07-08 20:51:38,0.177512
2024-07-08 20:51:39,0.175496
2024-07-08 20:51:40,0.186496
2024-07-08 20:51:41,0.18536
2024-07-08 20:51:42,0.179896
2024-07-08 20:51:43,0.180512
2024-07-08 20:51:44,0.126352
2024-07-08 20:51:45,0.164872
2024-07-08 20:51:46,0.14188
2024-07-08 20:51:47,0.116312
2024-07-08 20:51:48,0.127408
2024-07-08 20:51:49,0.115112
2024-07-08 20:51:50,0.129608
2024-07-08 20:51:51,0.146008
2024-07-08 20:51:52,0.189352
2024-07-08 20:51:53,0.157328
2024-07-08 20:51:54,0.208272
2024-07-08 20:51:55,0.192696
2024-07-08 20:51:56,0.163064
2024-07-08 20:51:57,0.18156
2024-07-08 20:51:58,0.15912
2024-07-08 20:51:59,0.190744
2024-07-08 20:52:00,0.1816
2024-07-08 20:52:01,0.171344
2024-07-08 20:52:02,0.178016
2024-07-08 20:52:03,0.159568
2024-07-08 20:52:04,0.1874
2024-07-08 20:52:05,0.187544
2024-07-08 20:52:06,0.146784
2024-07-08 20:52:07,0.13744
2024-07-08 20:52:08,0.136824
2024-07-08 20:52:09,0.129
2024-07-08 20:52:10,0.117592
2024-07-08 20:52:11,0.11616
2024-07-08 20:52:12,0.134384
2024-07-08 20:52:13,0.13836
2024-07-08 20:52:14,0.14288
2024-07-08 20:52:15,0.152304
2024-07-08 20:52:16,0.149776
2024-07-08 20:52:17,0.167736
2024-07-08 20:52:18,0.167992
2024-07-08 20:52:19,0.197952
2024-07-08 20:52:20,0.234424
2024-07-08 20:52:21,0.184384
2024-07-08 20:52:22,0.186936
2024-07-08 20:52:23,0.173968
2024-07-08 20:52:24,0.189344
2024-07-08 20:52:25,0.194
2024-07-08 20:52:26,0.160528
2024-07-08 20:52:27,0.138864
2024-07-08 20:52:28,0.1268
2024-07-08 20:52:29,0.1464
2024-07-08 20:52:30,0.15908
2024-07-08 20:52:31,0.196576
2024-07-08 20:52:32,0.15628
2024-07-08 20:52:33,0.16512
2024-07-08 20:52:34,0.169576
2024-07-08 20:52:35,0.179592
2024-07-08 20:52:36,0.152792
2024-07-08 20:52:37,0.159296
2024-07-08 20:52:38,0.148408
2024-07-08 20:52:39,0.179456
2024-07-08 20:52:40,0.154024
2024-07-08 20:52:41,0.162896
2024-07-08 20:52:42,0.180096
2024-07-08 20:52:43,0.162496
2024-07-08 20:52:44,0.17452
2024-07-08 20:52:45,0.139128
2024-07-08 20:52:46,0.157088
2024-07-08 20:52:47,0.116664
2024-07-08 20:52:48,0.148464
2024-07-08 20:52:49,0.150408
2024-07-08 20:52:50,0.165328
2024-07-08 20:52:51,0.128048
2024-07-08 20:52:52,0.129608
2024-07-08 20:52:53,0.151512
2024-07-08 20:52:54,0.178552
2024-07-08 20:52:55,0.18052
2024-07-08 20:52:56,0.2238
2024-07-08 20:52:57,0.209888
2024-07-08 20:52:58,0.16272
2024-07-08 20:52:59,0.243848
2024-07-08 20:53:00,0.176264
2024-07-08 20:53:01,0.184248
2024-07-08 20:53:02,0.224672
2024-07-08 20:53:03,0.176576
2024-07-08 20:53:04,0.217736
2024-07-08 20:53:05,0.229352
2024-07-08 20:53:06,0.222752
2024-07-08 20:53:07,0.183224
2024-07-08 20:53:08,0.174672
2024-07-08 20:53:09,0.175712
2024-07-08 20:53:10,0.1464
2024-07-08 20:53:11,0.190472
2024-07-08 20:53:12,0.16284
2024-07-08 20:53:13,0.157752
2024-07-08 20:53:14,0.157088
2024-07-08 20:53:15,0.137384
2024-07-08 20:53:16,0.11064
2024-07-08 20:53:17,0.128872
2024-07-08 20:53:18,0.131728
2024-07-08 20:53:19,0.1204
2024-07-08 20:53:20,0.129184
2024-07-08 20:53:21,0.152384
2024-07-08 20:53:22,0.119952
2024-07-08 20:53:23,0.154776
2024-07-08 20:53:24,0.216968
2024-07-08 20:53:25,0.219976
2024-07-08 20:53:26,0.193712
2024-07-08 20:53:27,0.222712
2024-07-08 20:53:28,0.234024
2024-07-08 20:53:29,0.201208
2024-07-08 20:53:30,0.202312
2024-07-08 20:53:31,0.187832
2024-07-08 20:53:32,0.196128
2024-07-08 20:53:33,0.209208
2024-07-08 20:53:34,0.25164
2024-07-08 20:53:35,0.217816
2024-07-08 20:53:36,0.191904
2024-07-08 20:53:37,0.216616
2024-07-08 20:53:38,0.236176
2024-07-08 20:53:39,0.275184
2024-07-08 20:53:40,0.226592
2024-07-08 20:53:41,0.200976
2024-07-08 20:53:42,0.218864
2024-07-08 20:53:43,0.164656
2024-07-08 20:53:44,0.216008
2024-07-08 20:53:45,0.198528
2024-07-08 20:53:46,0.207048
2024-07-08 20:53:47,0.217152
2024-07-08 20:53:48,0.235072
2024-07-08 20:53:49,0.239624
2024-07-08 20:53:50,0.2186
2024-07-08 20:53:51,0.2398
2024-07-08 20:53:52,0.159336
2024-07-08 20:53:53,0.157824
2024-07-08 20:53:54,0.123224
2024-07-08 20:53:55,0.12752
2024-07-08 20:53:56,0.134384
2024-07-08 20:53:57,0.121
2024-07-08 20:53:58,0.111464
2024-07-08 20:53:59,0.21228
2024-07-08 20:54:00,0.158632
2024-07-08 20:54:01,0.174416
2024-07-08 20:54:02,0.171232
2024-07-08 20:54:03,0.179336
2024-07-08 20:54:04,0.163456
2024-07-08 20:54:05,0.156024
2024-07-08 20:54:06,0.16912
2024-07-08 20:54:07,0.139608
2024-07-08 20:54:08,0.126752
2024-07-08 20:54:09,0.158024
2024-07-08 20:54:10,0.159616
2024-07-08 20:54:11,0.149896
2024-07-08 20:54:12,0.136576
2024-07-08 20:54:13,0.140568
2024-07-08 20:54:14,0.140728
2024-07-08 20:54:15,0.148912
2024-07-08 20:54:16,0.15616
2024-07-08 20:54:17,0.157728
2024-07-08 20:54:18,0.132776
2024-07-08 20:54:19,0.144376
2024-07-08 20:54:20,0.177904
2024-07-08 20:54:21,0.156168
2024-07-08 20:54:22,0.143648
2024-07-08 20:54:23,0.155624
2024-07-08 20:54:24,0.151728
2024-07-08 20:54:25,0.150504
2024-07-08 20:54:26,0.127992
2024-07-08 20:54:27,0.1406
2024-07-08 20:54:28,0.109648
2024-07-08 20:54:29,0.13296
2024-07-08 20:54:30,0.124432
2024-07-08 20:54:31,0.115328
2024-07-08 20:54:32,0.117672
2024-07-08 20:54:33,0.11192
2024-07-08 20:54:34,0.100224
2024-07-08 20:54:35,0.117928
2024-07-08 20:54:36,0.123904
2024-07-08 20:54:37,0.098408
2024-07-08 20:54:38,0.148712
2024-07-08 20:54:39,0.122576
2024-07-08 20:54:40,0.116136
2024-07-08 20:54:41,0.121384
2024-07-08 20:54:42,0.12304
2024-07-08 20:54:43,0.14788
2024-07-08 20:54:44,0.146568
2024-07-08 20:54:45,0.149872
2024-07-08 20:54:46,0.168656
2024-07-08 20:54:47,0.1906
2024-07-08 20:54:48,0.154168
2024-07-08 20:54:49,0.162392
2024-07-08 20:54:50,0.12548
2024-07-08 20:54:51,0.171024
2024-07-08 20:54:52,0.139992
2024-07-08 20:54:53,0.136824
2024-07-08 20:54:54,0.13828
2024-07-08 20:54:55,0.175072
2024-07-08 20:54:56,0.178608
2024-07-08 20:54:57,0.15676
2024-07-08 20:54:58,0.170288
2024-07-08 20:54:59,0.203552
2024-07-08 20:55:00,0.112824
2024-07-08 20:55:01,0.141112
2024-07-08 20:55:02,0.139384
2024-07-08 20:55:03,0.13344
2024-07-08 20:55:04,0.164
2024-07-08 20:55:05,0.14696
2024-07-08 20:55:06,0.135552
2024-07-08 20:55:07,0.140504
2024-07-08 20:55:08,0.121368
2024-07-08 20:55:09,0.111744
2024-07-08 20:55:10,0.116488
2024-07-08 20:55:11,0.125984
2024-07-08 20:55:12,0.130976
2024-07-08 20:55:13,0.162568
2024-07-08 20:55:14,0.160168
2024-07-08 20:55:15,0.190976
2024-07-08 20:55:16,0.154984
2024-07-08 20:55:17,0.149064
2024-07-08 20:55:18,0.14388
2024-07-08 20:55:19,0.122232
2024-07-08 20:55:20,0.127416
2024-07-08 20:55:21,0.127024
2024-07-08 20:55:22,0.116584
2024-07-08 20:55:23,0.189544
2024-07-08 20:55:24,0.171664
2024-07-08 20:55:25,0.16324
2024-07-08 20:55:26,0.15944
2024-07-08 20:55:27,0.166936
2024-07-08 20:55:28,0.18316
2024-07-08 20:55:29,0.138288
2024-07-08 20:55:30,0.130192
2024-07-08 20:55:31,0.115448
2024-07-08 20:55:32,0.117024
2024-07-08 20:55:33,0.130216
2024-07-08 20:55:34,0.154256
2024-07-08 20:55:35,0.165472
2024-07-08 20:55:36,0.164648
2024-07-08 20:55:37,0.20108
2024-07-08 20:55:38,0.209336
2024-07-08 20:55:39,0.223072
2024-07-08 20:55:40,0.225952
2024-07-08 20:55:41,0.212144
2024-07-08 20:55:42,0.230128
2024-07-08 20:55:43,0.231936
2024-07-08 20:55:44,0.23604
2024-07-08 20:55:45,0.196568
2024-07-08 20:55:46,0.193488
2024-07-08 20:55:47,0.17744
2024-07-08 20:55:48,0.152816
2024-07-08 20:55:49,0.118792
2024-07-08 20:55:50,0.11296
2024-07-08 20:55:51,0.120048
2024-07-08 20:55:52,0.119448
2024-07-08 20:55:53,0.118968
2024-07-08 20:55:54,0.129448
2024-07-08 20:55:55,0.180344
2024-07-08 20:55:56,0.158784
2024-07-08 20:55:57,0.169976
2024-07-08 20:55:58,0.171504
2024-07-08 20:55:59,0.19292
2024-07-08 20:56:00,0.194144
2024-07-08 20:56:01,0.169248
2024-07-08 20:56:02,0.201624
2024-07-08 20:56:03,0.196376
2024-07-08 20:56:04,0.214448
2024-07-08 20:56:05,0.203512
2024-07-08 20:56:06,0.218976
2024-07-08 20:56:07,0.186656
2024-07-08 20:56:08,0.2282
2024-07-08 20:56:09,0.204552
2024-07-08 20:56:10,0.191496
2024-07-08 20:56:11,0.166176
2024-07-08 20:56:12,0.14616
2024-07-08 20:56:13,0.132808
2024-07-08 20:56:14,0.103536
2024-07-08 20:56:15,0.12152
2024-07-08 20:56:16,0.113472
2024-07-08 20:56:17,0.12752
2024-07-08 20:56:18,0.116968
2024-07-08 20:56:19,0.147872
2024-07-08 20:56:20,0.158208
2024-07-08 20:56:21,0.198112
2024-07-08 20:56:22,0.159296
2024-07-08 20:56:23,0.182736
2024-07-08 20:56:24,0.180248
2024-07-08 20:56:25,0.17024
2024-07-08 20:56:26,0.140216
2024-07-08 20:56:27,0.189808
2024-07-08 20:56:28,0.204336
2024-07-08 20:56:29,0.196192
2024-07-08 20:56:30,0.245144
2024-07-08 20:56:31,0.233656
2024-07-08 20:56:32,0.24092
2024-07-08 20:56:33,0.260576
2024-07-08 20:56:34,0.215072
2024-07-08 20:56:35,0.200944
2024-07-08 20:56:36,0.228144
2024-07-08 20:56:37,0.228536
2024-07-08 20:56:38,0.266
2024-07-08 20:56:39,0.235648
2024-07-08 20:56:40,0.231528
2024-07-08 20:56:41,0.228816
2024-07-08 20:56:42,0.195968
2024-07-08 20:56:43,0.148264
2024-07-08 20:56:44,0.120232
2024-07-08 20:56:45,0.10968
2024-07-08 20:56:46,0.0878
2024-07-08 20:56:47,0.137488
2024-07-08 20:56:48,0.139832
2024-07-08 20:56:49,0.147536
2024-07-08 20:56:50,0.165304
2024-07-08 20:56:51,0.161008
2024-07-08 20:56:52,0.158824
2024-07-08 20:56:53,0.172048
2024-07-08 20:56:54,0.21176
2024-07-08 20:56:55,0.203296
2024-07-08 20:56:56,0.18268
2024-07-08 20:56:57,0.178616
2024-07-08 20:56:58,0.196344
2024-07-08 20:56:59,0.224184
2024-07-08 20:57:00,0.200512
2024-07-08 20:57:01,0.206336
2024-07-08 20:57:02,0.178656
2024-07-08 20:57:03,0.169192
2024-07-08 20:57:04,0.186128
2024-07-08 20:57:05,0.17672
2024-07-08 20:57:06,0.162312
2024-07-08 20:57:07,0.172848
2024-07-08 20:57:08,0.151752
2024-07-08 20:57:09,0.176784
2024-07-08 20:57:10,0.140768
2024-07-08 20:57:11,0.130704
2024-07-08 20:57:12,0.134568
2024-07-08 20:57:13,0.142024
2024-07-08 20:57:14,0.146
2024-07-08 20:57:15,0.148072
2024-07-08 20:57:16,0.155416
2024-07-08 20:57:17,0.161632
2024-07-08 20:57:18,0.165664
2024-07-08 20:57:19,0.167496
2024-07-08 20:57:20,0.196184
2024-07-08 20:57:21,0.176552
2024-07-08 20:57:22,0.209096
2024-07-08 20:57:23,0.181304
2024-07-08 20:57:24,0.227136
2024-07-08 20:57:25,0.182712
2024-07-08 20:57:26,0.137744
2024-07-08 20:57:27,0.185992
2024-07-08 20:57:28,0.177984
2024-07-08 20:57:29,0.190984
2024-07-08 20:57:30,0.192168
2024-07-08 20:57:31,0.165312
2024-07-08 20:57:32,0.18956
2024-07-08 20:57:33,0.183832
2024-07-08 20:57:34,0.15712
2024-07-08 20:57:35,0.19692
2024-07-08 20:57:36,0.206752
2024-07-08 20:57:37,0.222616
2024-07-08 20:57:38,0.212456
2024-07-08 20:57:39,0.204664
2024-07-08 20:57:40,0.19748
2024-07-08 20:57:41,0.195712
2024-07-08 20:57:42,0.189432
2024-07-08 20:57:43,0.160984
2024-07-08 20:57:44,0.15224
2024-07-08 20:57:45,0.142808
2024-07-08 20:57:46,0.147896
2024-07-08 20:57:47,0.115512
2024-07-08 20:57:48,0.11992
2024-07-08 20:57:49,0.117104
2024-07-08 20:57:50,0.136664
2024-07-08 20:57:51,0.215304
2024-07-08 20:57:52,0.192304
2024-07-08 20:57:53,0.227152
2024-07-08 20:57:54,0.19616
2024-07-08 20:57:55,0.203816
2024-07-08 20:57:56,0.21904
2024-07-08 20:57:57,0.188
2024-07-08 20:57:58,0.19348
2024-07-08 20:57:59,0.27736
2024-07-08 20:58:00,0.211232
2024-07-08 20:58:01,0.233344
2024-07-08 20:58:02,0.29028
2024-07-08 20:58:03,0.259296
2024-07-08 20:58:04,0.23692
2024-07-08 20:58:05,0.222352
2024-07-08 20:58:06,0.274952
2024-07-08 20:58:07,0.22504
2024-07-08 20:58:08,0.237904
2024-07-08 20:58:09,0.25112
2024-07-08 20:58:10,0.24044
2024-07-08 20:58:11,0.24392
2024-07-08 20:58:12,0.226344
2024-07-08 20:58:13,0.206016
2024-07-08 20:58:14,0.18612
2024-07-08 20:58:15,0.20148
2024-07-08 20:58:16,0.237152
2024-07-08 20:58:17,0.211432
2024-07-08 20:58:18,0.211896
2024-07-08 20:58:19,0.192464
2024-07-08 20:58:20,0.177912
2024-07-08 20:58:21,0.170816
2024-07-08 20:58:22,0.186624
2024-07-08 20:58:23,0.215904
2024-07-08 20:58:24,0.21804
2024-07-08 20:58:25,0.15252
2024-07-08 20:58:26,0.149288
2024-07-08 20:58:27,0.206408
2024-07-08 20:58:28,0.219888
2024-07-08 20:58:29,0.21472
2024-07-08 20:58:30,0.24
2024-07-08 20:58:31,0.227416
2024-07-08 20:58:32,0.129872
2024-07-08 20:58:33,0.092488
2024-07-08 20:58:34,0.079552
2024-07-08 20:58:35,0.076232
2024-07-08 20:58:36,0.050528
2024-07-08 20:58:37,0.002368
2024-07-08 20:58:38,0.00124
2024-07-08 20:58:39,0.005592
2024-07-08 21:09:42,0.02712
2024-07-08 21:09:43,0.122192
2024-07-08 21:09:44,0.009976
2024-07-08 21:09:45,0.005536
2024-07-08 21:09:46,0.025936
2024-07-08 21:09:47,0.061224
2024-07-08 21:09:48,0.03428
2024-07-08 21:09:49,0.284968
2024-07-08 21:09:50,0.06028
2024-07-08 21:09:51,0.064488
2024-07-08 21:09:52,0.034016
2024-07-08 21:09:53,0.03772
2024-07-08 21:09:54,0.043928
2024-07-08 21:09:55,0.03152
2024-07-08 21:09:56,0.03356
2024-07-08 21:09:57,0.034256
2024-07-08 21:09:58,0.034024
2024-07-08 21:09:59,0.034088
2024-07-08 21:10:00,0.033568
2024-07-08 21:10:01,0.037896
2024-07-08 21:10:02,0.038152
2024-07-08 21:10:03,0.036184
2024-07-08 21:10:04,0.035136
2024-07-08 21:10:05,0.031104
2024-07-08 21:10:06,0.033048
2024-07-08 21:10:07,0.032248
2024-07-08 21:10:08,0.032928
2024-07-08 21:10:09,0.035024
2024-07-08 21:10:10,0.033144
2024-07-08 21:10:11,0.028528
2024-07-08 21:10:12,0.024216
2024-07-08 21:10:13,0.024384
2024-07-08 21:10:14,0.023608
2024-07-08 21:10:15,0.025376
2024-07-08 21:10:16,0.022024
2024-07-08 21:10:17,0.030576
2024-07-08 21:10:18,0.02612
2024-07-08 21:10:19,0.027576
2024-07-08 21:10:20,0.022536
2024-07-08 21:10:21,0.025184
2024-07-08 21:10:22,0.023024
2024-07-08 21:10:23,0.02348
2024-07-08 21:10:24,0.025216
2024-07-08 21:10:25,0.02548
2024-07-08 21:10:26,0.024024
2024-07-08 21:10:27,0.025384
2024-07-08 21:10:28,0.021608
2024-07-08 21:10:29,0.024384
2024-07-08 21:10:30,0.024024
2024-07-08 21:10:31,0.025576
2024-07-08 21:10:32,0.026216
2024-07-08 21:10:33,0.02628
2024-07-08 21:10:34,0.025216
2024-07-08 21:10:35,0.026688
2024-07-08 21:10:36,0.026216
2024-07-08 21:10:37,0.029576
2024-07-08 21:10:38,0.025216
2024-07-08 21:10:39,0.026576
2024-07-08 21:10:40,0.028296
2024-07-08 21:10:41,0.027384
2024-07-08 21:10:42,0.025216
2024-07-08 21:10:43,0.029968
2024-07-08 21:10:44,0.02612
2024-07-08 21:10:45,0.02548
2024-07-08 21:10:46,0.02212
2024-07-08 21:10:47,0.021192
2024-07-08 21:10:48,0.02312
2024-07-08 21:10:49,0.026384
2024-07-08 21:10:50,0.024024
2024-07-08 21:10:51,0.035368
2024-07-08 21:10:52,0.023832
2024-07-08 21:10:53,0.019504
2024-07-08 21:10:54,0.023424
2024-07-08 21:10:55,0.023408
2024-07-08 21:10:56,0.027216
2024-07-08 21:10:57,0.027096
2024-07-08 21:10:58,0.035768
2024-07-08 21:10:59,0.026768
2024-07-08 21:11:00,0.023928
2024-07-08 21:11:01,0.025872
2024-07-08 21:11:02,0.029312
2024-07-08 21:11:03,0.026384
2024-07-08 21:11:04,0.024216
2024-07-08 21:11:05,0.028576
2024-07-08 21:11:06,0.02712
2024-07-08 21:11:07,0.025944
2024-07-08 21:11:08,0.032752
2024-07-08 21:11:09,0.029576
2024-07-08 21:11:10,0.0272
2024-07-08 21:11:11,0.028672
2024-07-08 21:11:12,0.02912
2024-07-08 21:11:13,0.031472
2024-07-08 21:11:14,0.02632
2024-07-08 21:11:15,0.025696
2024-07-08 21:11:16,0.02112
2024-07-08 21:11:17,0.026576
2024-07-08 21:11:18,0.025024
2024-07-08 21:11:19,0.030576
2024-07-08 21:11:20,0.024664
2024-07-08 21:11:21,0.030936
2024-07-08 21:11:22,0.024216
2024-07-08 21:11:23,0.026872
2024-07-08 21:11:24,0.023216
2024-07-08 21:11:25,0.02648
2024-07-08 21:11:26,0.02512
2024-07-08 21:11:27,0.027472
2024-07-08 21:11:28,0.02912
2024-07-08 21:11:29,0.028376
2024-07-08 21:11:30,0.026312
2024-07-08 21:11:31,0.02548
2024-07-08 21:11:32,0.027016
2024-07-08 21:11:33,0.024088
2024-07-08 21:11:34,0.025216
2024-07-08 21:11:35,0.024384
2024-07-08 21:11:36,0.026216
2024-07-08 21:11:37,0.02748
2024-07-08 21:11:38,0.026216
2024-07-08 21:11:39,0.027576
2024-07-08 21:11:40,0.028296
2024-07-08 21:11:41,0.026672
2024-07-08 21:11:42,0.02312
2024-07-08 21:11:43,0.029576
2024-07-08 21:11:44,0.02612
2024-07-08 21:11:45,0.036224
2024-07-08 21:11:46,0.02548
2024-07-08 21:11:47,0.029192
2024-07-08 21:11:48,0.026824
2024-07-08 21:11:49,0.028072
2024-07-08 21:11:50,0.028248
2024-07-08 21:11:51,0.026336
2024-07-08 21:11:52,0.029288
2024-07-08 21:11:53,0.025928
2024-07-08 21:11:54,0.030096
2024-07-08 21:11:55,0.026024
2024-07-08 21:11:56,0.023904
2024-07-08 21:11:57,0.026928
2024-07-08 21:11:58,0.027288
2024-07-08 21:11:59,0.02612
2024-07-08 21:12:00,0.189264
2024-07-08 21:12:01,0.063576
2024-07-08 21:12:02,0.036912
2024-07-08 21:12:03,0.041688
2024-07-08 21:12:04,0.04172
2024-07-08 21:12:05,0.07116
2024-07-08 21:12:06,0.039296
2024-07-08 21:12:07,0.04232
2024-07-08 21:12:08,0.027072
2024-07-08 21:12:09,0.036648
2024-07-08 21:12:10,0.048536
2024-07-08 21:12:11,0.038864
2024-07-08 21:12:12,0.041416
2024-07-08 21:12:13,0.055048
2024-07-08 21:12:14,0.042912
2024-07-08 21:12:15,0.043584
2024-07-08 21:12:16,0.06208
2024-07-08 21:12:17,0.05744
2024-07-08 21:12:18,0.040128
2024-07-08 21:12:19,0.035768
2024-07-08 21:12:20,0.035528
2024-07-08 21:12:21,0.040528
2024-07-08 21:12:22,0.044
2024-07-08 21:12:23,0.053952
2024-07-08 21:12:24,0.058056
2024-07-08 21:12:25,0.05952
2024-07-08 21:12:26,0.047208
2024-07-08 21:12:27,0.05124
2024-07-08 21:12:28,0.06256
2024-07-08 21:12:29,0.056576
2024-07-08 21:12:30,0.073056
2024-07-08 21:12:31,0.05648
2024-07-08 21:12:32,0.04512
2024-07-08 21:12:33,0.041424
2024-07-08 21:12:34,0.032456
2024-07-08 21:12:35,0.037192
2024-07-08 21:12:36,0.039392
2024-07-08 21:12:37,0.035624
2024-07-08 21:12:38,0.038824
2024-07-08 21:12:39,0.02392
2024-07-08 21:12:40,0.026064
2024-07-08 21:12:41,0.037608
2024-07-08 21:12:42,0.029864
2024-07-08 21:12:43,0.029088
2024-07-08 21:12:44,0.033656
2024-07-08 21:12:45,0.028192
2024-07-08 21:12:46,0.033152
2024-07-08 21:12:47,0.032168
2024-07-08 21:12:48,0.034264
2024-07-08 21:12:49,0.037528
2024-07-08 21:12:50,0.043592
2024-07-08 21:12:51,0.0412
2024-07-08 21:12:52,0.050752
2024-07-08 21:12:53,0.04716
2024-07-08 21:12:54,0.067544
2024-07-08 21:12:55,0.081256
2024-07-08 21:12:56,0.088248
2024-07-08 21:12:57,0.087296
2024-07-08 21:12:58,0.077056
2024-07-08 21:12:59,0.046832
2024-07-08 21:13:00,0.077328
2024-07-08 21:13:01,0.048376
2024-07-08 21:13:02,0.062336
2024-07-08 21:13:03,0.059584
2024-07-08 21:13:04,0.056904
2024-07-08 21:13:05,0.065864
2024-07-08 21:13:06,0.069936
2024-07-08 21:13:07,0.08752
2024-07-08 21:13:08,0.079024
2024-07-08 21:13:09,0.072696
2024-07-08 21:13:10,0.072696
2024-07-08 21:13:11,0.053656
2024-07-08 21:13:12,0.05644
2024-07-08 21:13:13,0.069864
2024-07-08 21:13:14,0.07436
2024-07-08 21:13:15,0.084888
2024-07-08 21:13:16,0.06132
2024-07-08 21:13:17,0.05368
2024-07-08 21:13:18,0.0622
2024-07-08 21:13:19,0.058488
2024-07-08 21:13:20,0.056448
2024-07-08 21:13:21,0.05752
2024-07-08 21:13:22,0.070224
2024-07-08 21:13:23,0.073048
2024-07-08 21:13:24,0.082616
2024-07-08 21:13:25,0.079024
2024-07-08 21:13:26,0.059152
2024-07-08 21:13:27,0.072304
2024-07-08 21:13:28,0.069008
2024-07-08 21:13:29,0.103888
2024-07-08 21:13:30,0.13396
2024-07-08 21:13:31,0.148936
2024-07-08 21:13:32,0.156728
2024-07-08 21:13:33,0.117856
2024-07-08 21:13:34,0.10696
2024-07-08 21:13:35,0.120608
2024-07-08 21:13:36,0.106192
2024-07-08 21:13:37,0.114896
2024-07-08 21:13:38,0.11924
2024-07-08 21:13:39,0.099784
2024-07-08 21:13:40,0.111264
2024-07-08 21:13:41,0.113312
2024-07-08 21:13:42,0.123384
2024-07-08 21:13:43,0.113144
2024-07-08 21:13:44,0.11416
2024-07-08 21:13:45,0.109504
2024-07-08 21:13:46,0.112688
2024-07-08 21:13:47,0.118232
2024-07-08 21:13:48,0.11652
2024-07-08 21:13:49,0.116224
2024-07-08 21:13:50,0.10924
2024-07-08 21:13:51,0.12968
2024-07-08 21:13:52,0.143008
2024-07-08 21:13:53,0.122168
2024-07-08 21:13:54,0.113432
2024-07-08 21:13:55,0.117976
2024-07-08 21:13:56,0.137256
2024-07-08 21:13:57,0.115456
2024-07-08 21:13:58,0.132072
2024-07-08 21:13:59,0.129536
2024-07-08 21:14:00,0.171864
2024-07-08 21:14:01,0.137136
2024-07-08 21:14:02,0.15208
2024-07-08 21:14:03,0.154384
2024-07-08 21:14:04,0.12876
2024-07-08 21:14:05,0.151288
2024-07-08 21:14:06,0.140056
2024-07-08 21:14:07,0.150048
2024-07-08 21:14:08,0.154096
2024-07-08 21:14:09,0.13932
2024-07-08 21:14:10,0.1312
2024-07-08 21:14:11,0.12528
2024-07-08 21:14:12,0.1222
2024-07-08 21:14:13,0.129632
2024-07-08 21:14:14,0.136896
2024-07-08 21:14:15,0.13528
2024-07-08 21:14:16,0.160776
2024-07-08 21:14:17,0.141096
2024-07-08 21:14:18,0.14568
2024-07-08 21:14:19,0.148032
2024-07-08 21:14:20,0.19104
2024-07-08 21:14:21,0.169584
2024-07-08 21:14:22,0.130848
2024-07-08 21:14:23,0.138352
2024-07-08 21:14:24,0.119736
2024-07-08 21:14:25,0.1154
2024-07-08 21:14:26,0.114256
2024-07-08 21:14:27,0.129152
2024-07-08 21:14:28,0.138328
2024-07-08 21:14:29,0.119592
2024-07-08 21:14:30,0.132008
2024-07-08 21:14:31,0.125216
2024-07-08 21:14:32,0.11044
2024-07-08 21:14:33,0.148208
2024-07-08 21:14:34,0.131272
2024-07-08 21:14:35,0.15672
2024-07-08 21:14:36,0.175984
2024-07-08 21:14:37,0.24068
2024-07-08 21:14:38,0.22276
2024-07-08 21:14:39,0.18428
2024-07-08 21:14:40,0.16112
2024-07-08 21:14:41,0.161984
2024-07-08 21:14:42,0.121384
2024-07-08 21:14:43,0.124712
2024-07-08 21:14:44,0.12444
2024-07-08 21:14:45,0.10876
2024-07-08 21:14:46,0.1098
2024-07-08 21:14:47,0.12272
2024-07-08 21:14:48,0.109552
2024-07-08 21:14:49,0.109224
2024-07-08 21:14:50,0.110824
2024-07-08 21:14:51,0.10496
2024-07-08 21:14:52,0.135608
2024-07-08 21:14:53,0.121992
2024-07-08 21:14:54,0.126552
2024-07-08 21:14:55,0.118456
2024-07-08 21:14:56,0.12684
2024-07-08 21:14:57,0.129984
2024-07-08 21:14:58,0.143944
2024-07-08 21:14:59,0.189952
2024-07-08 21:15:00,0.219472
2024-07-08 21:15:01,0.18336
2024-07-08 21:15:02,0.181056
2024-07-08 21:15:03,0.164112
2024-07-08 21:15:04,0.159704
2024-07-08 21:15:05,0.135416
2024-07-08 21:15:06,0.127272
2024-07-08 21:15:07,0.14628
2024-07-08 21:15:08,0.137056
2024-07-08 21:15:09,0.11788
2024-07-08 21:15:10,0.12584
2024-07-08 21:15:11,0.118856
2024-07-08 21:15:12,0.131136
2024-07-08 21:15:13,0.173968
2024-07-08 21:15:14,0.129688
2024-07-08 21:15:15,0.139144
2024-07-08 21:15:16,0.120016
2024-07-08 21:15:17,0.13992
2024-07-08 21:15:18,0.16316
2024-07-08 21:15:19,0.11996
2024-07-08 21:15:20,0.125624
2024-07-08 21:15:21,0.117696
2024-07-08 21:15:22,0.118992
2024-07-08 21:15:23,0.101016
2024-07-08 21:15:24,0.102296
2024-07-08 21:15:25,0.105008
2024-07-08 21:15:26,0.125352
2024-07-08 21:15:27,0.1206
2024-07-08 21:15:28,0.123224
2024-07-08 21:15:29,0.17464
2024-07-08 21:15:30,0.159816
2024-07-08 21:15:31,0.139056
2024-07-08 21:15:32,0.134872
2024-07-08 21:15:33,0.12956
2024-07-08 21:15:34,0.116824
2024-07-08 21:15:35,0.145368
2024-07-08 21:15:36,0.119192
2024-07-08 21:15:37,0.120536
2024-07-08 21:15:38,0.136752
2024-07-08 21:15:39,0.10596
2024-07-08 21:15:40,0.124624
2024-07-08 21:15:41,0.11468
2024-07-08 21:15:42,0.113056
2024-07-08 21:15:43,0.1164
2024-07-08 21:15:44,0.124712
2024-07-08 21:15:45,0.121992
2024-07-08 21:15:46,0.113048
2024-07-08 21:15:47,0.150808
2024-07-08 21:15:48,0.126696
2024-07-08 21:15:49,0.12832
2024-07-08 21:15:50,0.155736
2024-07-08 21:15:51,0.135608
2024-07-08 21:15:52,0.143112
2024-07-08 21:15:53,0.129448
2024-07-08 21:15:54,0.123496
2024-07-08 21:15:55,0.13808
2024-07-08 21:15:56,0.145856
2024-07-08 21:15:57,0.12392
2024-07-08 21:15:58,0.12204
2024-07-08 21:15:59,0.116528
2024-07-08 21:16:00,0.147184
2024-07-08 21:16:01,0.115408
2024-07-08 21:16:02,0.134664
2024-07-08 21:16:03,0.114784
2024-07-08 21:16:04,0.129992
2024-07-08 21:16:05,0.176144
2024-07-08 21:16:06,0.175784
2024-07-08 21:16:07,0.140896
2024-07-08 21:16:08,0.137352
2024-07-08 21:16:09,0.116312
2024-07-08 21:16:10,0.114792
2024-07-08 21:16:11,0.11224
2024-07-08 21:16:12,0.117136
2024-07-08 21:16:13,0.104672
2024-07-08 21:16:14,0.118224
2024-07-08 21:16:15,0.12192
2024-07-08 21:16:16,0.114056
2024-07-08 21:16:17,0.12348
2024-07-08 21:16:18,0.147312
2024-07-08 21:16:19,0.141928
2024-07-08 21:16:20,0.144624
2024-07-08 21:16:21,0.127344
2024-07-08 21:16:22,0.157472
2024-07-08 21:16:23,0.14072
2024-07-08 21:16:24,0.1276
2024-07-08 21:16:25,0.12528
2024-07-08 21:16:26,0.103048
2024-07-08 21:16:27,0.110336
2024-07-08 21:16:28,0.130608
2024-07-08 21:16:29,0.114848
2024-07-08 21:16:30,0.148328
2024-07-08 21:16:31,0.131112
2024-07-08 21:16:32,0.117888
2024-07-08 21:16:33,0.121296
2024-07-08 21:16:34,0.115848
2024-07-08 21:16:35,0.115872
2024-07-08 21:16:36,0.11408
2024-07-08 21:16:37,0.114536
2024-07-08 21:16:38,0.121456
2024-07-08 21:16:39,0.106944
2024-07-08 21:16:40,0.1248
2024-07-08 21:16:41,0.141432
2024-07-08 21:16:42,0.136632
2024-07-08 21:16:43,0.11684
2024-07-08 21:16:44,0.122016
2024-07-08 21:16:45,0.151152
2024-07-08 21:16:46,0.13608
2024-07-08 21:16:47,0.167024
2024-07-08 21:16:48,0.126224
2024-07-08 21:16:49,0.154568
2024-07-08 21:16:50,0.162056
2024-07-08 21:16:51,0.1214
2024-07-08 21:16:52,0.141176
2024-07-08 21:16:53,0.146976
2024-07-08 21:16:54,0.137296
2024-07-08 21:16:55,0.113656
2024-07-08 21:16:56,0.110056
2024-07-08 21:16:57,0.115848
2024-07-08 21:16:58,0.118432
2024-07-08 21:16:59,0.134976
2024-07-08 21:17:00,0.142504
2024-07-08 21:17:01,0.107888
2024-07-08 21:17:02,0.10872
2024-07-08 21:17:03,0.102656
2024-07-08 21:17:04,0.131976
2024-07-08 21:17:05,0.107272
2024-07-08 21:17:06,0.130176
2024-07-08 21:17:07,0.12812
2024-07-08 21:17:08,0.161
2024-07-08 21:17:09,0.122048
2024-07-08 21:17:10,0.153928
2024-07-08 21:17:11,0.166904
2024-07-08 21:17:12,0.173712
2024-07-08 21:17:13,0.15576
2024-07-08 21:17:14,0.154552
2024-07-08 21:17:15,0.12328
2024-07-08 21:17:16,0.126736
2024-07-08 21:17:17,0.138616
2024-07-08 21:17:18,0.131496
2024-07-08 21:17:19,0.150784
2024-07-08 21:17:20,0.141768
2024-07-08 21:17:21,0.183872
2024-07-08 21:17:22,0.125624
2024-07-08 21:17:23,0.133144
2024-07-08 21:17:24,0.105664
2024-07-08 21:17:25,0.102888
2024-07-08 21:17:26,0.118712
2024-07-08 21:17:27,0.124584
2024-07-08 21:17:28,0.115472
2024-07-08 21:17:29,0.124504
2024-07-08 21:17:30,0.110784
2024-07-08 21:17:31,0.123
2024-07-08 21:17:32,0.151664
2024-07-08 21:17:33,0.142376
2024-07-08 21:17:34,0.13416
2024-07-08 21:17:35,0.143936
2024-07-08 21:17:36,0.197344
2024-07-08 21:17:37,0.139888
2024-07-08 21:17:38,0.161408
2024-07-08 21:17:39,0.1618
2024-07-08 21:17:40,0.152208
2024-07-08 21:17:41,0.162872
2024-07-08 21:17:42,0.233736
2024-07-08 21:17:43,0.174584
2024-07-08 21:17:44,0.114744
2024-07-08 21:17:45,0.147
2024-07-08 21:17:46,0.122488
2024-07-08 21:17:47,0.12344
2024-07-08 21:17:48,0.086464
2024-07-08 21:17:49,0.08824
2024-07-08 21:17:50,0.0938
2024-07-08 21:17:51,0.100768
2024-07-08 21:17:52,0.11132
2024-07-08 21:17:53,0.12356
2024-07-08 21:17:54,0.109224
2024-07-08 21:17:55,0.117952
2024-07-08 21:17:56,0.106608
2024-07-08 21:17:57,0.110016
2024-07-08 21:17:58,0.108864
2024-07-08 21:17:59,0.135752
2024-07-08 21:18:00,0.175992
2024-07-08 21:18:01,0.125224
2024-07-08 21:18:02,0.123472
2024-07-08 21:18:03,0.172816
2024-07-08 21:18:04,0.123712
2024-07-08 21:18:05,0.123984
2024-07-08 21:18:06,0.13968
2024-07-08 21:18:07,0.123456
2024-07-08 21:18:08,0.121096
2024-07-08 21:18:09,0.121552
2024-07-08 21:18:10,0.151872
2024-07-08 21:18:11,0.114704
2024-07-08 21:18:12,0.117672
2024-07-08 21:18:13,0.127584
2024-07-08 21:18:14,0.109544
2024-07-08 21:18:15,0.134392
2024-07-08 21:18:16,0.09728
2024-07-08 21:18:17,0.110832
2024-07-08 21:18:18,0.118056
2024-07-08 21:18:19,0.115616
2024-07-08 21:18:20,0.126928
2024-07-08 21:18:21,0.139648
2024-07-08 21:18:22,0.157416
2024-07-08 21:18:23,0.158888
2024-07-08 21:18:24,0.137704
2024-07-08 21:18:25,0.127128
2024-07-08 21:18:26,0.148824
2024-07-08 21:18:27,0.147864
2024-07-08 21:18:28,0.112032
2024-07-08 21:18:29,0.138904
2024-07-08 21:18:30,0.128408
2024-07-08 21:18:31,0.160192
2024-07-08 21:18:32,0.154016
2024-07-08 21:18:33,0.21796
2024-07-08 21:18:34,0.133072
2024-07-08 21:18:35,0.157752
2024-07-08 21:18:36,0.117312
2024-07-08 21:18:37,0.130536
2024-07-08 21:18:38,0.129976
2024-07-08 21:18:39,0.170448
2024-07-08 21:18:40,0.16336
2024-07-08 21:18:41,0.144416
2024-07-08 21:18:42,0.161512
2024-07-08 21:18:43,0.147768
2024-07-08 21:18:44,0.144944
2024-07-08 21:18:45,0.146536
2024-07-08 21:18:46,0.178168
2024-07-08 21:18:47,0.157232
2024-07-08 21:18:48,0.143096
2024-07-08 21:18:49,0.1422
2024-07-08 21:18:50,0.136272
2024-07-08 21:18:51,0.132688
2024-07-08 21:18:52,0.163312
2024-07-08 21:18:53,0.12548
2024-07-08 21:18:54,0.110744
2024-07-08 21:18:55,0.114088
2024-07-08 21:18:56,0.094904
2024-07-08 21:18:57,0.095616
2024-07-08 21:18:58,0.140072
2024-07-08 21:18:59,0.114312
2024-07-08 21:19:00,0.151208
2024-07-08 21:19:01,0.113632
2024-07-08 21:19:02,0.135648
2024-07-08 21:19:03,0.162664
2024-07-08 21:19:04,0.128432
2024-07-08 21:19:05,0.138432
2024-07-08 21:19:06,0.106968
2024-07-08 21:19:07,0.113872
2024-07-08 21:19:08,0.104392
2024-07-08 21:19:09,0.117432
2024-07-08 21:19:10,0.108896
2024-07-08 21:19:11,0.10088
2024-07-08 21:19:12,0.088176
2024-07-08 21:19:13,0.09432
2024-07-08 21:19:14,0.099536
2024-07-08 21:19:15,0.090744
2024-07-08 21:19:16,0.088
2024-07-08 21:19:17,0.078456
2024-07-08 21:19:18,0.102544
2024-07-08 21:19:19,0.085496
2024-07-08 21:19:20,0.114928
2024-07-08 21:19:21,0.14812
2024-07-08 21:19:22,0.137784
2024-07-08 21:19:23,0.108536
2024-07-08 21:19:24,0.125808
2024-07-08 21:19:25,0.104688
2024-07-08 21:19:26,0.11168
2024-07-08 21:19:27,0.106328
2024-07-08 21:19:28,0.113592
2024-07-08 21:19:29,0.125232
2024-07-08 21:19:30,0.113672
2024-07-08 21:19:31,0.113736
2024-07-08 21:19:32,0.12868
2024-07-08 21:19:33,0.119016
2024-07-08 21:19:34,0.15696
2024-07-08 21:19:35,0.16144
2024-07-08 21:19:36,0.135584
2024-07-08 21:19:37,0.187304
2024-07-08 21:19:38,0.19016
2024-07-08 21:19:39,0.148128
2024-07-08 21:19:40,0.14256
2024-07-08 21:19:41,0.182256
2024-07-08 21:19:42,0.111632
2024-07-08 21:19:43,0.113464
2024-07-08 21:19:44,0.122384
2024-07-08 21:19:45,0.101216
2024-07-08 21:19:46,0.129304
2024-07-08 21:19:47,0.126272
2024-07-08 21:19:48,0.108624
2024-07-08 21:19:49,0.105496
2024-07-08 21:19:50,0.121232
2024-07-08 21:19:51,0.109528
2024-07-08 21:19:52,0.107352
2024-07-08 21:19:53,0.116728
2024-07-08 21:19:54,0.117712
2024-07-08 21:19:55,0.135952
2024-07-08 21:19:56,0.134144
2024-07-08 21:19:57,0.114736
2024-07-08 21:19:58,0.099848
2024-07-08 21:19:59,0.158968
2024-07-08 21:20:00,0.155304
2024-07-08 21:20:01,0.181208
2024-07-08 21:20:02,0.173
2024-07-08 21:20:03,0.178392
2024-07-08 21:20:04,0.221464
2024-07-08 21:20:05,0.202848
2024-07-08 21:20:06,0.159936
2024-07-08 21:20:07,0.15612
2024-07-08 21:20:08,0.170288
2024-07-08 21:20:09,0.185064
2024-07-08 21:20:10,0.18732
2024-07-08 21:20:11,0.133192
2024-07-08 21:20:12,0.1262
2024-07-08 21:20:13,0.122184
2024-07-08 21:20:14,0.116304
2024-07-08 21:20:15,0.123984
2024-07-08 21:20:16,0.156152
2024-07-08 21:20:17,0.121536
2024-07-08 21:20:18,0.165968
2024-07-08 21:20:19,0.131952
2024-07-08 21:20:20,0.132256
2024-07-08 21:20:21,0.118048
2024-07-08 21:20:22,0.128976
2024-07-08 21:20:23,0.112776
2024-07-08 21:20:24,0.115728
2024-07-08 21:20:25,0.119776
2024-07-08 21:20:26,0.111304
2024-07-08 21:20:27,0.13068
2024-07-08 21:20:28,0.108384
2024-07-08 21:20:29,0.101792
2024-07-08 21:20:30,0.110912
2024-07-08 21:20:31,0.099968
2024-07-08 21:20:32,0.088896
2024-07-08 21:20:33,0.115368
2024-07-08 21:20:34,0.117304
2024-07-08 21:20:35,0.137664
2024-07-08 21:20:36,0.125896
2024-07-08 21:20:37,0.139768
2024-07-08 21:20:38,0.112352
2024-07-08 21:20:39,0.101536
2024-07-08 21:20:40,0.108424
2024-07-08 21:20:41,0.10208
2024-07-08 21:20:42,0.089104
2024-07-08 21:20:43,0.107352
2024-07-08 21:20:44,0.12648
2024-07-08 21:20:45,0.084712
2024-07-08 21:20:46,0.069784
2024-07-08 21:20:47,0.064768
2024-07-08 21:20:48,0.107048
2024-07-08 21:20:49,0.11024
2024-07-08 21:20:50,0.11516
2024-07-08 21:20:51,0.124416
2024-07-08 21:20:52,0.149536
2024-07-08 21:20:53,0.11648
2024-07-08 21:20:54,0.095744
2024-07-08 21:20:55,0.108184
2024-07-08 21:20:56,0.129376
2024-07-08 21:20:57,0.130424
2024-07-08 21:20:58,0.162496
2024-07-08 21:20:59,0.12016
2024-07-08 21:21:00,0.147424
2024-07-08 21:21:01,0.126616
2024-07-08 21:21:02,0.153808
2024-07-08 21:21:03,0.14804
2024-07-08 21:21:04,0.149752
2024-07-08 21:21:05,0.113264
2024-07-08 21:21:06,0.131704
2024-07-08 21:21:07,0.131712
2024-07-08 21:21:08,0.131288
2024-07-08 21:21:09,0.140656
2024-07-08 21:21:10,0.131128
2024-07-08 21:21:11,0.15276
2024-07-08 21:21:12,0.130904
2024-07-08 21:21:13,0.206152
2024-07-08 21:21:14,0.180144
2024-07-08 21:21:15,0.17072
2024-07-08 21:21:16,0.163984
2024-07-08 21:21:17,0.146856
2024-07-08 21:21:18,0.11168
2024-07-08 21:21:19,0.120992
2024-07-08 21:21:20,0.122952
2024-07-08 21:21:21,0.114616
2024-07-08 21:21:22,0.120096
2024-07-08 21:21:23,0.123472
2024-07-08 21:21:24,0.131688
2024-07-08 21:21:25,0.145848
2024-07-08 21:21:26,0.153432
2024-07-08 21:21:27,0.125048
2024-07-08 21:21:28,0.140152
2024-07-08 21:21:29,0.190736
2024-07-08 21:21:30,0.161864
2024-07-08 21:21:31,0.144848
2024-07-08 21:21:32,0.126536
2024-07-08 21:21:33,0.12116
2024-07-08 21:21:34,0.145696
2024-07-08 21:21:35,0.16244
2024-07-08 21:21:36,0.16672
2024-07-08 21:21:37,0.1344
2024-07-08 21:21:38,0.145648
2024-07-08 21:21:39,0.150304
2024-07-08 21:21:40,0.125496
2024-07-08 21:21:41,0.121984
2024-07-08 21:21:42,0.136792
2024-07-08 21:21:43,0.1498
2024-07-08 21:21:44,0.148472
2024-07-08 21:21:45,0.150912
2024-07-08 21:21:46,0.195328
2024-07-08 21:21:47,0.203624
2024-07-08 21:21:48,0.181328
2024-07-08 21:21:49,0.190024
2024-07-08 21:21:50,0.139776
2024-07-08 21:21:51,0.12392
2024-07-08 21:21:52,0.116888
2024-07-08 21:21:53,0.119568
2024-07-08 21:21:54,0.110856
2024-07-08 21:21:55,0.101504
2024-07-08 21:21:56,0.093184
2024-07-08 21:21:57,0.103856
2024-07-08 21:21:58,0.104368
2024-07-08 21:21:59,0.105624
2024-07-08 21:22:00,0.155504
2024-07-08 21:22:01,0.164928
2024-07-08 21:22:02,0.120944
2024-07-08 21:22:03,0.151952
2024-07-08 21:22:04,0.118472
2024-07-08 21:22:05,0.198928
2024-07-08 21:22:06,0.144856
2024-07-08 21:22:07,0.127552
2024-07-08 21:22:08,0.158032
2024-07-08 21:22:09,0.118816
2024-07-08 21:22:10,0.136744
2024-07-08 21:22:11,0.16912
2024-07-08 21:22:12,0.154352
2024-07-08 21:22:13,0.170008
2024-07-08 21:22:14,0.158776
2024-07-08 21:22:15,0.1512
2024-07-08 21:22:16,0.100656
2024-07-08 21:22:17,0.12388
2024-07-08 21:22:18,0.118168
2024-07-08 21:22:19,0.057696
2024-07-08 21:22:20,0.265344
2024-07-08 21:22:21,0.13052
2024-07-08 21:22:22,0.140048
2024-07-08 21:22:23,0.13332
2024-07-08 21:22:24,0.128424
2024-07-08 21:22:25,0.123704
2024-07-08 21:22:26,0.143736
2024-07-08 21:22:27,0.103776
2024-07-08 21:22:28,0.100136
2024-07-08 21:22:29,0.104936
2024-07-08 21:22:30,0.109304
2024-07-08 21:22:31,0.119864
2024-07-08 21:22:32,0.11804
2024-07-08 21:22:33,0.134
2024-07-08 21:22:34,0.117112
2024-07-08 21:22:35,0.12144
2024-07-08 21:22:36,0.155784
2024-07-08 21:22:37,0.17516
2024-07-08 21:22:38,0.159632
2024-07-08 21:22:39,0.14148
2024-07-08 21:22:40,0.171456
2024-07-08 21:22:41,0.148336
2024-07-08 21:22:42,0.131792
2024-07-08 21:22:43,0.135608
2024-07-08 21:22:44,0.140864
2024-07-08 21:22:45,0.12096
2024-07-08 21:22:46,0.105256
2024-07-08 21:22:47,0.088432
2024-07-08 21:22:48,0.086832
2024-07-08 21:22:49,0.094456
2024-07-08 21:22:50,0.104576
2024-07-08 21:22:51,0.090104
2024-07-08 21:22:52,0.080656
2024-07-08 21:22:53,0.0758
2024-07-08 21:22:54,0.081232
2024-07-08 21:22:55,0.080368
2024-07-08 21:22:56,0.084072
2024-07-08 21:22:57,0.10268
2024-07-08 21:22:58,0.079632
2024-07-08 21:22:59,0.108024
2024-07-08 21:23:00,0.107552
2024-07-08 21:23:01,0.123112
2024-07-08 21:23:02,0.1074
2024-07-08 21:23:03,0.10556
2024-07-08 21:23:04,0.12104
2024-07-08 21:23:05,0.114736
2024-07-08 21:23:06,0.101
2024-07-08 21:23:07,0.114112
2024-07-08 21:23:08,0.11524
2024-07-08 21:23:09,0.11064
2024-07-08 21:23:10,0.137304
2024-07-08 21:23:11,0.132456
2024-07-08 21:23:12,0.158144
2024-07-08 21:23:13,0.1368
2024-07-08 21:23:14,0.11716
2024-07-08 21:23:15,0.111352
2024-07-08 21:23:16,0.130816
2024-07-08 21:23:17,0.116776
2024-07-08 21:23:18,0.122328
2024-07-08 21:23:19,0.109528
2024-07-08 21:23:20,0.138008
2024-07-08 21:23:21,0.11888
2024-07-08 21:23:22,0.14144
2024-07-08 21:23:23,0.157456
2024-07-08 21:23:24,0.176664
2024-07-08 21:23:25,0.138232
2024-07-08 21:23:26,0.20316
2024-07-08 21:23:27,0.144288
2024-07-08 21:23:28,0.176808
2024-07-08 21:23:29,0.133728
2024-07-08 21:23:30,0.169464
2024-07-08 21:23:31,0.155672
2024-07-08 21:23:32,0.181704
2024-07-08 21:23:33,0.184176
2024-07-08 21:23:34,0.210224
2024-07-08 21:23:35,0.13848
2024-07-08 21:23:36,0.183824
2024-07-08 21:23:37,0.14304
2024-07-08 21:23:38,0.17884
2024-07-08 21:23:39,0.155688
2024-07-08 21:23:40,0.186496
2024-07-08 21:23:41,0.151816
2024-07-08 21:23:42,0.164712
2024-07-08 21:23:43,0.152648
2024-07-08 21:23:44,0.155688
2024-07-08 21:23:45,0.133136
2024-07-08 21:23:46,0.152328
2024-07-08 21:23:47,0.142104
2024-07-08 21:23:48,0.178416
2024-07-08 21:23:49,0.155048
2024-07-08 21:23:50,0.138824
2024-07-08 21:23:51,0.147208
2024-07-08 21:23:52,0.149344
2024-07-08 21:23:53,0.105632
2024-07-08 21:23:54,0.12956
2024-07-08 21:23:55,0.094536
2024-07-08 21:23:56,0.12092
2024-07-08 21:23:57,0.152448
2024-07-08 21:23:58,0.140184
2024-07-08 21:23:59,0.16172
2024-07-08 21:24:00,0.196328
2024-07-08 21:24:01,0.18936
2024-07-08 21:24:02,0.183808
2024-07-08 21:24:03,0.208656
2024-07-08 21:24:04,0.192112
2024-07-08 21:24:05,0.159496
2024-07-08 21:24:06,0.1828
2024-07-08 21:24:07,0.160248
2024-07-08 21:24:08,0.110328
2024-07-08 21:24:09,0.118128
2024-07-08 21:24:10,0.131344
2024-07-08 21:24:11,0.116168
2024-07-08 21:24:12,0.108952
2024-07-08 21:24:13,0.151832
2024-07-08 21:24:14,0.17
2024-07-08 21:24:15,0.149072
2024-07-08 21:24:16,0.124264
2024-07-08 21:24:17,0.10204
2024-07-08 21:24:18,0.109832
2024-07-08 21:24:19,0.108056
2024-07-08 21:24:20,0.114784
2024-07-08 21:24:21,0.108336
2024-07-08 21:24:22,0.153024
2024-07-08 21:24:23,0.103776
2024-07-08 21:24:24,0.156304
2024-07-08 21:24:25,0.118784
2024-07-08 21:24:26,0.138752
2024-07-08 21:24:27,0.130224
2024-07-08 21:24:28,0.16484
2024-07-08 21:24:29,0.225
2024-07-08 21:24:30,0.264592
2024-07-08 21:24:31,0.23004
2024-07-08 21:24:32,0.258832
2024-07-08 21:24:33,0.231672
2024-07-08 21:24:34,0.248712
2024-07-08 21:24:35,0.21372
2024-07-08 21:24:36,0.18692
2024-07-08 21:24:37,0.154488
2024-07-08 21:24:38,0.152776
2024-07-08 21:24:39,0.12396
2024-07-08 21:24:40,0.13432
2024-07-08 21:24:41,0.137248
2024-07-08 21:24:42,0.157288
2024-07-08 21:24:43,0.195544
2024-07-08 21:24:44,0.189304
2024-07-08 21:24:45,0.162952
2024-07-08 21:24:46,0.167824
2024-07-08 21:24:47,0.132288
2024-07-08 21:24:48,0.110752
2024-07-08 21:24:49,0.113496
2024-07-08 21:24:50,0.117992
2024-07-08 21:24:51,0.143704
2024-07-08 21:24:52,0.100216
2024-07-08 21:24:53,0.115656
2024-07-08 21:24:54,0.118848
2024-07-08 21:24:55,0.114744
2024-07-08 21:24:56,0.121904
2024-07-08 21:24:57,0.139584
2024-07-08 21:24:58,0.168432
2024-07-08 21:24:59,0.12372
2024-07-08 21:25:00,0.16468
2024-07-08 21:25:01,0.151296
2024-07-08 21:25:02,0.163848
2024-07-08 21:25:03,0.108016
2024-07-08 21:25:04,0.131432
2024-07-08 21:25:05,0.13916
2024-07-08 21:25:06,0.1752
2024-07-08 21:25:07,0.145408
2024-07-08 21:25:08,0.180152
2024-07-08 21:25:09,0.142464
2024-07-08 21:25:10,0.147096
2024-07-08 21:25:11,0.131384
2024-07-08 21:25:12,0.127192
2024-07-08 21:25:13,0.20268
2024-07-08 21:25:14,0.162536
2024-07-08 21:25:15,0.170776
2024-07-08 21:25:16,0.192272
2024-07-08 21:25:17,0.153616
2024-07-08 21:25:18,0.161504
2024-07-08 21:25:19,0.155488
2024-07-08 21:25:20,0.142176
2024-07-08 21:25:21,0.176616
2024-07-08 21:25:22,0.140368
2024-07-08 21:25:23,0.175392
2024-07-08 21:25:24,0.111144
2024-07-08 21:25:25,0.123648
2024-07-08 21:25:26,0.118544
2024-07-08 21:25:27,0.151696
2024-07-08 21:25:28,0.152296
2024-07-08 21:25:29,0.1456
2024-07-08 21:25:30,0.153504
2024-07-08 21:25:31,0.147264
2024-07-08 21:25:32,0.181632
2024-07-08 21:25:33,0.18492
2024-07-08 21:25:34,0.156272
2024-07-08 21:25:35,0.106104
2024-07-08 21:25:36,0.129344
2024-07-08 21:25:37,0.168472
2024-07-08 21:25:38,0.180824
2024-07-08 21:25:39,0.153456
2024-07-08 21:25:40,0.17908
2024-07-08 21:25:41,0.1798
2024-07-08 21:25:42,0.127928
2024-07-08 21:25:43,0.127536
2024-07-08 21:25:44,0.114288
2024-07-08 21:25:45,0.1198
2024-07-08 21:25:46,0.10212
2024-07-08 21:25:47,0.128904
2024-07-08 21:25:48,0.102576
2024-07-08 21:25:49,0.10148
2024-07-08 21:25:50,0.100664
2024-07-08 21:25:51,0.100544
2024-07-08 21:25:52,0.091976
2024-07-08 21:25:53,0.134064
2024-07-08 21:25:54,0.108432
2024-07-08 21:25:55,0.135064
2024-07-08 21:25:56,0.172296
2024-07-08 21:25:57,0.141416
2024-07-08 21:25:58,0.149592
2024-07-08 21:25:59,0.137568
2024-07-08 21:26:00,0.153384
2024-07-08 21:26:01,0.18292
2024-07-08 21:26:02,0.210128
2024-07-08 21:26:03,0.13796
2024-07-08 21:26:04,0.143624
2024-07-08 21:26:05,0.137472
2024-07-08 21:26:06,0.16392
2024-07-08 21:26:07,0.173072
2024-07-08 21:26:08,0.125736
2024-07-08 21:26:09,0.135696
2024-07-08 21:26:10,0.17656
2024-07-08 21:26:11,0.138368
2024-07-08 21:26:12,0.203832
2024-07-08 21:26:13,0.123312
2024-07-08 21:26:14,0.146704
2024-07-08 21:26:15,0.118176
2024-07-08 21:26:16,0.143288
2024-07-08 21:26:17,0.153576
2024-07-08 21:26:18,0.142096
2024-07-08 21:26:19,0.126792
2024-07-08 21:26:20,0.143864
2024-07-08 21:26:21,0.153008
2024-07-08 21:26:22,0.09472
2024-07-08 21:26:23,0.092576
2024-07-08 21:26:24,0.094072
2024-07-08 21:26:25,0.100112
2024-07-08 21:26:26,0.116864
2024-07-08 21:26:27,0.114032
2024-07-08 21:26:28,0.147856
2024-07-08 21:26:29,0.185264
2024-07-08 21:26:30,0.197344
2024-07-08 21:26:31,0.175752
2024-07-08 21:26:32,0.162136
2024-07-08 21:26:33,0.129048
2024-07-08 21:26:34,0.14208
2024-07-08 21:26:35,0.153536
2024-07-08 21:26:36,0.151888
2024-07-08 21:26:37,0.184232
2024-07-08 21:26:38,0.19228
2024-07-08 21:26:39,0.195448
2024-07-08 21:26:40,0.168296
2024-07-08 21:26:41,0.16256
2024-07-08 21:26:42,0.185216
2024-07-08 21:26:43,0.157136
2024-07-08 21:26:44,0.188488
2024-07-08 21:26:45,0.145728
2024-07-08 21:26:46,0.152608
2024-07-08 21:26:47,0.126008
2024-07-08 21:26:48,0.1468
2024-07-08 21:26:49,0.109112
2024-07-08 21:26:50,0.119728
2024-07-08 21:26:51,0.102728
2024-07-08 21:26:52,0.135088
2024-07-08 21:26:53,0.1384
2024-07-08 21:26:54,0.124048
2024-07-08 21:26:55,0.138456
2024-07-08 21:26:56,0.156744
2024-07-08 21:26:57,0.187888
2024-07-08 21:26:58,0.197072
2024-07-08 21:26:59,0.164
2024-07-08 21:27:00,0.149584
2024-07-08 21:27:01,0.150864
2024-07-08 21:27:02,0.133632
2024-07-08 21:27:03,0.132384
2024-07-08 21:27:04,0.122336
2024-07-08 21:27:05,0.099512
2024-07-08 21:27:06,0.144768
2024-07-08 21:27:07,0.156776
2024-07-08 21:27:08,0.154208
2024-07-08 21:27:09,0.194608
2024-07-08 21:27:10,0.169864
2024-07-08 21:27:11,0.13012
2024-07-08 21:27:12,0.141576
2024-07-08 21:27:13,0.08684
2024-07-08 21:27:14,0.10244
2024-07-08 21:27:15,0.098048
2024-07-08 21:27:16,0.093576
2024-07-08 21:27:17,0.092632
2024-07-08 21:27:18,0.084208
2024-07-08 21:27:19,0.089496
2024-07-08 21:27:20,0.090656
2024-07-08 21:27:21,0.093272
2024-07-08 21:27:22,0.111888
2024-07-08 21:27:23,0.093264
2024-07-08 21:27:24,0.09196
2024-07-08 21:27:25,0.108472
2024-07-08 21:27:26,0.121312
2024-07-08 21:27:27,0.114152
2024-07-08 21:27:28,0.122056
2024-07-08 21:27:29,0.136944
2024-07-08 21:27:30,0.097568
2024-07-08 21:27:31,0.141568
2024-07-08 21:27:32,0.116192
2024-07-08 21:27:33,0.123112
2024-07-08 21:27:34,0.13432
2024-07-08 21:27:35,0.13092
2024-07-08 21:27:36,0.130496
2024-07-08 21:27:37,0.14472
2024-07-08 21:27:38,0.12744
2024-07-08 21:27:39,0.123688
2024-07-08 21:27:40,0.215368
2024-07-08 21:27:41,0.145656
2024-07-08 21:27:42,0.130192
2024-07-08 21:27:43,0.113248
2024-07-08 21:27:44,0.10212
2024-07-08 21:27:45,0.142184
2024-07-08 21:27:46,0.12776
2024-07-08 21:27:47,0.181568
2024-07-08 21:27:48,0.12052
2024-07-08 21:27:49,0.117752
2024-07-08 21:27:50,0.124776
2024-07-08 21:27:51,0.1174
2024-07-08 21:27:52,0.131208
2024-07-08 21:27:53,0.110424
2024-07-08 21:27:54,0.123432
2024-07-08 21:27:55,0.103264
2024-07-08 21:27:56,0.099256
2024-07-08 21:27:57,0.118056
2024-07-08 21:27:58,0.16784
2024-07-08 21:27:59,0.104848
2024-07-08 21:28:00,0.153584
2024-07-08 21:28:01,0.179344
2024-07-08 21:28:02,0.15756
2024-07-08 21:28:03,0.137072
2024-07-08 21:28:04,0.176216
2024-07-08 21:28:05,0.161528
2024-07-08 21:28:06,0.160296
2024-07-08 21:28:07,0.173032
2024-07-08 21:28:08,0.180272
2024-07-08 21:28:09,0.175408
2024-07-08 21:28:10,0.176584
2024-07-08 21:28:11,0.149872
2024-07-08 21:28:12,0.15436
2024-07-08 21:28:13,0.163088
2024-07-08 21:28:14,0.180856
2024-07-08 21:28:15,0.131744
2024-07-08 21:28:16,0.122224
2024-07-08 21:28:17,0.140888
2024-07-08 21:28:18,0.133824
2024-07-08 21:28:19,0.117536
2024-07-08 21:28:20,0.189024
2024-07-08 21:28:21,0.092888
2024-07-08 21:28:22,0.189208
2024-07-08 21:28:23,0.16212
2024-07-08 21:28:24,0.141408
2024-07-08 21:28:25,0.136432
2024-07-08 21:28:26,0.166912
2024-07-08 21:28:27,0.160744
2024-07-08 21:28:28,0.17828
2024-07-08 21:28:29,0.189424
2024-07-08 21:28:30,0.18108
2024-07-08 21:28:31,0.163168
2024-07-08 21:28:32,0.152608
2024-07-08 21:28:33,0.174848
2024-07-08 21:28:34,0.1928
2024-07-08 21:28:35,0.251728
2024-07-08 21:28:36,0.196784
2024-07-08 21:28:37,0.208776
2024-07-08 21:28:38,0.161536
2024-07-08 21:28:39,0.175344
2024-07-08 21:28:40,0.117432
2024-07-08 21:28:41,0.11752
2024-07-08 21:28:42,0.107888
2024-07-08 21:28:43,0.150896
2024-07-08 21:28:44,0.154824
2024-07-08 21:28:45,0.134936
2024-07-08 21:28:46,0.125472
2024-07-08 21:28:47,0.1244
2024-07-08 21:28:48,0.121432
2024-07-08 21:28:49,0.094704
2024-07-08 21:28:50,0.100408
2024-07-08 21:28:51,0.105056
2024-07-08 21:28:52,0.092352
2024-07-08 21:28:53,0.107208
2024-07-08 21:28:54,0.130632
2024-07-08 21:28:55,0.12792
2024-07-08 21:28:56,0.115776
2024-07-08 21:28:57,0.125952
2024-07-08 21:28:58,0.101128
2024-07-08 21:28:59,0.104184
2024-07-08 21:29:00,0.100848
2024-07-08 21:29:01,0.11896
2024-07-08 21:29:02,0.105408
2024-07-08 21:29:03,0.091688
2024-07-08 21:29:04,0.098432
2024-07-08 21:29:05,0.096184
2024-07-08 21:29:06,0.109056
2024-07-08 21:29:07,0.105112
2024-07-08 21:29:08,0.146016
2024-07-08 21:29:09,0.116608
2024-07-08 21:29:10,0.104824
2024-07-08 21:29:11,0.099248
2024-07-08 21:29:12,0.093168
2024-07-08 21:29:13,0.084968
2024-07-08 21:29:14,0.100304
2024-07-08 21:29:15,0.1274
2024-07-08 21:29:16,0.099136
2024-07-08 21:29:17,0.133768
2024-07-08 21:29:18,0.10512
2024-07-08 21:29:19,0.131456
2024-07-08 21:29:20,0.126232
2024-07-08 21:29:21,0.111224
2024-07-08 21:29:22,0.10152
2024-07-08 21:29:23,0.131416
2024-07-08 21:29:24,0.122296
2024-07-08 21:29:25,0.1608
2024-07-08 21:29:26,0.200896
2024-07-08 21:29:27,0.170872
2024-07-08 21:29:28,0.159616
2024-07-08 21:29:29,0.15744
2024-07-08 21:29:30,0.127704
2024-07-08 21:29:31,0.151728
2024-07-08 21:29:32,0.13624
2024-07-08 21:29:33,0.114896
2024-07-08 21:29:34,0.143736
2024-07-08 21:29:35,0.158792
2024-07-08 21:29:36,0.153216
2024-07-08 21:29:37,0.22452
2024-07-08 21:29:38,0.180184
2024-07-08 21:29:39,0.145752
2024-07-08 21:29:40,0.138936
2024-07-08 21:29:41,0.186632
2024-07-08 21:29:42,0.173256
2024-07-08 21:29:43,0.10996
2024-07-08 21:29:44,0.091016
2024-07-08 21:29:45,0.095608
2024-07-08 21:29:46,0.097088
2024-07-08 21:29:47,0.087888
2024-07-08 21:29:48,0.080152
2024-07-08 21:29:49,0.092256
2024-07-08 21:29:50,0.097808
2024-07-08 21:29:51,0.12136
2024-07-08 21:29:52,0.125912
2024-07-08 21:29:53,0.131992
2024-07-08 21:29:54,0.176176
2024-07-08 21:29:55,0.133112
2024-07-08 21:29:56,0.12764
2024-07-08 21:29:57,0.151184
2024-07-08 21:29:58,0.114776
2024-07-08 21:29:59,0.122832
2024-07-08 21:30:00,0.15148
2024-07-08 21:30:01,0.096704
2024-07-08 21:30:02,0.117384
2024-07-08 21:30:03,0.097672
2024-07-08 21:30:04,0.113048
2024-07-08 21:30:05,0.215952
2024-07-08 21:30:06,0.15084
2024-07-08 21:30:07,0.156528
2024-07-08 21:30:08,0.172176
2024-07-08 21:30:09,0.166664
2024-07-08 21:30:10,0.115736
2024-07-08 21:30:11,0.112296
2024-07-08 21:30:12,0.11376
2024-07-08 21:30:13,0.115528
2024-07-08 21:30:14,0.130216
2024-07-08 21:30:15,0.162872
2024-07-08 21:30:16,0.165952
2024-07-08 21:30:17,0.18556
2024-07-08 21:30:18,0.226696
2024-07-08 21:30:19,0.13768
2024-07-08 21:30:20,0.119672
2024-07-08 21:30:21,0.141608
2024-07-08 21:30:22,0.1178
2024-07-08 21:30:23,0.148048
2024-07-08 21:30:24,0.120416
2024-07-08 21:30:25,0.120584
2024-07-08 21:30:26,0.141248
2024-07-08 21:30:27,0.116304
2024-07-08 21:30:28,0.143944
2024-07-08 21:30:29,0.153128
2024-07-08 21:30:30,0.132256
2024-07-08 21:30:31,0.143616
2024-07-08 21:30:32,0.15428
2024-07-08 21:30:33,0.171536
2024-07-08 21:30:34,0.121672
2024-07-08 21:30:35,0.11856
2024-07-08 21:30:36,0.115368
2024-07-08 21:30:37,0.102704
2024-07-08 21:30:38,0.133768
2024-07-08 21:30:39,0.105632
2024-07-08 21:30:40,0.093648
2024-07-08 21:30:41,0.11776
2024-07-08 21:30:42,0.110744
2024-07-08 21:30:43,0.100952
2024-07-08 21:30:44,0.159664
2024-07-08 21:30:45,0.177952
2024-07-08 21:30:46,0.225536
2024-07-08 21:30:47,0.141648
2024-07-08 21:30:48,0.15924
2024-07-08 21:30:49,0.14788
2024-07-08 21:30:50,0.132832
2024-07-08 21:30:51,0.102424
2024-07-08 21:30:52,0.121592
2024-07-08 21:30:53,0.137776
2024-07-08 21:30:54,0.144368
2024-07-08 21:30:55,0.124424
2024-07-08 21:30:56,0.138464
2024-07-08 21:30:57,0.135032
2024-07-08 21:30:58,0.113952
2024-07-08 21:30:59,0.167048
2024-07-08 21:31:00,0.156992
2024-07-08 21:31:01,0.180488
2024-07-08 21:31:02,0.168232
2024-07-08 21:31:03,0.112984
2024-07-08 21:31:04,0.119816
2024-07-08 21:31:05,0.158464
2024-07-08 21:31:06,0.117696
2024-07-08 21:31:07,0.119168
2024-07-08 21:31:08,0.13864
2024-07-08 21:31:09,0.1388
2024-07-08 21:31:10,0.16184
2024-07-08 21:31:11,0.178376
2024-07-08 21:31:12,0.154832
2024-07-08 21:31:13,0.106056
2024-07-08 21:31:14,0.123464
2024-07-08 21:31:15,0.127984
2024-07-08 21:31:16,0.149776
2024-07-08 21:31:17,0.115528
2024-07-08 21:31:18,0.122888
2024-07-08 21:31:19,0.135208
2024-07-08 21:31:20,0.127328
2024-07-08 21:31:21,0.148904
2024-07-08 21:31:22,0.149672
2024-07-08 21:31:23,0.17136
2024-07-08 21:31:24,0.136536
2024-07-08 21:31:25,0.130904
2024-07-08 21:31:26,0.129696
2024-07-08 21:31:27,0.144968
2024-07-08 21:31:28,0.169008
2024-07-08 21:31:29,0.213504
2024-07-08 21:31:30,0.165936
2024-07-08 21:31:31,0.149888
2024-07-08 21:31:32,0.149528
2024-07-08 21:31:33,0.153112
2024-07-08 21:31:34,0.16476
2024-07-08 21:31:35,0.201664
2024-07-08 21:31:36,0.188032
2024-07-08 21:31:37,0.237792
2024-07-08 21:31:38,0.209896
2024-07-08 21:31:39,0.222208
2024-07-08 21:31:40,0.197344
2024-07-08 21:31:41,0.170896
2024-07-08 21:31:42,0.159216
2024-07-08 21:31:43,0.132864
2024-07-08 21:31:44,0.133912
2024-07-08 21:31:45,0.126416
2024-07-08 21:31:46,0.143864
2024-07-08 21:31:47,0.18992
2024-07-08 21:31:48,0.151464
2024-07-08 21:31:49,0.140232
2024-07-08 21:31:50,0.1296
2024-07-08 21:31:51,0.126464
2024-07-08 21:31:52,0.11312
2024-07-08 21:31:53,0.109648
2024-07-08 21:31:54,0.119312
2024-07-08 21:31:55,0.103992
2024-07-08 21:31:56,0.087536
2024-07-08 21:31:57,0.100392
2024-07-08 21:31:58,0.091576
2024-07-08 21:31:59,0.097144
2024-07-08 21:32:00,0.119328
2024-07-08 21:32:01,0.138
2024-07-08 21:32:02,0.134096
2024-07-08 21:32:03,0.123128
2024-07-08 21:32:04,0.15876
2024-07-08 21:32:05,0.14524
2024-07-08 21:32:06,0.15592
2024-07-08 21:32:07,0.151128
2024-07-08 21:32:08,0.168616
2024-07-08 21:32:09,0.10232
2024-07-08 21:32:10,0.110536
2024-07-08 21:32:11,0.105176
2024-07-08 21:32:12,0.131072
2024-07-08 21:32:13,0.10456
2024-07-08 21:32:14,0.091952
2024-07-08 21:32:15,0.103304
2024-07-08 21:32:16,0.114152
2024-07-08 21:32:17,0.115168
2024-07-08 21:32:18,0.080984
2024-07-08 21:32:19,0.095536
2024-07-08 21:32:20,0.067112
2024-07-08 21:32:21,0.065336
2024-07-08 21:32:22,0.074024
2024-07-08 21:32:23,0.064968
2024-07-08 21:32:24,0.081624
2024-07-08 21:32:25,0.095352
2024-07-08 21:32:26,0.104816
2024-07-08 21:32:27,0.097336
2024-07-08 21:32:28,0.080584
2024-07-08 21:32:29,0.098024
2024-07-08 21:32:30,0.0956
2024-07-08 21:32:31,0.09484
2024-07-08 21:32:32,0.11232
2024-07-08 21:32:33,0.101336
2024-07-08 21:32:34,0.087928
2024-07-08 21:32:35,0.101584
2024-07-08 21:32:36,0.113904
2024-07-08 21:32:37,0.10748
2024-07-08 21:32:38,0.11848
2024-07-08 21:32:39,0.118976
2024-07-08 21:32:40,0.101768
2024-07-08 21:32:41,0.091384
2024-07-08 21:32:42,0.101496
2024-07-08 21:32:43,0.118016
2024-07-08 21:32:44,0.115832
2024-07-08 21:32:45,0.12916
2024-07-08 21:32:46,0.12428
2024-07-08 21:32:47,0.146296
2024-07-08 21:32:48,0.169568
2024-07-08 21:32:49,0.144904
2024-07-08 21:32:50,0.15044
2024-07-08 21:32:51,0.127464
2024-07-08 21:32:52,0.115568
2024-07-08 21:32:53,0.146864
2024-07-08 21:32:54,0.141904
2024-07-08 21:32:55,0.145368
2024-07-08 21:32:56,0.133184
2024-07-08 21:32:57,0.159032
2024-07-08 21:32:58,0.12256
2024-07-08 21:32:59,0.107352
2024-07-08 21:33:00,0.143576
2024-07-08 21:33:01,0.185936
2024-07-08 21:33:02,0.190552
2024-07-08 21:33:03,0.188568
2024-07-08 21:33:04,0.162384
2024-07-08 21:33:05,0.168784
2024-07-08 21:33:06,0.178448
2024-07-08 21:33:07,0.226512
2024-07-08 21:33:08,0.152352
2024-07-08 21:33:09,0.161888
2024-07-08 21:33:10,0.121
2024-07-08 21:33:11,0.149416
2024-07-08 21:33:12,0.135728
2024-07-08 21:33:13,0.123136
2024-07-08 21:33:14,0.103328
2024-07-08 21:33:15,0.10172
2024-07-08 21:33:16,0.096656
2024-07-08 21:33:17,0.12396
2024-07-08 21:33:18,0.140336
2024-07-08 21:33:19,0.106872
2024-07-08 21:33:20,0.117928
2024-07-08 21:33:21,0.130656
2024-07-08 21:33:22,0.14304
2024-07-08 21:33:23,0.118856
2024-07-08 21:33:24,0.136984
2024-07-08 21:33:25,0.14588
2024-07-08 21:33:26,0.200928
2024-07-08 21:33:27,0.16204
2024-07-08 21:33:28,0.117392
2024-07-08 21:33:29,0.144352
2024-07-08 21:33:30,0.148592
2024-07-08 21:33:31,0.129616
2024-07-08 21:33:32,0.14144
2024-07-08 21:33:33,0.141208
2024-07-08 21:33:34,0.140048
2024-07-08 21:33:35,0.138904
2024-07-08 21:33:36,0.144552
2024-07-08 21:33:37,0.154992
2024-07-08 21:33:38,0.137136
2024-07-08 21:33:39,0.156872
2024-07-08 21:33:40,0.13136
2024-07-08 21:33:41,0.10424
2024-07-08 21:33:42,0.123312
2024-07-08 21:33:43,0.152
2024-07-08 21:33:44,0.12108
2024-07-08 21:33:45,0.102368
2024-07-08 21:33:46,0.10492
2024-07-08 21:33:47,0.116352
2024-07-08 21:33:48,0.135408
2024-07-08 21:33:49,0.130984
2024-07-08 21:33:50,0.124064
2024-07-08 21:33:51,0.146992
2024-07-08 21:33:52,0.176976
2024-07-08 21:33:53,0.144784
2024-07-08 21:33:54,0.195912
2024-07-08 21:33:55,0.168912
2024-07-08 21:33:56,0.13636
2024-07-08 21:33:57,0.11596
2024-07-08 21:33:58,0.123424
2024-07-08 21:33:59,0.122992
2024-07-08 21:34:00,0.144072
2024-07-08 21:34:01,0.191952
2024-07-08 21:34:02,0.189856
2024-07-08 21:34:03,0.157352
2024-07-08 21:34:04,0.141064
2024-07-08 21:34:05,0.153616
2024-07-08 21:34:06,0.12272
2024-07-08 21:34:07,0.114968
2024-07-08 21:34:08,0.114096
2024-07-08 21:34:09,0.117184
2024-07-08 21:34:10,0.101168
2024-07-08 21:34:11,0.119784
2024-07-08 21:34:12,0.091264
2024-07-08 21:34:13,0.115104
2024-07-08 21:34:14,0.12328
2024-07-08 21:34:15,0.129688
2024-07-08 21:34:16,0.122008
2024-07-08 21:34:17,0.123336
2024-07-08 21:34:18,0.113376
2024-07-08 21:34:19,0.160224
2024-07-08 21:34:20,0.13444
2024-07-08 21:34:21,0.132144
2024-07-08 21:34:22,0.176128
2024-07-08 21:34:23,0.11168
2024-07-08 21:34:24,0.109624
2024-07-08 21:34:25,0.11668
2024-07-08 21:34:26,0.124664
2024-07-08 21:34:27,0.162168
2024-07-08 21:34:28,0.184768
2024-07-08 21:34:29,0.233176
2024-07-08 21:34:30,0.167344
2024-07-08 21:34:31,0.187768
2024-07-08 21:34:32,0.18208
2024-07-08 21:34:33,0.151232
2024-07-08 21:34:34,0.219288
2024-07-08 21:34:35,0.202648
2024-07-08 21:34:36,0.164808
2024-07-08 21:34:37,0.148752
2024-07-08 21:34:38,0.129056
2024-07-08 21:34:39,0.11896
2024-07-08 21:34:40,0.124296
2024-07-08 21:34:41,0.156648
2024-07-08 21:34:42,0.132376
2024-07-08 21:34:43,0.13032
2024-07-08 21:34:44,0.128032
2024-07-08 21:34:45,0.112584
2024-07-08 21:34:46,0.10232
2024-07-08 21:34:47,0.155272
2024-07-08 21:34:48,0.13824
2024-07-08 21:34:49,0.111072
2024-07-08 21:34:50,0.104672
2024-07-08 21:34:51,0.098304
2024-07-08 21:34:52,0.0976
2024-07-08 21:34:53,0.098968
2024-07-08 21:34:54,0.099088
2024-07-08 21:34:55,0.100144
2024-07-08 21:34:56,0.100624
2024-07-08 21:34:57,0.098888
2024-07-08 21:34:58,0.091872
2024-07-08 21:34:59,0.080952
2024-07-08 21:35:00,0.098208
2024-07-08 21:35:01,0.162
2024-07-08 21:35:02,0.135064
2024-07-08 21:35:03,0.146184
2024-07-08 21:35:04,0.10256
2024-07-08 21:35:05,0.101736
2024-07-08 21:35:06,0.12344
2024-07-08 21:35:07,0.13596
2024-07-08 21:35:08,0.179824
2024-07-08 21:35:09,0.180608
2024-07-08 21:35:10,0.15
2024-07-08 21:35:11,0.133688
2024-07-08 21:35:12,0.129832
2024-07-08 21:35:13,0.108864
2024-07-08 21:35:14,0.103944
2024-07-08 21:35:15,0.11648
2024-07-08 21:35:16,0.145504
2024-07-08 21:35:17,0.126784
2024-07-08 21:35:18,0.15312
2024-07-08 21:35:19,0.1634
2024-07-08 21:35:20,0.106048
2024-07-08 21:35:21,0.122088
2024-07-08 21:35:22,0.141336
2024-07-08 21:35:23,0.095632
2024-07-08 21:35:24,0.092656
2024-07-08 21:35:25,0.083672
2024-07-08 21:35:26,0.089936
2024-07-08 21:35:27,0.071712
2024-07-08 21:35:28,0.101872
2024-07-08 21:35:29,0.09632
2024-07-08 21:35:30,0.104192
2024-07-08 21:35:31,0.114096
2024-07-08 21:35:32,0.144184
2024-07-08 21:35:33,0.16564
2024-07-08 21:35:34,0.140664
2024-07-08 21:35:35,0.217024
2024-07-08 21:35:36,0.15996
2024-07-08 21:35:37,0.14908
2024-07-08 21:35:38,0.17168
2024-07-08 21:35:39,0.103896
2024-07-08 21:35:40,0.096584
2024-07-08 21:35:41,0.094816
2024-07-08 21:35:42,0.115048
2024-07-08 21:35:43,0.10472
2024-07-08 21:35:44,0.096744
2024-07-08 21:35:45,0.099264
2024-07-08 21:35:46,0.109336
2024-07-08 21:35:47,0.116744
2024-07-08 21:35:48,0.101752
2024-07-08 21:35:49,0.0944
2024-07-08 21:35:50,0.15968
2024-07-08 21:35:51,0.157664
2024-07-08 21:35:52,0.12344
2024-07-08 21:35:53,0.205544
2024-07-08 21:35:54,0.182096
2024-07-08 21:35:55,0.186496
2024-07-08 21:35:56,0.177272
2024-07-08 21:35:57,0.20824
2024-07-08 21:35:58,0.1746
2024-07-08 21:35:59,0.157344
2024-07-08 21:36:00,0.174624
2024-07-08 21:36:01,0.227112
2024-07-08 21:36:02,0.204584
2024-07-08 21:36:03,0.155544
2024-07-08 21:36:04,0.12988
2024-07-08 21:36:05,0.092584
2024-07-08 21:36:06,0.119016
2024-07-08 21:36:07,0.115576
2024-07-08 21:36:08,0.07644
2024-07-08 21:36:09,0.075848
2024-07-08 21:36:10,0.077584
2024-07-08 21:36:11,0.092088
2024-07-08 21:36:12,0.081752
2024-07-08 21:36:13,0.119712
2024-07-08 21:36:14,0.146704
2024-07-08 21:36:15,0.147976
2024-07-08 21:36:16,0.13364
2024-07-08 21:36:17,0.168056
2024-07-08 21:36:18,0.178496
2024-07-08 21:36:19,0.12404
2024-07-08 21:36:20,0.172312
2024-07-08 21:36:21,0.142512
2024-07-08 21:36:22,0.177248
2024-07-08 21:36:23,0.182064
2024-07-08 21:36:24,0.163632
2024-07-08 21:36:25,0.151368
2024-07-08 21:36:26,0.167024
2024-07-08 21:36:27,0.185824
2024-07-08 21:36:28,0.16012
2024-07-08 21:36:29,0.195848
2024-07-08 21:36:30,0.135768
2024-07-08 21:36:31,0.205648
2024-07-08 21:36:32,0.239672
2024-07-08 21:36:33,0.17896
2024-07-08 21:36:34,0.178856
2024-07-08 21:36:35,0.176816
2024-07-08 21:36:36,0.19984
2024-07-08 21:36:37,0.198896
2024-07-08 21:36:38,0.148432
2024-07-08 21:36:39,0.118432
2024-07-08 21:36:40,0.12516
2024-07-08 21:36:41,0.133672
2024-07-08 21:36:42,0.12268
2024-07-08 21:36:43,0.122432
2024-07-08 21:36:44,0.127688
2024-07-08 21:36:45,0.14632
2024-07-08 21:36:46,0.138256
2024-07-08 21:36:47,0.139904
2024-07-08 21:36:48,0.2044
2024-07-08 21:36:49,0.166672
2024-07-08 21:36:50,0.14976
2024-07-08 21:36:51,0.190328
2024-07-08 21:36:52,0.187032
2024-07-08 21:36:53,0.17124
2024-07-08 21:36:54,0.154992
2024-07-08 21:36:55,0.177824
2024-07-08 21:36:56,0.143872
2024-07-08 21:36:57,0.1598
2024-07-08 21:36:58,0.166216
2024-07-08 21:36:59,0.135824
2024-07-08 21:37:00,0.124048
2024-07-08 21:37:01,0.146496
2024-07-08 21:37:02,0.1116
2024-07-08 21:37:03,0.094832
2024-07-08 21:37:04,0.10916
2024-07-08 21:37:05,0.115096
2024-07-08 21:37:06,0.111912
2024-07-08 21:37:07,0.113992
2024-07-08 21:37:08,0.124664
2024-07-08 21:37:09,0.116512
2024-07-08 21:37:10,0.159968
2024-07-08 21:37:11,0.13696
2024-07-08 21:37:12,0.150032
2024-07-08 21:37:13,0.156
2024-07-08 21:37:14,0.15272
2024-07-08 21:37:15,0.172608
2024-07-08 21:37:16,0.182208
2024-07-08 21:37:17,0.167024
2024-07-08 21:37:18,0.137848
2024-07-08 21:37:19,0.13544
2024-07-08 21:37:20,0.139984
2024-07-08 21:37:21,0.138224
2024-07-08 21:37:22,0.170208
2024-07-08 21:37:23,0.173416
2024-07-08 21:37:24,0.150856
2024-07-08 21:37:25,0.127288
2024-07-08 21:37:26,0.115664
2024-07-08 21:37:27,0.100568
2024-07-08 21:37:28,0.109616
2024-07-08 21:37:29,0.106872
2024-07-08 21:37:30,0.11612
2024-07-08 21:37:31,0.110416
2024-07-08 21:37:32,0.103296
2024-07-08 21:37:33,0.103248
2024-07-08 21:37:34,0.084544
2024-07-08 21:37:35,0.09436
2024-07-08 21:37:36,0.114504
2024-07-08 21:37:37,0.212368
2024-07-08 21:37:38,0.128392
2024-07-08 21:37:39,0.11064
2024-07-08 21:37:40,0.119768
2024-07-08 21:37:41,0.124616
2024-07-08 21:37:42,0.117488
2024-07-08 21:37:43,0.120528
2024-07-08 21:37:44,0.103336
2024-07-08 21:37:45,0.112744
2024-07-08 21:37:46,0.135656
2024-07-08 21:37:47,0.124536
2024-07-08 21:37:48,0.106472
2024-07-08 21:37:49,0.091408
2024-07-08 21:37:50,0.093976
2024-07-08 21:37:51,0.083776
2024-07-08 21:37:52,0.097752
2024-07-08 21:37:53,0.083792
2024-07-08 21:37:54,0.093208
2024-07-08 21:37:55,0.073728
2024-07-08 21:37:56,0.108584
2024-07-08 21:37:57,0.105176
2024-07-08 21:37:58,0.116456
2024-07-08 21:37:59,0.102528
2024-07-08 21:38:00,0.099032
2024-07-08 21:38:01,0.135576
2024-07-08 21:38:02,0.135944
2024-07-08 21:38:03,0.15636
2024-07-08 21:38:04,0.126328
2024-07-08 21:38:05,0.119656
2024-07-08 21:38:06,0.186784
2024-07-08 21:38:07,0.163552
2024-07-08 21:38:08,0.19512
2024-07-08 21:38:09,0.134392
2024-07-08 21:38:10,0.144624
2024-07-08 21:38:11,0.130376
2024-07-08 21:38:12,0.105752
2024-07-08 21:38:13,0.112976
2024-07-08 21:38:14,0.115096
2024-07-08 21:38:15,0.120912
2024-07-08 21:38:16,0.10648
2024-07-08 21:38:17,0.126088
2024-07-08 21:38:18,0.120184
2024-07-08 21:38:19,0.091752
2024-07-08 21:38:20,0.115144
2024-07-08 21:38:21,0.095544
2024-07-08 21:38:22,0.10804
2024-07-08 21:38:23,0.077776
2024-07-08 21:38:24,0.09944
2024-07-08 21:38:25,0.080952
2024-07-08 21:38:26,0.09696
2024-07-08 21:38:27,0.126616
2024-07-08 21:38:28,0.126952
2024-07-08 21:38:29,0.137504
2024-07-08 21:38:30,0.142224
2024-07-08 21:38:31,0.162248
2024-07-08 21:38:32,0.163568
2024-07-08 21:38:33,0.152488
2024-07-08 21:38:34,0.126416
2024-07-08 21:38:35,0.182136
2024-07-08 21:38:36,0.141152
2024-07-08 21:38:37,0.126792
2024-07-08 21:38:38,0.0934
2024-07-08 21:38:39,0.106088
2024-07-08 21:38:40,0.12424
2024-07-08 21:38:41,0.089488
2024-07-08 21:38:42,0.093744
2024-07-08 21:38:43,0.100384
2024-07-08 21:38:44,0.123328
2024-07-08 21:38:45,0.138016
2024-07-08 21:38:46,0.122752
2024-07-08 21:38:47,0.132208
2024-07-08 21:38:48,0.125176
2024-07-08 21:38:49,0.133136
2024-07-08 21:38:50,0.145424
2024-07-08 21:38:51,0.152968
2024-07-08 21:38:52,0.136096
2024-07-08 21:38:53,0.206488
2024-07-08 21:38:54,0.222448
2024-07-08 21:38:55,0.307688
2024-07-08 21:38:56,0.228056
2024-07-08 21:38:57,0.205792
2024-07-08 21:38:58,0.180344
2024-07-08 21:38:59,0.146704
2024-07-08 21:39:00,0.118352
2024-07-08 21:39:01,0.17296
2024-07-08 21:39:02,0.147768
2024-07-08 21:39:03,0.150784
2024-07-08 21:39:04,0.127304
2024-07-08 21:39:05,0.15744
2024-07-08 21:39:06,0.173912
2024-07-08 21:39:07,0.199728
2024-07-08 21:39:08,0.246376
2024-07-08 21:39:09,0.182992
2024-07-08 21:39:10,0.19624
2024-07-08 21:39:11,0.158792
2024-07-08 21:39:12,0.210432
2024-07-08 21:39:13,0.193776
2024-07-08 21:39:14,0.197824
2024-07-08 21:39:15,0.146376
2024-07-08 21:39:16,0.155792
2024-07-08 21:39:17,0.159816
2024-07-08 21:39:18,0.122256
2024-07-08 21:39:19,0.133368
2024-07-08 21:39:20,0.128968
2024-07-08 21:39:21,0.153264
2024-07-08 21:39:22,0.2154
2024-07-08 21:39:23,0.128032
2024-07-08 21:39:24,0.144008
2024-07-08 21:39:25,0.151232
2024-07-08 21:39:26,0.149696
2024-07-08 21:39:27,0.142024
2024-07-08 21:39:28,0.160208
2024-07-08 21:39:29,0.152216
2024-07-08 21:39:30,0.184256
2024-07-08 21:39:31,0.171272
2024-07-08 21:39:32,0.118752
2024-07-08 21:39:33,0.104608
2024-07-08 21:39:34,0.183864
2024-07-08 21:39:35,0.142808
2024-07-08 21:39:36,0.119096
2024-07-08 21:39:37,0.090392
2024-07-08 21:39:38,0.103144
2024-07-08 21:39:39,0.109208
2024-07-08 21:39:40,0.120552
2024-07-08 21:39:41,0.134288
2024-07-08 21:39:42,0.131256
2024-07-08 21:39:43,0.108912
2024-07-08 21:39:44,0.123264
2024-07-08 21:39:45,0.088544
2024-07-08 21:39:46,0.167384
2024-07-08 21:39:47,0.149368
2024-07-08 21:39:48,0.107688
2024-07-08 21:39:49,0.101328
2024-07-08 21:39:50,0.099016
2024-07-08 21:39:51,0.096336
2024-07-08 21:39:52,0.081
2024-07-08 21:39:53,0.09976
2024-07-08 21:39:54,0.102056
2024-07-08 21:39:55,0.11688
2024-07-08 21:39:56,0.17848
2024-07-08 21:39:57,0.14008
2024-07-08 21:39:58,0.119664
2024-07-08 21:39:59,0.124856
2024-07-08 21:40:00,0.124216
2024-07-08 21:40:01,0.147472
2024-07-08 21:40:02,0.112888
2024-07-08 21:40:03,0.10664
2024-07-08 21:40:04,0.113416
2024-07-08 21:40:05,0.12588
2024-07-08 21:40:06,0.184512
2024-07-08 21:40:07,0.185784
2024-07-08 21:40:08,0.162344
2024-07-08 21:40:09,0.194752
2024-07-08 21:40:10,0.174808
2024-07-08 21:40:11,0.169704
2024-07-08 21:40:12,0.155344
2024-07-08 21:40:13,0.161144
2024-07-08 21:40:14,0.148344
2024-07-08 21:40:15,0.139328
2024-07-08 21:40:16,0.122768
2024-07-08 21:40:17,0.113616
2024-07-08 21:40:18,0.114096
2024-07-08 21:40:19,0.167648
2024-07-08 21:40:20,0.134432
2024-07-08 21:40:21,0.107048
2024-07-08 21:40:22,0.108312
2024-07-08 21:40:23,0.125944
2024-07-08 21:40:24,0.086928
2024-07-08 21:40:25,0.10012
2024-07-08 21:40:26,0.110672
2024-07-08 21:40:27,0.119288
2024-07-08 21:40:28,0.143792
2024-07-08 21:40:29,0.124704
2024-07-08 21:40:30,0.1086
2024-07-08 21:40:31,0.113224
2024-07-08 21:40:32,0.15648
2024-07-08 21:40:33,0.131472
2024-07-08 21:40:34,0.145288
2024-07-08 21:40:35,0.128608
2024-07-08 21:40:36,0.239608
2024-07-08 21:40:37,0.137448
2024-07-08 21:40:38,0.157336
2024-07-08 21:40:39,0.178264
2024-07-08 21:40:40,0.16004
2024-07-08 21:40:41,0.147848
2024-07-08 21:40:42,0.149904
2024-07-08 21:40:43,0.121864
2024-07-08 21:40:44,0.123336
2024-07-08 21:40:45,0.119416
2024-07-08 21:40:46,0.1622
2024-07-08 21:40:47,0.15136
2024-07-08 21:40:48,0.191672
2024-07-08 21:40:49,0.196184
2024-07-08 21:40:50,0.19196
2024-07-08 21:40:51,0.212144
2024-07-08 21:40:52,0.161456
2024-07-08 21:40:53,0.171032
2024-07-08 21:40:54,0.204792
2024-07-08 21:40:55,0.208528
2024-07-08 21:40:56,0.180432
2024-07-08 21:40:57,0.207736
2024-07-08 21:40:58,0.250696
2024-07-08 21:40:59,0.29072
2024-07-08 21:41:00,0.209616
2024-07-08 21:41:01,0.189336
2024-07-08 21:41:02,0.167608
2024-07-08 21:41:03,0.137056
2024-07-08 21:41:04,0.121872
2024-07-08 21:41:05,0.165912
2024-07-08 21:41:06,0.13464
2024-07-08 21:41:07,0.142424
2024-07-08 21:41:08,0.131824
2024-07-08 21:41:09,0.18308
2024-07-08 21:41:10,0.172384
2024-07-08 21:41:11,0.206184
2024-07-08 21:41:12,0.181
2024-07-08 21:41:13,0.200752
2024-07-08 21:41:14,0.179784
2024-07-08 21:41:15,0.182096
2024-07-08 21:41:16,0.203656
2024-07-08 21:41:17,0.141016
2024-07-08 21:41:18,0.236984
2024-07-08 21:41:19,0.180448
2024-07-08 21:41:20,0.171056
2024-07-08 21:41:21,0.15204
2024-07-08 21:41:22,0.152088
2024-07-08 21:41:23,0.163488
2024-07-08 21:41:24,0.13228
2024-07-08 21:41:25,0.120048
2024-07-08 21:41:26,0.13488
2024-07-08 21:41:27,0.101112
2024-07-08 21:41:28,0.121672
2024-07-08 21:41:29,0.132232
2024-07-08 21:41:30,0.197448
2024-07-08 21:41:31,0.121008
2024-07-08 21:41:32,0.116032
2024-07-08 21:41:33,0.130984
2024-07-08 21:41:34,0.126128
2024-07-08 21:41:35,0.153936
2024-07-08 21:41:36,0.112032
2024-07-08 21:41:37,0.107552
2024-07-08 21:41:38,0.121552
2024-07-08 21:41:39,0.130584
2024-07-08 21:41:40,0.122256
2024-07-08 21:41:41,0.145048
2024-07-08 21:41:42,0.109656
2024-07-08 21:41:43,0.233144
2024-07-08 21:41:44,0.174304
2024-07-08 21:41:45,0.164472
2024-07-08 21:41:46,0.162656
2024-07-08 21:41:47,0.18316
2024-07-08 21:41:48,0.155776
2024-07-08 21:41:49,0.168064
2024-07-08 21:41:50,0.106192
2024-07-08 21:41:51,0.114888
2024-07-08 21:41:52,0.07908
2024-07-08 21:41:53,0.110512
2024-07-08 21:41:54,0.112896
2024-07-08 21:41:55,0.097488
2024-07-08 21:41:56,0.109248
2024-07-08 21:41:57,0.109376
2024-07-08 21:41:58,0.119744
2024-07-08 21:41:59,0.089088
2024-07-08 21:42:00,0.100432
2024-07-08 21:42:01,0.137072
2024-07-08 21:42:02,0.128384
2024-07-08 21:42:03,0.103288
2024-07-08 21:42:04,0.13036
2024-07-08 21:42:05,0.166464
2024-07-08 21:42:06,0.1164
2024-07-08 21:42:07,0.097296
2024-07-08 21:42:08,0.089256
2024-07-08 21:42:09,0.117088
2024-07-08 21:42:10,0.112744
2024-07-08 21:42:11,0.109616
2024-07-08 21:42:12,0.10468
2024-07-08 21:42:13,0.121408
2024-07-08 21:42:14,0.21812
2024-07-08 21:42:15,0.12872
2024-07-08 21:42:16,0.166664
2024-07-08 21:42:17,0.169992
2024-07-08 21:42:18,0.202032
2024-07-08 21:42:19,0.13364
2024-07-08 21:42:20,0.170352
2024-07-08 21:42:21,0.1756
2024-07-08 21:42:22,0.18252
2024-07-08 21:42:23,0.157432
2024-07-08 21:42:24,0.167512
2024-07-08 21:42:25,0.120632
2024-07-08 21:42:26,0.095912
2024-07-08 21:42:27,0.090432
2024-07-08 21:42:28,0.106672
2024-07-08 21:42:29,0.094272
2024-07-08 21:42:30,0.09716
2024-07-08 21:42:31,0.101848
2024-07-08 21:42:32,0.093288
2024-07-08 21:42:33,0.124744
2024-07-08 21:42:34,0.111312
2024-07-08 21:42:35,0.112832
2024-07-08 21:42:36,0.107096
2024-07-08 21:42:37,0.148784
2024-07-08 21:42:38,0.227952
2024-07-08 21:42:39,0.160088
2024-07-08 21:42:40,0.18272
2024-07-08 21:42:41,0.183616
2024-07-08 21:42:42,0.16968
2024-07-08 21:42:43,0.180256
2024-07-08 21:42:44,0.160784
2024-07-08 21:42:45,0.157536
2024-07-08 21:42:46,0.150728
2024-07-08 21:42:47,0.111504
2024-07-08 21:42:48,0.148376
2024-07-08 21:42:49,0.101824
2024-07-08 21:42:50,0.111712
2024-07-08 21:42:51,0.162856
2024-07-08 21:42:52,0.119304
2024-07-08 21:42:53,0.1046
2024-07-08 21:42:54,0.100928
2024-07-08 21:42:55,0.108824
2024-07-08 21:42:56,0.14084
2024-07-08 21:42:57,0.10992
2024-07-08 21:42:58,0.123232
2024-07-08 21:42:59,0.133256
2024-07-08 21:43:00,0.1198
2024-07-08 21:43:01,0.172936
2024-07-08 21:43:02,0.18668
2024-07-08 21:43:03,0.162
2024-07-08 21:43:04,0.160792
2024-07-08 21:43:05,0.124936
2024-07-08 21:43:06,0.203224
2024-07-08 21:43:07,0.228624
2024-07-08 21:43:08,0.208464
2024-07-08 21:43:09,0.143952
2024-07-08 21:43:10,0.151496
2024-07-08 21:43:11,0.146672
2024-07-08 21:43:12,0.179088
2024-07-08 21:43:13,0.146056
2024-07-08 21:43:14,0.136376
2024-07-08 21:43:15,0.14556
2024-07-08 21:43:16,0.186656
2024-07-08 21:43:17,0.155232
2024-07-08 21:43:18,0.234136
2024-07-08 21:43:19,0.198808
2024-07-08 21:43:20,0.180984
2024-07-08 21:43:21,0.170568
2024-07-08 21:43:22,0.199776
2024-07-08 21:43:23,0.169912
2024-07-08 21:43:24,0.142416
2024-07-08 21:43:25,0.12504
2024-07-08 21:43:26,0.163776
2024-07-08 21:43:27,0.143288
2024-07-08 21:43:28,0.148296
2024-07-08 21:43:29,0.149272
2024-07-08 21:43:30,0.192608
2024-07-08 21:43:31,0.16796
2024-07-08 21:43:32,0.179288
2024-07-08 21:43:33,0.147728
2024-07-08 21:43:34,0.164784
2024-07-08 21:43:35,0.13748
2024-07-08 21:43:36,0.140112
2024-07-08 21:43:37,0.13712
2024-07-08 21:43:38,0.13536
2024-07-08 21:43:39,0.172456
2024-07-08 21:43:40,0.140352
2024-07-08 21:43:41,0.128368
2024-07-08 21:43:42,0.127344
2024-07-08 21:43:43,0.120504
2024-07-08 21:43:44,0.10128
2024-07-08 21:43:45,0.117808
2024-07-08 21:43:46,0.182312
2024-07-08 21:43:47,0.153312
2024-07-08 21:43:48,0.142528
2024-07-08 21:43:49,0.127928
2024-07-08 21:43:50,0.159688
2024-07-08 21:43:51,0.13288
2024-07-08 21:43:52,0.131176
2024-07-08 21:43:53,0.143384
2024-07-08 21:43:54,0.148752
2024-07-08 21:43:55,0.141936
2024-07-08 21:43:56,0.16136
2024-07-08 21:43:57,0.148712
2024-07-08 21:43:58,0.126688
2024-07-08 21:43:59,0.114608
2024-07-08 21:44:00,0.111464
2024-07-08 21:44:01,0.148856
2024-07-08 21:44:02,0.113736
2024-07-08 21:44:03,0.084048
2024-07-08 21:44:04,0.105208
2024-07-08 21:44:05,0.070872
2024-07-08 21:44:06,0.0968
2024-07-08 21:44:07,0.093384
2024-07-08 21:44:08,0.08096
2024-07-08 21:44:09,0.08484
2024-07-08 21:44:10,0.09236
2024-07-08 21:44:11,0.107744
2024-07-08 21:44:12,0.121288
2024-07-08 21:44:13,0.107424
2024-07-08 21:44:14,0.102296
2024-07-08 21:44:15,0.089264
2024-07-08 21:44:16,0.089792
2024-07-08 21:44:17,0.132992
2024-07-08 21:44:18,0.126528
2024-07-08 21:44:19,0.144728
2024-07-08 21:44:20,0.175848
2024-07-08 21:44:21,0.167296
2024-07-08 21:44:22,0.174544
2024-07-08 21:44:23,0.178488
2024-07-08 21:44:24,0.135408
2024-07-08 21:44:25,0.145816
2024-07-08 21:44:26,0.137184
2024-07-08 21:44:27,0.15688
2024-07-08 21:44:28,0.141888
2024-07-08 21:44:29,0.110584
2024-07-08 21:44:30,0.109488
2024-07-08 21:44:31,0.145848
2024-07-08 21:44:32,0.125216
2024-07-08 21:44:33,0.17372
2024-07-08 21:44:34,0.124992
2024-07-08 21:44:35,0.151552
2024-07-08 21:44:36,0.182936
2024-07-08 21:44:37,0.161824
2024-07-08 21:44:38,0.124632
2024-07-08 21:44:39,0.129944
2024-07-08 21:44:40,0.116264
2024-07-08 21:44:41,0.167568
2024-07-08 21:44:42,0.115528
2024-07-08 21:44:43,0.135496
2024-07-08 21:44:44,0.190544
2024-07-08 21:44:45,0.146016
2024-07-08 21:44:46,0.171768
2024-07-08 21:44:47,0.242824
2024-07-08 21:44:48,0.200288
2024-07-08 21:44:49,0.258816
2024-07-08 21:44:50,0.23752
2024-07-08 21:44:51,0.228016
2024-07-08 21:44:52,0.21232
2024-07-08 21:44:53,0.170544
2024-07-08 21:44:54,0.195056
2024-07-08 21:44:55,0.1842
2024-07-08 21:44:56,0.217024
2024-07-08 21:44:57,0.17428
2024-07-08 21:44:58,0.163112
2024-07-08 21:44:59,0.144184
2024-07-08 21:45:00,0.163104
2024-07-08 21:45:01,0.236504
2024-07-08 21:45:02,0.204232
2024-07-08 21:45:03,0.17104
2024-07-08 21:45:04,0.157816
2024-07-08 21:45:05,0.136352
2024-07-08 21:45:06,0.168944
2024-07-08 21:45:07,0.162696
2024-07-08 21:45:08,0.163472
2024-07-08 21:45:09,0.185488
2024-07-08 21:45:10,0.186232
2024-07-08 21:45:11,0.224104
2024-07-08 21:45:12,0.207648
2024-07-08 21:45:13,0.18792
2024-07-08 21:45:14,0.204632
2024-07-08 21:45:15,0.223424
2024-07-08 21:45:16,0.174376
2024-07-08 21:45:17,0.120192
2024-07-08 21:45:18,0.133912
2024-07-08 21:45:19,0.15068
2024-07-08 21:45:20,0.159896
2024-07-08 21:45:21,0.134048
2024-07-08 21:45:22,0.147424
2024-07-08 21:45:23,0.142912
2024-07-08 21:45:24,0.15332
2024-07-08 21:45:25,0.198
2024-07-08 21:45:26,0.255512
2024-07-08 21:45:27,0.141136
2024-07-08 21:45:28,0.144944
2024-07-08 21:45:29,0.157632
2024-07-08 21:45:30,0.17344
2024-07-08 21:45:31,0.166168
2024-07-08 21:45:32,0.220888
2024-07-08 21:45:33,0.146976
2024-07-08 21:45:34,0.158856
2024-07-08 21:45:35,0.1414
2024-07-08 21:45:36,0.142384
2024-07-08 21:45:37,0.096752
2024-07-08 21:45:38,0.041432
2024-07-08 21:45:39,0.045744
2024-07-08 21:45:40,0.040312
2024-07-08 21:45:41,0.018136
2024-07-08 21:45:42,0.005192
