time,mbps
2024-07-08 11:06:47,0.132
2024-07-08 11:06:48,0.004232
2024-07-08 11:06:49,0.025928
2024-07-08 11:06:50,0.017392
2024-07-08 11:06:51,0.005488
2024-07-08 11:06:52,0.012984
2024-07-08 11:06:53,0.023128
2024-07-08 11:06:54,0.030136
2024-07-08 11:06:55,0.025936
2024-07-08 11:06:56,0.313152
2024-07-08 11:06:57,0.074704
2024-07-08 11:06:58,0.044584
2024-07-08 11:06:59,0.047568
2024-07-08 11:07:00,0.078432
2024-07-08 11:07:01,0.0458
2024-07-08 11:07:02,0.031752
2024-07-08 11:07:03,0.040248
2024-07-08 11:07:04,0.234928
2024-07-08 11:07:05,0.043944
2024-07-08 11:07:06,0.053888
2024-07-08 11:07:07,0.050712
2024-07-08 11:07:08,0.051256
2024-07-08 11:07:09,0.07604
2024-07-08 11:07:10,0.051584
2024-07-08 11:07:11,0.050816
2024-07-08 11:07:12,0.046776
2024-07-08 11:07:13,0.066248
2024-07-08 11:07:14,0.050712
2024-07-08 11:07:15,0.035176
2024-07-08 11:07:16,0.032832
2024-07-08 11:07:17,0.03636
2024-07-08 11:07:18,0.036504
2024-07-08 11:07:19,0.036864
2024-07-08 11:07:20,0.040696
2024-07-08 11:07:21,0.031576
2024-07-08 11:07:22,0.035632
2024-07-08 11:07:23,0.04012
2024-07-08 11:07:24,0.042872
2024-07-08 11:07:25,0.043264
2024-07-08 11:07:26,0.05212
2024-07-08 11:07:27,0.046304
2024-07-08 11:07:28,0.05584
2024-07-08 11:07:29,0.043832
2024-07-08 11:07:30,0.052016
2024-07-08 11:07:31,0.054888
2024-07-08 11:07:32,0.047128
2024-07-08 11:07:33,0.059968
2024-07-08 11:07:34,0.072696
2024-07-08 11:07:35,0.061608
2024-07-08 11:07:36,0.072336
2024-07-08 11:07:37,0.061192
2024-07-08 11:07:38,0.053312
2024-07-08 11:07:39,0.059208
2024-07-08 11:07:40,0.05844
2024-07-08 11:07:41,0.070664
2024-07-08 11:07:42,0.063336
2024-07-08 11:07:43,0.088472
2024-07-08 11:07:44,0.07008
2024-07-08 11:07:45,0.088672
2024-07-08 11:07:46,0.076656
2024-07-08 11:07:47,0.070968
2024-07-08 11:07:48,0.068808
2024-07-08 11:07:49,0.057944
2024-07-08 11:07:50,0.039024
2024-07-08 11:07:51,0.047128
2024-07-08 11:07:52,0.056704
2024-07-08 11:07:53,0.060256
2024-07-08 11:07:54,0.051072
2024-07-08 11:07:55,0.045384
2024-07-08 11:07:56,0.04408
2024-07-08 11:07:57,0.0558
2024-07-08 11:07:58,0.053512
2024-07-08 11:07:59,0.058224
2024-07-08 11:08:00,0.036712
2024-07-08 11:08:01,0.038744
2024-07-08 11:08:02,0.036848
2024-07-08 11:08:03,0.069584
2024-07-08 11:08:04,0.078944
2024-07-08 11:08:05,0.061376
2024-07-08 11:08:06,0.05372
2024-07-08 11:08:07,0.04788
2024-07-08 11:08:08,0.072784
2024-07-08 11:08:09,0.08312
2024-07-08 11:08:10,0.075088
2024-07-08 11:08:11,0.062736
2024-07-08 11:08:12,0.06644
2024-07-08 11:08:13,0.054424
2024-07-08 11:08:14,0.05984
2024-07-08 11:08:15,0.049808
2024-07-08 11:08:16,0.051424
2024-07-08 11:08:17,0.03968
2024-07-08 11:08:18,0.052352
2024-07-08 11:08:19,0.047232
2024-07-08 11:08:20,0.04724
2024-07-08 11:08:21,0.043
2024-07-08 11:08:22,0.05048
2024-07-08 11:08:23,0.042816
2024-07-08 11:08:24,0.051776
2024-07-08 11:08:25,0.046656
2024-07-08 11:08:26,0.055912
2024-07-08 11:08:27,0.049784
2024-07-08 11:08:28,0.050216
2024-07-08 11:08:29,0.04244
2024-07-08 11:08:30,0.053896
2024-07-08 11:08:31,0.051528
2024-07-08 11:08:32,0.060472
2024-07-08 11:08:33,0.096832
2024-07-08 11:08:34,0.093552
2024-07-08 11:08:35,0.095712
2024-07-08 11:08:36,0.0918
2024-07-08 11:08:37,0.08632
2024-07-08 11:08:38,0.086952
2024-07-08 11:08:39,0.085048
2024-07-08 11:08:40,0.090752
2024-07-08 11:08:41,0.094464
2024-07-08 11:08:42,0.113432
2024-07-08 11:08:43,0.112536
2024-07-08 11:08:44,0.115664
2024-07-08 11:08:45,0.112744
2024-07-08 11:08:46,0.183792
2024-07-08 11:08:47,0.115832
2024-07-08 11:08:48,0.11492
2024-07-08 11:08:49,0.111888
2024-07-08 11:08:50,0.118776
2024-07-08 11:08:51,0.117872
2024-07-08 11:08:52,0.12476
2024-07-08 11:08:53,0.107448
2024-07-08 11:08:54,0.126216
2024-07-08 11:08:55,0.130392
2024-07-08 11:08:56,0.115944
2024-07-08 11:08:57,0.116864
2024-07-08 11:08:58,0.108312
2024-07-08 11:08:59,0.13288
2024-07-08 11:09:00,0.128992
2024-07-08 11:09:01,0.117064
2024-07-08 11:09:02,0.126472
2024-07-08 11:09:03,0.13772
2024-07-08 11:09:04,0.172976
2024-07-08 11:09:05,0.148672
2024-07-08 11:09:06,0.142864
2024-07-08 11:09:07,0.132208
2024-07-08 11:09:08,0.167944
2024-07-08 11:09:09,0.149328
2024-07-08 11:09:10,0.156984
2024-07-08 11:09:11,0.152512
2024-07-08 11:09:12,0.147336
2024-07-08 11:09:13,0.176568
2024-07-08 11:09:14,0.157256
2024-07-08 11:09:15,0.144136
2024-07-08 11:09:16,0.133712
2024-07-08 11:09:17,0.139112
2024-07-08 11:09:18,0.1382
2024-07-08 11:09:19,0.13052
2024-07-08 11:09:20,0.113
2024-07-08 11:09:21,0.113824
2024-07-08 11:09:22,0.120992
2024-07-08 11:09:23,0.148168
2024-07-08 11:09:24,0.126536
2024-07-08 11:09:25,0.124144
2024-07-08 11:09:26,0.139096
2024-07-08 11:09:27,0.118912
2024-07-08 11:09:28,0.121912
2024-07-08 11:09:29,0.119576
2024-07-08 11:09:30,0.118328
2024-07-08 11:09:31,0.12196
2024-07-08 11:09:32,0.121672
2024-07-08 11:09:33,0.120984
2024-07-08 11:09:34,0.128848
2024-07-08 11:09:35,0.17252
2024-07-08 11:09:36,0.16624
2024-07-08 11:09:37,0.161792
2024-07-08 11:09:38,0.15952
2024-07-08 11:09:39,0.162248
2024-07-08 11:09:40,0.158688
2024-07-08 11:09:41,0.145904
2024-07-08 11:09:42,0.148368
2024-07-08 11:09:43,0.145416
2024-07-08 11:09:44,0.121664
2024-07-08 11:09:45,0.121312
2024-07-08 11:09:46,0.111776
2024-07-08 11:09:47,0.119352
2024-07-08 11:09:48,0.115816
2024-07-08 11:09:49,0.169496
2024-07-08 11:09:50,0.169344
2024-07-08 11:09:51,0.14572
2024-07-08 11:09:52,0.150816
2024-07-08 11:09:53,0.149936
2024-07-08 11:09:54,0.155296
2024-07-08 11:09:55,0.129416
2024-07-08 11:09:56,0.12428
2024-07-08 11:09:57,0.111816
2024-07-08 11:09:58,0.11596
2024-07-08 11:09:59,0.119952
2024-07-08 11:10:00,0.11176
2024-07-08 11:10:01,0.138872
2024-07-08 11:10:02,0.147472
2024-07-08 11:10:03,0.132432
2024-07-08 11:10:04,0.177504
2024-07-08 11:10:05,0.134464
2024-07-08 11:10:06,0.136168
2024-07-08 11:10:07,0.113544
2024-07-08 11:10:08,0.125328
2024-07-08 11:10:09,0.13704
2024-07-08 11:10:10,0.129312
2024-07-08 11:10:11,0.128704
2024-07-08 11:10:12,0.117128
2024-07-08 11:10:13,0.11328
2024-07-08 11:10:14,0.117496
2024-07-08 11:10:15,0.129544
2024-07-08 11:10:16,0.146504
2024-07-08 11:10:17,0.179672
2024-07-08 11:10:18,0.172304
2024-07-08 11:10:19,0.16076
2024-07-08 11:10:20,0.15024
2024-07-08 11:10:21,0.148384
2024-07-08 11:10:22,0.138376
2024-07-08 11:10:23,0.166536
2024-07-08 11:10:24,0.138832
2024-07-08 11:10:25,0.125464
2024-07-08 11:10:26,0.134008
2024-07-08 11:10:27,0.120608
2024-07-08 11:10:28,0.134464
2024-07-08 11:10:29,0.11616
2024-07-08 11:10:30,0.119432
2024-07-08 11:10:31,0.115848
2024-07-08 11:10:32,0.123312
2024-07-08 11:10:33,0.131968
2024-07-08 11:10:34,0.135552
2024-07-08 11:10:35,0.184048
2024-07-08 11:10:36,0.168256
2024-07-08 11:10:37,0.174928
2024-07-08 11:10:38,0.186296
2024-07-08 11:10:39,0.192312
2024-07-08 11:10:40,0.135736
2024-07-08 11:10:41,0.143024
2024-07-08 11:10:42,0.135616
2024-07-08 11:10:43,0.16256
2024-07-08 11:10:44,0.145272
2024-07-08 11:10:45,0.139272
2024-07-08 11:10:46,0.13068
2024-07-08 11:10:47,0.111448
2024-07-08 11:10:48,0.113944
2024-07-08 11:10:49,0.131616
2024-07-08 11:10:50,0.134952
2024-07-08 11:10:51,0.124576
2024-07-08 11:10:52,0.138496
2024-07-08 11:10:53,0.169872
2024-07-08 11:10:54,0.201136
2024-07-08 11:10:55,0.14828
2024-07-08 11:10:56,0.12808
2024-07-08 11:10:57,0.207728
2024-07-08 11:10:58,0.158888
2024-07-08 11:10:59,0.1502
2024-07-08 11:11:00,0.147904
2024-07-08 11:11:01,0.127792
2024-07-08 11:11:02,0.115384
2024-07-08 11:11:03,0.13924
2024-07-08 11:11:04,0.166184
2024-07-08 11:11:05,0.125344
2024-07-08 11:11:06,0.111456
2024-07-08 11:11:07,0.140664
2024-07-08 11:11:08,0.135008
2024-07-08 11:11:09,0.145992
2024-07-08 11:11:10,0.16672
2024-07-08 11:11:11,0.189688
2024-07-08 11:11:12,0.161024
2024-07-08 11:11:13,0.128512
2024-07-08 11:11:14,0.16356
2024-07-08 11:11:15,0.147216
2024-07-08 11:11:16,0.1246
2024-07-08 11:11:17,0.128
2024-07-08 11:11:18,0.142032
2024-07-08 11:11:19,0.163256
2024-07-08 11:11:20,0.166304
2024-07-08 11:11:21,0.162368
2024-07-08 11:11:22,0.132032
2024-07-08 11:11:23,0.123336
2024-07-08 11:11:24,0.12396
2024-07-08 11:11:25,0.105184
2024-07-08 11:11:26,0.124232
2024-07-08 11:11:27,0.129448
2024-07-08 11:11:28,0.121296
2024-07-08 11:11:29,0.115472
2024-07-08 11:11:30,0.110712
2024-07-08 11:11:31,0.118792
2024-07-08 11:11:32,0.124832
2024-07-08 11:11:33,0.124472
2024-07-08 11:11:34,0.142112
2024-07-08 11:11:35,0.142192
2024-07-08 11:11:36,0.150656
2024-07-08 11:11:37,0.16088
2024-07-08 11:11:38,0.129648
2024-07-08 11:11:39,0.140616
2024-07-08 11:11:40,0.11764
2024-07-08 11:11:41,0.121088
2024-07-08 11:11:42,0.143536
2024-07-08 11:11:43,0.141408
2024-07-08 11:11:44,0.119016
2024-07-08 11:11:45,0.124096
2024-07-08 11:11:46,0.130712
2024-07-08 11:11:47,0.117568
2024-07-08 11:11:48,0.11356
2024-07-08 11:11:49,0.121992
2024-07-08 11:11:50,0.123056
2024-07-08 11:11:51,0.13048
2024-07-08 11:11:52,0.137248
2024-07-08 11:11:53,0.131648
2024-07-08 11:11:54,0.129008
2024-07-08 11:11:55,0.109352
2024-07-08 11:11:56,0.064112
2024-07-08 11:11:57,0.081848
2024-07-08 11:11:58,0.06376
2024-07-08 11:11:59,0.09688
2024-07-08 11:12:00,0.11576
2024-07-08 11:12:01,0.106312
2024-07-08 11:12:02,0.10204
2024-07-08 11:12:03,0.109136
2024-07-08 11:12:04,0.128128
2024-07-08 11:12:05,0.10572
2024-07-08 11:12:06,0.146688
2024-07-08 11:12:07,0.11824
2024-07-08 11:12:08,0.129184
2024-07-08 11:12:09,0.125744
2024-07-08 11:12:10,0.124128
2024-07-08 11:12:11,0.126528
2024-07-08 11:12:12,0.138056
2024-07-08 11:12:13,0.130864
2024-07-08 11:12:14,0.135344
2024-07-08 11:12:15,0.11192
2024-07-08 11:12:16,0.122952
2024-07-08 11:12:17,0.073016
2024-07-08 11:12:18,0.089584
2024-07-08 11:12:19,0.089808
2024-07-08 11:12:20,0.092992
2024-07-08 11:12:21,0.088432
2024-07-08 11:12:22,0.097368
2024-07-08 11:12:23,0.0936
2024-07-08 11:12:24,0.097496
2024-07-08 11:12:25,0.113112
2024-07-08 11:12:26,0.087392
2024-07-08 11:12:27,0.108608
2024-07-08 11:12:28,0.094264
2024-07-08 11:12:29,0.150808
2024-07-08 11:12:30,0.138672
2024-07-08 11:12:31,0.116896
2024-07-08 11:12:32,0.110104
2024-07-08 11:12:33,0.098336
2024-07-08 11:12:34,0.122648
2024-07-08 11:12:35,0.15088
2024-07-08 11:12:36,0.139296
2024-07-08 11:12:37,0.130048
2024-07-08 11:12:38,0.174608
2024-07-08 11:12:39,0.154296
2024-07-08 11:12:40,0.158544
2024-07-08 11:12:41,0.149296
2024-07-08 11:12:42,0.162584
2024-07-08 11:12:43,0.16988
2024-07-08 11:12:44,0.198976
2024-07-08 11:12:45,0.180672
2024-07-08 11:12:46,0.164096
2024-07-08 11:12:47,0.158192
2024-07-08 11:12:48,0.161392
2024-07-08 11:12:49,0.154144
2024-07-08 11:12:50,0.156152
2024-07-08 11:12:51,0.141184
2024-07-08 11:12:52,0.143992
2024-07-08 11:12:53,0.13464
2024-07-08 11:12:54,0.138264
2024-07-08 11:12:55,0.130976
2024-07-08 11:12:56,0.13544
2024-07-08 11:12:57,0.133112
2024-07-08 11:12:58,0.1326
2024-07-08 11:12:59,0.113056
2024-07-08 11:13:00,0.135456
2024-07-08 11:13:01,0.157904
2024-07-08 11:13:02,0.182712
2024-07-08 11:13:03,0.147264
2024-07-08 11:13:04,0.175952
2024-07-08 11:13:05,0.145096
2024-07-08 11:13:06,0.166264
2024-07-08 11:13:07,0.147736
2024-07-08 11:13:08,0.144904
2024-07-08 11:13:09,0.137544
2024-07-08 11:13:10,0.172496
2024-07-08 11:13:11,0.163488
2024-07-08 11:13:12,0.1658
2024-07-08 11:13:13,0.140344
2024-07-08 11:13:14,0.152272
2024-07-08 11:13:15,0.136336
2024-07-08 11:13:16,0.145016
2024-07-08 11:13:17,0.14532
2024-07-08 11:13:18,0.131608
2024-07-08 11:13:19,0.123416
2024-07-08 11:13:20,0.130992
2024-07-08 11:13:21,0.125464
2024-07-08 11:13:22,0.124728
2024-07-08 11:13:23,0.143184
2024-07-08 11:13:24,0.135176
2024-07-08 11:13:25,0.154288
2024-07-08 11:13:26,0.11564
2024-07-08 11:13:27,0.109896
2024-07-08 11:13:28,0.119808
2024-07-08 11:13:29,0.131168
2024-07-08 11:13:30,0.144352
2024-07-08 11:13:31,0.118592
2024-07-08 11:13:32,0.164256
2024-07-08 11:13:33,0.17596
2024-07-08 11:13:34,0.149664
2024-07-08 11:13:35,0.108952
2024-07-08 11:13:36,0.119648
2024-07-08 11:13:37,0.153112
2024-07-08 11:13:38,0.160272
2024-07-08 11:13:39,0.184648
2024-07-08 11:13:40,0.182592
2024-07-08 11:13:41,0.16716
2024-07-08 11:13:42,0.191528
2024-07-08 11:13:43,0.164032
2024-07-08 11:13:44,0.194216
2024-07-08 11:13:45,0.173584
2024-07-08 11:13:46,0.220024
2024-07-08 11:13:47,0.204808
2024-07-08 11:13:48,0.221568
2024-07-08 11:13:49,0.162912
2024-07-08 11:13:50,0.159096
2024-07-08 11:13:51,0.150944
2024-07-08 11:13:52,0.156968
2024-07-08 11:13:53,0.189336
2024-07-08 11:13:54,0.16792
2024-07-08 11:13:55,0.161304
2024-07-08 11:13:56,0.185632
2024-07-08 11:13:57,0.139264
2024-07-08 11:13:58,0.132704
2024-07-08 11:13:59,0.121096
2024-07-08 11:14:00,0.106808
2024-07-08 11:14:01,0.134112
2024-07-08 11:14:02,0.131288
2024-07-08 11:14:03,0.122952
2024-07-08 11:14:04,0.155792
2024-07-08 11:14:05,0.150472
2024-07-08 11:14:06,0.163168
2024-07-08 11:14:07,0.154128
2024-07-08 11:14:08,0.170344
2024-07-08 11:14:09,0.178264
2024-07-08 11:14:10,0.173216
2024-07-08 11:14:11,0.167296
2024-07-08 11:14:12,0.172656
2024-07-08 11:14:13,0.14188
2024-07-08 11:14:14,0.12856
2024-07-08 11:14:15,0.11912
2024-07-08 11:14:16,0.118304
2024-07-08 11:14:17,0.102096
2024-07-08 11:14:18,0.103232
2024-07-08 11:14:19,0.124
2024-07-08 11:14:20,0.113136
2024-07-08 11:14:21,0.102992
2024-07-08 11:14:22,0.125968
2024-07-08 11:14:23,0.10976
2024-07-08 11:14:24,0.102336
2024-07-08 11:14:25,0.106376
2024-07-08 11:14:26,0.094184
2024-07-08 11:14:27,0.086256
2024-07-08 11:14:28,0.106832
2024-07-08 11:14:29,0.107856
2024-07-08 11:14:30,0.12596
2024-07-08 11:14:31,0.126016
2024-07-08 11:14:32,0.131336
2024-07-08 11:14:33,0.135872
2024-07-08 11:14:34,0.142632
2024-07-08 11:14:35,0.13748
2024-07-08 11:14:36,0.1442
2024-07-08 11:14:37,0.157384
2024-07-08 11:14:38,0.158352
2024-07-08 11:14:39,0.180552
2024-07-08 11:14:40,0.136112
2024-07-08 11:14:41,0.145392
2024-07-08 11:14:42,0.140672
2024-07-08 11:14:43,0.161928
2024-07-08 11:14:44,0.157192
2024-07-08 11:14:45,0.165712
2024-07-08 11:14:46,0.140504
2024-07-08 11:14:47,0.117736
2024-07-08 11:14:48,0.120928
2024-07-08 11:14:49,0.118352
2024-07-08 11:14:50,0.102048
2024-07-08 11:14:51,0.125576
2024-07-08 11:14:52,0.114272
2024-07-08 11:14:53,0.1202
2024-07-08 11:14:54,0.123408
2024-07-08 11:14:55,0.114696
2024-07-08 11:14:56,0.092936
2024-07-08 11:14:57,0.097168
2024-07-08 11:14:58,0.14152
2024-07-08 11:14:59,0.127904
2024-07-08 11:15:00,0.132512
2024-07-08 11:15:01,0.119976
2024-07-08 11:15:02,0.146992
2024-07-08 11:15:03,0.143368
2024-07-08 11:15:04,0.226728
2024-07-08 11:15:05,0.181768
2024-07-08 11:15:06,0.176776
2024-07-08 11:15:07,0.123928
2024-07-08 11:15:08,0.137784
2024-07-08 11:15:09,0.185496
2024-07-08 11:15:10,0.144536
2024-07-08 11:15:11,0.150088
2024-07-08 11:15:12,0.152464
2024-07-08 11:15:13,0.152832
2024-07-08 11:15:14,0.168512
2024-07-08 11:15:15,0.179008
2024-07-08 11:15:16,0.186296
2024-07-08 11:15:17,0.153928
2024-07-08 11:15:18,0.14444
2024-07-08 11:15:19,0.136528
2024-07-08 11:15:20,0.123664
2024-07-08 11:15:21,0.146128
2024-07-08 11:15:22,0.119656
2024-07-08 11:15:23,0.133016
2024-07-08 11:15:24,0.116112
2024-07-08 11:15:25,0.139536
2024-07-08 11:15:26,0.15632
2024-07-08 11:15:27,0.171968
2024-07-08 11:15:28,0.159024
2024-07-08 11:15:29,0.212072
2024-07-08 11:15:30,0.204816
2024-07-08 11:15:31,0.165
2024-07-08 11:15:32,0.188384
2024-07-08 11:15:33,0.132808
2024-07-08 11:15:34,0.139104
2024-07-08 11:15:35,0.15416
2024-07-08 11:15:36,0.159496
2024-07-08 11:15:37,0.138272
2024-07-08 11:15:38,0.12324
2024-07-08 11:15:39,0.132248
2024-07-08 11:15:40,0.167432
2024-07-08 11:15:41,0.130272
2024-07-08 11:15:42,0.13488
2024-07-08 11:15:43,0.124112
2024-07-08 11:15:44,0.1252
2024-07-08 11:15:45,0.114912
2024-07-08 11:15:46,0.120368
2024-07-08 11:15:47,0.128168
2024-07-08 11:15:48,0.115632
2024-07-08 11:15:49,0.100904
2024-07-08 11:15:50,0.109488
2024-07-08 11:15:51,0.110744
2024-07-08 11:15:52,0.117264
2024-07-08 11:15:53,0.119096
2024-07-08 11:15:54,0.123064
2024-07-08 11:15:55,0.105264
2024-07-08 11:15:56,0.096152
2024-07-08 11:15:57,0.103432
2024-07-08 11:15:58,0.107936
2024-07-08 11:15:59,0.108728
2024-07-08 11:16:00,0.10564
2024-07-08 11:16:01,0.09524
2024-07-08 11:16:02,0.075496
2024-07-08 11:16:03,0.075184
2024-07-08 11:16:04,0.12276
2024-07-08 11:16:05,0.09044
2024-07-08 11:16:06,0.10788
2024-07-08 11:16:07,0.128896
2024-07-08 11:16:08,0.118992
2024-07-08 11:16:09,0.142344
2024-07-08 11:16:10,0.15848
2024-07-08 11:16:11,0.160928
2024-07-08 11:16:12,0.138848
2024-07-08 11:16:13,0.141824
2024-07-08 11:16:14,0.127672
2024-07-08 11:16:15,0.1396
2024-07-08 11:16:16,0.130592
2024-07-08 11:16:17,0.12208
2024-07-08 11:16:18,0.117928
2024-07-08 11:16:19,0.149688
2024-07-08 11:16:20,0.145944
2024-07-08 11:16:21,0.125632
2024-07-08 11:16:22,0.119512
2024-07-08 11:16:23,0.10908
2024-07-08 11:16:24,0.098352
2024-07-08 11:16:25,0.111408
2024-07-08 11:16:26,0.104824
2024-07-08 11:16:27,0.12944
2024-07-08 11:16:28,0.136936
2024-07-08 11:16:29,0.1296
2024-07-08 11:16:30,0.1034
2024-07-08 11:16:31,0.102776
2024-07-08 11:16:32,0.093544
2024-07-08 11:16:33,0.129432
2024-07-08 11:16:34,0.14064
2024-07-08 11:16:35,0.138864
2024-07-08 11:16:36,0.157512
2024-07-08 11:16:37,0.120728
2024-07-08 11:16:38,0.175632
2024-07-08 11:16:39,0.156168
2024-07-08 11:16:40,0.211696
2024-07-08 11:16:41,0.124272
2024-07-08 11:16:42,0.168976
2024-07-08 11:16:43,0.155456
2024-07-08 11:16:44,0.162864
2024-07-08 11:16:45,0.153008
2024-07-08 11:16:46,0.149616
2024-07-08 11:16:47,0.133672
2024-07-08 11:16:48,0.132376
2024-07-08 11:16:49,0.13588
2024-07-08 11:16:50,0.147856
2024-07-08 11:16:51,0.115032
2024-07-08 11:16:52,0.141944
2024-07-08 11:16:53,0.129536
2024-07-08 11:16:54,0.113312
2024-07-08 11:16:55,0.106872
2024-07-08 11:16:56,0.125616
2024-07-08 11:16:57,0.120064
2024-07-08 11:16:58,0.12348
2024-07-08 11:16:59,0.093352
2024-07-08 11:17:00,0.104744
2024-07-08 11:17:01,0.106992
2024-07-08 11:17:02,0.136224
2024-07-08 11:17:03,0.182016
2024-07-08 11:17:04,0.178152
2024-07-08 11:17:05,0.206872
2024-07-08 11:17:06,0.18428
2024-07-08 11:17:07,0.156072
2024-07-08 11:17:08,0.184632
2024-07-08 11:17:09,0.165304
2024-07-08 11:17:10,0.183672
2024-07-08 11:17:11,0.15804
2024-07-08 11:17:12,0.182856
2024-07-08 11:17:13,0.157152
2024-07-08 11:17:14,0.154024
2024-07-08 11:17:15,0.147568
2024-07-08 11:17:16,0.16588
2024-07-08 11:17:17,0.139992
2024-07-08 11:17:18,0.143848
2024-07-08 11:17:19,0.162064
2024-07-08 11:17:20,0.150752
2024-07-08 11:17:21,0.135736
2024-07-08 11:17:22,0.14832
2024-07-08 11:17:23,0.121656
2024-07-08 11:17:24,0.127064
2024-07-08 11:17:25,0.112848
2024-07-08 11:17:26,0.110024
2024-07-08 11:17:27,0.126992
2024-07-08 11:17:28,0.127584
2024-07-08 11:17:29,0.116008
2024-07-08 11:17:30,0.11736
2024-07-08 11:17:31,0.133536
2024-07-08 11:17:32,0.138216
2024-07-08 11:17:33,0.195192
2024-07-08 11:17:34,0.231848
2024-07-08 11:17:35,0.185504
2024-07-08 11:17:36,0.16884
2024-07-08 11:17:37,0.172392
2024-07-08 11:17:38,0.149048
2024-07-08 11:17:39,0.192488
2024-07-08 11:17:40,0.203744
2024-07-08 11:17:41,0.184224
2024-07-08 11:17:42,0.13776
2024-07-08 11:17:43,0.116976
2024-07-08 11:17:44,0.142656
2024-07-08 11:17:45,0.122744
2024-07-08 11:17:46,0.108176
2024-07-08 11:17:47,0.164592
2024-07-08 11:17:48,0.116432
2024-07-08 11:17:49,0.113072
2024-07-08 11:17:50,0.135168
2024-07-08 11:17:51,0.128752
2024-07-08 11:17:52,0.123672
2024-07-08 11:17:53,0.115184
2024-07-08 11:17:54,0.09836
2024-07-08 11:17:55,0.103144
2024-07-08 11:17:56,0.114912
2024-07-08 11:17:57,0.103352
2024-07-08 11:17:58,0.101408
2024-07-08 11:17:59,0.11236
2024-07-08 11:18:00,0.109584
2024-07-08 11:18:01,0.12756
2024-07-08 11:18:02,0.1336
2024-07-08 11:18:03,0.108656
2024-07-08 11:18:04,0.170464
2024-07-08 11:18:05,0.156328
2024-07-08 11:18:06,0.18344
2024-07-08 11:18:07,0.173336
2024-07-08 11:18:08,0.14472
2024-07-08 11:18:09,0.159976
2024-07-08 11:18:10,0.15348
2024-07-08 11:18:11,0.13364
2024-07-08 11:18:12,0.114528
2024-07-08 11:18:13,0.130392
2024-07-08 11:18:14,0.115864
2024-07-08 11:18:15,0.119784
2024-07-08 11:18:16,0.115448
2024-07-08 11:18:17,0.107344
2024-07-08 11:18:18,0.123088
2024-07-08 11:18:19,0.137968
2024-07-08 11:18:20,0.16612
2024-07-08 11:18:21,0.171344
2024-07-08 11:18:22,0.166544
2024-07-08 11:18:23,0.155864
2024-07-08 11:18:24,0.140752
2024-07-08 11:18:25,0.117176
2024-07-08 11:18:26,0.127104
2024-07-08 11:18:27,0.151688
2024-07-08 11:18:28,0.142704
2024-07-08 11:18:29,0.175176
2024-07-08 11:18:30,0.165672
2024-07-08 11:18:31,0.166768
2024-07-08 11:18:32,0.155656
2024-07-08 11:18:33,0.196696
2024-07-08 11:18:34,0.230592
2024-07-08 11:18:35,0.236128
2024-07-08 11:18:36,0.234992
2024-07-08 11:18:37,0.257144
2024-07-08 11:18:38,0.195104
2024-07-08 11:18:39,0.18896
2024-07-08 11:18:40,0.196872
2024-07-08 11:18:41,0.19108
2024-07-08 11:18:42,0.154912
2024-07-08 11:18:43,0.146968
2024-07-08 11:18:44,0.124872
2024-07-08 11:18:45,0.14596
2024-07-08 11:18:46,0.144128
2024-07-08 11:18:47,0.134168
2024-07-08 11:18:48,0.140024
2024-07-08 11:18:49,0.121328
2024-07-08 11:18:50,0.116968
2024-07-08 11:18:51,0.129776
2024-07-08 11:18:52,0.132376
2024-07-08 11:18:53,0.140952
2024-07-08 11:18:54,0.126064
2024-07-08 11:18:55,0.124304
2024-07-08 11:18:56,0.189368
2024-07-08 11:18:57,0.1792
2024-07-08 11:18:58,0.150832
2024-07-08 11:18:59,0.140256
2024-07-08 11:19:00,0.117232
2024-07-08 11:19:01,0.104088
2024-07-08 11:19:02,0.138072
2024-07-08 11:19:03,0.140232
2024-07-08 11:19:04,0.203008
2024-07-08 11:19:05,0.145472
2024-07-08 11:19:06,0.172224
2024-07-08 11:19:07,0.209096
2024-07-08 11:19:08,0.152792
2024-07-08 11:19:09,0.161624
2024-07-08 11:19:10,0.157888
2024-07-08 11:19:11,0.14456
2024-07-08 11:19:12,0.214416
2024-07-08 11:19:13,0.211104
2024-07-08 11:19:14,0.193864
2024-07-08 11:19:15,0.214752
2024-07-08 11:19:16,0.194744
2024-07-08 11:19:17,0.184344
2024-07-08 11:19:18,0.14788
2024-07-08 11:19:19,0.154768
2024-07-08 11:19:20,0.145776
2024-07-08 11:19:21,0.144752
2024-07-08 11:19:22,0.182824
2024-07-08 11:19:23,0.121888
2024-07-08 11:19:24,0.099872
2024-07-08 11:19:25,0.090568
2024-07-08 11:19:26,0.07304
2024-07-08 11:19:27,0.067296
2024-07-08 11:19:28,0.074176
2024-07-08 11:19:29,0.069616
2024-07-08 11:19:30,0.084232
2024-07-08 11:19:31,0.108632
2024-07-08 11:19:32,0.122992
2024-07-08 11:19:33,0.12992
2024-07-08 11:19:34,0.169944
2024-07-08 11:19:35,0.145696
2024-07-08 11:19:36,0.140232
2024-07-08 11:19:37,0.141632
2024-07-08 11:19:38,0.140984
2024-07-08 11:19:39,0.14628
2024-07-08 11:19:40,0.14236
2024-07-08 11:19:41,0.128576
2024-07-08 11:19:42,0.134856
2024-07-08 11:19:43,0.121024
2024-07-08 11:19:44,0.111368
2024-07-08 11:19:45,0.100888
2024-07-08 11:19:46,0.109424
2024-07-08 11:19:47,0.094512
2024-07-08 11:19:48,0.113672
2024-07-08 11:19:49,0.084872
2024-07-08 11:19:50,0.0884
2024-07-08 11:19:51,0.093296
2024-07-08 11:19:52,0.090504
2024-07-08 11:19:53,0.085624
2024-07-08 11:19:54,0.07964
2024-07-08 11:19:55,0.094512
2024-07-08 11:19:56,0.094528
2024-07-08 11:19:57,0.101392
2024-07-08 11:19:58,0.110584
2024-07-08 11:19:59,0.107312
2024-07-08 11:20:00,0.110864
2024-07-08 11:20:01,0.103928
2024-07-08 11:20:02,0.109296
2024-07-08 11:20:03,0.162144
2024-07-08 11:20:04,0.183048
2024-07-08 11:20:05,0.138176
2024-07-08 11:20:06,0.162648
2024-07-08 11:20:07,0.16348
2024-07-08 11:20:08,0.158232
2024-07-08 11:20:09,0.177624
2024-07-08 11:20:10,0.176672
2024-07-08 11:20:11,0.158648
2024-07-08 11:20:12,0.185016
2024-07-08 11:20:13,0.153792
2024-07-08 11:20:14,0.165664
2024-07-08 11:20:15,0.143584
2024-07-08 11:20:16,0.127792
2024-07-08 11:20:17,0.151488
2024-07-08 11:20:18,0.13172
2024-07-08 11:20:19,0.150168
2024-07-08 11:20:20,0.236512
2024-07-08 11:20:21,0.214488
2024-07-08 11:20:22,0.16956
2024-07-08 11:20:23,0.189008
2024-07-08 11:20:24,0.171608
2024-07-08 11:20:25,0.177432
2024-07-08 11:20:26,0.163632
2024-07-08 11:20:27,0.114928
2024-07-08 11:20:28,0.10248
2024-07-08 11:20:29,0.107552
2024-07-08 11:20:30,0.106544
2024-07-08 11:20:31,0.10432
2024-07-08 11:20:32,0.142128
2024-07-08 11:20:33,0.133536
2024-07-08 11:20:34,0.149776
2024-07-08 11:20:35,0.161648
2024-07-08 11:20:36,0.159424
2024-07-08 11:20:37,0.129736
2024-07-08 11:20:38,0.147088
2024-07-08 11:20:39,0.140624
2024-07-08 11:20:40,0.16424
2024-07-08 11:20:41,0.141128
2024-07-08 11:20:42,0.145696
2024-07-08 11:20:43,0.131624
2024-07-08 11:20:44,0.130408
2024-07-08 11:20:45,0.12044
2024-07-08 11:20:46,0.11952
2024-07-08 11:20:47,0.158688
2024-07-08 11:20:48,0.167448
2024-07-08 11:20:49,0.129848
2024-07-08 11:20:50,0.164504
2024-07-08 11:20:51,0.172144
2024-07-08 11:20:52,0.119552
2024-07-08 11:20:53,0.15456
2024-07-08 11:20:54,0.12856
2024-07-08 11:20:55,0.173216
2024-07-08 11:20:56,0.141208
2024-07-08 11:20:57,0.13792
2024-07-08 11:20:58,0.121432
2024-07-08 11:20:59,0.10652
2024-07-08 11:21:00,0.119976
2024-07-08 11:21:01,0.13204
2024-07-08 11:21:02,0.132952
2024-07-08 11:21:03,0.14024
2024-07-08 11:21:04,0.198224
2024-07-08 11:21:05,0.165224
2024-07-08 11:21:06,0.154976
2024-07-08 11:21:07,0.147056
2024-07-08 11:21:08,0.146032
2024-07-08 11:21:09,0.200664
2024-07-08 11:21:10,0.157304
2024-07-08 11:21:11,0.162792
2024-07-08 11:21:12,0.177056
2024-07-08 11:21:13,0.160336
2024-07-08 11:21:14,0.167088
2024-07-08 11:21:15,0.163576
2024-07-08 11:21:16,0.154208
2024-07-08 11:21:17,0.161264
2024-07-08 11:21:18,0.174136
2024-07-08 11:21:19,0.180968
2024-07-08 11:21:20,0.16184
2024-07-08 11:21:21,0.133152
2024-07-08 11:21:22,0.169112
2024-07-08 11:21:23,0.192216
2024-07-08 11:21:24,0.182208
2024-07-08 11:21:25,0.144976
2024-07-08 11:21:26,0.143552
2024-07-08 11:21:27,0.130568
2024-07-08 11:21:28,0.09104
2024-07-08 11:21:29,0.086936
2024-07-08 11:21:30,0.089768
2024-07-08 11:21:31,0.090944
2024-07-08 11:21:32,0.099888
2024-07-08 11:21:33,0.145544
2024-07-08 11:21:34,0.137592
2024-07-08 11:21:35,0.166472
2024-07-08 11:21:36,0.164488
2024-07-08 11:21:37,0.142608
2024-07-08 11:21:38,0.181104
2024-07-08 11:21:39,0.19408
2024-07-08 11:21:40,0.126152
2024-07-08 11:21:41,0.130008
2024-07-08 11:21:42,0.18396
2024-07-08 11:21:43,0.199696
2024-07-08 11:21:44,0.189432
2024-07-08 11:21:45,0.15436
2024-07-08 11:21:46,0.154872
2024-07-08 11:21:47,0.115704
2024-07-08 11:21:48,0.142776
2024-07-08 11:21:49,0.170912
2024-07-08 11:21:50,0.174336
2024-07-08 11:21:51,0.173392
2024-07-08 11:21:52,0.135984
2024-07-08 11:21:53,0.127296
2024-07-08 11:21:54,0.105184
2024-07-08 11:21:55,0.102752
2024-07-08 11:21:56,0.113912
2024-07-08 11:21:57,0.110624
2024-07-08 11:21:58,0.146384
2024-07-08 11:21:59,0.11044
2024-07-08 11:22:00,0.098472
2024-07-08 11:22:01,0.143632
2024-07-08 11:22:02,0.120352
2024-07-08 11:22:03,0.12812
2024-07-08 11:22:04,0.160776
2024-07-08 11:22:05,0.132656
2024-07-08 11:22:06,0.1278
2024-07-08 11:22:07,0.131256
2024-07-08 11:22:08,0.130976
2024-07-08 11:22:09,0.126816
2024-07-08 11:22:10,0.128208
2024-07-08 11:22:11,0.115768
2024-07-08 11:22:12,0.129808
2024-07-08 11:22:13,0.137848
2024-07-08 11:22:14,0.15776
2024-07-08 11:22:15,0.139424
2024-07-08 11:22:16,0.146032
2024-07-08 11:22:17,0.1234
2024-07-08 11:22:18,0.109
2024-07-08 11:22:19,0.1138
2024-07-08 11:22:20,0.118472
2024-07-08 11:22:21,0.122656
2024-07-08 11:22:22,0.13808
2024-07-08 11:22:23,0.116696
2024-07-08 11:22:24,0.117984
2024-07-08 11:22:25,0.130896
2024-07-08 11:22:26,0.130352
2024-07-08 11:22:27,0.122744
2024-07-08 11:22:28,0.130472
2024-07-08 11:22:29,0.13756
2024-07-08 11:22:30,0.131616
2024-07-08 11:22:31,0.217728
2024-07-08 11:22:32,0.209848
2024-07-08 11:22:33,0.21508
2024-07-08 11:22:34,0.133232
2024-07-08 11:22:35,0.17896
2024-07-08 11:22:36,0.166832
2024-07-08 11:22:37,0.169568
2024-07-08 11:22:38,0.16332
2024-07-08 11:22:39,0.163504
2024-07-08 11:22:40,0.158808
2024-07-08 11:22:41,0.146952
2024-07-08 11:22:42,0.169728
2024-07-08 11:22:43,0.137032
2024-07-08 11:22:44,0.13432
2024-07-08 11:22:45,0.162
2024-07-08 11:22:46,0.166024
2024-07-08 11:22:47,0.189896
2024-07-08 11:22:48,0.157968
2024-07-08 11:22:49,0.134784
2024-07-08 11:22:50,0.120472
2024-07-08 11:22:51,0.08852
2024-07-08 11:22:52,0.096256
2024-07-08 11:22:53,0.106136
2024-07-08 11:22:54,0.127568
2024-07-08 11:22:55,0.148136
2024-07-08 11:22:56,0.14256
2024-07-08 11:22:57,0.132864
2024-07-08 11:22:58,0.139992
2024-07-08 11:22:59,0.166696
2024-07-08 11:23:00,0.137704
2024-07-08 11:23:01,0.186
2024-07-08 11:23:02,0.105808
2024-07-08 11:23:03,0.122544
2024-07-08 11:23:04,0.143664
2024-07-08 11:23:05,0.103376
2024-07-08 11:23:06,0.104136
2024-07-08 11:23:07,0.102824
2024-07-08 11:23:08,0.101088
2024-07-08 11:23:09,0.105584
2024-07-08 11:23:10,0.136176
2024-07-08 11:23:11,0.163752
2024-07-08 11:23:12,0.148336
2024-07-08 11:23:13,0.130632
2024-07-08 11:23:14,0.173488
2024-07-08 11:23:15,0.169208
2024-07-08 11:23:16,0.12696
2024-07-08 11:23:17,0.138432
2024-07-08 11:23:18,0.12232
2024-07-08 11:23:19,0.123224
2024-07-08 11:23:20,0.099112
2024-07-08 11:23:21,0.091736
2024-07-08 11:23:22,0.131744
2024-07-08 11:23:23,0.131328
2024-07-08 11:23:24,0.141872
2024-07-08 11:23:25,0.117448
2024-07-08 11:23:26,0.098472
2024-07-08 11:23:27,0.099248
2024-07-08 11:23:28,0.105944
2024-07-08 11:23:29,0.108072
2024-07-08 11:23:30,0.113224
2024-07-08 11:23:31,0.129744
2024-07-08 11:23:32,0.149952
2024-07-08 11:23:33,0.146224
2024-07-08 11:23:34,0.151456
2024-07-08 11:23:35,0.126208
2024-07-08 11:23:36,0.13412
2024-07-08 11:23:37,0.129344
2024-07-08 11:23:38,0.157808
2024-07-08 11:23:39,0.139768
2024-07-08 11:23:40,0.21048
2024-07-08 11:23:41,0.164464
2024-07-08 11:23:42,0.161136
2024-07-08 11:23:43,0.183888
2024-07-08 11:23:44,0.218712
2024-07-08 11:23:45,0.186664
2024-07-08 11:23:46,0.185808
2024-07-08 11:23:47,0.200912
2024-07-08 11:23:48,0.202216
2024-07-08 11:23:49,0.209
2024-07-08 11:23:50,0.140376
2024-07-08 11:23:51,0.125088
2024-07-08 11:23:52,0.129056
2024-07-08 11:23:53,0.127744
2024-07-08 11:23:54,0.091856
2024-07-08 11:23:55,0.13816
2024-07-08 11:23:56,0.11312
2024-07-08 11:23:57,0.112008
2024-07-08 11:23:58,0.086256
2024-07-08 11:23:59,0.091304
2024-07-08 11:24:00,0.105832
2024-07-08 11:24:01,0.124872
2024-07-08 11:24:02,0.141432
2024-07-08 11:24:03,0.145568
2024-07-08 11:24:04,0.205832
2024-07-08 11:24:05,0.14792
2024-07-08 11:24:06,0.13028
2024-07-08 11:24:07,0.135368
2024-07-08 11:24:08,0.163032
2024-07-08 11:24:09,0.179624
2024-07-08 11:24:10,0.168816
2024-07-08 11:24:11,0.226
2024-07-08 11:24:12,0.182264
2024-07-08 11:24:13,0.153096
2024-07-08 11:24:14,0.159544
2024-07-08 11:24:15,0.146176
2024-07-08 11:24:16,0.187448
2024-07-08 11:24:17,0.12352
2024-07-08 11:24:18,0.143168
2024-07-08 11:24:19,0.155024
2024-07-08 11:24:20,0.111688
2024-07-08 11:24:21,0.116008
2024-07-08 11:24:22,0.128544
2024-07-08 11:24:23,0.123656
2024-07-08 11:24:24,0.106376
2024-07-08 11:24:25,0.111392
2024-07-08 11:24:26,0.0946
2024-07-08 11:24:27,0.080568
2024-07-08 11:24:28,0.075512
2024-07-08 11:24:29,0.090328
2024-07-08 11:24:30,0.098256
2024-07-08 11:24:31,0.125352
2024-07-08 11:24:32,0.111016
2024-07-08 11:24:33,0.111184
2024-07-08 11:24:34,0.150208
2024-07-08 11:24:35,0.139592
2024-07-08 11:24:36,0.11888
2024-07-08 11:24:37,0.12792
2024-07-08 11:24:38,0.11084
2024-07-08 11:24:39,0.127344
2024-07-08 11:24:40,0.146312
2024-07-08 11:24:41,0.155424
2024-07-08 11:24:42,0.161168
2024-07-08 11:24:43,0.165744
2024-07-08 11:24:44,0.146768
2024-07-08 11:24:45,0.14284
2024-07-08 11:24:46,0.13692
2024-07-08 11:24:47,0.124848
2024-07-08 11:24:48,0.109992
2024-07-08 11:24:49,0.097296
2024-07-08 11:24:50,0.11588
2024-07-08 11:24:51,0.095424
2024-07-08 11:24:52,0.077128
2024-07-08 11:24:53,0.071896
2024-07-08 11:24:54,0.10032
2024-07-08 11:24:55,0.116528
2024-07-08 11:24:56,0.147232
2024-07-08 11:24:57,0.16612
2024-07-08 11:24:58,0.150272
2024-07-08 11:24:59,0.1404
2024-07-08 11:25:00,0.152576
2024-07-08 11:25:01,0.160256
2024-07-08 11:25:02,0.131896
2024-07-08 11:25:03,0.107904
2024-07-08 11:25:04,0.16364
2024-07-08 11:25:05,0.112792
2024-07-08 11:25:06,0.140448
2024-07-08 11:25:07,0.174024
2024-07-08 11:25:08,0.155432
2024-07-08 11:25:09,0.1438
2024-07-08 11:25:10,0.185312
2024-07-08 11:25:11,0.206088
2024-07-08 11:25:12,0.20188
2024-07-08 11:25:13,0.227248
2024-07-08 11:25:14,0.2812
2024-07-08 11:25:15,0.24428
2024-07-08 11:25:16,0.197536
2024-07-08 11:25:17,0.166192
2024-07-08 11:25:18,0.198992
2024-07-08 11:25:19,0.207048
2024-07-08 11:25:20,0.186712
2024-07-08 11:25:21,0.20488
2024-07-08 11:25:22,0.160568
2024-07-08 11:25:23,0.110352
2024-07-08 11:25:24,0.098848
2024-07-08 11:25:25,0.115656
2024-07-08 11:25:26,0.092464
2024-07-08 11:25:27,0.090752
2024-07-08 11:25:28,0.091568
2024-07-08 11:25:29,0.13052
2024-07-08 11:25:30,0.133312
2024-07-08 11:25:31,0.130632
2024-07-08 11:25:32,0.134944
2024-07-08 11:25:33,0.121184
2024-07-08 11:25:34,0.164576
2024-07-08 11:25:35,0.157248
2024-07-08 11:25:36,0.183624
2024-07-08 11:25:37,0.190952
2024-07-08 11:25:38,0.158064
2024-07-08 11:25:39,0.189296
2024-07-08 11:25:40,0.156552
2024-07-08 11:25:41,0.125192
2024-07-08 11:25:42,0.13364
2024-07-08 11:25:43,0.115488
2024-07-08 11:25:44,0.110608
2024-07-08 11:25:45,0.138192
2024-07-08 11:25:46,0.129864
2024-07-08 11:25:47,0.118592
2024-07-08 11:25:48,0.122376
2024-07-08 11:25:49,0.13508
2024-07-08 11:25:50,0.0956
2024-07-08 11:25:51,0.086784
2024-07-08 11:25:52,0.084816
2024-07-08 11:25:53,0.09592
2024-07-08 11:25:54,0.096504
2024-07-08 11:25:55,0.105064
2024-07-08 11:25:56,0.113256
2024-07-08 11:25:57,0.10356
2024-07-08 11:25:58,0.115872
2024-07-08 11:25:59,0.115872
2024-07-08 11:26:00,0.129504
2024-07-08 11:26:01,0.144184
2024-07-08 11:26:02,0.128456
2024-07-08 11:26:03,0.120672
2024-07-08 11:26:04,0.143296
2024-07-08 11:26:05,0.101464
2024-07-08 11:26:06,0.163296
2024-07-08 11:26:07,0.151336
2024-07-08 11:26:08,0.128168
2024-07-08 11:26:09,0.117656
2024-07-08 11:26:10,0.14956
2024-07-08 11:26:11,0.145584
2024-07-08 11:26:12,0.161832
2024-07-08 11:26:13,0.165776
2024-07-08 11:26:14,0.14352
2024-07-08 11:26:15,0.110776
2024-07-08 11:26:16,0.120016
2024-07-08 11:26:17,0.096176
2024-07-08 11:26:18,0.136024
2024-07-08 11:26:19,0.098088
2024-07-08 11:26:20,0.108888
2024-07-08 11:26:21,0.096464
2024-07-08 11:26:22,0.132464
2024-07-08 11:26:23,0.125952
2024-07-08 11:26:24,0.167008
2024-07-08 11:26:25,0.151384
2024-07-08 11:26:26,0.136936
2024-07-08 11:26:27,0.140424
2024-07-08 11:26:28,0.180168
2024-07-08 11:26:29,0.16776
2024-07-08 11:26:30,0.182792
2024-07-08 11:26:31,0.183552
2024-07-08 11:26:32,0.132376
2024-07-08 11:26:33,0.14228
2024-07-08 11:26:34,0.126344
2024-07-08 11:26:35,0.121248
2024-07-08 11:26:36,0.0932
2024-07-08 11:26:37,0.116448
2024-07-08 11:26:38,0.113544
2024-07-08 11:26:39,0.102448
2024-07-08 11:26:40,0.13372
2024-07-08 11:26:41,0.136656
2024-07-08 11:26:42,0.135912
2024-07-08 11:26:43,0.172008
2024-07-08 11:26:44,0.170712
2024-07-08 11:26:45,0.157088
2024-07-08 11:26:46,0.160968
2024-07-08 11:26:47,0.172704
2024-07-08 11:26:48,0.180104
2024-07-08 11:26:49,0.145688
2024-07-08 11:26:50,0.10976
2024-07-08 11:26:51,0.100008
2024-07-08 11:26:52,0.102648
2024-07-08 11:26:53,0.103712
2024-07-08 11:26:54,0.109272
2024-07-08 11:26:55,0.103088
2024-07-08 11:26:56,0.108048
2024-07-08 11:26:57,0.128984
2024-07-08 11:26:58,0.177016
2024-07-08 11:26:59,0.147984
2024-07-08 11:27:00,0.127968
2024-07-08 11:27:01,0.182808
2024-07-08 11:27:02,0.156056
2024-07-08 11:27:03,0.157312
2024-07-08 11:27:04,0.17516
2024-07-08 11:27:05,0.107848
2024-07-08 11:27:06,0.1004
2024-07-08 11:27:07,0.105024
2024-07-08 11:27:08,0.1002
2024-07-08 11:27:09,0.144776
2024-07-08 11:27:10,0.230648
2024-07-08 11:27:11,0.175376
2024-07-08 11:27:12,0.18776
2024-07-08 11:27:13,0.193672
2024-07-08 11:27:14,0.16224
2024-07-08 11:27:15,0.14436
2024-07-08 11:27:16,0.117536
2024-07-08 11:27:17,0.117256
2024-07-08 11:27:18,0.094592
2024-07-08 11:27:19,0.129136
2024-07-08 11:27:20,0.114416
2024-07-08 11:27:21,0.121104
2024-07-08 11:27:22,0.119504
2024-07-08 11:27:23,0.10764
2024-07-08 11:27:24,0.114184
2024-07-08 11:27:25,0.099896
2024-07-08 11:27:26,0.14956
2024-07-08 11:27:27,0.1578
2024-07-08 11:27:28,0.148864
2024-07-08 11:27:29,0.19504
2024-07-08 11:27:30,0.2142
2024-07-08 11:27:31,0.173912
2024-07-08 11:27:32,0.15832
2024-07-08 11:27:33,0.150064
2024-07-08 11:27:34,0.146312
2024-07-08 11:27:35,0.1718
2024-07-08 11:27:36,0.156576
2024-07-08 11:27:37,0.190448
2024-07-08 11:27:38,0.189624
2024-07-08 11:27:39,0.20148
2024-07-08 11:27:40,0.186992
2024-07-08 11:27:41,0.190584
2024-07-08 11:27:42,0.22044
2024-07-08 11:27:43,0.187536
2024-07-08 11:27:44,0.171072
2024-07-08 11:27:45,0.18168
2024-07-08 11:27:46,0.155144
2024-07-08 11:27:47,0.172792
2024-07-08 11:27:48,0.173992
2024-07-08 11:27:49,0.14796
2024-07-08 11:27:50,0.153424
2024-07-08 11:27:51,0.139856
2024-07-08 11:27:52,0.136688
2024-07-08 11:27:53,0.131704
2024-07-08 11:27:54,0.15044
2024-07-08 11:27:55,0.14876
2024-07-08 11:27:56,0.1584
2024-07-08 11:27:57,0.15952
2024-07-08 11:27:58,0.128776
2024-07-08 11:27:59,0.136776
2024-07-08 11:28:00,0.154792
2024-07-08 11:28:01,0.143032
2024-07-08 11:28:02,0.138688
2024-07-08 11:28:03,0.16372
2024-07-08 11:28:04,0.188216
2024-07-08 11:28:05,0.176024
2024-07-08 11:28:06,0.190568
2024-07-08 11:28:07,0.210872
2024-07-08 11:28:08,0.185488
2024-07-08 11:28:09,0.13528
2024-07-08 11:28:10,0.132008
2024-07-08 11:28:11,0.183736
2024-07-08 11:28:12,0.234152
2024-07-08 11:28:13,0.163256
2024-07-08 11:28:14,0.155328
2024-07-08 11:28:15,0.16836
2024-07-08 11:28:16,0.132928
2024-07-08 11:28:17,0.151064
2024-07-08 11:28:18,0.14952
2024-07-08 11:28:19,0.127768
2024-07-08 11:28:20,0.128768
2024-07-08 11:28:21,0.119016
2024-07-08 11:28:22,0.109
2024-07-08 11:28:23,0.15344
2024-07-08 11:28:24,0.122424
2024-07-08 11:28:25,0.114064
2024-07-08 11:28:26,0.123056
2024-07-08 11:28:27,0.156496
2024-07-08 11:28:28,0.159384
2024-07-08 11:28:29,0.180456
2024-07-08 11:28:30,0.152408
2024-07-08 11:28:31,0.106384
2024-07-08 11:28:32,0.106904
2024-07-08 11:28:33,0.132576
2024-07-08 11:28:34,0.137776
2024-07-08 11:28:35,0.117312
2024-07-08 11:28:36,0.151544
2024-07-08 11:28:37,0.131216
2024-07-08 11:28:38,0.164432
2024-07-08 11:28:39,0.174472
2024-07-08 11:28:40,0.218776
2024-07-08 11:28:41,0.173304
2024-07-08 11:28:42,0.170672
2024-07-08 11:28:43,0.176464
2024-07-08 11:28:44,0.143624
2024-07-08 11:28:45,0.147312
2024-07-08 11:28:46,0.141504
2024-07-08 11:28:47,0.128592
2024-07-08 11:28:48,0.135368
2024-07-08 11:28:49,0.124
2024-07-08 11:28:50,0.133776
2024-07-08 11:28:51,0.097488
2024-07-08 11:28:52,0.130624
2024-07-08 11:28:53,0.128672
2024-07-08 11:28:54,0.13572
2024-07-08 11:28:55,0.136328
2024-07-08 11:28:56,0.166864
2024-07-08 11:28:57,0.134896
2024-07-08 11:28:58,0.130136
2024-07-08 11:28:59,0.122624
2024-07-08 11:29:00,0.096032
2024-07-08 11:29:01,0.118872
2024-07-08 11:29:02,0.105032
2024-07-08 11:29:03,0.116072
2024-07-08 11:29:04,0.176616
2024-07-08 11:29:05,0.158696
2024-07-08 11:29:06,0.163072
2024-07-08 11:29:07,0.176936
2024-07-08 11:29:08,0.219552
2024-07-08 11:29:09,0.2136
2024-07-08 11:29:10,0.166088
2024-07-08 11:29:11,0.209288
2024-07-08 11:29:12,0.178632
2024-07-08 11:29:13,0.200776
2024-07-08 11:29:14,0.223136
2024-07-08 11:29:15,0.20324
2024-07-08 11:29:16,0.18028
2024-07-08 11:29:17,0.190592
2024-07-08 11:29:18,0.225216
2024-07-08 11:29:19,0.157696
2024-07-08 11:29:20,0.133896
2024-07-08 11:29:21,0.149792
2024-07-08 11:29:22,0.138592
2024-07-08 11:29:23,0.149872
2024-07-08 11:29:24,0.17252
2024-07-08 11:29:25,0.16076
2024-07-08 11:29:26,0.1954
2024-07-08 11:29:27,0.187416
2024-07-08 11:29:28,0.183184
2024-07-08 11:29:29,0.161872
2024-07-08 11:29:30,0.17752
2024-07-08 11:29:31,0.170072
2024-07-08 11:29:32,0.157048
2024-07-08 11:29:33,0.151528
2024-07-08 11:29:34,0.13832
2024-07-08 11:29:35,0.142464
2024-07-08 11:29:36,0.115
2024-07-08 11:29:37,0.128832
2024-07-08 11:29:38,0.126888
2024-07-08 11:29:39,0.1252
2024-07-08 11:29:40,0.167032
2024-07-08 11:29:41,0.180944
2024-07-08 11:29:42,0.156784
2024-07-08 11:29:43,0.140472
2024-07-08 11:29:44,0.174816
2024-07-08 11:29:45,0.155176
2024-07-08 11:29:46,0.145136
2024-07-08 11:29:47,0.158584
2024-07-08 11:29:48,0.166048
2024-07-08 11:29:49,0.163744
2024-07-08 11:29:50,0.181312
2024-07-08 11:29:51,0.2136
2024-07-08 11:29:52,0.197976
2024-07-08 11:29:53,0.238248
2024-07-08 11:29:54,0.266328
2024-07-08 11:29:55,0.23404
2024-07-08 11:29:56,0.215296
2024-07-08 11:29:57,0.18936
2024-07-08 11:29:58,0.120304
2024-07-08 11:29:59,0.106432
2024-07-08 11:30:00,0.095488
2024-07-08 11:30:01,0.080536
2024-07-08 11:30:02,0.095944
2024-07-08 11:30:03,0.106568
2024-07-08 11:30:04,0.102264
2024-07-08 11:30:05,0.14756
2024-07-08 11:30:06,0.156616
2024-07-08 11:30:07,0.134656
2024-07-08 11:30:08,0.134528
2024-07-08 11:30:09,0.098952
2024-07-08 11:30:10,0.116448
2024-07-08 11:30:11,0.086968
2024-07-08 11:30:12,0.12692
2024-07-08 11:30:13,0.13152
2024-07-08 11:30:14,0.108624
2024-07-08 11:30:15,0.10404
2024-07-08 11:30:16,0.080432
2024-07-08 11:30:17,0.080264
2024-07-08 11:30:18,0.113712
2024-07-08 11:30:19,0.097744
2024-07-08 11:30:20,0.097632
2024-07-08 11:30:21,0.126632
2024-07-08 11:30:22,0.129056
2024-07-08 11:30:23,0.143088
2024-07-08 11:30:24,0.149616
2024-07-08 11:30:25,0.149216
2024-07-08 11:30:26,0.18456
2024-07-08 11:30:27,0.120536
2024-07-08 11:30:28,0.099144
2024-07-08 11:30:29,0.117624
2024-07-08 11:30:30,0.096496
2024-07-08 11:30:31,0.06084
2024-07-08 11:30:32,0.07264
2024-07-08 11:30:33,0.070344
2024-07-08 11:30:34,0.063592
2024-07-08 11:30:35,0.101312
2024-07-08 11:30:36,0.133976
2024-07-08 11:30:37,0.130952
2024-07-08 11:30:38,0.126632
2024-07-08 11:30:39,0.129328
2024-07-08 11:30:40,0.125128
2024-07-08 11:30:41,0.114336
2024-07-08 11:30:42,0.121048
2024-07-08 11:30:43,0.140928
2024-07-08 11:30:44,0.153656
2024-07-08 11:30:45,0.13052
2024-07-08 11:30:46,0.122288
2024-07-08 11:30:47,0.153104
2024-07-08 11:30:48,0.143024
2024-07-08 11:30:49,0.133416
2024-07-08 11:30:50,0.15896
2024-07-08 11:30:51,0.16896
2024-07-08 11:30:52,0.162592
2024-07-08 11:30:53,0.201928
2024-07-08 11:30:54,0.170808
2024-07-08 11:30:55,0.136464
2024-07-08 11:30:56,0.164328
2024-07-08 11:30:57,0.184776
2024-07-08 11:30:58,0.169144
2024-07-08 11:30:59,0.161224
2024-07-08 11:31:00,0.152848
2024-07-08 11:31:01,0.162536
2024-07-08 11:31:02,0.172648
2024-07-08 11:31:03,0.113704
2024-07-08 11:31:04,0.14668
2024-07-08 11:31:05,0.09756
2024-07-08 11:31:06,0.08228
2024-07-08 11:31:07,0.135144
2024-07-08 11:31:08,0.100344
2024-07-08 11:31:09,0.107744
2024-07-08 11:31:10,0.15052
2024-07-08 11:31:11,0.137832
2024-07-08 11:31:12,0.156824
2024-07-08 11:31:13,0.138656
2024-07-08 11:31:14,0.10256
2024-07-08 11:31:15,0.107696
2024-07-08 11:31:16,0.104832
2024-07-08 11:31:17,0.11944
2024-07-08 11:31:18,0.124288
2024-07-08 11:31:19,0.101056
2024-07-08 11:31:20,0.091496
2024-07-08 11:31:21,0.130368
2024-07-08 11:31:22,0.139952
2024-07-08 11:31:23,0.149184
2024-07-08 11:31:24,0.157872
2024-07-08 11:31:25,0.15228
2024-07-08 11:31:26,0.132312
2024-07-08 11:31:27,0.13924
2024-07-08 11:31:28,0.137
2024-07-08 11:31:29,0.154608
2024-07-08 11:31:30,0.159024
2024-07-08 11:31:31,0.159208
2024-07-08 11:31:32,0.168368
2024-07-08 11:31:33,0.147512
2024-07-08 11:31:34,0.134296
2024-07-08 11:31:35,0.193832
2024-07-08 11:31:36,0.13992
2024-07-08 11:31:37,0.140768
2024-07-08 11:31:38,0.185216
2024-07-08 11:31:39,0.189808
2024-07-08 11:31:40,0.173616
2024-07-08 11:31:41,0.161008
2024-07-08 11:31:42,0.18312
2024-07-08 11:31:43,0.145688
2024-07-08 11:31:44,0.13552
2024-07-08 11:31:45,0.126616
2024-07-08 11:31:46,0.107064
2024-07-08 11:31:47,0.123384
2024-07-08 11:31:48,0.10768
2024-07-08 11:31:49,0.141328
2024-07-08 11:31:50,0.149944
2024-07-08 11:31:51,0.173392
2024-07-08 11:31:52,0.108696
2024-07-08 11:31:53,0.109168
2024-07-08 11:31:54,0.134576
2024-07-08 11:31:55,0.176328
2024-07-08 11:31:56,0.202312
2024-07-08 11:31:57,0.188072
2024-07-08 11:31:58,0.190984
2024-07-08 11:31:59,0.201544
2024-07-08 11:32:00,0.241128
2024-07-08 11:32:01,0.151448
2024-07-08 11:32:02,0.15428
2024-07-08 11:32:03,0.146192
2024-07-08 11:32:04,0.136336
2024-07-08 11:32:05,0.121216
2024-07-08 11:32:06,0.127688
2024-07-08 11:32:07,0.112688
2024-07-08 11:32:08,0.118848
2024-07-08 11:32:09,0.167152
2024-07-08 11:32:10,0.14556
2024-07-08 11:32:11,0.130424
2024-07-08 11:32:12,0.120968
2024-07-08 11:32:13,0.112688
2024-07-08 11:32:14,0.114288
2024-07-08 11:32:15,0.118
2024-07-08 11:32:16,0.130928
2024-07-08 11:32:17,0.15064
2024-07-08 11:32:18,0.156968
2024-07-08 11:32:19,0.179576
2024-07-08 11:32:20,0.175072
2024-07-08 11:32:21,0.14892
2024-07-08 11:32:22,0.200408
2024-07-08 11:32:23,0.17436
2024-07-08 11:32:24,0.14228
2024-07-08 11:32:25,0.151768
2024-07-08 11:32:26,0.187112
2024-07-08 11:32:27,0.200016
2024-07-08 11:32:28,0.192528
2024-07-08 11:32:29,0.173008
2024-07-08 11:32:30,0.19824
2024-07-08 11:32:31,0.132016
2024-07-08 11:32:32,0.130096
2024-07-08 11:32:33,0.12044
2024-07-08 11:32:34,0.118968
2024-07-08 11:32:35,0.103232
2024-07-08 11:32:36,0.112592
2024-07-08 11:32:37,0.1624
2024-07-08 11:32:38,0.157544
2024-07-08 11:32:39,0.235336
2024-07-08 11:32:40,0.216264
2024-07-08 11:32:41,0.215352
2024-07-08 11:32:42,0.270936
2024-07-08 11:32:43,0.216952
2024-07-08 11:32:44,0.230072
2024-07-08 11:32:45,0.2026
2024-07-08 11:32:46,0.2126
2024-07-08 11:32:47,0.191496
2024-07-08 11:32:48,0.220128
2024-07-08 11:32:49,0.231008
2024-07-08 11:32:50,0.261424
2024-07-08 11:32:51,0.204464
2024-07-08 11:32:52,0.201424
2024-07-08 11:32:53,0.166968
2024-07-08 11:32:54,0.187944
2024-07-08 11:32:55,0.19948
2024-07-08 11:32:56,0.197152
2024-07-08 11:32:57,0.186144
2024-07-08 11:32:58,0.233064
2024-07-08 11:32:59,0.165232
2024-07-08 11:33:00,0.161752
2024-07-08 11:33:01,0.066576
2024-07-08 11:33:02,0.060016
2024-07-08 11:33:03,0.058832
2024-07-08 11:33:04,0.067616
2024-07-08 11:33:05,0.052952
2024-07-08 11:33:06,0.00444
2024-07-08 11:37:38,0.134336
2024-07-08 11:37:39,0.004888
2024-07-08 11:37:40,0.019584
2024-07-08 11:37:41,0.006112
2024-07-08 11:37:42,0.013056
2024-07-08 11:37:43,0.04416
2024-07-08 11:37:44,0.043256
2024-07-08 11:37:45,0.027144
2024-07-08 11:37:46,0.037712
2024-07-08 11:37:47,0.334936
2024-07-08 11:37:48,0.09088
2024-07-08 11:37:49,0.043528
2024-07-08 11:37:50,0.04024
2024-07-08 11:37:51,0.03768
2024-07-08 11:37:52,0.035368
2024-07-08 11:37:53,0.040848
2024-07-08 11:37:54,0.262328
2024-07-08 11:37:55,0.02808
2024-07-08 11:37:56,0.048752
2024-07-08 11:37:57,0.040816
2024-07-08 11:37:58,0.046248
2024-07-08 11:37:59,0.077272
2024-07-08 11:38:00,0.057448
2024-07-08 11:38:01,0.030184
2024-07-08 11:38:02,0.030616
2024-07-08 11:38:03,0.032032
2024-07-08 11:38:04,0.039432
2024-07-08 11:38:05,0.023568
2024-07-08 11:38:06,0.01864
2024-07-08 11:38:07,0.02144
2024-07-08 11:38:08,0.02312
2024-07-08 11:38:09,0.059792
2024-07-08 11:38:10,0.055424
2024-07-08 11:38:11,0.0542
2024-07-08 11:38:12,0.048648
2024-07-08 11:38:13,0.034848
2024-07-08 11:38:14,0.04508
2024-07-08 11:38:15,0.032024
2024-07-08 11:38:16,0.05548
2024-07-08 11:38:17,0.05212
2024-07-08 11:38:18,0.046376
2024-07-08 11:38:19,0.050008
2024-07-08 11:38:20,0.061504
2024-07-08 11:38:21,0.04596
2024-07-08 11:38:22,0.045288
2024-07-08 11:38:23,0.056528
2024-07-08 11:38:24,0.056688
2024-07-08 11:38:25,0.03552
2024-07-08 11:38:26,0.05348
2024-07-08 11:38:27,0.049592
2024-07-08 11:38:28,0.052448
2024-07-08 11:38:29,0.041296
2024-07-08 11:38:30,0.029064
2024-07-08 11:38:31,0.037192
2024-07-08 11:38:32,0.062704
2024-07-08 11:38:33,0.032392
2024-07-08 11:38:34,0.064568
2024-07-08 11:38:35,0.041312
2024-07-08 11:38:36,0.04576
2024-07-08 11:38:37,0.043104
2024-07-08 11:38:38,0.077904
2024-07-08 11:38:39,0.083752
2024-07-08 11:38:40,0.078904
2024-07-08 11:38:41,0.069632
2024-07-08 11:38:42,0.074056
2024-07-08 11:38:43,0.092584
2024-07-08 11:38:44,0.07444
2024-07-08 11:38:45,0.09416
2024-07-08 11:38:46,0.055712
2024-07-08 11:38:47,0.076552
2024-07-08 11:38:48,0.070776
2024-07-08 11:38:49,0.060368
2024-07-08 11:38:50,0.07036
2024-07-08 11:38:51,0.06996
2024-07-08 11:38:52,0.0704
2024-07-08 11:38:53,0.071512
2024-07-08 11:38:54,0.09416
2024-07-08 11:38:55,0.081016
2024-07-08 11:38:56,0.045704
2024-07-08 11:38:57,0.080336
2024-07-08 11:38:58,0.064184
2024-07-08 11:38:59,0.056424
2024-07-08 11:39:00,0.07768
2024-07-08 11:39:01,0.057592
2024-07-08 11:39:02,0.084136
2024-07-08 11:39:03,0.078048
2024-07-08 11:39:04,0.063712
2024-07-08 11:39:05,0.05688
2024-07-08 11:39:06,0.06452
2024-07-08 11:39:07,0.058248
2024-07-08 11:39:08,0.054792
2024-07-08 11:39:09,0.07584
2024-07-08 11:39:10,0.070744
2024-07-08 11:39:11,0.059928
2024-07-08 11:39:12,0.04556
2024-07-08 11:39:13,0.077264
2024-07-08 11:39:14,0.07664
2024-07-08 11:39:15,0.073464
2024-07-08 11:39:16,0.049872
2024-07-08 11:39:17,0.052128
2024-07-08 11:39:18,0.067472
2024-07-08 11:39:19,0.065288
2024-07-08 11:39:20,0.073536
2024-07-08 11:39:21,0.05324
2024-07-08 11:39:22,0.082568
2024-07-08 11:39:23,0.122192
2024-07-08 11:39:24,0.081176
2024-07-08 11:39:25,0.139256
2024-07-08 11:39:26,0.121784
2024-07-08 11:39:27,0.132816
2024-07-08 11:39:28,0.110728
2024-07-08 11:39:29,0.113328
2024-07-08 11:39:30,0.115808
2024-07-08 11:39:31,0.106952
2024-07-08 11:39:32,0.123544
2024-07-08 11:39:33,0.111792
2024-07-08 11:39:34,0.114296
2024-07-08 11:39:35,0.118976
2024-07-08 11:39:36,0.116952
2024-07-08 11:39:37,0.1276
2024-07-08 11:39:38,0.118552
2024-07-08 11:39:39,0.142832
2024-07-08 11:39:40,0.1316
2024-07-08 11:39:41,0.127176
2024-07-08 11:39:42,0.12616
2024-07-08 11:39:43,0.120856
2024-07-08 11:39:44,0.145184
2024-07-08 11:39:45,0.139928
2024-07-08 11:39:46,0.126984
2024-07-08 11:39:47,0.119376
2024-07-08 11:39:48,0.12368
2024-07-08 11:39:49,0.108248
2024-07-08 11:39:50,0.113256
2024-07-08 11:39:51,0.139488
2024-07-08 11:39:52,0.118864
2024-07-08 11:39:53,0.139832
2024-07-08 11:39:54,0.201504
2024-07-08 11:39:55,0.164672
2024-07-08 11:39:56,0.165128
2024-07-08 11:39:57,0.155584
2024-07-08 11:39:58,0.140536
2024-07-08 11:39:59,0.156808
2024-07-08 11:40:00,0.143616
2024-07-08 11:40:01,0.149384
2024-07-08 11:40:02,0.151272
2024-07-08 11:40:03,0.15852
2024-07-08 11:40:04,0.163336
2024-07-08 11:40:05,0.138688
2024-07-08 11:40:06,0.131768
2024-07-08 11:40:07,0.162144
2024-07-08 11:40:08,0.130752
2024-07-08 11:40:09,0.1568
2024-07-08 11:40:10,0.15016
2024-07-08 11:40:11,0.16048
2024-07-08 11:40:12,0.142456
2024-07-08 11:40:13,0.17504
2024-07-08 11:40:14,0.128056
2024-07-08 11:40:15,0.126112
2024-07-08 11:40:16,0.157648
2024-07-08 11:40:17,0.148152
2024-07-08 11:40:18,0.148424
2024-07-08 11:40:19,0.150944
2024-07-08 11:40:20,0.163208
2024-07-08 11:40:21,0.151312
2024-07-08 11:40:22,0.148048
2024-07-08 11:40:23,0.171776
2024-07-08 11:40:24,0.152104
2024-07-08 11:40:25,0.147512
2024-07-08 11:40:26,0.145944
2024-07-08 11:40:27,0.156176
2024-07-08 11:40:28,0.196392
2024-07-08 11:40:29,0.160744
2024-07-08 11:40:30,0.162832
2024-07-08 11:40:31,0.149576
2024-07-08 11:40:32,0.154024
2024-07-08 11:40:33,0.186152
2024-07-08 11:40:34,0.149696
2024-07-08 11:40:35,0.14556
2024-07-08 11:40:36,0.152656
2024-07-08 11:40:37,0.130216
2024-07-08 11:40:38,0.106104
2024-07-08 11:40:39,0.115336
2024-07-08 11:40:40,0.115384
2024-07-08 11:40:41,0.124304
2024-07-08 11:40:42,0.123448
2024-07-08 11:40:43,0.155232
2024-07-08 11:40:44,0.142008
2024-07-08 11:40:45,0.14744
2024-07-08 11:40:46,0.140448
2024-07-08 11:40:47,0.161816
2024-07-08 11:40:48,0.14984
2024-07-08 11:40:49,0.152256
2024-07-08 11:40:50,0.159872
2024-07-08 11:40:51,0.137632
2024-07-08 11:40:52,0.134672
2024-07-08 11:40:53,0.142168
2024-07-08 11:40:54,0.189336
2024-07-08 11:40:55,0.164808
2024-07-08 11:40:56,0.168896
2024-07-08 11:40:57,0.165248
2024-07-08 11:40:58,0.192312
2024-07-08 11:40:59,0.167056
2024-07-08 11:41:00,0.182832
2024-07-08 11:41:01,0.174856
2024-07-08 11:41:02,0.16792
2024-07-08 11:41:03,0.166392
2024-07-08 11:41:04,0.15544
2024-07-08 11:41:05,0.183768
2024-07-08 11:41:06,0.15308
2024-07-08 11:41:07,0.180392
2024-07-08 11:41:08,0.193472
2024-07-08 11:41:09,0.19644
2024-07-08 11:41:10,0.169784
2024-07-08 11:41:11,0.18692
2024-07-08 11:41:12,0.152968
2024-07-08 11:41:13,0.13296
2024-07-08 11:41:14,0.139488
2024-07-08 11:41:15,0.15772
2024-07-08 11:41:16,0.123448
2024-07-08 11:41:17,0.122128
2024-07-08 11:41:18,0.141832
2024-07-08 11:41:19,0.124872
2024-07-08 11:41:20,0.1258
2024-07-08 11:41:21,0.147792
2024-07-08 11:41:22,0.118624
2024-07-08 11:41:23,0.130504
2024-07-08 11:41:24,0.132472
2024-07-08 11:41:25,0.137264
2024-07-08 11:41:26,0.169248
2024-07-08 11:41:27,0.1466
2024-07-08 11:41:28,0.12636
2024-07-08 11:41:29,0.13384
2024-07-08 11:41:30,0.157432
2024-07-08 11:41:31,0.169832
2024-07-08 11:41:32,0.15468
2024-07-08 11:41:33,0.157008
2024-07-08 11:41:34,0.144744
2024-07-08 11:41:35,0.119704
2024-07-08 11:41:36,0.118744
2024-07-08 11:41:37,0.122736
2024-07-08 11:41:38,0.118968
2024-07-08 11:41:39,0.1298
2024-07-08 11:41:40,0.108936
2024-07-08 11:41:41,0.106936
2024-07-08 11:41:42,0.109488
2024-07-08 11:41:43,0.128128
2024-07-08 11:41:44,0.106664
2024-07-08 11:41:45,0.104424
2024-07-08 11:41:46,0.097352
2024-07-08 11:41:47,0.106088
2024-07-08 11:41:48,0.10464
2024-07-08 11:41:49,0.10648
2024-07-08 11:41:50,0.106696
2024-07-08 11:41:51,0.125336
2024-07-08 11:41:52,0.148112
2024-07-08 11:41:53,0.16208
2024-07-08 11:41:54,0.203328
2024-07-08 11:41:55,0.162088
2024-07-08 11:41:56,0.16916
2024-07-08 11:41:57,0.197136
2024-07-08 11:41:58,0.159904
2024-07-08 11:41:59,0.15628
2024-07-08 11:42:00,0.161896
2024-07-08 11:42:01,0.148848
2024-07-08 11:42:02,0.156744
2024-07-08 11:42:03,0.151312
2024-07-08 11:42:04,0.134224
2024-07-08 11:42:05,0.149712
2024-07-08 11:42:06,0.158824
2024-07-08 11:42:07,0.130976
2024-07-08 11:42:08,0.130696
2024-07-08 11:42:09,0.124776
2024-07-08 11:42:10,0.123728
2024-07-08 11:42:11,0.131272
2024-07-08 11:42:12,0.11828
2024-07-08 11:42:13,0.12144
2024-07-08 11:42:14,0.116528
2024-07-08 11:42:15,0.109832
2024-07-08 11:42:16,0.126696
2024-07-08 11:42:17,0.103184
2024-07-08 11:42:18,0.100928
2024-07-08 11:42:19,0.121112
2024-07-08 11:42:20,0.116352
2024-07-08 11:42:21,0.125496
2024-07-08 11:42:22,0.11428
2024-07-08 11:42:23,0.105376
2024-07-08 11:42:24,0.126808
2024-07-08 11:42:25,0.125632
2024-07-08 11:42:26,0.11352
2024-07-08 11:42:27,0.119248
2024-07-08 11:42:28,0.131392
2024-07-08 11:42:29,0.138496
2024-07-08 11:42:30,0.130328
2024-07-08 11:42:31,0.119304
2024-07-08 11:42:32,0.123632
2024-07-08 11:42:33,0.146808
2024-07-08 11:42:34,0.127024
2024-07-08 11:42:35,0.119912
2024-07-08 11:42:36,0.118824
2024-07-08 11:42:37,0.12184
2024-07-08 11:42:38,0.121248
2024-07-08 11:42:39,0.112736
2024-07-08 11:42:40,0.12848
2024-07-08 11:42:41,0.119424
2024-07-08 11:42:42,0.10836
2024-07-08 11:42:43,0.113464
2024-07-08 11:42:44,0.12596
2024-07-08 11:42:45,0.125376
2024-07-08 11:42:46,0.115872
2024-07-08 11:42:47,0.144112
2024-07-08 11:42:48,0.125792
2024-07-08 11:42:49,0.142608
2024-07-08 11:42:50,0.1502
2024-07-08 11:42:51,0.156632
2024-07-08 11:42:52,0.126664
2024-07-08 11:42:53,0.145856
2024-07-08 11:42:54,0.19032
2024-07-08 11:42:55,0.169912
2024-07-08 11:42:56,0.180016
2024-07-08 11:42:57,0.189816
2024-07-08 11:42:58,0.191376
2024-07-08 11:42:59,0.220352
2024-07-08 11:43:00,0.256496
2024-07-08 11:43:01,0.233632
2024-07-08 11:43:02,0.200048
2024-07-08 11:43:03,0.200952
2024-07-08 11:43:04,0.1932
2024-07-08 11:43:05,0.185904
2024-07-08 11:43:06,0.196344
2024-07-08 11:43:07,0.181192
2024-07-08 11:43:08,0.180944
2024-07-08 11:43:09,0.184368
2024-07-08 11:43:10,0.167808
2024-07-08 11:43:11,0.196016
2024-07-08 11:43:12,0.145648
2024-07-08 11:43:13,0.151416
2024-07-08 11:43:14,0.1536
2024-07-08 11:43:15,0.143392
2024-07-08 11:43:16,0.126016
2024-07-08 11:43:17,0.121504
2024-07-08 11:43:18,0.125024
2024-07-08 11:43:19,0.114696
2024-07-08 11:43:20,0.138696
2024-07-08 11:43:21,0.13592
2024-07-08 11:43:22,0.156688
2024-07-08 11:43:23,0.163408
2024-07-08 11:43:24,0.157776
2024-07-08 11:43:25,0.146064
2024-07-08 11:43:26,0.157064
2024-07-08 11:43:27,0.173472
2024-07-08 11:43:28,0.166984
2024-07-08 11:43:29,0.138624
2024-07-08 11:43:30,0.140312
2024-07-08 11:43:31,0.158768
2024-07-08 11:43:32,0.137448
2024-07-08 11:43:33,0.121864
2024-07-08 11:43:34,0.124336
2024-07-08 11:43:35,0.128712
2024-07-08 11:43:36,0.13404
2024-07-08 11:43:37,0.10928
2024-07-08 11:43:38,0.113968
2024-07-08 11:43:39,0.11036
2024-07-08 11:43:40,0.115184
2024-07-08 11:43:41,0.145864
2024-07-08 11:43:42,0.159032
2024-07-08 11:43:43,0.151304
2024-07-08 11:43:44,0.168232
2024-07-08 11:43:45,0.167392
2024-07-08 11:43:46,0.131128
2024-07-08 11:43:47,0.12744
2024-07-08 11:43:48,0.146416
2024-07-08 11:43:49,0.147928
2024-07-08 11:43:50,0.131736
2024-07-08 11:43:51,0.140944
2024-07-08 11:43:52,0.167328
2024-07-08 11:43:53,0.130536
2024-07-08 11:43:54,0.200288
2024-07-08 11:43:55,0.165608
2024-07-08 11:43:56,0.168872
2024-07-08 11:43:57,0.164296
2024-07-08 11:43:58,0.14788
2024-07-08 11:43:59,0.149896
2024-07-08 11:44:00,0.165112
2024-07-08 11:44:01,0.144336
2024-07-08 11:44:02,0.125536
2024-07-08 11:44:03,0.15828
2024-07-08 11:44:04,0.142624
2024-07-08 11:44:05,0.146144
2024-07-08 11:44:06,0.16204
2024-07-08 11:44:07,0.141272
2024-07-08 11:44:08,0.121072
2024-07-08 11:44:09,0.125416
2024-07-08 11:44:10,0.11704
2024-07-08 11:44:11,0.124168
2024-07-08 11:44:12,0.113832
2024-07-08 11:44:13,0.129152
2024-07-08 11:44:14,0.114776
2024-07-08 11:44:15,0.13372
2024-07-08 11:44:16,0.123224
2024-07-08 11:44:17,0.113872
2024-07-08 11:44:18,0.103656
2024-07-08 11:44:19,0.112016
2024-07-08 11:44:20,0.159824
2024-07-08 11:44:21,0.134992
2024-07-08 11:44:22,0.122536
2024-07-08 11:44:23,0.136528
2024-07-08 11:44:24,0.160488
2024-07-08 11:44:25,0.180488
2024-07-08 11:44:26,0.181776
2024-07-08 11:44:27,0.153896
2024-07-08 11:44:28,0.1602
2024-07-08 11:44:29,0.134552
2024-07-08 11:44:30,0.128936
2024-07-08 11:44:31,0.137832
2024-07-08 11:44:32,0.129736
2024-07-08 11:44:33,0.171848
2024-07-08 11:44:34,0.145768
2024-07-08 11:44:35,0.145216
2024-07-08 11:44:36,0.122496
2024-07-08 11:44:37,0.109664
2024-07-08 11:44:38,0.13668
2024-07-08 11:44:39,0.126904
2024-07-08 11:44:40,0.118264
2024-07-08 11:44:41,0.103576
2024-07-08 11:44:42,0.10932
2024-07-08 11:44:43,0.11752
2024-07-08 11:44:44,0.128808
2024-07-08 11:44:45,0.126784
2024-07-08 11:44:46,0.116152
2024-07-08 11:44:47,0.095824
2024-07-08 11:44:48,0.097368
2024-07-08 11:44:49,0.108984
2024-07-08 11:44:50,0.10728
2024-07-08 11:44:51,0.144848
2024-07-08 11:44:52,0.15484
2024-07-08 11:44:53,0.141152
2024-07-08 11:44:54,0.178936
2024-07-08 11:44:55,0.132528
2024-07-08 11:44:56,0.132192
2024-07-08 11:44:57,0.150256
2024-07-08 11:44:58,0.135856
2024-07-08 11:44:59,0.152768
2024-07-08 11:45:00,0.185464
2024-07-08 11:45:01,0.145336
2024-07-08 11:45:02,0.159776
2024-07-08 11:45:03,0.144184
2024-07-08 11:45:04,0.143296
2024-07-08 11:45:05,0.143736
2024-07-08 11:45:06,0.16704
2024-07-08 11:45:07,0.137472
2024-07-08 11:45:08,0.146776
2024-07-08 11:45:09,0.158376
2024-07-08 11:45:10,0.14528
2024-07-08 11:45:11,0.136984
2024-07-08 11:45:12,0.142168
2024-07-08 11:45:13,0.143616
2024-07-08 11:45:14,0.1436
2024-07-08 11:45:15,0.15544
2024-07-08 11:45:16,0.133144
2024-07-08 11:45:17,0.185248
2024-07-08 11:45:18,0.147584
2024-07-08 11:45:19,0.140912
2024-07-08 11:45:20,0.166832
2024-07-08 11:45:21,0.145336
2024-07-08 11:45:22,0.154368
2024-07-08 11:45:23,0.153976
2024-07-08 11:45:24,0.138232
2024-07-08 11:45:25,0.138528
2024-07-08 11:45:26,0.164304
2024-07-08 11:45:27,0.14328
2024-07-08 11:45:28,0.14208
2024-07-08 11:45:29,0.17164
2024-07-08 11:45:30,0.149648
2024-07-08 11:45:31,0.189792
2024-07-08 11:45:32,0.169752
2024-07-08 11:45:33,0.160064
2024-07-08 11:45:34,0.140824
2024-07-08 11:45:35,0.139488
2024-07-08 11:45:36,0.150424
2024-07-08 11:45:37,0.127296
2024-07-08 11:45:38,0.176728
2024-07-08 11:45:39,0.177808
2024-07-08 11:45:40,0.148328
2024-07-08 11:45:41,0.142176
2024-07-08 11:45:42,0.121256
2024-07-08 11:45:43,0.101552
2024-07-08 11:45:44,0.139176
2024-07-08 11:45:45,0.125408
2024-07-08 11:45:46,0.125992
2024-07-08 11:45:47,0.112208
2024-07-08 11:45:48,0.117128
2024-07-08 11:45:49,0.110424
2024-07-08 11:45:50,0.096264
2024-07-08 11:45:51,0.107208
2024-07-08 11:45:52,0.13276
2024-07-08 11:45:53,0.118104
2024-07-08 11:45:54,0.154008
2024-07-08 11:45:55,0.146384
2024-07-08 11:45:56,0.133856
2024-07-08 11:45:57,0.134024
2024-07-08 11:45:58,0.13464
2024-07-08 11:45:59,0.136248
2024-07-08 11:46:00,0.14668
2024-07-08 11:46:01,0.147312
2024-07-08 11:46:02,0.130416
2024-07-08 11:46:03,0.147992
2024-07-08 11:46:04,0.189128
2024-07-08 11:46:05,0.163
2024-07-08 11:46:06,0.165472
2024-07-08 11:46:07,0.17828
2024-07-08 11:46:08,0.177832
2024-07-08 11:46:09,0.1684
2024-07-08 11:46:10,0.159784
2024-07-08 11:46:11,0.1524
2024-07-08 11:46:12,0.117688
2024-07-08 11:46:13,0.126736
2024-07-08 11:46:14,0.139808
2024-07-08 11:46:15,0.141304
2024-07-08 11:46:16,0.139616
2024-07-08 11:46:17,0.17824
2024-07-08 11:46:18,0.18456
2024-07-08 11:46:19,0.173352
2024-07-08 11:46:20,0.185808
2024-07-08 11:46:21,0.1892
2024-07-08 11:46:22,0.146592
2024-07-08 11:46:23,0.156952
2024-07-08 11:46:24,0.131208
2024-07-08 11:46:25,0.127648
2024-07-08 11:46:26,0.127328
2024-07-08 11:46:27,0.139128
2024-07-08 11:46:28,0.14256
2024-07-08 11:46:29,0.161256
2024-07-08 11:46:30,0.150904
2024-07-08 11:46:31,0.186896
2024-07-08 11:46:32,0.18056
2024-07-08 11:46:33,0.19368
2024-07-08 11:46:34,0.146872
2024-07-08 11:46:35,0.178136
2024-07-08 11:46:36,0.164568
2024-07-08 11:46:37,0.158704
2024-07-08 11:46:38,0.128
2024-07-08 11:46:39,0.1472
2024-07-08 11:46:40,0.15972
2024-07-08 11:46:41,0.120736
2024-07-08 11:46:42,0.127952
2024-07-08 11:46:43,0.121888
2024-07-08 11:46:44,0.135656
2024-07-08 11:46:45,0.144592
2024-07-08 11:46:46,0.13848
2024-07-08 11:46:47,0.162528
2024-07-08 11:46:48,0.127336
2024-07-08 11:46:49,0.123384
2024-07-08 11:46:50,0.123512
2024-07-08 11:46:51,0.12844
2024-07-08 11:46:52,0.117888
2024-07-08 11:46:53,0.138368
2024-07-08 11:46:54,0.147472
2024-07-08 11:46:55,0.133984
2024-07-08 11:46:56,0.146704
2024-07-08 11:46:57,0.173792
2024-07-08 11:46:58,0.159056
2024-07-08 11:46:59,0.135464
2024-07-08 11:47:00,0.127624
2024-07-08 11:47:01,0.146472
2024-07-08 11:47:02,0.129232
2024-07-08 11:47:03,0.150896
2024-07-08 11:47:04,0.12836
2024-07-08 11:47:05,0.12708
2024-07-08 11:47:06,0.125432
2024-07-08 11:47:07,0.130256
2024-07-08 11:47:08,0.143856
2024-07-08 11:47:09,0.126824
2024-07-08 11:47:10,0.137256
2024-07-08 11:47:11,0.13544
2024-07-08 11:47:12,0.152416
2024-07-08 11:47:13,0.13508
2024-07-08 11:47:14,0.169616
2024-07-08 11:47:15,0.1404
2024-07-08 11:47:16,0.161792
2024-07-08 11:47:17,0.121656
2024-07-08 11:47:18,0.134288
2024-07-08 11:47:19,0.145128
2024-07-08 11:47:20,0.130624
2024-07-08 11:47:21,0.132696
2024-07-08 11:47:22,0.13788
2024-07-08 11:47:23,0.129048
2024-07-08 11:47:24,0.147784
2024-07-08 11:47:25,0.148984
2024-07-08 11:47:26,0.14488
2024-07-08 11:47:27,0.152032
2024-07-08 11:47:28,0.164744
2024-07-08 11:47:29,0.177912
2024-07-08 11:47:30,0.166712
2024-07-08 11:47:31,0.193976
2024-07-08 11:47:32,0.213088
2024-07-08 11:47:33,0.211688
2024-07-08 11:47:34,0.191
2024-07-08 11:47:35,0.155736
2024-07-08 11:47:36,0.172504
2024-07-08 11:47:37,0.141344
2024-07-08 11:47:38,0.148368
2024-07-08 11:47:39,0.131472
2024-07-08 11:47:40,0.145392
2024-07-08 11:47:41,0.143784
2024-07-08 11:47:42,0.129576
2024-07-08 11:47:43,0.136784
2024-07-08 11:47:44,0.134976
2024-07-08 11:47:45,0.183688
2024-07-08 11:47:46,0.220984
2024-07-08 11:47:47,0.208632
2024-07-08 11:47:48,0.198024
2024-07-08 11:47:49,0.159864
2024-07-08 11:47:50,0.174208
2024-07-08 11:47:51,0.159104
2024-07-08 11:47:52,0.189416
2024-07-08 11:47:53,0.171704
2024-07-08 11:47:54,0.229152
2024-07-08 11:47:55,0.205992
2024-07-08 11:47:56,0.171864
2024-07-08 11:47:57,0.127752
2024-07-08 11:47:58,0.13568
2024-07-08 11:47:59,0.160168
2024-07-08 11:48:00,0.137648
2024-07-08 11:48:01,0.15576
2024-07-08 11:48:02,0.17728
2024-07-08 11:48:03,0.134176
2024-07-08 11:48:04,0.141
2024-07-08 11:48:05,0.157672
2024-07-08 11:48:06,0.130184
2024-07-08 11:48:07,0.135384
2024-07-08 11:48:08,0.130224
2024-07-08 11:48:09,0.137432
2024-07-08 11:48:10,0.130808
2024-07-08 11:48:11,0.115512
2024-07-08 11:48:12,0.113584
2024-07-08 11:48:13,0.120032
2024-07-08 11:48:14,0.119472
2024-07-08 11:48:15,0.1386
2024-07-08 11:48:16,0.159752
2024-07-08 11:48:17,0.157448
2024-07-08 11:48:18,0.17736
2024-07-08 11:48:19,0.171368
2024-07-08 11:48:20,0.16792
2024-07-08 11:48:21,0.1454
2024-07-08 11:48:22,0.137024
2024-07-08 11:48:23,0.141584
2024-07-08 11:48:24,0.15876
2024-07-08 11:48:25,0.145304
2024-07-08 11:48:26,0.152248
2024-07-08 11:48:27,0.138208
2024-07-08 11:48:28,0.14176
2024-07-08 11:48:29,0.144496
2024-07-08 11:48:30,0.140848
2024-07-08 11:48:31,0.158176
2024-07-08 11:48:32,0.169192
2024-07-08 11:48:33,0.168472
2024-07-08 11:48:34,0.16768
2024-07-08 11:48:35,0.174456
2024-07-08 11:48:36,0.13444
2024-07-08 11:48:37,0.140912
2024-07-08 11:48:38,0.13816
2024-07-08 11:48:39,0.125008
2024-07-08 11:48:40,0.11776
2024-07-08 11:48:41,0.127272
2024-07-08 11:48:42,0.108736
2024-07-08 11:48:43,0.106312
2024-07-08 11:48:44,0.116208
2024-07-08 11:48:45,0.138648
2024-07-08 11:48:46,0.111216
2024-07-08 11:48:47,0.121424
2024-07-08 11:48:48,0.12312
2024-07-08 11:48:49,0.115064
2024-07-08 11:48:50,0.120656
2024-07-08 11:48:51,0.116688
2024-07-08 11:48:52,0.153624
2024-07-08 11:48:53,0.154064
2024-07-08 11:48:54,0.191168
2024-07-08 11:48:55,0.157152
2024-07-08 11:48:56,0.154712
2024-07-08 11:48:57,0.156128
2024-07-08 11:48:58,0.18108
2024-07-08 11:48:59,0.166768
2024-07-08 11:49:00,0.196616
2024-07-08 11:49:01,0.183032
2024-07-08 11:49:02,0.180696
2024-07-08 11:49:03,0.18536
2024-07-08 11:49:04,0.198616
2024-07-08 11:49:05,0.132128
2024-07-08 11:49:06,0.17492
2024-07-08 11:49:07,0.175424
2024-07-08 11:49:08,0.1762
2024-07-08 11:49:09,0.200016
2024-07-08 11:49:10,0.232328
2024-07-08 11:49:11,0.213232
2024-07-08 11:49:12,0.167776
2024-07-08 11:49:13,0.14596
2024-07-08 11:49:14,0.172528
2024-07-08 11:49:15,0.184904
2024-07-08 11:49:16,0.189104
2024-07-08 11:49:17,0.19324
2024-07-08 11:49:18,0.157488
2024-07-08 11:49:19,0.154176
2024-07-08 11:49:20,0.172952
2024-07-08 11:49:21,0.15072
2024-07-08 11:49:22,0.222752
2024-07-08 11:49:23,0.268072
2024-07-08 11:49:24,0.246792
2024-07-08 11:49:25,0.207392
2024-07-08 11:49:26,0.214504
2024-07-08 11:49:27,0.19468
2024-07-08 11:49:28,0.166976
2024-07-08 11:49:29,0.162104
2024-07-08 11:49:30,0.18528
2024-07-08 11:49:31,0.177424
2024-07-08 11:49:32,0.225048
2024-07-08 11:49:33,0.153616
2024-07-08 11:49:34,0.161032
2024-07-08 11:49:35,0.190648
2024-07-08 11:49:36,0.203344
2024-07-08 11:49:37,0.178416
2024-07-08 11:49:38,0.185384
2024-07-08 11:49:39,0.194968
2024-07-08 11:49:40,0.173472
2024-07-08 11:49:41,0.185424
2024-07-08 11:49:42,0.20992
2024-07-08 11:49:43,0.194008
2024-07-08 11:49:44,0.168776
2024-07-08 11:49:45,0.17044
2024-07-08 11:49:46,0.164888
2024-07-08 11:49:47,0.1522
2024-07-08 11:49:48,0.18
2024-07-08 11:49:49,0.18964
2024-07-08 11:49:50,0.188808
2024-07-08 11:49:51,0.17844
2024-07-08 11:49:52,0.161336
2024-07-08 11:49:53,0.17312
2024-07-08 11:49:54,0.194888
2024-07-08 11:49:55,0.154152
2024-07-08 11:49:56,0.148688
2024-07-08 11:49:57,0.153816
2024-07-08 11:49:58,0.153232
2024-07-08 11:49:59,0.152648
2024-07-08 11:50:00,0.146784
2024-07-08 11:50:01,0.13712
2024-07-08 11:50:02,0.10672
2024-07-08 11:50:03,0.114824
2024-07-08 11:50:04,0.125264
2024-07-08 11:50:05,0.1194
2024-07-08 11:50:06,0.130984
2024-07-08 11:50:07,0.154704
2024-07-08 11:50:08,0.178
2024-07-08 11:50:09,0.177464
2024-07-08 11:50:10,0.19452
2024-07-08 11:50:11,0.188
2024-07-08 11:50:12,0.139144
2024-07-08 11:50:13,0.16324
2024-07-08 11:50:14,0.1562
2024-07-08 11:50:15,0.163448
2024-07-08 11:50:16,0.140248
2024-07-08 11:50:17,0.127048
2024-07-08 11:50:18,0.139344
2024-07-08 11:50:19,0.124112
2024-07-08 11:50:20,0.119056
2024-07-08 11:50:21,0.140024
2024-07-08 11:50:22,0.12848
2024-07-08 11:50:23,0.136936
2024-07-08 11:50:24,0.126976
2024-07-08 11:50:25,0.12456
2024-07-08 11:50:26,0.196608
2024-07-08 11:50:27,0.216488
2024-07-08 11:50:28,0.203672
2024-07-08 11:50:29,0.197904
2024-07-08 11:50:30,0.16608
2024-07-08 11:50:31,0.142416
2024-07-08 11:50:32,0.14784
2024-07-08 11:50:33,0.147592
2024-07-08 11:50:34,0.150264
2024-07-08 11:50:35,0.144344
2024-07-08 11:50:36,0.180672
2024-07-08 11:50:37,0.14712
2024-07-08 11:50:38,0.179136
2024-07-08 11:50:39,0.224872
2024-07-08 11:50:40,0.243368
2024-07-08 11:50:41,0.187608
2024-07-08 11:50:42,0.171752
2024-07-08 11:50:43,0.125208
2024-07-08 11:50:44,0.128008
2024-07-08 11:50:45,0.12728
2024-07-08 11:50:46,0.158408
2024-07-08 11:50:47,0.13616
2024-07-08 11:50:48,0.13452
2024-07-08 11:50:49,0.149264
2024-07-08 11:50:50,0.16348
2024-07-08 11:50:51,0.15012
2024-07-08 11:50:52,0.154112
2024-07-08 11:50:53,0.158952
2024-07-08 11:50:54,0.197104
2024-07-08 11:50:55,0.164848
2024-07-08 11:50:56,0.193696
2024-07-08 11:50:57,0.175104
2024-07-08 11:50:58,0.20508
2024-07-08 11:50:59,0.223272
2024-07-08 11:51:00,0.208112
2024-07-08 11:51:01,0.216864
2024-07-08 11:51:02,0.244264
2024-07-08 11:51:03,0.20036
2024-07-08 11:51:04,0.214904
2024-07-08 11:51:05,0.199112
2024-07-08 11:51:06,0.179032
2024-07-08 11:51:07,0.231608
2024-07-08 11:51:08,0.21588
2024-07-08 11:51:09,0.187232
2024-07-08 11:51:10,0.187224
2024-07-08 11:51:11,0.196704
2024-07-08 11:51:12,0.1888
2024-07-08 11:51:13,0.18216
2024-07-08 11:51:14,0.23112
2024-07-08 11:51:15,0.247664
2024-07-08 11:51:16,0.212544
2024-07-08 11:51:17,0.20404
2024-07-08 11:51:18,0.177616
2024-07-08 11:51:19,0.209832
2024-07-08 11:51:20,0.14348
2024-07-08 11:51:21,0.153816
2024-07-08 11:51:22,0.13036
2024-07-08 11:51:23,0.143592
2024-07-08 11:51:24,0.129656
2024-07-08 11:51:25,0.158168
2024-07-08 11:51:26,0.15744
2024-07-08 11:51:27,0.183992
2024-07-08 11:51:28,0.1436
2024-07-08 11:51:29,0.163424
2024-07-08 11:51:30,0.182448
2024-07-08 11:51:31,0.158952
2024-07-08 11:51:32,0.181336
2024-07-08 11:51:33,0.166688
2024-07-08 11:51:34,0.164176
2024-07-08 11:51:35,0.16704
2024-07-08 11:51:36,0.149256
2024-07-08 11:51:37,0.153904
2024-07-08 11:51:38,0.146152
2024-07-08 11:51:39,0.154264
2024-07-08 11:51:40,0.193112
2024-07-08 11:51:41,0.168632
2024-07-08 11:51:42,0.178904
2024-07-08 11:51:43,0.169648
2024-07-08 11:51:44,0.178648
2024-07-08 11:51:45,0.160584
2024-07-08 11:51:46,0.187544
2024-07-08 11:51:47,0.203512
2024-07-08 11:51:48,0.169232
2024-07-08 11:51:49,0.154088
2024-07-08 11:51:50,0.153256
2024-07-08 11:51:51,0.129976
2024-07-08 11:51:52,0.168128
2024-07-08 11:51:53,0.160072
2024-07-08 11:51:54,0.195848
2024-07-08 11:51:55,0.145736
2024-07-08 11:51:56,0.145824
2024-07-08 11:51:57,0.12224
2024-07-08 11:51:58,0.138136
2024-07-08 11:51:59,0.149672
2024-07-08 11:52:00,0.180928
2024-07-08 11:52:01,0.20912
2024-07-08 11:52:02,0.184808
2024-07-08 11:52:03,0.18
2024-07-08 11:52:04,0.134056
2024-07-08 11:52:05,0.190912
2024-07-08 11:52:06,0.161328
2024-07-08 11:52:07,0.18512
2024-07-08 11:52:08,0.158328
2024-07-08 11:52:09,0.200696
2024-07-08 11:52:10,0.1772
2024-07-08 11:52:11,0.196904
2024-07-08 11:52:12,0.180216
2024-07-08 11:52:13,0.195872
2024-07-08 11:52:14,0.133424
2024-07-08 11:52:15,0.130944
2024-07-08 11:52:16,0.12076
2024-07-08 11:52:17,0.152784
2024-07-08 11:52:18,0.151464
2024-07-08 11:52:19,0.166552
2024-07-08 11:52:20,0.16748
2024-07-08 11:52:21,0.18972
2024-07-08 11:52:22,0.180736
2024-07-08 11:52:23,0.20104
2024-07-08 11:52:24,0.207232
2024-07-08 11:52:25,0.174032
2024-07-08 11:52:26,0.196168
2024-07-08 11:52:27,0.185496
2024-07-08 11:52:28,0.167064
2024-07-08 11:52:29,0.1826
2024-07-08 11:52:30,0.157248
2024-07-08 11:52:31,0.170216
2024-07-08 11:52:32,0.178976
2024-07-08 11:52:33,0.19616
2024-07-08 11:52:34,0.184696
2024-07-08 11:52:35,0.160864
2024-07-08 11:52:36,0.156648
2024-07-08 11:52:37,0.140848
2024-07-08 11:52:38,0.11792
2024-07-08 11:52:39,0.13468
2024-07-08 11:52:40,0.140112
2024-07-08 11:52:41,0.131496
2024-07-08 11:52:42,0.154176
2024-07-08 11:52:43,0.157032
2024-07-08 11:52:44,0.14824
2024-07-08 11:52:45,0.166304
2024-07-08 11:52:46,0.149472
2024-07-08 11:52:47,0.16276
2024-07-08 11:52:48,0.165496
2024-07-08 11:52:49,0.164488
2024-07-08 11:52:50,0.240072
2024-07-08 11:52:51,0.306592
2024-07-08 11:52:52,0.291392
2024-07-08 11:52:53,0.180616
2024-07-08 11:52:54,0.208336
2024-07-08 11:52:55,0.169144
2024-07-08 11:52:56,0.16956
2024-07-08 11:52:57,0.1554
2024-07-08 11:52:58,0.170008
2024-07-08 11:52:59,0.162456
2024-07-08 11:53:00,0.153664
2024-07-08 11:53:01,0.161696
2024-07-08 11:53:02,0.17624
2024-07-08 11:53:03,0.175616
2024-07-08 11:53:04,0.17396
2024-07-08 11:53:05,0.157976
2024-07-08 11:53:06,0.138088
2024-07-08 11:53:07,0.17812
2024-07-08 11:53:08,0.139536
2024-07-08 11:53:09,0.138408
2024-07-08 11:53:10,0.13584
2024-07-08 11:53:11,0.154752
2024-07-08 11:53:12,0.152048
2024-07-08 11:53:13,0.177752
2024-07-08 11:53:14,0.192496
2024-07-08 11:53:15,0.193752
2024-07-08 11:53:16,0.16796
2024-07-08 11:53:17,0.185696
2024-07-08 11:53:18,0.160496
2024-07-08 11:53:19,0.152936
2024-07-08 11:53:20,0.174624
2024-07-08 11:53:21,0.166552
2024-07-08 11:53:22,0.196088
2024-07-08 11:53:23,0.169
2024-07-08 11:53:24,0.153976
2024-07-08 11:53:25,0.156688
2024-07-08 11:53:26,0.187968
2024-07-08 11:53:27,0.168024
2024-07-08 11:53:28,0.198064
2024-07-08 11:53:29,0.159424
2024-07-08 11:53:30,0.161872
2024-07-08 11:53:31,0.168272
2024-07-08 11:53:32,0.173072
2024-07-08 11:53:33,0.19744
2024-07-08 11:53:34,0.19336
2024-07-08 11:53:35,0.188168
2024-07-08 11:53:36,0.19572
2024-07-08 11:53:37,0.168728
2024-07-08 11:53:38,0.170696
2024-07-08 11:53:39,0.147656
2024-07-08 11:53:40,0.158824
2024-07-08 11:53:41,0.143128
2024-07-08 11:53:42,0.132576
2024-07-08 11:53:43,0.128008
2024-07-08 11:53:44,0.111272
2024-07-08 11:53:45,0.150344
2024-07-08 11:53:46,0.148864
2024-07-08 11:53:47,0.195104
2024-07-08 11:53:48,0.17292
2024-07-08 11:53:49,0.2198
2024-07-08 11:53:50,0.200416
2024-07-08 11:53:51,0.168704
2024-07-08 11:53:52,0.187256
2024-07-08 11:53:53,0.178416
2024-07-08 11:53:54,0.20156
2024-07-08 11:53:55,0.208152
2024-07-08 11:53:56,0.205672
2024-07-08 11:53:57,0.184832
2024-07-08 11:53:58,0.186848
2024-07-08 11:53:59,0.200424
2024-07-08 11:54:00,0.207344
2024-07-08 11:54:01,0.183264
2024-07-08 11:54:02,0.175408
2024-07-08 11:54:03,0.155728
2024-07-08 11:54:04,0.156752
2024-07-08 11:54:05,0.154544
2024-07-08 11:54:06,0.157816
2024-07-08 11:54:07,0.157176
2024-07-08 11:54:08,0.173496
2024-07-08 11:54:09,0.162792
2024-07-08 11:54:10,0.15328
2024-07-08 11:54:11,0.162936
2024-07-08 11:54:12,0.171976
2024-07-08 11:54:13,0.162848
2024-07-08 11:54:14,0.206552
2024-07-08 11:54:15,0.226232
2024-07-08 11:54:16,0.173152
2024-07-08 11:54:17,0.2036
2024-07-08 11:54:18,0.1882
2024-07-08 11:54:19,0.19912
2024-07-08 11:54:20,0.182224
2024-07-08 11:54:21,0.183976
2024-07-08 11:54:22,0.141368
2024-07-08 11:54:23,0.120352
2024-07-08 11:54:24,0.141144
2024-07-08 11:54:25,0.168312
2024-07-08 11:54:26,0.179072
2024-07-08 11:54:27,0.185384
2024-07-08 11:54:28,0.15824
2024-07-08 11:54:29,0.162776
2024-07-08 11:54:30,0.191352
2024-07-08 11:54:31,0.147976
2024-07-08 11:54:32,0.1514
2024-07-08 11:54:33,0.140328
2024-07-08 11:54:34,0.156384
2024-07-08 11:54:35,0.142744
2024-07-08 11:54:36,0.144056
2024-07-08 11:54:37,0.1664
2024-07-08 11:54:38,0.14988
2024-07-08 11:54:39,0.130584
2024-07-08 11:54:40,0.144832
2024-07-08 11:54:41,0.140288
2024-07-08 11:54:42,0.111144
2024-07-08 11:54:43,0.14976
2024-07-08 11:54:44,0.145256
2024-07-08 11:54:45,0.157192
2024-07-08 11:54:46,0.123328
2024-07-08 11:54:47,0.113672
2024-07-08 11:54:48,0.143792
2024-07-08 11:54:49,0.165048
2024-07-08 11:54:50,0.167552
2024-07-08 11:54:51,0.226232
2024-07-08 11:54:52,0.199536
2024-07-08 11:54:53,0.170552
2024-07-08 11:54:54,0.199776
2024-07-08 11:54:55,0.191432
2024-07-08 11:54:56,0.173176
2024-07-08 11:54:57,0.22048
2024-07-08 11:54:58,0.183664
2024-07-08 11:54:59,0.213488
2024-07-08 11:55:00,0.189416
2024-07-08 11:55:01,0.24828
2024-07-08 11:55:02,0.175912
2024-07-08 11:55:03,0.173496
2024-07-08 11:55:04,0.163312
2024-07-08 11:55:05,0.157176
2024-07-08 11:55:06,0.172448
2024-07-08 11:55:07,0.155432
2024-07-08 11:55:08,0.178464
2024-07-08 11:55:09,0.174896
2024-07-08 11:55:10,0.143048
2024-07-08 11:55:11,0.1316
2024-07-08 11:55:12,0.13668
2024-07-08 11:55:13,0.14296
2024-07-08 11:55:14,0.139344
2024-07-08 11:55:15,0.141736
2024-07-08 11:55:16,0.169816
2024-07-08 11:55:17,0.132384
2024-07-08 11:55:18,0.1626
2024-07-08 11:55:19,0.20496
2024-07-08 11:55:20,0.22896
2024-07-08 11:55:21,0.199272
2024-07-08 11:55:22,0.20016
2024-07-08 11:55:23,0.224528
2024-07-08 11:55:24,0.210728
2024-07-08 11:55:25,0.185792
2024-07-08 11:55:26,0.172056
2024-07-08 11:55:27,0.190112
2024-07-08 11:55:28,0.191368
2024-07-08 11:55:29,0.253136
2024-07-08 11:55:30,0.198424
2024-07-08 11:55:31,0.228472
2024-07-08 11:55:32,0.218784
2024-07-08 11:55:33,0.224816
2024-07-08 11:55:34,0.27508
2024-07-08 11:55:35,0.228952
2024-07-08 11:55:36,0.177416
2024-07-08 11:55:37,0.231856
2024-07-08 11:55:38,0.164672
2024-07-08 11:55:39,0.199736
2024-07-08 11:55:40,0.176536
2024-07-08 11:55:41,0.189656
2024-07-08 11:55:42,0.19548
2024-07-08 11:55:43,0.224432
2024-07-08 11:55:44,0.235536
2024-07-08 11:55:45,0.206784
2024-07-08 11:55:46,0.225496
2024-07-08 11:55:47,0.197664
2024-07-08 11:55:48,0.173248
2024-07-08 11:55:49,0.14032
2024-07-08 11:55:50,0.131912
2024-07-08 11:55:51,0.13744
2024-07-08 11:55:52,0.1146
2024-07-08 11:55:53,0.12108
2024-07-08 11:55:54,0.226008
2024-07-08 11:55:55,0.193696
2024-07-08 11:55:56,0.169456
2024-07-08 11:55:57,0.242088
2024-07-08 11:55:58,0.18864
2024-07-08 11:55:59,0.201904
2024-07-08 11:56:00,0.20676
2024-07-08 11:56:01,0.213104
2024-07-08 11:56:02,0.160976
2024-07-08 11:56:03,0.153056
2024-07-08 11:56:04,0.159576
2024-07-08 11:56:05,0.161464
2024-07-08 11:56:06,0.146368
2024-07-08 11:56:07,0.14008
2024-07-08 11:56:08,0.127392
2024-07-08 11:56:09,0.12804
2024-07-08 11:56:10,0.144928
2024-07-08 11:56:11,0.1066
2024-07-08 11:56:12,0.119392
2024-07-08 11:56:13,0.109952
2024-07-08 11:56:14,0.117328
2024-07-08 11:56:15,0.166656
2024-07-08 11:56:16,0.108424
2024-07-08 11:56:17,0.11432
2024-07-08 11:56:18,0.122912
2024-07-08 11:56:19,0.12976
2024-07-08 11:56:20,0.151424
2024-07-08 11:56:21,0.122936
2024-07-08 11:56:22,0.129888
2024-07-08 11:56:23,0.123384
2024-07-08 11:56:24,0.132232
2024-07-08 11:56:25,0.123664
2024-07-08 11:56:26,0.121768
2024-07-08 11:56:27,0.113264
2024-07-08 11:56:28,0.108648
2024-07-08 11:56:29,0.107696
2024-07-08 11:56:30,0.119496
2024-07-08 11:56:31,0.116768
2024-07-08 11:56:32,0.099504
2024-07-08 11:56:33,0.13676
2024-07-08 11:56:34,0.122472
2024-07-08 11:56:35,0.111696
2024-07-08 11:56:36,0.123232
2024-07-08 11:56:37,0.117136
2024-07-08 11:56:38,0.1364
2024-07-08 11:56:39,0.161008
2024-07-08 11:56:40,0.168072
2024-07-08 11:56:41,0.140592
2024-07-08 11:56:42,0.188104
2024-07-08 11:56:43,0.162064
2024-07-08 11:56:44,0.147584
2024-07-08 11:56:45,0.134128
2024-07-08 11:56:46,0.147304
2024-07-08 11:56:47,0.145696
2024-07-08 11:56:48,0.1368
2024-07-08 11:56:49,0.13664
2024-07-08 11:56:50,0.17552
2024-07-08 11:56:51,0.173912
2024-07-08 11:56:52,0.154112
2024-07-08 11:56:53,0.181416
2024-07-08 11:56:54,0.204864
2024-07-08 11:56:55,0.12536
2024-07-08 11:56:56,0.139808
2024-07-08 11:56:57,0.143128
2024-07-08 11:56:58,0.147264
2024-07-08 11:56:59,0.16576
2024-07-08 11:57:00,0.139864
2024-07-08 11:57:01,0.152256
2024-07-08 11:57:02,0.126784
2024-07-08 11:57:03,0.11036
2024-07-08 11:57:04,0.124256
2024-07-08 11:57:05,0.105912
2024-07-08 11:57:06,0.11448
2024-07-08 11:57:07,0.118816
2024-07-08 11:57:08,0.148808
2024-07-08 11:57:09,0.149664
2024-07-08 11:57:10,0.161792
2024-07-08 11:57:11,0.16088
2024-07-08 11:57:12,0.136872
2024-07-08 11:57:13,0.12808
2024-07-08 11:57:14,0.137952
2024-07-08 11:57:15,0.129368
2024-07-08 11:57:16,0.117072
2024-07-08 11:57:17,0.117688
2024-07-08 11:57:18,0.1766
2024-07-08 11:57:19,0.155656
2024-07-08 11:57:20,0.153752
2024-07-08 11:57:21,0.144504
2024-07-08 11:57:22,0.159912
2024-07-08 11:57:23,0.161608
2024-07-08 11:57:24,0.138
2024-07-08 11:57:25,0.120496
2024-07-08 11:57:26,0.102784
2024-07-08 11:57:27,0.118352
2024-07-08 11:57:28,0.120296
2024-07-08 11:57:29,0.131528
2024-07-08 11:57:30,0.162104
2024-07-08 11:57:31,0.155264
2024-07-08 11:57:32,0.177752
2024-07-08 11:57:33,0.214632
2024-07-08 11:57:34,0.23596
2024-07-08 11:57:35,0.212872
2024-07-08 11:57:36,0.194032
2024-07-08 11:57:37,0.220184
2024-07-08 11:57:38,0.200584
2024-07-08 11:57:39,0.220368
2024-07-08 11:57:40,0.20628
2024-07-08 11:57:41,0.185448
2024-07-08 11:57:42,0.156736
2024-07-08 11:57:43,0.164032
2024-07-08 11:57:44,0.111072
2024-07-08 11:57:45,0.113968
2024-07-08 11:57:46,0.124632
2024-07-08 11:57:47,0.12228
2024-07-08 11:57:48,0.114192
2024-07-08 11:57:49,0.133048
2024-07-08 11:57:50,0.170832
2024-07-08 11:57:51,0.158568
2024-07-08 11:57:52,0.156464
2024-07-08 11:57:53,0.160008
2024-07-08 11:57:54,0.173792
2024-07-08 11:57:55,0.168552
2024-07-08 11:57:56,0.171312
2024-07-08 11:57:57,0.176464
2024-07-08 11:57:58,0.1902
2024-07-08 11:57:59,0.223152
2024-07-08 11:58:00,0.211672
2024-07-08 11:58:01,0.191808
2024-07-08 11:58:02,0.202736
2024-07-08 11:58:03,0.205584
2024-07-08 11:58:04,0.195744
2024-07-08 11:58:05,0.191472
2024-07-08 11:58:06,0.155056
2024-07-08 11:58:07,0.128864
2024-07-08 11:58:08,0.138152
2024-07-08 11:58:09,0.106336
2024-07-08 11:58:10,0.120704
2024-07-08 11:58:11,0.09696
2024-07-08 11:58:12,0.104624
2024-07-08 11:58:13,0.112152
2024-07-08 11:58:14,0.132312
2024-07-08 11:58:15,0.14168
2024-07-08 11:58:16,0.178992
2024-07-08 11:58:17,0.152272
2024-07-08 11:58:18,0.180536
2024-07-08 11:58:19,0.181664
2024-07-08 11:58:20,0.14952
2024-07-08 11:58:21,0.154936
2024-07-08 11:58:22,0.178336
2024-07-08 11:58:23,0.194864
2024-07-08 11:58:24,0.176688
2024-07-08 11:58:25,0.240752
2024-07-08 11:58:26,0.241168
2024-07-08 11:58:27,0.22388
2024-07-08 11:58:28,0.271592
2024-07-08 11:58:29,0.199624
2024-07-08 11:58:30,0.184328
2024-07-08 11:58:31,0.23316
2024-07-08 11:58:32,0.212464
2024-07-08 11:58:33,0.248168
2024-07-08 11:58:34,0.250824
2024-07-08 11:58:35,0.222888
2024-07-08 11:58:36,0.222224
2024-07-08 11:58:37,0.186416
2024-07-08 11:58:38,0.140792
2024-07-08 11:58:39,0.145736
2024-07-08 11:58:40,0.118864
2024-07-08 11:58:41,0.09868
2024-07-08 11:58:42,0.1246
2024-07-08 11:58:43,0.133928
2024-07-08 11:58:44,0.149032
2024-07-08 11:58:45,0.160384
2024-07-08 11:58:46,0.157168
2024-07-08 11:58:47,0.164936
2024-07-08 11:58:48,0.162768
2024-07-08 11:58:49,0.206192
2024-07-08 11:58:50,0.182224
2024-07-08 11:58:51,0.174744
2024-07-08 11:58:52,0.168384
2024-07-08 11:58:53,0.168232
2024-07-08 11:58:54,0.21988
2024-07-08 11:58:55,0.193408
2024-07-08 11:58:56,0.175704
2024-07-08 11:58:57,0.191912
2024-07-08 11:58:58,0.170816
2024-07-08 11:58:59,0.181584
2024-07-08 11:59:00,0.1892
2024-07-08 11:59:01,0.172464
2024-07-08 11:59:02,0.155792
2024-07-08 11:59:03,0.169912
2024-07-08 11:59:04,0.179352
2024-07-08 11:59:05,0.148664
2024-07-08 11:59:06,0.127832
2024-07-08 11:59:07,0.131272
2024-07-08 11:59:08,0.131176
2024-07-08 11:59:09,0.132296
2024-07-08 11:59:10,0.159056
2024-07-08 11:59:11,0.157168
2024-07-08 11:59:12,0.152168
2024-07-08 11:59:13,0.164448
2024-07-08 11:59:14,0.171232
2024-07-08 11:59:15,0.189544
2024-07-08 11:59:16,0.19116
2024-07-08 11:59:17,0.20216
2024-07-08 11:59:18,0.180512
2024-07-08 11:59:19,0.225032
2024-07-08 11:59:20,0.184208
2024-07-08 11:59:21,0.139272
2024-07-08 11:59:22,0.167008
2024-07-08 11:59:23,0.185952
2024-07-08 11:59:24,0.179416
2024-07-08 11:59:25,0.183632
2024-07-08 11:59:26,0.161024
2024-07-08 11:59:27,0.191816
2024-07-08 11:59:28,0.165704
2024-07-08 11:59:29,0.147472
2024-07-08 11:59:30,0.173256
2024-07-08 11:59:31,0.168408
2024-07-08 11:59:32,0.20992
2024-07-08 11:59:33,0.21228
2024-07-08 11:59:34,0.205728
2024-07-08 11:59:35,0.163064
2024-07-08 11:59:36,0.203792
2024-07-08 11:59:37,0.175544
2024-07-08 11:59:38,0.149304
2024-07-08 11:59:39,0.149936
2024-07-08 11:59:40,0.14188
2024-07-08 11:59:41,0.132984
2024-07-08 11:59:42,0.132496
2024-07-08 11:59:43,0.113616
2024-07-08 11:59:44,0.113432
2024-07-08 11:59:45,0.131632
2024-07-08 11:59:46,0.206416
2024-07-08 11:59:47,0.167784
2024-07-08 11:59:48,0.22124
2024-07-08 11:59:49,0.185016
2024-07-08 11:59:50,0.195912
2024-07-08 11:59:51,0.198
2024-07-08 11:59:52,0.192136
2024-07-08 11:59:53,0.198784
2024-07-08 11:59:54,0.24336
2024-07-08 11:59:55,0.22352
2024-07-08 11:59:56,0.225584
2024-07-08 11:59:57,0.27504
2024-07-08 11:59:58,0.271944
2024-07-08 11:59:59,0.216872
2024-07-08 12:00:00,0.203824
2024-07-08 12:00:01,0.253152
2024-07-08 12:00:02,0.239248
2024-07-08 12:00:03,0.223488
2024-07-08 12:00:04,0.2388
2024-07-08 12:00:05,0.259192
2024-07-08 12:00:06,0.243856
2024-07-08 12:00:07,0.202528
2024-07-08 12:00:08,0.215928
2024-07-08 12:00:09,0.17596
2024-07-08 12:00:10,0.206512
2024-07-08 12:00:11,0.217784
2024-07-08 12:00:12,0.2022
2024-07-08 12:00:13,0.20544
2024-07-08 12:00:14,0.181024
2024-07-08 12:00:15,0.179968
2024-07-08 12:00:16,0.163952
2024-07-08 12:00:17,0.165936
2024-07-08 12:00:18,0.216184
2024-07-08 12:00:19,0.220392
2024-07-08 12:00:20,0.144208
2024-07-08 12:00:21,0.157304
2024-07-08 12:00:22,0.194496
2024-07-08 12:00:23,0.225088
2024-07-08 12:00:24,0.210088
2024-07-08 12:00:25,0.232264
2024-07-08 12:00:26,0.231056
2024-07-08 12:00:27,0.13288
2024-07-08 12:00:28,0.094
2024-07-08 12:00:29,0.082568
2024-07-08 12:00:30,0.076536
2024-07-08 12:00:31,0.052096
2024-07-08 12:00:32,0.00124
2024-07-08 12:00:33,0.00188
2024-07-08 12:00:34,0.002392
2024-07-08 12:00:35,0.00188
2024-07-08 12:00:36,0.004928
2024-07-08 12:11:36,0.023024
2024-07-08 12:11:37,0.123304
2024-07-08 12:11:38,0.007608
2024-07-08 12:11:39,0.01128
2024-07-08 12:11:40,0.004448
2024-07-08 12:11:41,0.048952
2024-07-08 12:11:42,0.048952
2024-07-08 12:11:43,0.036664
2024-07-08 12:11:44,0.030736
2024-07-08 12:11:45,0.051072
2024-07-08 12:11:46,0.303376
2024-07-08 12:11:47,0.041344
2024-07-08 12:11:48,0.031344
2024-07-08 12:11:49,0.04512
2024-07-08 12:11:50,0.031576
2024-07-08 12:11:51,0.033472
2024-07-08 12:11:52,0.033592
2024-07-08 12:11:53,0.034352
2024-07-08 12:11:54,0.032512
2024-07-08 12:11:55,0.03424
2024-07-08 12:11:56,0.034312
2024-07-08 12:11:57,0.041472
2024-07-08 12:11:58,0.032744
2024-07-08 12:11:59,0.038728
2024-07-08 12:12:00,0.031016
2024-07-08 12:12:01,0.03508
2024-07-08 12:12:02,0.026272
2024-07-08 12:12:03,0.027264
2024-07-08 12:12:04,0.023904
2024-07-08 12:12:05,0.025344
2024-07-08 12:12:06,0.02316
2024-07-08 12:12:07,0.026552
2024-07-08 12:12:08,0.022096
2024-07-08 12:12:09,0.026552
2024-07-08 12:12:10,0.024192
2024-07-08 12:12:11,0.025552
2024-07-08 12:12:12,0.026088
2024-07-08 12:12:13,0.027856
2024-07-08 12:12:14,0.025
2024-07-08 12:12:15,0.025448
2024-07-08 12:12:16,0.024296
2024-07-08 12:12:17,0.025448
2024-07-08 12:12:18,0.021192
2024-07-08 12:12:19,0.028656
2024-07-08 12:12:20,0.023088
2024-07-08 12:12:21,0.02536
2024-07-08 12:12:22,0.024192
2024-07-08 12:12:23,0.024552
2024-07-08 12:12:24,0.022192
2024-07-08 12:12:25,0.026552
2024-07-08 12:12:26,0.022088
2024-07-08 12:12:27,0.02856
2024-07-08 12:12:28,0.024992
2024-07-08 12:12:29,0.028552
2024-07-08 12:12:30,0.026192
2024-07-08 12:12:31,0.028552
2024-07-08 12:12:32,0.027192
2024-07-08 12:12:33,0.027552
2024-07-08 12:12:34,0.021904
2024-07-08 12:12:35,0.030632
2024-07-08 12:12:36,0.026192
2024-07-08 12:12:37,0.02636
2024-07-08 12:12:38,0.029384
2024-07-08 12:12:39,0.02736
2024-07-08 12:12:40,0.024
2024-07-08 12:12:41,0.024744
2024-07-08 12:12:42,0.018704
2024-07-08 12:12:43,0.025656
2024-07-08 12:12:44,0.0246
2024-07-08 12:12:45,0.026552
2024-07-08 12:12:46,0.03296
2024-07-08 12:12:47,0.027264
2024-07-08 12:12:48,0.016712
2024-07-08 12:12:49,0.025264
2024-07-08 12:12:50,0.022904
2024-07-08 12:12:51,0.028264
2024-07-08 12:12:52,0.024904
2024-07-08 12:12:53,0.039192
2024-07-08 12:12:54,0.023192
2024-07-08 12:12:55,0.027552
2024-07-08 12:12:56,0.025192
2024-07-08 12:12:57,0.030552
2024-07-08 12:12:58,0.024096
2024-07-08 12:12:59,0.025952
2024-07-08 12:13:00,0.026192
2024-07-08 12:13:01,0.02936
2024-07-08 12:13:02,0.028192
2024-07-08 12:13:03,0.030552
2024-07-08 12:13:04,0.026088
2024-07-08 12:13:05,0.03064
2024-07-08 12:13:06,0.025088
2024-07-08 12:13:07,0.031552
2024-07-08 12:13:08,0.029096
2024-07-08 12:13:09,0.028552
2024-07-08 12:13:10,0.026192
2024-07-08 12:13:11,0.024552
2024-07-08 12:13:12,0.024192
2024-07-08 12:13:13,0.028552
2024-07-08 12:13:14,0.026608
2024-07-08 12:13:15,0.026456
2024-07-08 12:13:16,0.030192
2024-07-08 12:13:17,0.025952
2024-07-08 12:13:18,0.025192
2024-07-08 12:13:19,0.025552
2024-07-08 12:13:20,0.024192
2024-07-08 12:13:21,0.025352
2024-07-08 12:13:22,0.027096
2024-07-08 12:13:23,0.030552
2024-07-08 12:13:24,0.027088
2024-07-08 12:13:25,0.027552
2024-07-08 12:13:26,0.022416
2024-07-08 12:13:27,0.029448
2024-07-08 12:13:28,0.022288
2024-07-08 12:13:29,0.02736
2024-07-08 12:13:30,0.022096
2024-07-08 12:13:31,0.029648
2024-07-08 12:13:32,0.024096
2024-07-08 12:13:33,0.027952
2024-07-08 12:13:34,0.025192
2024-07-08 12:13:35,0.030632
2024-07-08 12:13:36,0.026096
2024-07-08 12:13:37,0.025552
2024-07-08 12:13:38,0.027192
2024-07-08 12:13:39,0.027456
2024-07-08 12:13:40,0.03436
2024-07-08 12:13:41,0.027168
2024-07-08 12:13:42,0.027808
2024-07-08 12:13:43,0.027632
2024-07-08 12:13:44,0.029632
2024-07-08 12:13:45,0.024712
2024-07-08 12:13:46,0.030456
2024-07-08 12:13:47,0.025712
2024-07-08 12:13:48,0.028264
2024-07-08 12:13:49,0.027808
2024-07-08 12:13:50,0.02936
2024-07-08 12:13:51,0.023808
2024-07-08 12:13:52,0.028168
2024-07-08 12:13:53,0.024904
2024-07-08 12:13:54,0.026776
2024-07-08 12:13:55,0.235232
2024-07-08 12:13:56,0.072056
2024-07-08 12:13:57,0.037864
2024-07-08 12:13:58,0.038424
2024-07-08 12:13:59,0.04012
2024-07-08 12:14:00,0.074176
2024-07-08 12:14:01,0.035832
2024-07-08 12:14:02,0.036848
2024-07-08 12:14:03,0.03256
2024-07-08 12:14:04,0.038784
2024-07-08 12:14:05,0.052864
2024-07-08 12:14:06,0.037224
2024-07-08 12:14:07,0.040744
2024-07-08 12:14:08,0.049624
2024-07-08 12:14:09,0.046264
2024-07-08 12:14:10,0.053112
2024-07-08 12:14:11,0.06236
2024-07-08 12:14:12,0.055328
2024-07-08 12:14:13,0.036712
2024-07-08 12:14:14,0.029024
2024-07-08 12:14:15,0.027144
2024-07-08 12:14:16,0.038152
2024-07-08 12:14:17,0.04016
2024-07-08 12:14:18,0.050384
2024-07-08 12:14:19,0.049328
2024-07-08 12:14:20,0.058704
2024-07-08 12:14:21,0.042728
2024-07-08 12:14:22,0.044544
2024-07-08 12:14:23,0.059688
2024-07-08 12:14:24,0.059872
2024-07-08 12:14:25,0.07048
2024-07-08 12:14:26,0.062176
2024-07-08 12:14:27,0.044872
2024-07-08 12:14:28,0.045952
2024-07-08 12:14:29,0.034904
2024-07-08 12:14:30,0.034592
2024-07-08 12:14:31,0.035392
2024-07-08 12:14:32,0.036088
2024-07-08 12:14:33,0.035256
2024-07-08 12:14:34,0.028112
2024-07-08 12:14:35,0.026792
2024-07-08 12:14:36,0.035536
2024-07-08 12:14:37,0.024736
2024-07-08 12:14:38,0.031952
2024-07-08 12:14:39,0.026528
2024-07-08 12:14:40,0.029992
2024-07-08 12:14:41,0.032592
2024-07-08 12:14:42,0.031528
2024-07-08 12:14:43,0.029664
2024-07-08 12:14:44,0.03708
2024-07-08 12:14:45,0.041272
2024-07-08 12:14:46,0.038408
2024-07-08 12:14:47,0.054552
2024-07-08 12:14:48,0.037912
2024-07-08 12:14:49,0.068952
2024-07-08 12:14:50,0.071832
2024-07-08 12:14:51,0.097576
2024-07-08 12:14:52,0.092304
2024-07-08 12:14:53,0.089272
2024-07-08 12:14:54,0.051928
2024-07-08 12:14:55,0.076016
2024-07-08 12:14:56,0.04772
2024-07-08 12:14:57,0.067624
2024-07-08 12:14:58,0.064192
2024-07-08 12:14:59,0.054024
2024-07-08 12:15:00,0.067136
2024-07-08 12:15:01,0.0684
2024-07-08 12:15:02,0.08904
2024-07-08 12:15:03,0.075368
2024-07-08 12:15:04,0.078864
2024-07-08 12:15:05,0.069288
2024-07-08 12:15:06,0.058424
2024-07-08 12:15:07,0.053056
2024-07-08 12:15:08,0.06932
2024-07-08 12:15:09,0.072664
2024-07-08 12:15:10,0.095552
2024-07-08 12:15:11,0.069952
2024-07-08 12:15:12,0.052824
2024-07-08 12:15:13,0.065592
2024-07-08 12:15:14,0.058288
2024-07-08 12:15:15,0.063696
2024-07-08 12:15:16,0.053224
2024-07-08 12:15:17,0.081224
2024-07-08 12:15:18,0.074952
2024-07-08 12:15:19,0.087696
2024-07-08 12:15:20,0.084792
2024-07-08 12:15:21,0.066496
2024-07-08 12:15:22,0.071024
2024-07-08 12:15:23,0.072168
2024-07-08 12:15:24,0.108784
2024-07-08 12:15:25,0.137368
2024-07-08 12:15:26,0.145752
2024-07-08 12:15:27,0.161504
2024-07-08 12:15:28,0.123216
2024-07-08 12:15:29,0.097744
2024-07-08 12:15:30,0.127328
2024-07-08 12:15:31,0.110416
2024-07-08 12:15:32,0.12032
2024-07-08 12:15:33,0.123296
2024-07-08 12:15:34,0.116136
2024-07-08 12:15:35,0.111552
2024-07-08 12:15:36,0.126232
2024-07-08 12:15:37,0.122872
2024-07-08 12:15:38,0.12268
2024-07-08 12:15:39,0.117168
2024-07-08 12:15:40,0.120008
2024-07-08 12:15:41,0.108416
2024-07-08 12:15:42,0.117056
2024-07-08 12:15:43,0.10924
2024-07-08 12:15:44,0.11436
2024-07-08 12:15:45,0.104408
2024-07-08 12:15:46,0.130776
2024-07-08 12:15:47,0.141344
2024-07-08 12:15:48,0.109608
2024-07-08 12:15:49,0.12004
2024-07-08 12:15:50,0.11424
2024-07-08 12:15:51,0.13404
2024-07-08 12:15:52,0.111144
2024-07-08 12:15:53,0.142224
2024-07-08 12:15:54,0.123632
2024-07-08 12:15:55,0.166016
2024-07-08 12:15:56,0.133792
2024-07-08 12:15:57,0.142136
2024-07-08 12:15:58,0.141864
2024-07-08 12:15:59,0.130208
2024-07-08 12:16:00,0.135736
2024-07-08 12:16:01,0.127168
2024-07-08 12:16:02,0.147744
2024-07-08 12:16:03,0.147192
2024-07-08 12:16:04,0.142248
2024-07-08 12:16:05,0.137944
2024-07-08 12:16:06,0.123264
2024-07-08 12:16:07,0.109536
2024-07-08 12:16:08,0.139976
2024-07-08 12:16:09,0.130944
2024-07-08 12:16:10,0.14024
2024-07-08 12:16:11,0.161408
2024-07-08 12:16:12,0.143088
2024-07-08 12:16:13,0.14396
2024-07-08 12:16:14,0.146336
2024-07-08 12:16:15,0.149624
2024-07-08 12:16:16,0.206168
2024-07-08 12:16:17,0.126064
2024-07-08 12:16:18,0.13592
2024-07-08 12:16:19,0.118176
2024-07-08 12:16:20,0.108264
2024-07-08 12:16:21,0.108416
2024-07-08 12:16:22,0.131328
2024-07-08 12:16:23,0.125584
2024-07-08 12:16:24,0.113944
2024-07-08 12:16:25,0.128712
2024-07-08 12:16:26,0.126472
2024-07-08 12:16:27,0.116312
2024-07-08 12:16:28,0.139928
2024-07-08 12:16:29,0.13712
2024-07-08 12:16:30,0.151728
2024-07-08 12:16:31,0.176152
2024-07-08 12:16:32,0.224584
2024-07-08 12:16:33,0.215656
2024-07-08 12:16:34,0.182488
2024-07-08 12:16:35,0.16008
2024-07-08 12:16:36,0.147024
2024-07-08 12:16:37,0.120928
2024-07-08 12:16:38,0.126752
2024-07-08 12:16:39,0.11612
2024-07-08 12:16:40,0.113432
2024-07-08 12:16:41,0.098992
2024-07-08 12:16:42,0.118544
2024-07-08 12:16:43,0.099288
2024-07-08 12:16:44,0.112384
2024-07-08 12:16:45,0.11068
2024-07-08 12:16:46,0.108256
2024-07-08 12:16:47,0.129112
2024-07-08 12:16:48,0.128528
2024-07-08 12:16:49,0.11548
2024-07-08 12:16:50,0.123992
2024-07-08 12:16:51,0.114936
2024-07-08 12:16:52,0.115232
2024-07-08 12:16:53,0.151472
2024-07-08 12:16:54,0.17992
2024-07-08 12:16:55,0.173624
2024-07-08 12:16:56,0.209216
2024-07-08 12:16:57,0.168648
2024-07-08 12:16:58,0.15772
2024-07-08 12:16:59,0.148232
2024-07-08 12:17:00,0.134704
2024-07-08 12:17:01,0.12948
2024-07-08 12:17:02,0.14292
2024-07-08 12:17:03,0.144056
2024-07-08 12:17:04,0.118712
2024-07-08 12:17:05,0.132128
2024-07-08 12:17:06,0.120376
2024-07-08 12:17:07,0.132248
2024-07-08 12:17:08,0.1802
2024-07-08 12:17:09,0.127392
2024-07-08 12:17:10,0.13524
2024-07-08 12:17:11,0.116304
2024-07-08 12:17:12,0.126224
2024-07-08 12:17:13,0.153648
2024-07-08 12:17:14,0.124312
2024-07-08 12:17:15,0.127592
2024-07-08 12:17:16,0.123504
2024-07-08 12:17:17,0.11148
2024-07-08 12:17:18,0.10288
2024-07-08 12:17:19,0.102096
2024-07-08 12:17:20,0.110952
2024-07-08 12:17:21,0.111776
2024-07-08 12:17:22,0.119664
2024-07-08 12:17:23,0.117864
2024-07-08 12:17:24,0.171568
2024-07-08 12:17:25,0.170528
2024-07-08 12:17:26,0.144008
2024-07-08 12:17:27,0.137752
2024-07-08 12:17:28,0.138168
2024-07-08 12:17:29,0.133528
2024-07-08 12:17:30,0.142512
2024-07-08 12:17:31,0.126816
2024-07-08 12:17:32,0.117376
2024-07-08 12:17:33,0.136976
2024-07-08 12:17:34,0.110928
2024-07-08 12:17:35,0.129232
2024-07-08 12:17:36,0.107224
2024-07-08 12:17:37,0.110536
2024-07-08 12:17:38,0.117352
2024-07-08 12:17:39,0.12536
2024-07-08 12:17:40,0.128464
2024-07-08 12:17:41,0.116464
2024-07-08 12:17:42,0.158632
2024-07-08 12:17:43,0.118264
2024-07-08 12:17:44,0.13436
2024-07-08 12:17:45,0.147848
2024-07-08 12:17:46,0.129744
2024-07-08 12:17:47,0.144392
2024-07-08 12:17:48,0.14396
2024-07-08 12:17:49,0.11624
2024-07-08 12:17:50,0.136816
2024-07-08 12:17:51,0.13196
2024-07-08 12:17:52,0.128424
2024-07-08 12:17:53,0.10812
2024-07-08 12:17:54,0.127176
2024-07-08 12:17:55,0.142656
2024-07-08 12:17:56,0.118408
2024-07-08 12:17:57,0.121008
2024-07-08 12:17:58,0.117392
2024-07-08 12:17:59,0.110272
2024-07-08 12:18:00,0.173344
2024-07-08 12:18:01,0.170904
2024-07-08 12:18:02,0.13648
2024-07-08 12:18:03,0.130888
2024-07-08 12:18:04,0.116008
2024-07-08 12:18:05,0.117256
2024-07-08 12:18:06,0.116816
2024-07-08 12:18:07,0.1154
2024-07-08 12:18:08,0.104224
2024-07-08 12:18:09,0.102328
2024-07-08 12:18:10,0.123968
2024-07-08 12:18:11,0.109392
2024-07-08 12:18:12,0.11504
2024-07-08 12:18:13,0.146008
2024-07-08 12:18:14,0.14048
2024-07-08 12:18:15,0.140832
2024-07-08 12:18:16,0.133472
2024-07-08 12:18:17,0.14904
2024-07-08 12:18:18,0.138496
2024-07-08 12:18:19,0.119848
2024-07-08 12:18:20,0.120576
2024-07-08 12:18:21,0.096688
2024-07-08 12:18:22,0.102984
2024-07-08 12:18:23,0.120176
2024-07-08 12:18:24,0.115368
2024-07-08 12:18:25,0.13768
2024-07-08 12:18:26,0.120376
2024-07-08 12:18:27,0.103216
2024-07-08 12:18:28,0.109896
2024-07-08 12:18:29,0.111832
2024-07-08 12:18:30,0.106064
2024-07-08 12:18:31,0.107608
2024-07-08 12:18:32,0.107408
2024-07-08 12:18:33,0.105024
2024-07-08 12:18:34,0.100744
2024-07-08 12:18:35,0.120328
2024-07-08 12:18:36,0.137944
2024-07-08 12:18:37,0.132296
2024-07-08 12:18:38,0.10444
2024-07-08 12:18:39,0.118232
2024-07-08 12:18:40,0.127272
2024-07-08 12:18:41,0.121048
2024-07-08 12:18:42,0.139632
2024-07-08 12:18:43,0.110888
2024-07-08 12:18:44,0.144872
2024-07-08 12:18:45,0.145536
2024-07-08 12:18:46,0.10824
2024-07-08 12:18:47,0.129976
2024-07-08 12:18:48,0.113072
2024-07-08 12:18:49,0.161872
2024-07-08 12:18:50,0.106032
2024-07-08 12:18:51,0.108624
2024-07-08 12:18:52,0.106248
2024-07-08 12:18:53,0.112672
2024-07-08 12:18:54,0.142416
2024-07-08 12:18:55,0.147576
2024-07-08 12:18:56,0.107256
2024-07-08 12:18:57,0.107496
2024-07-08 12:18:58,0.102624
2024-07-08 12:18:59,0.11408
2024-07-08 12:19:00,0.110168
2024-07-08 12:19:01,0.117704
2024-07-08 12:19:02,0.123272
2024-07-08 12:19:03,0.137152
2024-07-08 12:19:04,0.138472
2024-07-08 12:19:05,0.129872
2024-07-08 12:19:06,0.155272
2024-07-08 12:19:07,0.155056
2024-07-08 12:19:08,0.14864
2024-07-08 12:19:09,0.136504
2024-07-08 12:19:10,0.130472
2024-07-08 12:19:11,0.116368
2024-07-08 12:19:12,0.128184
2024-07-08 12:19:13,0.130672
2024-07-08 12:19:14,0.148328
2024-07-08 12:19:15,0.146488
2024-07-08 12:19:16,0.188392
2024-07-08 12:19:17,0.126752
2024-07-08 12:19:18,0.128848
2024-07-08 12:19:19,0.107024
2024-07-08 12:19:20,0.093096
2024-07-08 12:19:21,0.11096
2024-07-08 12:19:22,0.109552
2024-07-08 12:19:23,0.112224
2024-07-08 12:19:24,0.11496
2024-07-08 12:19:25,0.100056
2024-07-08 12:19:26,0.119336
2024-07-08 12:19:27,0.14816
2024-07-08 12:19:28,0.143824
2024-07-08 12:19:29,0.131208
2024-07-08 12:19:30,0.145592
2024-07-08 12:19:31,0.189296
2024-07-08 12:19:32,0.150832
2024-07-08 12:19:33,0.1532
2024-07-08 12:19:34,0.16692
2024-07-08 12:19:35,0.1412
2024-07-08 12:19:36,0.159872
2024-07-08 12:19:37,0.228
2024-07-08 12:19:38,0.171512
2024-07-08 12:19:39,0.1134
2024-07-08 12:19:40,0.134296
2024-07-08 12:19:41,0.134472
2024-07-08 12:19:42,0.134264
2024-07-08 12:19:43,0.093824
2024-07-08 12:19:44,0.087712
2024-07-08 12:19:45,0.1206
2024-07-08 12:19:46,0.107952
2024-07-08 12:19:47,0.129696
2024-07-08 12:19:48,0.139232
2024-07-08 12:19:49,0.118656
2024-07-08 12:19:50,0.1304
2024-07-08 12:19:51,0.117384
2024-07-08 12:19:52,0.119104
2024-07-08 12:19:53,0.11112
2024-07-08 12:19:54,0.121184
2024-07-08 12:19:55,0.19152
2024-07-08 12:19:56,0.126288
2024-07-08 12:19:57,0.141896
2024-07-08 12:19:58,0.189968
2024-07-08 12:19:59,0.133144
2024-07-08 12:20:00,0.12956
2024-07-08 12:20:01,0.148408
2024-07-08 12:20:02,0.137168
2024-07-08 12:20:03,0.12568
2024-07-08 12:20:04,0.128152
2024-07-08 12:20:05,0.156976
2024-07-08 12:20:06,0.13076
2024-07-08 12:20:07,0.110128
2024-07-08 12:20:08,0.126376
2024-07-08 12:20:09,0.124224
2024-07-08 12:20:10,0.13096
2024-07-08 12:20:11,0.101208
2024-07-08 12:20:12,0.113784
2024-07-08 12:20:13,0.11148
2024-07-08 12:20:14,0.120464
2024-07-08 12:20:15,0.129384
2024-07-08 12:20:16,0.126544
2024-07-08 12:20:17,0.154168
2024-07-08 12:20:18,0.148416
2024-07-08 12:20:19,0.123408
2024-07-08 12:20:20,0.130232
2024-07-08 12:20:21,0.1472
2024-07-08 12:20:22,0.147648
2024-07-08 12:20:23,0.103632
2024-07-08 12:20:24,0.149472
2024-07-08 12:20:25,0.122408
2024-07-08 12:20:26,0.143152
2024-07-08 12:20:27,0.158496
2024-07-08 12:20:28,0.223912
2024-07-08 12:20:29,0.124472
2024-07-08 12:20:30,0.172848
2024-07-08 12:20:31,0.115128
2024-07-08 12:20:32,0.12036
2024-07-08 12:20:33,0.13404
2024-07-08 12:20:34,0.160536
2024-07-08 12:20:35,0.14748
2024-07-08 12:20:36,0.149728
2024-07-08 12:20:37,0.152176
2024-07-08 12:20:38,0.15024
2024-07-08 12:20:39,0.144992
2024-07-08 12:20:40,0.137952
2024-07-08 12:20:41,0.143744
2024-07-08 12:20:42,0.142736
2024-07-08 12:20:43,0.111992
2024-07-08 12:20:44,0.12792
2024-07-08 12:20:45,0.123728
2024-07-08 12:20:46,0.133992
2024-07-08 12:20:47,0.161232
2024-07-08 12:20:48,0.122128
2024-07-08 12:20:49,0.110576
2024-07-08 12:20:50,0.11272
2024-07-08 12:20:51,0.103616
2024-07-08 12:20:52,0.1036
2024-07-08 12:20:53,0.144256
2024-07-08 12:20:54,0.118728
2024-07-08 12:20:55,0.130872
2024-07-08 12:20:56,0.1446
2024-07-08 12:20:57,0.137576
2024-07-08 12:20:58,0.156328
2024-07-08 12:20:59,0.126712
2024-07-08 12:21:00,0.139904
2024-07-08 12:21:01,0.113016
2024-07-08 12:21:02,0.124872
2024-07-08 12:21:03,0.107344
2024-07-08 12:21:04,0.113232
2024-07-08 12:21:05,0.116536
2024-07-08 12:21:06,0.12604
2024-07-08 12:21:07,0.097736
2024-07-08 12:21:08,0.100728
2024-07-08 12:21:09,0.107224
2024-07-08 12:21:10,0.098272
2024-07-08 12:21:11,0.087296
2024-07-08 12:21:12,0.093832
2024-07-08 12:21:13,0.105
2024-07-08 12:21:14,0.093848
2024-07-08 12:21:15,0.115856
2024-07-08 12:21:16,0.168296
2024-07-08 12:21:17,0.14968
2024-07-08 12:21:18,0.126248
2024-07-08 12:21:19,0.12588
2024-07-08 12:21:20,0.108072
2024-07-08 12:21:21,0.103888
2024-07-08 12:21:22,0.107696
2024-07-08 12:21:23,0.1232
2024-07-08 12:21:24,0.116624
2024-07-08 12:21:25,0.125256
2024-07-08 12:21:26,0.109872
2024-07-08 12:21:27,0.130888
2024-07-08 12:21:28,0.114288
2024-07-08 12:21:29,0.14892
2024-07-08 12:21:30,0.149056
2024-07-08 12:21:31,0.138616
2024-07-08 12:21:32,0.17444
2024-07-08 12:21:33,0.180648
2024-07-08 12:21:34,0.152928
2024-07-08 12:21:35,0.134704
2024-07-08 12:21:36,0.184576
2024-07-08 12:21:37,0.117504
2024-07-08 12:21:38,0.111224
2024-07-08 12:21:39,0.12452
2024-07-08 12:21:40,0.107056
2024-07-08 12:21:41,0.124096
2024-07-08 12:21:42,0.127568
2024-07-08 12:21:43,0.099672
2024-07-08 12:21:44,0.108184
2024-07-08 12:21:45,0.112112
2024-07-08 12:21:46,0.108872
2024-07-08 12:21:47,0.100072
2024-07-08 12:21:48,0.116336
2024-07-08 12:21:49,0.100312
2024-07-08 12:21:50,0.137296
2024-07-08 12:21:51,0.124312
2024-07-08 12:21:52,0.11248
2024-07-08 12:21:53,0.115736
2024-07-08 12:21:54,0.148952
2024-07-08 12:21:55,0.144712
2024-07-08 12:21:56,0.17252
2024-07-08 12:21:57,0.171976
2024-07-08 12:21:58,0.162256
2024-07-08 12:21:59,0.223712
2024-07-08 12:22:00,0.201448
2024-07-08 12:22:01,0.165664
2024-07-08 12:22:02,0.15016
2024-07-08 12:22:03,0.168768
2024-07-08 12:22:04,0.18656
2024-07-08 12:22:05,0.162352
2024-07-08 12:22:06,0.146552
2024-07-08 12:22:07,0.114608
2024-07-08 12:22:08,0.12548
2024-07-08 12:22:09,0.116
2024-07-08 12:22:10,0.108832
2024-07-08 12:22:11,0.15072
2024-07-08 12:22:12,0.128136
2024-07-08 12:22:13,0.153816
2024-07-08 12:22:14,0.1484
2024-07-08 12:22:15,0.138952
2024-07-08 12:22:16,0.13056
2024-07-08 12:22:17,0.131984
2024-07-08 12:22:18,0.111328
2024-07-08 12:22:19,0.12076
2024-07-08 12:22:20,0.118344
2024-07-08 12:22:21,0.104944
2024-07-08 12:22:22,0.133976
2024-07-08 12:22:23,0.121424
2024-07-08 12:22:24,0.108128
2024-07-08 12:22:25,0.112984
2024-07-08 12:22:26,0.092744
2024-07-08 12:22:27,0.098576
2024-07-08 12:22:28,0.125808
2024-07-08 12:22:29,0.116408
2024-07-08 12:22:30,0.150296
2024-07-08 12:22:31,0.142528
2024-07-08 12:22:32,0.151224
2024-07-08 12:22:33,0.121544
2024-07-08 12:22:34,0.116496
2024-07-08 12:22:35,0.11048
2024-07-08 12:22:36,0.112584
2024-07-08 12:22:37,0.0972
2024-07-08 12:22:38,0.118488
2024-07-08 12:22:39,0.13356
2024-07-08 12:22:40,0.082248
2024-07-08 12:22:41,0.071
2024-07-08 12:22:42,0.068536
2024-07-08 12:22:43,0.089848
2024-07-08 12:22:44,0.135344
2024-07-08 12:22:45,0.108872
2024-07-08 12:22:46,0.109888
2024-07-08 12:22:47,0.132872
2024-07-08 12:22:48,0.107992
2024-07-08 12:22:49,0.09372
2024-07-08 12:22:50,0.10016
2024-07-08 12:22:51,0.112968
2024-07-08 12:22:52,0.113912
2024-07-08 12:22:53,0.164104
2024-07-08 12:22:54,0.104728
2024-07-08 12:22:55,0.136968
2024-07-08 12:22:56,0.115648
2024-07-08 12:22:57,0.124664
2024-07-08 12:22:58,0.13704
2024-07-08 12:22:59,0.12312
2024-07-08 12:23:00,0.11844
2024-07-08 12:23:01,0.114624
2024-07-08 12:23:02,0.115904
2024-07-08 12:23:03,0.138264
2024-07-08 12:23:04,0.123144
2024-07-08 12:23:05,0.132472
2024-07-08 12:23:06,0.132072
2024-07-08 12:23:07,0.119824
2024-07-08 12:23:08,0.188968
2024-07-08 12:23:09,0.165792
2024-07-08 12:23:10,0.1536
2024-07-08 12:23:11,0.133088
2024-07-08 12:23:12,0.121384
2024-07-08 12:23:13,0.109504
2024-07-08 12:23:14,0.116248
2024-07-08 12:23:15,0.107568
2024-07-08 12:23:16,0.1118
2024-07-08 12:23:17,0.106864
2024-07-08 12:23:18,0.120296
2024-07-08 12:23:19,0.129056
2024-07-08 12:23:20,0.144704
2024-07-08 12:23:21,0.144336
2024-07-08 12:23:22,0.131552
2024-07-08 12:23:23,0.12264
2024-07-08 12:23:24,0.20404
2024-07-08 12:23:25,0.154552
2024-07-08 12:23:26,0.161032
2024-07-08 12:23:27,0.12064
2024-07-08 12:23:28,0.12136
2024-07-08 12:23:29,0.1392
2024-07-08 12:23:30,0.171016
2024-07-08 12:23:31,0.148824
2024-07-08 12:23:32,0.148264
2024-07-08 12:23:33,0.132672
2024-07-08 12:23:34,0.14988
2024-07-08 12:23:35,0.123064
2024-07-08 12:23:36,0.121728
2024-07-08 12:23:37,0.1426
2024-07-08 12:23:38,0.148352
2024-07-08 12:23:39,0.139328
2024-07-08 12:23:40,0.156504
2024-07-08 12:23:41,0.19284
2024-07-08 12:23:42,0.208184
2024-07-08 12:23:43,0.178816
2024-07-08 12:23:44,0.189944
2024-07-08 12:23:45,0.151064
2024-07-08 12:23:46,0.124616
2024-07-08 12:23:47,0.115304
2024-07-08 12:23:48,0.123328
2024-07-08 12:23:49,0.118096
2024-07-08 12:23:50,0.10364
2024-07-08 12:23:51,0.092904
2024-07-08 12:23:52,0.111632
2024-07-08 12:23:53,0.104096
2024-07-08 12:23:54,0.117016
2024-07-08 12:23:55,0.146816
2024-07-08 12:23:56,0.161424
2024-07-08 12:23:57,0.138896
2024-07-08 12:23:58,0.141688
2024-07-08 12:23:59,0.125408
2024-07-08 12:24:00,0.211408
2024-07-08 12:24:01,0.147248
2024-07-08 12:24:02,0.131128
2024-07-08 12:24:03,0.148752
2024-07-08 12:24:04,0.136136
2024-07-08 12:24:05,0.1364
2024-07-08 12:24:06,0.17432
2024-07-08 12:24:07,0.160728
2024-07-08 12:24:08,0.175664
2024-07-08 12:24:09,0.167336
2024-07-08 12:24:10,0.156872
2024-07-08 12:24:11,0.11764
2024-07-08 12:24:12,0.13944
2024-07-08 12:24:13,0.12456
2024-07-08 12:24:14,0.133288
2024-07-08 12:24:15,0.212568
2024-07-08 12:24:16,0.12752
2024-07-08 12:24:17,0.13772
2024-07-08 12:24:18,0.128056
2024-07-08 12:24:19,0.116536
2024-07-08 12:24:20,0.119368
2024-07-08 12:24:21,0.137088
2024-07-08 12:24:22,0.09584
2024-07-08 12:24:23,0.103624
2024-07-08 12:24:24,0.106344
2024-07-08 12:24:25,0.110496
2024-07-08 12:24:26,0.113288
2024-07-08 12:24:27,0.112024
2024-07-08 12:24:28,0.128352
2024-07-08 12:24:29,0.114184
2024-07-08 12:24:30,0.119024
2024-07-08 12:24:31,0.154336
2024-07-08 12:24:32,0.168232
2024-07-08 12:24:33,0.163632
2024-07-08 12:24:34,0.141728
2024-07-08 12:24:35,0.165744
2024-07-08 12:24:36,0.142152
2024-07-08 12:24:37,0.143192
2024-07-08 12:24:38,0.132632
2024-07-08 12:24:39,0.148688
2024-07-08 12:24:40,0.113304
2024-07-08 12:24:41,0.110768
2024-07-08 12:24:42,0.082664
2024-07-08 12:24:43,0.095608
2024-07-08 12:24:44,0.092672
2024-07-08 12:24:45,0.090992
2024-07-08 12:24:46,0.092
2024-07-08 12:24:47,0.08572
2024-07-08 12:24:48,0.081552
2024-07-08 12:24:49,0.091384
2024-07-08 12:24:50,0.086736
2024-07-08 12:24:51,0.081456
2024-07-08 12:24:52,0.109832
2024-07-08 12:24:53,0.084064
2024-07-08 12:24:54,0.09848
2024-07-08 12:24:55,0.107008
2024-07-08 12:24:56,0.11008
2024-07-08 12:24:57,0.103992
2024-07-08 12:24:58,0.106368
2024-07-08 12:24:59,0.109424
2024-07-08 12:25:00,0.106128
2024-07-08 12:25:01,0.09892
2024-07-08 12:25:02,0.113296
2024-07-08 12:25:03,0.11392
2024-07-08 12:25:04,0.10592
2024-07-08 12:25:05,0.123224
2024-07-08 12:25:06,0.123328
2024-07-08 12:25:07,0.148296
2024-07-08 12:25:08,0.138144
2024-07-08 12:25:09,0.103312
2024-07-08 12:25:10,0.118616
2024-07-08 12:25:11,0.12092
2024-07-08 12:25:12,0.117696
2024-07-08 12:25:13,0.111104
2024-07-08 12:25:14,0.104904
2024-07-08 12:25:15,0.127464
2024-07-08 12:25:16,0.11792
2024-07-08 12:25:17,0.130544
2024-07-08 12:25:18,0.144288
2024-07-08 12:25:19,0.167152
2024-07-08 12:25:20,0.1358
2024-07-08 12:25:21,0.213856
2024-07-08 12:25:22,0.14224
2024-07-08 12:25:23,0.16564
2024-07-08 12:25:24,0.146336
2024-07-08 12:25:25,0.162072
2024-07-08 12:25:26,0.155848
2024-07-08 12:25:27,0.170752
2024-07-08 12:25:28,0.17672
2024-07-08 12:25:29,0.202592
2024-07-08 12:25:30,0.126304
2024-07-08 12:25:31,0.175424
2024-07-08 12:25:32,0.14664
2024-07-08 12:25:33,0.168264
2024-07-08 12:25:34,0.157024
2024-07-08 12:25:35,0.174544
2024-07-08 12:25:36,0.161536
2024-07-08 12:25:37,0.157184
2024-07-08 12:25:38,0.148736
2024-07-08 12:25:39,0.144136
2024-07-08 12:25:40,0.142336
2024-07-08 12:25:41,0.130856
2024-07-08 12:25:42,0.138696
2024-07-08 12:25:43,0.181624
2024-07-08 12:25:44,0.139104
2024-07-08 12:25:45,0.133344
2024-07-08 12:25:46,0.142272
2024-07-08 12:25:47,0.151776
2024-07-08 12:25:48,0.106664
2024-07-08 12:25:49,0.117768
2024-07-08 12:25:50,0.091928
2024-07-08 12:25:51,0.130128
2024-07-08 12:25:52,0.147328
2024-07-08 12:25:53,0.132
2024-07-08 12:25:54,0.17
2024-07-08 12:25:55,0.175288
2024-07-08 12:25:56,0.201024
2024-07-08 12:25:57,0.17352
2024-07-08 12:25:58,0.187824
2024-07-08 12:25:59,0.188624
2024-07-08 12:26:00,0.151032
2024-07-08 12:26:01,0.16504
2024-07-08 12:26:02,0.16492
2024-07-08 12:26:03,0.1112
2024-07-08 12:26:04,0.114096
2024-07-08 12:26:05,0.130224
2024-07-08 12:26:06,0.117232
2024-07-08 12:26:07,0.103528
2024-07-08 12:26:08,0.14752
2024-07-08 12:26:09,0.159008
2024-07-08 12:26:10,0.15372
2024-07-08 12:26:11,0.120624
2024-07-08 12:26:12,0.098328
2024-07-08 12:26:13,0.105088
2024-07-08 12:26:14,0.1076
2024-07-08 12:26:15,0.109496
2024-07-08 12:26:16,0.112032
2024-07-08 12:26:17,0.157088
2024-07-08 12:26:18,0.107808
2024-07-08 12:26:19,0.165896
2024-07-08 12:26:20,0.114016
2024-07-08 12:26:21,0.139232
2024-07-08 12:26:22,0.137272
2024-07-08 12:26:23,0.14496
2024-07-08 12:26:24,0.210456
2024-07-08 12:26:25,0.268208
2024-07-08 12:26:26,0.196672
2024-07-08 12:26:27,0.24056
2024-07-08 12:26:28,0.206944
2024-07-08 12:26:29,0.216064
2024-07-08 12:26:30,0.21028
2024-07-08 12:26:31,0.198224
2024-07-08 12:26:32,0.137136
2024-07-08 12:26:33,0.13244
2024-07-08 12:26:34,0.115176
2024-07-08 12:26:35,0.135328
2024-07-08 12:26:36,0.127944
2024-07-08 12:26:37,0.14148
2024-07-08 12:26:38,0.160024
2024-07-08 12:26:39,0.156768
2024-07-08 12:26:40,0.150104
2024-07-08 12:26:41,0.152296
2024-07-08 12:26:42,0.118872
2024-07-08 12:26:43,0.093656
2024-07-08 12:26:44,0.098136
2024-07-08 12:26:45,0.103496
2024-07-08 12:26:46,0.121528
2024-07-08 12:26:47,0.098488
2024-07-08 12:26:48,0.10728
2024-07-08 12:26:49,0.107368
2024-07-08 12:26:50,0.105952
2024-07-08 12:26:51,0.118056
2024-07-08 12:26:52,0.131688
2024-07-08 12:26:53,0.172776
2024-07-08 12:26:54,0.121496
2024-07-08 12:26:55,0.15264
2024-07-08 12:26:56,0.142016
2024-07-08 12:26:57,0.149304
2024-07-08 12:26:58,0.12424
2024-07-08 12:26:59,0.11248
2024-07-08 12:27:00,0.127672
2024-07-08 12:27:01,0.159792
2024-07-08 12:27:02,0.1508
2024-07-08 12:27:03,0.164768
2024-07-08 12:27:04,0.138104
2024-07-08 12:27:05,0.12068
2024-07-08 12:27:06,0.128824
2024-07-08 12:27:07,0.125824
2024-07-08 12:27:08,0.188096
2024-07-08 12:27:09,0.164592
2024-07-08 12:27:10,0.154248
2024-07-08 12:27:11,0.167216
2024-07-08 12:27:12,0.150016
2024-07-08 12:27:13,0.146192
2024-07-08 12:27:14,0.150912
2024-07-08 12:27:15,0.125456
2024-07-08 12:27:16,0.165632
2024-07-08 12:27:17,0.125096
2024-07-08 12:27:18,0.168808
2024-07-08 12:27:19,0.10904
2024-07-08 12:27:20,0.128528
2024-07-08 12:27:21,0.115952
2024-07-08 12:27:22,0.159424
2024-07-08 12:27:23,0.145984
2024-07-08 12:27:24,0.13908
2024-07-08 12:27:25,0.149008
2024-07-08 12:27:26,0.140024
2024-07-08 12:27:27,0.155264
2024-07-08 12:27:28,0.184328
2024-07-08 12:27:29,0.153224
2024-07-08 12:27:30,0.1096
2024-07-08 12:27:31,0.130712
2024-07-08 12:27:32,0.155992
2024-07-08 12:27:33,0.187008
2024-07-08 12:27:34,0.151072
2024-07-08 12:27:35,0.174912
2024-07-08 12:27:36,0.182152
2024-07-08 12:27:37,0.136376
2024-07-08 12:27:38,0.135312
2024-07-08 12:27:39,0.115584
2024-07-08 12:27:40,0.106816
2024-07-08 12:27:41,0.098384
2024-07-08 12:27:42,0.123688
2024-07-08 12:27:43,0.10776
2024-07-08 12:27:44,0.102168
2024-07-08 12:27:45,0.107672
2024-07-08 12:27:46,0.104664
2024-07-08 12:27:47,0.092392
2024-07-08 12:27:48,0.130872
2024-07-08 12:27:49,0.110472
2024-07-08 12:27:50,0.133736
2024-07-08 12:27:51,0.17648
2024-07-08 12:27:52,0.130776
2024-07-08 12:27:53,0.142064
2024-07-08 12:27:54,0.134712
2024-07-08 12:27:55,0.14344
2024-07-08 12:27:56,0.175152
2024-07-08 12:27:57,0.21004
2024-07-08 12:27:58,0.129992
2024-07-08 12:27:59,0.140016
2024-07-08 12:28:00,0.142112
2024-07-08 12:28:01,0.157288
2024-07-08 12:28:02,0.186576
2024-07-08 12:28:03,0.123808
2024-07-08 12:28:04,0.140432
2024-07-08 12:28:05,0.177664
2024-07-08 12:28:06,0.13984
2024-07-08 12:28:07,0.21872
2024-07-08 12:28:08,0.12472
2024-07-08 12:28:09,0.152088
2024-07-08 12:28:10,0.130808
2024-07-08 12:28:11,0.150136
2024-07-08 12:28:12,0.157728
2024-07-08 12:28:13,0.148872
2024-07-08 12:28:14,0.130008
2024-07-08 12:28:15,0.132768
2024-07-08 12:28:16,0.169296
2024-07-08 12:28:17,0.103736
2024-07-08 12:28:18,0.080976
2024-07-08 12:28:19,0.099328
2024-07-08 12:28:20,0.094072
2024-07-08 12:28:21,0.110504
2024-07-08 12:28:22,0.104304
2024-07-08 12:28:23,0.140616
2024-07-08 12:28:24,0.17204
2024-07-08 12:28:25,0.18608
2024-07-08 12:28:26,0.160312
2024-07-08 12:28:27,0.160584
2024-07-08 12:28:28,0.122624
2024-07-08 12:28:29,0.13208
2024-07-08 12:28:30,0.143048
2024-07-08 12:28:31,0.14244
2024-07-08 12:28:32,0.182368
2024-07-08 12:28:33,0.17624
2024-07-08 12:28:34,0.185112
2024-07-08 12:28:35,0.166816
2024-07-08 12:28:36,0.177384
2024-07-08 12:28:37,0.16336
2024-07-08 12:28:38,0.145096
2024-07-08 12:28:39,0.179272
2024-07-08 12:28:40,0.140736
2024-07-08 12:28:41,0.15104
2024-07-08 12:28:42,0.12296
2024-07-08 12:28:43,0.14316
2024-07-08 12:28:44,0.097688
2024-07-08 12:28:45,0.114984
2024-07-08 12:28:46,0.092888
2024-07-08 12:28:47,0.130576
2024-07-08 12:28:48,0.120304
2024-07-08 12:28:49,0.1236
2024-07-08 12:28:50,0.129464
2024-07-08 12:28:51,0.152976
2024-07-08 12:28:52,0.167856
2024-07-08 12:28:53,0.176384
2024-07-08 12:28:54,0.164984
2024-07-08 12:28:55,0.147176
2024-07-08 12:28:56,0.163672
2024-07-08 12:28:57,0.141976
2024-07-08 12:28:58,0.139952
2024-07-08 12:28:59,0.113384
2024-07-08 12:29:00,0.103976
2024-07-08 12:29:01,0.131464
2024-07-08 12:29:02,0.146872
2024-07-08 12:29:03,0.146008
2024-07-08 12:29:04,0.174704
2024-07-08 12:29:05,0.151896
2024-07-08 12:29:06,0.137584
2024-07-08 12:29:07,0.122816
2024-07-08 12:29:08,0.096528
2024-07-08 12:29:09,0.09092
2024-07-08 12:29:10,0.113912
2024-07-08 12:29:11,0.098136
2024-07-08 12:29:12,0.084696
2024-07-08 12:29:13,0.083528
2024-07-08 12:29:14,0.086584
2024-07-08 12:29:15,0.09252
2024-07-08 12:29:16,0.092256
2024-07-08 12:29:17,0.107248
2024-07-08 12:29:18,0.09184
2024-07-08 12:29:19,0.097928
2024-07-08 12:29:20,0.1156
2024-07-08 12:29:21,0.125392
2024-07-08 12:29:22,0.118592
2024-07-08 12:29:23,0.123416
2024-07-08 12:29:24,0.140584
2024-07-08 12:29:25,0.10756
2024-07-08 12:29:26,0.13868
2024-07-08 12:29:27,0.122472
2024-07-08 12:29:28,0.120848
2024-07-08 12:29:29,0.159072
2024-07-08 12:29:30,0.13608
2024-07-08 12:29:31,0.156648
2024-07-08 12:29:32,0.170264
2024-07-08 12:29:33,0.138272
2024-07-08 12:29:34,0.13652
2024-07-08 12:29:35,0.223632
2024-07-08 12:29:36,0.160792
2024-07-08 12:29:37,0.144216
2024-07-08 12:29:38,0.124088
2024-07-08 12:29:39,0.132136
2024-07-08 12:29:40,0.133048
2024-07-08 12:29:41,0.128792
2024-07-08 12:29:42,0.185608
2024-07-08 12:29:43,0.134144
2024-07-08 12:29:44,0.13176
2024-07-08 12:29:45,0.120192
2024-07-08 12:29:46,0.121576
2024-07-08 12:29:47,0.121152
2024-07-08 12:29:48,0.119016
2024-07-08 12:29:49,0.114704
2024-07-08 12:29:50,0.118648
2024-07-08 12:29:51,0.106848
2024-07-08 12:29:52,0.10408
2024-07-08 12:29:53,0.162696
2024-07-08 12:29:54,0.108952
2024-07-08 12:29:55,0.134896
2024-07-08 12:29:56,0.189736
2024-07-08 12:29:57,0.13492
2024-07-08 12:29:58,0.153568
2024-07-08 12:29:59,0.168824
2024-07-08 12:30:00,0.143768
2024-07-08 12:30:01,0.163224
2024-07-08 12:30:02,0.154568
2024-07-08 12:30:03,0.16552
2024-07-08 12:30:04,0.16496
2024-07-08 12:30:05,0.169928
2024-07-08 12:30:06,0.138384
2024-07-08 12:30:07,0.14904
2024-07-08 12:30:08,0.15296
2024-07-08 12:30:09,0.169768
2024-07-08 12:30:10,0.129136
2024-07-08 12:30:11,0.116472
2024-07-08 12:30:12,0.133448
2024-07-08 12:30:13,0.120784
2024-07-08 12:30:14,0.1334
2024-07-08 12:30:15,0.171064
2024-07-08 12:30:16,0.134936
2024-07-08 12:30:17,0.148608
2024-07-08 12:30:18,0.179
2024-07-08 12:30:19,0.139336
2024-07-08 12:30:20,0.138472
2024-07-08 12:30:21,0.161192
2024-07-08 12:30:22,0.163512
2024-07-08 12:30:23,0.196832
2024-07-08 12:30:24,0.184536
2024-07-08 12:30:25,0.168168
2024-07-08 12:30:26,0.159208
2024-07-08 12:30:27,0.142144
2024-07-08 12:30:28,0.162808
2024-07-08 12:30:29,0.172344
2024-07-08 12:30:30,0.225872
2024-07-08 12:30:31,0.194912
2024-07-08 12:30:32,0.16732
2024-07-08 12:30:33,0.167
2024-07-08 12:30:34,0.15648
2024-07-08 12:30:35,0.1104
2024-07-08 12:30:36,0.096504
2024-07-08 12:30:37,0.102232
2024-07-08 12:30:38,0.111736
2024-07-08 12:30:39,0.171904
2024-07-08 12:30:40,0.128552
2024-07-08 12:30:41,0.101856
2024-07-08 12:30:42,0.116392
2024-07-08 12:30:43,0.104208
2024-07-08 12:30:44,0.088968
2024-07-08 12:30:45,0.092944
2024-07-08 12:30:46,0.095208
2024-07-08 12:30:47,0.096096
2024-07-08 12:30:48,0.105216
2024-07-08 12:30:49,0.122552
2024-07-08 12:30:50,0.116712
2024-07-08 12:30:51,0.107728
2024-07-08 12:30:52,0.12516
2024-07-08 12:30:53,0.102528
2024-07-08 12:30:54,0.0968
2024-07-08 12:30:55,0.091808
2024-07-08 12:30:56,0.112832
2024-07-08 12:30:57,0.104176
2024-07-08 12:30:58,0.089856
2024-07-08 12:30:59,0.092264
2024-07-08 12:31:00,0.090856
2024-07-08 12:31:01,0.102432
2024-07-08 12:31:02,0.088784
2024-07-08 12:31:03,0.1476
2024-07-08 12:31:04,0.111808
2024-07-08 12:31:05,0.110776
2024-07-08 12:31:06,0.099096
2024-07-08 12:31:07,0.098608
2024-07-08 12:31:08,0.081384
2024-07-08 12:31:09,0.097888
2024-07-08 12:31:10,0.125584
2024-07-08 12:31:11,0.114312
2024-07-08 12:31:12,0.14068
2024-07-08 12:31:13,0.108464
2024-07-08 12:31:14,0.133112
2024-07-08 12:31:15,0.12624
2024-07-08 12:31:16,0.112824
2024-07-08 12:31:17,0.094592
2024-07-08 12:31:18,0.130792
2024-07-08 12:31:19,0.115176
2024-07-08 12:31:20,0.151472
2024-07-08 12:31:21,0.195192
2024-07-08 12:31:22,0.167104
2024-07-08 12:31:23,0.147128
2024-07-08 12:31:24,0.154088
2024-07-08 12:31:25,0.128296
2024-07-08 12:31:26,0.146168
2024-07-08 12:31:27,0.130728
2024-07-08 12:31:28,0.12444
2024-07-08 12:31:29,0.133808
2024-07-08 12:31:30,0.156208
2024-07-08 12:31:31,0.151344
2024-07-08 12:31:32,0.21092
2024-07-08 12:31:33,0.17316
2024-07-08 12:31:34,0.153904
2024-07-08 12:31:35,0.142736
2024-07-08 12:31:36,0.166648
2024-07-08 12:31:37,0.176688
2024-07-08 12:31:38,0.1078
2024-07-08 12:31:39,0.089992
2024-07-08 12:31:40,0.096328
2024-07-08 12:31:41,0.095568
2024-07-08 12:31:42,0.088392
2024-07-08 12:31:43,0.08156
2024-07-08 12:31:44,0.089776
2024-07-08 12:31:45,0.094424
2024-07-08 12:31:46,0.115952
2024-07-08 12:31:47,0.129072
2024-07-08 12:31:48,0.139992
2024-07-08 12:31:49,0.17712
2024-07-08 12:31:50,0.145496
2024-07-08 12:31:51,0.12304
2024-07-08 12:31:52,0.144856
2024-07-08 12:31:53,0.100624
2024-07-08 12:31:54,0.120888
2024-07-08 12:31:55,0.111392
2024-07-08 12:31:56,0.121976
2024-07-08 12:31:57,0.106632
2024-07-08 12:31:58,0.09384
2024-07-08 12:31:59,0.111024
2024-07-08 12:32:00,0.201064
2024-07-08 12:32:01,0.129304
2024-07-08 12:32:02,0.14636
2024-07-08 12:32:03,0.15604
2024-07-08 12:32:04,0.14968
2024-07-08 12:32:05,0.120712
2024-07-08 12:32:06,0.106184
2024-07-08 12:32:07,0.118504
2024-07-08 12:32:08,0.104264
2024-07-08 12:32:09,0.131152
2024-07-08 12:32:10,0.16196
2024-07-08 12:32:11,0.164656
2024-07-08 12:32:12,0.185032
2024-07-08 12:32:13,0.236904
2024-07-08 12:32:14,0.124824
2024-07-08 12:32:15,0.131848
2024-07-08 12:32:16,0.136336
2024-07-08 12:32:17,0.137336
2024-07-08 12:32:18,0.157968
2024-07-08 12:32:19,0.130672
2024-07-08 12:32:20,0.135
2024-07-08 12:32:21,0.147936
2024-07-08 12:32:22,0.131
2024-07-08 12:32:23,0.13316
2024-07-08 12:32:24,0.15144
2024-07-08 12:32:25,0.122616
2024-07-08 12:32:26,0.138224
2024-07-08 12:32:27,0.165208
2024-07-08 12:32:28,0.178336
2024-07-08 12:32:29,0.125312
2024-07-08 12:32:30,0.1098
2024-07-08 12:32:31,0.114648
2024-07-08 12:32:32,0.10776
2024-07-08 12:32:33,0.117792
2024-07-08 12:32:34,0.11628
2024-07-08 12:32:35,0.09628
2024-07-08 12:32:36,0.115736
2024-07-08 12:32:37,0.109872
2024-07-08 12:32:38,0.09848
2024-07-08 12:32:39,0.170648
2024-07-08 12:32:40,0.1768
2024-07-08 12:32:41,0.21852
2024-07-08 12:32:42,0.13652
2024-07-08 12:32:43,0.151904
2024-07-08 12:32:44,0.145192
2024-07-08 12:32:45,0.130736
2024-07-08 12:32:46,0.097392
2024-07-08 12:32:47,0.114096
2024-07-08 12:32:48,0.1256
2024-07-08 12:32:49,0.130872
2024-07-08 12:32:50,0.129728
2024-07-08 12:32:51,0.141008
2024-07-08 12:32:52,0.128512
2024-07-08 12:32:53,0.115424
2024-07-08 12:32:54,0.157648
2024-07-08 12:32:55,0.137544
2024-07-08 12:32:56,0.1884
2024-07-08 12:32:57,0.158632
2024-07-08 12:32:58,0.11984
2024-07-08 12:32:59,0.112576
2024-07-08 12:33:00,0.154336
2024-07-08 12:33:01,0.11644
2024-07-08 12:33:02,0.11196
2024-07-08 12:33:03,0.138024
2024-07-08 12:33:04,0.131824
2024-07-08 12:33:05,0.148456
2024-07-08 12:33:06,0.19684
2024-07-08 12:33:07,0.160768
2024-07-08 12:33:08,0.123016
2024-07-08 12:33:09,0.127184
2024-07-08 12:33:10,0.127024
2024-07-08 12:33:11,0.1514
2024-07-08 12:33:12,0.114064
2024-07-08 12:33:13,0.130752
2024-07-08 12:33:14,0.141312
2024-07-08 12:33:15,0.127472
2024-07-08 12:33:16,0.162224
2024-07-08 12:33:17,0.166824
2024-07-08 12:33:18,0.169832
2024-07-08 12:33:19,0.145416
2024-07-08 12:33:20,0.128264
2024-07-08 12:33:21,0.142512
2024-07-08 12:33:22,0.138416
2024-07-08 12:33:23,0.174744
2024-07-08 12:33:24,0.201312
2024-07-08 12:33:25,0.166024
2024-07-08 12:33:26,0.142072
2024-07-08 12:33:27,0.156112
2024-07-08 12:33:28,0.159888
2024-07-08 12:33:29,0.157384
2024-07-08 12:33:30,0.195928
2024-07-08 12:33:31,0.17484
2024-07-08 12:33:32,0.207288
2024-07-08 12:33:33,0.21212
2024-07-08 12:33:34,0.2184
2024-07-08 12:33:35,0.193344
2024-07-08 12:33:36,0.165096
2024-07-08 12:33:37,0.151192
2024-07-08 12:33:38,0.142656
2024-07-08 12:33:39,0.136264
2024-07-08 12:33:40,0.120936
2024-07-08 12:33:41,0.143488
2024-07-08 12:33:42,0.185128
2024-07-08 12:33:43,0.145328
2024-07-08 12:33:44,0.143136
2024-07-08 12:33:45,0.136072
2024-07-08 12:33:46,0.127632
2024-07-08 12:33:47,0.121216
2024-07-08 12:33:48,0.09032
2024-07-08 12:33:49,0.130904
2024-07-08 12:33:50,0.105096
2024-07-08 12:33:51,0.0998
2024-07-08 12:33:52,0.103456
2024-07-08 12:33:53,0.104008
2024-07-08 12:33:54,0.08768
2024-07-08 12:33:55,0.124936
2024-07-08 12:33:56,0.146696
2024-07-08 12:33:57,0.13616
2024-07-08 12:33:58,0.127096
2024-07-08 12:33:59,0.143128
2024-07-08 12:34:00,0.136504
2024-07-08 12:34:01,0.144224
2024-07-08 12:34:02,0.1314
2024-07-08 12:34:03,0.154168
2024-07-08 12:34:04,0.107672
2024-07-08 12:34:05,0.1064
2024-07-08 12:34:06,0.095432
2024-07-08 12:34:07,0.13496
2024-07-08 12:34:08,0.107
2024-07-08 12:34:09,0.087352
2024-07-08 12:34:10,0.107304
2024-07-08 12:34:11,0.099576
2024-07-08 12:34:12,0.115504
2024-07-08 12:34:13,0.083936
2024-07-08 12:34:14,0.094592
2024-07-08 12:34:15,0.073592
2024-07-08 12:34:16,0.070488
2024-07-08 12:34:17,0.076344
2024-07-08 12:34:18,0.069336
2024-07-08 12:34:19,0.08516
2024-07-08 12:34:20,0.085016
2024-07-08 12:34:21,0.09952
2024-07-08 12:34:22,0.085616
2024-07-08 12:34:23,0.080152
2024-07-08 12:34:24,0.096696
2024-07-08 12:34:25,0.095
2024-07-08 12:34:26,0.106552
2024-07-08 12:34:27,0.113408
2024-07-08 12:34:28,0.105056
2024-07-08 12:34:29,0.098152
2024-07-08 12:34:30,0.107424
2024-07-08 12:34:31,0.114392
2024-07-08 12:34:32,0.117696
2024-07-08 12:34:33,0.127024
2024-07-08 12:34:34,0.123608
2024-07-08 12:34:35,0.097648
2024-07-08 12:34:36,0.090568
2024-07-08 12:34:37,0.097776
2024-07-08 12:34:38,0.11664
2024-07-08 12:34:39,0.111624
2024-07-08 12:34:40,0.135456
2024-07-08 12:34:41,0.117592
2024-07-08 12:34:42,0.156376
2024-07-08 12:34:43,0.1586
2024-07-08 12:34:44,0.122464
2024-07-08 12:34:45,0.160104
2024-07-08 12:34:46,0.124704
2024-07-08 12:34:47,0.11644
2024-07-08 12:34:48,0.138
2024-07-08 12:34:49,0.139872
2024-07-08 12:34:50,0.140736
2024-07-08 12:34:51,0.133496
2024-07-08 12:34:52,0.16916
2024-07-08 12:34:53,0.12464
2024-07-08 12:34:54,0.110848
2024-07-08 12:34:55,0.140736
2024-07-08 12:34:56,0.174264
2024-07-08 12:34:57,0.18348
2024-07-08 12:34:58,0.16912
2024-07-08 12:34:59,0.147672
2024-07-08 12:35:00,0.159312
2024-07-08 12:35:01,0.173936
2024-07-08 12:35:02,0.216936
2024-07-08 12:35:03,0.141672
2024-07-08 12:35:04,0.158864
2024-07-08 12:35:05,0.114472
2024-07-08 12:35:06,0.143344
2024-07-08 12:35:07,0.133616
2024-07-08 12:35:08,0.113824
2024-07-08 12:35:09,0.087192
2024-07-08 12:35:10,0.10148
2024-07-08 12:35:11,0.097728
2024-07-08 12:35:12,0.12676
2024-07-08 12:35:13,0.12396
2024-07-08 12:35:14,0.115024
2024-07-08 12:35:15,0.105976
2024-07-08 12:35:16,0.124592
2024-07-08 12:35:17,0.148792
2024-07-08 12:35:18,0.12596
2024-07-08 12:35:19,0.144
2024-07-08 12:35:20,0.146744
2024-07-08 12:35:21,0.201392
2024-07-08 12:35:22,0.155824
2024-07-08 12:35:23,0.120152
2024-07-08 12:35:24,0.139008
2024-07-08 12:35:25,0.143504
2024-07-08 12:35:26,0.119976
2024-07-08 12:35:27,0.136384
2024-07-08 12:35:28,0.139272
2024-07-08 12:35:29,0.129928
2024-07-08 12:35:30,0.151704
2024-07-08 12:35:31,0.139472
2024-07-08 12:35:32,0.13344
2024-07-08 12:35:33,0.143936
2024-07-08 12:35:34,0.148232
2024-07-08 12:35:35,0.128072
2024-07-08 12:35:36,0.102272
2024-07-08 12:35:37,0.122352
2024-07-08 12:35:38,0.14036
2024-07-08 12:35:39,0.115624
2024-07-08 12:35:40,0.099848
2024-07-08 12:35:41,0.109384
2024-07-08 12:35:42,0.105088
2024-07-08 12:35:43,0.136536
2024-07-08 12:35:44,0.121016
2024-07-08 12:35:45,0.115536
2024-07-08 12:35:46,0.148136
2024-07-08 12:35:47,0.162496
2024-07-08 12:35:48,0.146392
2024-07-08 12:35:49,0.18272
2024-07-08 12:35:50,0.161752
2024-07-08 12:35:51,0.136216
2024-07-08 12:35:52,0.11608
2024-07-08 12:35:53,0.12308
2024-07-08 12:35:54,0.123632
2024-07-08 12:35:55,0.141336
2024-07-08 12:35:56,0.190384
2024-07-08 12:35:57,0.17816
2024-07-08 12:35:58,0.16484
2024-07-08 12:35:59,0.139016
2024-07-08 12:36:00,0.156792
2024-07-08 12:36:01,0.116048
2024-07-08 12:36:02,0.115856
2024-07-08 12:36:03,0.111536
2024-07-08 12:36:04,0.106608
2024-07-08 12:36:05,0.104248
2024-07-08 12:36:06,0.1138
2024-07-08 12:36:07,0.093624
2024-07-08 12:36:08,0.110744
2024-07-08 12:36:09,0.123464
2024-07-08 12:36:10,0.117608
2024-07-08 12:36:11,0.12324
2024-07-08 12:36:12,0.12536
2024-07-08 12:36:13,0.109432
2024-07-08 12:36:14,0.154896
2024-07-08 12:36:15,0.131992
2024-07-08 12:36:16,0.133888
2024-07-08 12:36:17,0.160376
2024-07-08 12:36:18,0.120512
2024-07-08 12:36:19,0.10856
2024-07-08 12:36:20,0.1222
2024-07-08 12:36:21,0.12828
2024-07-08 12:36:22,0.154256
2024-07-08 12:36:23,0.1856
2024-07-08 12:36:24,0.243968
2024-07-08 12:36:25,0.161488
2024-07-08 12:36:26,0.176224
2024-07-08 12:36:27,0.17012
2024-07-08 12:36:28,0.147296
2024-07-08 12:36:29,0.201952
2024-07-08 12:36:30,0.184464
2024-07-08 12:36:31,0.163728
2024-07-08 12:36:32,0.143952
2024-07-08 12:36:33,0.1168
2024-07-08 12:36:34,0.120432
2024-07-08 12:36:35,0.129536
2024-07-08 12:36:36,0.149672
2024-07-08 12:36:37,0.134528
2024-07-08 12:36:38,0.130992
2024-07-08 12:36:39,0.135272
2024-07-08 12:36:40,0.111592
2024-07-08 12:36:41,0.118776
2024-07-08 12:36:42,0.161928
2024-07-08 12:36:43,0.13508
2024-07-08 12:36:44,0.123768
2024-07-08 12:36:45,0.112536
2024-07-08 12:36:46,0.091672
2024-07-08 12:36:47,0.107
2024-07-08 12:36:48,0.110768
2024-07-08 12:36:49,0.099792
2024-07-08 12:36:50,0.102936
2024-07-08 12:36:51,0.108856
2024-07-08 12:36:52,0.099248
2024-07-08 12:36:53,0.091456
2024-07-08 12:36:54,0.093104
2024-07-08 12:36:55,0.111352
2024-07-08 12:36:56,0.177488
2024-07-08 12:36:57,0.15304
2024-07-08 12:36:58,0.166472
2024-07-08 12:36:59,0.100328
2024-07-08 12:37:00,0.107048
2024-07-08 12:37:01,0.120056
2024-07-08 12:37:02,0.117112
2024-07-08 12:37:03,0.176064
2024-07-08 12:37:04,0.168664
2024-07-08 12:37:05,0.146184
2024-07-08 12:37:06,0.14336
2024-07-08 12:37:07,0.13488
2024-07-08 12:37:08,0.121944
2024-07-08 12:37:09,0.10572
2024-07-08 12:37:10,0.1032
2024-07-08 12:37:11,0.128072
2024-07-08 12:37:12,0.110616
2024-07-08 12:37:13,0.130728
2024-07-08 12:37:14,0.145264
2024-07-08 12:37:15,0.10088
2024-07-08 12:37:16,0.118728
2024-07-08 12:37:17,0.134728
2024-07-08 12:37:18,0.084384
2024-07-08 12:37:19,0.081712
2024-07-08 12:37:20,0.07856
2024-07-08 12:37:21,0.07936
2024-07-08 12:37:22,0.07344
2024-07-08 12:37:23,0.096712
2024-07-08 12:37:24,0.088672
2024-07-08 12:37:25,0.116528
2024-07-08 12:37:26,0.117104
2024-07-08 12:37:27,0.138048
2024-07-08 12:37:28,0.151464
2024-07-08 12:37:29,0.13272
2024-07-08 12:37:30,0.192184
2024-07-08 12:37:31,0.156432
2024-07-08 12:37:32,0.130176
2024-07-08 12:37:33,0.164184
2024-07-08 12:37:34,0.097264
2024-07-08 12:37:35,0.090984
2024-07-08 12:37:36,0.091968
2024-07-08 12:37:37,0.111096
2024-07-08 12:37:38,0.100976
2024-07-08 12:37:39,0.091792
2024-07-08 12:37:40,0.090688
2024-07-08 12:37:41,0.111064
2024-07-08 12:37:42,0.113288
2024-07-08 12:37:43,0.100296
2024-07-08 12:37:44,0.082568
2024-07-08 12:37:45,0.130864
2024-07-08 12:37:46,0.152048
2024-07-08 12:37:47,0.116344
2024-07-08 12:37:48,0.185664
2024-07-08 12:37:49,0.182352
2024-07-08 12:37:50,0.17824
2024-07-08 12:37:51,0.168816
2024-07-08 12:37:52,0.191728
2024-07-08 12:37:53,0.152176
2024-07-08 12:37:54,0.16532
2024-07-08 12:37:55,0.164648
2024-07-08 12:37:56,0.209864
2024-07-08 12:37:57,0.18124
2024-07-08 12:37:58,0.155632
2024-07-08 12:37:59,0.117912
2024-07-08 12:38:00,0.078344
2024-07-08 12:38:01,0.092896
2024-07-08 12:38:02,0.112744
2024-07-08 12:38:03,0.082792
2024-07-08 12:38:04,0.082944
2024-07-08 12:38:05,0.078528
2024-07-08 12:38:06,0.092448
2024-07-08 12:38:07,0.083552
2024-07-08 12:38:08,0.130816
2024-07-08 12:38:09,0.140672
2024-07-08 12:38:10,0.173744
2024-07-08 12:38:11,0.144352
2024-07-08 12:38:12,0.162
2024-07-08 12:38:13,0.177536
2024-07-08 12:38:14,0.120288
2024-07-08 12:38:15,0.162408
2024-07-08 12:38:16,0.143176
2024-07-08 12:38:17,0.178
2024-07-08 12:38:18,0.165496
2024-07-08 12:38:19,0.13964
2024-07-08 12:38:20,0.152592
2024-07-08 12:38:21,0.159304
2024-07-08 12:38:22,0.158416
2024-07-08 12:38:23,0.1722
2024-07-08 12:38:24,0.211544
2024-07-08 12:38:25,0.13624
2024-07-08 12:38:26,0.21688
2024-07-08 12:38:27,0.228936
2024-07-08 12:38:28,0.166936
2024-07-08 12:38:29,0.166264
2024-07-08 12:38:30,0.167408
2024-07-08 12:38:31,0.186096
2024-07-08 12:38:32,0.190728
2024-07-08 12:38:33,0.1424
2024-07-08 12:38:34,0.119256
2024-07-08 12:38:35,0.119648
2024-07-08 12:38:36,0.132144
2024-07-08 12:38:37,0.12088
2024-07-08 12:38:38,0.138824
2024-07-08 12:38:39,0.126232
2024-07-08 12:38:40,0.14848
2024-07-08 12:38:41,0.128336
2024-07-08 12:38:42,0.14572
2024-07-08 12:38:43,0.201008
2024-07-08 12:38:44,0.14492
2024-07-08 12:38:45,0.146976
2024-07-08 12:38:46,0.170672
2024-07-08 12:38:47,0.174696
2024-07-08 12:38:48,0.150096
2024-07-08 12:38:49,0.140664
2024-07-08 12:38:50,0.167376
2024-07-08 12:38:51,0.139088
2024-07-08 12:38:52,0.15992
2024-07-08 12:38:53,0.154352
2024-07-08 12:38:54,0.13844
2024-07-08 12:38:55,0.120656
2024-07-08 12:38:56,0.147664
2024-07-08 12:38:57,0.103272
2024-07-08 12:38:58,0.09996
2024-07-08 12:38:59,0.103056
2024-07-08 12:39:00,0.117296
2024-07-08 12:39:01,0.112552
2024-07-08 12:39:02,0.111312
2024-07-08 12:39:03,0.111768
2024-07-08 12:39:04,0.117024
2024-07-08 12:39:05,0.14608
2024-07-08 12:39:06,0.143688
2024-07-08 12:39:07,0.137976
2024-07-08 12:39:08,0.145336
2024-07-08 12:39:09,0.144096
2024-07-08 12:39:10,0.153888
2024-07-08 12:39:11,0.157344
2024-07-08 12:39:12,0.167448
2024-07-08 12:39:13,0.12944
2024-07-08 12:39:14,0.137808
2024-07-08 12:39:15,0.137824
2024-07-08 12:39:16,0.13724
2024-07-08 12:39:17,0.161504
2024-07-08 12:39:18,0.17164
2024-07-08 12:39:19,0.150288
2024-07-08 12:39:20,0.127664
2024-07-08 12:39:21,0.106936
2024-07-08 12:39:22,0.099072
2024-07-08 12:39:23,0.102336
2024-07-08 12:39:24,0.106128
2024-07-08 12:39:25,0.105752
2024-07-08 12:39:26,0.104736
2024-07-08 12:39:27,0.09692
2024-07-08 12:39:28,0.099432
2024-07-08 12:39:29,0.086768
2024-07-08 12:39:30,0.09672
2024-07-08 12:39:31,0.110728
2024-07-08 12:39:32,0.196096
2024-07-08 12:39:33,0.14288
2024-07-08 12:39:34,0.102128
2024-07-08 12:39:35,0.111208
2024-07-08 12:39:36,0.103528
2024-07-08 12:39:37,0.120448
2024-07-08 12:39:38,0.124896
2024-07-08 12:39:39,0.10084
2024-07-08 12:39:40,0.112208
2024-07-08 12:39:41,0.139416
2024-07-08 12:39:42,0.130152
2024-07-08 12:39:43,0.101248
2024-07-08 12:39:44,0.094408
2024-07-08 12:39:45,0.094352
2024-07-08 12:39:46,0.093544
2024-07-08 12:39:47,0.090288
2024-07-08 12:39:48,0.085904
2024-07-08 12:39:49,0.091856
2024-07-08 12:39:50,0.079904
2024-07-08 12:39:51,0.106008
2024-07-08 12:39:52,0.104864
2024-07-08 12:39:53,0.116752
2024-07-08 12:39:54,0.10824
2024-07-08 12:39:55,0.099256
2024-07-08 12:39:56,0.134448
2024-07-08 12:39:57,0.13032
2024-07-08 12:39:58,0.151304
2024-07-08 12:39:59,0.123224
2024-07-08 12:40:00,0.113296
2024-07-08 12:40:01,0.174064
2024-07-08 12:40:02,0.164376
2024-07-08 12:40:03,0.196096
2024-07-08 12:40:04,0.127304
2024-07-08 12:40:05,0.148784
2024-07-08 12:40:06,0.125416
2024-07-08 12:40:07,0.105904
2024-07-08 12:40:08,0.104936
2024-07-08 12:40:09,0.111808
2024-07-08 12:40:10,0.117176
2024-07-08 12:40:11,0.11036
2024-07-08 12:40:12,0.127888
2024-07-08 12:40:13,0.11696
2024-07-08 12:40:14,0.08392
2024-07-08 12:40:15,0.104144
2024-07-08 12:40:16,0.096496
2024-07-08 12:40:17,0.101072
2024-07-08 12:40:18,0.085592
2024-07-08 12:40:19,0.09288
2024-07-08 12:40:20,0.075712
2024-07-08 12:40:21,0.088136
2024-07-08 12:40:22,0.127176
2024-07-08 12:40:23,0.124944
2024-07-08 12:40:24,0.145552
2024-07-08 12:40:25,0.131168
2024-07-08 12:40:26,0.153928
2024-07-08 12:40:27,0.16624
2024-07-08 12:40:28,0.1404
2024-07-08 12:40:29,0.126184
2024-07-08 12:40:30,0.183744
2024-07-08 12:40:31,0.147952
2024-07-08 12:40:32,0.125864
2024-07-08 12:40:33,0.099232
2024-07-08 12:40:34,0.1068
2024-07-08 12:40:35,0.130008
2024-07-08 12:40:36,0.099592
2024-07-08 12:40:37,0.093728
2024-07-08 12:40:38,0.102184
2024-07-08 12:40:39,0.114216
2024-07-08 12:40:40,0.148168
2024-07-08 12:40:41,0.120184
2024-07-08 12:40:42,0.135112
2024-07-08 12:40:43,0.124608
2024-07-08 12:40:44,0.136512
2024-07-08 12:40:45,0.135336
2024-07-08 12:40:46,0.169616
2024-07-08 12:40:47,0.138016
2024-07-08 12:40:48,0.20688
2024-07-08 12:40:49,0.228808
2024-07-08 12:40:50,0.304048
2024-07-08 12:40:51,0.219792
2024-07-08 12:40:52,0.190528
2024-07-08 12:40:53,0.196144
2024-07-08 12:40:54,0.133872
2024-07-08 12:40:55,0.133544
2024-07-08 12:40:56,0.166888
2024-07-08 12:40:57,0.155272
2024-07-08 12:40:58,0.14484
2024-07-08 12:40:59,0.130272
2024-07-08 12:41:00,0.154024
2024-07-08 12:41:01,0.16856
2024-07-08 12:41:02,0.187672
2024-07-08 12:41:03,0.221144
2024-07-08 12:41:04,0.20208
2024-07-08 12:41:05,0.169896
2024-07-08 12:41:06,0.170496
2024-07-08 12:41:07,0.197048
2024-07-08 12:41:08,0.195104
2024-07-08 12:41:09,0.180736
2024-07-08 12:41:10,0.142016
2024-07-08 12:41:11,0.151736
2024-07-08 12:41:12,0.15104
2024-07-08 12:41:13,0.114072
2024-07-08 12:41:14,0.133808
2024-07-08 12:41:15,0.124832
2024-07-08 12:41:16,0.152688
2024-07-08 12:41:17,0.222016
2024-07-08 12:41:18,0.137096
2024-07-08 12:41:19,0.137656
2024-07-08 12:41:20,0.147264
2024-07-08 12:41:21,0.132136
2024-07-08 12:41:22,0.139008
2024-07-08 12:41:23,0.156088
2024-07-08 12:41:24,0.139496
2024-07-08 12:41:25,0.182232
2024-07-08 12:41:26,0.1686
2024-07-08 12:41:27,0.112056
2024-07-08 12:41:28,0.112728
2024-07-08 12:41:29,0.179448
2024-07-08 12:41:30,0.140048
2024-07-08 12:41:31,0.134384
2024-07-08 12:41:32,0.094408
2024-07-08 12:41:33,0.105296
2024-07-08 12:41:34,0.11084
2024-07-08 12:41:35,0.11192
2024-07-08 12:41:36,0.134408
2024-07-08 12:41:37,0.12932
2024-07-08 12:41:38,0.09836
2024-07-08 12:41:39,0.12052
2024-07-08 12:41:40,0.091608
2024-07-08 12:41:41,0.160552
2024-07-08 12:41:42,0.155432
2024-07-08 12:41:43,0.10056
2024-07-08 12:41:44,0.103064
2024-07-08 12:41:45,0.097624
2024-07-08 12:41:46,0.095304
2024-07-08 12:41:47,0.081488
2024-07-08 12:41:48,0.09612
2024-07-08 12:41:49,0.101328
2024-07-08 12:41:50,0.1162
2024-07-08 12:41:51,0.175152
2024-07-08 12:41:52,0.146776
2024-07-08 12:41:53,0.121232
2024-07-08 12:41:54,0.120784
2024-07-08 12:41:55,0.1224
2024-07-08 12:41:56,0.148856
2024-07-08 12:41:57,0.125768
2024-07-08 12:41:58,0.10992
2024-07-08 12:41:59,0.145728
2024-07-08 12:42:00,0.120976
2024-07-08 12:42:01,0.158792
2024-07-08 12:42:02,0.166632
2024-07-08 12:42:03,0.166288
2024-07-08 12:42:04,0.174472
2024-07-08 12:42:05,0.1536
2024-07-08 12:42:06,0.152168
2024-07-08 12:42:07,0.152416
2024-07-08 12:42:08,0.152208
2024-07-08 12:42:09,0.147496
2024-07-08 12:42:10,0.13184
2024-07-08 12:42:11,0.123
2024-07-08 12:42:12,0.105368
2024-07-08 12:42:13,0.117096
2024-07-08 12:42:14,0.163832
2024-07-08 12:42:15,0.129368
2024-07-08 12:42:16,0.104696
2024-07-08 12:42:17,0.109344
2024-07-08 12:42:18,0.131488
2024-07-08 12:42:19,0.099456
2024-07-08 12:42:20,0.103464
2024-07-08 12:42:21,0.107808
2024-07-08 12:42:22,0.1194
2024-07-08 12:42:23,0.151096
2024-07-08 12:42:24,0.118944
2024-07-08 12:42:25,0.111104
2024-07-08 12:42:26,0.115848
2024-07-08 12:42:27,0.133776
2024-07-08 12:42:28,0.128952
2024-07-08 12:42:29,0.140256
2024-07-08 12:42:30,0.1336
2024-07-08 12:42:31,0.22324
2024-07-08 12:42:32,0.146464
2024-07-08 12:42:33,0.154816
2024-07-08 12:42:34,0.181504
2024-07-08 12:42:35,0.16144
2024-07-08 12:42:36,0.142144
2024-07-08 12:42:37,0.143224
2024-07-08 12:42:38,0.11972
2024-07-08 12:42:39,0.11896
2024-07-08 12:42:40,0.11824
2024-07-08 12:42:41,0.158968
2024-07-08 12:42:42,0.14148
2024-07-08 12:42:43,0.1848
2024-07-08 12:42:44,0.187184
2024-07-08 12:42:45,0.183984
2024-07-08 12:42:46,0.200976
2024-07-08 12:42:47,0.147432
2024-07-08 12:42:48,0.170864
2024-07-08 12:42:49,0.188752
2024-07-08 12:42:50,0.179696
2024-07-08 12:42:51,0.187832
2024-07-08 12:42:52,0.194688
2024-07-08 12:42:53,0.2304
2024-07-08 12:42:54,0.29708
2024-07-08 12:42:55,0.184456
2024-07-08 12:42:56,0.189912
2024-07-08 12:42:57,0.163656
2024-07-08 12:42:58,0.13096
2024-07-08 12:42:59,0.12676
2024-07-08 12:43:00,0.16176
2024-07-08 12:43:01,0.124896
2024-07-08 12:43:02,0.130264
2024-07-08 12:43:03,0.140192
2024-07-08 12:43:04,0.172096
2024-07-08 12:43:05,0.158016
2024-07-08 12:43:06,0.195808
2024-07-08 12:43:07,0.163632
2024-07-08 12:43:08,0.188112
2024-07-08 12:43:09,0.168192
2024-07-08 12:43:10,0.187168
2024-07-08 12:43:11,0.186008
2024-07-08 12:43:12,0.1288
2024-07-08 12:43:13,0.23208
2024-07-08 12:43:14,0.171464
2024-07-08 12:43:15,0.155064
2024-07-08 12:43:16,0.14896
2024-07-08 12:43:17,0.147528
2024-07-08 12:43:18,0.165256
2024-07-08 12:43:19,0.12544
2024-07-08 12:43:20,0.117408
2024-07-08 12:43:21,0.133448
2024-07-08 12:43:22,0.10148
2024-07-08 12:43:23,0.11624
2024-07-08 12:43:24,0.12304
2024-07-08 12:43:25,0.187432
2024-07-08 12:43:26,0.140968
2024-07-08 12:43:27,0.116296
2024-07-08 12:43:28,0.12852
2024-07-08 12:43:29,0.1316
2024-07-08 12:43:30,0.15092
2024-07-08 12:43:31,0.112672
2024-07-08 12:43:32,0.107288
2024-07-08 12:43:33,0.121936
2024-07-08 12:43:34,0.124224
2024-07-08 12:43:35,0.122256
2024-07-08 12:43:36,0.138504
2024-07-08 12:43:37,0.113864
2024-07-08 12:43:38,0.214752
2024-07-08 12:43:39,0.164792
2024-07-08 12:43:40,0.148016
2024-07-08 12:43:41,0.143224
2024-07-08 12:43:42,0.174496
2024-07-08 12:43:43,0.174176
2024-07-08 12:43:44,0.143136
2024-07-08 12:43:45,0.10628
2024-07-08 12:43:46,0.110688
2024-07-08 12:43:47,0.094728
2024-07-08 12:43:48,0.11444
2024-07-08 12:43:49,0.122272
2024-07-08 12:43:50,0.106184
2024-07-08 12:43:51,0.12056
2024-07-08 12:43:52,0.114856
2024-07-08 12:43:53,0.1292
2024-07-08 12:43:54,0.103576
2024-07-08 12:43:55,0.112728
2024-07-08 12:43:56,0.144976
2024-07-08 12:43:57,0.132544
2024-07-08 12:43:58,0.108808
2024-07-08 12:43:59,0.124408
2024-07-08 12:44:00,0.15756
2024-07-08 12:44:01,0.136168
2024-07-08 12:44:02,0.100192
2024-07-08 12:44:03,0.094256
2024-07-08 12:44:04,0.118016
2024-07-08 12:44:05,0.113488
2024-07-08 12:44:06,0.1096
2024-07-08 12:44:07,0.114312
2024-07-08 12:44:08,0.12976
2024-07-08 12:44:09,0.230648
2024-07-08 12:44:10,0.150272
2024-07-08 12:44:11,0.158488
2024-07-08 12:44:12,0.18276
2024-07-08 12:44:13,0.185568
2024-07-08 12:44:14,0.14096
2024-07-08 12:44:15,0.155656
2024-07-08 12:44:16,0.154208
2024-07-08 12:44:17,0.163376
2024-07-08 12:44:18,0.1568
2024-07-08 12:44:19,0.143576
2024-07-08 12:44:20,0.101688
2024-07-08 12:44:21,0.09348
2024-07-08 12:44:22,0.084664
2024-07-08 12:44:23,0.099352
2024-07-08 12:44:24,0.0874
2024-07-08 12:44:25,0.08608
2024-07-08 12:44:26,0.09984
2024-07-08 12:44:27,0.090048
2024-07-08 12:44:28,0.121208
2024-07-08 12:44:29,0.103384
2024-07-08 12:44:30,0.115624
2024-07-08 12:44:31,0.10264
2024-07-08 12:44:32,0.13084
2024-07-08 12:44:33,0.220472
2024-07-08 12:44:34,0.157912
2024-07-08 12:44:35,0.177152
2024-07-08 12:44:36,0.189976
2024-07-08 12:44:37,0.16756
2024-07-08 12:44:38,0.168984
2024-07-08 12:44:39,0.157376
2024-07-08 12:44:40,0.14892
2024-07-08 12:44:41,0.145136
2024-07-08 12:44:42,0.108168
2024-07-08 12:44:43,0.13276
2024-07-08 12:44:44,0.100368
2024-07-08 12:44:45,0.104168
2024-07-08 12:44:46,0.159184
2024-07-08 12:44:47,0.108528
2024-07-08 12:44:48,0.106568
2024-07-08 12:44:49,0.091368
2024-07-08 12:44:50,0.104136
2024-07-08 12:44:51,0.125512
2024-07-08 12:44:52,0.12068
2024-07-08 12:44:53,0.12296
2024-07-08 12:44:54,0.129032
2024-07-08 12:44:55,0.120048
2024-07-08 12:44:56,0.168176
2024-07-08 12:44:57,0.189024
2024-07-08 12:44:58,0.162504
2024-07-08 12:44:59,0.16408
2024-07-08 12:45:00,0.121008
2024-07-08 12:45:01,0.198552
2024-07-08 12:45:02,0.2106
2024-07-08 12:45:03,0.213592
2024-07-08 12:45:04,0.134136
2024-07-08 12:45:05,0.1398
2024-07-08 12:45:06,0.14748
2024-07-08 12:45:07,0.162664
2024-07-08 12:45:08,0.150456
2024-07-08 12:45:09,0.130904
2024-07-08 12:45:10,0.138352
2024-07-08 12:45:11,0.168768
2024-07-08 12:45:12,0.157936
2024-07-08 12:45:13,0.229608
2024-07-08 12:45:14,0.196424
2024-07-08 12:45:15,0.171416
2024-07-08 12:45:16,0.167336
2024-07-08 12:45:17,0.191584
2024-07-08 12:45:18,0.168368
2024-07-08 12:45:19,0.133144
2024-07-08 12:45:20,0.126952
2024-07-08 12:45:21,0.152288
2024-07-08 12:45:22,0.150328
2024-07-08 12:45:23,0.14076
2024-07-08 12:45:24,0.150472
2024-07-08 12:45:25,0.180712
2024-07-08 12:45:26,0.15756
2024-07-08 12:45:27,0.16944
2024-07-08 12:45:28,0.132352
2024-07-08 12:45:29,0.14872
2024-07-08 12:45:30,0.12676
2024-07-08 12:45:31,0.135432
2024-07-08 12:45:32,0.1286
2024-07-08 12:45:33,0.138528
2024-07-08 12:45:34,0.165624
2024-07-08 12:45:35,0.137032
2024-07-08 12:45:36,0.131128
2024-07-08 12:45:37,0.123304
2024-07-08 12:45:38,0.113696
2024-07-08 12:45:39,0.095096
2024-07-08 12:45:40,0.109928
2024-07-08 12:45:41,0.16712
2024-07-08 12:45:42,0.134104
2024-07-08 12:45:43,0.141544
2024-07-08 12:45:44,0.11596
2024-07-08 12:45:45,0.138688
2024-07-08 12:45:46,0.121712
2024-07-08 12:45:47,0.121504
2024-07-08 12:45:48,0.138696
2024-07-08 12:45:49,0.133176
2024-07-08 12:45:50,0.135296
2024-07-08 12:45:51,0.146312
2024-07-08 12:45:52,0.138432
2024-07-08 12:45:53,0.123272
2024-07-08 12:45:54,0.115248
2024-07-08 12:45:55,0.100176
2024-07-08 12:45:56,0.150608
2024-07-08 12:45:57,0.107792
2024-07-08 12:45:58,0.078016
2024-07-08 12:45:59,0.103256
2024-07-08 12:46:00,0.0798
2024-07-08 12:46:01,0.090264
2024-07-08 12:46:02,0.090016
2024-07-08 12:46:03,0.08236
2024-07-08 12:46:04,0.075688
2024-07-08 12:46:05,0.088632
2024-07-08 12:46:06,0.104656
2024-07-08 12:46:07,0.115232
2024-07-08 12:46:08,0.085912
2024-07-08 12:46:09,0.08608
2024-07-08 12:46:10,0.070872
2024-07-08 12:46:11,0.0692
2024-07-08 12:46:12,0.104064
2024-07-08 12:46:13,0.111632
2024-07-08 12:46:14,0.112976
2024-07-08 12:46:15,0.158424
2024-07-08 12:46:16,0.136304
2024-07-08 12:46:17,0.152328
2024-07-08 12:46:18,0.17124
2024-07-08 12:46:19,0.126712
2024-07-08 12:46:20,0.13412
2024-07-08 12:46:21,0.113984
2024-07-08 12:46:22,0.136512
2024-07-08 12:46:23,0.1352
2024-07-08 12:46:24,0.090832
2024-07-08 12:46:25,0.09296
2024-07-08 12:46:26,0.137256
2024-07-08 12:46:27,0.107272
2024-07-08 12:46:28,0.164648
2024-07-08 12:46:29,0.112632
2024-07-08 12:46:30,0.150648
2024-07-08 12:46:31,0.179072
2024-07-08 12:46:32,0.168816
2024-07-08 12:46:33,0.131384
2024-07-08 12:46:34,0.124064
2024-07-08 12:46:35,0.127952
2024-07-08 12:46:36,0.161632
2024-07-08 12:46:37,0.119152
2024-07-08 12:46:38,0.122264
2024-07-08 12:46:39,0.178264
2024-07-08 12:46:40,0.158848
2024-07-08 12:46:41,0.171688
2024-07-08 12:46:42,0.238696
2024-07-08 12:46:43,0.222
2024-07-08 12:46:44,0.244392
2024-07-08 12:46:45,0.234872
2024-07-08 12:46:46,0.199312
2024-07-08 12:46:47,0.221856
2024-07-08 12:46:48,0.16396
2024-07-08 12:46:49,0.16724
2024-07-08 12:46:50,0.192168
2024-07-08 12:46:51,0.205056
2024-07-08 12:46:52,0.189376
2024-07-08 12:46:53,0.157488
2024-07-08 12:46:54,0.151096
2024-07-08 12:46:55,0.164808
2024-07-08 12:46:56,0.240616
2024-07-08 12:46:57,0.199608
2024-07-08 12:46:58,0.169096
2024-07-08 12:46:59,0.147336
2024-07-08 12:47:00,0.132728
2024-07-08 12:47:01,0.158816
2024-07-08 12:47:02,0.171608
2024-07-08 12:47:03,0.143
2024-07-08 12:47:04,0.172648
2024-07-08 12:47:05,0.16152
2024-07-08 12:47:06,0.199888
2024-07-08 12:47:07,0.173336
2024-07-08 12:47:08,0.179376
2024-07-08 12:47:09,0.206232
2024-07-08 12:47:10,0.206688
2024-07-08 12:47:11,0.167328
2024-07-08 12:47:12,0.121512
2024-07-08 12:47:13,0.133216
2024-07-08 12:47:14,0.14488
2024-07-08 12:47:15,0.156888
2024-07-08 12:47:16,0.14372
2024-07-08 12:47:17,0.139128
2024-07-08 12:47:18,0.130448
2024-07-08 12:47:19,0.159976
2024-07-08 12:47:20,0.185416
2024-07-08 12:47:21,0.246992
2024-07-08 12:47:22,0.142024
2024-07-08 12:47:23,0.144576
2024-07-08 12:47:24,0.13824
2024-07-08 12:47:25,0.16012
2024-07-08 12:47:26,0.156368
2024-07-08 12:47:27,0.209288
2024-07-08 12:47:28,0.138256
2024-07-08 12:47:29,0.145248
2024-07-08 12:47:30,0.130184
2024-07-08 12:47:31,0.142416
2024-07-08 12:47:32,0.09668
2024-07-08 12:47:33,0.036984
2024-07-08 12:47:34,0.04352
2024-07-08 12:47:35,0.040904
2024-07-08 12:47:36,0.018688
2024-07-08 12:47:37,0.001728
2024-07-08 12:47:38,0.001392
2024-07-08 12:47:39,0.001728
2024-07-08 12:47:40,0.00188
2024-07-08 12:47:41,0.001728
2024-07-08 12:47:42,0.005192
