time,mbps
2024-09-18 19:05:52,0.069728
2024-09-18 19:05:53,0.076008
2024-09-18 19:05:54,0.010216
2024-09-18 19:05:55,0.004688
2024-09-18 19:05:56,0.040504
2024-09-18 19:05:57,0.031856
2024-09-18 19:05:58,0.020216
2024-09-18 19:05:59,0.306128
2024-09-18 19:06:00,0.048448
2024-09-18 19:06:01,0.047584
2024-09-18 19:06:02,0.038272
2024-09-18 19:06:03,0.043216
2024-09-18 19:06:04,0.033928
2024-09-18 19:06:05,0.051152
2024-09-18 19:06:06,0.033744
2024-09-18 19:06:07,0.038048
2024-09-18 19:06:08,0.03964
2024-09-18 19:06:09,0.034736
2024-09-18 19:06:10,0.03936
2024-09-18 19:06:11,0.037608
2024-09-18 19:06:12,0.03408
2024-09-18 19:06:13,0.040176
2024-09-18 19:06:14,0.03256
2024-09-18 19:06:15,0.03184
2024-09-18 19:06:16,0.034616
2024-09-18 19:06:17,0.035144
2024-09-18 19:06:18,0.035192
2024-09-18 19:06:19,0.028288
2024-09-18 19:06:20,0.025744
2024-09-18 19:06:21,0.027952
2024-09-18 19:06:22,0.025752
2024-09-18 19:06:23,0.026664
2024-09-18 19:06:24,0.023656
2024-09-18 19:06:25,0.02836
2024-09-18 19:06:26,0.02924
2024-09-18 19:06:27,0.029048
2024-09-18 19:06:28,0.02356
2024-09-18 19:06:29,0.025464
2024-09-18 19:06:30,0.026336
2024-09-18 19:06:31,0.029952
2024-09-18 19:06:32,0.027752
2024-09-18 19:06:33,0.028464
2024-09-18 19:06:34,0.025656
2024-09-18 19:06:35,0.027952
2024-09-18 19:06:36,0.027752
2024-09-18 19:06:37,0.033488
2024-09-18 19:06:38,0.02656
2024-09-18 19:06:39,0.028664
2024-09-18 19:06:40,0.027464
2024-09-18 19:06:41,0.026664
2024-09-18 19:06:42,0.030952
2024-09-18 19:06:43,0.214384
2024-09-18 19:06:44,0.035512
2024-09-18 19:06:45,0.04688
2024-09-18 19:06:46,0.031088
2024-09-18 19:06:47,0.052432
2024-09-18 19:06:48,0.09556
2024-09-18 19:06:49,0.05356
2024-09-18 19:06:50,0.06272
2024-09-18 19:06:51,0.056408
2024-09-18 19:06:52,0.059848
2024-09-18 19:06:53,0.046368
2024-09-18 19:06:54,0.03876
2024-09-18 19:06:55,0.036728
2024-09-18 19:06:56,0.042616
2024-09-18 19:06:57,0.043232
2024-09-18 19:06:58,0.050496
2024-09-18 19:06:59,0.039968
2024-09-18 19:07:00,0.052104
2024-09-18 19:07:01,0.037488
2024-09-18 19:07:02,0.037952
2024-09-18 19:07:03,0.032736
2024-09-18 19:07:04,0.031296
2024-09-18 19:07:05,0.028256
2024-09-18 19:07:06,0.031552
2024-09-18 19:07:07,0.030424
2024-09-18 19:07:08,0.049344
2024-09-18 19:07:09,0.037808
2024-09-18 19:07:10,0.045376
2024-09-18 19:07:11,0.029016
2024-09-18 19:07:12,0.039424
2024-09-18 19:07:13,0.05384
2024-09-18 19:07:14,0.04664
2024-09-18 19:07:15,0.055584
2024-09-18 19:07:16,0.052256
2024-09-18 19:07:17,0.031552
2024-09-18 19:07:18,0.042376
2024-09-18 19:07:19,0.031456
2024-09-18 19:07:20,0.054232
2024-09-18 19:07:21,0.041712
2024-09-18 19:07:22,0.039488
2024-09-18 19:07:23,0.039744
2024-09-18 19:07:24,0.040128
2024-09-18 19:07:25,0.040456
2024-09-18 19:07:26,0.028968
2024-09-18 19:07:27,0.038216
2024-09-18 19:07:28,0.047472
2024-09-18 19:07:29,0.034
2024-09-18 19:07:30,0.041232
2024-09-18 19:07:31,0.037728
2024-09-18 19:07:32,0.039792
2024-09-18 19:07:33,0.041112
2024-09-18 19:07:34,0.039584
2024-09-18 19:07:35,0.030536
2024-09-18 19:07:36,0.045
2024-09-18 19:07:37,0.038104
2024-09-18 19:07:38,0.049696
2024-09-18 19:07:39,0.04748
2024-09-18 19:07:40,0.04224
2024-09-18 19:07:41,0.036264
2024-09-18 19:07:42,0.048208
2024-09-18 19:07:43,0.074224
2024-09-18 19:07:44,0.061296
2024-09-18 19:07:45,0.048576
2024-09-18 19:07:46,0.045768
2024-09-18 19:07:47,0.0314
2024-09-18 19:07:48,0.052784
2024-09-18 19:07:49,0.0622
2024-09-18 19:07:50,0.057696
2024-09-18 19:07:51,0.05416
2024-09-18 19:07:52,0.049944
2024-09-18 19:07:53,0.05452
2024-09-18 19:07:54,0.03344
2024-09-18 19:07:55,0.04208
2024-09-18 19:07:56,0.046664
2024-09-18 19:07:57,0.039192
2024-09-18 19:07:58,0.04328
2024-09-18 19:07:59,0.048048
2024-09-18 19:08:00,0.043784
2024-09-18 19:08:01,0.051592
2024-09-18 19:08:02,0.051088
2024-09-18 19:08:03,0.054136
2024-09-18 19:08:04,0.051112
2024-09-18 19:08:05,0.053184
2024-09-18 19:08:06,0.058456
2024-09-18 19:08:07,0.049896
2024-09-18 19:08:08,0.052928
2024-09-18 19:08:09,0.050552
2024-09-18 19:08:10,0.062928
2024-09-18 19:08:11,0.075088
2024-09-18 19:08:12,0.08228
2024-09-18 19:08:13,0.11524
2024-09-18 19:08:14,0.102824
2024-09-18 19:08:15,0.0924
2024-09-18 19:08:16,0.088264
2024-09-18 19:08:17,0.100928
2024-09-18 19:08:18,0.114808
2024-09-18 19:08:19,0.098
2024-09-18 19:08:20,0.120544
2024-09-18 19:08:21,0.119824
2024-09-18 19:08:22,0.15236
2024-09-18 19:08:23,0.12344
2024-09-18 19:08:24,0.124392
2024-09-18 19:08:25,0.114848
2024-09-18 19:08:26,0.109584
2024-09-18 19:08:27,0.13236
2024-09-18 19:08:28,0.118136
2024-09-18 19:08:29,0.129632
2024-09-18 19:08:30,0.106712
2024-09-18 19:08:31,0.099784
2024-09-18 19:08:32,0.110216
2024-09-18 19:08:33,0.118464
2024-09-18 19:08:34,0.11316
2024-09-18 19:08:35,0.114416
2024-09-18 19:08:36,0.156528
2024-09-18 19:08:37,0.160528
2024-09-18 19:08:38,0.14104
2024-09-18 19:08:39,0.118336
2024-09-18 19:08:40,0.137136
2024-09-18 19:08:41,0.138592
2024-09-18 19:08:42,0.123352
2024-09-18 19:08:43,0.165256
2024-09-18 19:08:44,0.14788
2024-09-18 19:08:45,0.153376
2024-09-18 19:08:46,0.139784
2024-09-18 19:08:47,0.148896
2024-09-18 19:08:48,0.155504
2024-09-18 19:08:49,0.1404
2024-09-18 19:08:50,0.142944
2024-09-18 19:08:51,0.133992
2024-09-18 19:08:52,0.13772
2024-09-18 19:08:53,0.134632
2024-09-18 19:08:54,0.114344
2024-09-18 19:08:55,0.140008
2024-09-18 19:08:56,0.125464
2024-09-18 19:08:57,0.1644
2024-09-18 19:08:58,0.141496
2024-09-18 19:08:59,0.175936
2024-09-18 19:09:00,0.132544
2024-09-18 19:09:01,0.134088
2024-09-18 19:09:02,0.127592
2024-09-18 19:09:03,0.132112
2024-09-18 19:09:04,0.15716
2024-09-18 19:09:05,0.146928
2024-09-18 19:09:06,0.15208
2024-09-18 19:09:07,0.116688
2024-09-18 19:09:08,0.122992
2024-09-18 19:09:09,0.097944
2024-09-18 19:09:10,0.14236
2024-09-18 19:09:11,0.159592
2024-09-18 19:09:12,0.13496
2024-09-18 19:09:13,0.156552
2024-09-18 19:09:14,0.13868
2024-09-18 19:09:15,0.13428
2024-09-18 19:09:16,0.140112
2024-09-18 19:09:17,0.1258
2024-09-18 19:09:18,0.158776
2024-09-18 19:09:19,0.129184
2024-09-18 19:09:20,0.14392
2024-09-18 19:09:21,0.18092
2024-09-18 19:09:22,0.161304
2024-09-18 19:09:23,0.164112
2024-09-18 19:09:24,0.140416
2024-09-18 19:09:25,0.13748
2024-09-18 19:09:26,0.133432
2024-09-18 19:09:27,0.1142
2024-09-18 19:09:28,0.10308
2024-09-18 19:09:29,0.103816
2024-09-18 19:09:30,0.105048
2024-09-18 19:09:31,0.12104
2024-09-18 19:09:32,0.09992
2024-09-18 19:09:33,0.109496
2024-09-18 19:09:34,0.101976
2024-09-18 19:09:35,0.09144
2024-09-18 19:09:36,0.10128
2024-09-18 19:09:37,0.1332
2024-09-18 19:09:38,0.132104
2024-09-18 19:09:39,0.14564
2024-09-18 19:09:40,0.136288
2024-09-18 19:09:41,0.122088
2024-09-18 19:09:42,0.150504
2024-09-18 19:09:43,0.157464
2024-09-18 19:09:44,0.115688
2024-09-18 19:09:45,0.116624
2024-09-18 19:09:46,0.112256
2024-09-18 19:09:47,0.11588
2024-09-18 19:09:48,0.131232
2024-09-18 19:09:49,0.135296
2024-09-18 19:09:50,0.133376
2024-09-18 19:09:51,0.146592
2024-09-18 19:09:52,0.143664
2024-09-18 19:09:53,0.147824
2024-09-18 19:09:54,0.135336
2024-09-18 19:09:55,0.130168
2024-09-18 19:09:56,0.123264
2024-09-18 19:09:57,0.12716
2024-09-18 19:09:58,0.120336
2024-09-18 19:09:59,0.110144
2024-09-18 19:10:00,0.101712
2024-09-18 19:10:01,0.103656
2024-09-18 19:10:02,0.13668
2024-09-18 19:10:03,0.118856
2024-09-18 19:10:04,0.116088
2024-09-18 19:10:05,0.110544
2024-09-18 19:10:06,0.11808
2024-09-18 19:10:07,0.097656
2024-09-18 19:10:08,0.113584
2024-09-18 19:10:09,0.103272
2024-09-18 19:10:10,0.110016
2024-09-18 19:10:11,0.113704
2024-09-18 19:10:12,0.109768
2024-09-18 19:10:13,0.117184
2024-09-18 19:10:14,0.115808
2024-09-18 19:10:15,0.15104
2024-09-18 19:10:16,0.150672
2024-09-18 19:10:17,0.154136
2024-09-18 19:10:18,0.154248
2024-09-18 19:10:19,0.13956
2024-09-18 19:10:20,0.143992
2024-09-18 19:10:21,0.129672
2024-09-18 19:10:22,0.148608
2024-09-18 19:10:23,0.129696
2024-09-18 19:10:24,0.115168
2024-09-18 19:10:25,0.146672
2024-09-18 19:10:26,0.176568
2024-09-18 19:10:27,0.127768
2024-09-18 19:10:28,0.15908
2024-09-18 19:10:29,0.172456
2024-09-18 19:10:30,0.170016
2024-09-18 19:10:31,0.175632
2024-09-18 19:10:32,0.130496
2024-09-18 19:10:33,0.11036
2024-09-18 19:10:34,0.1366
2024-09-18 19:10:35,0.150328
2024-09-18 19:10:36,0.132296
2024-09-18 19:10:37,0.128216
2024-09-18 19:10:38,0.108536
2024-09-18 19:10:39,0.145512
2024-09-18 19:10:40,0.1376
2024-09-18 19:10:41,0.120936
2024-09-18 19:10:42,0.120048
2024-09-18 19:10:43,0.207712
2024-09-18 19:10:44,0.158672
2024-09-18 19:10:45,0.151208
2024-09-18 19:10:46,0.142488
2024-09-18 19:10:47,0.142352
2024-09-18 19:10:48,0.182904
2024-09-18 19:10:49,0.163464
2024-09-18 19:10:50,0.142384
2024-09-18 19:10:51,0.144672
2024-09-18 19:10:52,0.143376
2024-09-18 19:10:53,0.150264
2024-09-18 19:10:54,0.11988
2024-09-18 19:10:55,0.134904
2024-09-18 19:10:56,0.144672
2024-09-18 19:10:57,0.13988
2024-09-18 19:10:58,0.120168
2024-09-18 19:10:59,0.119992
2024-09-18 19:11:00,0.182456
2024-09-18 19:11:01,0.182008
2024-09-18 19:11:02,0.153504
2024-09-18 19:11:03,0.151912
2024-09-18 19:11:04,0.166032
2024-09-18 19:11:05,0.144088
2024-09-18 19:11:06,0.172792
2024-09-18 19:11:07,0.139872
2024-09-18 19:11:08,0.11956
2024-09-18 19:11:09,0.155336
2024-09-18 19:11:10,0.136768
2024-09-18 19:11:11,0.131976
2024-09-18 19:11:12,0.121344
2024-09-18 19:11:13,0.13796
2024-09-18 19:11:14,0.14512
2024-09-18 19:11:15,0.127432
2024-09-18 19:11:16,0.12312
2024-09-18 19:11:17,0.126808
2024-09-18 19:11:18,0.156952
2024-09-18 19:11:19,0.163544
2024-09-18 19:11:20,0.160392
2024-09-18 19:11:21,0.189792
2024-09-18 19:11:22,0.176432
2024-09-18 19:11:23,0.16552
2024-09-18 19:11:24,0.14796
2024-09-18 19:11:25,0.113584
2024-09-18 19:11:26,0.136264
2024-09-18 19:11:27,0.154608
2024-09-18 19:11:28,0.145856
2024-09-18 19:11:29,0.126712
2024-09-18 19:11:30,0.145224
2024-09-18 19:11:31,0.17368
2024-09-18 19:11:32,0.148928
2024-09-18 19:11:33,0.126936
2024-09-18 19:11:34,0.13268
2024-09-18 19:11:35,0.128656
2024-09-18 19:11:36,0.122152
2024-09-18 19:11:37,0.092216
2024-09-18 19:11:38,0.10832
2024-09-18 19:11:39,0.136288
2024-09-18 19:11:40,0.146048
2024-09-18 19:11:41,0.155144
2024-09-18 19:11:42,0.130264
2024-09-18 19:11:43,0.194448
2024-09-18 19:11:44,0.125344
2024-09-18 19:11:45,0.146776
2024-09-18 19:11:46,0.119056
2024-09-18 19:11:47,0.127944
2024-09-18 19:11:48,0.146344
2024-09-18 19:11:49,0.15024
2024-09-18 19:11:50,0.156752
2024-09-18 19:11:51,0.138064
2024-09-18 19:11:52,0.17652
2024-09-18 19:11:53,0.136864
2024-09-18 19:11:54,0.145472
2024-09-18 19:11:55,0.142576
2024-09-18 19:11:56,0.147448
2024-09-18 19:11:57,0.124704
2024-09-18 19:11:58,0.119728
2024-09-18 19:11:59,0.134904
2024-09-18 19:12:00,0.121944
2024-09-18 19:12:01,0.154512
2024-09-18 19:12:02,0.123408
2024-09-18 19:12:03,0.120072
2024-09-18 19:12:04,0.120024
2024-09-18 19:12:05,0.12776
2024-09-18 19:12:06,0.113872
2024-09-18 19:12:07,0.126208
2024-09-18 19:12:08,0.165528
2024-09-18 19:12:09,0.14204
2024-09-18 19:12:10,0.149176
2024-09-18 19:12:11,0.116944
2024-09-18 19:12:12,0.140872
2024-09-18 19:12:13,0.143672
2024-09-18 19:12:14,0.158872
2024-09-18 19:12:15,0.113896
2024-09-18 19:12:16,0.142784
2024-09-18 19:12:17,0.14168
2024-09-18 19:12:18,0.147144
2024-09-18 19:12:19,0.146136
2024-09-18 19:12:20,0.165312
2024-09-18 19:12:21,0.18824
2024-09-18 19:12:22,0.164976
2024-09-18 19:12:23,0.145024
2024-09-18 19:12:24,0.161488
2024-09-18 19:12:25,0.112088
2024-09-18 19:12:26,0.123368
2024-09-18 19:12:27,0.12968
2024-09-18 19:12:28,0.10364
2024-09-18 19:12:29,0.100984
2024-09-18 19:12:30,0.10436
2024-09-18 19:12:31,0.121944
2024-09-18 19:12:32,0.127064
2024-09-18 19:12:33,0.145128
2024-09-18 19:12:34,0.129776
2024-09-18 19:12:35,0.151184
2024-09-18 19:12:36,0.152664
2024-09-18 19:12:37,0.180464
2024-09-18 19:12:38,0.120952
2024-09-18 19:12:39,0.126688
2024-09-18 19:12:40,0.14164
2024-09-18 19:12:41,0.104224
2024-09-18 19:12:42,0.13804
2024-09-18 19:12:43,0.161624
2024-09-18 19:12:44,0.154664
2024-09-18 19:12:45,0.142136
2024-09-18 19:12:46,0.133728
2024-09-18 19:12:47,0.165888
2024-09-18 19:12:48,0.152296
2024-09-18 19:12:49,0.158592
2024-09-18 19:12:50,0.175256
2024-09-18 19:12:51,0.164344
2024-09-18 19:12:52,0.191744
2024-09-18 19:12:53,0.206072
2024-09-18 19:12:54,0.198576
2024-09-18 19:12:55,0.19624
2024-09-18 19:12:56,0.194752
2024-09-18 19:12:57,0.12948
2024-09-18 19:12:58,0.127304
2024-09-18 19:12:59,0.107768
2024-09-18 19:13:00,0.123184
2024-09-18 19:13:01,0.127384
2024-09-18 19:13:02,0.10824
2024-09-18 19:13:03,0.106576
2024-09-18 19:13:04,0.120552
2024-09-18 19:13:05,0.130008
2024-09-18 19:13:06,0.14316
2024-09-18 19:13:07,0.135792
2024-09-18 19:13:08,0.12168
2024-09-18 19:13:09,0.112976
2024-09-18 19:13:10,0.11168
2024-09-18 19:13:11,0.111592
2024-09-18 19:13:12,0.11052
2024-09-18 19:13:13,0.11284
2024-09-18 19:13:14,0.12024
2024-09-18 19:13:15,0.108408
2024-09-18 19:13:16,0.147496
2024-09-18 19:13:17,0.134712
2024-09-18 19:13:18,0.130512
2024-09-18 19:13:19,0.131264
2024-09-18 19:13:20,0.120072
2024-09-18 19:13:21,0.10648
2024-09-18 19:13:22,0.116712
2024-09-18 19:13:23,0.11676
2024-09-18 19:13:24,0.115536
2024-09-18 19:13:25,0.120048
2024-09-18 19:13:26,0.122656
2024-09-18 19:13:27,0.112864
2024-09-18 19:13:28,0.112792
2024-09-18 19:13:29,0.111184
2024-09-18 19:13:30,0.11956
2024-09-18 19:13:31,0.14888
2024-09-18 19:13:32,0.138824
2024-09-18 19:13:33,0.136232
2024-09-18 19:13:34,0.14368
2024-09-18 19:13:35,0.125672
2024-09-18 19:13:36,0.134856
2024-09-18 19:13:37,0.150848
2024-09-18 19:13:38,0.107888
2024-09-18 19:13:39,0.100928
2024-09-18 19:13:40,0.099576
2024-09-18 19:13:41,0.119168
2024-09-18 19:13:42,0.11584
2024-09-18 19:13:43,0.146808
2024-09-18 19:13:44,0.121568
2024-09-18 19:13:45,0.136056
2024-09-18 19:13:46,0.145848
2024-09-18 19:13:47,0.14784
2024-09-18 19:13:48,0.165592
2024-09-18 19:13:49,0.154336
2024-09-18 19:13:50,0.138472
2024-09-18 19:13:51,0.175024
2024-09-18 19:13:52,0.17108
2024-09-18 19:13:53,0.15052
2024-09-18 19:13:54,0.130928
2024-09-18 19:13:55,0.1524
2024-09-18 19:13:56,0.131152
2024-09-18 19:13:57,0.138872
2024-09-18 19:13:58,0.133976
2024-09-18 19:13:59,0.136112
2024-09-18 19:14:00,0.1308
2024-09-18 19:14:01,0.142856
2024-09-18 19:14:02,0.11364
2024-09-18 19:14:03,0.123784
2024-09-18 19:14:04,0.140376
2024-09-18 19:14:05,0.114928
2024-09-18 19:14:06,0.116096
2024-09-18 19:14:07,0.12336
2024-09-18 19:14:08,0.111856
2024-09-18 19:14:09,0.109344
2024-09-18 19:14:10,0.11472
2024-09-18 19:14:11,0.148392
2024-09-18 19:14:12,0.155184
2024-09-18 19:14:13,0.153616
2024-09-18 19:14:14,0.124008
2024-09-18 19:14:15,0.13192
2024-09-18 19:14:16,0.135552
2024-09-18 19:14:17,0.14876
2024-09-18 19:14:18,0.136248
2024-09-18 19:14:19,0.13568
2024-09-18 19:14:20,0.200256
2024-09-18 19:14:21,0.141264
2024-09-18 19:14:22,0.13308
2024-09-18 19:14:23,0.131848
2024-09-18 19:14:24,0.126184
2024-09-18 19:14:25,0.12976
2024-09-18 19:14:26,0.127016
2024-09-18 19:14:27,0.106208
2024-09-18 19:14:28,0.117944
2024-09-18 19:14:29,0.13268
2024-09-18 19:14:30,0.126416
2024-09-18 19:14:31,0.115592
2024-09-18 19:14:32,0.125584
2024-09-18 19:14:33,0.114216
2024-09-18 19:14:34,0.089008
2024-09-18 19:14:35,0.144808
2024-09-18 19:14:36,0.133984
2024-09-18 19:14:37,0.108
2024-09-18 19:14:38,0.11088
2024-09-18 19:14:39,0.088904
2024-09-18 19:14:40,0.129448
2024-09-18 19:14:41,0.117608
2024-09-18 19:14:42,0.133944
2024-09-18 19:14:43,0.175864
2024-09-18 19:14:44,0.127256
2024-09-18 19:14:45,0.140792
2024-09-18 19:14:46,0.126504
2024-09-18 19:14:47,0.148656
2024-09-18 19:14:48,0.167584
2024-09-18 19:14:49,0.15964
2024-09-18 19:14:50,0.149408
2024-09-18 19:14:51,0.130136
2024-09-18 19:14:52,0.126056
2024-09-18 19:14:53,0.153248
2024-09-18 19:14:54,0.123984
2024-09-18 19:14:55,0.1276
2024-09-18 19:14:56,0.138616
2024-09-18 19:14:57,0.138024
2024-09-18 19:14:58,0.116456
2024-09-18 19:14:59,0.11268
2024-09-18 19:15:00,0.09388
2024-09-18 19:15:01,0.09536
2024-09-18 19:15:02,0.121856
2024-09-18 19:15:03,0.09964
2024-09-18 19:15:04,0.114048
2024-09-18 19:15:05,0.087928
2024-09-18 19:15:06,0.14288
2024-09-18 19:15:07,0.107344
2024-09-18 19:15:08,0.135768
2024-09-18 19:15:09,0.133128
2024-09-18 19:15:10,0.115528
2024-09-18 19:15:11,0.17128
2024-09-18 19:15:12,0.174416
2024-09-18 19:15:13,0.218288
2024-09-18 19:15:14,0.180976
2024-09-18 19:15:15,0.146176
2024-09-18 19:15:16,0.146072
2024-09-18 19:15:17,0.161984
2024-09-18 19:15:18,0.174768
2024-09-18 19:15:19,0.145504
2024-09-18 19:15:20,0.18396
2024-09-18 19:15:21,0.166784
2024-09-18 19:15:22,0.180408
2024-09-18 19:15:23,0.161256
2024-09-18 19:15:24,0.133952
2024-09-18 19:15:25,0.140504
2024-09-18 19:15:26,0.117944
2024-09-18 19:15:27,0.11188
2024-09-18 19:15:28,0.097808
2024-09-18 19:15:29,0.09812
2024-09-18 19:15:30,0.112104
2024-09-18 19:15:31,0.127224
2024-09-18 19:15:32,0.117592
2024-09-18 19:15:33,0.103192
2024-09-18 19:15:34,0.084288
2024-09-18 19:15:35,0.08852
2024-09-18 19:15:36,0.085168
2024-09-18 19:15:37,0.118336
2024-09-18 19:15:38,0.163224
2024-09-18 19:15:39,0.197472
2024-09-18 19:15:40,0.200544
2024-09-18 19:15:41,0.186288
2024-09-18 19:15:42,0.1448
2024-09-18 19:15:43,0.195312
2024-09-18 19:15:44,0.150424
2024-09-18 19:15:45,0.151112
2024-09-18 19:15:46,0.142408
2024-09-18 19:15:47,0.127488
2024-09-18 19:15:48,0.13848
2024-09-18 19:15:49,0.133608
2024-09-18 19:15:50,0.138344
2024-09-18 19:15:51,0.122768
2024-09-18 19:15:52,0.107176
2024-09-18 19:15:53,0.104344
2024-09-18 19:15:54,0.112232
2024-09-18 19:15:55,0.11292
2024-09-18 19:15:56,0.123968
2024-09-18 19:15:57,0.119808
2024-09-18 19:15:58,0.101872
2024-09-18 19:15:59,0.107672
2024-09-18 19:16:00,0.136712
2024-09-18 19:16:01,0.13592
2024-09-18 19:16:02,0.11972
2024-09-18 19:16:03,0.100768
2024-09-18 19:16:04,0.173144
2024-09-18 19:16:05,0.215576
2024-09-18 19:16:06,0.173616
2024-09-18 19:16:07,0.17548
2024-09-18 19:16:08,0.176072
2024-09-18 19:16:09,0.171744
2024-09-18 19:16:10,0.150512
2024-09-18 19:16:11,0.132432
2024-09-18 19:16:12,0.11548
2024-09-18 19:16:13,0.193304
2024-09-18 19:16:14,0.17184
2024-09-18 19:16:15,0.156008
2024-09-18 19:16:16,0.159768
2024-09-18 19:16:17,0.118952
2024-09-18 19:16:18,0.13456
2024-09-18 19:16:19,0.157832
2024-09-18 19:16:20,0.138184
2024-09-18 19:16:21,0.163624
2024-09-18 19:16:22,0.178904
2024-09-18 19:16:23,0.175264
2024-09-18 19:16:24,0.192144
2024-09-18 19:16:25,0.172608
2024-09-18 19:16:26,0.210344
2024-09-18 19:16:27,0.138712
2024-09-18 19:16:28,0.156424
2024-09-18 19:16:29,0.1476
2024-09-18 19:16:30,0.150712
2024-09-18 19:16:31,0.121688
2024-09-18 19:16:32,0.11528
2024-09-18 19:16:33,0.138688
2024-09-18 19:16:34,0.112576
2024-09-18 19:16:35,0.108744
2024-09-18 19:16:36,0.10472
2024-09-18 19:16:37,0.108064
2024-09-18 19:16:38,0.086264
2024-09-18 19:16:39,0.112808
2024-09-18 19:16:40,0.107632
2024-09-18 19:16:41,0.120752
2024-09-18 19:16:42,0.112072
2024-09-18 19:16:43,0.147088
2024-09-18 19:16:44,0.108832
2024-09-18 19:16:45,0.143376
2024-09-18 19:16:46,0.142864
2024-09-18 19:16:47,0.16224
2024-09-18 19:16:48,0.21456
2024-09-18 19:16:49,0.195728
2024-09-18 19:16:50,0.176808
2024-09-18 19:16:51,0.160296
2024-09-18 19:16:52,0.199288
2024-09-18 19:16:53,0.170896
2024-09-18 19:16:54,0.138944
2024-09-18 19:16:55,0.120688
2024-09-18 19:16:56,0.12892
2024-09-18 19:16:57,0.11132
2024-09-18 19:16:58,0.11244
2024-09-18 19:16:59,0.126536
2024-09-18 19:17:00,0.098712
2024-09-18 19:17:01,0.102112
2024-09-18 19:17:02,0.094832
2024-09-18 19:17:03,0.105696
2024-09-18 19:17:04,0.099544
2024-09-18 19:17:05,0.099456
2024-09-18 19:17:06,0.159552
2024-09-18 19:17:07,0.109912
2024-09-18 19:17:08,0.1092
2024-09-18 19:17:09,0.115392
2024-09-18 19:17:10,0.139912
2024-09-18 19:17:11,0.150008
2024-09-18 19:17:12,0.108568
2024-09-18 19:17:13,0.112232
2024-09-18 19:17:14,0.103952
2024-09-18 19:17:15,0.119672
2024-09-18 19:17:16,0.1216
2024-09-18 19:17:17,0.120584
2024-09-18 19:17:18,0.10152
2024-09-18 19:17:19,0.126504
2024-09-18 19:17:20,0.124096
2024-09-18 19:17:21,0.118272
2024-09-18 19:17:22,0.151296
2024-09-18 19:17:23,0.150272
2024-09-18 19:17:24,0.171792
2024-09-18 19:17:25,0.153024
2024-09-18 19:17:26,0.15108
2024-09-18 19:17:27,0.153568
2024-09-18 19:17:28,0.146568
2024-09-18 19:17:29,0.164656
2024-09-18 19:17:30,0.156032
2024-09-18 19:17:31,0.146384
2024-09-18 19:17:32,0.141752
2024-09-18 19:17:33,0.15464
2024-09-18 19:17:34,0.210848
2024-09-18 19:17:35,0.14796
2024-09-18 19:17:36,0.175848
2024-09-18 19:17:37,0.149208
2024-09-18 19:17:38,0.112016
2024-09-18 19:17:39,0.109424
2024-09-18 19:17:40,0.103152
2024-09-18 19:17:41,0.148992
2024-09-18 19:17:42,0.151432
2024-09-18 19:17:43,0.164824
2024-09-18 19:17:44,0.156536
2024-09-18 19:17:45,0.142968
2024-09-18 19:17:46,0.14684
2024-09-18 19:17:47,0.1348
2024-09-18 19:17:48,0.138128
2024-09-18 19:17:49,0.125656
2024-09-18 19:17:50,0.137704
2024-09-18 19:17:51,0.147208
2024-09-18 19:17:52,0.143824
2024-09-18 19:17:53,0.139472
2024-09-18 19:17:54,0.124776
2024-09-18 19:17:55,0.126432
2024-09-18 19:17:56,0.123776
2024-09-18 19:17:57,0.152992
2024-09-18 19:17:58,0.137576
2024-09-18 19:17:59,0.128488
2024-09-18 19:18:00,0.142264
2024-09-18 19:18:01,0.125888
2024-09-18 19:18:02,0.138824
2024-09-18 19:18:03,0.110584
2024-09-18 19:18:04,0.137864
2024-09-18 19:18:05,0.12644
2024-09-18 19:18:06,0.110928
2024-09-18 19:18:07,0.085088
2024-09-18 19:18:08,0.095944
2024-09-18 19:18:09,0.099616
2024-09-18 19:18:10,0.137232
2024-09-18 19:18:11,0.130752
2024-09-18 19:18:12,0.14932
2024-09-18 19:18:13,0.133848
2024-09-18 19:18:14,0.117016
2024-09-18 19:18:15,0.099856
2024-09-18 19:18:16,0.124704
2024-09-18 19:18:17,0.123328
2024-09-18 19:18:18,0.142728
2024-09-18 19:18:19,0.152248
2024-09-18 19:18:20,0.13988
2024-09-18 19:18:21,0.131736
2024-09-18 19:18:22,0.126496
2024-09-18 19:18:23,0.111048
2024-09-18 19:18:24,0.1328
2024-09-18 19:18:25,0.123336
2024-09-18 19:18:26,0.155656
2024-09-18 19:18:27,0.162664
2024-09-18 19:18:28,0.208952
2024-09-18 19:18:29,0.120672
2024-09-18 19:18:30,0.119256
2024-09-18 19:18:31,0.110464
2024-09-18 19:18:32,0.104208
2024-09-18 19:18:33,0.115096
2024-09-18 19:18:34,0.126072
2024-09-18 19:18:35,0.126496
2024-09-18 19:18:36,0.13036
2024-09-18 19:18:37,0.11644
2024-09-18 19:18:38,0.118752
2024-09-18 19:18:39,0.11932
2024-09-18 19:18:40,0.113976
2024-09-18 19:18:41,0.123208
2024-09-18 19:18:42,0.11804
2024-09-18 19:18:43,0.173984
2024-09-18 19:18:44,0.14996
2024-09-18 19:18:45,0.131192
2024-09-18 19:18:46,0.127992
2024-09-18 19:18:47,0.124592
2024-09-18 19:18:48,0.12008
2024-09-18 19:18:49,0.118312
2024-09-18 19:18:50,0.114336
2024-09-18 19:18:51,0.137952
2024-09-18 19:18:52,0.155
2024-09-18 19:18:53,0.15852
2024-09-18 19:18:54,0.159192
2024-09-18 19:18:55,0.1372
2024-09-18 19:18:56,0.134336
2024-09-18 19:18:57,0.11228
2024-09-18 19:18:58,0.113032
2024-09-18 19:18:59,0.108856
2024-09-18 19:19:00,0.120352
2024-09-18 19:19:01,0.109864
2024-09-18 19:19:02,0.142792
2024-09-18 19:19:03,0.115696
2024-09-18 19:19:04,0.168608
2024-09-18 19:19:05,0.163656
2024-09-18 19:19:06,0.166144
2024-09-18 19:19:07,0.127256
2024-09-18 19:19:08,0.131792
2024-09-18 19:19:09,0.125696
2024-09-18 19:19:10,0.122976
2024-09-18 19:19:11,0.139776
2024-09-18 19:19:12,0.1088
2024-09-18 19:19:13,0.134336
2024-09-18 19:19:14,0.1702
2024-09-18 19:19:15,0.153984
2024-09-18 19:19:16,0.151496
2024-09-18 19:19:17,0.139056
2024-09-18 19:19:18,0.132024
2024-09-18 19:19:19,0.17688
2024-09-18 19:19:20,0.11896
2024-09-18 19:19:21,0.1664
2024-09-18 19:19:22,0.12232
2024-09-18 19:19:23,0.147584
2024-09-18 19:19:24,0.130424
2024-09-18 19:19:25,0.132968
2024-09-18 19:19:26,0.115248
2024-09-18 19:19:27,0.129888
2024-09-18 19:19:28,0.152448
2024-09-18 19:19:29,0.13628
2024-09-18 19:19:30,0.133112
2024-09-18 19:19:31,0.150056
2024-09-18 19:19:32,0.173288
2024-09-18 19:19:33,0.13636
2024-09-18 19:19:34,0.167016
2024-09-18 19:19:35,0.129696
2024-09-18 19:19:36,0.107752
2024-09-18 19:19:37,0.10248
2024-09-18 19:19:38,0.1124
2024-09-18 19:19:39,0.136688
2024-09-18 19:19:40,0.124536
2024-09-18 19:19:41,0.135976
2024-09-18 19:19:42,0.157568
2024-09-18 19:19:43,0.175808
2024-09-18 19:19:44,0.122936
2024-09-18 19:19:45,0.141016
2024-09-18 19:19:46,0.187488
2024-09-18 19:19:47,0.187336
2024-09-18 19:19:48,0.190384
2024-09-18 19:19:49,0.149752
2024-09-18 19:19:50,0.141712
2024-09-18 19:19:51,0.189112
2024-09-18 19:19:52,0.158576
2024-09-18 19:19:53,0.16964
2024-09-18 19:19:54,0.153616
2024-09-18 19:19:55,0.123176
2024-09-18 19:19:56,0.143592
2024-09-18 19:19:57,0.125768
2024-09-18 19:19:58,0.232008
2024-09-18 19:19:59,0.227584
2024-09-18 19:20:00,0.227144
2024-09-18 19:20:01,0.166752
2024-09-18 19:20:02,0.18244
2024-09-18 19:20:03,0.187544
2024-09-18 19:20:04,0.159968
2024-09-18 19:20:05,0.12248
2024-09-18 19:20:06,0.11224
2024-09-18 19:20:07,0.101088
2024-09-18 19:20:08,0.088952
2024-09-18 19:20:09,0.107704
2024-09-18 19:20:10,0.086696
2024-09-18 19:20:11,0.106544
2024-09-18 19:20:12,0.088232
2024-09-18 19:20:13,0.098344
2024-09-18 19:20:14,0.099456
2024-09-18 19:20:15,0.127112
2024-09-18 19:20:16,0.105512
2024-09-18 19:20:17,0.112072
2024-09-18 19:20:18,0.117448
2024-09-18 19:20:19,0.112424
2024-09-18 19:20:20,0.113288
2024-09-18 19:20:21,0.133896
2024-09-18 19:20:22,0.11552
2024-09-18 19:20:23,0.104248
2024-09-18 19:20:24,0.119272
2024-09-18 19:20:25,0.111192
2024-09-18 19:20:26,0.09368
2024-09-18 19:20:27,0.089344
2024-09-18 19:20:28,0.092648
2024-09-18 19:20:29,0.108496
2024-09-18 19:20:30,0.094304
2024-09-18 19:20:31,0.104856
2024-09-18 19:20:32,0.120968
2024-09-18 19:20:33,0.112152
2024-09-18 19:20:34,0.114576
2024-09-18 19:20:35,0.123528
2024-09-18 19:20:36,0.121432
2024-09-18 19:20:37,0.122752
2024-09-18 19:20:38,0.119672
2024-09-18 19:20:39,0.14944
2024-09-18 19:20:40,0.160976
2024-09-18 19:20:41,0.14108
2024-09-18 19:20:42,0.103048
2024-09-18 19:20:43,0.146928
2024-09-18 19:20:44,0.15032
2024-09-18 19:20:45,0.165392
2024-09-18 19:20:46,0.162856
2024-09-18 19:20:47,0.15044
2024-09-18 19:20:48,0.170592
2024-09-18 19:20:49,0.189488
2024-09-18 19:20:50,0.21764
2024-09-18 19:20:51,0.17536
2024-09-18 19:20:52,0.174024
2024-09-18 19:20:53,0.18936
2024-09-18 19:20:54,0.172456
2024-09-18 19:20:55,0.14972
2024-09-18 19:20:56,0.130304
2024-09-18 19:20:57,0.139424
2024-09-18 19:20:58,0.135608
2024-09-18 19:20:59,0.134
2024-09-18 19:21:00,0.119256
2024-09-18 19:21:01,0.131528
2024-09-18 19:21:02,0.140248
2024-09-18 19:21:03,0.174664
2024-09-18 19:21:04,0.129936
2024-09-18 19:21:05,0.139752
2024-09-18 19:21:06,0.140568
2024-09-18 19:21:07,0.12936
2024-09-18 19:21:08,0.132432
2024-09-18 19:21:09,0.150008
2024-09-18 19:21:10,0.158856
2024-09-18 19:21:11,0.126368
2024-09-18 19:21:12,0.098696
2024-09-18 19:21:13,0.127208
2024-09-18 19:21:14,0.165936
2024-09-18 19:21:15,0.164448
2024-09-18 19:21:16,0.15456
2024-09-18 19:21:17,0.148448
2024-09-18 19:21:18,0.18784
2024-09-18 19:21:19,0.186208
2024-09-18 19:21:20,0.179408
2024-09-18 19:21:21,0.182592
2024-09-18 19:21:22,0.190408
2024-09-18 19:21:23,0.207
2024-09-18 19:21:24,0.19916
2024-09-18 19:21:25,0.158296
2024-09-18 19:21:26,0.155752
2024-09-18 19:21:27,0.10884
2024-09-18 19:21:28,0.110872
2024-09-18 19:21:29,0.12532
2024-09-18 19:21:30,0.107792
2024-09-18 19:21:31,0.098872
2024-09-18 19:21:32,0.091256
2024-09-18 19:21:33,0.097664
2024-09-18 19:21:34,0.082744
2024-09-18 19:21:35,0.079056
2024-09-18 19:21:36,0.117376
2024-09-18 19:21:37,0.106248
2024-09-18 19:21:38,0.090272
2024-09-18 19:21:39,0.081256
2024-09-18 19:21:40,0.086112
2024-09-18 19:21:41,0.085944
2024-09-18 19:21:42,0.13584
2024-09-18 19:21:43,0.13796
2024-09-18 19:21:44,0.155208
2024-09-18 19:21:45,0.156184
2024-09-18 19:21:46,0.145928
2024-09-18 19:21:47,0.159608
2024-09-18 19:21:48,0.171568
2024-09-18 19:21:49,0.174504
2024-09-18 19:21:50,0.201624
2024-09-18 19:21:51,0.242864
2024-09-18 19:21:52,0.167216
2024-09-18 19:21:53,0.122624
2024-09-18 19:21:54,0.126816
2024-09-18 19:21:55,0.106952
2024-09-18 19:21:56,0.12436
2024-09-18 19:21:57,0.10952
2024-09-18 19:21:58,0.113368
2024-09-18 19:21:59,0.099144
2024-09-18 19:22:00,0.098832
2024-09-18 19:22:01,0.111816
2024-09-18 19:22:02,0.097
2024-09-18 19:22:03,0.134504
2024-09-18 19:22:04,0.129512
2024-09-18 19:22:05,0.130064
2024-09-18 19:22:06,0.13156
2024-09-18 19:22:07,0.136176
2024-09-18 19:22:08,0.107864
2024-09-18 19:22:09,0.114
2024-09-18 19:22:10,0.108336
2024-09-18 19:22:11,0.095816
2024-09-18 19:22:12,0.100656
2024-09-18 19:22:13,0.114632
2024-09-18 19:22:14,0.118088
2024-09-18 19:22:15,0.132384
2024-09-18 19:22:16,0.14084
2024-09-18 19:22:17,0.149032
2024-09-18 19:22:18,0.168832
2024-09-18 19:22:19,0.142104
2024-09-18 19:22:20,0.134952
2024-09-18 19:22:21,0.15616
2024-09-18 19:22:22,0.1234
2024-09-18 19:22:23,0.18272
2024-09-18 19:22:24,0.138384
2024-09-18 19:22:25,0.160432
2024-09-18 19:22:26,0.214584
2024-09-18 19:22:27,0.204128
2024-09-18 19:22:28,0.221
2024-09-18 19:22:29,0.169136
2024-09-18 19:22:30,0.180096
2024-09-18 19:22:31,0.200672
2024-09-18 19:22:32,0.15412
2024-09-18 19:22:33,0.18904
2024-09-18 19:22:34,0.143688
2024-09-18 19:22:35,0.152712
2024-09-18 19:22:36,0.153704
2024-09-18 19:22:37,0.123016
2024-09-18 19:22:38,0.14912
2024-09-18 19:22:39,0.121936
2024-09-18 19:22:40,0.134648
2024-09-18 19:22:41,0.09684
2024-09-18 19:22:42,0.105752
2024-09-18 19:22:43,0.1406
2024-09-18 19:22:44,0.104504
2024-09-18 19:22:45,0.1318
2024-09-18 19:22:46,0.14272
2024-09-18 19:22:47,0.138592
2024-09-18 19:22:48,0.15588
2024-09-18 19:22:49,0.1642
2024-09-18 19:22:50,0.19212
2024-09-18 19:22:51,0.196176
2024-09-18 19:22:52,0.164752
2024-09-18 19:22:53,0.116304
2024-09-18 19:22:54,0.11188
2024-09-18 19:22:55,0.124576
2024-09-18 19:22:56,0.146744
2024-09-18 19:22:57,0.159672
2024-09-18 19:22:58,0.14244
2024-09-18 19:22:59,0.164536
2024-09-18 19:23:00,0.178832
2024-09-18 19:23:01,0.168472
2024-09-18 19:23:02,0.175736
2024-09-18 19:23:03,0.154144
2024-09-18 19:23:04,0.1154
2024-09-18 19:23:05,0.166192
2024-09-18 19:23:06,0.211936
2024-09-18 19:23:07,0.164664
2024-09-18 19:23:08,0.147456
2024-09-18 19:23:09,0.140952
2024-09-18 19:23:10,0.146568
2024-09-18 19:23:11,0.139336
2024-09-18 19:23:12,0.125944
2024-09-18 19:23:13,0.130608
2024-09-18 19:23:14,0.185096
2024-09-18 19:23:15,0.164608
2024-09-18 19:23:16,0.141192
2024-09-18 19:23:17,0.143808
2024-09-18 19:23:18,0.165872
2024-09-18 19:23:19,0.157728
2024-09-18 19:23:20,0.157328
2024-09-18 19:23:21,0.170016
2024-09-18 19:23:22,0.148344
2024-09-18 19:23:23,0.143672
2024-09-18 19:23:24,0.146784
2024-09-18 19:23:25,0.131352
2024-09-18 19:23:26,0.14468
2024-09-18 19:23:27,0.133944
2024-09-18 19:23:28,0.135296
2024-09-18 19:23:29,0.166176
2024-09-18 19:23:30,0.132712
2024-09-18 19:23:31,0.122512
2024-09-18 19:23:32,0.127184
2024-09-18 19:23:33,0.12732
2024-09-18 19:23:34,0.116408
2024-09-18 19:23:35,0.10948
2024-09-18 19:23:36,0.140192
2024-09-18 19:23:37,0.14744
2024-09-18 19:23:38,0.119784
2024-09-18 19:23:39,0.109584
2024-09-18 19:23:40,0.122408
2024-09-18 19:23:41,0.107968
2024-09-18 19:23:42,0.100536
2024-09-18 19:23:43,0.136912
2024-09-18 19:23:44,0.100232
2024-09-18 19:23:45,0.109344
2024-09-18 19:23:46,0.096496
2024-09-18 19:23:47,0.106792
2024-09-18 19:23:48,0.108424
2024-09-18 19:23:49,0.099296
2024-09-18 19:23:50,0.101288
2024-09-18 19:23:51,0.107832
2024-09-18 19:23:52,0.145136
2024-09-18 19:23:53,0.132416
2024-09-18 19:23:54,0.16648
2024-09-18 19:23:55,0.173024
2024-09-18 19:23:56,0.156432
2024-09-18 19:23:57,0.168664
2024-09-18 19:23:58,0.124376
2024-09-18 19:23:59,0.122928
2024-09-18 19:24:00,0.125336
2024-09-18 19:24:01,0.113952
2024-09-18 19:24:02,0.14732
2024-09-18 19:24:03,0.127744
2024-09-18 19:24:04,0.14584
2024-09-18 19:24:05,0.131032
2024-09-18 19:24:06,0.180376
2024-09-18 19:24:07,0.184632
2024-09-18 19:24:08,0.129184
2024-09-18 19:24:09,0.115744
2024-09-18 19:24:10,0.133152
2024-09-18 19:24:11,0.149376
2024-09-18 19:24:12,0.120224
2024-09-18 19:24:13,0.148
2024-09-18 19:24:14,0.124376
2024-09-18 19:24:15,0.126864
2024-09-18 19:24:16,0.13204
2024-09-18 19:24:17,0.120064
2024-09-18 19:24:18,0.1334
2024-09-18 19:24:19,0.15712
2024-09-18 19:24:20,0.225872
2024-09-18 19:24:21,0.16268
2024-09-18 19:24:22,0.181912
2024-09-18 19:24:23,0.21272
2024-09-18 19:24:24,0.22392
2024-09-18 19:24:25,0.195864
2024-09-18 19:24:26,0.247536
2024-09-18 19:24:27,0.222424
2024-09-18 19:24:28,0.210168
2024-09-18 19:24:29,0.223288
2024-09-18 19:24:30,0.207408
2024-09-18 19:24:31,0.190648
2024-09-18 19:24:32,0.210472
2024-09-18 19:24:33,0.206184
2024-09-18 19:24:34,0.161736
2024-09-18 19:24:35,0.166824
2024-09-18 19:24:36,0.137992
2024-09-18 19:24:37,0.134672
2024-09-18 19:24:38,0.145936
2024-09-18 19:24:39,0.135816
2024-09-18 19:24:40,0.164824
2024-09-18 19:24:41,0.185624
2024-09-18 19:24:42,0.144472
2024-09-18 19:24:43,0.192168
2024-09-18 19:24:44,0.153024
2024-09-18 19:24:45,0.1824
2024-09-18 19:24:46,0.147008
2024-09-18 19:24:47,0.138472
2024-09-18 19:24:48,0.119424
2024-09-18 19:24:49,0.13932
2024-09-18 19:24:50,0.183656
2024-09-18 19:24:51,0.168096
2024-09-18 19:24:52,0.13072
2024-09-18 19:24:53,0.141456
2024-09-18 19:24:54,0.139648
2024-09-18 19:24:55,0.18436
2024-09-18 19:24:56,0.123864
2024-09-18 19:24:57,0.187264
2024-09-18 19:24:58,0.163488
2024-09-18 19:24:59,0.152632
2024-09-18 19:25:00,0.15128
2024-09-18 19:25:01,0.159624
2024-09-18 19:25:02,0.159888
2024-09-18 19:25:03,0.157832
2024-09-18 19:25:04,0.163224
2024-09-18 19:25:05,0.147824
2024-09-18 19:25:06,0.109592
2024-09-18 19:25:07,0.14672
2024-09-18 19:25:08,0.117776
2024-09-18 19:25:09,0.174664
2024-09-18 19:25:10,0.170672
2024-09-18 19:25:11,0.163272
2024-09-18 19:25:12,0.133632
2024-09-18 19:25:13,0.146752
2024-09-18 19:25:14,0.130976
2024-09-18 19:25:15,0.171568
2024-09-18 19:25:16,0.180648
2024-09-18 19:25:17,0.16352
2024-09-18 19:25:18,0.178112
2024-09-18 19:25:19,0.14752
2024-09-18 19:25:20,0.155728
2024-09-18 19:25:21,0.148424
2024-09-18 19:25:22,0.18636
2024-09-18 19:25:23,0.127736
2024-09-18 19:25:24,0.111904
2024-09-18 19:25:25,0.098624
2024-09-18 19:25:26,0.09884
2024-09-18 19:25:27,0.078488
2024-09-18 19:25:28,0.125544
2024-09-18 19:25:29,0.108992
2024-09-18 19:25:30,0.10012
2024-09-18 19:25:31,0.09388
2024-09-18 19:25:32,0.109416
2024-09-18 19:25:33,0.10996
2024-09-18 19:25:34,0.11764
2024-09-18 19:25:35,0.137968
2024-09-18 19:25:36,0.128616
2024-09-18 19:25:37,0.120104
2024-09-18 19:25:38,0.09312
2024-09-18 19:25:39,0.128656
2024-09-18 19:25:40,0.089824
2024-09-18 19:25:41,0.10712
2024-09-18 19:25:42,0.107256
2024-09-18 19:25:43,0.151136
2024-09-18 19:25:44,0.136072
2024-09-18 19:25:45,0.102912
2024-09-18 19:25:46,0.117248
2024-09-18 19:25:47,0.135744
2024-09-18 19:25:48,0.128456
2024-09-18 19:25:49,0.126056
2024-09-18 19:25:50,0.12748
2024-09-18 19:25:51,0.17184
2024-09-18 19:25:52,0.165424
2024-09-18 19:25:53,0.15164
2024-09-18 19:25:54,0.109344
2024-09-18 19:25:55,0.09724
2024-09-18 19:25:56,0.118424
2024-09-18 19:25:57,0.132872
2024-09-18 19:25:58,0.109704
2024-09-18 19:25:59,0.088984
2024-09-18 19:26:00,0.106064
2024-09-18 19:26:01,0.11012
2024-09-18 19:26:02,0.112088
2024-09-18 19:26:03,0.154944
2024-09-18 19:26:04,0.173144
2024-09-18 19:26:05,0.185864
2024-09-18 19:26:06,0.150512
2024-09-18 19:26:07,0.117368
2024-09-18 19:26:08,0.095704
2024-09-18 19:26:09,0.110696
2024-09-18 19:26:10,0.124736
2024-09-18 19:26:11,0.124016
2024-09-18 19:26:12,0.10096
2024-09-18 19:26:13,0.110224
2024-09-18 19:26:14,0.150416
2024-09-18 19:26:15,0.150896
2024-09-18 19:26:16,0.151896
2024-09-18 19:26:17,0.158072
2024-09-18 19:26:18,0.175072
2024-09-18 19:26:19,0.183512
2024-09-18 19:26:20,0.207336
2024-09-18 19:26:21,0.190912
2024-09-18 19:26:22,0.1778
2024-09-18 19:26:23,0.179384
2024-09-18 19:26:24,0.152416
2024-09-18 19:26:25,0.164024
2024-09-18 19:26:26,0.156896
2024-09-18 19:26:27,0.180416
2024-09-18 19:26:28,0.151824
2024-09-18 19:26:29,0.216912
2024-09-18 19:26:30,0.15864
2024-09-18 19:26:31,0.153416
2024-09-18 19:26:32,0.130256
2024-09-18 19:26:33,0.152704
2024-09-18 19:26:34,0.147424
2024-09-18 19:26:35,0.144656
2024-09-18 19:26:36,0.19752
2024-09-18 19:26:37,0.18732
2024-09-18 19:26:38,0.155456
2024-09-18 19:26:39,0.178784
2024-09-18 19:26:40,0.158152
2024-09-18 19:26:41,0.155368
2024-09-18 19:26:42,0.161864
2024-09-18 19:26:43,0.206968
2024-09-18 19:26:44,0.177376
2024-09-18 19:26:45,0.143032
2024-09-18 19:26:46,0.148976
2024-09-18 19:26:47,0.110456
2024-09-18 19:26:48,0.147136
2024-09-18 19:26:49,0.212784
2024-09-18 19:26:50,0.19108
2024-09-18 19:26:51,0.203792
2024-09-18 19:26:52,0.139712
2024-09-18 19:26:53,0.172824
2024-09-18 19:26:54,0.117392
2024-09-18 19:26:55,0.120112
2024-09-18 19:26:56,0.10692
2024-09-18 19:26:57,0.125872
2024-09-18 19:26:58,0.117624
2024-09-18 19:26:59,0.1306
2024-09-18 19:27:00,0.110808
2024-09-18 19:27:01,0.148392
2024-09-18 19:27:02,0.149736
2024-09-18 19:27:03,0.259888
2024-09-18 19:27:04,0.186336
2024-09-18 19:27:05,0.194192
2024-09-18 19:27:06,0.201472
2024-09-18 19:27:07,0.198224
2024-09-18 19:27:08,0.20188
2024-09-18 19:27:09,0.191912
2024-09-18 19:27:10,0.226152
2024-09-18 19:27:11,0.18244
2024-09-18 19:27:12,0.186816
2024-09-18 19:27:13,0.146312
2024-09-18 19:27:14,0.110576
2024-09-18 19:27:15,0.124432
2024-09-18 19:27:16,0.116344
2024-09-18 19:27:17,0.108768
2024-09-18 19:27:18,0.121136
2024-09-18 19:27:19,0.107448
2024-09-18 19:27:20,0.122512
2024-09-18 19:27:21,0.130896
2024-09-18 19:27:22,0.13336
2024-09-18 19:27:23,0.185536
2024-09-18 19:27:24,0.190712
2024-09-18 19:27:25,0.195744
2024-09-18 19:27:26,0.149024
2024-09-18 19:27:27,0.158616
2024-09-18 19:27:28,0.146208
2024-09-18 19:27:29,0.159392
2024-09-18 19:27:30,0.146952
2024-09-18 19:27:31,0.13428
2024-09-18 19:27:32,0.114552
2024-09-18 19:27:33,0.128632
2024-09-18 19:27:34,0.127536
2024-09-18 19:27:35,0.103744
2024-09-18 19:27:36,0.104296
2024-09-18 19:27:37,0.107
2024-09-18 19:27:38,0.122824
2024-09-18 19:27:39,0.123416
2024-09-18 19:27:40,0.13724
2024-09-18 19:27:41,0.105232
2024-09-18 19:27:42,0.110744
2024-09-18 19:27:43,0.126984
2024-09-18 19:27:44,0.094728
2024-09-18 19:27:45,0.089
2024-09-18 19:27:46,0.10284
2024-09-18 19:27:47,0.151472
2024-09-18 19:27:48,0.1192
2024-09-18 19:27:49,0.100608
2024-09-18 19:27:50,0.129016
2024-09-18 19:27:51,0.133048
2024-09-18 19:27:52,0.106968
2024-09-18 19:27:53,0.128344
2024-09-18 19:27:54,0.130496
2024-09-18 19:27:55,0.119488
2024-09-18 19:27:56,0.096024
2024-09-18 19:27:57,0.101848
2024-09-18 19:27:58,0.09756
2024-09-18 19:27:59,0.110352
2024-09-18 19:28:00,0.125232
2024-09-18 19:28:01,0.096296
2024-09-18 19:28:02,0.097312
2024-09-18 19:28:03,0.100624
2024-09-18 19:28:04,0.084824
2024-09-18 19:28:05,0.081936
2024-09-18 19:28:06,0.095408
2024-09-18 19:28:07,0.130864
2024-09-18 19:28:08,0.164584
2024-09-18 19:28:09,0.12756
2024-09-18 19:28:10,0.160088
2024-09-18 19:28:11,0.1628
2024-09-18 19:28:12,0.117968
2024-09-18 19:28:13,0.166352
2024-09-18 19:28:14,0.12964
2024-09-18 19:28:15,0.103992
2024-09-18 19:28:16,0.113088
2024-09-18 19:28:17,0.14772
2024-09-18 19:28:18,0.122496
2024-09-18 19:28:19,0.151128
2024-09-18 19:28:20,0.162424
2024-09-18 19:28:21,0.187424
2024-09-18 19:28:22,0.164488
2024-09-18 19:28:23,0.187704
2024-09-18 19:28:24,0.162824
2024-09-18 19:28:25,0.138536
2024-09-18 19:28:26,0.126096
2024-09-18 19:28:27,0.11084
2024-09-18 19:28:28,0.169848
2024-09-18 19:28:29,0.1658
2024-09-18 19:28:30,0.170408
2024-09-18 19:28:31,0.152152
2024-09-18 19:28:32,0.13504
2024-09-18 19:28:33,0.11612
2024-09-18 19:28:34,0.13552
2024-09-18 19:28:35,0.11356
2024-09-18 19:28:36,0.143456
2024-09-18 19:28:37,0.127728
2024-09-18 19:28:38,0.160776
2024-09-18 19:28:39,0.176328
2024-09-18 19:28:40,0.165608
2024-09-18 19:28:41,0.152888
2024-09-18 19:28:42,0.122664
2024-09-18 19:28:43,0.198816
2024-09-18 19:28:44,0.135176
2024-09-18 19:28:45,0.124336
2024-09-18 19:28:46,0.126
2024-09-18 19:28:47,0.13576
2024-09-18 19:28:48,0.129488
2024-09-18 19:28:49,0.11992
2024-09-18 19:28:50,0.131528
2024-09-18 19:28:51,0.13464
2024-09-18 19:28:52,0.126496
2024-09-18 19:28:53,0.120928
2024-09-18 19:28:54,0.10156
2024-09-18 19:28:55,0.122752
2024-09-18 19:28:56,0.158424
2024-09-18 19:28:57,0.143056
2024-09-18 19:28:58,0.138352
2024-09-18 19:28:59,0.135192
2024-09-18 19:29:00,0.125976
2024-09-18 19:29:01,0.145192
2024-09-18 19:29:02,0.122912
2024-09-18 19:29:03,0.118008
2024-09-18 19:29:04,0.160432
2024-09-18 19:29:05,0.126896
2024-09-18 19:29:06,0.154536
2024-09-18 19:29:07,0.145008
2024-09-18 19:29:08,0.138992
2024-09-18 19:29:09,0.145752
2024-09-18 19:29:10,0.13748
2024-09-18 19:29:11,0.117888
2024-09-18 19:29:12,0.166216
2024-09-18 19:29:13,0.136536
2024-09-18 19:29:14,0.103152
2024-09-18 19:29:15,0.12148
2024-09-18 19:29:16,0.120752
2024-09-18 19:29:17,0.11608
2024-09-18 19:29:18,0.144472
2024-09-18 19:29:19,0.161712
2024-09-18 19:29:20,0.157776
2024-09-18 19:29:21,0.190824
2024-09-18 19:29:22,0.12768
2024-09-18 19:29:23,0.125696
2024-09-18 19:29:24,0.11424
2024-09-18 19:29:25,0.110224
2024-09-18 19:29:26,0.106256
2024-09-18 19:29:27,0.104656
2024-09-18 19:29:28,0.10208
2024-09-18 19:29:29,0.090368
2024-09-18 19:29:30,0.10376
2024-09-18 19:29:31,0.106872
2024-09-18 19:29:32,0.136512
2024-09-18 19:29:33,0.14464
2024-09-18 19:29:34,0.138856
2024-09-18 19:29:35,0.195528
2024-09-18 19:29:36,0.191416
2024-09-18 19:29:37,0.245072
2024-09-18 19:29:38,0.281
2024-09-18 19:29:39,0.2572
2024-09-18 19:29:40,0.22884
2024-09-18 19:29:41,0.18416
2024-09-18 19:29:42,0.247056
2024-09-18 19:29:43,0.265384
2024-09-18 19:29:44,0.213696
2024-09-18 19:29:45,0.196832
2024-09-18 19:29:46,0.14336
2024-09-18 19:29:47,0.181304
2024-09-18 19:29:48,0.210368
2024-09-18 19:29:49,0.152104
2024-09-18 19:29:50,0.178544
2024-09-18 19:29:51,0.162096
2024-09-18 19:29:52,0.162152
2024-09-18 19:29:53,0.134248
2024-09-18 19:29:54,0.119312
2024-09-18 19:29:55,0.168704
2024-09-18 19:29:56,0.165544
2024-09-18 19:29:57,0.1312
2024-09-18 19:29:58,0.150888
2024-09-18 19:29:59,0.167144
2024-09-18 19:30:00,0.153664
2024-09-18 19:30:01,0.145616
2024-09-18 19:30:02,0.13584
2024-09-18 19:30:03,0.11928
2024-09-18 19:30:04,0.14024
2024-09-18 19:30:05,0.116
2024-09-18 19:30:06,0.100776
2024-09-18 19:30:07,0.097344
2024-09-18 19:30:08,0.099096
2024-09-18 19:30:09,0.11836
2024-09-18 19:30:10,0.094816
2024-09-18 19:30:11,0.090408
2024-09-18 19:30:12,0.075168
2024-09-18 19:30:13,0.078184
2024-09-18 19:30:14,0.086184
2024-09-18 19:30:15,0.075832
2024-09-18 19:30:16,0.068032
2024-09-18 19:30:17,0.125576
2024-09-18 19:30:18,0.085592
2024-09-18 19:30:19,0.129288
2024-09-18 19:30:20,0.168776
2024-09-18 19:30:21,0.1766
2024-09-18 19:30:22,0.164896
2024-09-18 19:30:23,0.1782
2024-09-18 19:30:24,0.186424
2024-09-18 19:30:25,0.224008
2024-09-18 19:30:26,0.1592
2024-09-18 19:30:27,0.192
2024-09-18 19:30:28,0.159352
2024-09-18 19:30:29,0.17324
2024-09-18 19:30:30,0.144832
2024-09-18 19:30:31,0.165552
2024-09-18 19:30:32,0.167912
2024-09-18 19:30:33,0.16908
2024-09-18 19:30:34,0.165104
2024-09-18 19:30:35,0.183208
2024-09-18 19:30:36,0.146112
2024-09-18 19:30:37,0.113672
2024-09-18 19:30:38,0.109072
2024-09-18 19:30:39,0.118752
2024-09-18 19:30:40,0.106376
2024-09-18 19:30:41,0.099096
2024-09-18 19:30:42,0.115488
2024-09-18 19:30:43,0.136448
2024-09-18 19:30:44,0.137072
2024-09-18 19:30:45,0.100496
2024-09-18 19:30:46,0.114256
2024-09-18 19:30:47,0.125936
2024-09-18 19:30:48,0.127384
2024-09-18 19:30:49,0.105944
2024-09-18 19:30:50,0.116312
2024-09-18 19:30:51,0.10572
2024-09-18 19:30:52,0.161528
2024-09-18 19:30:53,0.1624
2024-09-18 19:30:54,0.159704
2024-09-18 19:30:55,0.16264
2024-09-18 19:30:56,0.103528
2024-09-18 19:30:57,0.098624
2024-09-18 19:30:58,0.08248
2024-09-18 19:30:59,0.085016
2024-09-18 19:31:00,0.083912
2024-09-18 19:31:01,0.082312
2024-09-18 19:31:02,0.078328
2024-09-18 19:31:03,0.091712
2024-09-18 19:31:04,0.140608
2024-09-18 19:31:05,0.125232
2024-09-18 19:31:06,0.134064
2024-09-18 19:31:07,0.113488
2024-09-18 19:31:08,0.150632
2024-09-18 19:31:09,0.154352
2024-09-18 19:31:10,0.164208
2024-09-18 19:31:11,0.128232
2024-09-18 19:31:12,0.127456
2024-09-18 19:31:13,0.093192
2024-09-18 19:31:14,0.082384
2024-09-18 19:31:15,0.093824
2024-09-18 19:31:16,0.136912
2024-09-18 19:31:17,0.128496
2024-09-18 19:31:18,0.123704
2024-09-18 19:31:19,0.13544
2024-09-18 19:31:20,0.155592
2024-09-18 19:31:21,0.131312
2024-09-18 19:31:22,0.196176
2024-09-18 19:31:23,0.140744
2024-09-18 19:31:24,0.146488
2024-09-18 19:31:25,0.140456
2024-09-18 19:31:26,0.152296
2024-09-18 19:31:27,0.134928
2024-09-18 19:31:28,0.124824
2024-09-18 19:31:29,0.103072
2024-09-18 19:31:30,0.111216
2024-09-18 19:31:31,0.101104
2024-09-18 19:31:32,0.12016
2024-09-18 19:31:33,0.124936
2024-09-18 19:31:34,0.123488
2024-09-18 19:31:35,0.11312
2024-09-18 19:31:36,0.154832
2024-09-18 19:31:37,0.164168
2024-09-18 19:31:38,0.165312
2024-09-18 19:31:39,0.20364
2024-09-18 19:31:40,0.202752
2024-09-18 19:31:41,0.178432
2024-09-18 19:31:42,0.12712
2024-09-18 19:31:43,0.150064
2024-09-18 19:31:44,0.108552
2024-09-18 19:31:45,0.143792
2024-09-18 19:31:46,0.138512
2024-09-18 19:31:47,0.153616
2024-09-18 19:31:48,0.215968
2024-09-18 19:31:49,0.215952
2024-09-18 19:31:50,0.236152
2024-09-18 19:31:51,0.216944
2024-09-18 19:31:52,0.235664
2024-09-18 19:31:53,0.228352
2024-09-18 19:31:54,0.220032
2024-09-18 19:31:55,0.183376
2024-09-18 19:31:56,0.221632
2024-09-18 19:31:57,0.159008
2024-09-18 19:31:58,0.168736
2024-09-18 19:31:59,0.130584
2024-09-18 19:32:00,0.149944
2024-09-18 19:32:01,0.180104
2024-09-18 19:32:02,0.13832
2024-09-18 19:32:03,0.159384
2024-09-18 19:32:04,0.119744
2024-09-18 19:32:05,0.183072
2024-09-18 19:32:06,0.219832
2024-09-18 19:32:07,0.212952
2024-09-18 19:32:08,0.177264
2024-09-18 19:32:09,0.197752
2024-09-18 19:32:10,0.1648
2024-09-18 19:32:11,0.115592
2024-09-18 19:32:12,0.113912
2024-09-18 19:32:13,0.121976
2024-09-18 19:32:14,0.123664
2024-09-18 19:32:15,0.146376
2024-09-18 19:32:16,0.186584
2024-09-18 19:32:17,0.158328
2024-09-18 19:32:18,0.159088
2024-09-18 19:32:19,0.158488
2024-09-18 19:32:20,0.15748
2024-09-18 19:32:21,0.177624
2024-09-18 19:32:22,0.176224
2024-09-18 19:32:23,0.180448
2024-09-18 19:32:24,0.1846
2024-09-18 19:32:25,0.198256
2024-09-18 19:32:26,0.193632
2024-09-18 19:32:27,0.147576
2024-09-18 19:32:28,0.176104
2024-09-18 19:32:29,0.16576
2024-09-18 19:32:30,0.183608
2024-09-18 19:32:31,0.176496
2024-09-18 19:32:32,0.174848
2024-09-18 19:32:33,0.175928
2024-09-18 19:32:34,0.154568
2024-09-18 19:32:35,0.11476
2024-09-18 19:32:36,0.180632
2024-09-18 19:32:37,0.176576
2024-09-18 19:32:38,0.178864
2024-09-18 19:32:39,0.193608
2024-09-18 19:32:40,0.199112
2024-09-18 19:32:41,0.210728
2024-09-18 19:32:42,0.188848
2024-09-18 19:32:43,0.257856
2024-09-18 19:32:44,0.221824
2024-09-18 19:32:45,0.23332
2024-09-18 19:32:46,0.240432
2024-09-18 19:32:47,0.175888
2024-09-18 19:32:48,0.196672
2024-09-18 19:32:49,0.18388
2024-09-18 19:32:50,0.186336
2024-09-18 19:32:51,0.165952
2024-09-18 19:32:52,0.170112
2024-09-18 19:32:53,0.14844
2024-09-18 19:32:54,0.14272
2024-09-18 19:32:55,0.183056
2024-09-18 19:32:56,0.199616
2024-09-18 19:32:57,0.197584
2024-09-18 19:32:58,0.161192
2024-09-18 19:32:59,0.208056
2024-09-18 19:33:00,0.214976
2024-09-18 19:33:01,0.214152
2024-09-18 19:33:02,0.239048
2024-09-18 19:33:03,0.257016
2024-09-18 19:33:04,0.200432
2024-09-18 19:33:05,0.19828
2024-09-18 19:33:06,0.156928
2024-09-18 19:33:07,0.162776
2024-09-18 19:33:08,0.130392
2024-09-18 19:33:09,0.151488
2024-09-18 19:33:10,0.119848
2024-09-18 19:33:11,0.14904
2024-09-18 19:33:12,0.124888
2024-09-18 19:33:13,0.159
2024-09-18 19:33:14,0.172888
2024-09-18 19:33:15,0.14936
2024-09-18 19:33:16,0.131016
2024-09-18 19:33:17,0.142912
2024-09-18 19:33:18,0.142496
2024-09-18 19:33:19,0.139576
2024-09-18 19:33:20,0.105264
2024-09-18 19:33:21,0.131632
2024-09-18 19:33:22,0.123728
2024-09-18 19:33:23,0.153912
2024-09-18 19:33:24,0.1108
2024-09-18 19:33:25,0.15192
2024-09-18 19:33:26,0.131768
2024-09-18 19:33:27,0.131248
2024-09-18 19:33:28,0.158456
2024-09-18 19:33:29,0.141624
2024-09-18 19:33:30,0.122528
2024-09-18 19:33:31,0.122864
2024-09-18 19:33:32,0.101768
2024-09-18 19:33:33,0.114168
2024-09-18 19:33:34,0.093888
2024-09-18 19:33:35,0.112192
2024-09-18 19:33:36,0.135
2024-09-18 19:33:37,0.11344
2024-09-18 19:33:38,0.113192
2024-09-18 19:33:39,0.118616
2024-09-18 19:33:40,0.110072
2024-09-18 19:33:41,0.10616
2024-09-18 19:33:42,0.096008
2024-09-18 19:33:43,0.138888
2024-09-18 19:33:44,0.11452
2024-09-18 19:33:45,0.114024
2024-09-18 19:33:46,0.095768
2024-09-18 19:33:47,0.127624
2024-09-18 19:33:48,0.143376
2024-09-18 19:33:49,0.224248
2024-09-18 19:33:50,0.138944
2024-09-18 19:33:51,0.118752
2024-09-18 19:33:52,0.175352
2024-09-18 19:33:53,0.203096
2024-09-18 19:33:54,0.199624
2024-09-18 19:33:55,0.199144
2024-09-18 19:33:56,0.173336
2024-09-18 19:33:57,0.158448
2024-09-18 19:33:58,0.137024
2024-09-18 19:33:59,0.133752
2024-09-18 19:34:00,0.171984
2024-09-18 19:34:01,0.144216
2024-09-18 19:34:02,0.162536
2024-09-18 19:34:03,0.140128
2024-09-18 19:34:04,0.18048
2024-09-18 19:34:05,0.198744
2024-09-18 19:34:06,0.163288
2024-09-18 19:34:07,0.145016
2024-09-18 19:34:08,0.179656
2024-09-18 19:34:09,0.170392
2024-09-18 19:34:10,0.166384
2024-09-18 19:34:11,0.12876
2024-09-18 19:34:12,0.121904
2024-09-18 19:34:13,0.138624
2024-09-18 19:34:14,0.141048
2024-09-18 19:34:15,0.136048
2024-09-18 19:34:16,0.137968
2024-09-18 19:34:17,0.128528
2024-09-18 19:34:18,0.112152
2024-09-18 19:34:19,0.102376
2024-09-18 19:34:20,0.113464
2024-09-18 19:34:21,0.114952
2024-09-18 19:34:22,0.113152
2024-09-18 19:34:23,0.11492
2024-09-18 19:34:24,0.148504
2024-09-18 19:34:25,0.16248
2024-09-18 19:34:26,0.20036
2024-09-18 19:34:27,0.18808
2024-09-18 19:34:28,0.200848
2024-09-18 19:34:29,0.170664
2024-09-18 19:34:30,0.16516
2024-09-18 19:34:31,0.168064
2024-09-18 19:34:32,0.161272
2024-09-18 19:34:33,0.16912
2024-09-18 19:34:34,0.15032
2024-09-18 19:34:35,0.13988
2024-09-18 19:34:36,0.1112
2024-09-18 19:34:37,0.171544
2024-09-18 19:34:38,0.167928
2024-09-18 19:34:39,0.133856
2024-09-18 19:34:40,0.155672
2024-09-18 19:34:41,0.140536
2024-09-18 19:34:42,0.150424
2024-09-18 19:34:43,0.190176
2024-09-18 19:34:44,0.125216
2024-09-18 19:34:45,0.122136
2024-09-18 19:34:46,0.118072
2024-09-18 19:34:47,0.174192
2024-09-18 19:34:48,0.183592
2024-09-18 19:34:49,0.212648
2024-09-18 19:34:50,0.203096
2024-09-18 19:34:51,0.215472
2024-09-18 19:34:52,0.233384
2024-09-18 19:34:53,0.225376
2024-09-18 19:34:54,0.199048
2024-09-18 19:34:55,0.193584
2024-09-18 19:34:56,0.2246
2024-09-18 19:34:57,0.203392
2024-09-18 19:34:58,0.246912
2024-09-18 19:34:59,0.206664
2024-09-18 19:35:00,0.186992
2024-09-18 19:35:01,0.190552
2024-09-18 19:35:02,0.241968
2024-09-18 19:35:03,0.2448
2024-09-18 19:35:04,0.219016
2024-09-18 19:35:05,0.190128
2024-09-18 19:35:06,0.152624
2024-09-18 19:35:07,0.148352
2024-09-18 19:35:08,0.069032
2024-09-18 19:35:09,0.05904
2024-09-18 19:35:10,0.0392
2024-09-18 19:35:11,0.042544
2024-09-18 19:35:12,0.00124
2024-09-18 19:40:03,0.014688
2024-09-18 19:40:04,0.01152
2024-09-18 19:40:05,0.13676
2024-09-18 19:40:06,0.013592
2024-09-18 19:40:07,0.030528
2024-09-18 19:40:08,0.016952
2024-09-18 19:40:09,0.299576
2024-09-18 19:40:10,0.03864
2024-09-18 19:40:11,0.049424
2024-09-18 19:40:12,0.046944
2024-09-18 19:40:13,0.031112
2024-09-18 19:40:14,0.038152
2024-09-18 19:40:15,0.031672
2024-09-18 19:40:16,0.041912
2024-09-18 19:40:17,0.094936
2024-09-18 19:40:18,0.047008
2024-09-18 19:40:19,0.04656
2024-09-18 19:40:20,0.201248
2024-09-18 19:40:21,0.0538
2024-09-18 19:40:22,0.053688
2024-09-18 19:40:23,0.052696
2024-09-18 19:40:24,0.04664
2024-09-18 19:40:25,0.081872
2024-09-18 19:40:26,0.049232
2024-09-18 19:40:27,0.043736
2024-09-18 19:40:28,0.05032
2024-09-18 19:40:29,0.04388
2024-09-18 19:40:30,0.038
2024-09-18 19:40:31,0.031464
2024-09-18 19:40:32,0.02388
2024-09-18 19:40:33,0.04116
2024-09-18 19:40:34,0.028064
2024-09-18 19:40:35,0.037992
2024-09-18 19:40:36,0.04516
2024-09-18 19:40:37,0.047736
2024-09-18 19:40:38,0.038616
2024-09-18 19:40:39,0.038616
2024-09-18 19:40:40,0.036424
2024-09-18 19:40:41,0.035616
2024-09-18 19:40:42,0.035424
2024-09-18 19:40:43,0.034808
2024-09-18 19:40:44,0.04712
2024-09-18 19:40:45,0.05016
2024-09-18 19:40:46,0.041272
2024-09-18 19:40:47,0.060168
2024-09-18 19:40:48,0.0456
2024-09-18 19:40:49,0.067936
2024-09-18 19:40:50,0.065664
2024-09-18 19:40:51,0.042512
2024-09-18 19:40:52,0.044056
2024-09-18 19:40:53,0.052832
2024-09-18 19:40:54,0.04228
2024-09-18 19:40:55,0.050528
2024-09-18 19:40:56,0.06424
2024-09-18 19:40:57,0.058872
2024-09-18 19:40:58,0.071664
2024-09-18 19:40:59,0.069464
2024-09-18 19:41:00,0.044
2024-09-18 19:41:01,0.038096
2024-09-18 19:41:02,0.042976
2024-09-18 19:41:03,0.03028
2024-09-18 19:41:04,0.043416
2024-09-18 19:41:05,0.032568
2024-09-18 19:41:06,0.04968
2024-09-18 19:41:07,0.040864
2024-09-18 19:41:08,0.042696
2024-09-18 19:41:09,0.052056
2024-09-18 19:41:10,0.03428
2024-09-18 19:41:11,0.032656
2024-09-18 19:41:12,0.028304
2024-09-18 19:41:13,0.041448
2024-09-18 19:41:14,0.04508
2024-09-18 19:41:15,0.06044
2024-09-18 19:41:16,0.0554
2024-09-18 19:41:17,0.065344
2024-09-18 19:41:18,0.050184
2024-09-18 19:41:19,0.053072
2024-09-18 19:41:20,0.075248
2024-09-18 19:41:21,0.067904
2024-09-18 19:41:22,0.054872
2024-09-18 19:41:23,0.05844
2024-09-18 19:41:24,0.053592
2024-09-18 19:41:25,0.058656
2024-09-18 19:41:26,0.061136
2024-09-18 19:41:27,0.066544
2024-09-18 19:41:28,0.07252
2024-09-18 19:41:29,0.075288
2024-09-18 19:41:30,0.058384
2024-09-18 19:41:31,0.032904
2024-09-18 19:41:32,0.040128
2024-09-18 19:41:33,0.05612
2024-09-18 19:41:34,0.040072
2024-09-18 19:41:35,0.072296
2024-09-18 19:41:36,0.059056
2024-09-18 19:41:37,0.063568
2024-09-18 19:41:38,0.04776
2024-09-18 19:41:39,0.057032
2024-09-18 19:41:40,0.055576
2024-09-18 19:41:41,0.048632
2024-09-18 19:41:42,0.059992
2024-09-18 19:41:43,0.069864
2024-09-18 19:41:44,0.05936
2024-09-18 19:41:45,0.066968
2024-09-18 19:41:46,0.066176
2024-09-18 19:41:47,0.066816
2024-09-18 19:41:48,0.08852
2024-09-18 19:41:49,0.098496
2024-09-18 19:41:50,0.091912
2024-09-18 19:41:51,0.094656
2024-09-18 19:41:52,0.092744
2024-09-18 19:41:53,0.083096
2024-09-18 19:41:54,0.096848
2024-09-18 19:41:55,0.114144
2024-09-18 19:41:56,0.096032
2024-09-18 19:41:57,0.128752
2024-09-18 19:41:58,0.123696
2024-09-18 19:41:59,0.11532
2024-09-18 19:42:00,0.109048
2024-09-18 19:42:01,0.104904
2024-09-18 19:42:02,0.106048
2024-09-18 19:42:03,0.124504
2024-09-18 19:42:04,0.099816
2024-09-18 19:42:05,0.083576
2024-09-18 19:42:06,0.083976
2024-09-18 19:42:07,0.096304
2024-09-18 19:42:08,0.120832
2024-09-18 19:42:09,0.130584
2024-09-18 19:42:10,0.13084
2024-09-18 19:42:11,0.13236
2024-09-18 19:42:12,0.163824
2024-09-18 19:42:13,0.117856
2024-09-18 19:42:14,0.128968
2024-09-18 19:42:15,0.146712
2024-09-18 19:42:16,0.154504
2024-09-18 19:42:17,0.13348
2024-09-18 19:42:18,0.143744
2024-09-18 19:42:19,0.131296
2024-09-18 19:42:20,0.185336
2024-09-18 19:42:21,0.138408
2024-09-18 19:42:22,0.1496
2024-09-18 19:42:23,0.164896
2024-09-18 19:42:24,0.136056
2024-09-18 19:42:25,0.132936
2024-09-18 19:42:26,0.130784
2024-09-18 19:42:27,0.147928
2024-09-18 19:42:28,0.131168
2024-09-18 19:42:29,0.158608
2024-09-18 19:42:30,0.153808
2024-09-18 19:42:31,0.168136
2024-09-18 19:42:32,0.134848
2024-09-18 19:42:33,0.145744
2024-09-18 19:42:34,0.140512
2024-09-18 19:42:35,0.146976
2024-09-18 19:42:36,0.184392
2024-09-18 19:42:37,0.132816
2024-09-18 19:42:38,0.136248
2024-09-18 19:42:39,0.135608
2024-09-18 19:42:40,0.163808
2024-09-18 19:42:41,0.136072
2024-09-18 19:42:42,0.1382
2024-09-18 19:42:43,0.139784
2024-09-18 19:42:44,0.156096
2024-09-18 19:42:45,0.151736
2024-09-18 19:42:46,0.139496
2024-09-18 19:42:47,0.122048
2024-09-18 19:42:48,0.152224
2024-09-18 19:42:49,0.173192
2024-09-18 19:42:50,0.183072
2024-09-18 19:42:51,0.174024
2024-09-18 19:42:52,0.161496
2024-09-18 19:42:53,0.171432
2024-09-18 19:42:54,0.164352
2024-09-18 19:42:55,0.154136
2024-09-18 19:42:56,0.180128
2024-09-18 19:42:57,0.147896
2024-09-18 19:42:58,0.131936
2024-09-18 19:42:59,0.146088
2024-09-18 19:43:00,0.138168
2024-09-18 19:43:01,0.119152
2024-09-18 19:43:02,0.125128
2024-09-18 19:43:03,0.13892
2024-09-18 19:43:04,0.114848
2024-09-18 19:43:05,0.119096
2024-09-18 19:43:06,0.137048
2024-09-18 19:43:07,0.167344
2024-09-18 19:43:08,0.168024
2024-09-18 19:43:09,0.13388
2024-09-18 19:43:10,0.151856
2024-09-18 19:43:11,0.153928
2024-09-18 19:43:12,0.178112
2024-09-18 19:43:13,0.152192
2024-09-18 19:43:14,0.129808
2024-09-18 19:43:15,0.15168
2024-09-18 19:43:16,0.16604
2024-09-18 19:43:17,0.137368
2024-09-18 19:43:18,0.149936
2024-09-18 19:43:19,0.1496
2024-09-18 19:43:20,0.163472
2024-09-18 19:43:21,0.143432
2024-09-18 19:43:22,0.123744
2024-09-18 19:43:23,0.135632
2024-09-18 19:43:24,0.124816
2024-09-18 19:43:25,0.140584
2024-09-18 19:43:26,0.141992
2024-09-18 19:43:27,0.217976
2024-09-18 19:43:28,0.17252
2024-09-18 19:43:29,0.15404
2024-09-18 19:43:30,0.131088
2024-09-18 19:43:31,0.156432
2024-09-18 19:43:32,0.127056
2024-09-18 19:43:33,0.126648
2024-09-18 19:43:34,0.135144
2024-09-18 19:43:35,0.156584
2024-09-18 19:43:36,0.174208
2024-09-18 19:43:37,0.134536
2024-09-18 19:43:38,0.13112
2024-09-18 19:43:39,0.120224
2024-09-18 19:43:40,0.151912
2024-09-18 19:43:41,0.126608
2024-09-18 19:43:42,0.122152
2024-09-18 19:43:43,0.11748
2024-09-18 19:43:44,0.127304
2024-09-18 19:43:45,0.116376
2024-09-18 19:43:46,0.12048
2024-09-18 19:43:47,0.166976
2024-09-18 19:43:48,0.140944
2024-09-18 19:43:49,0.134512
2024-09-18 19:43:50,0.137016
2024-09-18 19:43:51,0.136696
2024-09-18 19:43:52,0.166808
2024-09-18 19:43:53,0.140112
2024-09-18 19:43:54,0.155032
2024-09-18 19:43:55,0.13524
2024-09-18 19:43:56,0.134248
2024-09-18 19:43:57,0.126776
2024-09-18 19:43:58,0.142448
2024-09-18 19:43:59,0.145264
2024-09-18 19:44:00,0.112256
2024-09-18 19:44:01,0.122168
2024-09-18 19:44:02,0.124104
2024-09-18 19:44:03,0.108264
2024-09-18 19:44:04,0.1092
2024-09-18 19:44:05,0.105296
2024-09-18 19:44:06,0.11184
2024-09-18 19:44:07,0.105656
2024-09-18 19:44:08,0.10952
2024-09-18 19:44:09,0.127344
2024-09-18 19:44:10,0.171096
2024-09-18 19:44:11,0.123288
2024-09-18 19:44:12,0.152472
2024-09-18 19:44:13,0.158912
2024-09-18 19:44:14,0.145288
2024-09-18 19:44:15,0.128232
2024-09-18 19:44:16,0.116808
2024-09-18 19:44:17,0.15036
2024-09-18 19:44:18,0.137112
2024-09-18 19:44:19,0.140616
2024-09-18 19:44:20,0.168712
2024-09-18 19:44:21,0.144768
2024-09-18 19:44:22,0.158312
2024-09-18 19:44:23,0.147232
2024-09-18 19:44:24,0.1626
2024-09-18 19:44:25,0.160136
2024-09-18 19:44:26,0.158824
2024-09-18 19:44:27,0.133112
2024-09-18 19:44:28,0.150008
2024-09-18 19:44:29,0.137224
2024-09-18 19:44:30,0.134968
2024-09-18 19:44:31,0.131496
2024-09-18 19:44:32,0.162096
2024-09-18 19:44:33,0.142336
2024-09-18 19:44:34,0.14404
2024-09-18 19:44:35,0.141584
2024-09-18 19:44:36,0.124048
2024-09-18 19:44:37,0.135032
2024-09-18 19:44:38,0.140136
2024-09-18 19:44:39,0.12504
2024-09-18 19:44:40,0.13276
2024-09-18 19:44:41,0.124344
2024-09-18 19:44:42,0.147616
2024-09-18 19:44:43,0.12208
2024-09-18 19:44:44,0.125472
2024-09-18 19:44:45,0.150984
2024-09-18 19:44:46,0.164216
2024-09-18 19:44:47,0.162984
2024-09-18 19:44:48,0.16692
2024-09-18 19:44:49,0.147128
2024-09-18 19:44:50,0.131672
2024-09-18 19:44:51,0.168688
2024-09-18 19:44:52,0.162408
2024-09-18 19:44:53,0.147728
2024-09-18 19:44:54,0.135288
2024-09-18 19:44:55,0.149816
2024-09-18 19:44:56,0.156272
2024-09-18 19:44:57,0.150864
2024-09-18 19:44:58,0.154392
2024-09-18 19:44:59,0.138344
2024-09-18 19:45:00,0.12592
2024-09-18 19:45:01,0.12116
2024-09-18 19:45:02,0.116944
2024-09-18 19:45:03,0.146856
2024-09-18 19:45:04,0.134096
2024-09-18 19:45:05,0.128192
2024-09-18 19:45:06,0.118456
2024-09-18 19:45:07,0.141544
2024-09-18 19:45:08,0.150656
2024-09-18 19:45:09,0.126336
2024-09-18 19:45:10,0.119976
2024-09-18 19:45:11,0.116912
2024-09-18 19:45:12,0.103456
2024-09-18 19:45:13,0.12828
2024-09-18 19:45:14,0.14896
2024-09-18 19:45:15,0.155712
2024-09-18 19:45:16,0.13328
2024-09-18 19:45:17,0.132256
2024-09-18 19:45:18,0.115592
2024-09-18 19:45:19,0.132832
2024-09-18 19:45:20,0.156304
2024-09-18 19:45:21,0.12044
2024-09-18 19:45:22,0.1208
2024-09-18 19:45:23,0.121544
2024-09-18 19:45:24,0.115424
2024-09-18 19:45:25,0.114912
2024-09-18 19:45:26,0.108656
2024-09-18 19:45:27,0.106656
2024-09-18 19:45:28,0.12548
2024-09-18 19:45:29,0.12372
2024-09-18 19:45:30,0.116472
2024-09-18 19:45:31,0.099976
2024-09-18 19:45:32,0.095872
2024-09-18 19:45:33,0.100504
2024-09-18 19:45:34,0.099888
2024-09-18 19:45:35,0.126944
2024-09-18 19:45:36,0.115496
2024-09-18 19:45:37,0.11204
2024-09-18 19:45:38,0.119696
2024-09-18 19:45:39,0.138696
2024-09-18 19:45:40,0.129216
2024-09-18 19:45:41,0.158872
2024-09-18 19:45:42,0.136208
2024-09-18 19:45:43,0.127728
2024-09-18 19:45:44,0.136008
2024-09-18 19:45:45,0.142856
2024-09-18 19:45:46,0.133696
2024-09-18 19:45:47,0.165568
2024-09-18 19:45:48,0.165704
2024-09-18 19:45:49,0.145176
2024-09-18 19:45:50,0.218648
2024-09-18 19:45:51,0.173432
2024-09-18 19:45:52,0.159056
2024-09-18 19:45:53,0.16588
2024-09-18 19:45:54,0.157664
2024-09-18 19:45:55,0.157264
2024-09-18 19:45:56,0.145632
2024-09-18 19:45:57,0.151808
2024-09-18 19:45:58,0.156576
2024-09-18 19:45:59,0.13636
2024-09-18 19:46:00,0.132112
2024-09-18 19:46:01,0.11508
2024-09-18 19:46:02,0.114016
2024-09-18 19:46:03,0.13388
2024-09-18 19:46:04,0.110736
2024-09-18 19:46:05,0.138464
2024-09-18 19:46:06,0.12204
2024-09-18 19:46:07,0.127536
2024-09-18 19:46:08,0.117472
2024-09-18 19:46:09,0.13548
2024-09-18 19:46:10,0.115096
2024-09-18 19:46:11,0.172752
2024-09-18 19:46:12,0.16488
2024-09-18 19:46:13,0.135824
2024-09-18 19:46:14,0.12816
2024-09-18 19:46:15,0.116848
2024-09-18 19:46:16,0.116016
2024-09-18 19:46:17,0.124568
2024-09-18 19:46:18,0.116896
2024-09-18 19:46:19,0.110536
2024-09-18 19:46:20,0.22428
2024-09-18 19:46:21,0.142536
2024-09-18 19:46:22,0.163152
2024-09-18 19:46:23,0.156712
2024-09-18 19:46:24,0.165824
2024-09-18 19:46:25,0.158464
2024-09-18 19:46:26,0.152008
2024-09-18 19:46:27,0.162664
2024-09-18 19:46:28,0.157728
2024-09-18 19:46:29,0.170768
2024-09-18 19:46:30,0.152816
2024-09-18 19:46:31,0.147952
2024-09-18 19:46:32,0.152112
2024-09-18 19:46:33,0.153272
2024-09-18 19:46:34,0.136792
2024-09-18 19:46:35,0.11072
2024-09-18 19:46:36,0.119496
2024-09-18 19:46:37,0.105168
2024-09-18 19:46:38,0.128176
2024-09-18 19:46:39,0.107592
2024-09-18 19:46:40,0.120952
2024-09-18 19:46:41,0.12244
2024-09-18 19:46:42,0.136536
2024-09-18 19:46:43,0.156616
2024-09-18 19:46:44,0.140376
2024-09-18 19:46:45,0.170664
2024-09-18 19:46:46,0.126976
2024-09-18 19:46:47,0.108536
2024-09-18 19:46:48,0.115552
2024-09-18 19:46:49,0.126664
2024-09-18 19:46:50,0.117568
2024-09-18 19:46:51,0.108984
2024-09-18 19:46:52,0.088192
2024-09-18 19:46:53,0.116784
2024-09-18 19:46:54,0.118784
2024-09-18 19:46:55,0.123776
2024-09-18 19:46:56,0.139048
2024-09-18 19:46:57,0.125736
2024-09-18 19:46:58,0.127152
2024-09-18 19:46:59,0.132424
2024-09-18 19:47:00,0.143272
2024-09-18 19:47:01,0.14676
2024-09-18 19:47:02,0.127128
2024-09-18 19:47:03,0.162152
2024-09-18 19:47:04,0.149216
2024-09-18 19:47:05,0.157016
2024-09-18 19:47:06,0.124368
2024-09-18 19:47:07,0.116824
2024-09-18 19:47:08,0.128792
2024-09-18 19:47:09,0.104568
2024-09-18 19:47:10,0.10316
2024-09-18 19:47:11,0.104504
2024-09-18 19:47:12,0.094424
2024-09-18 19:47:13,0.082976
2024-09-18 19:47:14,0.100896
2024-09-18 19:47:15,0.080504
2024-09-18 19:47:16,0.082752
2024-09-18 19:47:17,0.090104
2024-09-18 19:47:18,0.09964
2024-09-18 19:47:19,0.111928
2024-09-18 19:47:20,0.149808
2024-09-18 19:47:21,0.123904
2024-09-18 19:47:22,0.114368
2024-09-18 19:47:23,0.128808
2024-09-18 19:47:24,0.158632
2024-09-18 19:47:25,0.1924
2024-09-18 19:47:26,0.187608
2024-09-18 19:47:27,0.189952
2024-09-18 19:47:28,0.19412
2024-09-18 19:47:29,0.150432
2024-09-18 19:47:30,0.116616
2024-09-18 19:47:31,0.128552
2024-09-18 19:47:32,0.152512
2024-09-18 19:47:33,0.133208
2024-09-18 19:47:34,0.130704
2024-09-18 19:47:35,0.142976
2024-09-18 19:47:36,0.153104
2024-09-18 19:47:37,0.135352
2024-09-18 19:47:38,0.165296
2024-09-18 19:47:39,0.175
2024-09-18 19:47:40,0.201656
2024-09-18 19:47:41,0.16892
2024-09-18 19:47:42,0.134792
2024-09-18 19:47:43,0.117776
2024-09-18 19:47:44,0.14356
2024-09-18 19:47:45,0.125384
2024-09-18 19:47:46,0.136552
2024-09-18 19:47:47,0.189712
2024-09-18 19:47:48,0.156344
2024-09-18 19:47:49,0.143336
2024-09-18 19:47:50,0.167104
2024-09-18 19:47:51,0.175936
2024-09-18 19:47:52,0.187304
2024-09-18 19:47:53,0.21336
2024-09-18 19:47:54,0.180632
2024-09-18 19:47:55,0.182928
2024-09-18 19:47:56,0.14616
2024-09-18 19:47:57,0.153208
2024-09-18 19:47:58,0.161424
2024-09-18 19:47:59,0.170344
2024-09-18 19:48:00,0.154696
2024-09-18 19:48:01,0.127936
2024-09-18 19:48:02,0.161312
2024-09-18 19:48:03,0.16232
2024-09-18 19:48:04,0.171072
2024-09-18 19:48:05,0.173544
2024-09-18 19:48:06,0.178296
2024-09-18 19:48:07,0.14736
2024-09-18 19:48:08,0.151864
2024-09-18 19:48:09,0.129272
2024-09-18 19:48:10,0.152816
2024-09-18 19:48:11,0.19832
2024-09-18 19:48:12,0.13664
2024-09-18 19:48:13,0.144232
2024-09-18 19:48:14,0.180504
2024-09-18 19:48:15,0.158328
2024-09-18 19:48:16,0.145744
2024-09-18 19:48:17,0.212216
2024-09-18 19:48:18,0.179504
2024-09-18 19:48:19,0.138592
2024-09-18 19:48:20,0.178896
2024-09-18 19:48:21,0.140928
2024-09-18 19:48:22,0.141584
2024-09-18 19:48:23,0.176336
2024-09-18 19:48:24,0.134816
2024-09-18 19:48:25,0.171144
2024-09-18 19:48:26,0.171672
2024-09-18 19:48:27,0.153296
2024-09-18 19:48:28,0.1412
2024-09-18 19:48:29,0.122152
2024-09-18 19:48:30,0.128512
2024-09-18 19:48:31,0.128824
2024-09-18 19:48:32,0.146576
2024-09-18 19:48:33,0.120016
2024-09-18 19:48:34,0.110056
2024-09-18 19:48:35,0.111328
2024-09-18 19:48:36,0.119896
2024-09-18 19:48:37,0.101696
2024-09-18 19:48:38,0.120736
2024-09-18 19:48:39,0.10288
2024-09-18 19:48:40,0.106208
2024-09-18 19:48:41,0.106888
2024-09-18 19:48:42,0.11196
2024-09-18 19:48:43,0.097024
2024-09-18 19:48:44,0.111032
2024-09-18 19:48:45,0.09608
2024-09-18 19:48:46,0.11168
2024-09-18 19:48:47,0.105272
2024-09-18 19:48:48,0.126224
2024-09-18 19:48:49,0.117056
2024-09-18 19:48:50,0.12
2024-09-18 19:48:51,0.123384
2024-09-18 19:48:52,0.113984
2024-09-18 19:48:53,0.117112
2024-09-18 19:48:54,0.111272
2024-09-18 19:48:55,0.106384
2024-09-18 19:48:56,0.097816
2024-09-18 19:48:57,0.09648
2024-09-18 19:48:58,0.10964
2024-09-18 19:48:59,0.10792
2024-09-18 19:49:00,0.109952
2024-09-18 19:49:01,0.091784
2024-09-18 19:49:02,0.124112
2024-09-18 19:49:03,0.105944
2024-09-18 19:49:04,0.108992
2024-09-18 19:49:05,0.102752
2024-09-18 19:49:06,0.124816
2024-09-18 19:49:07,0.124312
2024-09-18 19:49:08,0.141688
2024-09-18 19:49:09,0.157528
2024-09-18 19:49:10,0.14088
2024-09-18 19:49:11,0.143536
2024-09-18 19:49:12,0.13484
2024-09-18 19:49:13,0.138376
2024-09-18 19:49:14,0.143552
2024-09-18 19:49:15,0.142568
2024-09-18 19:49:16,0.129128
2024-09-18 19:49:17,0.145504
2024-09-18 19:49:18,0.149872
2024-09-18 19:49:19,0.165672
2024-09-18 19:49:20,0.187952
2024-09-18 19:49:21,0.148752
2024-09-18 19:49:22,0.125312
2024-09-18 19:49:23,0.130504
2024-09-18 19:49:24,0.13212
2024-09-18 19:49:25,0.161416
2024-09-18 19:49:26,0.147368
2024-09-18 19:49:27,0.117
2024-09-18 19:49:28,0.142104
2024-09-18 19:49:29,0.136712
2024-09-18 19:49:30,0.167736
2024-09-18 19:49:31,0.142112
2024-09-18 19:49:32,0.146048
2024-09-18 19:49:33,0.139536
2024-09-18 19:49:34,0.122696
2024-09-18 19:49:35,0.120792
2024-09-18 19:49:36,0.122
2024-09-18 19:49:37,0.123496
2024-09-18 19:49:38,0.131832
2024-09-18 19:49:39,0.116152
2024-09-18 19:49:40,0.141288
2024-09-18 19:49:41,0.12028
2024-09-18 19:49:42,0.102304
2024-09-18 19:49:43,0.110688
2024-09-18 19:49:44,0.108184
2024-09-18 19:49:45,0.109472
2024-09-18 19:49:46,0.120216
2024-09-18 19:49:47,0.124296
2024-09-18 19:49:48,0.113912
2024-09-18 19:49:49,0.128656
2024-09-18 19:49:50,0.141824
2024-09-18 19:49:51,0.136352
2024-09-18 19:49:52,0.136432
2024-09-18 19:49:53,0.192376
2024-09-18 19:49:54,0.17636
2024-09-18 19:49:55,0.156456
2024-09-18 19:49:56,0.150072
2024-09-18 19:49:57,0.156448
2024-09-18 19:49:58,0.16572
2024-09-18 19:49:59,0.150824
2024-09-18 19:50:00,0.15416
2024-09-18 19:50:01,0.123728
2024-09-18 19:50:02,0.121088
2024-09-18 19:50:03,0.13668
2024-09-18 19:50:04,0.120872
2024-09-18 19:50:05,0.12932
2024-09-18 19:50:06,0.158472
2024-09-18 19:50:07,0.140848
2024-09-18 19:50:08,0.117016
2024-09-18 19:50:09,0.13424
2024-09-18 19:50:10,0.140552
2024-09-18 19:50:11,0.1518
2024-09-18 19:50:12,0.180752
2024-09-18 19:50:13,0.195864
2024-09-18 19:50:14,0.205304
2024-09-18 19:50:15,0.18384
2024-09-18 19:50:16,0.248312
2024-09-18 19:50:17,0.213144
2024-09-18 19:50:18,0.280384
2024-09-18 19:50:19,0.218448
2024-09-18 19:50:20,0.273224
2024-09-18 19:50:21,0.236208
2024-09-18 19:50:22,0.252744
2024-09-18 19:50:23,0.282824
2024-09-18 19:50:24,0.213912
2024-09-18 19:50:25,0.15628
2024-09-18 19:50:26,0.167352
2024-09-18 19:50:27,0.14308
2024-09-18 19:50:28,0.159576
2024-09-18 19:50:29,0.142424
2024-09-18 19:50:30,0.139456
2024-09-18 19:50:31,0.121704
2024-09-18 19:50:32,0.130808
2024-09-18 19:50:33,0.123552
2024-09-18 19:50:34,0.116064
2024-09-18 19:50:35,0.11564
2024-09-18 19:50:36,0.13332
2024-09-18 19:50:37,0.11676
2024-09-18 19:50:38,0.114016
2024-09-18 19:50:39,0.108488
2024-09-18 19:50:40,0.131688
2024-09-18 19:50:41,0.11564
2024-09-18 19:50:42,0.162336
2024-09-18 19:50:43,0.146424
2024-09-18 19:50:44,0.150544
2024-09-18 19:50:45,0.16576
2024-09-18 19:50:46,0.156752
2024-09-18 19:50:47,0.170424
2024-09-18 19:50:48,0.12636
2024-09-18 19:50:49,0.1272
2024-09-18 19:50:50,0.12576
2024-09-18 19:50:51,0.124368
2024-09-18 19:50:52,0.136584
2024-09-18 19:50:53,0.119856
2024-09-18 19:50:54,0.11708
2024-09-18 19:50:55,0.12164
2024-09-18 19:50:56,0.120744
2024-09-18 19:50:57,0.114696
2024-09-18 19:50:58,0.108016
2024-09-18 19:50:59,0.120592
2024-09-18 19:51:00,0.111736
2024-09-18 19:51:01,0.136424
2024-09-18 19:51:02,0.136856
2024-09-18 19:51:03,0.139376
2024-09-18 19:51:04,0.119576
2024-09-18 19:51:05,0.123272
2024-09-18 19:51:06,0.128936
2024-09-18 19:51:07,0.134456
2024-09-18 19:51:08,0.130304
2024-09-18 19:51:09,0.134224
2024-09-18 19:51:10,0.116968
2024-09-18 19:51:11,0.084352
2024-09-18 19:51:12,0.106344
2024-09-18 19:51:13,0.105968
2024-09-18 19:51:14,0.100016
2024-09-18 19:51:15,0.104344
2024-09-18 19:51:16,0.130216
2024-09-18 19:51:17,0.099592
2024-09-18 19:51:18,0.090152
2024-09-18 19:51:19,0.116664
2024-09-18 19:51:20,0.153504
2024-09-18 19:51:21,0.120848
2024-09-18 19:51:22,0.11108
2024-09-18 19:51:23,0.117624
2024-09-18 19:51:24,0.116792
2024-09-18 19:51:25,0.127368
2024-09-18 19:51:26,0.109816
2024-09-18 19:51:27,0.111032
2024-09-18 19:51:28,0.135304
2024-09-18 19:51:29,0.118304
2024-09-18 19:51:30,0.114416
2024-09-18 19:51:31,0.121
2024-09-18 19:51:32,0.116632
2024-09-18 19:51:33,0.122768
2024-09-18 19:51:34,0.113264
2024-09-18 19:51:35,0.107664
2024-09-18 19:51:36,0.111048
2024-09-18 19:51:37,0.124824
2024-09-18 19:51:38,0.122208
2024-09-18 19:51:39,0.113416
2024-09-18 19:51:40,0.117064
2024-09-18 19:51:41,0.106624
2024-09-18 19:51:42,0.093808
2024-09-18 19:51:43,0.12588
2024-09-18 19:51:44,0.099824
2024-09-18 19:51:45,0.107872
2024-09-18 19:51:46,0.113736
2024-09-18 19:51:47,0.136872
2024-09-18 19:51:48,0.123824
2024-09-18 19:51:49,0.13232
2024-09-18 19:51:50,0.134176
2024-09-18 19:51:51,0.140776
2024-09-18 19:51:52,0.177464
2024-09-18 19:51:53,0.165136
2024-09-18 19:51:54,0.132752
2024-09-18 19:51:55,0.150888
2024-09-18 19:51:56,0.143712
2024-09-18 19:51:57,0.137016
2024-09-18 19:51:58,0.129184
2024-09-18 19:51:59,0.14464
2024-09-18 19:52:00,0.122192
2024-09-18 19:52:01,0.11528
2024-09-18 19:52:02,0.122048
2024-09-18 19:52:03,0.122768
2024-09-18 19:52:04,0.109512
2024-09-18 19:52:05,0.104552
2024-09-18 19:52:06,0.136568
2024-09-18 19:52:07,0.193712
2024-09-18 19:52:08,0.173368
2024-09-18 19:52:09,0.202232
2024-09-18 19:52:10,0.180064
2024-09-18 19:52:11,0.178048
2024-09-18 19:52:12,0.170936
2024-09-18 19:52:13,0.192728
2024-09-18 19:52:14,0.156248
2024-09-18 19:52:15,0.23588
2024-09-18 19:52:16,0.164608
2024-09-18 19:52:17,0.159024
2024-09-18 19:52:18,0.166632
2024-09-18 19:52:19,0.191912
2024-09-18 19:52:20,0.237304
2024-09-18 19:52:21,0.171032
2024-09-18 19:52:22,0.219344
2024-09-18 19:52:23,0.20008
2024-09-18 19:52:24,0.184976
2024-09-18 19:52:25,0.215056
2024-09-18 19:52:26,0.17932
2024-09-18 19:52:27,0.171984
2024-09-18 19:52:28,0.162712
2024-09-18 19:52:29,0.158048
2024-09-18 19:52:30,0.1924
2024-09-18 19:52:31,0.139072
2024-09-18 19:52:32,0.190392
2024-09-18 19:52:33,0.201192
2024-09-18 19:52:34,0.1768
2024-09-18 19:52:35,0.189368
2024-09-18 19:52:36,0.170112
2024-09-18 19:52:37,0.158712
2024-09-18 19:52:38,0.1576
2024-09-18 19:52:39,0.161824
2024-09-18 19:52:40,0.149848
2024-09-18 19:52:41,0.134728
2024-09-18 19:52:42,0.157792
2024-09-18 19:52:43,0.177408
2024-09-18 19:52:44,0.119232
2024-09-18 19:52:45,0.153704
2024-09-18 19:52:46,0.132176
2024-09-18 19:52:47,0.137608
2024-09-18 19:52:48,0.163104
2024-09-18 19:52:49,0.154168
2024-09-18 19:52:50,0.133608
2024-09-18 19:52:51,0.132488
2024-09-18 19:52:52,0.124216
2024-09-18 19:52:53,0.122584
2024-09-18 19:52:54,0.115808
2024-09-18 19:52:55,0.12156
2024-09-18 19:52:56,0.130304
2024-09-18 19:52:57,0.117072
2024-09-18 19:52:58,0.115856
2024-09-18 19:52:59,0.110296
2024-09-18 19:53:00,0.149152
2024-09-18 19:53:01,0.12996
2024-09-18 19:53:02,0.122896
2024-09-18 19:53:03,0.109632
2024-09-18 19:53:04,0.133032
2024-09-18 19:53:05,0.113176
2024-09-18 19:53:06,0.112488
2024-09-18 19:53:07,0.116672
2024-09-18 19:53:08,0.136864
2024-09-18 19:53:09,0.120872
2024-09-18 19:53:10,0.104584
2024-09-18 19:53:11,0.119648
2024-09-18 19:53:12,0.09424
2024-09-18 19:53:13,0.093984
2024-09-18 19:53:14,0.086784
2024-09-18 19:53:15,0.110072
2024-09-18 19:53:16,0.131896
2024-09-18 19:53:17,0.099368
2024-09-18 19:53:18,0.117736
2024-09-18 19:53:19,0.14048
2024-09-18 19:53:20,0.147904
2024-09-18 19:53:21,0.14512
2024-09-18 19:53:22,0.139608
2024-09-18 19:53:23,0.158928
2024-09-18 19:53:24,0.134376
2024-09-18 19:53:25,0.14096
2024-09-18 19:53:26,0.1462
2024-09-18 19:53:27,0.15172
2024-09-18 19:53:28,0.164656
2024-09-18 19:53:29,0.138344
2024-09-18 19:53:30,0.114672
2024-09-18 19:53:31,0.146
2024-09-18 19:53:32,0.1432
2024-09-18 19:53:33,0.190064
2024-09-18 19:53:34,0.16096
2024-09-18 19:53:35,0.128616
2024-09-18 19:53:36,0.10716
2024-09-18 19:53:37,0.138616
2024-09-18 19:53:38,0.130024
2024-09-18 19:53:39,0.124888
2024-09-18 19:53:40,0.14056
2024-09-18 19:53:41,0.143
2024-09-18 19:53:42,0.125192
2024-09-18 19:53:43,0.120784
2024-09-18 19:53:44,0.129328
2024-09-18 19:53:45,0.123536
2024-09-18 19:53:46,0.128112
2024-09-18 19:53:47,0.137336
2024-09-18 19:53:48,0.107328
2024-09-18 19:53:49,0.092496
2024-09-18 19:53:50,0.120624
2024-09-18 19:53:51,0.109528
2024-09-18 19:53:52,0.111976
2024-09-18 19:53:53,0.099584
2024-09-18 19:53:54,0.09888
2024-09-18 19:53:55,0.122368
2024-09-18 19:53:56,0.11816
2024-09-18 19:53:57,0.1172
2024-09-18 19:53:58,0.112624
2024-09-18 19:53:59,0.126344
2024-09-18 19:54:00,0.167808
2024-09-18 19:54:01,0.13076
2024-09-18 19:54:02,0.14672
2024-09-18 19:54:03,0.129856
2024-09-18 19:54:04,0.130688
2024-09-18 19:54:05,0.115112
2024-09-18 19:54:06,0.100648
2024-09-18 19:54:07,0.133528
2024-09-18 19:54:08,0.209928
2024-09-18 19:54:09,0.260864
2024-09-18 19:54:10,0.216944
2024-09-18 19:54:11,0.135536
2024-09-18 19:54:12,0.122416
2024-09-18 19:54:13,0.126488
2024-09-18 19:54:14,0.104808
2024-09-18 19:54:15,0.101896
2024-09-18 19:54:16,0.104192
2024-09-18 19:54:17,0.124504
2024-09-18 19:54:18,0.09844
2024-09-18 19:54:19,0.124456
2024-09-18 19:54:20,0.157888
2024-09-18 19:54:21,0.185632
2024-09-18 19:54:22,0.169848
2024-09-18 19:54:23,0.176496
2024-09-18 19:54:24,0.138088
2024-09-18 19:54:25,0.16988
2024-09-18 19:54:26,0.174784
2024-09-18 19:54:27,0.148416
2024-09-18 19:54:28,0.14892
2024-09-18 19:54:29,0.15836
2024-09-18 19:54:30,0.159
2024-09-18 19:54:31,0.156328
2024-09-18 19:54:32,0.15516
2024-09-18 19:54:33,0.1394
2024-09-18 19:54:34,0.152936
2024-09-18 19:54:35,0.14352
2024-09-18 19:54:36,0.133624
2024-09-18 19:54:37,0.143344
2024-09-18 19:54:38,0.148664
2024-09-18 19:54:39,0.13944
2024-09-18 19:54:40,0.179912
2024-09-18 19:54:41,0.179704
2024-09-18 19:54:42,0.153
2024-09-18 19:54:43,0.15192
2024-09-18 19:54:44,0.111088
2024-09-18 19:54:45,0.110896
2024-09-18 19:54:46,0.103368
2024-09-18 19:54:47,0.096352
2024-09-18 19:54:48,0.099496
2024-09-18 19:54:49,0.08856
2024-09-18 19:54:50,0.151344
2024-09-18 19:54:51,0.11088
2024-09-18 19:54:52,0.118432
2024-09-18 19:54:53,0.111056
2024-09-18 19:54:54,0.122864
2024-09-18 19:54:55,0.143856
2024-09-18 19:54:56,0.1468
2024-09-18 19:54:57,0.136544
2024-09-18 19:54:58,0.128672
2024-09-18 19:54:59,0.130824
2024-09-18 19:55:00,0.122256
2024-09-18 19:55:01,0.15596
2024-09-18 19:55:02,0.149288
2024-09-18 19:55:03,0.139936
2024-09-18 19:55:04,0.129368
2024-09-18 19:55:05,0.177072
2024-09-18 19:55:06,0.121248
2024-09-18 19:55:07,0.143496
2024-09-18 19:55:08,0.140376
2024-09-18 19:55:09,0.14784
2024-09-18 19:55:10,0.133168
2024-09-18 19:55:11,0.133232
2024-09-18 19:55:12,0.155496
2024-09-18 19:55:13,0.172896
2024-09-18 19:55:14,0.12428
2024-09-18 19:55:15,0.13056
2024-09-18 19:55:16,0.115216
2024-09-18 19:55:17,0.105
2024-09-18 19:55:18,0.110216
2024-09-18 19:55:19,0.114472
2024-09-18 19:55:20,0.154008
2024-09-18 19:55:21,0.134128
2024-09-18 19:55:22,0.116992
2024-09-18 19:55:23,0.127656
2024-09-18 19:55:24,0.19392
2024-09-18 19:55:25,0.187
2024-09-18 19:55:26,0.173888
2024-09-18 19:55:27,0.195792
2024-09-18 19:55:28,0.171408
2024-09-18 19:55:29,0.177224
2024-09-18 19:55:30,0.193408
2024-09-18 19:55:31,0.169
2024-09-18 19:55:32,0.147912
2024-09-18 19:55:33,0.144968
2024-09-18 19:55:34,0.130296
2024-09-18 19:55:35,0.141864
2024-09-18 19:55:36,0.112208
2024-09-18 19:55:37,0.138264
2024-09-18 19:55:38,0.1516
2024-09-18 19:55:39,0.163872
2024-09-18 19:55:40,0.14512
2024-09-18 19:55:41,0.14644
2024-09-18 19:55:42,0.144328
2024-09-18 19:55:43,0.1516
2024-09-18 19:55:44,0.171104
2024-09-18 19:55:45,0.177976
2024-09-18 19:55:46,0.161544
2024-09-18 19:55:47,0.163448
2024-09-18 19:55:48,0.156328
2024-09-18 19:55:49,0.126912
2024-09-18 19:55:50,0.141344
2024-09-18 19:55:51,0.122128
2024-09-18 19:55:52,0.12104
2024-09-18 19:55:53,0.153576
2024-09-18 19:55:54,0.1586
2024-09-18 19:55:55,0.23624
2024-09-18 19:55:56,0.16792
2024-09-18 19:55:57,0.149624
2024-09-18 19:55:58,0.169504
2024-09-18 19:55:59,0.154704
2024-09-18 19:56:00,0.16644
2024-09-18 19:56:01,0.169232
2024-09-18 19:56:02,0.156648
2024-09-18 19:56:03,0.156048
2024-09-18 19:56:04,0.134048
2024-09-18 19:56:05,0.111584
2024-09-18 19:56:06,0.119944
2024-09-18 19:56:07,0.102672
2024-09-18 19:56:08,0.118512
2024-09-18 19:56:09,0.119464
2024-09-18 19:56:10,0.185792
2024-09-18 19:56:11,0.123728
2024-09-18 19:56:12,0.11276
2024-09-18 19:56:13,0.153784
2024-09-18 19:56:14,0.1468
2024-09-18 19:56:15,0.126096
2024-09-18 19:56:16,0.12252
2024-09-18 19:56:17,0.123424
2024-09-18 19:56:18,0.129696
2024-09-18 19:56:19,0.118576
2024-09-18 19:56:20,0.159888
2024-09-18 19:56:21,0.12864
2024-09-18 19:56:22,0.146624
2024-09-18 19:56:23,0.129928
2024-09-18 19:56:24,0.127192
2024-09-18 19:56:25,0.112192
2024-09-18 19:56:26,0.106928
2024-09-18 19:56:27,0.151408
2024-09-18 19:56:28,0.18908
2024-09-18 19:56:29,0.152024
2024-09-18 19:56:30,0.057512
2024-09-18 19:56:31,0.045848
2024-09-18 19:56:32,0.039648
2024-09-18 19:56:33,0.041264
2024-09-18 19:56:34,0.019296
2024-09-18 19:56:35,0.001728
2024-09-18 19:56:36,0.00188
2024-09-18 19:56:37,0.000488
2024-09-18 20:07:57,0.181104
2024-09-18 20:07:58,0.009912
2024-09-18 20:07:59,0.03424
2024-09-18 20:08:00,0.006888
2024-09-18 20:08:01,0.02504
2024-09-18 20:08:02,0.030344
2024-09-18 20:08:03,0.024368
2024-09-18 20:08:04,0.314152
2024-09-18 20:08:05,0.032616
2024-09-18 20:08:06,0.062016
2024-09-18 20:08:07,0.063128
2024-09-18 20:08:08,0.06452
2024-09-18 20:08:09,0.044048
2024-09-18 20:08:10,0.0654
2024-09-18 20:08:11,0.205504
2024-09-18 20:08:12,0.103672
2024-09-18 20:08:13,0.052792
2024-09-18 20:08:14,0.050736
2024-09-18 20:08:15,0.038568
2024-09-18 20:08:16,0.080432
2024-09-18 20:08:17,0.052808
2024-09-18 20:08:18,0.045768
2024-09-18 20:08:19,0.041856
2024-09-18 20:08:20,0.037096
2024-09-18 20:08:21,0.036968
2024-09-18 20:08:22,0.057024
2024-09-18 20:08:23,0.039912
2024-09-18 20:08:24,0.038616
2024-09-18 20:08:25,0.046112
2024-09-18 20:08:26,0.0452
2024-09-18 20:08:27,0.055888
2024-09-18 20:08:28,0.056352
2024-09-18 20:08:29,0.042488
2024-09-18 20:08:30,0.040024
2024-09-18 20:08:31,0.049488
2024-09-18 20:08:32,0.048976
2024-09-18 20:08:33,0.043488
2024-09-18 20:08:34,0.033472
2024-09-18 20:08:35,0.030064
2024-09-18 20:08:36,0.041352
2024-09-18 20:08:37,0.036696
2024-09-18 20:08:38,0.049672
2024-09-18 20:08:39,0.052152
2024-09-18 20:08:40,0.061816
2024-09-18 20:08:41,0.055936
2024-09-18 20:08:42,0.063856
2024-09-18 20:08:43,0.045728
2024-09-18 20:08:44,0.043104
2024-09-18 20:08:45,0.0426
2024-09-18 20:08:46,0.053768
2024-09-18 20:08:47,0.03744
2024-09-18 20:08:48,0.037848
2024-09-18 20:08:49,0.041472
2024-09-18 20:08:50,0.049656
2024-09-18 20:08:51,0.051064
2024-09-18 20:08:52,0.056728
2024-09-18 20:08:53,0.042496
2024-09-18 20:08:54,0.041456
2024-09-18 20:08:55,0.0478
2024-09-18 20:08:56,0.050224
2024-09-18 20:08:57,0.030112
2024-09-18 20:08:58,0.031056
2024-09-18 20:08:59,0.062184
2024-09-18 20:09:00,0.038896
2024-09-18 20:09:01,0.038192
2024-09-18 20:09:02,0.032
2024-09-18 20:09:03,0.054808
2024-09-18 20:09:04,0.05568
2024-09-18 20:09:05,0.036536
2024-09-18 20:09:06,0.026336
2024-09-18 20:09:07,0.024152
2024-09-18 20:09:08,0.046256
2024-09-18 20:09:09,0.049568
2024-09-18 20:09:10,0.050008
2024-09-18 20:09:11,0.053944
2024-09-18 20:09:12,0.04832
2024-09-18 20:09:13,0.039264
2024-09-18 20:09:14,0.05108
2024-09-18 20:09:15,0.028568
2024-09-18 20:09:16,0.03788
2024-09-18 20:09:17,0.048264
2024-09-18 20:09:18,0.0582
2024-09-18 20:09:19,0.04476
2024-09-18 20:09:20,0.056376
2024-09-18 20:09:21,0.035
2024-09-18 20:09:22,0.044968
2024-09-18 20:09:23,0.047128
2024-09-18 20:09:24,0.048216
2024-09-18 20:09:25,0.052776
2024-09-18 20:09:26,0.049112
2024-09-18 20:09:27,0.05852
2024-09-18 20:09:28,0.079216
2024-09-18 20:09:29,0.07976
2024-09-18 20:09:30,0.079056
2024-09-18 20:09:31,0.064216
2024-09-18 20:09:32,0.063136
2024-09-18 20:09:33,0.062936
2024-09-18 20:09:34,0.064016
2024-09-18 20:09:35,0.061
2024-09-18 20:09:36,0.053576
2024-09-18 20:09:37,0.055016
2024-09-18 20:09:38,0.062256
2024-09-18 20:09:39,0.05912
2024-09-18 20:09:40,0.090432
2024-09-18 20:09:41,0.08308
2024-09-18 20:09:42,0.118696
2024-09-18 20:09:43,0.09492
2024-09-18 20:09:44,0.098832
2024-09-18 20:09:45,0.093344
2024-09-18 20:09:46,0.091728
2024-09-18 20:09:47,0.105584
2024-09-18 20:09:48,0.123992
2024-09-18 20:09:49,0.125936
2024-09-18 20:09:50,0.12332
2024-09-18 20:09:51,0.116504
2024-09-18 20:09:52,0.115552
2024-09-18 20:09:53,0.111952
2024-09-18 20:09:54,0.108288
2024-09-18 20:09:55,0.10844
2024-09-18 20:09:56,0.104728
2024-09-18 20:09:57,0.112776
2024-09-18 20:09:58,0.093544
2024-09-18 20:09:59,0.119792
2024-09-18 20:10:00,0.111664
2024-09-18 20:10:01,0.105576
2024-09-18 20:10:02,0.152768
2024-09-18 20:10:03,0.130144
2024-09-18 20:10:04,0.12644
2024-09-18 20:10:05,0.116016
2024-09-18 20:10:06,0.119048
2024-09-18 20:10:07,0.109072
2024-09-18 20:10:08,0.1326
2024-09-18 20:10:09,0.144456
2024-09-18 20:10:10,0.122424
2024-09-18 20:10:11,0.160168
2024-09-18 20:10:12,0.197864
2024-09-18 20:10:13,0.171208
2024-09-18 20:10:14,0.141592
2024-09-18 20:10:15,0.13908
2024-09-18 20:10:16,0.171464
2024-09-18 20:10:17,0.163968
2024-09-18 20:10:18,0.15228
2024-09-18 20:10:19,0.172192
2024-09-18 20:10:20,0.15208
2024-09-18 20:10:21,0.179592
2024-09-18 20:10:22,0.15688
2024-09-18 20:10:23,0.147
2024-09-18 20:10:24,0.137952
2024-09-18 20:10:25,0.149024
2024-09-18 20:10:26,0.1432
2024-09-18 20:10:27,0.180424
2024-09-18 20:10:28,0.178568
2024-09-18 20:10:29,0.149392
2024-09-18 20:10:30,0.15356
2024-09-18 20:10:31,0.137888
2024-09-18 20:10:32,0.16008
2024-09-18 20:10:33,0.135904
2024-09-18 20:10:34,0.161112
2024-09-18 20:10:35,0.158192
2024-09-18 20:10:36,0.145376
2024-09-18 20:10:37,0.192088
2024-09-18 20:10:38,0.178776
2024-09-18 20:10:39,0.186928
2024-09-18 20:10:40,0.171024
2024-09-18 20:10:41,0.158288
2024-09-18 20:10:42,0.156872
2024-09-18 20:10:43,0.181008
2024-09-18 20:10:44,0.167872
2024-09-18 20:10:45,0.174144
2024-09-18 20:10:46,0.164992
2024-09-18 20:10:47,0.179144
2024-09-18 20:10:48,0.172576
2024-09-18 20:10:49,0.162496
2024-09-18 20:10:50,0.163352
2024-09-18 20:10:51,0.147224
2024-09-18 20:10:52,0.15064
2024-09-18 20:10:53,0.151744
2024-09-18 20:10:54,0.155096
2024-09-18 20:10:55,0.177776
2024-09-18 20:10:56,0.163544
2024-09-18 20:10:57,0.15292
2024-09-18 20:10:58,0.181144
2024-09-18 20:10:59,0.147568
2024-09-18 20:11:00,0.1888
2024-09-18 20:11:01,0.200488
2024-09-18 20:11:02,0.176336
2024-09-18 20:11:03,0.145112
2024-09-18 20:11:04,0.13768
2024-09-18 20:11:05,0.176632
2024-09-18 20:11:06,0.141064
2024-09-18 20:11:07,0.149632
2024-09-18 20:11:08,0.138432
2024-09-18 20:11:09,0.147696
2024-09-18 20:11:10,0.137144
2024-09-18 20:11:11,0.13128
2024-09-18 20:11:12,0.211648
2024-09-18 20:11:13,0.149424
2024-09-18 20:11:14,0.148912
2024-09-18 20:11:15,0.148664
2024-09-18 20:11:16,0.14344
2024-09-18 20:11:17,0.15588
2024-09-18 20:11:18,0.165312
2024-09-18 20:11:19,0.1496
2024-09-18 20:11:20,0.145448
2024-09-18 20:11:21,0.140888
2024-09-18 20:11:22,0.129688
2024-09-18 20:11:23,0.144552
2024-09-18 20:11:24,0.192912
2024-09-18 20:11:25,0.166376
2024-09-18 20:11:26,0.165064
2024-09-18 20:11:27,0.143312
2024-09-18 20:11:28,0.166736
2024-09-18 20:11:29,0.187352
2024-09-18 20:11:30,0.167216
2024-09-18 20:11:31,0.164456
2024-09-18 20:11:32,0.169744
2024-09-18 20:11:33,0.148256
2024-09-18 20:11:34,0.13252
2024-09-18 20:11:35,0.159248
2024-09-18 20:11:36,0.152808
2024-09-18 20:11:37,0.184184
2024-09-18 20:11:38,0.141736
2024-09-18 20:11:39,0.12648
2024-09-18 20:11:40,0.132576
2024-09-18 20:11:41,0.137968
2024-09-18 20:11:42,0.156176
2024-09-18 20:11:43,0.207232
2024-09-18 20:11:44,0.15812
2024-09-18 20:11:45,0.197768
2024-09-18 20:11:46,0.178496
2024-09-18 20:11:47,0.185736
2024-09-18 20:11:48,0.173832
2024-09-18 20:11:49,0.185696
2024-09-18 20:11:50,0.19012
2024-09-18 20:11:51,0.165512
2024-09-18 20:11:52,0.171928
2024-09-18 20:11:53,0.162736
2024-09-18 20:11:54,0.129376
2024-09-18 20:11:55,0.148632
2024-09-18 20:11:56,0.143984
2024-09-18 20:11:57,0.145208
2024-09-18 20:11:58,0.115472
2024-09-18 20:11:59,0.169888
2024-09-18 20:12:00,0.133408
2024-09-18 20:12:01,0.123448
2024-09-18 20:12:02,0.121576
2024-09-18 20:12:03,0.113528
2024-09-18 20:12:04,0.124392
2024-09-18 20:12:05,0.107592
2024-09-18 20:12:06,0.089424
2024-09-18 20:12:07,0.094416
2024-09-18 20:12:08,0.1084
2024-09-18 20:12:09,0.127264
2024-09-18 20:12:10,0.119784
2024-09-18 20:12:11,0.119568
2024-09-18 20:12:12,0.15944
2024-09-18 20:12:13,0.126624
2024-09-18 20:12:14,0.116576
2024-09-18 20:12:15,0.140312
2024-09-18 20:12:16,0.13236
2024-09-18 20:12:17,0.132888
2024-09-18 20:12:18,0.117768
2024-09-18 20:12:19,0.153568
2024-09-18 20:12:20,0.153544
2024-09-18 20:12:21,0.15024
2024-09-18 20:12:22,0.136288
2024-09-18 20:12:23,0.12968
2024-09-18 20:12:24,0.142776
2024-09-18 20:12:25,0.159496
2024-09-18 20:12:26,0.186744
2024-09-18 20:12:27,0.195376
2024-09-18 20:12:28,0.156568
2024-09-18 20:12:29,0.164176
2024-09-18 20:12:30,0.137024
2024-09-18 20:12:31,0.157984
2024-09-18 20:12:32,0.131072
2024-09-18 20:12:33,0.124984
2024-09-18 20:12:34,0.143568
2024-09-18 20:12:35,0.119232
2024-09-18 20:12:36,0.106328
2024-09-18 20:12:37,0.108392
2024-09-18 20:12:38,0.115744
2024-09-18 20:12:39,0.126552
2024-09-18 20:12:40,0.134
2024-09-18 20:12:41,0.131448
2024-09-18 20:12:42,0.120416
2024-09-18 20:12:43,0.115872
2024-09-18 20:12:44,0.126624
2024-09-18 20:12:45,0.114952
2024-09-18 20:12:46,0.122456
2024-09-18 20:12:47,0.143312
2024-09-18 20:12:48,0.116408
2024-09-18 20:12:49,0.147392
2024-09-18 20:12:50,0.155192
2024-09-18 20:12:51,0.154328
2024-09-18 20:12:52,0.131576
2024-09-18 20:12:53,0.147696
2024-09-18 20:12:54,0.129032
2024-09-18 20:12:55,0.12424
2024-09-18 20:12:56,0.154968
2024-09-18 20:12:57,0.126056
2024-09-18 20:12:58,0.131888
2024-09-18 20:12:59,0.15908
2024-09-18 20:13:00,0.132688
2024-09-18 20:13:01,0.1244
2024-09-18 20:13:02,0.138544
2024-09-18 20:13:03,0.127024
2024-09-18 20:13:04,0.096688
2024-09-18 20:13:05,0.11576
2024-09-18 20:13:06,0.095064
2024-09-18 20:13:07,0.096968
2024-09-18 20:13:08,0.11724
2024-09-18 20:13:09,0.115408
2024-09-18 20:13:10,0.12728
2024-09-18 20:13:11,0.128936
2024-09-18 20:13:12,0.198568
2024-09-18 20:13:13,0.180864
2024-09-18 20:13:14,0.16412
2024-09-18 20:13:15,0.137632
2024-09-18 20:13:16,0.156632
2024-09-18 20:13:17,0.185368
2024-09-18 20:13:18,0.185464
2024-09-18 20:13:19,0.176392
2024-09-18 20:13:20,0.202736
2024-09-18 20:13:21,0.224248
2024-09-18 20:13:22,0.17828
2024-09-18 20:13:23,0.144152
2024-09-18 20:13:24,0.145576
2024-09-18 20:13:25,0.15888
2024-09-18 20:13:26,0.132088
2024-09-18 20:13:27,0.136984
2024-09-18 20:13:28,0.137016
2024-09-18 20:13:29,0.128848
2024-09-18 20:13:30,0.143016
2024-09-18 20:13:31,0.14416
2024-09-18 20:13:32,0.159792
2024-09-18 20:13:33,0.18396
2024-09-18 20:13:34,0.184464
2024-09-18 20:13:35,0.214464
2024-09-18 20:13:36,0.177104
2024-09-18 20:13:37,0.148664
2024-09-18 20:13:38,0.13016
2024-09-18 20:13:39,0.152568
2024-09-18 20:13:40,0.143376
2024-09-18 20:13:41,0.128256
2024-09-18 20:13:42,0.150112
2024-09-18 20:13:43,0.15824
2024-09-18 20:13:44,0.1636
2024-09-18 20:13:45,0.146328
2024-09-18 20:13:46,0.170408
2024-09-18 20:13:47,0.175736
2024-09-18 20:13:48,0.152192
2024-09-18 20:13:49,0.159216
2024-09-18 20:13:50,0.138192
2024-09-18 20:13:51,0.173224
2024-09-18 20:13:52,0.163424
2024-09-18 20:13:53,0.153536
2024-09-18 20:13:54,0.156224
2024-09-18 20:13:55,0.1638
2024-09-18 20:13:56,0.135728
2024-09-18 20:13:57,0.140968
2024-09-18 20:13:58,0.128424
2024-09-18 20:13:59,0.122584
2024-09-18 20:14:00,0.129864
2024-09-18 20:14:01,0.130576
2024-09-18 20:14:02,0.119488
2024-09-18 20:14:03,0.14372
2024-09-18 20:14:04,0.12384
2024-09-18 20:14:05,0.134736
2024-09-18 20:14:06,0.127208
2024-09-18 20:14:07,0.137136
2024-09-18 20:14:08,0.13148
2024-09-18 20:14:09,0.14256
2024-09-18 20:14:10,0.137144
2024-09-18 20:14:11,0.144424
2024-09-18 20:14:12,0.180464
2024-09-18 20:14:13,0.147584
2024-09-18 20:14:14,0.150104
2024-09-18 20:14:15,0.150768
2024-09-18 20:14:16,0.152128
2024-09-18 20:14:17,0.14264
2024-09-18 20:14:18,0.146568
2024-09-18 20:14:19,0.135624
2024-09-18 20:14:20,0.137096
2024-09-18 20:14:21,0.129632
2024-09-18 20:14:22,0.1328
2024-09-18 20:14:23,0.174768
2024-09-18 20:14:24,0.161464
2024-09-18 20:14:25,0.131776
2024-09-18 20:14:26,0.118272
2024-09-18 20:14:27,0.143384
2024-09-18 20:14:28,0.131664
2024-09-18 20:14:29,0.160768
2024-09-18 20:14:30,0.151304
2024-09-18 20:14:31,0.129568
2024-09-18 20:14:32,0.134048
2024-09-18 20:14:33,0.142832
2024-09-18 20:14:34,0.127488
2024-09-18 20:14:35,0.133088
2024-09-18 20:14:36,0.161696
2024-09-18 20:14:37,0.137024
2024-09-18 20:14:38,0.17796
2024-09-18 20:14:39,0.179248
2024-09-18 20:14:40,0.158856
2024-09-18 20:14:41,0.170136
2024-09-18 20:14:42,0.128504
2024-09-18 20:14:43,0.150984
2024-09-18 20:14:44,0.152768
2024-09-18 20:14:45,0.157896
2024-09-18 20:14:46,0.159184
2024-09-18 20:14:47,0.15872
2024-09-18 20:14:48,0.171792
2024-09-18 20:14:49,0.168648
2024-09-18 20:14:50,0.158504
2024-09-18 20:14:51,0.165632
2024-09-18 20:14:52,0.153936
2024-09-18 20:14:53,0.147944
2024-09-18 20:14:54,0.17016
2024-09-18 20:14:55,0.206328
2024-09-18 20:14:56,0.173696
2024-09-18 20:14:57,0.160168
2024-09-18 20:14:58,0.148872
2024-09-18 20:14:59,0.13828
2024-09-18 20:15:00,0.146328
2024-09-18 20:15:01,0.15184
2024-09-18 20:15:02,0.127216
2024-09-18 20:15:03,0.13856
2024-09-18 20:15:04,0.143352
2024-09-18 20:15:05,0.134952
2024-09-18 20:15:06,0.149288
2024-09-18 20:15:07,0.168408
2024-09-18 20:15:08,0.159672
2024-09-18 20:15:09,0.158224
2024-09-18 20:15:10,0.139832
2024-09-18 20:15:11,0.13744
2024-09-18 20:15:12,0.164072
2024-09-18 20:15:13,0.157392
2024-09-18 20:15:14,0.168056
2024-09-18 20:15:15,0.160712
2024-09-18 20:15:16,0.176192
2024-09-18 20:15:17,0.156376
2024-09-18 20:15:18,0.189992
2024-09-18 20:15:19,0.170736
2024-09-18 20:15:20,0.158504
2024-09-18 20:15:21,0.151512
2024-09-18 20:15:22,0.137232
2024-09-18 20:15:23,0.19332
2024-09-18 20:15:24,0.154704
2024-09-18 20:15:25,0.164176
2024-09-18 20:15:26,0.177288
2024-09-18 20:15:27,0.191744
2024-09-18 20:15:28,0.143816
2024-09-18 20:15:29,0.1326
2024-09-18 20:15:30,0.157576
2024-09-18 20:15:31,0.160272
2024-09-18 20:15:32,0.134
2024-09-18 20:15:33,0.142064
2024-09-18 20:15:34,0.147928
2024-09-18 20:15:35,0.14912
2024-09-18 20:15:36,0.170984
2024-09-18 20:15:37,0.163304
2024-09-18 20:15:38,0.163064
2024-09-18 20:15:39,0.165616
2024-09-18 20:15:40,0.150328
2024-09-18 20:15:41,0.151304
2024-09-18 20:15:42,0.156392
2024-09-18 20:15:43,0.132536
2024-09-18 20:15:44,0.157656
2024-09-18 20:15:45,0.140224
2024-09-18 20:15:46,0.142768
2024-09-18 20:15:47,0.16444
2024-09-18 20:15:48,0.164832
2024-09-18 20:15:49,0.149024
2024-09-18 20:15:50,0.141224
2024-09-18 20:15:51,0.160536
2024-09-18 20:15:52,0.133568
2024-09-18 20:15:53,0.124504
2024-09-18 20:15:54,0.128
2024-09-18 20:15:55,0.13316
2024-09-18 20:15:56,0.148432
2024-09-18 20:15:57,0.123464
2024-09-18 20:15:58,0.112432
2024-09-18 20:15:59,0.115808
2024-09-18 20:16:00,0.110912
2024-09-18 20:16:01,0.136416
2024-09-18 20:16:02,0.125944
2024-09-18 20:16:03,0.121976
2024-09-18 20:16:04,0.123272
2024-09-18 20:16:05,0.114784
2024-09-18 20:16:06,0.124536
2024-09-18 20:16:07,0.120904
2024-09-18 20:16:08,0.123488
2024-09-18 20:16:09,0.120688
2024-09-18 20:16:10,0.109192
2024-09-18 20:16:11,0.116256
2024-09-18 20:16:12,0.151112
2024-09-18 20:16:13,0.132408
2024-09-18 20:16:14,0.14036
2024-09-18 20:16:15,0.147288
2024-09-18 20:16:16,0.153272
2024-09-18 20:16:17,0.167608
2024-09-18 20:16:18,0.15636
2024-09-18 20:16:19,0.160536
2024-09-18 20:16:20,0.130816
2024-09-18 20:16:21,0.146544
2024-09-18 20:16:22,0.13144
2024-09-18 20:16:23,0.132432
2024-09-18 20:16:24,0.12644
2024-09-18 20:16:25,0.18496
2024-09-18 20:16:26,0.172208
2024-09-18 20:16:27,0.139192
2024-09-18 20:16:28,0.140776
2024-09-18 20:16:29,0.130416
2024-09-18 20:16:30,0.11888
2024-09-18 20:16:31,0.123984
2024-09-18 20:16:32,0.105592
2024-09-18 20:16:33,0.11412
2024-09-18 20:16:34,0.131448
2024-09-18 20:16:35,0.117984
2024-09-18 20:16:36,0.121184
2024-09-18 20:16:37,0.118688
2024-09-18 20:16:38,0.109848
2024-09-18 20:16:39,0.141504
2024-09-18 20:16:40,0.175888
2024-09-18 20:16:41,0.17232
2024-09-18 20:16:42,0.16616
2024-09-18 20:16:43,0.19704
2024-09-18 20:16:44,0.192464
2024-09-18 20:16:45,0.166208
2024-09-18 20:16:46,0.156536
2024-09-18 20:16:47,0.234032
2024-09-18 20:16:48,0.181552
2024-09-18 20:16:49,0.183304
2024-09-18 20:16:50,0.1786
2024-09-18 20:16:51,0.174368
2024-09-18 20:16:52,0.147568
2024-09-18 20:16:53,0.159112
2024-09-18 20:16:54,0.132536
2024-09-18 20:16:55,0.159592
2024-09-18 20:16:56,0.134448
2024-09-18 20:16:57,0.174664
2024-09-18 20:16:58,0.15744
2024-09-18 20:16:59,0.19608
2024-09-18 20:17:00,0.165392
2024-09-18 20:17:01,0.164344
2024-09-18 20:17:02,0.170688
2024-09-18 20:17:03,0.201344
2024-09-18 20:17:04,0.210976
2024-09-18 20:17:05,0.22648
2024-09-18 20:17:06,0.195752
2024-09-18 20:17:07,0.190064
2024-09-18 20:17:08,0.157504
2024-09-18 20:17:09,0.15572
2024-09-18 20:17:10,0.18564
2024-09-18 20:17:11,0.122832
2024-09-18 20:17:12,0.18616
2024-09-18 20:17:13,0.13192
2024-09-18 20:17:14,0.149392
2024-09-18 20:17:15,0.16716
2024-09-18 20:17:16,0.162224
2024-09-18 20:17:17,0.129768
2024-09-18 20:17:18,0.151024
2024-09-18 20:17:19,0.116064
2024-09-18 20:17:20,0.114216
2024-09-18 20:17:21,0.124272
2024-09-18 20:17:22,0.106648
2024-09-18 20:17:23,0.09356
2024-09-18 20:17:24,0.121568
2024-09-18 20:17:25,0.095368
2024-09-18 20:17:26,0.097624
2024-09-18 20:17:27,0.096624
2024-09-18 20:17:28,0.09772
2024-09-18 20:17:29,0.097496
2024-09-18 20:17:30,0.084856
2024-09-18 20:17:31,0.107176
2024-09-18 20:17:32,0.115296
2024-09-18 20:17:33,0.118568
2024-09-18 20:17:34,0.108568
2024-09-18 20:17:35,0.13244
2024-09-18 20:17:36,0.129736
2024-09-18 20:17:37,0.127528
2024-09-18 20:17:38,0.141704
2024-09-18 20:17:39,0.15496
2024-09-18 20:17:40,0.15188
2024-09-18 20:17:41,0.149936
2024-09-18 20:17:42,0.15216
2024-09-18 20:17:43,0.177168
2024-09-18 20:17:44,0.15288
2024-09-18 20:17:45,0.202008
2024-09-18 20:17:46,0.188648
2024-09-18 20:17:47,0.157544
2024-09-18 20:17:48,0.189104
2024-09-18 20:17:49,0.171472
2024-09-18 20:17:50,0.167408
2024-09-18 20:17:51,0.130472
2024-09-18 20:17:52,0.163792
2024-09-18 20:17:53,0.183816
2024-09-18 20:17:54,0.178376
2024-09-18 20:17:55,0.15748
2024-09-18 20:17:56,0.15448
2024-09-18 20:17:57,0.143592
2024-09-18 20:17:58,0.1798
2024-09-18 20:17:59,0.113
2024-09-18 20:18:00,0.115664
2024-09-18 20:18:01,0.105056
2024-09-18 20:18:02,0.101688
2024-09-18 20:18:03,0.099352
2024-09-18 20:18:04,0.106224
2024-09-18 20:18:05,0.098992
2024-09-18 20:18:06,0.108376
2024-09-18 20:18:07,0.101392
2024-09-18 20:18:08,0.120008
2024-09-18 20:18:09,0.113712
2024-09-18 20:18:10,0.104568
2024-09-18 20:18:11,0.156816
2024-09-18 20:18:12,0.171144
2024-09-18 20:18:13,0.150648
2024-09-18 20:18:14,0.142
2024-09-18 20:18:15,0.14256
2024-09-18 20:18:16,0.144904
2024-09-18 20:18:17,0.206008
2024-09-18 20:18:18,0.155584
2024-09-18 20:18:19,0.174472
2024-09-18 20:18:20,0.159096
2024-09-18 20:18:21,0.17648
2024-09-18 20:18:22,0.148496
2024-09-18 20:18:23,0.155472
2024-09-18 20:18:24,0.19032
2024-09-18 20:18:25,0.157488
2024-09-18 20:18:26,0.130312
2024-09-18 20:18:27,0.136936
2024-09-18 20:18:28,0.136032
2024-09-18 20:18:29,0.107856
2024-09-18 20:18:30,0.112256
2024-09-18 20:18:31,0.110384
2024-09-18 20:18:32,0.110968
2024-09-18 20:18:33,0.099552
2024-09-18 20:18:34,0.10212
2024-09-18 20:18:35,0.147296
2024-09-18 20:18:36,0.125584
2024-09-18 20:18:37,0.14344
2024-09-18 20:18:38,0.132792
2024-09-18 20:18:39,0.121064
2024-09-18 20:18:40,0.14568
2024-09-18 20:18:41,0.16516
2024-09-18 20:18:42,0.227104
2024-09-18 20:18:43,0.1946
2024-09-18 20:18:44,0.211888
2024-09-18 20:18:45,0.164176
2024-09-18 20:18:46,0.16108
2024-09-18 20:18:47,0.154936
2024-09-18 20:18:48,0.15792
2024-09-18 20:18:49,0.156024
2024-09-18 20:18:50,0.163976
2024-09-18 20:18:51,0.1572
2024-09-18 20:18:52,0.124448
2024-09-18 20:18:53,0.128056
2024-09-18 20:18:54,0.113304
2024-09-18 20:18:55,0.145648
2024-09-18 20:18:56,0.159872
2024-09-18 20:18:57,0.115336
2024-09-18 20:18:58,0.150744
2024-09-18 20:18:59,0.144104
2024-09-18 20:19:00,0.127792
2024-09-18 20:19:01,0.122312
2024-09-18 20:19:02,0.13368
2024-09-18 20:19:03,0.141776
2024-09-18 20:19:04,0.11356
2024-09-18 20:19:05,0.108008
2024-09-18 20:19:06,0.102472
2024-09-18 20:19:07,0.125088
2024-09-18 20:19:08,0.106608
2024-09-18 20:19:09,0.120352
2024-09-18 20:19:10,0.108064
2024-09-18 20:19:11,0.118744
2024-09-18 20:19:12,0.154464
2024-09-18 20:19:13,0.1646
2024-09-18 20:19:14,0.173368
2024-09-18 20:19:15,0.143592
2024-09-18 20:19:16,0.166376
2024-09-18 20:19:17,0.163232
2024-09-18 20:19:18,0.1524
2024-09-18 20:19:19,0.216056
2024-09-18 20:19:20,0.191048
2024-09-18 20:19:21,0.193776
2024-09-18 20:19:22,0.146016
2024-09-18 20:19:23,0.150256
2024-09-18 20:19:24,0.13816
2024-09-18 20:19:25,0.15964
2024-09-18 20:19:26,0.157888
2024-09-18 20:19:27,0.182792
2024-09-18 20:19:28,0.145784
2024-09-18 20:19:29,0.128304
2024-09-18 20:19:30,0.125144
2024-09-18 20:19:31,0.151888
2024-09-18 20:19:32,0.126984
2024-09-18 20:19:33,0.136416
2024-09-18 20:19:34,0.109072
2024-09-18 20:19:35,0.124608
2024-09-18 20:19:36,0.145296
2024-09-18 20:19:37,0.167744
2024-09-18 20:19:38,0.136944
2024-09-18 20:19:39,0.130576
2024-09-18 20:19:40,0.189608
2024-09-18 20:19:41,0.18012
2024-09-18 20:19:42,0.176456
2024-09-18 20:19:43,0.220664
2024-09-18 20:19:44,0.23624
2024-09-18 20:19:45,0.20024
2024-09-18 20:19:46,0.244432
2024-09-18 20:19:47,0.252416
2024-09-18 20:19:48,0.262904
2024-09-18 20:19:49,0.190312
2024-09-18 20:19:50,0.20476
2024-09-18 20:19:51,0.17756
2024-09-18 20:19:52,0.161232
2024-09-18 20:19:53,0.144552
2024-09-18 20:19:54,0.159496
2024-09-18 20:19:55,0.154608
2024-09-18 20:19:56,0.171992
2024-09-18 20:19:57,0.188816
2024-09-18 20:19:58,0.149864
2024-09-18 20:19:59,0.16156
2024-09-18 20:20:00,0.143944
2024-09-18 20:20:01,0.147104
2024-09-18 20:20:02,0.150088
2024-09-18 20:20:03,0.140184
2024-09-18 20:20:04,0.128824
2024-09-18 20:20:05,0.146832
2024-09-18 20:20:06,0.130616
2024-09-18 20:20:07,0.108472
2024-09-18 20:20:08,0.123552
2024-09-18 20:20:09,0.12832
2024-09-18 20:20:10,0.150848
2024-09-18 20:20:11,0.177336
2024-09-18 20:20:12,0.16504
2024-09-18 20:20:13,0.203088
2024-09-18 20:20:14,0.139424
2024-09-18 20:20:15,0.147592
2024-09-18 20:20:16,0.140856
2024-09-18 20:20:17,0.15328
2024-09-18 20:20:18,0.140808
2024-09-18 20:20:19,0.189072
2024-09-18 20:20:20,0.18444
2024-09-18 20:20:21,0.17552
2024-09-18 20:20:22,0.156344
2024-09-18 20:20:23,0.151344
2024-09-18 20:20:24,0.144
2024-09-18 20:20:25,0.17472
2024-09-18 20:20:26,0.162032
2024-09-18 20:20:27,0.149984
2024-09-18 20:20:28,0.119968
2024-09-18 20:20:29,0.115
2024-09-18 20:20:30,0.114976
2024-09-18 20:20:31,0.109904
2024-09-18 20:20:32,0.097792
2024-09-18 20:20:33,0.09564
2024-09-18 20:20:34,0.089104
2024-09-18 20:20:35,0.08228
2024-09-18 20:20:36,0.093952
2024-09-18 20:20:37,0.11452
2024-09-18 20:20:38,0.109224
2024-09-18 20:20:39,0.098456
2024-09-18 20:20:40,0.081216
2024-09-18 20:20:41,0.097624
2024-09-18 20:20:42,0.106616
2024-09-18 20:20:43,0.146528
2024-09-18 20:20:44,0.183952
2024-09-18 20:20:45,0.124376
2024-09-18 20:20:46,0.148808
2024-09-18 20:20:47,0.135984
2024-09-18 20:20:48,0.132352
2024-09-18 20:20:49,0.12044
2024-09-18 20:20:50,0.116264
2024-09-18 20:20:51,0.103056
2024-09-18 20:20:52,0.139608
2024-09-18 20:20:53,0.14884
2024-09-18 20:20:54,0.113288
2024-09-18 20:20:55,0.130552
2024-09-18 20:20:56,0.143512
2024-09-18 20:20:57,0.109776
2024-09-18 20:20:58,0.113352
2024-09-18 20:20:59,0.105048
2024-09-18 20:21:00,0.108496
2024-09-18 20:21:01,0.088184
2024-09-18 20:21:02,0.090272
2024-09-18 20:21:03,0.096024
2024-09-18 20:21:04,0.1318
2024-09-18 20:21:05,0.147944
2024-09-18 20:21:06,0.133832
2024-09-18 20:21:07,0.113448
2024-09-18 20:21:08,0.116088
2024-09-18 20:21:09,0.167968
2024-09-18 20:21:10,0.11292
2024-09-18 20:21:11,0.161512
2024-09-18 20:21:12,0.20224
2024-09-18 20:21:13,0.153424
2024-09-18 20:21:14,0.145656
2024-09-18 20:21:15,0.15764
2024-09-18 20:21:16,0.169456
2024-09-18 20:21:17,0.147864
2024-09-18 20:21:18,0.20864
2024-09-18 20:21:19,0.158288
2024-09-18 20:21:20,0.142768
2024-09-18 20:21:21,0.135944
2024-09-18 20:21:22,0.191384
2024-09-18 20:21:23,0.159792
2024-09-18 20:21:24,0.144048
2024-09-18 20:21:25,0.164392
2024-09-18 20:21:26,0.154616
2024-09-18 20:21:27,0.154152
2024-09-18 20:21:28,0.130936
2024-09-18 20:21:29,0.14916
2024-09-18 20:21:30,0.15444
2024-09-18 20:21:31,0.179944
2024-09-18 20:21:32,0.196312
2024-09-18 20:21:33,0.14004
2024-09-18 20:21:34,0.13428
2024-09-18 20:21:35,0.187064
2024-09-18 20:21:36,0.158416
2024-09-18 20:21:37,0.1602
2024-09-18 20:21:38,0.150656
2024-09-18 20:21:39,0.173256
2024-09-18 20:21:40,0.1566
2024-09-18 20:21:41,0.17956
2024-09-18 20:21:42,0.189408
2024-09-18 20:21:43,0.175016
2024-09-18 20:21:44,0.177624
2024-09-18 20:21:45,0.229696
2024-09-18 20:21:46,0.192456
2024-09-18 20:21:47,0.196008
2024-09-18 20:21:48,0.169064
2024-09-18 20:21:49,0.18576
2024-09-18 20:21:50,0.182776
2024-09-18 20:21:51,0.159672
2024-09-18 20:21:52,0.166576
2024-09-18 20:21:53,0.136848
2024-09-18 20:21:54,0.124848
2024-09-18 20:21:55,0.148024
2024-09-18 20:21:56,0.149304
2024-09-18 20:21:57,0.127872
2024-09-18 20:21:58,0.111232
2024-09-18 20:21:59,0.11684
2024-09-18 20:22:00,0.112992
2024-09-18 20:22:01,0.138872
2024-09-18 20:22:02,0.127488
2024-09-18 20:22:03,0.149544
2024-09-18 20:22:04,0.152968
2024-09-18 20:22:05,0.173896
2024-09-18 20:22:06,0.157552
2024-09-18 20:22:07,0.1758
2024-09-18 20:22:08,0.210776
2024-09-18 20:22:09,0.1666
2024-09-18 20:22:10,0.186184
2024-09-18 20:22:11,0.238832
2024-09-18 20:22:12,0.249736
2024-09-18 20:22:13,0.135328
2024-09-18 20:22:14,0.151584
2024-09-18 20:22:15,0.167984
2024-09-18 20:22:16,0.161144
2024-09-18 20:22:17,0.126872
2024-09-18 20:22:18,0.199096
2024-09-18 20:22:19,0.161712
2024-09-18 20:22:20,0.169928
2024-09-18 20:22:21,0.160224
2024-09-18 20:22:22,0.13916
2024-09-18 20:22:23,0.171256
2024-09-18 20:22:24,0.161944
2024-09-18 20:22:25,0.160672
2024-09-18 20:22:26,0.160536
2024-09-18 20:22:27,0.186064
2024-09-18 20:22:28,0.192584
2024-09-18 20:22:29,0.167312
2024-09-18 20:22:30,0.142768
2024-09-18 20:22:31,0.178064
2024-09-18 20:22:32,0.129432
2024-09-18 20:22:33,0.127592
2024-09-18 20:22:34,0.135136
2024-09-18 20:22:35,0.160192
2024-09-18 20:22:36,0.129192
2024-09-18 20:22:37,0.134888
2024-09-18 20:22:38,0.130472
2024-09-18 20:22:39,0.170024
2024-09-18 20:22:40,0.118136
2024-09-18 20:22:41,0.113488
2024-09-18 20:22:42,0.108048
2024-09-18 20:22:43,0.130728
2024-09-18 20:22:44,0.156152
2024-09-18 20:22:45,0.180984
2024-09-18 20:22:46,0.147344
2024-09-18 20:22:47,0.140704
2024-09-18 20:22:48,0.173072
2024-09-18 20:22:49,0.163064
2024-09-18 20:22:50,0.154136
2024-09-18 20:22:51,0.155984
2024-09-18 20:22:52,0.137744
2024-09-18 20:22:53,0.15036
2024-09-18 20:22:54,0.155624
2024-09-18 20:22:55,0.132064
2024-09-18 20:22:56,0.129536
2024-09-18 20:22:57,0.11772
2024-09-18 20:22:58,0.11672
2024-09-18 20:22:59,0.121888
2024-09-18 20:23:00,0.115648
2024-09-18 20:23:01,0.1196
2024-09-18 20:23:02,0.10536
2024-09-18 20:23:03,0.13256
2024-09-18 20:23:04,0.120328
2024-09-18 20:23:05,0.142904
2024-09-18 20:23:06,0.128872
2024-09-18 20:23:07,0.127768
2024-09-18 20:23:08,0.112832
2024-09-18 20:23:09,0.132328
2024-09-18 20:23:10,0.129256
2024-09-18 20:23:11,0.12988
2024-09-18 20:23:12,0.18032
2024-09-18 20:23:13,0.14196
2024-09-18 20:23:14,0.132832
2024-09-18 20:23:15,0.15436
2024-09-18 20:23:16,0.136896
2024-09-18 20:23:17,0.155632
2024-09-18 20:23:18,0.1328
2024-09-18 20:23:19,0.131776
2024-09-18 20:23:20,0.120792
2024-09-18 20:23:21,0.123992
2024-09-18 20:23:22,0.116112
2024-09-18 20:23:23,0.118752
2024-09-18 20:23:24,0.11752
2024-09-18 20:23:25,0.121896
2024-09-18 20:23:26,0.114216
2024-09-18 20:23:27,0.134752
2024-09-18 20:23:28,0.120008
2024-09-18 20:23:29,0.149336
2024-09-18 20:23:30,0.161168
2024-09-18 20:23:31,0.141
2024-09-18 20:23:32,0.141816
2024-09-18 20:23:33,0.11332
2024-09-18 20:23:34,0.140656
2024-09-18 20:23:35,0.123856
2024-09-18 20:23:36,0.123496
2024-09-18 20:23:37,0.135032
2024-09-18 20:23:38,0.137288
2024-09-18 20:23:39,0.123544
2024-09-18 20:23:40,0.118224
2024-09-18 20:23:41,0.122464
2024-09-18 20:23:42,0.141104
2024-09-18 20:23:43,0.153384
2024-09-18 20:23:44,0.12896
2024-09-18 20:23:45,0.163008
2024-09-18 20:23:46,0.173584
2024-09-18 20:23:47,0.223
2024-09-18 20:23:48,0.199096
2024-09-18 20:23:49,0.196192
2024-09-18 20:23:50,0.159904
2024-09-18 20:23:51,0.210704
2024-09-18 20:23:52,0.1516
2024-09-18 20:23:53,0.160768
2024-09-18 20:23:54,0.180752
2024-09-18 20:23:55,0.133512
2024-09-18 20:23:56,0.147016
2024-09-18 20:23:57,0.16664
2024-09-18 20:23:58,0.18304
2024-09-18 20:23:59,0.173816
2024-09-18 20:24:00,0.179816
2024-09-18 20:24:01,0.1694
2024-09-18 20:24:02,0.163944
2024-09-18 20:24:03,0.193408
2024-09-18 20:24:04,0.164448
2024-09-18 20:24:05,0.160064
2024-09-18 20:24:06,0.191064
2024-09-18 20:24:07,0.146
2024-09-18 20:24:08,0.173016
2024-09-18 20:24:09,0.154944
2024-09-18 20:24:10,0.17728
2024-09-18 20:24:11,0.1802
2024-09-18 20:24:12,0.206648
2024-09-18 20:24:13,0.149248
2024-09-18 20:24:14,0.165496
2024-09-18 20:24:15,0.146088
2024-09-18 20:24:16,0.138592
2024-09-18 20:24:17,0.179056
2024-09-18 20:24:18,0.167184
2024-09-18 20:24:19,0.148432
2024-09-18 20:24:20,0.12988
2024-09-18 20:24:21,0.152808
2024-09-18 20:24:22,0.208848
2024-09-18 20:24:23,0.132672
2024-09-18 20:24:24,0.148512
2024-09-18 20:24:25,0.154168
2024-09-18 20:24:26,0.17984
2024-09-18 20:24:27,0.167368
2024-09-18 20:24:28,0.158392
2024-09-18 20:24:29,0.200128
2024-09-18 20:24:30,0.1538
2024-09-18 20:24:31,0.16712
2024-09-18 20:24:32,0.17152
2024-09-18 20:24:33,0.180064
2024-09-18 20:24:34,0.143184
2024-09-18 20:24:35,0.158608
2024-09-18 20:24:36,0.20752
2024-09-18 20:24:37,0.203464
2024-09-18 20:24:38,0.174832
2024-09-18 20:24:39,0.187952
2024-09-18 20:24:40,0.193608
2024-09-18 20:24:41,0.190376
2024-09-18 20:24:42,0.169272
2024-09-18 20:24:43,0.19196
2024-09-18 20:24:44,0.176144
2024-09-18 20:24:45,0.182856
2024-09-18 20:24:46,0.172304
2024-09-18 20:24:47,0.158792
2024-09-18 20:24:48,0.170768
2024-09-18 20:24:49,0.171408
2024-09-18 20:24:50,0.170648
2024-09-18 20:24:51,0.157384
2024-09-18 20:24:52,0.156912
2024-09-18 20:24:53,0.147712
2024-09-18 20:24:54,0.124616
2024-09-18 20:24:55,0.11556
2024-09-18 20:24:56,0.136856
2024-09-18 20:24:57,0.180896
2024-09-18 20:24:58,0.162816
2024-09-18 20:24:59,0.169368
2024-09-18 20:25:00,0.152528
2024-09-18 20:25:01,0.190472
2024-09-18 20:25:02,0.2182
2024-09-18 20:25:03,0.215456
2024-09-18 20:25:04,0.272032
2024-09-18 20:25:05,0.23096
2024-09-18 20:25:06,0.215544
2024-09-18 20:25:07,0.213256
2024-09-18 20:25:08,0.135112
2024-09-18 20:25:09,0.13748
2024-09-18 20:25:10,0.160368
2024-09-18 20:25:11,0.114032
2024-09-18 20:25:12,0.20564
2024-09-18 20:25:13,0.135536
2024-09-18 20:25:14,0.143032
2024-09-18 20:25:15,0.137712
2024-09-18 20:25:16,0.12696
2024-09-18 20:25:17,0.17448
2024-09-18 20:25:18,0.249344
2024-09-18 20:25:19,0.222864
2024-09-18 20:25:20,0.203408
2024-09-18 20:25:21,0.219992
2024-09-18 20:25:22,0.21772
2024-09-18 20:25:23,0.178344
2024-09-18 20:25:24,0.199752
2024-09-18 20:25:25,0.13304
2024-09-18 20:25:26,0.16608
2024-09-18 20:25:27,0.232696
2024-09-18 20:25:28,0.183776
2024-09-18 20:25:29,0.17108
2024-09-18 20:25:30,0.17072
2024-09-18 20:25:31,0.193344
2024-09-18 20:25:32,0.17524
2024-09-18 20:25:33,0.145112
2024-09-18 20:25:34,0.18376
2024-09-18 20:25:35,0.204856
2024-09-18 20:25:36,0.187048
2024-09-18 20:25:37,0.145896
2024-09-18 20:25:38,0.143336
2024-09-18 20:25:39,0.15896
2024-09-18 20:25:40,0.150272
2024-09-18 20:25:41,0.144064
2024-09-18 20:25:42,0.126824
2024-09-18 20:25:43,0.130976
2024-09-18 20:25:44,0.154992
2024-09-18 20:25:45,0.172488
2024-09-18 20:25:46,0.175824
2024-09-18 20:25:47,0.13452
2024-09-18 20:25:48,0.15512
2024-09-18 20:25:49,0.139312
2024-09-18 20:25:50,0.135624
2024-09-18 20:25:51,0.11572
2024-09-18 20:25:52,0.142304
2024-09-18 20:25:53,0.124104
2024-09-18 20:25:54,0.121912
2024-09-18 20:25:55,0.109504
2024-09-18 20:25:56,0.097688
2024-09-18 20:25:57,0.104552
2024-09-18 20:25:58,0.125024
2024-09-18 20:25:59,0.142912
2024-09-18 20:26:00,0.170272
2024-09-18 20:26:01,0.210696
2024-09-18 20:26:02,0.192416
2024-09-18 20:26:03,0.179848
2024-09-18 20:26:04,0.213832
2024-09-18 20:26:05,0.212656
2024-09-18 20:26:06,0.18528
2024-09-18 20:26:07,0.231112
2024-09-18 20:26:08,0.206352
2024-09-18 20:26:09,0.160944
2024-09-18 20:26:10,0.159856
2024-09-18 20:26:11,0.134536
2024-09-18 20:26:12,0.191584
2024-09-18 20:26:13,0.166928
2024-09-18 20:26:14,0.158696
2024-09-18 20:26:15,0.180352
2024-09-18 20:26:16,0.134248
2024-09-18 20:26:17,0.132464
2024-09-18 20:26:18,0.124224
2024-09-18 20:26:19,0.123872
2024-09-18 20:26:20,0.137696
2024-09-18 20:26:21,0.1208
2024-09-18 20:26:22,0.121288
2024-09-18 20:26:23,0.115616
2024-09-18 20:26:24,0.117616
2024-09-18 20:26:25,0.101808
2024-09-18 20:26:26,0.080448
2024-09-18 20:26:27,0.095304
2024-09-18 20:26:28,0.092984
2024-09-18 20:26:29,0.090376
2024-09-18 20:26:30,0.108016
2024-09-18 20:26:31,0.13332
2024-09-18 20:26:32,0.11536
2024-09-18 20:26:33,0.111032
2024-09-18 20:26:34,0.10996
2024-09-18 20:26:35,0.118616
2024-09-18 20:26:36,0.10616
2024-09-18 20:26:37,0.096584
2024-09-18 20:26:38,0.115024
2024-09-18 20:26:39,0.094448
2024-09-18 20:26:40,0.105552
2024-09-18 20:26:41,0.097552
2024-09-18 20:26:42,0.147608
2024-09-18 20:26:43,0.122688
2024-09-18 20:26:44,0.1338
2024-09-18 20:26:45,0.126704
2024-09-18 20:26:46,0.13164
2024-09-18 20:26:47,0.167016
2024-09-18 20:26:48,0.162528
2024-09-18 20:26:49,0.241192
2024-09-18 20:26:50,0.203088
2024-09-18 20:26:51,0.21036
2024-09-18 20:26:52,0.158328
2024-09-18 20:26:53,0.176104
2024-09-18 20:26:54,0.21916
2024-09-18 20:26:55,0.219272
2024-09-18 20:26:56,0.225824
2024-09-18 20:26:57,0.164408
2024-09-18 20:26:58,0.158704
2024-09-18 20:26:59,0.201592
2024-09-18 20:27:00,0.178136
2024-09-18 20:27:01,0.225032
2024-09-18 20:27:02,0.236152
2024-09-18 20:27:03,0.217944
2024-09-18 20:27:04,0.203888
2024-09-18 20:27:05,0.204968
2024-09-18 20:27:06,0.181504
2024-09-18 20:27:07,0.143512
2024-09-18 20:27:08,0.198536
2024-09-18 20:27:09,0.170704
2024-09-18 20:27:10,0.170784
2024-09-18 20:27:11,0.191656
2024-09-18 20:27:12,0.276088
2024-09-18 20:27:13,0.196824
2024-09-18 20:27:14,0.15568
2024-09-18 20:27:15,0.144288
2024-09-18 20:27:16,0.135952
2024-09-18 20:27:17,0.154264
2024-09-18 20:27:18,0.157816
2024-09-18 20:27:19,0.168048
2024-09-18 20:27:20,0.168688
2024-09-18 20:27:21,0.153824
2024-09-18 20:27:22,0.154136
2024-09-18 20:27:23,0.132056
2024-09-18 20:27:24,0.1352
2024-09-18 20:27:25,0.154096
2024-09-18 20:27:26,0.209064
2024-09-18 20:27:27,0.176424
2024-09-18 20:27:28,0.183208
2024-09-18 20:27:29,0.142568
2024-09-18 20:27:30,0.132496
2024-09-18 20:27:31,0.191192
2024-09-18 20:27:32,0.158056
2024-09-18 20:27:33,0.178968
2024-09-18 20:27:34,0.172648
2024-09-18 20:27:35,0.17104
2024-09-18 20:27:36,0.16396
2024-09-18 20:27:37,0.160264
2024-09-18 20:27:38,0.152432
2024-09-18 20:27:39,0.208312
2024-09-18 20:27:40,0.188408
2024-09-18 20:27:41,0.172688
2024-09-18 20:27:42,0.170328
2024-09-18 20:27:43,0.162736
2024-09-18 20:27:44,0.146624
2024-09-18 20:27:45,0.146008
2024-09-18 20:27:46,0.113256
2024-09-18 20:27:47,0.124384
2024-09-18 20:27:48,0.091816
2024-09-18 20:27:49,0.119984
2024-09-18 20:27:50,0.153712
2024-09-18 20:27:51,0.1508
2024-09-18 20:27:52,0.140184
2024-09-18 20:27:53,0.158816
2024-09-18 20:27:54,0.141664
2024-09-18 20:27:55,0.121784
2024-09-18 20:27:56,0.137128
2024-09-18 20:27:57,0.14872
2024-09-18 20:27:58,0.142456
2024-09-18 20:27:59,0.127672
2024-09-18 20:28:00,0.132648
2024-09-18 20:28:01,0.134128
2024-09-18 20:28:02,0.150096
2024-09-18 20:28:03,0.143216
2024-09-18 20:28:04,0.120032
2024-09-18 20:28:05,0.164752
2024-09-18 20:28:06,0.183808
2024-09-18 20:28:07,0.138096
2024-09-18 20:28:08,0.1486
2024-09-18 20:28:09,0.139848
2024-09-18 20:28:10,0.180952
2024-09-18 20:28:11,0.240736
2024-09-18 20:28:12,0.275832
2024-09-18 20:28:13,0.250872
2024-09-18 20:28:14,0.209536
2024-09-18 20:28:15,0.200256
2024-09-18 20:28:16,0.17776
2024-09-18 20:28:17,0.21768
2024-09-18 20:28:18,0.250304
2024-09-18 20:28:19,0.233864
2024-09-18 20:28:20,0.268464
2024-09-18 20:28:21,0.221016
2024-09-18 20:28:22,0.178384
2024-09-18 20:28:23,0.179928
2024-09-18 20:28:24,0.184184
2024-09-18 20:28:25,0.22572
2024-09-18 20:28:26,0.182192
2024-09-18 20:28:27,0.187512
2024-09-18 20:28:28,0.17888
2024-09-18 20:28:29,0.16172
2024-09-18 20:28:30,0.148736
2024-09-18 20:28:31,0.134632
2024-09-18 20:28:32,0.130544
2024-09-18 20:28:33,0.119904
2024-09-18 20:28:34,0.12248
2024-09-18 20:28:35,0.12616
2024-09-18 20:28:36,0.123816
2024-09-18 20:28:37,0.120608
2024-09-18 20:28:38,0.149824
2024-09-18 20:28:39,0.17432
2024-09-18 20:28:40,0.143144
2024-09-18 20:28:41,0.119064
2024-09-18 20:28:42,0.111432
2024-09-18 20:28:43,0.125224
2024-09-18 20:28:44,0.114272
2024-09-18 20:28:45,0.140952
2024-09-18 20:28:46,0.103984
2024-09-18 20:28:47,0.116176
2024-09-18 20:28:48,0.089624
2024-09-18 20:28:49,0.12236
2024-09-18 20:28:50,0.114688
2024-09-18 20:28:51,0.129736
2024-09-18 20:28:52,0.149848
2024-09-18 20:28:53,0.11304
2024-09-18 20:28:54,0.11628
2024-09-18 20:28:55,0.156448
2024-09-18 20:28:56,0.146768
2024-09-18 20:28:57,0.163608
2024-09-18 20:28:58,0.228864
2024-09-18 20:28:59,0.161736
2024-09-18 20:29:00,0.159192
2024-09-18 20:29:01,0.16468
2024-09-18 20:29:02,0.177352
2024-09-18 20:29:03,0.187608
2024-09-18 20:29:04,0.223432
2024-09-18 20:29:05,0.173256
2024-09-18 20:29:06,0.22468
2024-09-18 20:29:07,0.212304
2024-09-18 20:29:08,0.1522
2024-09-18 20:29:09,0.173904
2024-09-18 20:29:10,0.171656
2024-09-18 20:29:11,0.146064
2024-09-18 20:29:12,0.176888
2024-09-18 20:29:13,0.13284
2024-09-18 20:29:14,0.1232
2024-09-18 20:29:15,0.098016
2024-09-18 20:29:16,0.141992
2024-09-18 20:29:17,0.111928
2024-09-18 20:29:18,0.156496
2024-09-18 20:29:19,0.13632
2024-09-18 20:29:20,0.19068
2024-09-18 20:29:21,0.168568
2024-09-18 20:29:22,0.162992
2024-09-18 20:29:23,0.191368
2024-09-18 20:29:24,0.165144
2024-09-18 20:29:25,0.153368
2024-09-18 20:29:26,0.160128
2024-09-18 20:29:27,0.219056
2024-09-18 20:29:28,0.164376
2024-09-18 20:29:29,0.141888
2024-09-18 20:29:30,0.1088
2024-09-18 20:29:31,0.120808
2024-09-18 20:29:32,0.142944
2024-09-18 20:29:33,0.130816
2024-09-18 20:29:34,0.110088
2024-09-18 20:29:35,0.108832
2024-09-18 20:29:36,0.099536
2024-09-18 20:29:37,0.113864
2024-09-18 20:29:38,0.14672
2024-09-18 20:29:39,0.154064
2024-09-18 20:29:40,0.118488
2024-09-18 20:29:41,0.169488
2024-09-18 20:29:42,0.161352
2024-09-18 20:29:43,0.143288
2024-09-18 20:29:44,0.150872
2024-09-18 20:29:45,0.18176
2024-09-18 20:29:46,0.156208
2024-09-18 20:29:47,0.144512
2024-09-18 20:29:48,0.146272
2024-09-18 20:29:49,0.12008
2024-09-18 20:29:50,0.118584
2024-09-18 20:29:51,0.14608
2024-09-18 20:29:52,0.12596
2024-09-18 20:29:53,0.12696
2024-09-18 20:29:54,0.113832
2024-09-18 20:29:55,0.161464
2024-09-18 20:29:56,0.118384
2024-09-18 20:29:57,0.088128
2024-09-18 20:29:58,0.111064
2024-09-18 20:29:59,0.111984
2024-09-18 20:30:00,0.11864
2024-09-18 20:30:01,0.113024
2024-09-18 20:30:02,0.12164
2024-09-18 20:30:03,0.117224
2024-09-18 20:30:04,0.120672
2024-09-18 20:30:05,0.135104
2024-09-18 20:30:06,0.099264
2024-09-18 20:30:07,0.100968
2024-09-18 20:30:08,0.079968
2024-09-18 20:30:09,0.099576
2024-09-18 20:30:10,0.084048
2024-09-18 20:30:11,0.08036
2024-09-18 20:30:12,0.117968
2024-09-18 20:30:13,0.077952
2024-09-18 20:30:14,0.111256
2024-09-18 20:30:15,0.125504
2024-09-18 20:30:16,0.138584
2024-09-18 20:30:17,0.131264
2024-09-18 20:30:18,0.162096
2024-09-18 20:30:19,0.18108
2024-09-18 20:30:20,0.154832
2024-09-18 20:30:21,0.144736
2024-09-18 20:30:22,0.17792
2024-09-18 20:30:23,0.1572
2024-09-18 20:30:24,0.152152
2024-09-18 20:30:25,0.146344
2024-09-18 20:30:26,0.151
2024-09-18 20:30:27,0.164784
2024-09-18 20:30:28,0.139504
2024-09-18 20:30:29,0.142392
2024-09-18 20:30:30,0.145432
2024-09-18 20:30:31,0.125112
2024-09-18 20:30:32,0.149416
2024-09-18 20:30:33,0.193224
2024-09-18 20:30:34,0.23968
2024-09-18 20:30:35,0.20748
2024-09-18 20:30:36,0.24236
2024-09-18 20:30:37,0.213448
2024-09-18 20:30:38,0.174952
2024-09-18 20:30:39,0.193344
2024-09-18 20:30:40,0.194608
2024-09-18 20:30:41,0.130856
2024-09-18 20:30:42,0.144104
2024-09-18 20:30:43,0.17836
2024-09-18 20:30:44,0.16332
2024-09-18 20:30:45,0.226736
2024-09-18 20:30:46,0.218832
2024-09-18 20:30:47,0.199816
2024-09-18 20:30:48,0.210336
2024-09-18 20:30:49,0.176464
2024-09-18 20:30:50,0.21212
2024-09-18 20:30:51,0.193552
2024-09-18 20:30:52,0.159736
2024-09-18 20:30:53,0.153032
2024-09-18 20:30:54,0.151072
2024-09-18 20:30:55,0.155712
2024-09-18 20:30:56,0.115344
2024-09-18 20:30:57,0.122016
2024-09-18 20:30:58,0.12296
2024-09-18 20:30:59,0.1294
2024-09-18 20:31:00,0.119888
2024-09-18 20:31:01,0.116032
2024-09-18 20:31:02,0.114192
2024-09-18 20:31:03,0.147792
2024-09-18 20:31:04,0.144544
2024-09-18 20:31:05,0.163936
2024-09-18 20:31:06,0.140752
2024-09-18 20:31:07,0.107352
2024-09-18 20:31:08,0.117344
2024-09-18 20:31:09,0.11588
2024-09-18 20:31:10,0.122712
2024-09-18 20:31:11,0.12516
2024-09-18 20:31:12,0.141512
2024-09-18 20:31:13,0.140848
2024-09-18 20:31:14,0.103688
2024-09-18 20:31:15,0.104312
2024-09-18 20:31:16,0.164168
2024-09-18 20:31:17,0.127928
2024-09-18 20:31:18,0.131088
2024-09-18 20:31:19,0.129616
2024-09-18 20:31:20,0.122704
2024-09-18 20:31:21,0.145392
2024-09-18 20:31:22,0.151704
2024-09-18 20:31:23,0.152648
2024-09-18 20:31:24,0.120656
2024-09-18 20:31:25,0.145112
2024-09-18 20:31:26,0.118584
2024-09-18 20:31:27,0.184688
2024-09-18 20:31:28,0.137368
2024-09-18 20:31:29,0.158664
2024-09-18 20:31:30,0.135296
2024-09-18 20:31:31,0.187768
2024-09-18 20:31:32,0.132424
2024-09-18 20:31:33,0.158064
2024-09-18 20:31:34,0.17256
2024-09-18 20:31:35,0.232592
2024-09-18 20:31:36,0.213904
2024-09-18 20:31:37,0.242344
2024-09-18 20:31:38,0.219808
2024-09-18 20:31:39,0.13512
2024-09-18 20:31:40,0.139456
2024-09-18 20:31:41,0.150816
2024-09-18 20:31:42,0.137464
2024-09-18 20:31:43,0.111456
2024-09-18 20:31:44,0.117344
2024-09-18 20:31:45,0.121448
2024-09-18 20:31:46,0.116952
2024-09-18 20:31:47,0.143848
2024-09-18 20:31:48,0.162696
2024-09-18 20:31:49,0.156672
2024-09-18 20:31:50,0.168984
2024-09-18 20:31:51,0.159344
2024-09-18 20:31:52,0.164952
2024-09-18 20:31:53,0.184888
2024-09-18 20:31:54,0.188568
2024-09-18 20:31:55,0.208104
2024-09-18 20:31:56,0.18648
2024-09-18 20:31:57,0.2188
2024-09-18 20:31:58,0.259408
2024-09-18 20:31:59,0.193488
2024-09-18 20:32:00,0.185536
2024-09-18 20:32:01,0.22452
2024-09-18 20:32:02,0.217712
2024-09-18 20:32:03,0.150528
2024-09-18 20:32:04,0.162888
2024-09-18 20:32:05,0.15428
2024-09-18 20:32:06,0.143608
2024-09-18 20:32:07,0.156632
2024-09-18 20:32:08,0.1404
2024-09-18 20:32:09,0.212952
2024-09-18 20:32:10,0.196864
2024-09-18 20:32:11,0.246672
2024-09-18 20:32:12,0.216656
2024-09-18 20:32:13,0.140648
2024-09-18 20:32:14,0.156568
2024-09-18 20:32:15,0.156144
2024-09-18 20:32:16,0.182048
2024-09-18 20:32:17,0.218944
2024-09-18 20:32:18,0.19024
2024-09-18 20:32:19,0.1908
2024-09-18 20:32:20,0.212168
2024-09-18 20:32:21,0.203368
2024-09-18 20:32:22,0.204128
2024-09-18 20:32:23,0.172808
2024-09-18 20:32:24,0.197224
2024-09-18 20:32:25,0.15336
2024-09-18 20:32:26,0.163056
2024-09-18 20:32:27,0.168848
2024-09-18 20:32:28,0.135248
2024-09-18 20:32:29,0.1422
2024-09-18 20:32:30,0.132496
2024-09-18 20:32:31,0.110696
2024-09-18 20:32:32,0.134448
2024-09-18 20:32:33,0.13208
2024-09-18 20:32:34,0.14648
2024-09-18 20:32:35,0.126568
2024-09-18 20:32:36,0.143656
2024-09-18 20:32:37,0.157224
2024-09-18 20:32:38,0.154808
2024-09-18 20:32:39,0.129888
2024-09-18 20:32:40,0.150608
2024-09-18 20:32:41,0.116944
2024-09-18 20:32:42,0.126128
2024-09-18 20:32:43,0.098328
2024-09-18 20:32:44,0.122648
2024-09-18 20:32:45,0.121296
2024-09-18 20:32:46,0.101552
2024-09-18 20:32:47,0.127104
2024-09-18 20:32:48,0.129912
2024-09-18 20:32:49,0.155688
2024-09-18 20:32:50,0.158768
2024-09-18 20:32:51,0.150784
2024-09-18 20:32:52,0.135928
2024-09-18 20:32:53,0.105088
2024-09-18 20:32:54,0.105168
2024-09-18 20:32:55,0.127616
2024-09-18 20:32:56,0.10588
2024-09-18 20:32:57,0.089856
2024-09-18 20:32:58,0.086736
2024-09-18 20:32:59,0.089896
2024-09-18 20:33:00,0.081752
2024-09-18 20:33:01,0.092984
2024-09-18 20:33:02,0.133544
2024-09-18 20:33:03,0.112376
2024-09-18 20:33:04,0.13068
2024-09-18 20:33:05,0.145208
2024-09-18 20:33:06,0.152264
2024-09-18 20:33:07,0.130904
2024-09-18 20:33:08,0.115848
2024-09-18 20:33:09,0.139616
2024-09-18 20:33:10,0.174008
2024-09-18 20:33:11,0.1644
2024-09-18 20:33:12,0.237976
2024-09-18 20:33:13,0.171776
2024-09-18 20:33:14,0.203888
2024-09-18 20:33:15,0.174776
2024-09-18 20:33:16,0.129936
2024-09-18 20:33:17,0.131104
2024-09-18 20:33:18,0.13244
2024-09-18 20:33:19,0.12644
2024-09-18 20:33:20,0.113072
2024-09-18 20:33:21,0.093368
2024-09-18 20:33:22,0.12308
2024-09-18 20:33:23,0.11056
2024-09-18 20:33:24,0.10752
2024-09-18 20:33:25,0.096248
2024-09-18 20:33:26,0.095904
2024-09-18 20:33:27,0.09388
2024-09-18 20:33:28,0.094856
2024-09-18 20:33:29,0.090736
2024-09-18 20:33:30,0.113504
2024-09-18 20:33:31,0.118336
2024-09-18 20:33:32,0.13852
2024-09-18 20:33:33,0.122456
2024-09-18 20:33:34,0.129344
2024-09-18 20:33:35,0.122904
2024-09-18 20:33:36,0.14444
2024-09-18 20:33:37,0.114096
2024-09-18 20:33:38,0.128944
2024-09-18 20:33:39,0.161568
2024-09-18 20:33:40,0.15564
2024-09-18 20:33:41,0.158
2024-09-18 20:33:42,0.148192
2024-09-18 20:33:43,0.139584
2024-09-18 20:33:44,0.141648
2024-09-18 20:33:45,0.171976
2024-09-18 20:33:46,0.173936
2024-09-18 20:33:47,0.197984
2024-09-18 20:33:48,0.19832
2024-09-18 20:33:49,0.18956
2024-09-18 20:33:50,0.178584
2024-09-18 20:33:51,0.188312
2024-09-18 20:33:52,0.23796
2024-09-18 20:33:53,0.170176
2024-09-18 20:33:54,0.18248
2024-09-18 20:33:55,0.192744
2024-09-18 20:33:56,0.127704
2024-09-18 20:33:57,0.12568
2024-09-18 20:33:58,0.165656
2024-09-18 20:33:59,0.143792
2024-09-18 20:34:00,0.143456
2024-09-18 20:34:01,0.168152
2024-09-18 20:34:02,0.193072
2024-09-18 20:34:03,0.246584
2024-09-18 20:34:04,0.208416
2024-09-18 20:34:05,0.23648
2024-09-18 20:34:06,0.1762
2024-09-18 20:34:07,0.2174
2024-09-18 20:34:08,0.168256
2024-09-18 20:34:09,0.149688
2024-09-18 20:34:10,0.15508
2024-09-18 20:34:11,0.155512
2024-09-18 20:34:12,0.198376
2024-09-18 20:34:13,0.153568
2024-09-18 20:34:14,0.194632
2024-09-18 20:34:15,0.201568
2024-09-18 20:34:16,0.171776
2024-09-18 20:34:17,0.209784
2024-09-18 20:34:18,0.226208
2024-09-18 20:34:19,0.269808
2024-09-18 20:34:20,0.238168
2024-09-18 20:34:21,0.236112
2024-09-18 20:34:22,0.237888
2024-09-18 20:34:23,0.186872
2024-09-18 20:34:24,0.256032
2024-09-18 20:34:25,0.243216
2024-09-18 20:34:26,0.189856
2024-09-18 20:34:27,0.17172
2024-09-18 20:34:28,0.17452
2024-09-18 20:34:29,0.167712
2024-09-18 20:34:30,0.164312
2024-09-18 20:34:31,0.149136
2024-09-18 20:34:32,0.14108
2024-09-18 20:34:33,0.099104
2024-09-18 20:34:34,0.113616
2024-09-18 20:34:35,0.102744
2024-09-18 20:34:36,0.099416
2024-09-18 20:34:37,0.124456
2024-09-18 20:34:38,0.109832
2024-09-18 20:34:39,0.114104
2024-09-18 20:34:40,0.097376
2024-09-18 20:34:41,0.113288
2024-09-18 20:34:42,0.099168
2024-09-18 20:34:43,0.102984
2024-09-18 20:34:44,0.118072
2024-09-18 20:34:45,0.11964
2024-09-18 20:34:46,0.137984
2024-09-18 20:34:47,0.132664
2024-09-18 20:34:48,0.13328
2024-09-18 20:34:49,0.119664
2024-09-18 20:34:50,0.141
2024-09-18 20:34:51,0.13832
2024-09-18 20:34:52,0.155864
2024-09-18 20:34:53,0.185944
2024-09-18 20:34:54,0.190616
2024-09-18 20:34:55,0.228608
2024-09-18 20:34:56,0.191536
2024-09-18 20:34:57,0.189288
2024-09-18 20:34:58,0.185872
2024-09-18 20:34:59,0.173456
2024-09-18 20:35:00,0.190776
2024-09-18 20:35:01,0.181248
2024-09-18 20:35:02,0.155896
2024-09-18 20:35:03,0.172648
2024-09-18 20:35:04,0.176888
2024-09-18 20:35:05,0.175504
2024-09-18 20:35:06,0.180136
2024-09-18 20:35:07,0.151904
2024-09-18 20:35:08,0.141544
2024-09-18 20:35:09,0.154464
2024-09-18 20:35:10,0.143912
2024-09-18 20:35:11,0.13804
2024-09-18 20:35:12,0.165552
2024-09-18 20:35:13,0.137752
2024-09-18 20:35:14,0.13972
2024-09-18 20:35:15,0.191344
2024-09-18 20:35:16,0.246112
2024-09-18 20:35:17,0.227656
2024-09-18 20:35:18,0.221832
2024-09-18 20:35:19,0.192272
2024-09-18 20:35:20,0.216328
2024-09-18 20:35:21,0.256672
2024-09-18 20:35:22,0.197408
2024-09-18 20:35:23,0.17384
2024-09-18 20:35:24,0.155864
2024-09-18 20:35:25,0.1516
2024-09-18 20:35:26,0.17772
2024-09-18 20:35:27,0.210392
2024-09-18 20:35:28,0.1746
2024-09-18 20:35:29,0.149128
2024-09-18 20:35:30,0.120384
2024-09-18 20:35:31,0.12716
2024-09-18 20:35:32,0.126336
2024-09-18 20:35:33,0.12848
2024-09-18 20:35:34,0.121176
2024-09-18 20:35:35,0.122488
2024-09-18 20:35:36,0.107272
2024-09-18 20:35:37,0.091752
2024-09-18 20:35:38,0.113992
2024-09-18 20:35:39,0.104424
2024-09-18 20:35:40,0.157456
2024-09-18 20:35:41,0.21068
2024-09-18 20:35:42,0.222256
2024-09-18 20:35:43,0.205832
2024-09-18 20:35:44,0.1512
2024-09-18 20:35:45,0.184448
2024-09-18 20:35:46,0.169184
2024-09-18 20:35:47,0.16812
2024-09-18 20:35:48,0.149088
2024-09-18 20:35:49,0.124632
2024-09-18 20:35:50,0.17528
2024-09-18 20:35:51,0.129992
2024-09-18 20:35:52,0.179712
2024-09-18 20:35:53,0.145984
2024-09-18 20:35:54,0.163392
2024-09-18 20:35:55,0.13892
2024-09-18 20:35:56,0.135936
2024-09-18 20:35:57,0.17396
2024-09-18 20:35:58,0.170184
2024-09-18 20:35:59,0.177672
2024-09-18 20:36:00,0.13848
2024-09-18 20:36:01,0.126552
2024-09-18 20:36:02,0.15752
2024-09-18 20:36:03,0.1158
2024-09-18 20:36:04,0.141768
2024-09-18 20:36:05,0.143648
2024-09-18 20:36:06,0.13956
2024-09-18 20:36:07,0.145232
2024-09-18 20:36:08,0.187352
2024-09-18 20:36:09,0.138456
2024-09-18 20:36:10,0.143016
2024-09-18 20:36:11,0.127056
2024-09-18 20:36:12,0.179376
2024-09-18 20:36:13,0.141152
2024-09-18 20:36:14,0.15976
2024-09-18 20:36:15,0.132376
2024-09-18 20:36:16,0.143528
2024-09-18 20:36:17,0.158296
2024-09-18 20:36:18,0.197544
2024-09-18 20:36:19,0.139472
2024-09-18 20:36:20,0.179008
2024-09-18 20:36:21,0.179448
2024-09-18 20:36:22,0.1262
2024-09-18 20:36:23,0.174064
2024-09-18 20:36:24,0.186784
2024-09-18 20:36:25,0.195728
2024-09-18 20:36:26,0.191736
2024-09-18 20:36:27,0.15608
2024-09-18 20:36:28,0.161816
2024-09-18 20:36:29,0.20388
2024-09-18 20:36:30,0.139696
2024-09-18 20:36:31,0.242128
2024-09-18 20:36:32,0.163184
2024-09-18 20:36:33,0.14752
2024-09-18 20:36:34,0.214264
2024-09-18 20:36:35,0.192656
2024-09-18 20:36:36,0.148648
2024-09-18 20:36:37,0.145256
2024-09-18 20:36:38,0.209872
2024-09-18 20:36:39,0.154376
2024-09-18 20:36:40,0.133384
2024-09-18 20:36:41,0.143968
2024-09-18 20:36:42,0.108384
2024-09-18 20:36:43,0.093264
2024-09-18 20:36:44,0.097768
2024-09-18 20:36:45,0.13704
2024-09-18 20:36:46,0.15476
2024-09-18 20:36:47,0.168176
2024-09-18 20:36:48,0.154408
2024-09-18 20:36:49,0.133984
2024-09-18 20:36:50,0.161424
2024-09-18 20:36:51,0.186864
2024-09-18 20:36:52,0.18648
2024-09-18 20:36:53,0.185072
2024-09-18 20:36:54,0.158744
2024-09-18 20:36:55,0.177088
2024-09-18 20:36:56,0.133424
2024-09-18 20:36:57,0.1438
2024-09-18 20:36:58,0.1592
2024-09-18 20:36:59,0.134584
2024-09-18 20:37:00,0.112904
2024-09-18 20:37:01,0.123824
2024-09-18 20:37:02,0.134584
2024-09-18 20:37:03,0.112208
2024-09-18 20:37:04,0.114584
2024-09-18 20:37:05,0.10924
2024-09-18 20:37:06,0.0948
2024-09-18 20:37:07,0.118288
2024-09-18 20:37:08,0.138912
2024-09-18 20:37:09,0.128728
2024-09-18 20:37:10,0.157376
2024-09-18 20:37:11,0.156024
2024-09-18 20:37:12,0.132088
2024-09-18 20:37:13,0.10884
2024-09-18 20:37:14,0.145784
2024-09-18 20:37:15,0.123456
2024-09-18 20:37:16,0.121288
2024-09-18 20:37:17,0.179816
2024-09-18 20:37:18,0.19028
2024-09-18 20:37:19,0.189968
2024-09-18 20:37:20,0.169536
2024-09-18 20:37:21,0.133752
2024-09-18 20:37:22,0.103928
2024-09-18 20:37:23,0.080464
2024-09-18 20:37:24,0.118736
2024-09-18 20:37:25,0.11824
2024-09-18 20:37:26,0.08072
2024-09-18 20:37:27,0.081632
2024-09-18 20:37:28,0.086096
2024-09-18 20:37:29,0.082376
2024-09-18 20:37:30,0.102072
2024-09-18 20:37:31,0.087008
2024-09-18 20:37:32,0.119976
2024-09-18 20:37:33,0.096856
2024-09-18 20:37:34,0.109928
2024-09-18 20:37:35,0.121776
2024-09-18 20:37:36,0.143664
2024-09-18 20:37:37,0.1308
2024-09-18 20:37:38,0.190008
2024-09-18 20:37:39,0.109616
2024-09-18 20:37:40,0.11052
2024-09-18 20:37:41,0.109888
2024-09-18 20:37:42,0.125576
2024-09-18 20:37:43,0.10596
2024-09-18 20:37:44,0.136512
2024-09-18 20:37:45,0.146424
2024-09-18 20:37:46,0.11848
2024-09-18 20:37:47,0.131056
2024-09-18 20:37:48,0.15804
2024-09-18 20:37:49,0.148936
2024-09-18 20:37:50,0.184416
2024-09-18 20:37:51,0.137504
2024-09-18 20:37:52,0.167776
2024-09-18 20:37:53,0.112856
2024-09-18 20:37:54,0.098048
2024-09-18 20:37:55,0.09384
2024-09-18 20:37:56,0.1068
2024-09-18 20:37:57,0.08888
2024-09-18 20:37:58,0.120232
2024-09-18 20:37:59,0.138184
2024-09-18 20:38:00,0.16836
2024-09-18 20:38:01,0.193856
2024-09-18 20:38:02,0.160608
2024-09-18 20:38:03,0.19392
2024-09-18 20:38:04,0.387072
2024-09-18 20:38:05,0.24656
2024-09-18 20:38:06,0.231792
2024-09-18 20:38:07,0.227712
2024-09-18 20:38:08,0.230216
2024-09-18 20:38:09,0.281648
2024-09-18 20:38:10,0.212096
2024-09-18 20:38:11,0.229952
2024-09-18 20:38:12,0.237928
2024-09-18 20:38:13,0.218424
2024-09-18 20:38:14,0.23216
2024-09-18 20:38:15,0.219768
2024-09-18 20:38:16,0.191368
2024-09-18 20:38:17,0.18528
2024-09-18 20:38:18,0.197536
2024-09-18 20:38:19,0.218328
2024-09-18 20:38:20,0.177992
2024-09-18 20:38:21,0.150328
2024-09-18 20:38:22,0.147872
2024-09-18 20:38:23,0.124032
2024-09-18 20:38:24,0.1684
2024-09-18 20:38:25,0.148864
2024-09-18 20:38:26,0.174664
2024-09-18 20:38:27,0.129496
2024-09-18 20:38:28,0.172104
2024-09-18 20:38:29,0.140376
2024-09-18 20:38:30,0.120768
2024-09-18 20:38:31,0.105952
2024-09-18 20:38:32,0.122
2024-09-18 20:38:33,0.10592
2024-09-18 20:38:34,0.123648
2024-09-18 20:38:35,0.171768
2024-09-18 20:38:36,0.215344
2024-09-18 20:38:37,0.1604
2024-09-18 20:38:38,0.163424
2024-09-18 20:38:39,0.170056
2024-09-18 20:38:40,0.179408
2024-09-18 20:38:41,0.119224
2024-09-18 20:38:42,0.150576
2024-09-18 20:38:43,0.170576
2024-09-18 20:38:44,0.148896
2024-09-18 20:38:45,0.195952
2024-09-18 20:38:46,0.155216
2024-09-18 20:38:47,0.140536
2024-09-18 20:38:48,0.13908
2024-09-18 20:38:49,0.154024
2024-09-18 20:38:50,0.143368
2024-09-18 20:38:51,0.193912
2024-09-18 20:38:52,0.183344
2024-09-18 20:38:53,0.15476
2024-09-18 20:38:54,0.144144
2024-09-18 20:38:55,0.155736
2024-09-18 20:38:56,0.115056
2024-09-18 20:38:57,0.112352
2024-09-18 20:38:58,0.108712
2024-09-18 20:38:59,0.08932
2024-09-18 20:39:00,0.10128
2024-09-18 20:39:01,0.107776
2024-09-18 20:39:02,0.110616
2024-09-18 20:39:03,0.128488
2024-09-18 20:39:04,0.142544
2024-09-18 20:39:05,0.14476
2024-09-18 20:39:06,0.155632
2024-09-18 20:39:07,0.156216
2024-09-18 20:39:08,0.135736
2024-09-18 20:39:09,0.127224
2024-09-18 20:39:10,0.1024
2024-09-18 20:39:11,0.10412
2024-09-18 20:39:12,0.138936
2024-09-18 20:39:13,0.110704
2024-09-18 20:39:14,0.117864
2024-09-18 20:39:15,0.094832
2024-09-18 20:39:16,0.121144
2024-09-18 20:39:17,0.115008
2024-09-18 20:39:18,0.10404
2024-09-18 20:39:19,0.111456
2024-09-18 20:39:20,0.131576
2024-09-18 20:39:21,0.137344
2024-09-18 20:39:22,0.139648
2024-09-18 20:39:23,0.108224
2024-09-18 20:39:24,0.122432
2024-09-18 20:39:25,0.107432
2024-09-18 20:39:26,0.114264
2024-09-18 20:39:27,0.10136
2024-09-18 20:39:28,0.134984
2024-09-18 20:39:29,0.108096
2024-09-18 20:39:30,0.105168
2024-09-18 20:39:31,0.121824
2024-09-18 20:39:32,0.116064
2024-09-18 20:39:33,0.111848
2024-09-18 20:39:34,0.1326
2024-09-18 20:39:35,0.1456
2024-09-18 20:39:36,0.136704
2024-09-18 20:39:37,0.153912
2024-09-18 20:39:38,0.148568
2024-09-18 20:39:39,0.14852
2024-09-18 20:39:40,0.145472
2024-09-18 20:39:41,0.179536
2024-09-18 20:39:42,0.15024
2024-09-18 20:39:43,0.168176
2024-09-18 20:39:44,0.135256
2024-09-18 20:39:45,0.149992
2024-09-18 20:39:46,0.170888
2024-09-18 20:39:47,0.165208
2024-09-18 20:39:48,0.177656
2024-09-18 20:39:49,0.206024
2024-09-18 20:39:50,0.210992
2024-09-18 20:39:51,0.153968
2024-09-18 20:39:52,0.185712
2024-09-18 20:39:53,0.13408
2024-09-18 20:39:54,0.149336
2024-09-18 20:39:55,0.170304
2024-09-18 20:39:56,0.20404
2024-09-18 20:39:57,0.177464
2024-09-18 20:39:58,0.180224
2024-09-18 20:39:59,0.171792
2024-09-18 20:40:00,0.206048
2024-09-18 20:40:01,0.158864
2024-09-18 20:40:02,0.217312
2024-09-18 20:40:03,0.245496
2024-09-18 20:40:04,0.212832
2024-09-18 20:40:05,0.221512
2024-09-18 20:40:06,0.180752
2024-09-18 20:40:07,0.195312
2024-09-18 20:40:08,0.210168
2024-09-18 20:40:09,0.158304
2024-09-18 20:40:10,0.179296
2024-09-18 20:40:11,0.157192
2024-09-18 20:40:12,0.189632
2024-09-18 20:40:13,0.170832
2024-09-18 20:40:14,0.206448
2024-09-18 20:40:15,0.208976
2024-09-18 20:40:16,0.159312
2024-09-18 20:40:17,0.230792
2024-09-18 20:40:18,0.219464
2024-09-18 20:40:19,0.185696
2024-09-18 20:40:20,0.150528
2024-09-18 20:40:21,0.169952
2024-09-18 20:40:22,0.209208
2024-09-18 20:40:23,0.1502
2024-09-18 20:40:24,0.120624
2024-09-18 20:40:25,0.119224
2024-09-18 20:40:26,0.103528
2024-09-18 20:40:27,0.139152
2024-09-18 20:40:28,0.136776
2024-09-18 20:40:29,0.142968
2024-09-18 20:40:30,0.178896
2024-09-18 20:40:31,0.10428
2024-09-18 20:40:32,0.13096
2024-09-18 20:40:33,0.116448
2024-09-18 20:40:34,0.113552
2024-09-18 20:40:35,0.110392
2024-09-18 20:40:36,0.134752
2024-09-18 20:40:37,0.100864
2024-09-18 20:40:38,0.122192
2024-09-18 20:40:39,0.1418
2024-09-18 20:40:40,0.206784
2024-09-18 20:40:41,0.229312
2024-09-18 20:40:42,0.08404
2024-09-18 20:40:43,0.048672
2024-09-18 20:40:44,0.049488
2024-09-18 20:40:45,0.052648
2024-09-18 20:40:46,0.028552
2024-09-18 20:40:47,0.00124
2024-09-18 20:40:48,0.002368
2024-09-18 20:40:49,0.00124
2024-09-18 20:40:50,0.00188
2024-09-18 20:40:51,0.00124
