time,mbps
2024-09-18 12:02:15,0.027008
2024-09-18 12:02:16,0.128216
2024-09-18 12:02:17,0.01192
2024-09-18 12:02:18,0.051424
2024-09-18 12:02:19,0.036368
2024-09-18 12:02:20,0.028152
2024-09-18 12:02:21,0.0328
2024-09-18 12:02:22,0.307784
2024-09-18 12:02:23,0.035376
2024-09-18 12:02:24,0.04092
2024-09-18 12:02:25,0.034424
2024-09-18 12:02:26,0.037912
2024-09-18 12:02:27,0.038024
2024-09-18 12:02:28,0.030808
2024-09-18 12:02:29,0.033272
2024-09-18 12:02:30,0.035408
2024-09-18 12:02:31,0.033336
2024-09-18 12:02:32,0.030728
2024-09-18 12:02:33,0.033896
2024-09-18 12:02:34,0.034056
2024-09-18 12:02:35,0.035296
2024-09-18 12:02:36,0.041472
2024-09-18 12:02:37,0.034712
2024-09-18 12:02:38,0.035656
2024-09-18 12:02:39,0.02728
2024-09-18 12:02:40,0.028264
2024-09-18 12:02:41,0.024192
2024-09-18 12:02:42,0.02856
2024-09-18 12:02:43,0.027096
2024-09-18 12:02:44,0.027608
2024-09-18 12:02:45,0.02644
2024-09-18 12:02:46,0.025312
2024-09-18 12:02:47,0.02544
2024-09-18 12:02:48,0.027216
2024-09-18 12:02:49,0.03044
2024-09-18 12:02:50,0.02956
2024-09-18 12:02:51,0.026192
2024-09-18 12:02:52,0.027368
2024-09-18 12:02:53,0.026096
2024-09-18 12:02:54,0.029456
2024-09-18 12:02:55,0.031616
2024-09-18 12:02:56,0.030272
2024-09-18 12:02:57,0.025808
2024-09-18 12:02:58,0.028272
2024-09-18 12:02:59,0.023904
2024-09-18 12:03:00,0.278704
2024-09-18 12:03:01,0.044208
2024-09-18 12:03:02,0.045632
2024-09-18 12:03:03,0.039184
2024-09-18 12:03:04,0.044296
2024-09-18 12:03:05,0.0876
2024-09-18 12:03:06,0.058992
2024-09-18 12:03:07,0.055384
2024-09-18 12:03:08,0.076448
2024-09-18 12:03:09,0.063992
2024-09-18 12:03:10,0.059952
2024-09-18 12:03:11,0.045112
2024-09-18 12:03:12,0.044632
2024-09-18 12:03:13,0.037168
2024-09-18 12:03:14,0.05268
2024-09-18 12:03:15,0.048144
2024-09-18 12:03:16,0.045624
2024-09-18 12:03:17,0.053232
2024-09-18 12:03:18,0.051392
2024-09-18 12:03:19,0.036944
2024-09-18 12:03:20,0.028336
2024-09-18 12:03:21,0.031536
2024-09-18 12:03:22,0.027408
2024-09-18 12:03:23,0.03096
2024-09-18 12:03:24,0.034544
2024-09-18 12:03:25,0.048312
2024-09-18 12:03:26,0.043608
2024-09-18 12:03:27,0.049936
2024-09-18 12:03:28,0.039712
2024-09-18 12:03:29,0.038144
2024-09-18 12:03:30,0.056808
2024-09-18 12:03:31,0.05088
2024-09-18 12:03:32,0.059904
2024-09-18 12:03:33,0.051456
2024-09-18 12:03:34,0.043976
2024-09-18 12:03:35,0.028136
2024-09-18 12:03:36,0.041264
2024-09-18 12:03:37,0.04636
2024-09-18 12:03:38,0.048344
2024-09-18 12:03:39,0.04488
2024-09-18 12:03:40,0.038032
2024-09-18 12:03:41,0.036952
2024-09-18 12:03:42,0.040648
2024-09-18 12:03:43,0.036352
2024-09-18 12:03:44,0.033856
2024-09-18 12:03:45,0.047896
2024-09-18 12:03:46,0.041352
2024-09-18 12:03:47,0.033544
2024-09-18 12:03:48,0.036384
2024-09-18 12:03:49,0.036792
2024-09-18 12:03:50,0.053496
2024-09-18 12:03:51,0.032808
2024-09-18 12:03:52,0.030736
2024-09-18 12:03:53,0.047528
2024-09-18 12:03:54,0.042104
2024-09-18 12:03:55,0.054712
2024-09-18 12:03:56,0.045912
2024-09-18 12:03:57,0.04804
2024-09-18 12:03:58,0.037376
2024-09-18 12:03:59,0.043816
2024-09-18 12:04:00,0.075432
2024-09-18 12:04:01,0.065232
2024-09-18 12:04:02,0.057144
2024-09-18 12:04:03,0.04628
2024-09-18 12:04:04,0.042912
2024-09-18 12:04:05,0.044192
2024-09-18 12:04:06,0.071128
2024-09-18 12:04:07,0.069488
2024-09-18 12:04:08,0.054864
2024-09-18 12:04:09,0.04828
2024-09-18 12:04:10,0.049848
2024-09-18 12:04:11,0.048544
2024-09-18 12:04:12,0.032136
2024-09-18 12:04:13,0.047096
2024-09-18 12:04:14,0.041272
2024-09-18 12:04:15,0.048968
2024-09-18 12:04:16,0.053736
2024-09-18 12:04:17,0.047144
2024-09-18 12:04:18,0.052552
2024-09-18 12:04:19,0.04788
2024-09-18 12:04:20,0.052896
2024-09-18 12:04:21,0.049992
2024-09-18 12:04:22,0.05228
2024-09-18 12:04:23,0.056536
2024-09-18 12:04:24,0.05584
2024-09-18 12:04:25,0.060808
2024-09-18 12:04:26,0.055304
2024-09-18 12:04:27,0.062648
2024-09-18 12:04:28,0.073104
2024-09-18 12:04:29,0.08872
2024-09-18 12:04:30,0.10128
2024-09-18 12:04:31,0.106832
2024-09-18 12:04:32,0.09872
2024-09-18 12:04:33,0.0846
2024-09-18 12:04:34,0.080472
2024-09-18 12:04:35,0.117576
2024-09-18 12:04:36,0.094288
2024-09-18 12:04:37,0.113856
2024-09-18 12:04:38,0.109672
2024-09-18 12:04:39,0.125352
2024-09-18 12:04:40,0.149536
2024-09-18 12:04:41,0.11108
2024-09-18 12:04:42,0.11056
2024-09-18 12:04:43,0.111616
2024-09-18 12:04:44,0.122256
2024-09-18 12:04:45,0.113912
2024-09-18 12:04:46,0.122968
2024-09-18 12:04:47,0.112912
2024-09-18 12:04:48,0.104336
2024-09-18 12:04:49,0.101296
2024-09-18 12:04:50,0.122128
2024-09-18 12:04:51,0.104208
2024-09-18 12:04:52,0.116928
2024-09-18 12:04:53,0.11468
2024-09-18 12:04:54,0.187384
2024-09-18 12:04:55,0.146184
2024-09-18 12:04:56,0.14116
2024-09-18 12:04:57,0.1318
2024-09-18 12:04:58,0.141496
2024-09-18 12:04:59,0.123192
2024-09-18 12:05:00,0.169376
2024-09-18 12:05:01,0.12056
2024-09-18 12:05:02,0.150856
2024-09-18 12:05:03,0.162776
2024-09-18 12:05:04,0.137936
2024-09-18 12:05:05,0.166432
2024-09-18 12:05:06,0.1394
2024-09-18 12:05:07,0.157328
2024-09-18 12:05:08,0.13204
2024-09-18 12:05:09,0.129584
2024-09-18 12:05:10,0.134576
2024-09-18 12:05:11,0.12456
2024-09-18 12:05:12,0.133456
2024-09-18 12:05:13,0.113672
2024-09-18 12:05:14,0.156576
2024-09-18 12:05:15,0.152536
2024-09-18 12:05:16,0.162488
2024-09-18 12:05:17,0.145768
2024-09-18 12:05:18,0.139352
2024-09-18 12:05:19,0.129744
2024-09-18 12:05:20,0.144408
2024-09-18 12:05:21,0.157088
2024-09-18 12:05:22,0.167752
2024-09-18 12:05:23,0.126416
2024-09-18 12:05:24,0.148984
2024-09-18 12:05:25,0.122
2024-09-18 12:05:26,0.109912
2024-09-18 12:05:27,0.120688
2024-09-18 12:05:28,0.131128
2024-09-18 12:05:29,0.145736
2024-09-18 12:05:30,0.150416
2024-09-18 12:05:31,0.141232
2024-09-18 12:05:32,0.127504
2024-09-18 12:05:33,0.126992
2024-09-18 12:05:34,0.130344
2024-09-18 12:05:35,0.131512
2024-09-18 12:05:36,0.134768
2024-09-18 12:05:37,0.139704
2024-09-18 12:05:38,0.171064
2024-09-18 12:05:39,0.166976
2024-09-18 12:05:40,0.147
2024-09-18 12:05:41,0.144216
2024-09-18 12:05:42,0.124992
2024-09-18 12:05:43,0.147448
2024-09-18 12:05:44,0.107848
2024-09-18 12:05:45,0.101432
2024-09-18 12:05:46,0.093488
2024-09-18 12:05:47,0.105736
2024-09-18 12:05:48,0.09896
2024-09-18 12:05:49,0.110136
2024-09-18 12:05:50,0.103248
2024-09-18 12:05:51,0.08656
2024-09-18 12:05:52,0.087128
2024-09-18 12:05:53,0.101688
2024-09-18 12:05:54,0.101584
2024-09-18 12:05:55,0.143512
2024-09-18 12:05:56,0.131144
2024-09-18 12:05:57,0.133568
2024-09-18 12:05:58,0.121624
2024-09-18 12:05:59,0.138712
2024-09-18 12:06:00,0.145296
2024-09-18 12:06:01,0.11476
2024-09-18 12:06:02,0.10932
2024-09-18 12:06:03,0.110232
2024-09-18 12:06:04,0.120624
2024-09-18 12:06:05,0.121664
2024-09-18 12:06:06,0.120968
2024-09-18 12:06:07,0.12828
2024-09-18 12:06:08,0.14044
2024-09-18 12:06:09,0.13368
2024-09-18 12:06:10,0.137096
2024-09-18 12:06:11,0.131432
2024-09-18 12:06:12,0.136976
2024-09-18 12:06:13,0.117776
2024-09-18 12:06:14,0.1284
2024-09-18 12:06:15,0.110824
2024-09-18 12:06:16,0.114016
2024-09-18 12:06:17,0.092952
2024-09-18 12:06:18,0.102032
2024-09-18 12:06:19,0.1122
2024-09-18 12:06:20,0.116696
2024-09-18 12:06:21,0.111032
2024-09-18 12:06:22,0.115472
2024-09-18 12:06:23,0.106096
2024-09-18 12:06:24,0.10912
2024-09-18 12:06:25,0.102296
2024-09-18 12:06:26,0.105656
2024-09-18 12:06:27,0.092528
2024-09-18 12:06:28,0.111416
2024-09-18 12:06:29,0.111928
2024-09-18 12:06:30,0.113208
2024-09-18 12:06:31,0.120368
2024-09-18 12:06:32,0.112912
2024-09-18 12:06:33,0.161912
2024-09-18 12:06:34,0.15172
2024-09-18 12:06:35,0.152624
2024-09-18 12:06:36,0.152816
2024-09-18 12:06:37,0.128472
2024-09-18 12:06:38,0.152176
2024-09-18 12:06:39,0.15028
2024-09-18 12:06:40,0.137208
2024-09-18 12:06:41,0.118272
2024-09-18 12:06:42,0.129096
2024-09-18 12:06:43,0.18712
2024-09-18 12:06:44,0.143016
2024-09-18 12:06:45,0.112584
2024-09-18 12:06:46,0.20272
2024-09-18 12:06:47,0.164256
2024-09-18 12:06:48,0.17684
2024-09-18 12:06:49,0.128776
2024-09-18 12:06:50,0.112392
2024-09-18 12:06:51,0.133968
2024-09-18 12:06:52,0.128168
2024-09-18 12:06:53,0.14048
2024-09-18 12:06:54,0.1208
2024-09-18 12:06:55,0.12544
2024-09-18 12:06:56,0.128344
2024-09-18 12:06:57,0.131864
2024-09-18 12:06:58,0.12104
2024-09-18 12:06:59,0.135536
2024-09-18 12:07:00,0.17576
2024-09-18 12:07:01,0.167264
2024-09-18 12:07:02,0.14772
2024-09-18 12:07:03,0.14452
2024-09-18 12:07:04,0.142384
2024-09-18 12:07:05,0.14588
2024-09-18 12:07:06,0.17336
2024-09-18 12:07:07,0.150568
2024-09-18 12:07:08,0.14684
2024-09-18 12:07:09,0.13996
2024-09-18 12:07:10,0.14656
2024-09-18 12:07:11,0.128568
2024-09-18 12:07:12,0.1262
2024-09-18 12:07:13,0.130768
2024-09-18 12:07:14,0.144744
2024-09-18 12:07:15,0.132232
2024-09-18 12:07:16,0.113384
2024-09-18 12:07:17,0.137392
2024-09-18 12:07:18,0.188528
2024-09-18 12:07:19,0.177936
2024-09-18 12:07:20,0.126704
2024-09-18 12:07:21,0.158848
2024-09-18 12:07:22,0.160816
2024-09-18 12:07:23,0.166952
2024-09-18 12:07:24,0.13992
2024-09-18 12:07:25,0.138104
2024-09-18 12:07:26,0.14468
2024-09-18 12:07:27,0.138272
2024-09-18 12:07:28,0.121944
2024-09-18 12:07:29,0.12812
2024-09-18 12:07:30,0.13376
2024-09-18 12:07:31,0.134864
2024-09-18 12:07:32,0.135928
2024-09-18 12:07:33,0.12172
2024-09-18 12:07:34,0.1286
2024-09-18 12:07:35,0.142192
2024-09-18 12:07:36,0.143712
2024-09-18 12:07:37,0.146344
2024-09-18 12:07:38,0.19176
2024-09-18 12:07:39,0.1518
2024-09-18 12:07:40,0.152288
2024-09-18 12:07:41,0.153944
2024-09-18 12:07:42,0.127192
2024-09-18 12:07:43,0.116872
2024-09-18 12:07:44,0.139848
2024-09-18 12:07:45,0.141688
2024-09-18 12:07:46,0.127816
2024-09-18 12:07:47,0.138928
2024-09-18 12:07:48,0.1734
2024-09-18 12:07:49,0.153336
2024-09-18 12:07:50,0.143608
2024-09-18 12:07:51,0.124144
2024-09-18 12:07:52,0.11976
2024-09-18 12:07:53,0.123256
2024-09-18 12:07:54,0.106272
2024-09-18 12:07:55,0.102336
2024-09-18 12:07:56,0.112648
2024-09-18 12:07:57,0.137896
2024-09-18 12:07:58,0.135408
2024-09-18 12:07:59,0.152776
2024-09-18 12:08:00,0.176824
2024-09-18 12:08:01,0.137248
2024-09-18 12:08:02,0.134688
2024-09-18 12:08:03,0.148256
2024-09-18 12:08:04,0.119512
2024-09-18 12:08:05,0.135088
2024-09-18 12:08:06,0.142032
2024-09-18 12:08:07,0.160768
2024-09-18 12:08:08,0.138176
2024-09-18 12:08:09,0.169904
2024-09-18 12:08:10,0.152552
2024-09-18 12:08:11,0.146016
2024-09-18 12:08:12,0.139112
2024-09-18 12:08:13,0.123488
2024-09-18 12:08:14,0.13092
2024-09-18 12:08:15,0.126448
2024-09-18 12:08:16,0.146376
2024-09-18 12:08:17,0.13056
2024-09-18 12:08:18,0.137264
2024-09-18 12:08:19,0.124648
2024-09-18 12:08:20,0.132208
2024-09-18 12:08:21,0.106608
2024-09-18 12:08:22,0.129528
2024-09-18 12:08:23,0.11164
2024-09-18 12:08:24,0.119464
2024-09-18 12:08:25,0.126456
2024-09-18 12:08:26,0.150592
2024-09-18 12:08:27,0.147296
2024-09-18 12:08:28,0.121896
2024-09-18 12:08:29,0.1316
2024-09-18 12:08:30,0.141008
2024-09-18 12:08:31,0.13296
2024-09-18 12:08:32,0.146152
2024-09-18 12:08:33,0.135896
2024-09-18 12:08:34,0.139736
2024-09-18 12:08:35,0.133768
2024-09-18 12:08:36,0.136448
2024-09-18 12:08:37,0.141872
2024-09-18 12:08:38,0.16796
2024-09-18 12:08:39,0.18392
2024-09-18 12:08:40,0.148152
2024-09-18 12:08:41,0.123352
2024-09-18 12:08:42,0.140216
2024-09-18 12:08:43,0.115984
2024-09-18 12:08:44,0.118368
2024-09-18 12:08:45,0.115096
2024-09-18 12:08:46,0.096312
2024-09-18 12:08:47,0.107344
2024-09-18 12:08:48,0.10192
2024-09-18 12:08:49,0.13992
2024-09-18 12:08:50,0.151152
2024-09-18 12:08:51,0.126096
2024-09-18 12:08:52,0.167824
2024-09-18 12:08:53,0.166632
2024-09-18 12:08:54,0.174336
2024-09-18 12:08:55,0.157416
2024-09-18 12:08:56,0.134048
2024-09-18 12:08:57,0.12972
2024-09-18 12:08:58,0.133488
2024-09-18 12:08:59,0.147648
2024-09-18 12:09:00,0.15556
2024-09-18 12:09:01,0.16056
2024-09-18 12:09:02,0.139032
2024-09-18 12:09:03,0.141992
2024-09-18 12:09:04,0.14972
2024-09-18 12:09:05,0.148776
2024-09-18 12:09:06,0.152456
2024-09-18 12:09:07,0.155704
2024-09-18 12:09:08,0.176528
2024-09-18 12:09:09,0.185
2024-09-18 12:09:10,0.196776
2024-09-18 12:09:11,0.191096
2024-09-18 12:09:12,0.198056
2024-09-18 12:09:13,0.190408
2024-09-18 12:09:14,0.167016
2024-09-18 12:09:15,0.129736
2024-09-18 12:09:16,0.114056
2024-09-18 12:09:17,0.106584
2024-09-18 12:09:18,0.122264
2024-09-18 12:09:19,0.134304
2024-09-18 12:09:20,0.09296
2024-09-18 12:09:21,0.111576
2024-09-18 12:09:22,0.12952
2024-09-18 12:09:23,0.14204
2024-09-18 12:09:24,0.132552
2024-09-18 12:09:25,0.136808
2024-09-18 12:09:26,0.110968
2024-09-18 12:09:27,0.118784
2024-09-18 12:09:28,0.107672
2024-09-18 12:09:29,0.113312
2024-09-18 12:09:30,0.120408
2024-09-18 12:09:31,0.116432
2024-09-18 12:09:32,0.11112
2024-09-18 12:09:33,0.13876
2024-09-18 12:09:34,0.136848
2024-09-18 12:09:35,0.129856
2024-09-18 12:09:36,0.151368
2024-09-18 12:09:37,0.122328
2024-09-18 12:09:38,0.12424
2024-09-18 12:09:39,0.117016
2024-09-18 12:09:40,0.12772
2024-09-18 12:09:41,0.1182
2024-09-18 12:09:42,0.108968
2024-09-18 12:09:43,0.130296
2024-09-18 12:09:44,0.114808
2024-09-18 12:09:45,0.119696
2024-09-18 12:09:46,0.116472
2024-09-18 12:09:47,0.09868
2024-09-18 12:09:48,0.14648
2024-09-18 12:09:49,0.146728
2024-09-18 12:09:50,0.141784
2024-09-18 12:09:51,0.134384
2024-09-18 12:09:52,0.119464
2024-09-18 12:09:53,0.12384
2024-09-18 12:09:54,0.147568
2024-09-18 12:09:55,0.118056
2024-09-18 12:09:56,0.0958
2024-09-18 12:09:57,0.095856
2024-09-18 12:09:58,0.1144
2024-09-18 12:09:59,0.110736
2024-09-18 12:10:00,0.135288
2024-09-18 12:10:01,0.12268
2024-09-18 12:10:02,0.119312
2024-09-18 12:10:03,0.139168
2024-09-18 12:10:04,0.139456
2024-09-18 12:10:05,0.164864
2024-09-18 12:10:06,0.141456
2024-09-18 12:10:07,0.137568
2024-09-18 12:10:08,0.171936
2024-09-18 12:10:09,0.162912
2024-09-18 12:10:10,0.143184
2024-09-18 12:10:11,0.13308
2024-09-18 12:10:12,0.138776
2024-09-18 12:10:13,0.143272
2024-09-18 12:10:14,0.1352
2024-09-18 12:10:15,0.123088
2024-09-18 12:10:16,0.143584
2024-09-18 12:10:17,0.132416
2024-09-18 12:10:18,0.13132
2024-09-18 12:10:19,0.123592
2024-09-18 12:10:20,0.116568
2024-09-18 12:10:21,0.12644
2024-09-18 12:10:22,0.122992
2024-09-18 12:10:23,0.11848
2024-09-18 12:10:24,0.109864
2024-09-18 12:10:25,0.112496
2024-09-18 12:10:26,0.10044
2024-09-18 12:10:27,0.104376
2024-09-18 12:10:28,0.128192
2024-09-18 12:10:29,0.163744
2024-09-18 12:10:30,0.15076
2024-09-18 12:10:31,0.126264
2024-09-18 12:10:32,0.122056
2024-09-18 12:10:33,0.122536
2024-09-18 12:10:34,0.130312
2024-09-18 12:10:35,0.150768
2024-09-18 12:10:36,0.124424
2024-09-18 12:10:37,0.189224
2024-09-18 12:10:38,0.148696
2024-09-18 12:10:39,0.14032
2024-09-18 12:10:40,0.126016
2024-09-18 12:10:41,0.119568
2024-09-18 12:10:42,0.1374
2024-09-18 12:10:43,0.140696
2024-09-18 12:10:44,0.109
2024-09-18 12:10:45,0.108632
2024-09-18 12:10:46,0.125768
2024-09-18 12:10:47,0.14276
2024-09-18 12:10:48,0.132936
2024-09-18 12:10:49,0.12676
2024-09-18 12:10:50,0.134176
2024-09-18 12:10:51,0.110896
2024-09-18 12:10:52,0.106008
2024-09-18 12:10:53,0.148208
2024-09-18 12:10:54,0.130152
2024-09-18 12:10:55,0.1072
2024-09-18 12:10:56,0.092304
2024-09-18 12:10:57,0.117
2024-09-18 12:10:58,0.114784
2024-09-18 12:10:59,0.135264
2024-09-18 12:11:00,0.162728
2024-09-18 12:11:01,0.127048
2024-09-18 12:11:02,0.13876
2024-09-18 12:11:03,0.13184
2024-09-18 12:11:04,0.117616
2024-09-18 12:11:05,0.151296
2024-09-18 12:11:06,0.178864
2024-09-18 12:11:07,0.14368
2024-09-18 12:11:08,0.129824
2024-09-18 12:11:09,0.137232
2024-09-18 12:11:10,0.1428
2024-09-18 12:11:11,0.149824
2024-09-18 12:11:12,0.121512
2024-09-18 12:11:13,0.132208
2024-09-18 12:11:14,0.128216
2024-09-18 12:11:15,0.114608
2024-09-18 12:11:16,0.105552
2024-09-18 12:11:17,0.104336
2024-09-18 12:11:18,0.097616
2024-09-18 12:11:19,0.097864
2024-09-18 12:11:20,0.111392
2024-09-18 12:11:21,0.108592
2024-09-18 12:11:22,0.085944
2024-09-18 12:11:23,0.119832
2024-09-18 12:11:24,0.098424
2024-09-18 12:11:25,0.1056
2024-09-18 12:11:26,0.140648
2024-09-18 12:11:27,0.118184
2024-09-18 12:11:28,0.138272
2024-09-18 12:11:29,0.163872
2024-09-18 12:11:30,0.177856
2024-09-18 12:11:31,0.189496
2024-09-18 12:11:32,0.15724
2024-09-18 12:11:33,0.137864
2024-09-18 12:11:34,0.159848
2024-09-18 12:11:35,0.15892
2024-09-18 12:11:36,0.154592
2024-09-18 12:11:37,0.180832
2024-09-18 12:11:38,0.154352
2024-09-18 12:11:39,0.1598
2024-09-18 12:11:40,0.182464
2024-09-18 12:11:41,0.138848
2024-09-18 12:11:42,0.12156
2024-09-18 12:11:43,0.129
2024-09-18 12:11:44,0.116728
2024-09-18 12:11:45,0.104328
2024-09-18 12:11:46,0.104232
2024-09-18 12:11:47,0.10084
2024-09-18 12:11:48,0.121832
2024-09-18 12:11:49,0.132224
2024-09-18 12:11:50,0.113128
2024-09-18 12:11:51,0.096512
2024-09-18 12:11:52,0.08668
2024-09-18 12:11:53,0.089664
2024-09-18 12:11:54,0.104944
2024-09-18 12:11:55,0.126208
2024-09-18 12:11:56,0.184712
2024-09-18 12:11:57,0.166424
2024-09-18 12:11:58,0.157552
2024-09-18 12:11:59,0.132296
2024-09-18 12:12:00,0.1546
2024-09-18 12:12:01,0.149304
2024-09-18 12:12:02,0.156064
2024-09-18 12:12:03,0.140224
2024-09-18 12:12:04,0.119624
2024-09-18 12:12:05,0.121624
2024-09-18 12:12:06,0.143304
2024-09-18 12:12:07,0.131344
2024-09-18 12:12:08,0.134392
2024-09-18 12:12:09,0.11416
2024-09-18 12:12:10,0.108608
2024-09-18 12:12:11,0.099816
2024-09-18 12:12:12,0.111576
2024-09-18 12:12:13,0.118472
2024-09-18 12:12:14,0.124736
2024-09-18 12:12:15,0.098288
2024-09-18 12:12:16,0.100136
2024-09-18 12:12:17,0.129048
2024-09-18 12:12:18,0.114672
2024-09-18 12:12:19,0.12912
2024-09-18 12:12:20,0.128216
2024-09-18 12:12:21,0.156952
2024-09-18 12:12:22,0.160376
2024-09-18 12:12:23,0.207128
2024-09-18 12:12:24,0.168016
2024-09-18 12:12:25,0.166632
2024-09-18 12:12:26,0.164392
2024-09-18 12:12:27,0.152416
2024-09-18 12:12:28,0.14068
2024-09-18 12:12:29,0.121304
2024-09-18 12:12:30,0.153496
2024-09-18 12:12:31,0.161696
2024-09-18 12:12:32,0.165928
2024-09-18 12:12:33,0.162264
2024-09-18 12:12:34,0.12716
2024-09-18 12:12:35,0.131968
2024-09-18 12:12:36,0.145744
2024-09-18 12:12:37,0.142712
2024-09-18 12:12:38,0.142888
2024-09-18 12:12:39,0.16752
2024-09-18 12:12:40,0.189368
2024-09-18 12:12:41,0.194312
2024-09-18 12:12:42,0.166152
2024-09-18 12:12:43,0.225392
2024-09-18 12:12:44,0.169272
2024-09-18 12:12:45,0.142408
2024-09-18 12:12:46,0.162848
2024-09-18 12:12:47,0.144536
2024-09-18 12:12:48,0.156728
2024-09-18 12:12:49,0.1228
2024-09-18 12:12:50,0.130064
2024-09-18 12:12:51,0.145088
2024-09-18 12:12:52,0.130464
2024-09-18 12:12:53,0.101184
2024-09-18 12:12:54,0.116352
2024-09-18 12:12:55,0.113768
2024-09-18 12:12:56,0.111736
2024-09-18 12:12:57,0.12088
2024-09-18 12:12:58,0.105848
2024-09-18 12:12:59,0.12456
2024-09-18 12:13:00,0.154616
2024-09-18 12:13:01,0.12348
2024-09-18 12:13:02,0.139032
2024-09-18 12:13:03,0.143144
2024-09-18 12:13:04,0.169608
2024-09-18 12:13:05,0.1824
2024-09-18 12:13:06,0.230584
2024-09-18 12:13:07,0.174064
2024-09-18 12:13:08,0.175408
2024-09-18 12:13:09,0.177104
2024-09-18 12:13:10,0.2108
2024-09-18 12:13:11,0.17152
2024-09-18 12:13:12,0.111984
2024-09-18 12:13:13,0.137312
2024-09-18 12:13:14,0.116848
2024-09-18 12:13:15,0.11832
2024-09-18 12:13:16,0.109616
2024-09-18 12:13:17,0.12368
2024-09-18 12:13:18,0.10032
2024-09-18 12:13:19,0.099672
2024-09-18 12:13:20,0.106488
2024-09-18 12:13:21,0.10116
2024-09-18 12:13:22,0.100688
2024-09-18 12:13:23,0.13584
2024-09-18 12:13:24,0.121056
2024-09-18 12:13:25,0.109392
2024-09-18 12:13:26,0.116704
2024-09-18 12:13:27,0.124456
2024-09-18 12:13:28,0.15212
2024-09-18 12:13:29,0.1216
2024-09-18 12:13:30,0.104184
2024-09-18 12:13:31,0.114392
2024-09-18 12:13:32,0.110504
2024-09-18 12:13:33,0.11608
2024-09-18 12:13:34,0.124208
2024-09-18 12:13:35,0.109936
2024-09-18 12:13:36,0.11524
2024-09-18 12:13:37,0.13364
2024-09-18 12:13:38,0.130632
2024-09-18 12:13:39,0.137848
2024-09-18 12:13:40,0.114968
2024-09-18 12:13:41,0.163344
2024-09-18 12:13:42,0.154072
2024-09-18 12:13:43,0.130816
2024-09-18 12:13:44,0.14256
2024-09-18 12:13:45,0.14388
2024-09-18 12:13:46,0.130728
2024-09-18 12:13:47,0.15396
2024-09-18 12:13:48,0.130992
2024-09-18 12:13:49,0.131552
2024-09-18 12:13:50,0.1262
2024-09-18 12:13:51,0.175
2024-09-18 12:13:52,0.148056
2024-09-18 12:13:53,0.164664
2024-09-18 12:13:54,0.140968
2024-09-18 12:13:55,0.113312
2024-09-18 12:13:56,0.11312
2024-09-18 12:13:57,0.097784
2024-09-18 12:13:58,0.13768
2024-09-18 12:13:59,0.146224
2024-09-18 12:14:00,0.1648
2024-09-18 12:14:01,0.136344
2024-09-18 12:14:02,0.10628
2024-09-18 12:14:03,0.118072
2024-09-18 12:14:04,0.12212
2024-09-18 12:14:05,0.115016
2024-09-18 12:14:06,0.109904
2024-09-18 12:14:07,0.10456
2024-09-18 12:14:08,0.123528
2024-09-18 12:14:09,0.138328
2024-09-18 12:14:10,0.130888
2024-09-18 12:14:11,0.128216
2024-09-18 12:14:12,0.11376
2024-09-18 12:14:13,0.127864
2024-09-18 12:14:14,0.132768
2024-09-18 12:14:15,0.138296
2024-09-18 12:14:16,0.121168
2024-09-18 12:14:17,0.137704
2024-09-18 12:14:18,0.116976
2024-09-18 12:14:19,0.130488
2024-09-18 12:14:20,0.116704
2024-09-18 12:14:21,0.132504
2024-09-18 12:14:22,0.120048
2024-09-18 12:14:23,0.127424
2024-09-18 12:14:24,0.101336
2024-09-18 12:14:25,0.088128
2024-09-18 12:14:26,0.08012
2024-09-18 12:14:27,0.110576
2024-09-18 12:14:28,0.138688
2024-09-18 12:14:29,0.12936
2024-09-18 12:14:30,0.156328
2024-09-18 12:14:31,0.129736
2024-09-18 12:14:32,0.11544
2024-09-18 12:14:33,0.116016
2024-09-18 12:14:34,0.121304
2024-09-18 12:14:35,0.16412
2024-09-18 12:14:36,0.147544
2024-09-18 12:14:37,0.146136
2024-09-18 12:14:38,0.150024
2024-09-18 12:14:39,0.146904
2024-09-18 12:14:40,0.129208
2024-09-18 12:14:41,0.133144
2024-09-18 12:14:42,0.112336
2024-09-18 12:14:43,0.149528
2024-09-18 12:14:44,0.149392
2024-09-18 12:14:45,0.209504
2024-09-18 12:14:46,0.140304
2024-09-18 12:14:47,0.138424
2024-09-18 12:14:48,0.113944
2024-09-18 12:14:49,0.111896
2024-09-18 12:14:50,0.121608
2024-09-18 12:14:51,0.122096
2024-09-18 12:14:52,0.112056
2024-09-18 12:14:53,0.115464
2024-09-18 12:14:54,0.111616
2024-09-18 12:14:55,0.11452
2024-09-18 12:14:56,0.11504
2024-09-18 12:14:57,0.113232
2024-09-18 12:14:58,0.10024
2024-09-18 12:14:59,0.11728
2024-09-18 12:15:00,0.178032
2024-09-18 12:15:01,0.135288
2024-09-18 12:15:02,0.143528
2024-09-18 12:15:03,0.124632
2024-09-18 12:15:04,0.112112
2024-09-18 12:15:05,0.112368
2024-09-18 12:15:06,0.1328
2024-09-18 12:15:07,0.102152
2024-09-18 12:15:08,0.107192
2024-09-18 12:15:09,0.166288
2024-09-18 12:15:10,0.124072
2024-09-18 12:15:11,0.180136
2024-09-18 12:15:12,0.139368
2024-09-18 12:15:13,0.114376
2024-09-18 12:15:14,0.121928
2024-09-18 12:15:15,0.113288
2024-09-18 12:15:16,0.103112
2024-09-18 12:15:17,0.10256
2024-09-18 12:15:18,0.125912
2024-09-18 12:15:19,0.119752
2024-09-18 12:15:20,0.12952
2024-09-18 12:15:21,0.141472
2024-09-18 12:15:22,0.1546
2024-09-18 12:15:23,0.155664
2024-09-18 12:15:24,0.138168
2024-09-18 12:15:25,0.114872
2024-09-18 12:15:26,0.125296
2024-09-18 12:15:27,0.117848
2024-09-18 12:15:28,0.116528
2024-09-18 12:15:29,0.125584
2024-09-18 12:15:30,0.118336
2024-09-18 12:15:31,0.140152
2024-09-18 12:15:32,0.168064
2024-09-18 12:15:33,0.153712
2024-09-18 12:15:34,0.139672
2024-09-18 12:15:35,0.140144
2024-09-18 12:15:36,0.161096
2024-09-18 12:15:37,0.156048
2024-09-18 12:15:38,0.156808
2024-09-18 12:15:39,0.139096
2024-09-18 12:15:40,0.132192
2024-09-18 12:15:41,0.149144
2024-09-18 12:15:42,0.148888
2024-09-18 12:15:43,0.109848
2024-09-18 12:15:44,0.118368
2024-09-18 12:15:45,0.137376
2024-09-18 12:15:46,0.148232
2024-09-18 12:15:47,0.106352
2024-09-18 12:15:48,0.156152
2024-09-18 12:15:49,0.168056
2024-09-18 12:15:50,0.149984
2024-09-18 12:15:51,0.148336
2024-09-18 12:15:52,0.139664
2024-09-18 12:15:53,0.112512
2024-09-18 12:15:54,0.098656
2024-09-18 12:15:55,0.10272
2024-09-18 12:15:56,0.130632
2024-09-18 12:15:57,0.12376
2024-09-18 12:15:58,0.126368
2024-09-18 12:15:59,0.138592
2024-09-18 12:16:00,0.185976
2024-09-18 12:16:01,0.14536
2024-09-18 12:16:02,0.128472
2024-09-18 12:16:03,0.167712
2024-09-18 12:16:04,0.179288
2024-09-18 12:16:05,0.20424
2024-09-18 12:16:06,0.161576
2024-09-18 12:16:07,0.142584
2024-09-18 12:16:08,0.150304
2024-09-18 12:16:09,0.168536
2024-09-18 12:16:10,0.171992
2024-09-18 12:16:11,0.152008
2024-09-18 12:16:12,0.13576
2024-09-18 12:16:13,0.137712
2024-09-18 12:16:14,0.12676
2024-09-18 12:16:15,0.176056
2024-09-18 12:16:16,0.227208
2024-09-18 12:16:17,0.198944
2024-09-18 12:16:18,0.196808
2024-09-18 12:16:19,0.169936
2024-09-18 12:16:20,0.181152
2024-09-18 12:16:21,0.149728
2024-09-18 12:16:22,0.139248
2024-09-18 12:16:23,0.105016
2024-09-18 12:16:24,0.110568
2024-09-18 12:16:25,0.090048
2024-09-18 12:16:26,0.105072
2024-09-18 12:16:27,0.094464
2024-09-18 12:16:28,0.10868
2024-09-18 12:16:29,0.10336
2024-09-18 12:16:30,0.100608
2024-09-18 12:16:31,0.120976
2024-09-18 12:16:32,0.127392
2024-09-18 12:16:33,0.11312
2024-09-18 12:16:34,0.125728
2024-09-18 12:16:35,0.135624
2024-09-18 12:16:36,0.122456
2024-09-18 12:16:37,0.118576
2024-09-18 12:16:38,0.13488
2024-09-18 12:16:39,0.1388
2024-09-18 12:16:40,0.117864
2024-09-18 12:16:41,0.111296
2024-09-18 12:16:42,0.122144
2024-09-18 12:16:43,0.117968
2024-09-18 12:16:44,0.104768
2024-09-18 12:16:45,0.087264
2024-09-18 12:16:46,0.120256
2024-09-18 12:16:47,0.098176
2024-09-18 12:16:48,0.105048
2024-09-18 12:16:49,0.101192
2024-09-18 12:16:50,0.137648
2024-09-18 12:16:51,0.122848
2024-09-18 12:16:52,0.112736
2024-09-18 12:16:53,0.11048
2024-09-18 12:16:54,0.140896
2024-09-18 12:16:55,0.106688
2024-09-18 12:16:56,0.114032
2024-09-18 12:16:57,0.148312
2024-09-18 12:16:58,0.158064
2024-09-18 12:16:59,0.108576
2024-09-18 12:17:00,0.145864
2024-09-18 12:17:01,0.1126
2024-09-18 12:17:02,0.1664
2024-09-18 12:17:03,0.15304
2024-09-18 12:17:04,0.140416
2024-09-18 12:17:05,0.147592
2024-09-18 12:17:06,0.167248
2024-09-18 12:17:07,0.187408
2024-09-18 12:17:08,0.185344
2024-09-18 12:17:09,0.156896
2024-09-18 12:17:10,0.191776
2024-09-18 12:17:11,0.186048
2024-09-18 12:17:12,0.131056
2024-09-18 12:17:13,0.139928
2024-09-18 12:17:14,0.15848
2024-09-18 12:17:15,0.122448
2024-09-18 12:17:16,0.127152
2024-09-18 12:17:17,0.133744
2024-09-18 12:17:18,0.155264
2024-09-18 12:17:19,0.11412
2024-09-18 12:17:20,0.182768
2024-09-18 12:17:21,0.131648
2024-09-18 12:17:22,0.140768
2024-09-18 12:17:23,0.135368
2024-09-18 12:17:24,0.141736
2024-09-18 12:17:25,0.13572
2024-09-18 12:17:26,0.144376
2024-09-18 12:17:27,0.16028
2024-09-18 12:17:28,0.126968
2024-09-18 12:17:29,0.113712
2024-09-18 12:17:30,0.114528
2024-09-18 12:17:31,0.140208
2024-09-18 12:17:32,0.155712
2024-09-18 12:17:33,0.139624
2024-09-18 12:17:34,0.138416
2024-09-18 12:17:35,0.164624
2024-09-18 12:17:36,0.172144
2024-09-18 12:17:37,0.186864
2024-09-18 12:17:38,0.172304
2024-09-18 12:17:39,0.169568
2024-09-18 12:17:40,0.197648
2024-09-18 12:17:41,0.18988
2024-09-18 12:17:42,0.143088
2024-09-18 12:17:43,0.146336
2024-09-18 12:17:44,0.143208
2024-09-18 12:17:45,0.11884
2024-09-18 12:17:46,0.097936
2024-09-18 12:17:47,0.13932
2024-09-18 12:17:48,0.10944
2024-09-18 12:17:49,0.095088
2024-09-18 12:17:50,0.093632
2024-09-18 12:17:51,0.100456
2024-09-18 12:17:52,0.087048
2024-09-18 12:17:53,0.121312
2024-09-18 12:17:54,0.097192
2024-09-18 12:17:55,0.110968
2024-09-18 12:17:56,0.09576
2024-09-18 12:17:57,0.0798
2024-09-18 12:17:58,0.091544
2024-09-18 12:17:59,0.135584
2024-09-18 12:18:00,0.128336
2024-09-18 12:18:01,0.133112
2024-09-18 12:18:02,0.167304
2024-09-18 12:18:03,0.131904
2024-09-18 12:18:04,0.156384
2024-09-18 12:18:05,0.144616
2024-09-18 12:18:06,0.162888
2024-09-18 12:18:07,0.208104
2024-09-18 12:18:08,0.202792
2024-09-18 12:18:09,0.196464
2024-09-18 12:18:10,0.141192
2024-09-18 12:18:11,0.1252
2024-09-18 12:18:12,0.115696
2024-09-18 12:18:13,0.115272
2024-09-18 12:18:14,0.128952
2024-09-18 12:18:15,0.131728
2024-09-18 12:18:16,0.101992
2024-09-18 12:18:17,0.106608
2024-09-18 12:18:18,0.101328
2024-09-18 12:18:19,0.096032
2024-09-18 12:18:20,0.11672
2024-09-18 12:18:21,0.12752
2024-09-18 12:18:22,0.12448
2024-09-18 12:18:23,0.12452
2024-09-18 12:18:24,0.146224
2024-09-18 12:18:25,0.098984
2024-09-18 12:18:26,0.105472
2024-09-18 12:18:27,0.117984
2024-09-18 12:18:28,0.105008
2024-09-18 12:18:29,0.087464
2024-09-18 12:18:30,0.105728
2024-09-18 12:18:31,0.1124
2024-09-18 12:18:32,0.1094
2024-09-18 12:18:33,0.151328
2024-09-18 12:18:34,0.12716
2024-09-18 12:18:35,0.161984
2024-09-18 12:18:36,0.152592
2024-09-18 12:18:37,0.139136
2024-09-18 12:18:38,0.14128
2024-09-18 12:18:39,0.144848
2024-09-18 12:18:40,0.146488
2024-09-18 12:18:41,0.159224
2024-09-18 12:18:42,0.14452
2024-09-18 12:18:43,0.158352
2024-09-18 12:18:44,0.208128
2024-09-18 12:18:45,0.189504
2024-09-18 12:18:46,0.163968
2024-09-18 12:18:47,0.171368
2024-09-18 12:18:48,0.152456
2024-09-18 12:18:49,0.175424
2024-09-18 12:18:50,0.145376
2024-09-18 12:18:51,0.15656
2024-09-18 12:18:52,0.12952
2024-09-18 12:18:53,0.13008
2024-09-18 12:18:54,0.124016
2024-09-18 12:18:55,0.122824
2024-09-18 12:18:56,0.119856
2024-09-18 12:18:57,0.124112
2024-09-18 12:18:58,0.10592
2024-09-18 12:18:59,0.09464
2024-09-18 12:19:00,0.096088
2024-09-18 12:19:01,0.131304
2024-09-18 12:19:02,0.104272
2024-09-18 12:19:03,0.141088
2024-09-18 12:19:04,0.127128
2024-09-18 12:19:05,0.137768
2024-09-18 12:19:06,0.155864
2024-09-18 12:19:07,0.168968
2024-09-18 12:19:08,0.196984
2024-09-18 12:19:09,0.175464
2024-09-18 12:19:10,0.135096
2024-09-18 12:19:11,0.107832
2024-09-18 12:19:12,0.111816
2024-09-18 12:19:13,0.131608
2024-09-18 12:19:14,0.141472
2024-09-18 12:19:15,0.144008
2024-09-18 12:19:16,0.143584
2024-09-18 12:19:17,0.172032
2024-09-18 12:19:18,0.167112
2024-09-18 12:19:19,0.158512
2024-09-18 12:19:20,0.175672
2024-09-18 12:19:21,0.12528
2024-09-18 12:19:22,0.116568
2024-09-18 12:19:23,0.20748
2024-09-18 12:19:24,0.170288
2024-09-18 12:19:25,0.143096
2024-09-18 12:19:26,0.139664
2024-09-18 12:19:27,0.140272
2024-09-18 12:19:28,0.148872
2024-09-18 12:19:29,0.137064
2024-09-18 12:19:30,0.139304
2024-09-18 12:19:31,0.16472
2024-09-18 12:19:32,0.185112
2024-09-18 12:19:33,0.15852
2024-09-18 12:19:34,0.137352
2024-09-18 12:19:35,0.139288
2024-09-18 12:19:36,0.158272
2024-09-18 12:19:37,0.141592
2024-09-18 12:19:38,0.1464
2024-09-18 12:19:39,0.1342
2024-09-18 12:19:40,0.134552
2024-09-18 12:19:41,0.119224
2024-09-18 12:19:42,0.133504
2024-09-18 12:19:43,0.133984
2024-09-18 12:19:44,0.127024
2024-09-18 12:19:45,0.134824
2024-09-18 12:19:46,0.136784
2024-09-18 12:19:47,0.142832
2024-09-18 12:19:48,0.1256
2024-09-18 12:19:49,0.116648
2024-09-18 12:19:50,0.141928
2024-09-18 12:19:51,0.116544
2024-09-18 12:19:52,0.111984
2024-09-18 12:19:53,0.127064
2024-09-18 12:19:54,0.144976
2024-09-18 12:19:55,0.119784
2024-09-18 12:19:56,0.123944
2024-09-18 12:19:57,0.111016
2024-09-18 12:19:58,0.127016
2024-09-18 12:19:59,0.1096
2024-09-18 12:20:00,0.138112
2024-09-18 12:20:01,0.113608
2024-09-18 12:20:02,0.119696
2024-09-18 12:20:03,0.107968
2024-09-18 12:20:04,0.105176
2024-09-18 12:20:05,0.120648
2024-09-18 12:20:06,0.109016
2024-09-18 12:20:07,0.1226
2024-09-18 12:20:08,0.107664
2024-09-18 12:20:09,0.133544
2024-09-18 12:20:10,0.150496
2024-09-18 12:20:11,0.161696
2024-09-18 12:20:12,0.17412
2024-09-18 12:20:13,0.152248
2024-09-18 12:20:14,0.170752
2024-09-18 12:20:15,0.164456
2024-09-18 12:20:16,0.122624
2024-09-18 12:20:17,0.13912
2024-09-18 12:20:18,0.126112
2024-09-18 12:20:19,0.130312
2024-09-18 12:20:20,0.156176
2024-09-18 12:20:21,0.151256
2024-09-18 12:20:22,0.138904
2024-09-18 12:20:23,0.14972
2024-09-18 12:20:24,0.212808
2024-09-18 12:20:25,0.15148
2024-09-18 12:20:26,0.135384
2024-09-18 12:20:27,0.110528
2024-09-18 12:20:28,0.14752
2024-09-18 12:20:29,0.12812
2024-09-18 12:20:30,0.143928
2024-09-18 12:20:31,0.125112
2024-09-18 12:20:32,0.123176
2024-09-18 12:20:33,0.129888
2024-09-18 12:20:34,0.118424
2024-09-18 12:20:35,0.127152
2024-09-18 12:20:36,0.141496
2024-09-18 12:20:37,0.216008
2024-09-18 12:20:38,0.174928
2024-09-18 12:20:39,0.1622
2024-09-18 12:20:40,0.19852
2024-09-18 12:20:41,0.235016
2024-09-18 12:20:42,0.208264
2024-09-18 12:20:43,0.228856
2024-09-18 12:20:44,0.229224
2024-09-18 12:20:45,0.199776
2024-09-18 12:20:46,0.218752
2024-09-18 12:20:47,0.221808
2024-09-18 12:20:48,0.180448
2024-09-18 12:20:49,0.204944
2024-09-18 12:20:50,0.21412
2024-09-18 12:20:51,0.158824
2024-09-18 12:20:52,0.1538
2024-09-18 12:20:53,0.15024
2024-09-18 12:20:54,0.133904
2024-09-18 12:20:55,0.134936
2024-09-18 12:20:56,0.139328
2024-09-18 12:20:57,0.138712
2024-09-18 12:20:58,0.18704
2024-09-18 12:20:59,0.140776
2024-09-18 12:21:00,0.16276
2024-09-18 12:21:01,0.17984
2024-09-18 12:21:02,0.184888
2024-09-18 12:21:03,0.1492
2024-09-18 12:21:04,0.140336
2024-09-18 12:21:05,0.118248
2024-09-18 12:21:06,0.1434
2024-09-18 12:21:07,0.151312
2024-09-18 12:21:08,0.16388
2024-09-18 12:21:09,0.137872
2024-09-18 12:21:10,0.151592
2024-09-18 12:21:11,0.115608
2024-09-18 12:21:12,0.16636
2024-09-18 12:21:13,0.133368
2024-09-18 12:21:14,0.150952
2024-09-18 12:21:15,0.158232
2024-09-18 12:21:16,0.141184
2024-09-18 12:21:17,0.133504
2024-09-18 12:21:18,0.171424
2024-09-18 12:21:19,0.12824
2024-09-18 12:21:20,0.161936
2024-09-18 12:21:21,0.14192
2024-09-18 12:21:22,0.14928
2024-09-18 12:21:23,0.11076
2024-09-18 12:21:24,0.142312
2024-09-18 12:21:25,0.125848
2024-09-18 12:21:26,0.133344
2024-09-18 12:21:27,0.205536
2024-09-18 12:21:28,0.157304
2024-09-18 12:21:29,0.164344
2024-09-18 12:21:30,0.124464
2024-09-18 12:21:31,0.146216
2024-09-18 12:21:32,0.154432
2024-09-18 12:21:33,0.175664
2024-09-18 12:21:34,0.15628
2024-09-18 12:21:35,0.164504
2024-09-18 12:21:36,0.151056
2024-09-18 12:21:37,0.154472
2024-09-18 12:21:38,0.16448
2024-09-18 12:21:39,0.185216
2024-09-18 12:21:40,0.161712
2024-09-18 12:21:41,0.118416
2024-09-18 12:21:42,0.106104
2024-09-18 12:21:43,0.104216
2024-09-18 12:21:44,0.106808
2024-09-18 12:21:45,0.110856
2024-09-18 12:21:46,0.125832
2024-09-18 12:21:47,0.100912
2024-09-18 12:21:48,0.112952
2024-09-18 12:21:49,0.096016
2024-09-18 12:21:50,0.12004
2024-09-18 12:21:51,0.110592
2024-09-18 12:21:52,0.137096
2024-09-18 12:21:53,0.147144
2024-09-18 12:21:54,0.138928
2024-09-18 12:21:55,0.116184
2024-09-18 12:21:56,0.134856
2024-09-18 12:21:57,0.100896
2024-09-18 12:21:58,0.103208
2024-09-18 12:21:59,0.10824
2024-09-18 12:22:00,0.14216
2024-09-18 12:22:01,0.13072
2024-09-18 12:22:02,0.111416
2024-09-18 12:22:03,0.121056
2024-09-18 12:22:04,0.12172
2024-09-18 12:22:05,0.112312
2024-09-18 12:22:06,0.12948
2024-09-18 12:22:07,0.124608
2024-09-18 12:22:08,0.134344
2024-09-18 12:22:09,0.164728
2024-09-18 12:22:10,0.146896
2024-09-18 12:22:11,0.130424
2024-09-18 12:22:12,0.098296
2024-09-18 12:22:13,0.11372
2024-09-18 12:22:14,0.121344
2024-09-18 12:22:15,0.108096
2024-09-18 12:22:16,0.085472
2024-09-18 12:22:17,0.093208
2024-09-18 12:22:18,0.084968
2024-09-18 12:22:19,0.116064
2024-09-18 12:22:20,0.12832
2024-09-18 12:22:21,0.140608
2024-09-18 12:22:22,0.195696
2024-09-18 12:22:23,0.144416
2024-09-18 12:22:24,0.112512
2024-09-18 12:22:25,0.103456
2024-09-18 12:22:26,0.094192
2024-09-18 12:22:27,0.132
2024-09-18 12:22:28,0.128392
2024-09-18 12:22:29,0.102528
2024-09-18 12:22:30,0.117408
2024-09-18 12:22:31,0.140416
2024-09-18 12:22:32,0.150536
2024-09-18 12:22:33,0.133424
2024-09-18 12:22:34,0.13684
2024-09-18 12:22:35,0.162064
2024-09-18 12:22:36,0.16688
2024-09-18 12:22:37,0.18888
2024-09-18 12:22:38,0.192616
2024-09-18 12:22:39,0.191184
2024-09-18 12:22:40,0.181832
2024-09-18 12:22:41,0.163912
2024-09-18 12:22:42,0.162328
2024-09-18 12:22:43,0.147208
2024-09-18 12:22:44,0.16732
2024-09-18 12:22:45,0.148296
2024-09-18 12:22:46,0.177064
2024-09-18 12:22:47,0.167288
2024-09-18 12:22:48,0.156688
2024-09-18 12:22:49,0.137448
2024-09-18 12:22:50,0.131856
2024-09-18 12:22:51,0.148248
2024-09-18 12:22:52,0.176696
2024-09-18 12:22:53,0.170544
2024-09-18 12:22:54,0.199904
2024-09-18 12:22:55,0.153336
2024-09-18 12:22:56,0.182624
2024-09-18 12:22:57,0.152328
2024-09-18 12:22:58,0.141672
2024-09-18 12:22:59,0.154512
2024-09-18 12:23:00,0.167904
2024-09-18 12:23:01,0.20796
2024-09-18 12:23:02,0.154608
2024-09-18 12:23:03,0.137096
2024-09-18 12:23:04,0.146336
2024-09-18 12:23:05,0.112752
2024-09-18 12:23:06,0.204664
2024-09-18 12:23:07,0.201752
2024-09-18 12:23:08,0.21308
2024-09-18 12:23:09,0.16744
2024-09-18 12:23:10,0.150128
2024-09-18 12:23:11,0.14784
2024-09-18 12:23:12,0.10412
2024-09-18 12:23:13,0.118608
2024-09-18 12:23:14,0.109648
2024-09-18 12:23:15,0.121152
2024-09-18 12:23:16,0.137376
2024-09-18 12:23:17,0.109264
2024-09-18 12:23:18,0.139096
2024-09-18 12:23:19,0.14056
2024-09-18 12:23:20,0.199952
2024-09-18 12:23:21,0.227344
2024-09-18 12:23:22,0.172208
2024-09-18 12:23:23,0.189736
2024-09-18 12:23:24,0.209664
2024-09-18 12:23:25,0.173136
2024-09-18 12:23:26,0.194064
2024-09-18 12:23:27,0.198944
2024-09-18 12:23:28,0.199592
2024-09-18 12:23:29,0.173616
2024-09-18 12:23:30,0.140976
2024-09-18 12:23:31,0.128304
2024-09-18 12:23:32,0.110744
2024-09-18 12:23:33,0.11292
2024-09-18 12:23:34,0.109896
2024-09-18 12:23:35,0.099824
2024-09-18 12:23:36,0.113272
2024-09-18 12:23:37,0.097688
2024-09-18 12:23:38,0.126896
2024-09-18 12:23:39,0.119256
2024-09-18 12:23:40,0.173448
2024-09-18 12:23:41,0.163312
2024-09-18 12:23:42,0.189568
2024-09-18 12:23:43,0.167968
2024-09-18 12:23:44,0.140568
2024-09-18 12:23:45,0.145664
2024-09-18 12:23:46,0.137632
2024-09-18 12:23:47,0.141848
2024-09-18 12:23:48,0.139184
2024-09-18 12:23:49,0.101376
2024-09-18 12:23:50,0.1206
2024-09-18 12:23:51,0.125848
2024-09-18 12:23:52,0.098832
2024-09-18 12:23:53,0.098304
2024-09-18 12:23:54,0.092312
2024-09-18 12:23:55,0.111216
2024-09-18 12:23:56,0.124896
2024-09-18 12:23:57,0.137632
2024-09-18 12:23:58,0.106728
2024-09-18 12:23:59,0.115208
2024-09-18 12:24:00,0.135296
2024-09-18 12:24:01,0.0858
2024-09-18 12:24:02,0.088992
2024-09-18 12:24:03,0.099176
2024-09-18 12:24:04,0.121648
2024-09-18 12:24:05,0.142504
2024-09-18 12:24:06,0.122544
2024-09-18 12:24:07,0.123232
2024-09-18 12:24:08,0.120496
2024-09-18 12:24:09,0.12252
2024-09-18 12:24:10,0.114792
2024-09-18 12:24:11,0.128184
2024-09-18 12:24:12,0.116464
2024-09-18 12:24:13,0.0938
2024-09-18 12:24:14,0.107016
2024-09-18 12:24:15,0.109408
2024-09-18 12:24:16,0.113712
2024-09-18 12:24:17,0.117816
2024-09-18 12:24:18,0.114984
2024-09-18 12:24:19,0.098608
2024-09-18 12:24:20,0.097496
2024-09-18 12:24:21,0.103264
2024-09-18 12:24:22,0.080152
2024-09-18 12:24:23,0.098224
2024-09-18 12:24:24,0.127168
2024-09-18 12:24:25,0.163592
2024-09-18 12:24:26,0.132288
2024-09-18 12:24:27,0.150744
2024-09-18 12:24:28,0.12856
2024-09-18 12:24:29,0.155416
2024-09-18 12:24:30,0.14116
2024-09-18 12:24:31,0.14348
2024-09-18 12:24:32,0.103624
2024-09-18 12:24:33,0.10612
2024-09-18 12:24:34,0.14476
2024-09-18 12:24:35,0.123936
2024-09-18 12:24:36,0.119592
2024-09-18 12:24:37,0.157992
2024-09-18 12:24:38,0.175768
2024-09-18 12:24:39,0.179344
2024-09-18 12:24:40,0.16052
2024-09-18 12:24:41,0.168048
2024-09-18 12:24:42,0.14616
2024-09-18 12:24:43,0.133184
2024-09-18 12:24:44,0.1092
2024-09-18 12:24:45,0.13848
2024-09-18 12:24:46,0.194088
2024-09-18 12:24:47,0.158016
2024-09-18 12:24:48,0.174408
2024-09-18 12:24:49,0.13948
2024-09-18 12:24:50,0.116912
2024-09-18 12:24:51,0.125256
2024-09-18 12:24:52,0.127848
2024-09-18 12:24:53,0.124872
2024-09-18 12:24:54,0.12824
2024-09-18 12:24:55,0.1394
2024-09-18 12:24:56,0.154352
2024-09-18 12:24:57,0.15732
2024-09-18 12:24:58,0.15896
2024-09-18 12:24:59,0.120656
2024-09-18 12:25:00,0.165064
2024-09-18 12:25:01,0.15428
2024-09-18 12:25:02,0.133208
2024-09-18 12:25:03,0.115848
2024-09-18 12:25:04,0.134808
2024-09-18 12:25:05,0.12916
2024-09-18 12:25:06,0.117272
2024-09-18 12:25:07,0.13764
2024-09-18 12:25:08,0.119864
2024-09-18 12:25:09,0.146472
2024-09-18 12:25:10,0.12344
2024-09-18 12:25:11,0.112168
2024-09-18 12:25:12,0.103376
2024-09-18 12:25:13,0.164112
2024-09-18 12:25:14,0.154064
2024-09-18 12:25:15,0.144048
2024-09-18 12:25:16,0.161624
2024-09-18 12:25:17,0.137192
2024-09-18 12:25:18,0.141456
2024-09-18 12:25:19,0.13232
2024-09-18 12:25:20,0.122664
2024-09-18 12:25:21,0.142544
2024-09-18 12:25:22,0.148256
2024-09-18 12:25:23,0.14704
2024-09-18 12:25:24,0.15144
2024-09-18 12:25:25,0.143608
2024-09-18 12:25:26,0.13744
2024-09-18 12:25:27,0.137224
2024-09-18 12:25:28,0.107648
2024-09-18 12:25:29,0.138832
2024-09-18 12:25:30,0.143216
2024-09-18 12:25:31,0.105064
2024-09-18 12:25:32,0.11152
2024-09-18 12:25:33,0.120776
2024-09-18 12:25:34,0.116344
2024-09-18 12:25:35,0.12216
2024-09-18 12:25:36,0.151096
2024-09-18 12:25:37,0.169184
2024-09-18 12:25:38,0.176088
2024-09-18 12:25:39,0.15152
2024-09-18 12:25:40,0.134824
2024-09-18 12:25:41,0.108376
2024-09-18 12:25:42,0.109664
2024-09-18 12:25:43,0.105184
2024-09-18 12:25:44,0.108392
2024-09-18 12:25:45,0.089552
2024-09-18 12:25:46,0.097864
2024-09-18 12:25:47,0.096984
2024-09-18 12:25:48,0.096488
2024-09-18 12:25:49,0.116816
2024-09-18 12:25:50,0.14984
2024-09-18 12:25:51,0.133896
2024-09-18 12:25:52,0.17516
2024-09-18 12:25:53,0.168584
2024-09-18 12:25:54,0.24972
2024-09-18 12:25:55,0.252872
2024-09-18 12:25:56,0.237008
2024-09-18 12:25:57,0.252448
2024-09-18 12:25:58,0.202144
2024-09-18 12:25:59,0.182952
2024-09-18 12:26:00,0.242344
2024-09-18 12:26:01,0.269864
2024-09-18 12:26:02,0.211816
2024-09-18 12:26:03,0.14192
2024-09-18 12:26:04,0.173128
2024-09-18 12:26:05,0.20456
2024-09-18 12:26:06,0.150344
2024-09-18 12:26:07,0.180936
2024-09-18 12:26:08,0.15596
2024-09-18 12:26:09,0.160552
2024-09-18 12:26:10,0.142352
2024-09-18 12:26:11,0.128056
2024-09-18 12:26:12,0.136368
2024-09-18 12:26:13,0.166904
2024-09-18 12:26:14,0.152536
2024-09-18 12:26:15,0.118896
2024-09-18 12:26:16,0.187624
2024-09-18 12:26:17,0.155688
2024-09-18 12:26:18,0.13704
2024-09-18 12:26:19,0.144144
2024-09-18 12:26:20,0.128504
2024-09-18 12:26:21,0.144824
2024-09-18 12:26:22,0.117584
2024-09-18 12:26:23,0.104088
2024-09-18 12:26:24,0.096128
2024-09-18 12:26:25,0.096752
2024-09-18 12:26:26,0.10252
2024-09-18 12:26:27,0.111256
2024-09-18 12:26:28,0.095664
2024-09-18 12:26:29,0.07848
2024-09-18 12:26:30,0.074912
2024-09-18 12:26:31,0.081184
2024-09-18 12:26:32,0.084608
2024-09-18 12:26:33,0.058744
2024-09-18 12:26:34,0.101952
2024-09-18 12:26:35,0.10108
2024-09-18 12:26:36,0.084784
2024-09-18 12:26:37,0.182752
2024-09-18 12:26:38,0.157048
2024-09-18 12:26:39,0.163208
2024-09-18 12:26:40,0.163488
2024-09-18 12:26:41,0.18908
2024-09-18 12:26:42,0.203752
2024-09-18 12:26:43,0.18932
2024-09-18 12:26:44,0.169112
2024-09-18 12:26:45,0.169928
2024-09-18 12:26:46,0.16004
2024-09-18 12:26:47,0.146824
2024-09-18 12:26:48,0.160464
2024-09-18 12:26:49,0.161896
2024-09-18 12:26:50,0.157232
2024-09-18 12:26:51,0.153496
2024-09-18 12:26:52,0.1926
2024-09-18 12:26:53,0.166696
2024-09-18 12:26:54,0.11124
2024-09-18 12:26:55,0.106696
2024-09-18 12:26:56,0.139856
2024-09-18 12:26:57,0.117
2024-09-18 12:26:58,0.091656
2024-09-18 12:26:59,0.107384
2024-09-18 12:27:00,0.111032
2024-09-18 12:27:01,0.129168
2024-09-18 12:27:02,0.11988
2024-09-18 12:27:03,0.108424
2024-09-18 12:27:04,0.115552
2024-09-18 12:27:05,0.134016
2024-09-18 12:27:06,0.109952
2024-09-18 12:27:07,0.1246
2024-09-18 12:27:08,0.11176
2024-09-18 12:27:09,0.143072
2024-09-18 12:27:10,0.128832
2024-09-18 12:27:11,0.1714
2024-09-18 12:27:12,0.162368
2024-09-18 12:27:13,0.11
2024-09-18 12:27:14,0.095536
2024-09-18 12:27:15,0.097008
2024-09-18 12:27:16,0.08252
2024-09-18 12:27:17,0.080016
2024-09-18 12:27:18,0.092168
2024-09-18 12:27:19,0.083896
2024-09-18 12:27:20,0.08164
2024-09-18 12:27:21,0.122936
2024-09-18 12:27:22,0.13292
2024-09-18 12:27:23,0.142272
2024-09-18 12:27:24,0.131688
2024-09-18 12:27:25,0.146152
2024-09-18 12:27:26,0.16368
2024-09-18 12:27:27,0.178528
2024-09-18 12:27:28,0.138864
2024-09-18 12:27:29,0.135704
2024-09-18 12:27:30,0.127136
2024-09-18 12:27:31,0.085824
2024-09-18 12:27:32,0.109808
2024-09-18 12:27:33,0.114688
2024-09-18 12:27:34,0.144432
2024-09-18 12:27:35,0.11452
2024-09-18 12:27:36,0.156512
2024-09-18 12:27:37,0.148616
2024-09-18 12:27:38,0.159552
2024-09-18 12:27:39,0.156504
2024-09-18 12:27:40,0.188136
2024-09-18 12:27:41,0.145784
2024-09-18 12:27:42,0.143464
2024-09-18 12:27:43,0.17032
2024-09-18 12:27:44,0.126664
2024-09-18 12:27:45,0.126976
2024-09-18 12:27:46,0.112384
2024-09-18 12:27:47,0.119496
2024-09-18 12:27:48,0.100232
2024-09-18 12:27:49,0.109136
2024-09-18 12:27:50,0.125968
2024-09-18 12:27:51,0.116064
2024-09-18 12:27:52,0.11684
2024-09-18 12:27:53,0.131984
2024-09-18 12:27:54,0.162792
2024-09-18 12:27:55,0.162976
2024-09-18 12:27:56,0.184304
2024-09-18 12:27:57,0.191416
2024-09-18 12:27:58,0.191672
2024-09-18 12:27:59,0.162432
2024-09-18 12:28:00,0.114912
2024-09-18 12:28:01,0.137456
2024-09-18 12:28:02,0.12364
2024-09-18 12:28:03,0.148496
2024-09-18 12:28:04,0.143752
2024-09-18 12:28:05,0.216064
2024-09-18 12:28:06,0.204592
2024-09-18 12:28:07,0.239152
2024-09-18 12:28:08,0.214632
2024-09-18 12:28:09,0.22748
2024-09-18 12:28:10,0.222288
2024-09-18 12:28:11,0.213696
2024-09-18 12:28:12,0.194368
2024-09-18 12:28:13,0.212888
2024-09-18 12:28:14,0.197744
2024-09-18 12:28:15,0.15844
2024-09-18 12:28:16,0.148272
2024-09-18 12:28:17,0.15868
2024-09-18 12:28:18,0.158336
2024-09-18 12:28:19,0.151792
2024-09-18 12:28:20,0.16132
2024-09-18 12:28:21,0.144576
2024-09-18 12:28:22,0.147048
2024-09-18 12:28:23,0.199216
2024-09-18 12:28:24,0.20592
2024-09-18 12:28:25,0.186512
2024-09-18 12:28:26,0.166192
2024-09-18 12:28:27,0.162024
2024-09-18 12:28:28,0.116048
2024-09-18 12:28:29,0.125312
2024-09-18 12:28:30,0.127248
2024-09-18 12:28:31,0.115704
2024-09-18 12:28:32,0.104464
2024-09-18 12:28:33,0.17892
2024-09-18 12:28:34,0.165096
2024-09-18 12:28:35,0.163384
2024-09-18 12:28:36,0.154776
2024-09-18 12:28:37,0.156632
2024-09-18 12:28:38,0.160896
2024-09-18 12:28:39,0.17028
2024-09-18 12:28:40,0.175272
2024-09-18 12:28:41,0.198808
2024-09-18 12:28:42,0.181016
2024-09-18 12:28:43,0.213256
2024-09-18 12:28:44,0.176296
2024-09-18 12:28:45,0.156328
2024-09-18 12:28:46,0.162152
2024-09-18 12:28:47,0.19016
2024-09-18 12:28:48,0.159088
2024-09-18 12:28:49,0.16784
2024-09-18 12:28:50,0.170752
2024-09-18 12:28:51,0.147672
2024-09-18 12:28:52,0.137536
2024-09-18 12:28:53,0.135032
2024-09-18 12:28:54,0.194
2024-09-18 12:28:55,0.177048
2024-09-18 12:28:56,0.195888
2024-09-18 12:28:57,0.179648
2024-09-18 12:28:58,0.215536
2024-09-18 12:28:59,0.190512
2024-09-18 12:29:00,0.204944
2024-09-18 12:29:01,0.25844
2024-09-18 12:29:02,0.220848
2024-09-18 12:29:03,0.233064
2024-09-18 12:29:04,0.222176
2024-09-18 12:29:05,0.158296
2024-09-18 12:29:06,0.191912
2024-09-18 12:29:07,0.207808
2024-09-18 12:29:08,0.177768
2024-09-18 12:29:09,0.169384
2024-09-18 12:29:10,0.138992
2024-09-18 12:29:11,0.158984
2024-09-18 12:29:12,0.154336
2024-09-18 12:29:13,0.176456
2024-09-18 12:29:14,0.227992
2024-09-18 12:29:15,0.1518
2024-09-18 12:29:16,0.163632
2024-09-18 12:29:17,0.20028
2024-09-18 12:29:18,0.210688
2024-09-18 12:29:19,0.216248
2024-09-18 12:29:20,0.23524
2024-09-18 12:29:21,0.23072
2024-09-18 12:29:22,0.182632
2024-09-18 12:29:23,0.18116
2024-09-18 12:29:24,0.160152
2024-09-18 12:29:25,0.1336
2024-09-18 12:29:26,0.148056
2024-09-18 12:29:27,0.11512
2024-09-18 12:29:28,0.151232
2024-09-18 12:29:29,0.143352
2024-09-18 12:29:30,0.135104
2024-09-18 12:29:31,0.143768
2024-09-18 12:29:32,0.184736
2024-09-18 12:29:33,0.141456
2024-09-18 12:29:34,0.137528
2024-09-18 12:29:35,0.124416
2024-09-18 12:29:36,0.163712
2024-09-18 12:29:37,0.106696
2024-09-18 12:29:38,0.128344
2024-09-18 12:29:39,0.127112
2024-09-18 12:29:40,0.131504
2024-09-18 12:29:41,0.133088
2024-09-18 12:29:42,0.142248
2024-09-18 12:29:43,0.160696
2024-09-18 12:29:44,0.129264
2024-09-18 12:29:45,0.149048
2024-09-18 12:29:46,0.145784
2024-09-18 12:29:47,0.116896
2024-09-18 12:29:48,0.114112
2024-09-18 12:29:49,0.103272
2024-09-18 12:29:50,0.114736
2024-09-18 12:29:51,0.0994
2024-09-18 12:29:52,0.109192
2024-09-18 12:29:53,0.120368
2024-09-18 12:29:54,0.119464
2024-09-18 12:29:55,0.112656
2024-09-18 12:29:56,0.12676
2024-09-18 12:29:57,0.109328
2024-09-18 12:29:58,0.1162
2024-09-18 12:29:59,0.095112
2024-09-18 12:30:00,0.106248
2024-09-18 12:30:01,0.147776
2024-09-18 12:30:02,0.117992
2024-09-18 12:30:03,0.09108
2024-09-18 12:30:04,0.118816
2024-09-18 12:30:05,0.140672
2024-09-18 12:30:06,0.185232
2024-09-18 12:30:07,0.193704
2024-09-18 12:30:08,0.124264
2024-09-18 12:30:09,0.138528
2024-09-18 12:30:10,0.203888
2024-09-18 12:30:11,0.19864
2024-09-18 12:30:12,0.23472
2024-09-18 12:30:13,0.15832
2024-09-18 12:30:14,0.133672
2024-09-18 12:30:15,0.165664
2024-09-18 12:30:16,0.123576
2024-09-18 12:30:17,0.175304
2024-09-18 12:30:18,0.131312
2024-09-18 12:30:19,0.15568
2024-09-18 12:30:20,0.14124
2024-09-18 12:30:21,0.150664
2024-09-18 12:30:22,0.219072
2024-09-18 12:30:23,0.14452
2024-09-18 12:30:24,0.146784
2024-09-18 12:30:25,0.16772
2024-09-18 12:30:26,0.16584
2024-09-18 12:30:27,0.141672
2024-09-18 12:30:28,0.160656
2024-09-18 12:30:29,0.121816
2024-09-18 12:30:30,0.11156
2024-09-18 12:30:31,0.151256
2024-09-18 12:30:32,0.124856
2024-09-18 12:30:33,0.132712
2024-09-18 12:30:34,0.122208
2024-09-18 12:30:35,0.114056
2024-09-18 12:30:36,0.111704
2024-09-18 12:30:37,0.083304
2024-09-18 12:30:38,0.137248
2024-09-18 12:30:39,0.11228
2024-09-18 12:30:40,0.101808
2024-09-18 12:30:41,0.122912
2024-09-18 12:30:42,0.15796
2024-09-18 12:30:43,0.187008
2024-09-18 12:30:44,0.18888
2024-09-18 12:30:45,0.175784
2024-09-18 12:30:46,0.167056
2024-09-18 12:30:47,0.17716
2024-09-18 12:30:48,0.148288
2024-09-18 12:30:49,0.163416
2024-09-18 12:30:50,0.167592
2024-09-18 12:30:51,0.164952
2024-09-18 12:30:52,0.134688
2024-09-18 12:30:53,0.103456
2024-09-18 12:30:54,0.158728
2024-09-18 12:30:55,0.157336
2024-09-18 12:30:56,0.129472
2024-09-18 12:30:57,0.143504
2024-09-18 12:30:58,0.140592
2024-09-18 12:30:59,0.137968
2024-09-18 12:31:00,0.144992
2024-09-18 12:31:01,0.169296
2024-09-18 12:31:02,0.120928
2024-09-18 12:31:03,0.131936
2024-09-18 12:31:04,0.13
2024-09-18 12:31:05,0.189096
2024-09-18 12:31:06,0.2186
2024-09-18 12:31:07,0.203496
2024-09-18 12:31:08,0.194848
2024-09-18 12:31:09,0.218984
2024-09-18 12:31:10,0.20316
2024-09-18 12:31:11,0.222144
2024-09-18 12:31:12,0.164416
2024-09-18 12:31:13,0.222512
2024-09-18 12:31:14,0.214312
2024-09-18 12:31:15,0.223256
2024-09-18 12:31:16,0.209832
2024-09-18 12:31:17,0.187536
2024-09-18 12:31:18,0.1782
2024-09-18 12:31:19,0.245824
2024-09-18 12:31:20,0.2104
2024-09-18 12:31:21,0.232376
2024-09-18 12:31:22,0.195584
2024-09-18 12:31:23,0.158416
2024-09-18 12:31:24,0.157216
2024-09-18 12:31:25,0.075112
2024-09-18 12:31:26,0.070392
2024-09-18 12:31:27,0.04308
2024-09-18 12:31:28,0.041728
2024-09-18 12:31:29,0.012344
2024-09-18 12:31:30,0.00124
2024-09-18 12:31:31,0.002528
2024-09-18 12:31:32,0.00124
2024-09-18 12:31:33,0.00188
2024-09-18 12:31:34,0.00124
2024-09-18 12:31:35,0.00064
2024-09-18 12:31:37,0.00064
2024-09-18 12:31:39,0.00064
2024-09-18 12:36:27,0.014688
2024-09-18 12:36:28,0.165088
2024-09-18 12:36:29,0.021
2024-09-18 12:36:30,0.037752
2024-09-18 12:36:31,0.021952
2024-09-18 12:36:32,0.026728
2024-09-18 12:36:33,0.033656
2024-09-18 12:36:34,0.317832
2024-09-18 12:36:35,0.047536
2024-09-18 12:36:36,0.059744
2024-09-18 12:36:37,0.034368
2024-09-18 12:36:38,0.276552
2024-09-18 12:36:39,0.046472
2024-09-18 12:36:40,0.053936
2024-09-18 12:36:41,0.039792
2024-09-18 12:36:42,0.074408
2024-09-18 12:36:43,0.056336
2024-09-18 12:36:44,0.054512
2024-09-18 12:36:45,0.020096
2024-09-18 12:36:46,0.061152
2024-09-18 12:36:47,0.037376
2024-09-18 12:36:48,0.041688
2024-09-18 12:36:49,0.038
2024-09-18 12:36:50,0.04856
2024-09-18 12:36:51,0.039872
2024-09-18 12:36:52,0.026384
2024-09-18 12:36:53,0.044792
2024-09-18 12:36:54,0.061264
2024-09-18 12:36:55,0.046104
2024-09-18 12:36:56,0.035824
2024-09-18 12:36:57,0.056584
2024-09-18 12:36:58,0.036888
2024-09-18 12:36:59,0.033648
2024-09-18 12:37:00,0.035624
2024-09-18 12:37:01,0.03964
2024-09-18 12:37:02,0.0514
2024-09-18 12:37:03,0.043544
2024-09-18 12:37:04,0.043552
2024-09-18 12:37:05,0.051704
2024-09-18 12:37:06,0.050504
2024-09-18 12:37:07,0.06108
2024-09-18 12:37:08,0.055056
2024-09-18 12:37:09,0.047392
2024-09-18 12:37:10,0.053816
2024-09-18 12:37:11,0.047024
2024-09-18 12:37:12,0.049568
2024-09-18 12:37:13,0.045296
2024-09-18 12:37:14,0.05916
2024-09-18 12:37:15,0.056408
2024-09-18 12:37:16,0.056856
2024-09-18 12:37:17,0.045128
2024-09-18 12:37:18,0.036784
2024-09-18 12:37:19,0.028016
2024-09-18 12:37:20,0.04516
2024-09-18 12:37:21,0.04404
2024-09-18 12:37:22,0.031064
2024-09-18 12:37:23,0.033992
2024-09-18 12:37:24,0.031896
2024-09-18 12:37:25,0.04092
2024-09-18 12:37:26,0.0374
2024-09-18 12:37:27,0.033856
2024-09-18 12:37:28,0.036136
2024-09-18 12:37:29,0.0294
2024-09-18 12:37:30,0.028864
2024-09-18 12:37:31,0.041488
2024-09-18 12:37:32,0.043432
2024-09-18 12:37:33,0.055632
2024-09-18 12:37:34,0.052224
2024-09-18 12:37:35,0.053048
2024-09-18 12:37:36,0.044632
2024-09-18 12:37:37,0.046936
2024-09-18 12:37:38,0.075336
2024-09-18 12:37:39,0.047424
2024-09-18 12:37:40,0.051608
2024-09-18 12:37:41,0.042928
2024-09-18 12:37:42,0.050192
2024-09-18 12:37:43,0.05364
2024-09-18 12:37:44,0.05
2024-09-18 12:37:45,0.065576
2024-09-18 12:37:46,0.0674
2024-09-18 12:37:47,0.056328
2024-09-18 12:37:48,0.03496
2024-09-18 12:37:49,0.030792
2024-09-18 12:37:50,0.047976
2024-09-18 12:37:51,0.045576
2024-09-18 12:37:52,0.067992
2024-09-18 12:37:53,0.064384
2024-09-18 12:37:54,0.049488
2024-09-18 12:37:55,0.05224
2024-09-18 12:37:56,0.05488
2024-09-18 12:37:57,0.046232
2024-09-18 12:37:58,0.054104
2024-09-18 12:37:59,0.054152
2024-09-18 12:38:00,0.057568
2024-09-18 12:38:01,0.053608
2024-09-18 12:38:02,0.068944
2024-09-18 12:38:03,0.063376
2024-09-18 12:38:04,0.06396
2024-09-18 12:38:05,0.07184
2024-09-18 12:38:06,0.102416
2024-09-18 12:38:07,0.082856
2024-09-18 12:38:08,0.096136
2024-09-18 12:38:09,0.085064
2024-09-18 12:38:10,0.07884
2024-09-18 12:38:11,0.087248
2024-09-18 12:38:12,0.08796
2024-09-18 12:38:13,0.103096
2024-09-18 12:38:14,0.099512
2024-09-18 12:38:15,0.123568
2024-09-18 12:38:16,0.106464
2024-09-18 12:38:17,0.100192
2024-09-18 12:38:18,0.092808
2024-09-18 12:38:19,0.101568
2024-09-18 12:38:20,0.117344
2024-09-18 12:38:21,0.098544
2024-09-18 12:38:22,0.0922
2024-09-18 12:38:23,0.089112
2024-09-18 12:38:24,0.078728
2024-09-18 12:38:25,0.113872
2024-09-18 12:38:26,0.108888
2024-09-18 12:38:27,0.118432
2024-09-18 12:38:28,0.1316
2024-09-18 12:38:29,0.123144
2024-09-18 12:38:30,0.137344
2024-09-18 12:38:31,0.120048
2024-09-18 12:38:32,0.138624
2024-09-18 12:38:33,0.146168
2024-09-18 12:38:34,0.118824
2024-09-18 12:38:35,0.13872
2024-09-18 12:38:36,0.134664
2024-09-18 12:38:37,0.130088
2024-09-18 12:38:38,0.166696
2024-09-18 12:38:39,0.14304
2024-09-18 12:38:40,0.149192
2024-09-18 12:38:41,0.15908
2024-09-18 12:38:42,0.122648
2024-09-18 12:38:43,0.131976
2024-09-18 12:38:44,0.139264
2024-09-18 12:38:45,0.125776
2024-09-18 12:38:46,0.156176
2024-09-18 12:38:47,0.15632
2024-09-18 12:38:48,0.159584
2024-09-18 12:38:49,0.150208
2024-09-18 12:38:50,0.159592
2024-09-18 12:38:51,0.144696
2024-09-18 12:38:52,0.142728
2024-09-18 12:38:53,0.176072
2024-09-18 12:38:54,0.154504
2024-09-18 12:38:55,0.131992
2024-09-18 12:38:56,0.133208
2024-09-18 12:38:57,0.14636
2024-09-18 12:38:58,0.126128
2024-09-18 12:38:59,0.11604
2024-09-18 12:39:00,0.1262
2024-09-18 12:39:01,0.126368
2024-09-18 12:39:02,0.139168
2024-09-18 12:39:03,0.131472
2024-09-18 12:39:04,0.126288
2024-09-18 12:39:05,0.12544
2024-09-18 12:39:06,0.149256
2024-09-18 12:39:07,0.165968
2024-09-18 12:39:08,0.162232
2024-09-18 12:39:09,0.150328
2024-09-18 12:39:10,0.148
2024-09-18 12:39:11,0.155648
2024-09-18 12:39:12,0.16668
2024-09-18 12:39:13,0.165632
2024-09-18 12:39:14,0.162696
2024-09-18 12:39:15,0.148256
2024-09-18 12:39:16,0.13256
2024-09-18 12:39:17,0.149304
2024-09-18 12:39:18,0.126024
2024-09-18 12:39:19,0.128352
2024-09-18 12:39:20,0.128768
2024-09-18 12:39:21,0.132576
2024-09-18 12:39:22,0.11856
2024-09-18 12:39:23,0.137112
2024-09-18 12:39:24,0.148616
2024-09-18 12:39:25,0.147368
2024-09-18 12:39:26,0.128328
2024-09-18 12:39:27,0.144176
2024-09-18 12:39:28,0.143304
2024-09-18 12:39:29,0.162344
2024-09-18 12:39:30,0.141024
2024-09-18 12:39:31,0.140888
2024-09-18 12:39:32,0.124832
2024-09-18 12:39:33,0.131152
2024-09-18 12:39:34,0.140288
2024-09-18 12:39:35,0.146192
2024-09-18 12:39:36,0.1424
2024-09-18 12:39:37,0.11848
2024-09-18 12:39:38,0.1804
2024-09-18 12:39:39,0.125424
2024-09-18 12:39:40,0.134664
2024-09-18 12:39:41,0.12748
2024-09-18 12:39:42,0.128232
2024-09-18 12:39:43,0.180848
2024-09-18 12:39:44,0.183376
2024-09-18 12:39:45,0.192208
2024-09-18 12:39:46,0.1566
2024-09-18 12:39:47,0.1304
2024-09-18 12:39:48,0.134112
2024-09-18 12:39:49,0.144368
2024-09-18 12:39:50,0.128
2024-09-18 12:39:51,0.124936
2024-09-18 12:39:52,0.115688
2024-09-18 12:39:53,0.162608
2024-09-18 12:39:54,0.136888
2024-09-18 12:39:55,0.11908
2024-09-18 12:39:56,0.122656
2024-09-18 12:39:57,0.125272
2024-09-18 12:39:58,0.131064
2024-09-18 12:39:59,0.114584
2024-09-18 12:40:00,0.111216
2024-09-18 12:40:01,0.117688
2024-09-18 12:40:02,0.118888
2024-09-18 12:40:03,0.109656
2024-09-18 12:40:04,0.13816
2024-09-18 12:40:05,0.170824
2024-09-18 12:40:06,0.12804
2024-09-18 12:40:07,0.13676
2024-09-18 12:40:08,0.135792
2024-09-18 12:40:09,0.137784
2024-09-18 12:40:10,0.142832
2024-09-18 12:40:11,0.156048
2024-09-18 12:40:12,0.145608
2024-09-18 12:40:13,0.132112
2024-09-18 12:40:14,0.129944
2024-09-18 12:40:15,0.122848
2024-09-18 12:40:16,0.148656
2024-09-18 12:40:17,0.133288
2024-09-18 12:40:18,0.124736
2024-09-18 12:40:19,0.078808
2024-09-18 12:40:20,0.124936
2024-09-18 12:40:21,0.112408
2024-09-18 12:40:22,0.106792
2024-09-18 12:40:23,0.107656
2024-09-18 12:40:24,0.097496
2024-09-18 12:40:25,0.123304
2024-09-18 12:40:26,0.138264
2024-09-18 12:40:27,0.16268
2024-09-18 12:40:28,0.075192
2024-09-18 12:40:29,0.15404
2024-09-18 12:40:30,0.138616
2024-09-18 12:40:31,0.143488
2024-09-18 12:40:32,0.129
2024-09-18 12:40:33,0.108544
2024-09-18 12:40:34,0.128504
2024-09-18 12:40:35,0.116256
2024-09-18 12:40:36,0.138824
2024-09-18 12:40:37,0.14432
2024-09-18 12:40:38,0.164448
2024-09-18 12:40:39,0.162344
2024-09-18 12:40:40,0.14284
2024-09-18 12:40:41,0.141392
2024-09-18 12:40:42,0.166184
2024-09-18 12:40:43,0.165376
2024-09-18 12:40:44,0.161768
2024-09-18 12:40:45,0.084488
2024-09-18 12:40:46,0.057368
2024-09-18 12:40:47,0.13068
2024-09-18 12:40:48,0.128144
2024-09-18 12:40:49,0.146376
2024-09-18 12:40:50,0.137184
2024-09-18 12:40:51,0.151584
2024-09-18 12:40:52,0.136056
2024-09-18 12:40:53,0.1276
2024-09-18 12:40:54,0.1206
2024-09-18 12:40:55,0.133088
2024-09-18 12:40:56,0.12504
2024-09-18 12:40:57,0.134528
2024-09-18 12:40:58,0.132736
2024-09-18 12:40:59,0.152808
2024-09-18 12:41:00,0.139472
2024-09-18 12:41:01,0.107896
2024-09-18 12:41:02,0.154432
2024-09-18 12:41:03,0.139192
2024-09-18 12:41:04,0.191704
2024-09-18 12:41:05,0.16844
2024-09-18 12:41:06,0.13556
2024-09-18 12:41:07,0.137024
2024-09-18 12:41:08,0.13968
2024-09-18 12:41:09,0.135272
2024-09-18 12:41:10,0.151992
2024-09-18 12:41:11,0.138744
2024-09-18 12:41:12,0.140176
2024-09-18 12:41:13,0.150688
2024-09-18 12:41:14,0.159616
2024-09-18 12:41:15,0.150952
2024-09-18 12:41:16,0.126968
2024-09-18 12:41:17,0.134264
2024-09-18 12:41:18,0.132176
2024-09-18 12:41:19,0.110504
2024-09-18 12:41:20,0.146432
2024-09-18 12:41:21,0.140512
2024-09-18 12:41:22,0.132584
2024-09-18 12:41:23,0.124976
2024-09-18 12:41:24,0.12656
2024-09-18 12:41:25,0.161
2024-09-18 12:41:26,0.13996
2024-09-18 12:41:27,0.140776
2024-09-18 12:41:28,0.117416
2024-09-18 12:41:29,0.104512
2024-09-18 12:41:30,0.125096
2024-09-18 12:41:31,0.136168
2024-09-18 12:41:32,0.163752
2024-09-18 12:41:33,0.139752
2024-09-18 12:41:34,0.133008
2024-09-18 12:41:35,0.123848
2024-09-18 12:41:36,0.140248
2024-09-18 12:41:37,0.105712
2024-09-18 12:41:38,0.155896
2024-09-18 12:41:39,0.113528
2024-09-18 12:41:40,0.134456
2024-09-18 12:41:41,0.125544
2024-09-18 12:41:42,0.104176
2024-09-18 12:41:43,0.125624
2024-09-18 12:41:44,0.106704
2024-09-18 12:41:45,0.110992
2024-09-18 12:41:46,0.127144
2024-09-18 12:41:47,0.076472
2024-09-18 12:41:48,0.097344
2024-09-18 12:41:49,0.104464
2024-09-18 12:41:50,0.101544
2024-09-18 12:41:51,0.093008
2024-09-18 12:41:52,0.105816
2024-09-18 12:41:53,0.121416
2024-09-18 12:41:54,0.106856
2024-09-18 12:41:55,0.112248
2024-09-18 12:41:56,0.123272
2024-09-18 12:41:57,0.130192
2024-09-18 12:41:58,0.13652
2024-09-18 12:41:59,0.130952
2024-09-18 12:42:00,0.111656
2024-09-18 12:42:01,0.115232
2024-09-18 12:42:02,0.14008
2024-09-18 12:42:03,0.121424
2024-09-18 12:42:04,0.124888
2024-09-18 12:42:05,0.162848
2024-09-18 12:42:06,0.15432
2024-09-18 12:42:07,0.143128
2024-09-18 12:42:08,0.209664
2024-09-18 12:42:09,0.174304
2024-09-18 12:42:10,0.172592
2024-09-18 12:42:11,0.134576
2024-09-18 12:42:12,0.152056
2024-09-18 12:42:13,0.142568
2024-09-18 12:42:14,0.143232
2024-09-18 12:42:15,0.131904
2024-09-18 12:42:16,0.131912
2024-09-18 12:42:17,0.135792
2024-09-18 12:42:18,0.10836
2024-09-18 12:42:19,0.116136
2024-09-18 12:42:20,0.135696
2024-09-18 12:42:21,0.123856
2024-09-18 12:42:22,0.13052
2024-09-18 12:42:23,0.128744
2024-09-18 12:42:24,0.120288
2024-09-18 12:42:25,0.12444
2024-09-18 12:42:26,0.129016
2024-09-18 12:42:27,0.116064
2024-09-18 12:42:28,0.13856
2024-09-18 12:42:29,0.173984
2024-09-18 12:42:30,0.151112
2024-09-18 12:42:31,0.113888
2024-09-18 12:42:32,0.125936
2024-09-18 12:42:33,0.105512
2024-09-18 12:42:34,0.120112
2024-09-18 12:42:35,0.10808
2024-09-18 12:42:36,0.13104
2024-09-18 12:42:37,0.137648
2024-09-18 12:42:38,0.161448
2024-09-18 12:42:39,0.140904
2024-09-18 12:42:40,0.145408
2024-09-18 12:42:41,0.15608
2024-09-18 12:42:42,0.137968
2024-09-18 12:42:43,0.143744
2024-09-18 12:42:44,0.156752
2024-09-18 12:42:45,0.137064
2024-09-18 12:42:46,0.136864
2024-09-18 12:42:47,0.152008
2024-09-18 12:42:48,0.131512
2024-09-18 12:42:49,0.142264
2024-09-18 12:42:50,0.144512
2024-09-18 12:42:51,0.14476
2024-09-18 12:42:52,0.11156
2024-09-18 12:42:53,0.12716
2024-09-18 12:42:54,0.103016
2024-09-18 12:42:55,0.119448
2024-09-18 12:42:56,0.119
2024-09-18 12:42:57,0.122048
2024-09-18 12:42:58,0.118032
2024-09-18 12:42:59,0.128672
2024-09-18 12:43:00,0.137944
2024-09-18 12:43:01,0.12124
2024-09-18 12:43:02,0.134344
2024-09-18 12:43:03,0.1374
2024-09-18 12:43:04,0.102512
2024-09-18 12:43:05,0.103856
2024-09-18 12:43:06,0.126768
2024-09-18 12:43:07,0.113352
2024-09-18 12:43:08,0.076992
2024-09-18 12:43:09,0.101608
2024-09-18 12:43:10,0.11684
2024-09-18 12:43:11,0.137072
2024-09-18 12:43:12,0.127936
2024-09-18 12:43:13,0.127496
2024-09-18 12:43:14,0.130928
2024-09-18 12:43:15,0.121656
2024-09-18 12:43:16,0.115144
2024-09-18 12:43:17,0.129608
2024-09-18 12:43:18,0.152608
2024-09-18 12:43:19,0.1186
2024-09-18 12:43:20,0.136624
2024-09-18 12:43:21,0.122928
2024-09-18 12:43:22,0.138872
2024-09-18 12:43:23,0.120056
2024-09-18 12:43:24,0.104712
2024-09-18 12:43:25,0.097952
2024-09-18 12:43:26,0.109808
2024-09-18 12:43:27,0.1082
2024-09-18 12:43:28,0.08864
2024-09-18 12:43:29,0.099848
2024-09-18 12:43:30,0.08212
2024-09-18 12:43:31,0.090944
2024-09-18 12:43:32,0.08156
2024-09-18 12:43:33,0.08276
2024-09-18 12:43:34,0.07816
2024-09-18 12:43:35,0.095504
2024-09-18 12:43:36,0.100528
2024-09-18 12:43:37,0.110096
2024-09-18 12:43:38,0.158192
2024-09-18 12:43:39,0.116808
2024-09-18 12:43:40,0.115504
2024-09-18 12:43:41,0.13292
2024-09-18 12:43:42,0.146288
2024-09-18 12:43:43,0.149328
2024-09-18 12:43:44,0.146456
2024-09-18 12:43:45,0.1486
2024-09-18 12:43:46,0.135336
2024-09-18 12:43:47,0.102432
2024-09-18 12:43:48,0.10624
2024-09-18 12:43:49,0.125912
2024-09-18 12:43:50,0.108328
2024-09-18 12:43:51,0.086232
2024-09-18 12:43:52,0.134768
2024-09-18 12:43:53,0.138896
2024-09-18 12:43:54,0.128408
2024-09-18 12:43:55,0.1298
2024-09-18 12:43:56,0.150576
2024-09-18 12:43:57,0.143584
2024-09-18 12:43:58,0.1478
2024-09-18 12:43:59,0.120128
2024-09-18 12:44:00,0.104536
2024-09-18 12:44:01,0.116296
2024-09-18 12:44:02,0.123752
2024-09-18 12:44:03,0.122056
2024-09-18 12:44:04,0.12684
2024-09-18 12:44:05,0.178592
2024-09-18 12:44:06,0.1326
2024-09-18 12:44:07,0.138408
2024-09-18 12:44:08,0.18364
2024-09-18 12:44:09,0.174288
2024-09-18 12:44:10,0.180936
2024-09-18 12:44:11,0.165408
2024-09-18 12:44:12,0.153184
2024-09-18 12:44:13,0.111064
2024-09-18 12:44:14,0.13944
2024-09-18 12:44:15,0.14972
2024-09-18 12:44:16,0.150408
2024-09-18 12:44:17,0.146488
2024-09-18 12:44:18,0.119312
2024-09-18 12:44:19,0.144904
2024-09-18 12:44:20,0.15468
2024-09-18 12:44:21,0.18152
2024-09-18 12:44:22,0.098168
2024-09-18 12:44:23,0.141808
2024-09-18 12:44:24,0.178104
2024-09-18 12:44:25,0.146496
2024-09-18 12:44:26,0.136688
2024-09-18 12:44:27,0.154328
2024-09-18 12:44:28,0.152368
2024-09-18 12:44:29,0.197792
2024-09-18 12:44:30,0.137544
2024-09-18 12:44:31,0.163288
2024-09-18 12:44:32,0.155344
2024-09-18 12:44:33,0.141312
2024-09-18 12:44:34,0.185032
2024-09-18 12:44:35,0.21896
2024-09-18 12:44:36,0.128848
2024-09-18 12:44:37,0.15296
2024-09-18 12:44:38,0.165472
2024-09-18 12:44:39,0.147352
2024-09-18 12:44:40,0.155104
2024-09-18 12:44:41,0.08312
2024-09-18 12:44:42,0.004336
2024-09-18 12:44:43,0.181544
2024-09-18 12:44:44,0.177136
2024-09-18 12:44:45,0.1512
2024-09-18 12:44:46,0.135336
2024-09-18 12:44:47,0.148168
2024-09-18 12:44:48,0.139472
2024-09-18 12:44:49,0.146704
2024-09-18 12:44:50,0.130936
2024-09-18 12:44:51,0.13516
2024-09-18 12:44:52,0.119648
2024-09-18 12:44:53,0.123728
2024-09-18 12:44:54,0.124864
2024-09-18 12:44:55,0.12704
2024-09-18 12:44:56,0.113424
2024-09-18 12:44:57,0.11792
2024-09-18 12:44:58,0.11072
2024-09-18 12:44:59,0.111616
2024-09-18 12:45:00,0.132104
2024-09-18 12:45:01,0.09948
2024-09-18 12:45:02,0.11376
2024-09-18 12:45:03,0.1136
2024-09-18 12:45:04,0.108168
2024-09-18 12:45:05,0.129368
2024-09-18 12:45:06,0.128968
2024-09-18 12:45:07,0.11584
2024-09-18 12:45:08,0.131048
2024-09-18 12:45:09,0.120512
2024-09-18 12:45:10,0.122704
2024-09-18 12:45:11,0.114056
2024-09-18 12:45:12,0.106976
2024-09-18 12:45:13,0.11688
2024-09-18 12:45:14,0.099144
2024-09-18 12:45:15,0.047072
2024-09-18 12:45:16,0.09624
2024-09-18 12:45:17,0.10484
2024-09-18 12:45:18,0.099872
2024-09-18 12:45:19,0.113152
2024-09-18 12:45:20,0.107104
2024-09-18 12:45:21,0.114232
2024-09-18 12:45:22,0.101232
2024-09-18 12:45:23,0.117176
2024-09-18 12:45:24,0.106952
2024-09-18 12:45:25,0.124656
2024-09-18 12:45:26,0.117408
2024-09-18 12:45:27,0.13868
2024-09-18 12:45:28,0.117288
2024-09-18 12:45:29,0.126704
2024-09-18 12:45:30,0.116392
2024-09-18 12:45:31,0.109256
2024-09-18 12:45:32,0.121264
2024-09-18 12:45:33,0.117328
2024-09-18 12:45:34,0.111688
2024-09-18 12:45:35,0.132728
2024-09-18 12:45:36,0.128424
2024-09-18 12:45:37,0.158352
2024-09-18 12:45:38,0.18496
2024-09-18 12:45:39,0.130168
2024-09-18 12:45:40,0.126488
2024-09-18 12:45:41,0.125656
2024-09-18 12:45:42,0.142376
2024-09-18 12:45:43,0.122048
2024-09-18 12:45:44,0.113832
2024-09-18 12:45:45,0.1162
2024-09-18 12:45:46,0.130056
2024-09-18 12:45:47,0.138928
2024-09-18 12:45:48,0.1378
2024-09-18 12:45:49,0.08928
2024-09-18 12:45:50,0.127968
2024-09-18 12:45:51,0.120888
2024-09-18 12:45:52,0.106544
2024-09-18 12:45:53,0.113864
2024-09-18 12:45:54,0.102072
2024-09-18 12:45:55,0.118384
2024-09-18 12:45:56,0.123592
2024-09-18 12:45:57,0.12036
2024-09-18 12:45:58,0.128392
2024-09-18 12:45:59,0.10436
2024-09-18 12:46:00,0.113984
2024-09-18 12:46:01,0.095376
2024-09-18 12:46:02,0.103456
2024-09-18 12:46:03,0.104096
2024-09-18 12:46:04,0.113936
2024-09-18 12:46:05,0.120448
2024-09-18 12:46:06,0.105408
2024-09-18 12:46:07,0.12112
2024-09-18 12:46:08,0.140888
2024-09-18 12:46:09,0.13516
2024-09-18 12:46:10,0.18244
2024-09-18 12:46:11,0.13924
2024-09-18 12:46:12,0.156784
2024-09-18 12:46:13,0.138368
2024-09-18 12:46:14,0.132544
2024-09-18 12:46:15,0.154088
2024-09-18 12:46:16,0.15076
2024-09-18 12:46:17,0.145368
2024-09-18 12:46:18,0.128376
2024-09-18 12:46:19,0.115008
2024-09-18 12:46:20,0.134872
2024-09-18 12:46:21,0.123912
2024-09-18 12:46:22,0.102112
2024-09-18 12:46:23,0.147192
2024-09-18 12:46:24,0.163544
2024-09-18 12:46:25,0.141864
2024-09-18 12:46:26,0.140408
2024-09-18 12:46:27,0.137288
2024-09-18 12:46:28,0.133568
2024-09-18 12:46:29,0.173328
2024-09-18 12:46:30,0.153928
2024-09-18 12:46:31,0.216768
2024-09-18 12:46:32,0.177632
2024-09-18 12:46:33,0.214672
2024-09-18 12:46:34,0.172656
2024-09-18 12:46:35,0.2476
2024-09-18 12:46:36,0.181616
2024-09-18 12:46:37,0.16836
2024-09-18 12:46:38,0.234768
2024-09-18 12:46:39,0.248496
2024-09-18 12:46:40,0.236504
2024-09-18 12:46:41,0.258568
2024-09-18 12:46:42,0.157056
2024-09-18 12:46:43,0.17032
2024-09-18 12:46:44,0.156456
2024-09-18 12:46:45,0.145024
2024-09-18 12:46:46,0.140856
2024-09-18 12:46:47,0.13448
2024-09-18 12:46:48,0.111808
2024-09-18 12:46:49,0.126128
2024-09-18 12:46:50,0.120952
2024-09-18 12:46:51,0.118848
2024-09-18 12:46:52,0.105536
2024-09-18 12:46:53,0.116976
2024-09-18 12:46:54,0.125312
2024-09-18 12:46:55,0.108912
2024-09-18 12:46:56,0.118496
2024-09-18 12:46:57,0.127632
2024-09-18 12:46:58,0.117504
2024-09-18 12:46:59,0.126008
2024-09-18 12:47:00,0.170128
2024-09-18 12:47:01,0.140336
2024-09-18 12:47:02,0.129112
2024-09-18 12:47:03,0.157384
2024-09-18 12:47:04,0.161024
2024-09-18 12:47:05,0.114888
2024-09-18 12:47:06,0.051488
2024-09-18 12:47:07,0.121224
2024-09-18 12:47:08,0.123544
2024-09-18 12:47:09,0.131688
2024-09-18 12:47:10,0.1232
2024-09-18 12:47:11,0.118144
2024-09-18 12:47:12,0.113048
2024-09-18 12:47:13,0.127248
2024-09-18 12:47:14,0.110312
2024-09-18 12:47:15,0.107992
2024-09-18 12:47:16,0.102664
2024-09-18 12:47:17,0.110824
2024-09-18 12:47:18,0.101104
2024-09-18 12:47:19,0.12364
2024-09-18 12:47:20,0.007472
2024-09-18 12:47:21,0.012736
2024-09-18 12:47:22,0.111224
2024-09-18 12:47:23,0.108288
2024-09-18 12:47:24,0.118896
2024-09-18 12:47:25,0.118856
2024-09-18 12:47:26,0.123488
2024-09-18 12:47:27,0.113936
2024-09-18 12:47:28,0.105408
2024-09-18 12:47:29,0.091816
2024-09-18 12:47:30,0.106168
2024-09-18 12:47:31,0.105632
2024-09-18 12:47:32,0.103616
2024-09-18 12:47:33,0.123704
2024-09-18 12:47:34,0.107672
2024-09-18 12:47:35,0.095656
2024-09-18 12:47:36,0.114048
2024-09-18 12:47:37,0.106232
2024-09-18 12:47:38,0.153256
2024-09-18 12:47:39,0.121568
2024-09-18 12:47:40,0.122072
2024-09-18 12:47:41,0.114272
2024-09-18 12:47:42,0.112824
2024-09-18 12:47:43,0.115344
2024-09-18 12:47:44,0.117456
2024-09-18 12:47:45,0.13652
2024-09-18 12:47:46,0.110624
2024-09-18 12:47:47,0.119368
2024-09-18 12:47:48,0.121032
2024-09-18 12:47:49,0.11308
2024-09-18 12:47:50,0.121032
2024-09-18 12:47:51,0.12244
2024-09-18 12:47:52,0.110616
2024-09-18 12:47:53,0.12368
2024-09-18 12:47:54,0.134784
2024-09-18 12:47:55,0.12208
2024-09-18 12:47:56,0.12804
2024-09-18 12:47:57,0.104904
2024-09-18 12:47:58,0.114088
2024-09-18 12:47:59,0.098
2024-09-18 12:48:00,0.107408
2024-09-18 12:48:01,0.123744
2024-09-18 12:48:02,0.101104
2024-09-18 12:48:03,0.125544
2024-09-18 12:48:04,0.136152
2024-09-18 12:48:05,0.12408
2024-09-18 12:48:06,0.135152
2024-09-18 12:48:07,0.126816
2024-09-18 12:48:08,0.121016
2024-09-18 12:48:09,0.133256
2024-09-18 12:48:10,0.177816
2024-09-18 12:48:11,0.124744
2024-09-18 12:48:12,0.110256
2024-09-18 12:48:13,0.132856
2024-09-18 12:48:14,0.134336
2024-09-18 12:48:15,0.12528
2024-09-18 12:48:16,0.138728
2024-09-18 12:48:17,0.114056
2024-09-18 12:48:18,0.123544
2024-09-18 12:48:19,0.114432
2024-09-18 12:48:20,0.124928
2024-09-18 12:48:21,0.101656
2024-09-18 12:48:22,0.121768
2024-09-18 12:48:23,0.134584
2024-09-18 12:48:24,0.127688
2024-09-18 12:48:25,0.190584
2024-09-18 12:48:26,0.170456
2024-09-18 12:48:27,0.178048
2024-09-18 12:48:28,0.172424
2024-09-18 12:48:29,0.17152
2024-09-18 12:48:30,0.174472
2024-09-18 12:48:31,0.171816
2024-09-18 12:48:32,0.180456
2024-09-18 12:48:33,0.207168
2024-09-18 12:48:34,0.1342
2024-09-18 12:48:35,0.165984
2024-09-18 12:48:36,0.154728
2024-09-18 12:48:37,0.189136
2024-09-18 12:48:38,0.2356
2024-09-18 12:48:39,0.183824
2024-09-18 12:48:40,0.155608
2024-09-18 12:48:41,0.134032
2024-09-18 12:48:42,0.095112
2024-09-18 12:48:43,0.15792
2024-09-18 12:48:44,0.138744
2024-09-18 12:48:45,0.178592
2024-09-18 12:48:46,0.157368
2024-09-18 12:48:47,0.16064
2024-09-18 12:48:48,0.136536
2024-09-18 12:48:49,0.148344
2024-09-18 12:48:50,0.182624
2024-09-18 12:48:51,0.156168
2024-09-18 12:48:52,0.141488
2024-09-18 12:48:53,0.159984
2024-09-18 12:48:54,0.136096
2024-09-18 12:48:55,0.133448
2024-09-18 12:48:56,0.130528
2024-09-18 12:48:57,0.145408
2024-09-18 12:48:58,0.106328
2024-09-18 12:48:59,0.113256
2024-09-18 12:49:00,0.161704
2024-09-18 12:49:01,0.125112
2024-09-18 12:49:02,0.051
2024-09-18 12:49:04,0.087328
2024-09-18 12:49:05,0.133976
2024-09-18 12:49:06,0.14444
2024-09-18 12:49:07,0.111776
2024-09-18 12:49:08,0.138064
2024-09-18 12:49:09,0.136144
2024-09-18 12:49:10,0.110816
2024-09-18 12:49:11,0.112784
2024-09-18 12:49:12,0.106168
2024-09-18 12:49:13,0.129336
2024-09-18 12:49:14,0.118696
2024-09-18 12:49:15,0.104344
2024-09-18 12:49:16,0.094968
2024-09-18 12:49:17,0.101368
2024-09-18 12:49:18,0.131064
2024-09-18 12:49:19,0.104952
2024-09-18 12:49:20,0.097432
2024-09-18 12:49:21,0.118576
2024-09-18 12:49:22,0.102752
2024-09-18 12:49:23,0.100792
2024-09-18 12:49:24,0.099112
2024-09-18 12:49:25,0.110368
2024-09-18 12:49:26,0.116616
2024-09-18 12:49:27,0.087464
2024-09-18 12:49:28,0.109464
2024-09-18 12:49:29,0.096632
2024-09-18 12:49:30,0.08688
2024-09-18 12:49:31,0.085984
2024-09-18 12:49:32,0.08532
2024-09-18 12:49:33,0.119424
2024-09-18 12:49:34,0.09176
2024-09-18 12:49:35,0.091344
2024-09-18 12:49:36,0.120952
2024-09-18 12:49:37,0.11944
2024-09-18 12:49:38,0.146912
2024-09-18 12:49:39,0.10272
2024-09-18 12:49:40,0.081768
2024-09-18 12:49:41,0.131776
2024-09-18 12:49:42,0.119
2024-09-18 12:49:43,0.138248
2024-09-18 12:49:44,0.149576
2024-09-18 12:49:45,0.154104
2024-09-18 12:49:46,0.143424
2024-09-18 12:49:47,0.123544
2024-09-18 12:49:48,0.078792
2024-09-18 12:49:49,0.137304
2024-09-18 12:49:50,0.137728
2024-09-18 12:49:51,0.199064
2024-09-18 12:49:52,0.139208
2024-09-18 12:49:53,0.091296
2024-09-18 12:49:54,0.111392
2024-09-18 12:49:55,0.129312
2024-09-18 12:49:56,0.108936
2024-09-18 12:49:57,0.113256
2024-09-18 12:49:58,0.147504
2024-09-18 12:49:59,0.130968
2024-09-18 12:50:00,0.115184
2024-09-18 12:50:01,0.116936
2024-09-18 12:50:02,0.123448
2024-09-18 12:50:03,0.125872
2024-09-18 12:50:04,0.143936
2024-09-18 12:50:05,0.106808
2024-09-18 12:50:06,0.096408
2024-09-18 12:50:07,0.107736
2024-09-18 12:50:08,0.11636
2024-09-18 12:50:09,0.10804
2024-09-18 12:50:10,0.110064
2024-09-18 12:50:11,0.108376
2024-09-18 12:50:12,0.105024
2024-09-18 12:50:13,0.123848
2024-09-18 12:50:14,0.121608
2024-09-18 12:50:15,0.113864
2024-09-18 12:50:16,0.039472
2024-09-18 12:50:17,0.032288
2024-09-18 12:50:18,0.09428
2024-09-18 12:50:19,0.12768
2024-09-18 12:50:20,0.131088
2024-09-18 12:50:21,0.122144
2024-09-18 12:50:22,0.131656
2024-09-18 12:50:23,0.095864
2024-09-18 12:50:24,0.12872
2024-09-18 12:50:25,0.15172
2024-09-18 12:50:26,0.243608
2024-09-18 12:50:27,0.262664
2024-09-18 12:50:28,0.164208
2024-09-18 12:50:29,0.126944
2024-09-18 12:50:30,0.131576
2024-09-18 12:50:31,0.115488
2024-09-18 12:50:32,0.10052
2024-09-18 12:50:33,0.09588
2024-09-18 12:50:34,0.126888
2024-09-18 12:50:35,0.108896
2024-09-18 12:50:36,0.126432
2024-09-18 12:50:37,0.130296
2024-09-18 12:50:38,0.180656
2024-09-18 12:50:39,0.14236
2024-09-18 12:50:40,0.177056
2024-09-18 12:50:41,0.146424
2024-09-18 12:50:42,0.14516
2024-09-18 12:50:43,0.17228
2024-09-18 12:50:44,0.16944
2024-09-18 12:50:45,0.142888
2024-09-18 12:50:46,0.153256
2024-09-18 12:50:47,0.158808
2024-09-18 12:50:48,0.150408
2024-09-18 12:50:49,0.135032
2024-09-18 12:50:50,0.133912
2024-09-18 12:50:51,0.059744
2024-09-18 12:50:52,0.140984
2024-09-18 12:50:53,0.126864
2024-09-18 12:50:54,0.145624
2024-09-18 12:50:55,0.13664
2024-09-18 12:50:56,0.147152
2024-09-18 12:50:57,0.142704
2024-09-18 12:50:58,0.171048
2024-09-18 12:50:59,0.146896
2024-09-18 12:51:00,0.149208
2024-09-18 12:51:01,0.105512
2024-09-18 12:51:02,0.112632
2024-09-18 12:51:03,0.085136
2024-09-18 12:51:04,0.107208
2024-09-18 12:51:05,0.048944
2024-09-18 12:51:06,0.075176
2024-09-18 12:51:07,0.10908
2024-09-18 12:51:08,0.072984
2024-09-18 12:51:09,0.101744
2024-09-18 12:51:10,0.090592
2024-09-18 12:51:11,0.1192
2024-09-18 12:51:12,0.10196
2024-09-18 12:51:13,0.140888
2024-09-18 12:51:14,0.110928
2024-09-18 12:51:15,0.134712
2024-09-18 12:51:16,0.123912
2024-09-18 12:51:17,0.113896
2024-09-18 12:51:18,0.118448
2024-09-18 12:51:19,0.121936
2024-09-18 12:51:20,0.128592
2024-09-18 12:51:21,0.106008
2024-09-18 12:51:22,0.160336
2024-09-18 12:51:23,0.111768
2024-09-18 12:51:24,0.114144
2024-09-18 12:51:25,0.117576
2024-09-18 12:51:26,0.125352
2024-09-18 12:51:27,0.137184
2024-09-18 12:51:28,0.121408
2024-09-18 12:51:29,0.122152
2024-09-18 12:51:30,0.16368
2024-09-18 12:51:31,0.128896
2024-09-18 12:51:32,0.13212
2024-09-18 12:51:33,0.113088
2024-09-18 12:51:34,0.113216
2024-09-18 12:51:35,0.108648
2024-09-18 12:51:36,0.101304
2024-09-18 12:51:37,0.119392
2024-09-18 12:51:38,0.151656
2024-09-18 12:51:39,0.016024
2024-09-18 12:51:40,0.087448
2024-09-18 12:51:41,0.156752
2024-09-18 12:51:42,0.174312
2024-09-18 12:51:43,0.101544
2024-09-18 12:51:44,0.098848
2024-09-18 12:51:45,0.1646
2024-09-18 12:51:46,0.17236
2024-09-18 12:51:47,0.18904
2024-09-18 12:51:48,0.167176
2024-09-18 12:51:49,0.155352
2024-09-18 12:51:50,0.145592
2024-09-18 12:51:51,0.1274
2024-09-18 12:51:52,0.138696
2024-09-18 12:51:53,0.12956
2024-09-18 12:51:54,0.023928
2024-09-18 12:51:56,0.084512
2024-09-18 12:51:57,0.146784
2024-09-18 12:51:58,0.1178
2024-09-18 12:52:00,0.093648
2024-09-18 12:52:01,0.167104
2024-09-18 12:52:02,0.15368
2024-09-18 12:52:03,0.138264
2024-09-18 12:52:04,0.138912
2024-09-18 12:52:05,0.155208
2024-09-18 12:52:06,0.122872
2024-09-18 12:52:07,0.118744
2024-09-18 12:52:08,0.129248
2024-09-18 12:52:09,0.125152
2024-09-18 12:52:10,0.137744
2024-09-18 12:52:11,0.146976
2024-09-18 12:52:12,0.130912
2024-09-18 12:52:13,0.216872
2024-09-18 12:52:14,0.154088
2024-09-18 12:52:15,0.144232
2024-09-18 12:52:16,0.161136
2024-09-18 12:52:17,0.146856
2024-09-18 12:52:18,0.18092
2024-09-18 12:52:19,0.14972
2024-09-18 12:52:20,0.1436
2024-09-18 12:52:21,0.009016
2024-09-18 12:52:22,0.137216
2024-09-18 12:52:23,0.12116
2024-09-18 12:52:24,0.103824
2024-09-18 12:52:25,0.116848
2024-09-18 12:52:26,0.087688
2024-09-18 12:52:27,0.177792
2024-09-18 12:52:28,0.175792
2024-09-18 12:52:29,0.12436
2024-09-18 12:52:30,0.134424
2024-09-18 12:52:31,0.153496
2024-09-18 12:52:32,0.148944
2024-09-18 12:52:33,0.14408
2024-09-18 12:52:34,0.115032
2024-09-18 12:52:35,0.13792
2024-09-18 12:52:36,0.13516
2024-09-18 12:52:37,0.11352
2024-09-18 12:52:38,0.046064
2024-09-18 12:52:39,0.144528
2024-09-18 12:52:40,0.144944
2024-09-18 12:52:41,0.125528
2024-09-18 12:52:42,0.109488
2024-09-18 12:52:43,0.116312
2024-09-18 12:52:44,0.141696
2024-09-18 12:52:45,0.114568
2024-09-18 12:52:47,0.009232
2024-09-18 12:52:48,0.012136
2024-09-18 12:52:49,0.039232
2024-09-18 12:52:50,0.037368
2024-09-18 12:52:51,0.035048
2024-09-18 12:52:52,0.00188
2024-09-18 12:52:53,0.00124
2024-09-18 12:52:54,0.00188
2024-09-18 12:52:56,0.00064
2024-09-18 12:52:58,0.00064
2024-09-18 13:04:21,0.0248
2024-09-18 13:04:22,0.159152
2024-09-18 13:04:23,0.030872
2024-09-18 13:04:24,0.052136
2024-09-18 13:04:25,0.062784
2024-09-18 13:04:26,0.037064
2024-09-18 13:04:27,0.029576
2024-09-18 13:04:28,0.30196
2024-09-18 13:04:31,0.020376
2024-09-18 13:04:32,0.044056
2024-09-18 13:04:33,0.041536
2024-09-18 13:04:34,0.087
2024-09-18 13:04:35,0.046336
2024-09-18 13:04:36,0.012232
2024-09-18 13:04:37,0.023928
2024-09-18 13:04:40,0.035504
2024-09-18 13:04:41,0.037656
2024-09-18 13:04:42,0.054704
2024-09-18 13:04:43,0.0234
2024-09-18 13:04:44,0.010208
2024-09-18 13:04:45,0.022936
2024-09-18 13:04:49,0.02356
2024-09-18 13:04:50,0.042224
2024-09-18 13:04:51,0.025936
2024-09-18 13:04:52,0.0324
2024-09-18 13:04:53,0.025768
2024-09-18 13:04:54,0.039784
2024-09-18 13:04:55,0.0304
2024-09-18 13:04:56,0.048784
2024-09-18 13:04:57,0.03756
2024-09-18 13:04:58,0.057232
2024-09-18 13:04:59,0.01
2024-09-18 13:05:00,0.038216
2024-09-18 13:05:01,0.042528
2024-09-18 13:05:02,0.046168
2024-09-18 13:05:03,0.005608
2024-09-18 13:05:04,0.013608
2024-09-18 13:05:05,0.03712
2024-09-18 13:05:06,0.039416
2024-09-18 13:05:07,0.026224
2024-09-18 13:05:09,0.009264
2024-09-18 13:05:10,0.038752
2024-09-18 13:05:11,0.037792
2024-09-18 13:05:12,0.041664
2024-09-18 13:05:13,0.021376
2024-09-18 13:05:14,0.038952
2024-09-18 13:05:15,0.028488
2024-09-18 13:05:16,0.052544
2024-09-18 13:05:17,0.037472
2024-09-18 13:05:18,0.035488
2024-09-18 13:05:19,0.021736
2024-09-18 13:05:20,0.034608
2024-09-18 13:05:21,0.053056
2024-09-18 13:05:22,0.043272
2024-09-18 13:05:23,0.026248
2024-09-18 13:05:24,0.02628
2024-09-18 13:05:25,0.039832
2024-09-18 13:05:26,0.0522
2024-09-18 13:05:27,0.042728
2024-09-18 13:05:28,0.0396
2024-09-18 13:05:29,0.06572
2024-09-18 13:05:30,0.024328
2024-09-18 13:05:31,0.019048
2024-09-18 13:05:32,0.043392
2024-09-18 13:05:33,0.011088
2024-09-18 13:05:37,0.00948
2024-09-18 13:05:39,0.035336
2024-09-18 13:05:40,0.04928
2024-09-18 13:05:41,0.04844
2024-09-18 13:05:42,0.0422
2024-09-18 13:05:43,0.052712
2024-09-18 13:05:44,0.004304
2024-09-18 13:05:46,0.07612
2024-09-18 13:05:47,0.073184
2024-09-18 13:05:48,0.072696
2024-09-18 13:05:49,0.058232
2024-09-18 13:05:50,0.069816
2024-09-18 13:05:51,0.057392
2024-09-18 13:05:52,0.036448
2024-09-18 13:05:53,0.015912
2024-09-18 13:05:54,0.04992
2024-09-18 13:05:55,0.055272
2024-09-18 13:05:56,0.04224
2024-09-18 13:05:57,0.011904
2024-09-18 13:05:58,0.099256
2024-09-18 13:05:59,0.09492
2024-09-18 13:06:00,0.112208
2024-09-18 13:06:01,0.090632
2024-09-18 13:06:02,0.075896
2024-09-18 13:06:03,0.090912
2024-09-18 13:06:04,0.099392
2024-09-18 13:06:05,0.104456
2024-09-18 13:06:06,0.128912
2024-09-18 13:06:07,0.117464
2024-09-18 13:06:08,0.120184
2024-09-18 13:06:09,0.111776
2024-09-18 13:06:10,0.116768
2024-09-18 13:06:11,0.121856
2024-09-18 13:06:12,0.099736
2024-09-18 13:06:13,0.053608
2024-09-18 13:06:14,0.105232
2024-09-18 13:06:15,0.095408
2024-09-18 13:06:19,0.015328
2024-09-18 13:06:20,0.1386
2024-09-18 13:06:21,0.099992
2024-09-18 13:06:22,0.04172
2024-09-18 13:06:23,0.118288
2024-09-18 13:06:24,0.114048
2024-09-18 13:06:25,0.128536
2024-09-18 13:06:26,0.13092
2024-09-18 13:06:27,0.136848
2024-09-18 13:06:28,0.137312
2024-09-18 13:06:29,0.196752
2024-09-18 13:06:30,0.166496
2024-09-18 13:06:31,0.149208
2024-09-18 13:06:32,0.063328
2024-09-18 13:06:33,0.140408
2024-09-18 13:06:34,0.095808
2024-09-18 13:06:36,0.092176
2024-09-18 13:06:37,0.144896
2024-09-18 13:06:38,0.164408
2024-09-18 13:06:39,0.174192
2024-09-18 13:06:40,0.154544
2024-09-18 13:06:41,0.095664
2024-09-18 13:06:42,0.136408
2024-09-18 13:06:43,0.14636
2024-09-18 13:06:44,0.178536
2024-09-18 13:06:45,0.170296
2024-09-18 13:06:46,0.15788
2024-09-18 13:06:47,0.07556
2024-09-18 13:06:48,0.158392
2024-09-18 13:06:49,0.14116
2024-09-18 13:06:50,0.14548
2024-09-18 13:06:51,0.141624
2024-09-18 13:06:52,0.056816
2024-09-18 13:06:53,0.12604
2024-09-18 13:06:54,0.171488
2024-09-18 13:06:55,0.1848
2024-09-18 13:06:56,0.188856
2024-09-18 13:06:57,0.170896
2024-09-18 13:06:58,0.12192
2024-09-18 13:06:59,0.093008
2024-09-18 13:07:00,0.165592
2024-09-18 13:07:01,0.132464
2024-09-18 13:07:02,0.182896
2024-09-18 13:07:03,0.169688
2024-09-18 13:07:04,0.169448
2024-09-18 13:07:05,0.179424
2024-09-18 13:07:06,0.132544
2024-09-18 13:07:07,0.162088
2024-09-18 13:07:08,0.14596
2024-09-18 13:07:09,0.148744
2024-09-18 13:07:10,0.135864
2024-09-18 13:07:11,0.055544
2024-09-18 13:07:13,0.108408
2024-09-18 13:07:14,0.152216
2024-09-18 13:07:15,0.030816
2024-09-18 13:07:18,0.157952
2024-09-18 13:07:19,0.178888
2024-09-18 13:07:20,0.144512
2024-09-18 13:07:21,0.132128
2024-09-18 13:07:22,0.166288
2024-09-18 13:07:23,0.155088
2024-09-18 13:07:24,0.099176
2024-09-18 13:07:26,0.093872
2024-09-18 13:07:27,0.137656
2024-09-18 13:07:28,0.146336
2024-09-18 13:07:29,0.007136
2024-09-18 13:07:31,0.021392
2024-09-18 13:07:32,0.095704
2024-09-18 13:07:33,0.152384
2024-09-18 13:07:34,0.016416
2024-09-18 13:07:36,0.040696
2024-09-18 13:07:37,0.061576
2024-09-18 13:07:38,0.15336
2024-09-18 13:07:39,0.12908
2024-09-18 13:07:40,0.142792
2024-09-18 13:07:41,0.161208
2024-09-18 13:07:42,0.167352
2024-09-18 13:07:44,0.10852
2024-09-18 13:07:45,0.150504
2024-09-18 13:07:46,0.181144
2024-09-18 13:07:47,0.171224
2024-09-18 13:07:48,0.169272
2024-09-18 13:07:49,0.149712
2024-09-18 13:07:50,0.136056
2024-09-18 13:07:51,0.079928
2024-09-18 13:07:52,0.140608
2024-09-18 13:07:53,0.058456
2024-09-18 13:07:54,0.005328
2024-09-18 13:07:55,0.173904
2024-09-18 13:07:56,0.13184
2024-09-18 13:07:57,0.116344
2024-09-18 13:07:58,0.120152
2024-09-18 13:08:00,0.048144
2024-09-18 13:08:02,0.126472
2024-09-18 13:08:03,0.190656
2024-09-18 13:08:04,0.041264
2024-09-18 13:08:06,0.034136
2024-09-18 13:08:08,0.144072
2024-09-18 13:08:09,0.1724
2024-09-18 13:08:10,0.164584
2024-09-18 13:08:11,0.153384
2024-09-18 13:08:12,0.10388
2024-09-18 13:08:13,0.097232
2024-09-18 13:08:14,0.131792
2024-09-18 13:08:15,0.036624
2024-09-18 13:08:17,0.036944
2024-09-18 13:08:19,0.113784
2024-09-18 13:08:20,0.107568
2024-09-18 13:08:22,0.089592
2024-09-18 13:08:23,0.0932
2024-09-18 13:08:24,0.073424
2024-09-18 13:08:25,0.096528
2024-09-18 13:08:26,0.084288
2024-09-18 13:08:27,0.129712
2024-09-18 13:08:28,0.112328
2024-09-18 13:08:29,0.138448
2024-09-18 13:08:32,0.036816
2024-09-18 13:08:33,0.065496
2024-09-18 13:08:34,0.141704
2024-09-18 13:08:35,0.115632
2024-09-18 13:08:36,0.135984
2024-09-18 13:08:37,0.053152
2024-09-18 13:08:38,0.15584
2024-09-18 13:08:39,0.135528
2024-09-18 13:08:40,0.011824
2024-09-18 13:08:41,0.0604
2024-09-18 13:08:42,0.151768
2024-09-18 13:08:43,0.071864
2024-09-18 13:08:44,0.201848
2024-09-18 13:08:45,0.119128
2024-09-18 13:08:47,0.12892
2024-09-18 13:08:48,0.148504
2024-09-18 13:08:49,0.13796
2024-09-18 13:08:50,0.125224
2024-09-18 13:08:51,0.116408
2024-09-18 13:08:53,0.091336
2024-09-18 13:08:54,0.105872
2024-09-18 13:08:55,0.0468
2024-09-18 13:08:56,0.124656
2024-09-18 13:08:57,0.106776
2024-09-18 13:08:58,0.113728
2024-09-18 13:08:59,0.131848
2024-09-18 13:09:02,0.033296
2024-09-18 13:09:04,0.126352
2024-09-18 13:09:05,0.128352
2024-09-18 13:09:06,0.118464
2024-09-18 13:09:07,0.160856
2024-09-18 13:09:08,0.164568
2024-09-18 13:09:09,0.145264
2024-09-18 13:09:10,0.114248
2024-09-18 13:09:11,0.06012
2024-09-18 13:09:12,0.126656
2024-09-18 13:09:13,0.08136
2024-09-18 13:09:14,0.029376
2024-09-18 13:09:15,0.117544
2024-09-18 13:09:16,0.168048
2024-09-18 13:09:17,0.137768
2024-09-18 13:09:18,0.136192
2024-09-18 13:09:19,0.109712
2024-09-18 13:09:20,0.137312
2024-09-18 13:09:21,0.104656
2024-09-18 13:09:22,0.110224
2024-09-18 13:09:23,0.098656
2024-09-18 13:09:24,0.03068
2024-09-18 13:09:25,0.05796
2024-09-18 13:09:26,0.128104
2024-09-18 13:09:27,0.020904
2024-09-18 13:09:29,0.001392
2024-09-18 13:09:30,0.18504
2024-09-18 13:09:31,0.147456
2024-09-18 13:09:32,0.1674
2024-09-18 13:09:33,0.007816
2024-09-18 13:09:34,0.129824
2024-09-18 13:09:35,0.183624
2024-09-18 13:09:36,0.060256
2024-09-18 13:09:37,0.196968
2024-09-18 13:09:38,0.139136
2024-09-18 13:09:40,0.000488
2024-09-18 13:09:41,0.15752
2024-09-18 13:09:42,0.149408
2024-09-18 13:09:43,0.134528
2024-09-18 13:09:44,0.144664
2024-09-18 13:09:45,0.125952
2024-09-18 13:09:46,0.060296
2024-09-18 13:09:48,0.062216
2024-09-18 13:09:49,0.1548
2024-09-18 13:09:50,0.070248
2024-09-18 13:09:51,0.127344
2024-09-18 13:09:52,0.2178
2024-09-18 13:09:53,0.016776
2024-09-18 13:09:55,0.023432
2024-09-18 13:09:56,0.078824
2024-09-18 13:09:57,0.144528
2024-09-18 13:09:58,0.044992
2024-09-18 13:10:00,0.082344
2024-09-18 13:10:01,0.168456
2024-09-18 13:10:02,0.040488
2024-09-18 13:10:05,0.032528
2024-09-18 13:10:06,0.147152
2024-09-18 13:10:07,0.121328
2024-09-18 13:10:10,0.039944
2024-09-18 13:10:12,0.081712
2024-09-18 13:10:13,0.136176
2024-09-18 13:10:14,0.1438
2024-09-18 13:10:15,0.114912
2024-09-18 13:10:16,0.128592
2024-09-18 13:10:17,0.111112
2024-09-18 13:10:18,0.122688
2024-09-18 13:10:19,0.021008
2024-09-18 13:10:20,0.13152
2024-09-18 13:10:21,0.101664
2024-09-18 13:10:23,0.003344
2024-09-18 13:10:24,0.02496
2024-09-18 13:10:27,0.02492
2024-09-18 13:10:28,0.14356
2024-09-18 13:10:29,0.13636
2024-09-18 13:10:30,0.120352
2024-09-18 13:10:31,0.167504
2024-09-18 13:10:32,0.137296
2024-09-18 13:10:33,0.108824
2024-09-18 13:10:34,0.14736
2024-09-18 13:10:35,0.10284
2024-09-18 13:10:36,0.134272
2024-09-18 13:10:37,0.09148
2024-09-18 13:10:38,0.03836
2024-09-18 13:10:39,0.133352
2024-09-18 13:10:40,0.139208
2024-09-18 13:10:41,0.098032
2024-09-18 13:10:43,0.065696
2024-09-18 13:10:44,0.122856
2024-09-18 13:10:45,0.131656
2024-09-18 13:10:46,0.035632
2024-09-18 13:10:48,0.101304
2024-09-18 13:10:49,0.132224
2024-09-18 13:10:50,0.14812
2024-09-18 13:10:51,0.06132
2024-09-18 13:10:52,0.08996
2024-09-18 13:10:53,0.14868
2024-09-18 13:10:54,0.139184
2024-09-18 13:10:55,0.13864
2024-09-18 13:10:56,0.181104
2024-09-18 13:10:57,0.122984
2024-09-18 13:10:58,0.105272
2024-09-18 13:10:59,0.117848
2024-09-18 13:11:00,0.154672
2024-09-18 13:11:01,0.15536
2024-09-18 13:11:02,0.146824
2024-09-18 13:11:03,0.146512
2024-09-18 13:11:04,0.164992
2024-09-18 13:11:05,0.080784
2024-09-18 13:11:06,0.10868
2024-09-18 13:11:07,0.148352
2024-09-18 13:11:08,0.06008
2024-09-18 13:11:10,0.0746
2024-09-18 13:11:11,0.171
2024-09-18 13:11:12,0.038272
2024-09-18 13:11:15,0.03212
2024-09-18 13:11:18,0.10552
2024-09-18 13:11:19,0.138264
2024-09-18 13:11:20,0.128216
2024-09-18 13:11:21,0.086712
2024-09-18 13:11:22,0.120136
2024-09-18 13:11:23,0.090216
2024-09-18 13:11:25,0.0246
2024-09-18 13:11:26,0.15124
2024-09-18 13:11:27,0.145256
2024-09-18 13:11:28,0.154056
2024-09-18 13:11:29,0.151392
2024-09-18 13:11:30,0.134616
2024-09-18 13:11:31,0.154464
2024-09-18 13:11:32,0.167832
2024-09-18 13:11:34,0.140696
2024-09-18 13:11:35,0.183736
2024-09-18 13:11:36,0.153648
2024-09-18 13:11:38,0.1052
2024-09-18 13:11:39,0.136296
2024-09-18 13:11:40,0.192312
2024-09-18 13:11:41,0.139912
2024-09-18 13:11:42,0.1326
2024-09-18 13:11:43,0.176992
2024-09-18 13:11:44,0.173688
2024-09-18 13:11:45,0.153
2024-09-18 13:11:46,0.138672
2024-09-18 13:11:47,0.146472
2024-09-18 13:11:48,0.144272
2024-09-18 13:11:49,0.144544
2024-09-18 13:11:50,0.15512
2024-09-18 13:11:51,0.13184
2024-09-18 13:11:52,0.131544
2024-09-18 13:11:53,0.154792
2024-09-18 13:11:54,0.123432
2024-09-18 13:11:55,0.081112
2024-09-18 13:11:56,0.151656
2024-09-18 13:11:57,0.07192
2024-09-18 13:12:00,0.02976
2024-09-18 13:12:02,0.131104
2024-09-18 13:12:03,0.119552
2024-09-18 13:12:04,0.005312
2024-09-18 13:12:05,0.14796
2024-09-18 13:12:06,0.160352
2024-09-18 13:12:07,0.146784
2024-09-18 13:12:08,0.148448
2024-09-18 13:12:09,0.121768
2024-09-18 13:12:10,0.13716
2024-09-18 13:12:11,0.114608
2024-09-18 13:12:12,0.119464
2024-09-18 13:12:13,0.144704
2024-09-18 13:12:14,0.069424
2024-09-18 13:12:15,0.099616
2024-09-18 13:12:16,0.09104
2024-09-18 13:12:19,0.086264
2024-09-18 13:12:20,0.106824
2024-09-18 13:12:21,0.127144
2024-09-18 13:12:22,0.105448
2024-09-18 13:12:24,0.048624
2024-09-18 13:12:25,0.120136
2024-09-18 13:12:26,0.133072
2024-09-18 13:12:27,0.104496
2024-09-18 13:12:28,0.11284
2024-09-18 13:12:29,0.139072
2024-09-18 13:12:30,0.137544
2024-09-18 13:12:31,0.122256
2024-09-18 13:12:32,0.159416
2024-09-18 13:12:33,0.14268
2024-09-18 13:12:34,0.170512
2024-09-18 13:12:35,0.14888
2024-09-18 13:12:36,0.038864
2024-09-18 13:12:37,0.152208
2024-09-18 13:12:38,0.136656
2024-09-18 13:12:39,0.124672
2024-09-18 13:12:40,0.125608
2024-09-18 13:12:41,0.131408
2024-09-18 13:12:42,0.126216
2024-09-18 13:12:43,0.066568
2024-09-18 13:12:44,0.156312
2024-09-18 13:12:45,0.098064
2024-09-18 13:12:46,0.12796
2024-09-18 13:12:47,0.124792
2024-09-18 13:12:48,0.116592
2024-09-18 13:12:49,0.120632
2024-09-18 13:12:50,0.072016
2024-09-18 13:12:51,0.128152
2024-09-18 13:12:52,0.128752
2024-09-18 13:12:53,0.130552
2024-09-18 13:12:54,0.095648
2024-09-18 13:12:55,0.129248
2024-09-18 13:12:56,0.039984
2024-09-18 13:12:57,0.020176
2024-09-18 13:12:58,0.07116
2024-09-18 13:12:59,0.180552
2024-09-18 13:13:00,0.082528
2024-09-18 13:13:03,0.00608
2024-09-18 13:13:04,0.208448
2024-09-18 13:13:05,0.183968
2024-09-18 13:13:06,0.164736
2024-09-18 13:13:07,0.193776
2024-09-18 13:13:08,0.170552
2024-09-18 13:13:09,0.146864
2024-09-18 13:13:10,0.079792
2024-09-18 13:13:12,0.102512
2024-09-18 13:13:13,0.132928
2024-09-18 13:13:14,0.1698
2024-09-18 13:13:15,0.042648
2024-09-18 13:13:18,0.089032
2024-09-18 13:13:19,0.159408
2024-09-18 13:13:20,0.095504
2024-09-18 13:13:23,0.03384
2024-09-18 13:13:24,0.12972
2024-09-18 13:13:25,0.163448
2024-09-18 13:13:26,0.150424
2024-09-18 13:13:27,0.184888
2024-09-18 13:13:28,0.137528
2024-09-18 13:13:29,0.175608
2024-09-18 13:13:31,0.062872
2024-09-18 13:13:32,0.184256
2024-09-18 13:13:33,0.16028
2024-09-18 13:13:34,0.137904
2024-09-18 13:13:35,0.13088
2024-09-18 13:13:36,0.102472
2024-09-18 13:13:37,0.11016
2024-09-18 13:13:38,0.055368
2024-09-18 13:13:39,0.08932
2024-09-18 13:13:40,0.088368
2024-09-18 13:13:41,0.00872
2024-09-18 13:13:42,0.0202
2024-09-18 13:13:43,0.086008
2024-09-18 13:13:44,0.064816
2024-09-18 13:13:45,0.104776
2024-09-18 13:13:46,0.092704
2024-09-18 13:13:49,0.01776
2024-09-18 13:13:50,0.040256
2024-09-18 13:13:51,0.110808
2024-09-18 13:13:52,0.06948
2024-09-18 13:13:55,0.016528
2024-09-18 13:13:56,0.045864
2024-09-18 13:13:57,0.167
2024-09-18 13:13:58,0.135176
2024-09-18 13:13:59,0.141272
2024-09-18 13:14:00,0.170944
2024-09-18 13:14:01,0.088328
2024-09-18 13:14:02,0.109816
2024-09-18 13:14:03,0.187952
2024-09-18 13:14:04,0.059048
2024-09-18 13:14:07,0.03812
2024-09-18 13:14:08,0.12072
2024-09-18 13:14:09,0.140288
2024-09-18 13:14:11,0.136288
2024-09-18 13:14:12,0.157312
2024-09-18 13:14:13,0.078096
2024-09-18 13:14:14,0.14556
2024-09-18 13:14:15,0.103
2024-09-18 13:14:16,0.137848
2024-09-18 13:14:17,0.1146
2024-09-18 13:14:18,0.10736
2024-09-18 13:14:19,0.04232
2024-09-18 13:14:22,0.019152
2024-09-18 13:14:23,0.07524
2024-09-18 13:14:24,0.102336
2024-09-18 13:14:25,0.113072
2024-09-18 13:14:26,0.11108
2024-09-18 13:14:27,0.041184
2024-09-18 13:14:28,0.129544
2024-09-18 13:14:29,0.169216
2024-09-18 13:14:30,0.093776
2024-09-18 13:14:32,0.120752
2024-09-18 13:14:33,0.128664
2024-09-18 13:14:34,0.17264
2024-09-18 13:14:35,0.176536
2024-09-18 13:14:36,0.141352
2024-09-18 13:14:37,0.0688
2024-09-18 13:14:38,0.138288
2024-09-18 13:14:39,0.160464
2024-09-18 13:14:40,0.15496
2024-09-18 13:14:41,0.171504
2024-09-18 13:14:42,0.180864
2024-09-18 13:14:43,0.026856
2024-09-18 13:14:44,0.053424
2024-09-18 13:14:45,0.122248
2024-09-18 13:14:46,0.089776
2024-09-18 13:14:47,0.072184
2024-09-18 13:14:48,0.10824
2024-09-18 13:14:49,0.076168
2024-09-18 13:14:50,0.096528
2024-09-18 13:14:51,0.077032
2024-09-18 13:14:54,0.024248
2024-09-18 13:14:56,0.09696
2024-09-18 13:14:57,0.125656
2024-09-18 13:14:58,0.110296
2024-09-18 13:14:59,0.208192
2024-09-18 13:15:00,0.201864
2024-09-18 13:15:01,0.182824
2024-09-18 13:15:02,0.189376
2024-09-18 13:15:03,0.024296
2024-09-18 13:15:04,0.109856
2024-09-18 13:15:05,0.14128
2024-09-18 13:15:06,0.038048
2024-09-18 13:15:07,0.02572
2024-09-18 13:15:08,0.14816
2024-09-18 13:15:09,0.122432
2024-09-18 13:15:10,0.122784
2024-09-18 13:15:11,0.034912
2024-09-18 13:15:12,0.055792
2024-09-18 13:15:13,0.15272
2024-09-18 13:15:14,0.140704
2024-09-18 13:15:15,0.04648
2024-09-18 13:15:16,0.129048
2024-09-18 13:15:17,0.108496
2024-09-18 13:15:19,0.094464
2024-09-18 13:15:20,0.128344
2024-09-18 13:15:21,0.038
2024-09-18 13:15:24,0.054056
2024-09-18 13:15:25,0.109632
2024-09-18 13:15:26,0.11696
2024-09-18 13:15:27,0.092168
2024-09-18 13:15:29,0.077832
2024-09-18 13:15:30,0.147328
2024-09-18 13:15:31,0.060224
2024-09-18 13:15:32,0.105488
2024-09-18 13:15:33,0.161352
2024-09-18 13:15:34,0.034088
2024-09-18 13:15:36,0.061152
2024-09-18 13:15:37,0.213496
2024-09-18 13:15:38,0.163592
2024-09-18 13:15:39,0.183112
2024-09-18 13:15:40,0.138856
2024-09-18 13:15:41,0.1392
2024-09-18 13:15:42,0.056248
2024-09-18 13:15:44,0.043304
2024-09-18 13:15:45,0.140592
2024-09-18 13:15:46,0.080064
2024-09-18 13:15:47,0.034824
2024-09-18 13:15:48,0.132688
2024-09-18 13:15:49,0.097288
2024-09-18 13:15:52,0.028624
2024-09-18 13:15:53,0.106008
2024-09-18 13:15:54,0.16132
2024-09-18 13:15:55,0.028584
2024-09-18 13:15:57,0.095144
2024-09-18 13:15:58,0.185424
2024-09-18 13:15:59,0.200344
2024-09-18 13:16:00,0.189296
2024-09-18 13:16:01,0.217416
2024-09-18 13:16:02,0.23204
2024-09-18 13:16:03,0.197664
2024-09-18 13:16:04,0.248712
2024-09-18 13:16:05,0.254464
2024-09-18 13:16:06,0.16732
2024-09-18 13:16:09,0.019856
2024-09-18 13:16:10,0.0756
2024-09-18 13:16:11,0.137496
2024-09-18 13:16:12,0.16196
2024-09-18 13:16:13,0.154176
2024-09-18 13:16:14,0.187808
2024-09-18 13:16:15,0.079024
2024-09-18 13:16:16,0.150376
2024-09-18 13:16:17,0.098696
2024-09-18 13:16:18,0.073672
2024-09-18 13:16:19,0.129928
2024-09-18 13:16:20,0.067072
2024-09-18 13:16:22,0.004816
2024-09-18 13:16:23,0.0154
2024-09-18 13:16:26,0.001824
2024-09-18 13:16:27,0.12168
2024-09-18 13:16:28,0.13824
2024-09-18 13:16:29,0.144856
2024-09-18 13:16:30,0.160208
2024-09-18 13:16:31,0.152896
2024-09-18 13:16:32,0.1034
2024-09-18 13:16:33,0.14408
2024-09-18 13:16:34,0.13176
2024-09-18 13:16:35,0.098168
2024-09-18 13:16:36,0.164856
2024-09-18 13:16:37,0.047544
2024-09-18 13:16:38,0.12344
2024-09-18 13:16:39,0.15964
2024-09-18 13:16:40,0.143168
2024-09-18 13:16:41,0.04772
2024-09-18 13:16:43,0.096248
2024-09-18 13:16:44,0.152328
2024-09-18 13:16:45,0.118744
2024-09-18 13:16:46,0.035792
2024-09-18 13:16:48,0.078648
2024-09-18 13:16:49,0.0976
2024-09-18 13:16:50,0.094808
2024-09-18 13:16:51,0.072808
2024-09-18 13:16:52,0.023912
2024-09-18 13:16:53,0.087896
2024-09-18 13:16:54,0.107144
2024-09-18 13:16:55,0.109256
2024-09-18 13:16:56,0.097824
2024-09-18 13:16:57,0.090192
2024-09-18 13:16:58,0.060368
2024-09-18 13:16:59,0.066944
2024-09-18 13:17:00,0.12644
2024-09-18 13:17:01,0.180648
2024-09-18 13:17:02,0.141136
2024-09-18 13:17:03,0.129728
2024-09-18 13:17:04,0.151496
2024-09-18 13:17:05,0.140352
2024-09-18 13:17:06,0.115016
2024-09-18 13:17:07,0.023136
2024-09-18 13:17:08,0.100224
2024-09-18 13:17:09,0.125584
2024-09-18 13:17:10,0.002888
2024-09-18 13:17:12,0.102384
2024-09-18 13:17:13,0.145416
2024-09-18 13:17:14,0.003544
2024-09-18 13:17:16,0.01812
2024-09-18 13:17:20,0.063536
2024-09-18 13:17:21,0.11148
2024-09-18 13:17:22,0.129056
2024-09-18 13:17:23,0.127112
2024-09-18 13:17:24,0.110008
2024-09-18 13:17:25,0.116496
2024-09-18 13:17:26,0.016352
2024-09-18 13:17:28,0.114504
2024-09-18 13:17:29,0.21328
2024-09-18 13:17:30,0.157472
2024-09-18 13:17:31,0.156256
2024-09-18 13:17:32,0.152744
2024-09-18 13:17:33,0.13184
2024-09-18 13:17:34,0.185
2024-09-18 13:17:35,0.128808
2024-09-18 13:17:37,0.143872
2024-09-18 13:17:38,0.140152
2024-09-18 13:17:39,0.159408
2024-09-18 13:17:41,0.050288
2024-09-18 13:17:42,0.171192
2024-09-18 13:17:43,0.137632
2024-09-18 13:17:44,0.1648
2024-09-18 13:17:45,0.127496
2024-09-18 13:17:46,0.100376
2024-09-18 13:17:47,0.156224
2024-09-18 13:17:48,0.17016
2024-09-18 13:17:49,0.193976
2024-09-18 13:17:50,0.158592
2024-09-18 13:17:51,0.141104
2024-09-18 13:17:52,0.178304
2024-09-18 13:17:53,0.146088
2024-09-18 13:17:54,0.172128
2024-09-18 13:17:55,0.101816
2024-09-18 13:17:56,0.165688
2024-09-18 13:17:57,0.164336
2024-09-18 13:17:58,0.108352
2024-09-18 13:17:59,0.063576
2024-09-18 13:18:00,0.18212
2024-09-18 13:18:01,0.086568
2024-09-18 13:18:05,0.041416
2024-09-18 13:18:06,0.071112
2024-09-18 13:18:07,0.176328
2024-09-18 13:18:08,0.079776
2024-09-18 13:18:09,0.076416
2024-09-18 13:18:10,0.135
2024-09-18 13:18:11,0.12356
2024-09-18 13:18:12,0.134656
2024-09-18 13:18:13,0.158864
2024-09-18 13:18:14,0.124736
2024-09-18 13:18:15,0.09456
2024-09-18 13:18:16,0.132896
2024-09-18 13:18:17,0.103568
2024-09-18 13:18:18,0.130656
2024-09-18 13:18:19,0.112416
2024-09-18 13:18:20,0.051096
2024-09-18 13:18:21,0.140992
2024-09-18 13:18:22,0.102888
2024-09-18 13:18:25,0.1802
2024-09-18 13:18:26,0.168008
2024-09-18 13:18:27,0.161992
2024-09-18 13:18:28,0.101176
2024-09-18 13:18:30,0.01452
2024-09-18 13:18:31,0.128328
2024-09-18 13:18:32,0.185072
2024-09-18 13:18:33,0.143416
2024-09-18 13:18:34,0.094568
2024-09-18 13:18:35,0.18476
2024-09-18 13:18:36,0.176552
2024-09-18 13:18:37,0.06444
2024-09-18 13:18:38,0.155104
2024-09-18 13:18:39,0.133616
2024-09-18 13:18:40,0.14924
2024-09-18 13:18:41,0.175504
2024-09-18 13:18:42,0.13944
2024-09-18 13:18:43,0.020424
2024-09-18 13:18:44,0.167912
2024-09-18 13:18:45,0.20388
2024-09-18 13:18:46,0.178456
2024-09-18 13:18:47,0.135264
2024-09-18 13:18:48,0.160472
2024-09-18 13:18:49,0.156632
2024-09-18 13:18:50,0.037992
2024-09-18 13:18:51,0.104544
2024-09-18 13:18:52,0.163632
2024-09-18 13:18:53,0.056736
2024-09-18 13:18:54,0.136344
2024-09-18 13:18:55,0.120712
2024-09-18 13:18:56,0.124576
2024-09-18 13:18:57,0.130264
2024-09-18 13:18:58,0.092208
2024-09-18 13:18:59,0.073208
2024-09-18 13:19:00,0.123728
2024-09-18 13:19:01,0.130352
2024-09-18 13:19:02,0.189856
2024-09-18 13:19:03,0.049872
2024-09-18 13:19:06,0.030544
2024-09-18 13:19:07,0.085288
2024-09-18 13:19:08,0.162128
2024-09-18 13:19:09,0.152128
2024-09-18 13:19:10,0.11476
2024-09-18 13:19:12,0.0436
2024-09-18 13:19:13,0.125872
2024-09-18 13:19:14,0.1134
2024-09-18 13:19:15,0.111512
2024-09-18 13:19:16,0.116936
2024-09-18 13:19:17,0.110896
2024-09-18 13:19:18,0.11252
2024-09-18 13:19:19,0.107696
2024-09-18 13:19:20,0.109904
2024-09-18 13:19:22,0.13952
2024-09-18 13:19:23,0.13284
2024-09-18 13:19:24,0.11104
2024-09-18 13:19:25,0.020552
2024-09-18 13:19:28,0.073056
2024-09-18 13:19:29,0.166008
2024-09-18 13:19:30,0.093224
2024-09-18 13:19:33,0.023824
2024-09-18 13:19:34,0.052408
2024-09-18 13:19:35,0.11828
2024-09-18 13:19:36,0.129136
2024-09-18 13:19:37,0.131128
2024-09-18 13:19:38,0.13
2024-09-18 13:19:39,0.112624
2024-09-18 13:19:40,0.05164
2024-09-18 13:19:42,0.104208
2024-09-18 13:19:43,0.112776
2024-09-18 13:19:44,0.121928
2024-09-18 13:19:45,0.124952
2024-09-18 13:19:46,0.129808
2024-09-18 13:19:47,0.073592
2024-09-18 13:19:48,0.139256
2024-09-18 13:19:49,0.068872
2024-09-18 13:19:50,0.088312
2024-09-18 13:19:51,0.13148
2024-09-18 13:19:52,0.003904
2024-09-18 13:19:54,0.12568
2024-09-18 13:19:55,0.122904
2024-09-18 13:19:56,0.060776
2024-09-18 13:19:57,0.121072
2024-09-18 13:19:58,0.043872
2024-09-18 13:20:01,0.01308
2024-09-18 13:20:02,0.09856
2024-09-18 13:20:03,0.151704
2024-09-18 13:20:04,0.052392
2024-09-18 13:20:06,0.036048
2024-09-18 13:20:09,0.163432
2024-09-18 13:20:10,0.153584
2024-09-18 13:20:11,0.137864
2024-09-18 13:20:12,0.141928
2024-09-18 13:20:13,0.135136
2024-09-18 13:20:14,0.045136
2024-09-18 13:20:15,0.129408
2024-09-18 13:20:16,0.185488
2024-09-18 13:20:17,0.000488
2024-09-18 13:20:20,0.049
2024-09-18 13:20:21,0.128048
2024-09-18 13:20:22,0.168096
2024-09-18 13:20:23,0.01224
2024-09-18 13:20:24,0.03332
2024-09-18 13:20:25,0.164104
2024-09-18 13:20:26,0.099056
2024-09-18 13:20:27,0.135616
2024-09-18 13:20:28,0.188704
2024-09-18 13:20:29,0.157832
2024-09-18 13:20:30,0.140864
2024-09-18 13:20:31,0.165152
2024-09-18 13:20:32,0.149208
2024-09-18 13:20:33,0.002568
2024-09-18 13:20:36,0.033112
2024-09-18 13:20:37,0.063728
2024-09-18 13:20:38,0.141936
2024-09-18 13:20:39,0.17636
2024-09-18 13:20:40,0.15564
2024-09-18 13:20:41,0.061184
2024-09-18 13:20:42,0.078496
2024-09-18 13:20:43,0.147944
2024-09-18 13:20:44,0.19168
2024-09-18 13:20:46,0.00524
2024-09-18 13:20:47,0.182
2024-09-18 13:20:48,0.131648
2024-09-18 13:20:49,0.066024
2024-09-18 13:20:50,0.152872
2024-09-18 13:20:51,0.097832
2024-09-18 13:20:53,0.157904
2024-09-18 13:20:54,0.195336
2024-09-18 13:20:55,0.183016
2024-09-18 13:20:56,0.195952
2024-09-18 13:20:57,0.18124
2024-09-18 13:20:58,0.074664
2024-09-18 13:21:00,0.144432
2024-09-18 13:21:01,0.17392
2024-09-18 13:21:02,0.027176
2024-09-18 13:21:03,0.154248
2024-09-18 13:21:04,0.146664
2024-09-18 13:21:05,0.140208
2024-09-18 13:21:06,0.166248
2024-09-18 13:21:07,0.030264
2024-09-18 13:21:10,0.034352
2024-09-18 13:21:12,0.054992
2024-09-18 13:21:13,0.11864
2024-09-18 13:21:14,0.101856
2024-09-18 13:21:15,0.164544
2024-09-18 13:21:16,0.169832
2024-09-18 13:21:17,0.13484
2024-09-18 13:21:18,0.163984
2024-09-18 13:21:19,0.210536
2024-09-18 13:21:21,0.207688
2024-09-18 13:21:22,0.244424
2024-09-18 13:21:23,0.024184
2024-09-18 13:21:24,0.03764
2024-09-18 13:21:25,0.140472
2024-09-18 13:21:26,0.134792
2024-09-18 13:21:27,0.152384
2024-09-18 13:21:28,0.066832
2024-09-18 13:21:29,0.008432
2024-09-18 13:21:30,0.128296
2024-09-18 13:21:31,0.155832
2024-09-18 13:21:32,0.071816
2024-09-18 13:21:33,0.0842
2024-09-18 13:21:34,0.163752
2024-09-18 13:21:35,0.041744
2024-09-18 13:21:37,0.162368
2024-09-18 13:21:38,0.213592
2024-09-18 13:21:42,0.082248
2024-09-18 13:21:43,0.160928
2024-09-18 13:21:44,0.197408
2024-09-18 13:21:45,0.137512
2024-09-18 13:21:47,0.08264
2024-09-18 13:21:48,0.171024
2024-09-18 13:21:49,0.076824
2024-09-18 13:21:50,0.076856
2024-09-18 13:21:51,0.183688
2024-09-18 13:21:52,0.057488
2024-09-18 13:21:55,0.103872
2024-09-18 13:21:56,0.162224
2024-09-18 13:21:57,0.173152
2024-09-18 13:21:58,0.13776
2024-09-18 13:21:59,0.136832
2024-09-18 13:22:00,0.133368
2024-09-18 13:22:01,0.042696
2024-09-18 13:22:03,0.044624
2024-09-18 13:22:04,0.145384
2024-09-18 13:22:05,0.12012
2024-09-18 13:22:07,0.124448
2024-09-18 13:22:08,0.107616
2024-09-18 13:22:12,0.03716
2024-09-18 13:22:13,0.104976
2024-09-18 13:22:14,0.079104
2024-09-18 13:22:17,0.084016
2024-09-18 13:22:18,0.229904
2024-09-18 13:22:19,0.031464
2024-09-18 13:22:21,0.060936
2024-09-18 13:22:23,0.055624
2024-09-18 13:22:24,0.221248
2024-09-18 13:22:25,0.123064
2024-09-18 13:22:28,0.036392
2024-09-18 13:22:31,0.095344
2024-09-18 13:22:32,0.17564
2024-09-18 13:22:33,0.139296
2024-09-18 13:22:34,0.127248
2024-09-18 13:22:35,0.119016
2024-09-18 13:22:36,0.111032
2024-09-18 13:22:37,0.139416
2024-09-18 13:22:38,0.116984
2024-09-18 13:22:39,0.058392
2024-09-18 13:22:40,0.110248
2024-09-18 13:22:41,0.06216
2024-09-18 13:22:44,0.026992
2024-09-18 13:22:48,0.033648
2024-09-18 13:22:49,0.118016
2024-09-18 13:22:50,0.101848
2024-09-18 13:22:51,0.084072
2024-09-18 13:22:52,0.0954
2024-09-18 13:22:53,0.116456
2024-09-18 13:22:54,0.055976
2024-09-18 13:22:55,0.064872
2024-09-18 13:22:56,0.106088
2024-09-18 13:22:57,0.044056
2024-09-18 13:22:58,0.101048
2024-09-18 13:22:59,0.078144
2024-09-18 13:23:01,0.123216
2024-09-18 13:23:02,0.148112
2024-09-18 13:23:03,0.168136
2024-09-18 13:23:06,0.185768
2024-09-18 13:23:07,0.229312
2024-09-18 13:23:08,0.218976
2024-09-18 13:23:09,0.053472
2024-09-18 13:23:11,0.05372
2024-09-18 13:23:12,0.22916
2024-09-18 13:23:13,0.21232
2024-09-18 13:23:14,0.187856
2024-09-18 13:23:15,0.041816
2024-09-18 13:23:16,0.120792
2024-09-18 13:23:17,0.1946
2024-09-18 13:23:18,0.199048
2024-09-18 13:23:19,0.22276
2024-09-18 13:23:20,0.15512
2024-09-18 13:23:21,0.190624
2024-09-18 13:23:22,0.070976
2024-09-18 13:23:23,0.108552
2024-09-18 13:23:24,0.158768
2024-09-18 13:23:25,0.169328
2024-09-18 13:23:26,0.160072
2024-09-18 13:23:27,0.170536
2024-09-18 13:23:28,0.19516
2024-09-18 13:23:29,0.197792
2024-09-18 13:23:30,0.220504
2024-09-18 13:23:31,0.033624
2024-09-18 13:23:32,0.101768
2024-09-18 13:23:33,0.12024
2024-09-18 13:23:34,0.035368
2024-09-18 13:23:36,0.029872
2024-09-18 13:23:37,0.148096
2024-09-18 13:23:38,0.127408
2024-09-18 13:23:43,0.042384
2024-09-18 13:23:45,0.089016
2024-09-18 13:23:46,0.156672
2024-09-18 13:23:47,0.133984
2024-09-18 13:23:48,0.113544
2024-09-18 13:23:49,0.087376
2024-09-18 13:23:50,0.190032
2024-09-18 13:23:51,0.054648
2024-09-18 13:23:53,0.022752
2024-09-18 13:23:54,0.153344
2024-09-18 13:23:55,0.139832
2024-09-18 13:23:56,0.191536
2024-09-18 13:23:57,0.204232
2024-09-18 13:23:58,0.18132
2024-09-18 13:23:59,0.170944
2024-09-18 13:24:00,0.159192
2024-09-18 13:24:01,0.12204
2024-09-18 13:24:03,0.099
2024-09-18 13:24:04,0.121672
2024-09-18 13:24:05,0.106192
2024-09-18 13:24:06,0.007832
2024-09-18 13:24:08,0.141408
2024-09-18 13:24:09,0.145952
2024-09-18 13:24:10,0.151216
2024-09-18 13:24:11,0.164888
2024-09-18 13:24:12,0.120368
2024-09-18 13:24:13,0.102536
2024-09-18 13:24:14,0.152936
2024-09-18 13:24:15,0.1396
2024-09-18 13:24:16,0.127072
2024-09-18 13:24:17,0.120728
2024-09-18 13:24:18,0.143616
2024-09-18 13:24:19,0.131528
2024-09-18 13:24:20,0.139056
2024-09-18 13:24:21,0.068784
2024-09-18 13:24:23,0.118424
2024-09-18 13:24:24,0.139672
2024-09-18 13:24:25,0.151392
2024-09-18 13:24:26,0.058304
2024-09-18 13:24:27,0.09696
2024-09-18 13:24:28,0.187632
2024-09-18 13:24:29,0.120232
2024-09-18 13:24:32,0.025448
2024-09-18 13:24:34,0.060216
2024-09-18 13:24:35,0.20804
2024-09-18 13:24:36,0.141568
2024-09-18 13:24:37,0.030616
2024-09-18 13:24:38,0.25292
2024-09-18 13:24:39,0.200784
2024-09-18 13:24:40,0.183064
2024-09-18 13:24:41,0.17844
2024-09-18 13:24:42,0.175656
2024-09-18 13:24:43,0.151008
2024-09-18 13:24:44,0.19012
2024-09-18 13:24:45,0.168568
2024-09-18 13:24:46,0.192872
2024-09-18 13:24:47,0.163888
2024-09-18 13:24:48,0.05384
2024-09-18 13:24:49,0.044392
2024-09-18 13:24:50,0.129216
2024-09-18 13:24:51,0.045936
2024-09-18 13:24:54,0.09324
2024-09-18 13:24:55,0.135352
2024-09-18 13:24:56,0.1528
2024-09-18 13:24:57,0.145568
2024-09-18 13:24:58,0.005768
2024-09-18 13:25:00,0.070344
2024-09-18 13:25:01,0.107
2024-09-18 13:25:02,0.150568
2024-09-18 13:25:03,0.066736
2024-09-18 13:25:04,0.096432
2024-09-18 13:25:05,0.11428
2024-09-18 13:25:06,0.117296
2024-09-18 13:25:07,0.045464
2024-09-18 13:25:08,0.132384
2024-09-18 13:25:09,0.110784
2024-09-18 13:25:10,0.110336
2024-09-18 13:25:11,0.121192
2024-09-18 13:25:12,0.152936
2024-09-18 13:25:13,0.017712
2024-09-18 13:25:14,0.1226
2024-09-18 13:25:15,0.198304
2024-09-18 13:25:16,0.192248
2024-09-18 13:25:17,0.150752
2024-09-18 13:25:18,0.164056
2024-09-18 13:25:19,0.180912
2024-09-18 13:25:20,0.169296
2024-09-18 13:25:22,0.121544
2024-09-18 13:25:23,0.173672
2024-09-18 13:25:24,0.097296
2024-09-18 13:25:25,0.1706
2024-09-18 13:25:26,0.158904
2024-09-18 13:25:27,0.10988
2024-09-18 13:25:28,0.152336
2024-09-18 13:25:29,0.172336
2024-09-18 13:25:30,0.0656
2024-09-18 13:25:31,0.115352
2024-09-18 13:25:32,0.097368
2024-09-18 13:25:33,0.123576
2024-09-18 13:25:36,0.012512
2024-09-18 13:25:37,0.009568
2024-09-18 13:25:39,0.121256
2024-09-18 13:25:40,0.173192
2024-09-18 13:25:41,0.029736
2024-09-18 13:25:44,0.062872
2024-09-18 13:25:45,0.110336
2024-09-18 13:25:46,0.132136
2024-09-18 13:25:47,0.128744
2024-09-18 13:25:48,0.101448
2024-09-18 13:25:49,0.0894
2024-09-18 13:25:50,0.059072
2024-09-18 13:25:51,0.104456
2024-09-18 13:25:52,0.046552
2024-09-18 13:25:54,0.032912
2024-09-18 13:25:55,0.096784
2024-09-18 13:25:56,0.171648
2024-09-18 13:25:57,0.100256
2024-09-18 13:26:01,0.069488
2024-09-18 13:26:02,0.148776
2024-09-18 13:26:03,0.112896
2024-09-18 13:26:07,0.02484
2024-09-18 13:26:08,0.070048
2024-09-18 13:26:09,0.135744
2024-09-18 13:26:10,0.125104
2024-09-18 13:26:11,0.11596
2024-09-18 13:26:12,0.150744
2024-09-18 13:26:13,0.138536
2024-09-18 13:26:14,0.087648
2024-09-18 13:26:16,0.041968
2024-09-18 13:26:17,0.146912
2024-09-18 13:26:18,0.133088
2024-09-18 13:26:19,0.1338
2024-09-18 13:26:20,0.116952
2024-09-18 13:26:21,0.113496
2024-09-18 13:26:22,0.092528
2024-09-18 13:26:23,0.109576
2024-09-18 13:26:24,0.03028
2024-09-18 13:26:25,0.059232
2024-09-18 13:26:26,0.10032
2024-09-18 13:26:27,0.01552
2024-09-18 13:26:29,0.091824
2024-09-18 13:26:30,0.090344
2024-09-18 13:26:31,0.04104
2024-09-18 13:26:32,0.119976
2024-09-18 13:26:33,0.089392
2024-09-18 13:26:37,0.04816
2024-09-18 13:26:38,0.129392
2024-09-18 13:26:39,0.164448
2024-09-18 13:26:40,0.015256
2024-09-18 13:26:43,0.021568
2024-09-18 13:26:45,0.151128
2024-09-18 13:26:46,0.130952
2024-09-18 13:26:47,0.10992
2024-09-18 13:26:48,0.110704
2024-09-18 13:26:49,0.128264
2024-09-18 13:26:50,0.082312
2024-09-18 13:26:51,0.125832
2024-09-18 13:26:52,0.203776
2024-09-18 13:26:53,0.109864
2024-09-18 13:26:56,0.034944
2024-09-18 13:26:57,0.012688
2024-09-18 13:26:58,0.159488
2024-09-18 13:26:59,0.095816
2024-09-18 13:27:01,0.086568
2024-09-18 13:27:02,0.17212
2024-09-18 13:27:03,0.106032
2024-09-18 13:27:04,0.2094
2024-09-18 13:27:05,0.170792
2024-09-18 13:27:06,0.085056
2024-09-18 13:27:07,0.211584
2024-09-18 13:27:08,0.180768
2024-09-18 13:27:09,0.14272
2024-09-18 13:27:10,0.062568
2024-09-18 13:27:13,0.0212
2024-09-18 13:27:15,0.100768
2024-09-18 13:27:16,0.113088
2024-09-18 13:27:17,0.06344
2024-09-18 13:27:18,0.1132
2024-09-18 13:27:19,0.043568
2024-09-18 13:27:20,0.075408
2024-09-18 13:27:21,0.134744
2024-09-18 13:27:22,0.172576
2024-09-18 13:27:23,0.046768
2024-09-18 13:27:25,0.08828
2024-09-18 13:27:26,0.106768
2024-09-18 13:27:27,0.031376
2024-09-18 13:27:28,0.102232
2024-09-18 13:27:29,0.143088
2024-09-18 13:27:31,0.008848
2024-09-18 13:27:32,0.1118
2024-09-18 13:27:33,0.130336
2024-09-18 13:27:34,0.176248
2024-09-18 13:27:35,0.12948
2024-09-18 13:27:36,0.124608
2024-09-18 13:27:37,0.041312
2024-09-18 13:27:39,0.104336
2024-09-18 13:27:40,0.167432
2024-09-18 13:27:41,0.020888
2024-09-18 13:27:42,0.072632
2024-09-18 13:27:43,0.126272
2024-09-18 13:27:44,0.040416
2024-09-18 13:27:45,0.18204
2024-09-18 13:27:46,0.099912
2024-09-18 13:27:49,0.003496
2024-09-18 13:27:50,0.027536
2024-09-18 13:27:52,0.143216
2024-09-18 13:27:53,0.22712
2024-09-18 13:27:54,0.073896
2024-09-18 13:27:55,0.220704
2024-09-18 13:27:56,0.16188
2024-09-18 13:27:57,0.113744
2024-09-18 13:27:58,0.14112
2024-09-18 13:27:59,0.128824
2024-09-18 13:28:00,0.052248
2024-09-18 13:28:01,0.054232
2024-09-18 13:28:02,0.119688
2024-09-18 13:28:03,0.054784
2024-09-18 13:28:05,0.107368
2024-09-18 13:28:06,0.150816
2024-09-18 13:28:07,0.14456
2024-09-18 13:28:08,0.179312
2024-09-18 13:28:09,0.013496
2024-09-18 13:28:10,0.05448
2024-09-18 13:28:11,0.16888
2024-09-18 13:28:12,0.208008
2024-09-18 13:28:13,0.095552
2024-09-18 13:28:14,0.15112
2024-09-18 13:28:15,0.162808
2024-09-18 13:28:16,0.059072
2024-09-18 13:28:18,0.130192
2024-09-18 13:28:19,0.23736
2024-09-18 13:28:20,0.041992
2024-09-18 13:28:23,0.006296
2024-09-18 13:28:24,0.144456
2024-09-18 13:28:25,0.13392
2024-09-18 13:28:26,0.161128
2024-09-18 13:28:27,0.099288
2024-09-18 13:28:29,0.210472
2024-09-18 13:28:30,0.12924
2024-09-18 13:28:31,0.033216
2024-09-18 13:28:32,0.096768
2024-09-18 13:28:33,0.172464
2024-09-18 13:28:34,0.044896
2024-09-18 13:28:37,0.116864
2024-09-18 13:28:38,0.175112
2024-09-18 13:28:39,0.205568
2024-09-18 13:28:40,0.160608
2024-09-18 13:28:41,0.174104
2024-09-18 13:28:42,0.192104
2024-09-18 13:28:43,0.115416
2024-09-18 13:28:46,0.060552
2024-09-18 13:28:47,0.128704
2024-09-18 13:28:48,0.089936
2024-09-18 13:28:49,0.00372
2024-09-18 13:28:50,0.169208
2024-09-18 13:28:51,0.094168
2024-09-18 13:28:55,0.040328
2024-09-18 13:28:56,0.114768
2024-09-18 13:28:57,0.132424
2024-09-18 13:29:00,0.01
2024-09-18 13:29:01,0.120176
2024-09-18 13:29:02,0.11032
2024-09-18 13:29:06,0.032824
2024-09-18 13:29:07,0.0506
2024-09-18 13:29:08,0.174824
2024-09-18 13:29:09,0.09752
2024-09-18 13:29:13,0.0282
2024-09-18 13:29:15,0.038792
2024-09-18 13:29:16,0.091016
2024-09-18 13:29:17,0.091328
2024-09-18 13:29:18,0.047688
2024-09-18 13:29:19,0.110296
2024-09-18 13:29:20,0.106016
2024-09-18 13:29:21,0.056216
2024-09-18 13:29:22,0.147552
2024-09-18 13:29:23,0.033024
2024-09-18 13:29:24,0.044888
2024-09-18 13:29:25,0.121952
2024-09-18 13:29:26,0.04976
2024-09-18 13:29:30,0.045296
2024-09-18 13:29:34,0.110536
2024-09-18 13:29:35,0.133048
2024-09-18 13:29:36,0.032392
2024-09-18 13:29:37,0.126088
2024-09-18 13:29:38,0.096048
2024-09-18 13:29:39,0.100704
2024-09-18 13:29:40,0.045056
2024-09-18 13:29:41,0.116408
2024-09-18 13:29:42,0.07368
2024-09-18 13:29:43,0.045488
2024-09-18 13:29:44,0.097952
2024-09-18 13:29:45,0.039872
2024-09-18 13:29:47,0.080152
2024-09-18 13:29:48,0.12136
2024-09-18 13:29:49,0.133824
2024-09-18 13:29:50,0.041184
2024-09-18 13:29:52,0.016144
2024-09-18 13:29:53,0.137248
2024-09-18 13:29:54,0.1266
2024-09-18 13:29:55,0.094136
2024-09-18 13:29:58,0.070248
2024-09-18 13:29:59,0.14924
2024-09-18 13:30:00,0.159672
2024-09-18 13:30:01,0.146784
2024-09-18 13:30:02,0.071824
2024-09-18 13:30:03,0.111296
2024-09-18 13:30:04,0.173992
2024-09-18 13:30:05,0.166088
2024-09-18 13:30:06,0.182328
2024-09-18 13:30:07,0.088376
2024-09-18 13:30:08,0.144264
2024-09-18 13:30:09,0.132792
2024-09-18 13:30:10,0.02064
2024-09-18 13:30:11,0.139208
2024-09-18 13:30:12,0.182344
2024-09-18 13:30:13,0.11468
2024-09-18 13:30:14,0.1196
2024-09-18 13:30:15,0.120976
2024-09-18 13:30:16,0.121112
2024-09-18 13:30:17,0.083832
2024-09-18 13:30:18,0.153728
2024-09-18 13:30:19,0.00768
2024-09-18 13:30:20,0.099592
2024-09-18 13:30:21,0.224824
2024-09-18 13:30:22,0.081472
2024-09-18 13:30:25,0.089808
2024-09-18 13:30:26,0.163704
2024-09-18 13:30:27,0.035192
2024-09-18 13:30:31,0.04404
2024-09-18 13:30:34,0.030104
2024-09-18 13:30:35,0.207224
2024-09-18 13:30:36,0.228304
2024-09-18 13:30:37,0.24912
2024-09-18 13:30:38,0.050176
2024-09-18 13:30:39,0.207136
2024-09-18 13:30:40,0.178592
2024-09-18 13:30:43,0.070568
2024-09-18 13:30:44,0.213752
2024-09-18 13:30:45,0.196936
2024-09-18 13:30:46,0.186904
2024-09-18 13:30:47,0.153544
2024-09-18 13:30:48,0.147216
2024-09-18 13:30:49,0.14796
2024-09-18 13:30:50,0.100488
2024-09-18 13:30:51,0.084752
2024-09-18 13:30:53,0.05216
2024-09-18 13:30:54,0.115288
2024-09-18 13:30:55,0.105152
2024-09-18 13:30:56,0.127608
2024-09-18 13:30:57,0.018312
2024-09-18 13:30:58,0.038464
2024-09-18 13:30:59,0.115824
2024-09-18 13:31:00,0.109384
2024-09-18 13:31:01,0.121616
2024-09-18 13:31:02,0.110176
2024-09-18 13:31:03,0.107232
2024-09-18 13:31:04,0.094808
2024-09-18 13:31:05,0.145696
2024-09-18 13:31:06,0.121128
2024-09-18 13:31:07,0.108896
2024-09-18 13:31:08,0.130104
2024-09-18 13:31:09,0.157896
2024-09-18 13:31:10,0.138152
2024-09-18 13:31:11,0.201608
2024-09-18 13:31:12,0.221512
2024-09-18 13:31:13,0.000688
2024-09-18 13:31:14,0.017208
2024-09-18 13:31:15,0.170896
2024-09-18 13:31:16,0.17012
2024-09-18 13:31:17,0.16292
2024-09-18 13:31:18,0.036496
2024-09-18 13:31:19,0.124232
2024-09-18 13:31:20,0.17204
2024-09-18 13:31:21,0.017832
2024-09-18 13:31:24,0.043952
2024-09-18 13:31:26,0.031056
2024-09-18 13:31:27,0.131312
2024-09-18 13:31:28,0.106544
2024-09-18 13:31:30,0.083792
2024-09-18 13:31:31,0.14164
2024-09-18 13:31:32,0.13712
2024-09-18 13:31:33,0.224504
2024-09-18 13:31:34,0.22708
2024-09-18 13:31:35,0.133216
2024-09-18 13:31:36,0.165088
2024-09-18 13:31:37,0.224128
2024-09-18 13:31:38,0.224656
2024-09-18 13:31:39,0.22496
2024-09-18 13:31:40,0.155032
2024-09-18 13:31:41,0.04392
2024-09-18 13:31:42,0.069096
2024-09-18 13:31:43,0.155576
2024-09-18 13:31:44,0.087888
2024-09-18 13:31:47,0.068936
2024-09-18 13:31:48,0.120816
2024-09-18 13:31:49,0.138512
2024-09-18 13:31:50,0.126456
2024-09-18 13:31:51,0.020104
2024-09-18 13:31:54,0.09352
2024-09-18 13:31:55,0.106048
2024-09-18 13:31:56,0.099904
2024-09-18 13:31:57,0.040424
2024-09-18 13:31:58,0.190152
2024-09-18 13:31:59,0.233296
2024-09-18 13:32:00,0.203528
2024-09-18 13:32:01,0.021672
2024-09-18 13:32:02,0.171232
2024-09-18 13:32:03,0.144848
2024-09-18 13:32:04,0.132144
2024-09-18 13:32:05,0.162216
2024-09-18 13:32:06,0.133064
2024-09-18 13:32:07,0.052872
2024-09-18 13:32:08,0.043536
2024-09-18 13:32:09,0.156816
2024-09-18 13:32:10,0.147152
2024-09-18 13:32:11,0.160416
2024-09-18 13:32:12,0.128648
2024-09-18 13:32:13,0.132344
2024-09-18 13:32:14,0.137232
2024-09-18 13:32:15,0.134336
2024-09-18 13:32:16,0.001104
2024-09-18 13:32:17,0.144456
2024-09-18 13:32:18,0.124256
2024-09-18 13:32:19,0.069936
2024-09-18 13:32:20,0.125888
2024-09-18 13:32:21,0.134768
2024-09-18 13:32:22,0.086096
2024-09-18 13:32:23,0.111072
2024-09-18 13:32:24,0.13088
2024-09-18 13:32:25,0.050544
2024-09-18 13:32:26,0.142416
2024-09-18 13:32:27,0.149296
2024-09-18 13:32:28,0.127192
2024-09-18 13:32:29,0.060712
2024-09-18 13:32:32,0.031136
2024-09-18 13:32:35,0.22188
2024-09-18 13:32:36,0.132328
2024-09-18 13:32:40,0.032752
2024-09-18 13:32:41,0.1216
2024-09-18 13:32:42,0.181424
2024-09-18 13:32:43,0.1982
2024-09-18 13:32:44,0.161064
2024-09-18 13:32:45,0.086168
2024-09-18 13:32:46,0.010832
2024-09-18 13:32:47,0.173368
2024-09-18 13:32:48,0.147824
2024-09-18 13:32:51,0.135
2024-09-18 13:32:52,0.190568
2024-09-18 13:32:53,0.131592
2024-09-18 13:32:54,0.06912
2024-09-18 13:32:58,0.056432
2024-09-18 13:32:59,0.132736
2024-09-18 13:33:00,0.079576
2024-09-18 13:33:04,0.034928
2024-09-18 13:33:05,0.065832
2024-09-18 13:33:06,0.1302
2024-09-18 13:33:07,0.157552
2024-09-18 13:33:08,0.154616
2024-09-18 13:33:09,0.180248
2024-09-18 13:33:10,0.182432
2024-09-18 13:33:11,0.157624
2024-09-18 13:33:12,0.003736
2024-09-18 13:33:14,0.109352
2024-09-18 13:33:15,0.172792
2024-09-18 13:33:16,0.123232
2024-09-18 13:33:17,0.118008
2024-09-18 13:33:18,0.128784
2024-09-18 13:33:19,0.081096
2024-09-18 13:33:20,0.061256
2024-09-18 13:33:21,0.12136
2024-09-18 13:33:22,0.068976
2024-09-18 13:33:23,0.023096
2024-09-18 13:33:24,0.113056
2024-09-18 13:33:25,0.087336
2024-09-18 13:33:28,0.168016
2024-09-18 13:33:29,0.106064
2024-09-18 13:33:30,0.027256
2024-09-18 13:33:31,0.147288
2024-09-18 13:33:32,0.09408
2024-09-18 13:33:35,0.031936
2024-09-18 13:33:37,0.098248
2024-09-18 13:33:38,0.14668
2024-09-18 13:33:39,0.06636
2024-09-18 13:33:43,0.018
2024-09-18 13:33:44,0.011264
2024-09-18 13:33:45,0.090104
2024-09-18 13:33:46,0.07652
2024-09-18 13:33:47,0.084968
2024-09-18 13:33:48,0.095168
2024-09-18 13:33:49,0.115824
2024-09-18 13:33:50,0.043568
2024-09-18 13:33:51,0.02652
2024-09-18 13:33:52,0.116168
2024-09-18 13:33:53,0.115592
2024-09-18 13:33:56,0.026408
2024-09-18 13:33:58,0.074744
2024-09-18 13:33:59,0.115464
2024-09-18 13:34:00,0.060624
2024-09-18 13:34:02,0.10568
2024-09-18 13:34:03,0.105128
2024-09-18 13:34:04,0.04076
2024-09-18 13:34:05,0.132512
2024-09-18 13:34:06,0.126352
2024-09-18 13:34:07,0.064488
2024-09-18 13:34:08,0.16552
2024-09-18 13:34:09,0.104944
2024-09-18 13:34:10,0.132528
2024-09-18 13:34:11,0.05952
2024-09-18 13:34:14,0.02408
2024-09-18 13:34:16,0.030888
2024-09-18 13:34:17,0.139616
2024-09-18 13:34:18,0.133632
2024-09-18 13:34:19,0.106064
2024-09-18 13:34:20,0.2184
2024-09-18 13:34:21,0.021032
2024-09-18 13:34:22,0.13724
2024-09-18 13:34:23,0.243496
2024-09-18 13:34:24,0.216976
2024-09-18 13:34:25,0.00952
2024-09-18 13:34:27,0.070592
2024-09-18 13:34:28,0.210568
2024-09-18 13:34:29,0.099088
2024-09-18 13:34:30,0.090464
2024-09-18 13:34:31,0.1888
2024-09-18 13:34:32,0.118848
2024-09-18 13:34:34,0.054552
2024-09-18 13:34:35,0.176584
2024-09-18 13:34:36,0.213032
2024-09-18 13:34:37,0.179744
2024-09-18 13:34:38,0.142144
2024-09-18 13:34:39,0.152632
2024-09-18 13:34:40,0.021752
2024-09-18 13:34:42,0.10928
2024-09-18 13:34:43,0.16528
2024-09-18 13:34:44,0.020872
2024-09-18 13:34:45,0.075288
2024-09-18 13:34:46,0.148424
2024-09-18 13:34:47,0.069968
2024-09-18 13:34:48,0.098816
2024-09-18 13:34:49,0.117448
2024-09-18 13:34:50,0.012576
2024-09-18 13:34:53,0.052928
2024-09-18 13:34:56,0.141504
2024-09-18 13:34:57,0.174328
2024-09-18 13:34:58,0.061008
2024-09-18 13:34:59,0.134192
2024-09-18 13:35:00,0.175808
2024-09-18 13:35:01,0.131672
2024-09-18 13:35:02,0.153
2024-09-18 13:35:03,0.153856
2024-09-18 13:35:04,0.131656
2024-09-18 13:35:05,0.042008
2024-09-18 13:35:06,0.162848
2024-09-18 13:35:07,0.087344
2024-09-18 13:35:09,0.00152
2024-09-18 13:35:10,0.18596
2024-09-18 13:35:11,0.152624
2024-09-18 13:35:12,0.169408
2024-09-18 13:35:13,0.1386
2024-09-18 13:35:14,0.037616
2024-09-18 13:35:15,0.04048
2024-09-18 13:35:16,0.102664
2024-09-18 13:35:17,0.09516
2024-09-18 13:35:18,0.05004
2024-09-18 13:35:19,0.049016
2024-09-18 13:35:20,0.143032
2024-09-18 13:35:21,0.048312
2024-09-18 13:35:23,0.025072
2024-09-18 13:35:24,0.171944
2024-09-18 13:35:25,0.129632
2024-09-18 13:35:29,0.038456
2024-09-18 13:35:30,0.129632
2024-09-18 13:35:31,0.1146
2024-09-18 13:35:32,0.097312
2024-09-18 13:35:33,0.016368
2024-09-18 13:35:35,0.055528
2024-09-18 13:35:36,0.12328
2024-09-18 13:35:37,0.035248
2024-09-18 13:35:38,0.028104
2024-09-18 13:35:39,0.120464
2024-09-18 13:35:40,0.101448
2024-09-18 13:35:43,0.028064
2024-09-18 13:35:44,0.089664
2024-09-18 13:35:45,0.121736
2024-09-18 13:35:46,0.137632
2024-09-18 13:35:47,0.10472
2024-09-18 13:35:48,0.137352
2024-09-18 13:35:49,0.123208
2024-09-18 13:35:50,0.065696
2024-09-18 13:35:53,0.063968
2024-09-18 13:35:54,0.141032
2024-09-18 13:35:55,0.071624
2024-09-18 13:35:57,0.113448
2024-09-18 13:35:58,0.174984
2024-09-18 13:35:59,0.048392
2024-09-18 13:36:02,0.04112
2024-09-18 13:36:03,0.017752
2024-09-18 13:36:04,0.162944
2024-09-18 13:36:05,0.120304
2024-09-18 13:36:08,0.003544
2024-09-18 13:36:09,0.184024
2024-09-18 13:36:10,0.104912
2024-09-18 13:36:13,0.02856
2024-09-18 13:36:14,0.00928
2024-09-18 13:36:16,0.120944
2024-09-18 13:36:17,0.173064
2024-09-18 13:36:18,0.034408
2024-09-18 13:36:22,0.024832
2024-09-18 13:36:23,0.031312
2024-09-18 13:36:24,0.067144
2024-09-18 13:36:25,0.212248
2024-09-18 13:36:26,0.187888
2024-09-18 13:36:27,0.087448
2024-09-18 13:36:28,0.170144
2024-09-18 13:36:29,0.110504
2024-09-18 13:36:30,0.050912
2024-09-18 13:36:31,0.188592
2024-09-18 13:36:32,0.105688
2024-09-18 13:36:34,0.200144
2024-09-18 13:36:35,0.19196
2024-09-18 13:36:39,0.031472
2024-09-18 13:36:44,0.109056
2024-09-18 13:36:45,0.147272
2024-09-18 13:36:46,0.009792
2024-09-18 13:36:47,0.161
2024-09-18 13:36:48,0.119656
2024-09-18 13:36:49,0.127704
2024-09-18 13:36:50,0.069176
2024-09-18 13:36:51,0.062896
2024-09-18 13:36:52,0.114048
2024-09-18 13:36:53,0.029192
2024-09-18 13:36:54,0.098992
2024-09-18 13:36:55,0.108776
2024-09-18 13:36:58,0.193648
2024-09-18 13:36:59,0.13496
2024-09-18 13:37:00,0.062136
2024-09-18 13:37:01,0.032552
2024-09-18 13:37:04,0.002368
2024-09-18 13:37:05,0.002128
2024-09-18 13:37:06,0.002568
2024-09-18 13:37:12,0.00064
2024-09-18 13:37:14,0.00064
