time,mbps
2024-09-18 17:02:11,0.133608
2024-09-18 17:02:12,0.015808
2024-09-18 17:02:13,0.026608
2024-09-18 17:02:14,0.034088
2024-09-18 17:02:15,0.025528
2024-09-18 17:02:16,0.048776
2024-09-18 17:02:17,0.0308
2024-09-18 17:02:18,0.032416
2024-09-18 17:02:19,0.29848
2024-09-18 17:02:20,0.04048
2024-09-18 17:02:21,0.035904
2024-09-18 17:02:22,0.03516
2024-09-18 17:02:23,0.031144
2024-09-18 17:02:24,0.039048
2024-09-18 17:02:25,0.04196
2024-09-18 17:02:26,0.032776
2024-09-18 17:02:27,0.032056
2024-09-18 17:02:28,0.041304
2024-09-18 17:02:29,0.032896
2024-09-18 17:02:30,0.033256
2024-09-18 17:02:31,0.03308
2024-09-18 17:02:32,0.034816
2024-09-18 17:02:33,0.035872
2024-09-18 17:02:34,0.040976
2024-09-18 17:02:35,0.034448
2024-09-18 17:02:36,0.038144
2024-09-18 17:02:37,0.035568
2024-09-18 17:02:38,0.036592
2024-09-18 17:02:39,0.026968
2024-09-18 17:02:40,0.037664
2024-09-18 17:02:41,0.030936
2024-09-18 17:02:42,0.02956
2024-09-18 17:02:43,0.026288
2024-09-18 17:02:44,0.025368
2024-09-18 17:02:45,0.024096
2024-09-18 17:02:46,0.027464
2024-09-18 17:02:47,0.029192
2024-09-18 17:02:48,0.027264
2024-09-18 17:02:49,0.029384
2024-09-18 17:02:50,0.025368
2024-09-18 17:02:51,0.028192
2024-09-18 17:02:52,0.028464
2024-09-18 17:02:53,0.030616
2024-09-18 17:02:54,0.029272
2024-09-18 17:02:55,0.026904
2024-09-18 17:02:56,0.028176
2024-09-18 17:02:57,0.024904
2024-09-18 17:02:58,0.220776
2024-09-18 17:02:59,0.064848
2024-09-18 17:03:00,0.032832
2024-09-18 17:03:01,0.032096
2024-09-18 17:03:02,0.027872
2024-09-18 17:03:03,0.0786
2024-09-18 17:03:04,0.04716
2024-09-18 17:03:05,0.040112
2024-09-18 17:03:06,0.053048
2024-09-18 17:03:07,0.031112
2024-09-18 17:03:08,0.049
2024-09-18 17:03:09,0.030912
2024-09-18 17:03:10,0.023808
2024-09-18 17:03:11,0.021088
2024-09-18 17:03:12,0.032744
2024-09-18 17:03:13,0.0278
2024-09-18 17:03:14,0.031752
2024-09-18 17:03:15,0.02224
2024-09-18 17:03:16,0.032352
2024-09-18 17:03:17,0.022192
2024-09-18 17:03:18,0.027816
2024-09-18 17:03:19,0.0176
2024-09-18 17:03:20,0.022264
2024-09-18 17:03:21,0.019096
2024-09-18 17:03:22,0.029016
2024-09-18 17:03:23,0.032024
2024-09-18 17:03:24,0.03244
2024-09-18 17:03:25,0.026944
2024-09-18 17:03:26,0.030744
2024-09-18 17:03:27,0.015824
2024-09-18 17:03:28,0.042584
2024-09-18 17:03:29,0.026224
2024-09-18 17:03:30,0.038664
2024-09-18 17:03:31,0.029432
2024-09-18 17:03:32,0.03396
2024-09-18 17:03:33,0.017288
2024-09-18 17:03:34,0.030416
2024-09-18 17:03:35,0.0184
2024-09-18 17:03:36,0.036032
2024-09-18 17:03:37,0.030096
2024-09-18 17:03:38,0.03108
2024-09-18 17:03:39,0.026688
2024-09-18 17:03:40,0.031136
2024-09-18 17:03:41,0.021288
2024-09-18 17:03:42,0.020792
2024-09-18 17:03:43,0.025784
2024-09-18 17:03:44,0.027256
2024-09-18 17:03:45,0.02252
2024-09-18 17:03:46,0.026936
2024-09-18 17:03:47,0.02416
2024-09-18 17:03:48,0.040152
2024-09-18 17:03:49,0.031992
2024-09-18 17:03:50,0.024456
2024-09-18 17:03:51,0.022136
2024-09-18 17:03:52,0.028392
2024-09-18 17:03:53,0.032968
2024-09-18 17:03:54,0.030224
2024-09-18 17:03:55,0.026712
2024-09-18 17:03:56,0.027056
2024-09-18 17:03:57,0.025456
2024-09-18 17:03:58,0.054568
2024-09-18 17:03:59,0.039392
2024-09-18 17:04:00,0.036792
2024-09-18 17:04:01,0.0278
2024-09-18 17:04:02,0.028304
2024-09-18 17:04:03,0.030328
2024-09-18 17:04:04,0.052056
2024-09-18 17:04:05,0.046536
2024-09-18 17:04:06,0.046816
2024-09-18 17:04:07,0.041016
2024-09-18 17:04:08,0.048464
2024-09-18 17:04:09,0.035904
2024-09-18 17:04:10,0.022784
2024-09-18 17:04:11,0.032536
2024-09-18 17:04:12,0.026848
2024-09-18 17:04:13,0.02848
2024-09-18 17:04:14,0.03092
2024-09-18 17:04:15,0.025648
2024-09-18 17:04:16,0.03848
2024-09-18 17:04:17,0.036368
2024-09-18 17:04:18,0.040936
2024-09-18 17:04:19,0.037976
2024-09-18 17:04:20,0.04072
2024-09-18 17:04:21,0.036472
2024-09-18 17:04:22,0.04164
2024-09-18 17:04:23,0.044368
2024-09-18 17:04:24,0.043248
2024-09-18 17:04:25,0.038056
2024-09-18 17:04:26,0.054528
2024-09-18 17:04:27,0.087792
2024-09-18 17:04:28,0.086344
2024-09-18 17:04:29,0.106264
2024-09-18 17:04:30,0.09388
2024-09-18 17:04:31,0.07908
2024-09-18 17:04:32,0.06988
2024-09-18 17:04:33,0.100552
2024-09-18 17:04:34,0.088528
2024-09-18 17:04:35,0.086208
2024-09-18 17:04:36,0.105608
2024-09-18 17:04:37,0.106112
2024-09-18 17:04:38,0.128224
2024-09-18 17:04:39,0.11412
2024-09-18 17:04:40,0.091712
2024-09-18 17:04:41,0.094672
2024-09-18 17:04:42,0.107888
2024-09-18 17:04:43,0.107256
2024-09-18 17:04:44,0.095152
2024-09-18 17:04:45,0.10548
2024-09-18 17:04:46,0.087616
2024-09-18 17:04:47,0.080224
2024-09-18 17:04:48,0.100992
2024-09-18 17:04:49,0.092312
2024-09-18 17:04:50,0.095992
2024-09-18 17:04:51,0.091232
2024-09-18 17:04:52,0.155136
2024-09-18 17:04:53,0.133168
2024-09-18 17:04:54,0.110648
2024-09-18 17:04:55,0.116848
2024-09-18 17:04:56,0.120624
2024-09-18 17:04:57,0.120216
2024-09-18 17:04:58,0.161744
2024-09-18 17:04:59,0.115
2024-09-18 17:05:00,0.12656
2024-09-18 17:05:01,0.14032
2024-09-18 17:05:02,0.123176
2024-09-18 17:05:03,0.143624
2024-09-18 17:05:04,0.118456
2024-09-18 17:05:05,0.117784
2024-09-18 17:05:06,0.13716
2024-09-18 17:05:07,0.113752
2024-09-18 17:05:08,0.116672
2024-09-18 17:05:09,0.105568
2024-09-18 17:05:10,0.094224
2024-09-18 17:05:11,0.12016
2024-09-18 17:05:12,0.111768
2024-09-18 17:05:13,0.142784
2024-09-18 17:05:14,0.152256
2024-09-18 17:05:15,0.142784
2024-09-18 17:05:16,0.11708
2024-09-18 17:05:17,0.113832
2024-09-18 17:05:18,0.123816
2024-09-18 17:05:19,0.135568
2024-09-18 17:05:20,0.14028
2024-09-18 17:05:21,0.117856
2024-09-18 17:05:22,0.1206
2024-09-18 17:05:23,0.11096
2024-09-18 17:05:24,0.089664
2024-09-18 17:05:25,0.102944
2024-09-18 17:05:26,0.118256
2024-09-18 17:05:27,0.136056
2024-09-18 17:05:28,0.120032
2024-09-18 17:05:29,0.135272
2024-09-18 17:05:30,0.118688
2024-09-18 17:05:31,0.109504
2024-09-18 17:05:32,0.121376
2024-09-18 17:05:33,0.12316
2024-09-18 17:05:34,0.128176
2024-09-18 17:05:35,0.106432
2024-09-18 17:05:36,0.145328
2024-09-18 17:05:37,0.161616
2024-09-18 17:05:38,0.114368
2024-09-18 17:05:39,0.134488
2024-09-18 17:05:40,0.12348
2024-09-18 17:05:41,0.120272
2024-09-18 17:05:42,0.103448
2024-09-18 17:05:43,0.102352
2024-09-18 17:05:44,0.092112
2024-09-18 17:05:45,0.091504
2024-09-18 17:05:46,0.088584
2024-09-18 17:05:47,0.098216
2024-09-18 17:05:48,0.090184
2024-09-18 17:05:49,0.086104
2024-09-18 17:05:50,0.08124
2024-09-18 17:05:51,0.067664
2024-09-18 17:05:52,0.085304
2024-09-18 17:05:53,0.132848
2024-09-18 17:05:54,0.119504
2024-09-18 17:05:55,0.127088
2024-09-18 17:05:56,0.10212
2024-09-18 17:05:57,0.117048
2024-09-18 17:05:58,0.153568
2024-09-18 17:05:59,0.102568
2024-09-18 17:06:00,0.10312
2024-09-18 17:06:01,0.103192
2024-09-18 17:06:02,0.105936
2024-09-18 17:06:03,0.105208
2024-09-18 17:06:04,0.116984
2024-09-18 17:06:05,0.111496
2024-09-18 17:06:06,0.115336
2024-09-18 17:06:07,0.11164
2024-09-18 17:06:08,0.129488
2024-09-18 17:06:09,0.123352
2024-09-18 17:06:10,0.11732
2024-09-18 17:06:11,0.0966
2024-09-18 17:06:12,0.105536
2024-09-18 17:06:13,0.091864
2024-09-18 17:06:14,0.10308
2024-09-18 17:06:15,0.082312
2024-09-18 17:06:16,0.08728
2024-09-18 17:06:17,0.089112
2024-09-18 17:06:18,0.099048
2024-09-18 17:06:19,0.093168
2024-09-18 17:06:20,0.090648
2024-09-18 17:06:21,0.107752
2024-09-18 17:06:22,0.096184
2024-09-18 17:06:23,0.091088
2024-09-18 17:06:24,0.094112
2024-09-18 17:06:25,0.091296
2024-09-18 17:06:26,0.095464
2024-09-18 17:06:27,0.10716
2024-09-18 17:06:28,0.08944
2024-09-18 17:06:29,0.10908
2024-09-18 17:06:30,0.1028
2024-09-18 17:06:31,0.14272
2024-09-18 17:06:32,0.13208
2024-09-18 17:06:33,0.133688
2024-09-18 17:06:34,0.122368
2024-09-18 17:06:35,0.127672
2024-09-18 17:06:36,0.131424
2024-09-18 17:06:37,0.138624
2024-09-18 17:06:38,0.121008
2024-09-18 17:06:39,0.107072
2024-09-18 17:06:40,0.104368
2024-09-18 17:06:41,0.167792
2024-09-18 17:06:42,0.138248
2024-09-18 17:06:43,0.109448
2024-09-18 17:06:44,0.151456
2024-09-18 17:06:45,0.158552
2024-09-18 17:06:46,0.156824
2024-09-18 17:06:47,0.115568
2024-09-18 17:06:48,0.09828
2024-09-18 17:06:49,0.0986
2024-09-18 17:06:50,0.113768
2024-09-18 17:06:51,0.121248
2024-09-18 17:06:52,0.099496
2024-09-18 17:06:53,0.113016
2024-09-18 17:06:54,0.11904
2024-09-18 17:06:55,0.113312
2024-09-18 17:06:56,0.101392
2024-09-18 17:06:57,0.113208
2024-09-18 17:06:58,0.168232
2024-09-18 17:06:59,0.136536
2024-09-18 17:07:00,0.131512
2024-09-18 17:07:01,0.136408
2024-09-18 17:07:02,0.135784
2024-09-18 17:07:03,0.115592
2024-09-18 17:07:04,0.159936
2024-09-18 17:07:05,0.152152
2024-09-18 17:07:06,0.133808
2024-09-18 17:07:07,0.13072
2024-09-18 17:07:08,0.123168
2024-09-18 17:07:09,0.114848
2024-09-18 17:07:10,0.11332
2024-09-18 17:07:11,0.11644
2024-09-18 17:07:12,0.120976
2024-09-18 17:07:13,0.128016
2024-09-18 17:07:14,0.10612
2024-09-18 17:07:15,0.10436
2024-09-18 17:07:16,0.15768
2024-09-18 17:07:17,0.1766
2024-09-18 17:07:18,0.115104
2024-09-18 17:07:19,0.12716
2024-09-18 17:07:20,0.156104
2024-09-18 17:07:21,0.159088
2024-09-18 17:07:22,0.138704
2024-09-18 17:07:23,0.11516
2024-09-18 17:07:24,0.126984
2024-09-18 17:07:25,0.1204
2024-09-18 17:07:26,0.108368
2024-09-18 17:07:27,0.110952
2024-09-18 17:07:28,0.103792
2024-09-18 17:07:29,0.126832
2024-09-18 17:07:30,0.118632
2024-09-18 17:07:31,0.102168
2024-09-18 17:07:32,0.110184
2024-09-18 17:07:33,0.125456
2024-09-18 17:07:34,0.131768
2024-09-18 17:07:35,0.127016
2024-09-18 17:07:36,0.145432
2024-09-18 17:07:37,0.154096
2024-09-18 17:07:38,0.137736
2024-09-18 17:07:39,0.131432
2024-09-18 17:07:40,0.107
2024-09-18 17:07:41,0.107528
2024-09-18 17:07:42,0.127136
2024-09-18 17:07:43,0.123624
2024-09-18 17:07:44,0.10308
2024-09-18 17:07:45,0.112016
2024-09-18 17:07:46,0.125248
2024-09-18 17:07:47,0.157008
2024-09-18 17:07:48,0.11528
2024-09-18 17:07:49,0.109512
2024-09-18 17:07:50,0.106056
2024-09-18 17:07:51,0.10436
2024-09-18 17:07:52,0.090152
2024-09-18 17:07:53,0.086672
2024-09-18 17:07:54,0.086328
2024-09-18 17:07:55,0.121944
2024-09-18 17:07:56,0.125936
2024-09-18 17:07:57,0.130184
2024-09-18 17:07:58,0.121008
2024-09-18 17:07:59,0.164664
2024-09-18 17:08:00,0.123568
2024-09-18 17:08:01,0.127664
2024-09-18 17:08:02,0.088464
2024-09-18 17:08:03,0.1186
2024-09-18 17:08:04,0.11224
2024-09-18 17:08:05,0.117832
2024-09-18 17:08:06,0.126944
2024-09-18 17:08:07,0.127808
2024-09-18 17:08:08,0.146488
2024-09-18 17:08:09,0.120128
2024-09-18 17:08:10,0.119648
2024-09-18 17:08:11,0.113728
2024-09-18 17:08:12,0.110376
2024-09-18 17:08:13,0.09696
2024-09-18 17:08:14,0.12096
2024-09-18 17:08:15,0.106752
2024-09-18 17:08:16,0.109912
2024-09-18 17:08:17,0.111416
2024-09-18 17:08:18,0.115752
2024-09-18 17:08:19,0.091304
2024-09-18 17:08:20,0.106592
2024-09-18 17:08:21,0.108528
2024-09-18 17:08:22,0.085272
2024-09-18 17:08:23,0.1282
2024-09-18 17:08:24,0.130336
2024-09-18 17:08:25,0.126752
2024-09-18 17:08:26,0.114064
2024-09-18 17:08:27,0.116376
2024-09-18 17:08:28,0.104712
2024-09-18 17:08:29,0.133384
2024-09-18 17:08:30,0.132856
2024-09-18 17:08:31,0.11656
2024-09-18 17:08:32,0.109384
2024-09-18 17:08:33,0.125064
2024-09-18 17:08:34,0.110072
2024-09-18 17:08:35,0.119216
2024-09-18 17:08:36,0.151688
2024-09-18 17:08:37,0.137344
2024-09-18 17:08:38,0.146992
2024-09-18 17:08:39,0.113528
2024-09-18 17:08:40,0.11956
2024-09-18 17:08:41,0.103072
2024-09-18 17:08:42,0.101432
2024-09-18 17:08:43,0.098128
2024-09-18 17:08:44,0.101112
2024-09-18 17:08:45,0.093064
2024-09-18 17:08:46,0.092224
2024-09-18 17:08:47,0.129056
2024-09-18 17:08:48,0.113464
2024-09-18 17:08:49,0.12456
2024-09-18 17:08:50,0.158808
2024-09-18 17:08:51,0.158264
2024-09-18 17:08:52,0.14264
2024-09-18 17:08:53,0.154192
2024-09-18 17:08:54,0.128792
2024-09-18 17:08:55,0.118216
2024-09-18 17:08:56,0.117744
2024-09-18 17:08:57,0.1332
2024-09-18 17:08:58,0.13732
2024-09-18 17:08:59,0.13548
2024-09-18 17:09:00,0.134448
2024-09-18 17:09:01,0.127264
2024-09-18 17:09:02,0.142664
2024-09-18 17:09:03,0.149072
2024-09-18 17:09:04,0.131992
2024-09-18 17:09:05,0.13596
2024-09-18 17:09:06,0.150456
2024-09-18 17:09:07,0.15924
2024-09-18 17:09:08,0.161464
2024-09-18 17:09:09,0.182544
2024-09-18 17:09:10,0.198536
2024-09-18 17:09:11,0.161416
2024-09-18 17:09:12,0.178456
2024-09-18 17:09:13,0.107848
2024-09-18 17:09:14,0.1118
2024-09-18 17:09:15,0.078112
2024-09-18 17:09:16,0.10856
2024-09-18 17:09:17,0.122176
2024-09-18 17:09:18,0.091376
2024-09-18 17:09:19,0.099272
2024-09-18 17:09:20,0.109376
2024-09-18 17:09:21,0.118136
2024-09-18 17:09:22,0.123672
2024-09-18 17:09:23,0.110544
2024-09-18 17:09:24,0.0962
2024-09-18 17:09:25,0.091488
2024-09-18 17:09:26,0.08556
2024-09-18 17:09:27,0.087264
2024-09-18 17:09:28,0.089792
2024-09-18 17:09:29,0.105656
2024-09-18 17:09:30,0.085824
2024-09-18 17:09:31,0.108896
2024-09-18 17:09:32,0.098792
2024-09-18 17:09:33,0.124376
2024-09-18 17:09:34,0.129872
2024-09-18 17:09:35,0.098456
2024-09-18 17:09:36,0.098832
2024-09-18 17:09:37,0.098872
2024-09-18 17:09:38,0.102984
2024-09-18 17:09:39,0.098968
2024-09-18 17:09:40,0.095304
2024-09-18 17:09:41,0.112712
2024-09-18 17:09:42,0.08328
2024-09-18 17:09:43,0.100912
2024-09-18 17:09:44,0.093264
2024-09-18 17:09:45,0.090664
2024-09-18 17:09:46,0.118136
2024-09-18 17:09:47,0.13132
2024-09-18 17:09:48,0.114768
2024-09-18 17:09:49,0.1322
2024-09-18 17:09:50,0.092056
2024-09-18 17:09:51,0.105864
2024-09-18 17:09:52,0.108936
2024-09-18 17:09:53,0.113536
2024-09-18 17:09:54,0.078184
2024-09-18 17:09:55,0.078952
2024-09-18 17:09:56,0.092104
2024-09-18 17:09:57,0.10144
2024-09-18 17:09:58,0.101032
2024-09-18 17:09:59,0.131808
2024-09-18 17:10:00,0.111632
2024-09-18 17:10:01,0.121136
2024-09-18 17:10:02,0.128248
2024-09-18 17:10:03,0.135576
2024-09-18 17:10:04,0.143272
2024-09-18 17:10:05,0.116328
2024-09-18 17:10:06,0.143576
2024-09-18 17:10:07,0.153352
2024-09-18 17:10:08,0.124328
2024-09-18 17:10:09,0.114952
2024-09-18 17:10:10,0.10544
2024-09-18 17:10:11,0.116336
2024-09-18 17:10:12,0.124792
2024-09-18 17:10:13,0.106448
2024-09-18 17:10:14,0.119808
2024-09-18 17:10:15,0.110848
2024-09-18 17:10:16,0.122408
2024-09-18 17:10:17,0.107744
2024-09-18 17:10:18,0.103968
2024-09-18 17:10:19,0.10968
2024-09-18 17:10:20,0.109288
2024-09-18 17:10:21,0.09604
2024-09-18 17:10:22,0.10032
2024-09-18 17:10:23,0.103088
2024-09-18 17:10:24,0.080936
2024-09-18 17:10:25,0.102304
2024-09-18 17:10:26,0.100584
2024-09-18 17:10:27,0.132824
2024-09-18 17:10:28,0.139408
2024-09-18 17:10:29,0.1158
2024-09-18 17:10:30,0.111008
2024-09-18 17:10:31,0.112344
2024-09-18 17:10:32,0.110768
2024-09-18 17:10:33,0.130944
2024-09-18 17:10:34,0.107784
2024-09-18 17:10:35,0.159952
2024-09-18 17:10:36,0.131224
2024-09-18 17:10:37,0.136696
2024-09-18 17:10:38,0.123464
2024-09-18 17:10:39,0.110568
2024-09-18 17:10:40,0.100592
2024-09-18 17:10:41,0.122008
2024-09-18 17:10:42,0.117776
2024-09-18 17:10:43,0.092512
2024-09-18 17:10:44,0.089896
2024-09-18 17:10:45,0.12932
2024-09-18 17:10:46,0.104416
2024-09-18 17:10:47,0.117664
2024-09-18 17:10:48,0.104856
2024-09-18 17:10:49,0.097352
2024-09-18 17:10:50,0.08528
2024-09-18 17:10:51,0.123784
2024-09-18 17:10:52,0.12096
2024-09-18 17:10:53,0.081312
2024-09-18 17:10:54,0.08696
2024-09-18 17:10:55,0.093168
2024-09-18 17:10:56,0.112368
2024-09-18 17:10:57,0.112576
2024-09-18 17:10:58,0.160904
2024-09-18 17:10:59,0.108792
2024-09-18 17:11:00,0.140072
2024-09-18 17:11:01,0.126912
2024-09-18 17:11:02,0.12132
2024-09-18 17:11:03,0.130952
2024-09-18 17:11:04,0.162176
2024-09-18 17:11:05,0.148
2024-09-18 17:11:06,0.132128
2024-09-18 17:11:07,0.12144
2024-09-18 17:11:08,0.126368
2024-09-18 17:11:09,0.138024
2024-09-18 17:11:10,0.109216
2024-09-18 17:11:11,0.124248
2024-09-18 17:11:12,0.104864
2024-09-18 17:11:13,0.107696
2024-09-18 17:11:14,0.086272
2024-09-18 17:11:15,0.089112
2024-09-18 17:11:16,0.081088
2024-09-18 17:11:17,0.09188
2024-09-18 17:11:18,0.100192
2024-09-18 17:11:19,0.095072
2024-09-18 17:11:20,0.089832
2024-09-18 17:11:21,0.101768
2024-09-18 17:11:22,0.089224
2024-09-18 17:11:23,0.091416
2024-09-18 17:11:24,0.125784
2024-09-18 17:11:25,0.117408
2024-09-18 17:11:26,0.099912
2024-09-18 17:11:27,0.178992
2024-09-18 17:11:28,0.167504
2024-09-18 17:11:29,0.197488
2024-09-18 17:11:30,0.135192
2024-09-18 17:11:31,0.126432
2024-09-18 17:11:32,0.13368
2024-09-18 17:11:33,0.139392
2024-09-18 17:11:34,0.142816
2024-09-18 17:11:35,0.135976
2024-09-18 17:11:36,0.147648
2024-09-18 17:11:37,0.151168
2024-09-18 17:11:38,0.158656
2024-09-18 17:11:39,0.124968
2024-09-18 17:11:40,0.111672
2024-09-18 17:11:41,0.11524
2024-09-18 17:11:42,0.092792
2024-09-18 17:11:43,0.095344
2024-09-18 17:11:44,0.083504
2024-09-18 17:11:45,0.09048
2024-09-18 17:11:46,0.102392
2024-09-18 17:11:47,0.113848
2024-09-18 17:11:48,0.103608
2024-09-18 17:11:49,0.09064
2024-09-18 17:11:50,0.06448
2024-09-18 17:11:51,0.075824
2024-09-18 17:11:52,0.080152
2024-09-18 17:11:53,0.097152
2024-09-18 17:11:54,0.160216
2024-09-18 17:11:55,0.136
2024-09-18 17:11:56,0.136848
2024-09-18 17:11:57,0.11768
2024-09-18 17:11:58,0.108752
2024-09-18 17:11:59,0.146576
2024-09-18 17:12:00,0.138784
2024-09-18 17:12:01,0.114416
2024-09-18 17:12:02,0.126648
2024-09-18 17:12:03,0.1194
2024-09-18 17:12:04,0.12952
2024-09-18 17:12:05,0.118368
2024-09-18 17:12:06,0.12096
2024-09-18 17:12:07,0.10108
2024-09-18 17:12:08,0.098616
2024-09-18 17:12:09,0.090368
2024-09-18 17:12:10,0.098776
2024-09-18 17:12:11,0.095472
2024-09-18 17:12:12,0.102752
2024-09-18 17:12:13,0.0862
2024-09-18 17:12:14,0.091528
2024-09-18 17:12:15,0.099408
2024-09-18 17:12:16,0.129528
2024-09-18 17:12:17,0.103936
2024-09-18 17:12:18,0.110152
2024-09-18 17:12:19,0.115952
2024-09-18 17:12:20,0.157656
2024-09-18 17:12:21,0.17932
2024-09-18 17:12:22,0.155
2024-09-18 17:12:23,0.158456
2024-09-18 17:12:24,0.130304
2024-09-18 17:12:25,0.137504
2024-09-18 17:12:26,0.108096
2024-09-18 17:12:27,0.107512
2024-09-18 17:12:28,0.104496
2024-09-18 17:12:29,0.184384
2024-09-18 17:12:30,0.14648
2024-09-18 17:12:31,0.152424
2024-09-18 17:12:32,0.121136
2024-09-18 17:12:33,0.110832
2024-09-18 17:12:34,0.121312
2024-09-18 17:12:35,0.158224
2024-09-18 17:12:36,0.114784
2024-09-18 17:12:37,0.147224
2024-09-18 17:12:38,0.177896
2024-09-18 17:12:39,0.170208
2024-09-18 17:12:40,0.139832
2024-09-18 17:12:41,0.173632
2024-09-18 17:12:42,0.14708
2024-09-18 17:12:43,0.130568
2024-09-18 17:12:44,0.117504
2024-09-18 17:12:45,0.130992
2024-09-18 17:12:46,0.128904
2024-09-18 17:12:47,0.107792
2024-09-18 17:12:48,0.097912
2024-09-18 17:12:49,0.11616
2024-09-18 17:12:50,0.114808
2024-09-18 17:12:51,0.083408
2024-09-18 17:12:52,0.089392
2024-09-18 17:12:53,0.095032
2024-09-18 17:12:54,0.091944
2024-09-18 17:12:55,0.093416
2024-09-18 17:12:56,0.079624
2024-09-18 17:12:57,0.106848
2024-09-18 17:12:58,0.128976
2024-09-18 17:12:59,0.103456
2024-09-18 17:13:00,0.118416
2024-09-18 17:13:01,0.130744
2024-09-18 17:13:02,0.128744
2024-09-18 17:13:03,0.172048
2024-09-18 17:13:04,0.207624
2024-09-18 17:13:05,0.155984
2024-09-18 17:13:06,0.16744
2024-09-18 17:13:07,0.13828
2024-09-18 17:13:08,0.191448
2024-09-18 17:13:09,0.167896
2024-09-18 17:13:10,0.09508
2024-09-18 17:13:11,0.099872
2024-09-18 17:13:12,0.117472
2024-09-18 17:13:13,0.09556
2024-09-18 17:13:14,0.093024
2024-09-18 17:13:15,0.103504
2024-09-18 17:13:16,0.088896
2024-09-18 17:13:17,0.081984
2024-09-18 17:13:18,0.088888
2024-09-18 17:13:19,0.087384
2024-09-18 17:13:20,0.088776
2024-09-18 17:13:21,0.088208
2024-09-18 17:13:22,0.156992
2024-09-18 17:13:23,0.09608
2024-09-18 17:13:24,0.10068
2024-09-18 17:13:25,0.107328
2024-09-18 17:13:26,0.131064
2024-09-18 17:13:27,0.120944
2024-09-18 17:13:28,0.093256
2024-09-18 17:13:29,0.08524
2024-09-18 17:13:30,0.083272
2024-09-18 17:13:31,0.106648
2024-09-18 17:13:32,0.111496
2024-09-18 17:13:33,0.090392
2024-09-18 17:13:34,0.104984
2024-09-18 17:13:35,0.11392
2024-09-18 17:13:36,0.109128
2024-09-18 17:13:37,0.112208
2024-09-18 17:13:38,0.10312
2024-09-18 17:13:39,0.14328
2024-09-18 17:13:40,0.160568
2024-09-18 17:13:41,0.133296
2024-09-18 17:13:42,0.127992
2024-09-18 17:13:43,0.141544
2024-09-18 17:13:44,0.122616
2024-09-18 17:13:45,0.15768
2024-09-18 17:13:46,0.120288
2024-09-18 17:13:47,0.120552
2024-09-18 17:13:48,0.119168
2024-09-18 17:13:49,0.142344
2024-09-18 17:13:50,0.1656
2024-09-18 17:13:51,0.134808
2024-09-18 17:13:52,0.150064
2024-09-18 17:13:53,0.107192
2024-09-18 17:13:54,0.099096
2024-09-18 17:13:55,0.08688
2024-09-18 17:13:56,0.118488
2024-09-18 17:13:57,0.121928
2024-09-18 17:13:58,0.132896
2024-09-18 17:13:59,0.160192
2024-09-18 17:14:00,0.119808
2024-09-18 17:14:01,0.10808
2024-09-18 17:14:02,0.12152
2024-09-18 17:14:03,0.101544
2024-09-18 17:14:04,0.105808
2024-09-18 17:14:05,0.099048
2024-09-18 17:14:06,0.119776
2024-09-18 17:14:07,0.121208
2024-09-18 17:14:08,0.123456
2024-09-18 17:14:09,0.125504
2024-09-18 17:14:10,0.116584
2024-09-18 17:14:11,0.11988
2024-09-18 17:14:12,0.100552
2024-09-18 17:14:13,0.143128
2024-09-18 17:14:14,0.11392
2024-09-18 17:14:15,0.125664
2024-09-18 17:14:16,0.098952
2024-09-18 17:14:17,0.118376
2024-09-18 17:14:18,0.106152
2024-09-18 17:14:19,0.101536
2024-09-18 17:14:20,0.116256
2024-09-18 17:14:21,0.121072
2024-09-18 17:14:22,0.097528
2024-09-18 17:14:23,0.083232
2024-09-18 17:14:24,0.065928
2024-09-18 17:14:25,0.10736
2024-09-18 17:14:26,0.120536
2024-09-18 17:14:27,0.133272
2024-09-18 17:14:28,0.130024
2024-09-18 17:14:29,0.119248
2024-09-18 17:14:30,0.102056
2024-09-18 17:14:31,0.10844
2024-09-18 17:14:32,0.106216
2024-09-18 17:14:33,0.136744
2024-09-18 17:14:34,0.142896
2024-09-18 17:14:35,0.14076
2024-09-18 17:14:36,0.121256
2024-09-18 17:14:37,0.129216
2024-09-18 17:14:38,0.114744
2024-09-18 17:14:39,0.107256
2024-09-18 17:14:40,0.103944
2024-09-18 17:14:41,0.0998
2024-09-18 17:14:42,0.160648
2024-09-18 17:14:43,0.177016
2024-09-18 17:14:44,0.150344
2024-09-18 17:14:45,0.107936
2024-09-18 17:14:46,0.102304
2024-09-18 17:14:47,0.091328
2024-09-18 17:14:48,0.10476
2024-09-18 17:14:49,0.099144
2024-09-18 17:14:50,0.117152
2024-09-18 17:14:51,0.11212
2024-09-18 17:14:52,0.113672
2024-09-18 17:14:53,0.1066
2024-09-18 17:14:54,0.111776
2024-09-18 17:14:55,0.09608
2024-09-18 17:14:56,0.099936
2024-09-18 17:14:57,0.100056
2024-09-18 17:14:58,0.167696
2024-09-18 17:14:59,0.110144
2024-09-18 17:15:00,0.136256
2024-09-18 17:15:01,0.119632
2024-09-18 17:15:02,0.110864
2024-09-18 17:15:03,0.094256
2024-09-18 17:15:04,0.114616
2024-09-18 17:15:05,0.082856
2024-09-18 17:15:06,0.083456
2024-09-18 17:15:07,0.125512
2024-09-18 17:15:08,0.125128
2024-09-18 17:15:09,0.161536
2024-09-18 17:15:10,0.113928
2024-09-18 17:15:11,0.098792
2024-09-18 17:15:12,0.108856
2024-09-18 17:15:13,0.092104
2024-09-18 17:15:14,0.089416
2024-09-18 17:15:15,0.08948
2024-09-18 17:15:16,0.108568
2024-09-18 17:15:17,0.093632
2024-09-18 17:15:18,0.106264
2024-09-18 17:15:19,0.117192
2024-09-18 17:15:20,0.143408
2024-09-18 17:15:21,0.130144
2024-09-18 17:15:22,0.133544
2024-09-18 17:15:23,0.101432
2024-09-18 17:15:24,0.094496
2024-09-18 17:15:25,0.106992
2024-09-18 17:15:26,0.101936
2024-09-18 17:15:27,0.109544
2024-09-18 17:15:28,0.099512
2024-09-18 17:15:29,0.116952
2024-09-18 17:15:30,0.15276
2024-09-18 17:15:31,0.119712
2024-09-18 17:15:32,0.12624
2024-09-18 17:15:33,0.116144
2024-09-18 17:15:34,0.120232
2024-09-18 17:15:35,0.152136
2024-09-18 17:15:36,0.118672
2024-09-18 17:15:37,0.126216
2024-09-18 17:15:38,0.115176
2024-09-18 17:15:39,0.13164
2024-09-18 17:15:40,0.125336
2024-09-18 17:15:41,0.102224
2024-09-18 17:15:42,0.094736
2024-09-18 17:15:43,0.126672
2024-09-18 17:15:44,0.118528
2024-09-18 17:15:45,0.112552
2024-09-18 17:15:46,0.132768
2024-09-18 17:15:47,0.131552
2024-09-18 17:15:48,0.149392
2024-09-18 17:15:49,0.128824
2024-09-18 17:15:50,0.122688
2024-09-18 17:15:51,0.086344
2024-09-18 17:15:52,0.086288
2024-09-18 17:15:53,0.085728
2024-09-18 17:15:54,0.115792
2024-09-18 17:15:55,0.102096
2024-09-18 17:15:56,0.116456
2024-09-18 17:15:57,0.123816
2024-09-18 17:15:58,0.149104
2024-09-18 17:15:59,0.160896
2024-09-18 17:16:00,0.111808
2024-09-18 17:16:01,0.136632
2024-09-18 17:16:02,0.18276
2024-09-18 17:16:03,0.17516
2024-09-18 17:16:04,0.163672
2024-09-18 17:16:05,0.12536
2024-09-18 17:16:06,0.121792
2024-09-18 17:16:07,0.15136
2024-09-18 17:16:08,0.160976
2024-09-18 17:16:09,0.132592
2024-09-18 17:16:10,0.141056
2024-09-18 17:16:11,0.129152
2024-09-18 17:16:12,0.119504
2024-09-18 17:16:13,0.147576
2024-09-18 17:16:14,0.208272
2024-09-18 17:16:15,0.2132
2024-09-18 17:16:16,0.168712
2024-09-18 17:16:17,0.15824
2024-09-18 17:16:18,0.154648
2024-09-18 17:16:19,0.156872
2024-09-18 17:16:20,0.109728
2024-09-18 17:16:21,0.099752
2024-09-18 17:16:22,0.093312
2024-09-18 17:16:23,0.076248
2024-09-18 17:16:24,0.080616
2024-09-18 17:16:25,0.085392
2024-09-18 17:16:26,0.100608
2024-09-18 17:16:27,0.089168
2024-09-18 17:16:28,0.084936
2024-09-18 17:16:29,0.0926
2024-09-18 17:16:30,0.106168
2024-09-18 17:16:31,0.091928
2024-09-18 17:16:32,0.1128
2024-09-18 17:16:33,0.095792
2024-09-18 17:16:34,0.121424
2024-09-18 17:16:35,0.10048
2024-09-18 17:16:36,0.110256
2024-09-18 17:16:37,0.120528
2024-09-18 17:16:38,0.113128
2024-09-18 17:16:39,0.080624
2024-09-18 17:16:40,0.119504
2024-09-18 17:16:41,0.092272
2024-09-18 17:16:42,0.094352
2024-09-18 17:16:43,0.068704
2024-09-18 17:16:44,0.105016
2024-09-18 17:16:45,0.089904
2024-09-18 17:16:46,0.085856
2024-09-18 17:16:47,0.082352
2024-09-18 17:16:48,0.115216
2024-09-18 17:16:49,0.097856
2024-09-18 17:16:50,0.107032
2024-09-18 17:16:51,0.100568
2024-09-18 17:16:52,0.11092
2024-09-18 17:16:53,0.100056
2024-09-18 17:16:54,0.095816
2024-09-18 17:16:55,0.128824
2024-09-18 17:16:56,0.14168
2024-09-18 17:16:57,0.095408
2024-09-18 17:16:58,0.087752
2024-09-18 17:16:59,0.115832
2024-09-18 17:17:00,0.134896
2024-09-18 17:17:01,0.1336
2024-09-18 17:17:02,0.1232
2024-09-18 17:17:03,0.125032
2024-09-18 17:17:04,0.158
2024-09-18 17:17:05,0.171448
2024-09-18 17:17:06,0.173272
2024-09-18 17:17:07,0.137984
2024-09-18 17:17:08,0.157664
2024-09-18 17:17:09,0.189776
2024-09-18 17:17:10,0.110888
2024-09-18 17:17:11,0.131984
2024-09-18 17:17:12,0.12976
2024-09-18 17:17:13,0.105872
2024-09-18 17:17:14,0.12572
2024-09-18 17:17:15,0.117392
2024-09-18 17:17:16,0.134504
2024-09-18 17:17:17,0.108504
2024-09-18 17:17:18,0.146544
2024-09-18 17:17:19,0.134128
2024-09-18 17:17:20,0.124832
2024-09-18 17:17:21,0.10912
2024-09-18 17:17:22,0.120048
2024-09-18 17:17:23,0.120544
2024-09-18 17:17:24,0.109144
2024-09-18 17:17:25,0.141024
2024-09-18 17:17:26,0.12956
2024-09-18 17:17:27,0.106424
2024-09-18 17:17:28,0.103344
2024-09-18 17:17:29,0.123584
2024-09-18 17:17:30,0.143408
2024-09-18 17:17:31,0.150104
2024-09-18 17:17:32,0.138752
2024-09-18 17:17:33,0.124888
2024-09-18 17:17:34,0.165232
2024-09-18 17:17:35,0.16552
2024-09-18 17:17:36,0.156112
2024-09-18 17:17:37,0.134768
2024-09-18 17:17:38,0.16912
2024-09-18 17:17:39,0.165496
2024-09-18 17:17:40,0.141432
2024-09-18 17:17:41,0.122984
2024-09-18 17:17:42,0.13464
2024-09-18 17:17:43,0.09652
2024-09-18 17:17:44,0.08084
2024-09-18 17:17:45,0.1186
2024-09-18 17:17:46,0.098424
2024-09-18 17:17:47,0.08448
2024-09-18 17:17:48,0.080512
2024-09-18 17:17:49,0.088384
2024-09-18 17:17:50,0.070936
2024-09-18 17:17:51,0.095848
2024-09-18 17:17:52,0.085864
2024-09-18 17:17:53,0.101408
2024-09-18 17:17:54,0.085416
2024-09-18 17:17:55,0.070256
2024-09-18 17:17:56,0.071624
2024-09-18 17:17:57,0.12952
2024-09-18 17:17:58,0.093432
2024-09-18 17:17:59,0.127856
2024-09-18 17:18:00,0.150808
2024-09-18 17:18:01,0.139752
2024-09-18 17:18:02,0.146312
2024-09-18 17:18:03,0.1482
2024-09-18 17:18:04,0.149824
2024-09-18 17:18:05,0.187576
2024-09-18 17:18:06,0.180744
2024-09-18 17:18:07,0.225216
2024-09-18 17:18:08,0.125104
2024-09-18 17:18:09,0.121544
2024-09-18 17:18:10,0.099776
2024-09-18 17:18:11,0.098048
2024-09-18 17:18:12,0.11464
2024-09-18 17:18:13,0.105512
2024-09-18 17:18:14,0.08884
2024-09-18 17:18:15,0.098688
2024-09-18 17:18:16,0.084264
2024-09-18 17:18:17,0.081584
2024-09-18 17:18:18,0.089856
2024-09-18 17:18:19,0.105872
2024-09-18 17:18:20,0.115544
2024-09-18 17:18:21,0.106128
2024-09-18 17:18:22,0.137664
2024-09-18 17:18:23,0.08332
2024-09-18 17:18:24,0.097328
2024-09-18 17:18:25,0.09984
2024-09-18 17:18:26,0.09256
2024-09-18 17:18:27,0.081696
2024-09-18 17:18:28,0.091232
2024-09-18 17:18:29,0.0976
2024-09-18 17:18:30,0.087288
2024-09-18 17:18:31,0.133152
2024-09-18 17:18:32,0.096024
2024-09-18 17:18:33,0.146784
2024-09-18 17:18:34,0.134264
2024-09-18 17:18:35,0.117584
2024-09-18 17:18:36,0.10652
2024-09-18 17:18:37,0.12204
2024-09-18 17:18:38,0.118944
2024-09-18 17:18:39,0.1414
2024-09-18 17:18:40,0.112856
2024-09-18 17:18:41,0.12796
2024-09-18 17:18:42,0.203376
2024-09-18 17:18:43,0.154456
2024-09-18 17:18:44,0.166064
2024-09-18 17:18:45,0.165248
2024-09-18 17:18:46,0.125304
2024-09-18 17:18:47,0.158008
2024-09-18 17:18:48,0.135512
2024-09-18 17:18:49,0.152192
2024-09-18 17:18:50,0.113448
2024-09-18 17:18:51,0.1272
2024-09-18 17:18:52,0.116664
2024-09-18 17:18:53,0.107104
2024-09-18 17:18:54,0.12444
2024-09-18 17:18:55,0.118848
2024-09-18 17:18:56,0.106104
2024-09-18 17:18:57,0.091592
2024-09-18 17:18:58,0.085256
2024-09-18 17:18:59,0.139152
2024-09-18 17:19:00,0.094552
2024-09-18 17:19:01,0.129888
2024-09-18 17:19:02,0.122168
2024-09-18 17:19:03,0.11124
2024-09-18 17:19:04,0.137096
2024-09-18 17:19:05,0.160456
2024-09-18 17:19:06,0.18612
2024-09-18 17:19:07,0.16384
2024-09-18 17:19:08,0.127016
2024-09-18 17:19:09,0.094384
2024-09-18 17:19:10,0.089984
2024-09-18 17:19:11,0.1064
2024-09-18 17:19:12,0.087776
2024-09-18 17:19:13,0.115424
2024-09-18 17:19:14,0.148128
2024-09-18 17:19:15,0.164784
2024-09-18 17:19:16,0.154536
2024-09-18 17:19:17,0.170912
2024-09-18 17:19:18,0.159424
2024-09-18 17:19:19,0.121936
2024-09-18 17:19:20,0.115552
2024-09-18 17:19:21,0.162848
2024-09-18 17:19:22,0.178096
2024-09-18 17:19:23,0.138336
2024-09-18 17:19:24,0.110744
2024-09-18 17:19:25,0.11948
2024-09-18 17:19:26,0.143216
2024-09-18 17:19:27,0.119264
2024-09-18 17:19:28,0.121376
2024-09-18 17:19:29,0.133056
2024-09-18 17:19:30,0.173152
2024-09-18 17:19:31,0.144832
2024-09-18 17:19:32,0.123264
2024-09-18 17:19:33,0.121096
2024-09-18 17:19:34,0.14048
2024-09-18 17:19:35,0.122744
2024-09-18 17:19:36,0.137616
2024-09-18 17:19:37,0.114976
2024-09-18 17:19:38,0.11992
2024-09-18 17:19:39,0.110096
2024-09-18 17:19:40,0.138688
2024-09-18 17:19:41,0.115936
2024-09-18 17:19:42,0.1224
2024-09-18 17:19:43,0.136952
2024-09-18 17:19:44,0.100392
2024-09-18 17:19:45,0.123152
2024-09-18 17:19:46,0.118584
2024-09-18 17:19:47,0.101072
2024-09-18 17:19:48,0.10932
2024-09-18 17:19:49,0.104384
2024-09-18 17:19:50,0.094224
2024-09-18 17:19:51,0.108864
2024-09-18 17:19:52,0.114048
2024-09-18 17:19:53,0.132912
2024-09-18 17:19:54,0.104976
2024-09-18 17:19:55,0.107096
2024-09-18 17:19:56,0.1024
2024-09-18 17:19:57,0.09284
2024-09-18 17:19:58,0.096752
2024-09-18 17:19:59,0.13244
2024-09-18 17:20:00,0.089912
2024-09-18 17:20:01,0.097544
2024-09-18 17:20:02,0.094944
2024-09-18 17:20:03,0.103904
2024-09-18 17:20:04,0.09428
2024-09-18 17:20:05,0.093968
2024-09-18 17:20:06,0.096888
2024-09-18 17:20:07,0.107064
2024-09-18 17:20:08,0.122192
2024-09-18 17:20:09,0.135736
2024-09-18 17:20:10,0.171536
2024-09-18 17:20:11,0.138824
2024-09-18 17:20:12,0.154592
2024-09-18 17:20:13,0.135312
2024-09-18 17:20:14,0.119544
2024-09-18 17:20:15,0.109416
2024-09-18 17:20:16,0.111944
2024-09-18 17:20:17,0.110624
2024-09-18 17:20:18,0.157
2024-09-18 17:20:19,0.112304
2024-09-18 17:20:20,0.144824
2024-09-18 17:20:21,0.15104
2024-09-18 17:20:22,0.188696
2024-09-18 17:20:23,0.139176
2024-09-18 17:20:24,0.114568
2024-09-18 17:20:25,0.100344
2024-09-18 17:20:26,0.131872
2024-09-18 17:20:27,0.109
2024-09-18 17:20:28,0.105024
2024-09-18 17:20:29,0.12532
2024-09-18 17:20:30,0.103888
2024-09-18 17:20:31,0.10664
2024-09-18 17:20:32,0.118736
2024-09-18 17:20:33,0.095024
2024-09-18 17:20:34,0.113456
2024-09-18 17:20:35,0.181504
2024-09-18 17:20:36,0.168576
2024-09-18 17:20:37,0.138072
2024-09-18 17:20:38,0.177304
2024-09-18 17:20:39,0.182952
2024-09-18 17:20:40,0.184392
2024-09-18 17:20:41,0.191128
2024-09-18 17:20:42,0.187288
2024-09-18 17:20:43,0.205952
2024-09-18 17:20:44,0.18416
2024-09-18 17:20:45,0.203032
2024-09-18 17:20:46,0.165784
2024-09-18 17:20:47,0.149512
2024-09-18 17:20:48,0.208352
2024-09-18 17:20:49,0.13968
2024-09-18 17:20:50,0.1432
2024-09-18 17:20:51,0.139456
2024-09-18 17:20:52,0.1146
2024-09-18 17:20:53,0.110936
2024-09-18 17:20:54,0.123792
2024-09-18 17:20:55,0.113456
2024-09-18 17:20:56,0.16816
2024-09-18 17:20:57,0.126248
2024-09-18 17:20:58,0.128472
2024-09-18 17:20:59,0.174576
2024-09-18 17:21:00,0.150168
2024-09-18 17:21:01,0.157792
2024-09-18 17:21:02,0.123136
2024-09-18 17:21:03,0.12012
2024-09-18 17:21:04,0.1224
2024-09-18 17:21:05,0.12472
2024-09-18 17:21:06,0.15272
2024-09-18 17:21:07,0.116584
2024-09-18 17:21:08,0.109624
2024-09-18 17:21:09,0.098616
2024-09-18 17:21:10,0.136824
2024-09-18 17:21:11,0.137976
2024-09-18 17:21:12,0.1182
2024-09-18 17:21:13,0.140456
2024-09-18 17:21:14,0.131232
2024-09-18 17:21:15,0.120968
2024-09-18 17:21:16,0.154624
2024-09-18 17:21:17,0.116584
2024-09-18 17:21:18,0.137344
2024-09-18 17:21:19,0.13084
2024-09-18 17:21:20,0.131808
2024-09-18 17:21:21,0.097728
2024-09-18 17:21:22,0.117072
2024-09-18 17:21:23,0.130176
2024-09-18 17:21:24,0.114024
2024-09-18 17:21:25,0.14728
2024-09-18 17:21:26,0.133912
2024-09-18 17:21:27,0.175976
2024-09-18 17:21:28,0.121952
2024-09-18 17:21:29,0.113384
2024-09-18 17:21:30,0.062072
2024-09-18 17:21:31,0.125296
2024-09-18 17:21:32,0.200312
2024-09-18 17:21:33,0.13344
2024-09-18 17:21:34,0.14068
2024-09-18 17:21:35,0.141976
2024-09-18 17:21:36,0.1348
2024-09-18 17:21:37,0.1468
2024-09-18 17:21:38,0.1596
2024-09-18 17:21:39,0.104032
2024-09-18 17:21:40,0.09168
2024-09-18 17:21:41,0.0854
2024-09-18 17:21:42,0.08984
2024-09-18 17:21:43,0.078
2024-09-18 17:21:44,0.128824
2024-09-18 17:21:45,0.094904
2024-09-18 17:21:46,0.104264
2024-09-18 17:21:47,0.078144
2024-09-18 17:21:48,0.118928
2024-09-18 17:21:49,0.091168
2024-09-18 17:21:50,0.129024
2024-09-18 17:21:51,0.128176
2024-09-18 17:21:52,0.113744
2024-09-18 17:21:53,0.10228
2024-09-18 17:21:54,0.104488
2024-09-18 17:21:55,0.094888
2024-09-18 17:21:56,0.081208
2024-09-18 17:21:57,0.09284
2024-09-18 17:21:58,0.09328
2024-09-18 17:21:59,0.134576
2024-09-18 17:22:00,0.104912
2024-09-18 17:22:01,0.11004
2024-09-18 17:22:02,0.114128
2024-09-18 17:22:03,0.088664
2024-09-18 17:22:04,0.11288
2024-09-18 17:22:05,0.10996
2024-09-18 17:22:06,0.107864
2024-09-18 17:22:07,0.151136
2024-09-18 17:22:08,0.125968
2024-09-18 17:22:09,0.127704
2024-09-18 17:22:10,0.092728
2024-09-18 17:22:11,0.081272
2024-09-18 17:22:12,0.124464
2024-09-18 17:22:13,0.09256
2024-09-18 17:22:14,0.069856
2024-09-18 17:22:15,0.07108
2024-09-18 17:22:16,0.071232
2024-09-18 17:22:17,0.09216
2024-09-18 17:22:18,0.1038
2024-09-18 17:22:19,0.128472
2024-09-18 17:22:20,0.146072
2024-09-18 17:22:21,0.183968
2024-09-18 17:22:22,0.116712
2024-09-18 17:22:23,0.122584
2024-09-18 17:22:24,0.092112
2024-09-18 17:22:25,0.130552
2024-09-18 17:22:26,0.111968
2024-09-18 17:22:27,0.100368
2024-09-18 17:22:28,0.100584
2024-09-18 17:22:29,0.104672
2024-09-18 17:22:30,0.130344
2024-09-18 17:22:31,0.131528
2024-09-18 17:22:32,0.12284
2024-09-18 17:22:33,0.14712
2024-09-18 17:22:34,0.134136
2024-09-18 17:22:35,0.188208
2024-09-18 17:22:36,0.184368
2024-09-18 17:22:37,0.176416
2024-09-18 17:22:38,0.150352
2024-09-18 17:22:39,0.15396
2024-09-18 17:22:40,0.135304
2024-09-18 17:22:41,0.152832
2024-09-18 17:22:42,0.1238
2024-09-18 17:22:43,0.149848
2024-09-18 17:22:44,0.150624
2024-09-18 17:22:45,0.156392
2024-09-18 17:22:46,0.134744
2024-09-18 17:22:47,0.141048
2024-09-18 17:22:48,0.09788
2024-09-18 17:22:49,0.131936
2024-09-18 17:22:50,0.151496
2024-09-18 17:22:51,0.168336
2024-09-18 17:22:52,0.178024
2024-09-18 17:22:53,0.151904
2024-09-18 17:22:54,0.14588
2024-09-18 17:22:55,0.160488
2024-09-18 17:22:56,0.117912
2024-09-18 17:22:57,0.144712
2024-09-18 17:22:58,0.125864
2024-09-18 17:22:59,0.186952
2024-09-18 17:23:00,0.134632
2024-09-18 17:23:01,0.118264
2024-09-18 17:23:02,0.13144
2024-09-18 17:23:03,0.094024
2024-09-18 17:23:04,0.169904
2024-09-18 17:23:05,0.177624
2024-09-18 17:23:06,0.157048
2024-09-18 17:23:07,0.177256
2024-09-18 17:23:08,0.137112
2024-09-18 17:23:09,0.131
2024-09-18 17:23:10,0.094296
2024-09-18 17:23:11,0.095912
2024-09-18 17:23:12,0.097336
2024-09-18 17:23:13,0.104528
2024-09-18 17:23:14,0.09608
2024-09-18 17:23:15,0.109784
2024-09-18 17:23:16,0.104368
2024-09-18 17:23:17,0.116208
2024-09-18 17:23:18,0.14856
2024-09-18 17:23:19,0.225776
2024-09-18 17:23:20,0.173928
2024-09-18 17:23:21,0.152832
2024-09-18 17:23:22,0.185512
2024-09-18 17:23:23,0.164272
2024-09-18 17:23:24,0.1566
2024-09-18 17:23:25,0.184896
2024-09-18 17:23:26,0.203872
2024-09-18 17:23:27,0.174344
2024-09-18 17:23:28,0.125304
2024-09-18 17:23:29,0.118776
2024-09-18 17:23:30,0.089176
2024-09-18 17:23:31,0.095888
2024-09-18 17:23:32,0.087576
2024-09-18 17:23:33,0.079688
2024-09-18 17:23:34,0.097544
2024-09-18 17:23:35,0.083768
2024-09-18 17:23:36,0.121824
2024-09-18 17:23:37,0.104448
2024-09-18 17:23:38,0.153048
2024-09-18 17:23:39,0.1468
2024-09-18 17:23:40,0.17328
2024-09-18 17:23:41,0.167832
2024-09-18 17:23:42,0.123144
2024-09-18 17:23:43,0.120712
2024-09-18 17:23:44,0.139392
2024-09-18 17:23:45,0.128408
2024-09-18 17:23:46,0.136832
2024-09-18 17:23:47,0.091464
2024-09-18 17:23:48,0.108192
2024-09-18 17:23:49,0.111472
2024-09-18 17:23:50,0.099968
2024-09-18 17:23:51,0.089112
2024-09-18 17:23:52,0.073224
2024-09-18 17:23:53,0.088704
2024-09-18 17:23:54,0.11684
2024-09-18 17:23:55,0.102992
2024-09-18 17:23:56,0.110288
2024-09-18 17:23:57,0.097952
2024-09-18 17:23:58,0.092856
2024-09-18 17:23:59,0.11508
2024-09-18 17:24:00,0.074904
2024-09-18 17:24:01,0.088784
2024-09-18 17:24:02,0.093528
2024-09-18 17:24:03,0.135712
2024-09-18 17:24:04,0.107888
2024-09-18 17:24:05,0.104096
2024-09-18 17:24:06,0.108496
2024-09-18 17:24:07,0.107864
2024-09-18 17:24:08,0.096872
2024-09-18 17:24:09,0.121304
2024-09-18 17:24:10,0.111552
2024-09-18 17:24:11,0.091928
2024-09-18 17:24:12,0.08616
2024-09-18 17:24:13,0.099744
2024-09-18 17:24:14,0.082112
2024-09-18 17:24:15,0.107736
2024-09-18 17:24:16,0.105
2024-09-18 17:24:17,0.089744
2024-09-18 17:24:18,0.068184
2024-09-18 17:24:19,0.085936
2024-09-18 17:24:20,0.059832
2024-09-18 17:24:21,0.083072
2024-09-18 17:24:22,0.097016
2024-09-18 17:24:23,0.155664
2024-09-18 17:24:24,0.125584
2024-09-18 17:24:25,0.123952
2024-09-18 17:24:26,0.104992
2024-09-18 17:24:27,0.140168
2024-09-18 17:24:28,0.104704
2024-09-18 17:24:29,0.1436
2024-09-18 17:24:30,0.09524
2024-09-18 17:24:31,0.093304
2024-09-18 17:24:32,0.105328
2024-09-18 17:24:33,0.119096
2024-09-18 17:24:34,0.096296
2024-09-18 17:24:35,0.137568
2024-09-18 17:24:36,0.15264
2024-09-18 17:24:37,0.160448
2024-09-18 17:24:38,0.137904
2024-09-18 17:24:39,0.147184
2024-09-18 17:24:40,0.148168
2024-09-18 17:24:41,0.111968
2024-09-18 17:24:42,0.097632
2024-09-18 17:24:43,0.103312
2024-09-18 17:24:44,0.155568
2024-09-18 17:24:45,0.152208
2024-09-18 17:24:46,0.154184
2024-09-18 17:24:47,0.137312
2024-09-18 17:24:48,0.101704
2024-09-18 17:24:49,0.102952
2024-09-18 17:24:50,0.125248
2024-09-18 17:24:51,0.100216
2024-09-18 17:24:52,0.115112
2024-09-18 17:24:53,0.10888
2024-09-18 17:24:54,0.125016
2024-09-18 17:24:55,0.13468
2024-09-18 17:24:56,0.153336
2024-09-18 17:24:57,0.092448
2024-09-18 17:24:58,0.138352
2024-09-18 17:24:59,0.15168
2024-09-18 17:25:00,0.1268
2024-09-18 17:25:01,0.102856
2024-09-18 17:25:02,0.122576
2024-09-18 17:25:03,0.112008
2024-09-18 17:25:04,0.105384
2024-09-18 17:25:05,0.108264
2024-09-18 17:25:06,0.114208
2024-09-18 17:25:07,0.126816
2024-09-18 17:25:08,0.111008
2024-09-18 17:25:09,0.107696
2024-09-18 17:25:10,0.091848
2024-09-18 17:25:11,0.145448
2024-09-18 17:25:12,0.115296
2024-09-18 17:25:13,0.13384
2024-09-18 17:25:14,0.14272
2024-09-18 17:25:15,0.110704
2024-09-18 17:25:16,0.116376
2024-09-18 17:25:17,0.110416
2024-09-18 17:25:18,0.108464
2024-09-18 17:25:19,0.112224
2024-09-18 17:25:20,0.148032
2024-09-18 17:25:21,0.120536
2024-09-18 17:25:22,0.139912
2024-09-18 17:25:23,0.134088
2024-09-18 17:25:24,0.107656
2024-09-18 17:25:25,0.134712
2024-09-18 17:25:26,0.102416
2024-09-18 17:25:27,0.122304
2024-09-18 17:25:28,0.121184
2024-09-18 17:25:29,0.110176
2024-09-18 17:25:30,0.09492
2024-09-18 17:25:31,0.096
2024-09-18 17:25:32,0.103744
2024-09-18 17:25:33,0.09352
2024-09-18 17:25:34,0.137736
2024-09-18 17:25:35,0.135112
2024-09-18 17:25:36,0.152448
2024-09-18 17:25:37,0.15364
2024-09-18 17:25:38,0.113816
2024-09-18 17:25:39,0.085896
2024-09-18 17:25:40,0.087576
2024-09-18 17:25:41,0.094544
2024-09-18 17:25:42,0.086624
2024-09-18 17:25:43,0.08124
2024-09-18 17:25:44,0.077032
2024-09-18 17:25:45,0.082232
2024-09-18 17:25:46,0.084608
2024-09-18 17:25:47,0.101224
2024-09-18 17:25:48,0.130336
2024-09-18 17:25:49,0.127616
2024-09-18 17:25:50,0.146784
2024-09-18 17:25:51,0.14708
2024-09-18 17:25:52,0.183928
2024-09-18 17:25:53,0.235176
2024-09-18 17:25:54,0.207864
2024-09-18 17:25:55,0.218104
2024-09-18 17:25:56,0.167688
2024-09-18 17:25:57,0.140816
2024-09-18 17:25:58,0.207104
2024-09-18 17:25:59,0.251288
2024-09-18 17:26:00,0.220016
2024-09-18 17:26:01,0.136168
2024-09-18 17:26:02,0.148992
2024-09-18 17:26:03,0.213352
2024-09-18 17:26:04,0.151344
2024-09-18 17:26:05,0.137392
2024-09-18 17:26:06,0.149272
2024-09-18 17:26:07,0.151112
2024-09-18 17:26:08,0.116616
2024-09-18 17:26:09,0.123744
2024-09-18 17:26:10,0.10188
2024-09-18 17:26:11,0.142472
2024-09-18 17:26:12,0.139896
2024-09-18 17:26:13,0.107832
2024-09-18 17:26:14,0.131016
2024-09-18 17:26:15,0.138048
2024-09-18 17:26:16,0.132072
2024-09-18 17:26:17,0.11624
2024-09-18 17:26:18,0.114328
2024-09-18 17:26:19,0.11508
2024-09-18 17:26:20,0.1036
2024-09-18 17:26:21,0.091816
2024-09-18 17:26:22,0.080856
2024-09-18 17:26:23,0.074936
2024-09-18 17:26:24,0.092472
2024-09-18 17:26:25,0.106656
2024-09-18 17:26:26,0.094112
2024-09-18 17:26:27,0.069144
2024-09-18 17:26:28,0.070088
2024-09-18 17:26:29,0.055024
2024-09-18 17:26:30,0.071272
2024-09-18 17:26:31,0.053616
2024-09-18 17:26:32,0.075968
2024-09-18 17:26:33,0.084344
2024-09-18 17:26:34,0.07192
2024-09-18 17:26:35,0.138512
2024-09-18 17:26:36,0.143776
2024-09-18 17:26:37,0.149352
2024-09-18 17:26:38,0.145688
2024-09-18 17:26:39,0.166528
2024-09-18 17:26:40,0.157008
2024-09-18 17:26:41,0.18724
2024-09-18 17:26:42,0.149048
2024-09-18 17:26:43,0.153776
2024-09-18 17:26:44,0.143072
2024-09-18 17:26:45,0.127256
2024-09-18 17:26:46,0.133728
2024-09-18 17:26:47,0.145216
2024-09-18 17:26:48,0.146384
2024-09-18 17:26:49,0.132216
2024-09-18 17:26:50,0.166824
2024-09-18 17:26:51,0.158792
2024-09-18 17:26:52,0.101016
2024-09-18 17:26:53,0.092928
2024-09-18 17:26:54,0.093808
2024-09-18 17:26:55,0.110272
2024-09-18 17:26:56,0.083192
2024-09-18 17:26:57,0.10412
2024-09-18 17:26:58,0.077392
2024-09-18 17:26:59,0.131176
2024-09-18 17:27:00,0.10708
2024-09-18 17:27:01,0.09712
2024-09-18 17:27:02,0.09732
2024-09-18 17:27:03,0.129336
2024-09-18 17:27:04,0.083728
2024-09-18 17:27:05,0.088928
2024-09-18 17:27:06,0.09728
2024-09-18 17:27:07,0.1284
2024-09-18 17:27:08,0.111224
2024-09-18 17:27:09,0.158352
2024-09-18 17:27:10,0.140328
2024-09-18 17:27:11,0.12704
2024-09-18 17:27:12,0.079264
2024-09-18 17:27:13,0.080064
2024-09-18 17:27:14,0.074672
2024-09-18 17:27:15,0.065208
2024-09-18 17:27:16,0.074888
2024-09-18 17:27:17,0.067848
2024-09-18 17:27:18,0.063968
2024-09-18 17:27:19,0.098976
2024-09-18 17:27:20,0.134488
2024-09-18 17:27:21,0.129656
2024-09-18 17:27:22,0.117688
2024-09-18 17:27:23,0.11924
2024-09-18 17:27:24,0.151632
2024-09-18 17:27:25,0.163032
2024-09-18 17:27:26,0.125432
2024-09-18 17:27:27,0.124184
2024-09-18 17:27:28,0.118208
2024-09-18 17:27:29,0.077776
2024-09-18 17:27:30,0.084648
2024-09-18 17:27:31,0.0876
2024-09-18 17:27:32,0.122248
2024-09-18 17:27:33,0.109688
2024-09-18 17:27:34,0.151304
2024-09-18 17:27:35,0.117888
2024-09-18 17:27:36,0.139416
2024-09-18 17:27:37,0.150808
2024-09-18 17:27:38,0.174768
2024-09-18 17:27:39,0.121008
2024-09-18 17:27:40,0.13768
2024-09-18 17:27:41,0.132608
2024-09-18 17:27:42,0.128496
2024-09-18 17:27:43,0.108256
2024-09-18 17:27:44,0.103968
2024-09-18 17:27:45,0.109032
2024-09-18 17:27:46,0.083904
2024-09-18 17:27:47,0.083016
2024-09-18 17:27:48,0.115544
2024-09-18 17:27:49,0.104192
2024-09-18 17:27:50,0.115008
2024-09-18 17:27:51,0.101672
2024-09-18 17:27:52,0.162504
2024-09-18 17:27:53,0.14984
2024-09-18 17:27:54,0.142704
2024-09-18 17:27:55,0.201152
2024-09-18 17:27:56,0.166512
2024-09-18 17:27:57,0.175152
2024-09-18 17:27:58,0.09204
2024-09-18 17:27:59,0.138944
2024-09-18 17:28:00,0.098992
2024-09-18 17:28:01,0.132328
2024-09-18 17:28:02,0.12844
2024-09-18 17:28:03,0.170448
2024-09-18 17:28:04,0.187704
2024-09-18 17:28:05,0.185296
2024-09-18 17:28:06,0.217232
2024-09-18 17:28:07,0.20088
2024-09-18 17:28:08,0.19196
2024-09-18 17:28:09,0.177056
2024-09-18 17:28:10,0.197184
2024-09-18 17:28:11,0.178192
2024-09-18 17:28:12,0.1856
2024-09-18 17:28:13,0.128824
2024-09-18 17:28:14,0.1368
2024-09-18 17:28:15,0.131912
2024-09-18 17:28:16,0.138176
2024-09-18 17:28:17,0.132424
2024-09-18 17:28:18,0.112168
2024-09-18 17:28:19,0.142976
2024-09-18 17:28:20,0.132088
2024-09-18 17:28:21,0.168576
2024-09-18 17:28:22,0.17876
2024-09-18 17:28:23,0.191248
2024-09-18 17:28:24,0.155384
2024-09-18 17:28:25,0.147064
2024-09-18 17:28:26,0.109368
2024-09-18 17:28:27,0.096072
2024-09-18 17:28:28,0.098912
2024-09-18 17:28:29,0.098264
2024-09-18 17:28:30,0.094384
2024-09-18 17:28:31,0.158472
2024-09-18 17:28:32,0.153384
2024-09-18 17:28:33,0.139656
2024-09-18 17:28:34,0.1204
2024-09-18 17:28:35,0.143304
2024-09-18 17:28:36,0.137416
2024-09-18 17:28:37,0.161456
2024-09-18 17:28:38,0.145816
2024-09-18 17:28:39,0.196648
2024-09-18 17:28:40,0.144792
2024-09-18 17:28:41,0.19008
2024-09-18 17:28:42,0.16832
2024-09-18 17:28:43,0.12908
2024-09-18 17:28:44,0.145272
2024-09-18 17:28:45,0.164024
2024-09-18 17:28:46,0.146664
2024-09-18 17:28:47,0.153744
2024-09-18 17:28:48,0.128368
2024-09-18 17:28:49,0.143384
2024-09-18 17:28:50,0.124128
2024-09-18 17:28:51,0.133032
2024-09-18 17:28:52,0.167088
2024-09-18 17:28:53,0.13284
2024-09-18 17:28:54,0.179616
2024-09-18 17:28:55,0.156344
2024-09-18 17:28:56,0.200696
2024-09-18 17:28:57,0.168648
2024-09-18 17:28:58,0.19388
2024-09-18 17:28:59,0.221328
2024-09-18 17:29:00,0.200112
2024-09-18 17:29:01,0.19624
2024-09-18 17:29:02,0.21632
2024-09-18 17:29:03,0.118096
2024-09-18 17:29:04,0.198424
2024-09-18 17:29:05,0.14892
2024-09-18 17:29:06,0.179344
2024-09-18 17:29:07,0.164152
2024-09-18 17:29:08,0.12156
2024-09-18 17:29:09,0.140792
2024-09-18 17:29:10,0.10848
2024-09-18 17:29:11,0.181472
2024-09-18 17:29:12,0.211432
2024-09-18 17:29:13,0.138808
2024-09-18 17:29:14,0.127496
2024-09-18 17:29:15,0.196864
2024-09-18 17:29:16,0.195248
2024-09-18 17:29:17,0.20604
2024-09-18 17:29:18,0.2356
2024-09-18 17:29:19,0.205744
2024-09-18 17:29:20,0.193744
2024-09-18 17:29:21,0.137616
2024-09-18 17:29:22,0.123016
2024-09-18 17:29:23,0.12236
2024-09-18 17:29:24,0.118464
2024-09-18 17:29:25,0.113656
2024-09-18 17:29:26,0.11548
2024-09-18 17:29:27,0.11532
2024-09-18 17:29:28,0.131232
2024-09-18 17:29:29,0.124056
2024-09-18 17:29:30,0.167976
2024-09-18 17:29:31,0.136832
2024-09-18 17:29:32,0.129488
2024-09-18 17:29:33,0.114032
2024-09-18 17:29:34,0.148184
2024-09-18 17:29:35,0.094064
2024-09-18 17:29:36,0.126176
2024-09-18 17:29:37,0.099256
2024-09-18 17:29:38,0.122616
2024-09-18 17:29:39,0.126096
2024-09-18 17:29:40,0.1208
2024-09-18 17:29:41,0.14472
2024-09-18 17:29:42,0.128992
2024-09-18 17:29:43,0.13016
2024-09-18 17:29:44,0.144176
2024-09-18 17:29:45,0.125768
2024-09-18 17:29:46,0.115408
2024-09-18 17:29:47,0.100152
2024-09-18 17:29:48,0.095608
2024-09-18 17:29:49,0.094272
2024-09-18 17:29:50,0.0904
2024-09-18 17:29:51,0.117624
2024-09-18 17:29:52,0.11304
2024-09-18 17:29:53,0.094792
2024-09-18 17:29:54,0.10404
2024-09-18 17:29:55,0.104392
2024-09-18 17:29:56,0.10544
2024-09-18 17:29:57,0.081328
2024-09-18 17:29:58,0.081376
2024-09-18 17:29:59,0.1444
2024-09-18 17:30:00,0.096792
2024-09-18 17:30:01,0.08744
2024-09-18 17:30:02,0.099248
2024-09-18 17:30:03,0.118584
2024-09-18 17:30:04,0.13864
2024-09-18 17:30:05,0.185024
2024-09-18 17:30:06,0.113152
2024-09-18 17:30:07,0.108752
2024-09-18 17:30:08,0.16296
2024-09-18 17:30:09,0.165808
2024-09-18 17:30:10,0.205744
2024-09-18 17:30:11,0.159472
2024-09-18 17:30:12,0.128672
2024-09-18 17:30:13,0.14044
2024-09-18 17:30:14,0.106704
2024-09-18 17:30:15,0.143296
2024-09-18 17:30:16,0.114512
2024-09-18 17:30:17,0.12816
2024-09-18 17:30:18,0.1304
2024-09-18 17:30:19,0.121352
2024-09-18 17:30:20,0.177488
2024-09-18 17:30:21,0.163304
2024-09-18 17:30:22,0.145176
2024-09-18 17:30:23,0.135152
2024-09-18 17:30:24,0.153744
2024-09-18 17:30:25,0.125616
2024-09-18 17:30:26,0.137928
2024-09-18 17:30:27,0.112448
2024-09-18 17:30:28,0.096992
2024-09-18 17:30:29,0.11696
2024-09-18 17:30:30,0.1198
2024-09-18 17:30:31,0.121624
2024-09-18 17:30:32,0.09352
2024-09-18 17:30:33,0.11632
2024-09-18 17:30:34,0.092928
2024-09-18 17:30:35,0.068048
2024-09-18 17:30:36,0.110824
2024-09-18 17:30:37,0.109888
2024-09-18 17:30:38,0.103496
2024-09-18 17:30:39,0.099832
2024-09-18 17:30:40,0.150632
2024-09-18 17:30:41,0.146744
2024-09-18 17:30:42,0.180088
2024-09-18 17:30:43,0.157616
2024-09-18 17:30:44,0.163216
2024-09-18 17:30:45,0.158096
2024-09-18 17:30:46,0.131656
2024-09-18 17:30:47,0.142784
2024-09-18 17:30:48,0.13792
2024-09-18 17:30:49,0.155176
2024-09-18 17:30:50,0.127488
2024-09-18 17:30:51,0.089264
2024-09-18 17:30:52,0.124872
2024-09-18 17:30:53,0.140728
2024-09-18 17:30:54,0.128728
2024-09-18 17:30:55,0.107464
2024-09-18 17:30:56,0.132464
2024-09-18 17:30:57,0.116608
2024-09-18 17:30:58,0.120832
2024-09-18 17:30:59,0.162528
2024-09-18 17:31:00,0.101952
2024-09-18 17:31:01,0.113768
2024-09-18 17:31:02,0.105464
2024-09-18 17:31:03,0.162672
2024-09-18 17:31:04,0.176872
2024-09-18 17:31:05,0.173288
2024-09-18 17:31:06,0.181832
2024-09-18 17:31:07,0.199536
2024-09-18 17:31:08,0.189208
2024-09-18 17:31:09,0.202744
2024-09-18 17:31:10,0.147592
2024-09-18 17:31:11,0.183808
2024-09-18 17:31:12,0.196
2024-09-18 17:31:13,0.187872
2024-09-18 17:31:14,0.20204
2024-09-18 17:31:15,0.179504
2024-09-18 17:31:16,0.16888
2024-09-18 17:31:17,0.215848
2024-09-18 17:31:18,0.179088
2024-09-18 17:31:19,0.21004
2024-09-18 17:31:20,0.183128
2024-09-18 17:31:21,0.131216
2024-09-18 17:31:22,0.17324
2024-09-18 17:31:23,0.076008
2024-09-18 17:31:24,0.057704
2024-09-18 17:31:25,0.04144
2024-09-18 17:31:26,0.025608
2024-09-18 17:31:27,0.028912
2024-09-18 17:31:28,0.001728
2024-09-18 17:31:29,0.00188
2024-09-18 17:31:30,0.0014
2024-09-18 17:31:31,0.002368
2024-09-18 17:31:32,0.001728
2024-09-18 17:31:33,0.00188
2024-09-18 17:31:34,0.00124
2024-09-18 17:31:35,0.00064
2024-09-18 17:36:20,0.144792
2024-09-18 17:36:21,0.008464
2024-09-18 17:36:22,0.02048
2024-09-18 17:36:23,0.025072
2024-09-18 17:36:24,0.017048
2024-09-18 17:36:25,0.027392
2024-09-18 17:36:26,0.035872
2024-09-18 17:36:27,0.313544
2024-09-18 17:36:28,0.033488
2024-09-18 17:36:29,0.036456
2024-09-18 17:36:30,0.034072
2024-09-18 17:36:31,0.057592
2024-09-18 17:36:32,0.063488
2024-09-18 17:36:33,0.08468
2024-09-18 17:36:34,0.045864
2024-09-18 17:36:35,0.034496
2024-09-18 17:36:36,0.246488
2024-09-18 17:36:37,0.03848
2024-09-18 17:36:38,0.047512
2024-09-18 17:36:39,0.039656
2024-09-18 17:36:40,0.045704
2024-09-18 17:36:41,0.071824
2024-09-18 17:36:42,0.046248
2024-09-18 17:36:43,0.03732
2024-09-18 17:36:44,0.046072
2024-09-18 17:36:45,0.03876
2024-09-18 17:36:46,0.026272
2024-09-18 17:36:47,0.031048
2024-09-18 17:36:48,0.028768
2024-09-18 17:36:49,0.032208
2024-09-18 17:36:50,0.027584
2024-09-18 17:36:51,0.02824
2024-09-18 17:36:52,0.032576
2024-09-18 17:36:53,0.034624
2024-09-18 17:36:54,0.020832
2024-09-18 17:36:55,0.038512
2024-09-18 17:36:56,0.027936
2024-09-18 17:36:57,0.025536
2024-09-18 17:36:58,0.033
2024-09-18 17:36:59,0.028168
2024-09-18 17:37:00,0.03272
2024-09-18 17:37:01,0.041904
2024-09-18 17:37:02,0.03108
2024-09-18 17:37:03,0.04336
2024-09-18 17:37:04,0.036392
2024-09-18 17:37:05,0.05548
2024-09-18 17:37:06,0.038664
2024-09-18 17:37:07,0.0342
2024-09-18 17:37:08,0.038088
2024-09-18 17:37:09,0.043576
2024-09-18 17:37:10,0.036472
2024-09-18 17:37:11,0.026664
2024-09-18 17:37:12,0.044544
2024-09-18 17:37:13,0.037056
2024-09-18 17:37:14,0.043872
2024-09-18 17:37:15,0.034856
2024-09-18 17:37:16,0.024384
2024-09-18 17:37:17,0.025168
2024-09-18 17:37:18,0.03692
2024-09-18 17:37:19,0.03636
2024-09-18 17:37:20,0.018376
2024-09-18 17:37:21,0.025328
2024-09-18 17:37:22,0.022528
2024-09-18 17:37:23,0.025776
2024-09-18 17:37:24,0.023152
2024-09-18 17:37:25,0.029616
2024-09-18 17:37:26,0.023288
2024-09-18 17:37:27,0.01824
2024-09-18 17:37:28,0.0146
2024-09-18 17:37:29,0.027536
2024-09-18 17:37:30,0.030744
2024-09-18 17:37:31,0.035048
2024-09-18 17:37:32,0.027696
2024-09-18 17:37:33,0.042944
2024-09-18 17:37:34,0.038312
2024-09-18 17:37:35,0.036744
2024-09-18 17:37:36,0.066368
2024-09-18 17:37:37,0.031352
2024-09-18 17:37:38,0.031752
2024-09-18 17:37:39,0.035464
2024-09-18 17:37:40,0.028992
2024-09-18 17:37:41,0.038432
2024-09-18 17:37:42,0.0438
2024-09-18 17:37:43,0.041696
2024-09-18 17:37:44,0.047032
2024-09-18 17:37:45,0.049248
2024-09-18 17:37:46,0.024576
2024-09-18 17:37:47,0.02608
2024-09-18 17:37:48,0.033928
2024-09-18 17:37:49,0.037352
2024-09-18 17:37:50,0.035144
2024-09-18 17:37:51,0.04968
2024-09-18 17:37:52,0.034976
2024-09-18 17:37:53,0.04128
2024-09-18 17:37:54,0.032856
2024-09-18 17:37:55,0.039664
2024-09-18 17:37:56,0.038936
2024-09-18 17:37:57,0.039296
2024-09-18 17:37:58,0.04432
2024-09-18 17:37:59,0.039376
2024-09-18 17:38:00,0.044
2024-09-18 17:38:01,0.044168
2024-09-18 17:38:02,0.03688
2024-09-18 17:38:03,0.051264
2024-09-18 17:38:04,0.068416
2024-09-18 17:38:05,0.087664
2024-09-18 17:38:06,0.07124
2024-09-18 17:38:07,0.07676
2024-09-18 17:38:08,0.072608
2024-09-18 17:38:09,0.07948
2024-09-18 17:38:10,0.0744
2024-09-18 17:38:11,0.093576
2024-09-18 17:38:12,0.089616
2024-09-18 17:38:13,0.108296
2024-09-18 17:38:14,0.10036
2024-09-18 17:38:15,0.089488
2024-09-18 17:38:16,0.094632
2024-09-18 17:38:17,0.08916
2024-09-18 17:38:18,0.096688
2024-09-18 17:38:19,0.089448
2024-09-18 17:38:20,0.075352
2024-09-18 17:38:21,0.073024
2024-09-18 17:38:22,0.07116
2024-09-18 17:38:23,0.09448
2024-09-18 17:38:24,0.10556
2024-09-18 17:38:25,0.111648
2024-09-18 17:38:26,0.120328
2024-09-18 17:38:27,0.104936
2024-09-18 17:38:28,0.12268
2024-09-18 17:38:29,0.102536
2024-09-18 17:38:30,0.130632
2024-09-18 17:38:31,0.116592
2024-09-18 17:38:32,0.124936
2024-09-18 17:38:33,0.105064
2024-09-18 17:38:34,0.128152
2024-09-18 17:38:35,0.107704
2024-09-18 17:38:36,0.162376
2024-09-18 17:38:37,0.127072
2024-09-18 17:38:38,0.123888
2024-09-18 17:38:39,0.149
2024-09-18 17:38:40,0.113272
2024-09-18 17:38:41,0.113832
2024-09-18 17:38:42,0.124664
2024-09-18 17:38:43,0.109832
2024-09-18 17:38:44,0.130776
2024-09-18 17:38:45,0.134448
2024-09-18 17:38:46,0.146024
2024-09-18 17:38:47,0.150656
2024-09-18 17:38:48,0.127704
2024-09-18 17:38:49,0.132832
2024-09-18 17:38:50,0.121672
2024-09-18 17:38:51,0.152048
2024-09-18 17:38:52,0.14672
2024-09-18 17:38:53,0.123136
2024-09-18 17:38:54,0.11704
2024-09-18 17:38:55,0.119
2024-09-18 17:38:56,0.109496
2024-09-18 17:38:57,0.109616
2024-09-18 17:38:58,0.11268
2024-09-18 17:38:59,0.105848
2024-09-18 17:39:00,0.118848
2024-09-18 17:39:01,0.117664
2024-09-18 17:39:02,0.112832
2024-09-18 17:39:03,0.107088
2024-09-18 17:39:04,0.138904
2024-09-18 17:39:05,0.132856
2024-09-18 17:39:06,0.159176
2024-09-18 17:39:07,0.130496
2024-09-18 17:39:08,0.128144
2024-09-18 17:39:09,0.14104
2024-09-18 17:39:10,0.15016
2024-09-18 17:39:11,0.133496
2024-09-18 17:39:12,0.159072
2024-09-18 17:39:13,0.136576
2024-09-18 17:39:14,0.108464
2024-09-18 17:39:15,0.138136
2024-09-18 17:39:16,0.115056
2024-09-18 17:39:17,0.10292
2024-09-18 17:39:18,0.119664
2024-09-18 17:39:19,0.121144
2024-09-18 17:39:20,0.094904
2024-09-18 17:39:21,0.111384
2024-09-18 17:39:22,0.12824
2024-09-18 17:39:23,0.142224
2024-09-18 17:39:24,0.120392
2024-09-18 17:39:25,0.119944
2024-09-18 17:39:26,0.1282
2024-09-18 17:39:27,0.118384
2024-09-18 17:39:28,0.157784
2024-09-18 17:39:29,0.131904
2024-09-18 17:39:30,0.10984
2024-09-18 17:39:31,0.10368
2024-09-18 17:39:32,0.1318
2024-09-18 17:39:33,0.11956
2024-09-18 17:39:34,0.12576
2024-09-18 17:39:35,0.126608
2024-09-18 17:39:36,0.154432
2024-09-18 17:39:37,0.10644
2024-09-18 17:39:38,0.121592
2024-09-18 17:39:39,0.10724
2024-09-18 17:39:40,0.096472
2024-09-18 17:39:41,0.154584
2024-09-18 17:39:42,0.127592
2024-09-18 17:39:43,0.1884
2024-09-18 17:39:44,0.14368
2024-09-18 17:39:45,0.119328
2024-09-18 17:39:46,0.106744
2024-09-18 17:39:47,0.139008
2024-09-18 17:39:48,0.111384
2024-09-18 17:39:49,0.114344
2024-09-18 17:39:50,0.09824
2024-09-18 17:39:51,0.131784
2024-09-18 17:39:52,0.137088
2024-09-18 17:39:53,0.10288
2024-09-18 17:39:54,0.10844
2024-09-18 17:39:55,0.105736
2024-09-18 17:39:56,0.118328
2024-09-18 17:39:57,0.105848
2024-09-18 17:39:58,0.095696
2024-09-18 17:39:59,0.108128
2024-09-18 17:40:00,0.095264
2024-09-18 17:40:01,0.100944
2024-09-18 17:40:02,0.116656
2024-09-18 17:40:03,0.146792
2024-09-18 17:40:04,0.120664
2024-09-18 17:40:05,0.115152
2024-09-18 17:40:06,0.111592
2024-09-18 17:40:07,0.133904
2024-09-18 17:40:08,0.11736
2024-09-18 17:40:09,0.131336
2024-09-18 17:40:10,0.132656
2024-09-18 17:40:11,0.121056
2024-09-18 17:40:12,0.115656
2024-09-18 17:40:13,0.104944
2024-09-18 17:40:14,0.127888
2024-09-18 17:40:15,0.119024
2024-09-18 17:40:16,0.107128
2024-09-18 17:40:17,0.1046
2024-09-18 17:40:18,0.103056
2024-09-18 17:40:19,0.095104
2024-09-18 17:40:20,0.094168
2024-09-18 17:40:21,0.090504
2024-09-18 17:40:22,0.08376
2024-09-18 17:40:23,0.101448
2024-09-18 17:40:24,0.091136
2024-09-18 17:40:25,0.11452
2024-09-18 17:40:26,0.13352
2024-09-18 17:40:27,0.129984
2024-09-18 17:40:28,0.122096
2024-09-18 17:40:29,0.13156
2024-09-18 17:40:30,0.115704
2024-09-18 17:40:31,0.096952
2024-09-18 17:40:32,0.11516
2024-09-18 17:40:33,0.106304
2024-09-18 17:40:34,0.108272
2024-09-18 17:40:35,0.134416
2024-09-18 17:40:36,0.15164
2024-09-18 17:40:37,0.136512
2024-09-18 17:40:38,0.134192
2024-09-18 17:40:39,0.130664
2024-09-18 17:40:40,0.139512
2024-09-18 17:40:41,0.147632
2024-09-18 17:40:42,0.148392
2024-09-18 17:40:43,0.135584
2024-09-18 17:40:44,0.117416
2024-09-18 17:40:45,0.113576
2024-09-18 17:40:46,0.107112
2024-09-18 17:40:47,0.136432
2024-09-18 17:40:48,0.127408
2024-09-18 17:40:49,0.124456
2024-09-18 17:40:50,0.126216
2024-09-18 17:40:51,0.115104
2024-09-18 17:40:52,0.100448
2024-09-18 17:40:53,0.119184
2024-09-18 17:40:54,0.105912
2024-09-18 17:40:55,0.109896
2024-09-18 17:40:56,0.122512
2024-09-18 17:40:57,0.115568
2024-09-18 17:40:58,0.135264
2024-09-18 17:40:59,0.102064
2024-09-18 17:41:00,0.125336
2024-09-18 17:41:01,0.118528
2024-09-18 17:41:02,0.172576
2024-09-18 17:41:03,0.12756
2024-09-18 17:41:04,0.13912
2024-09-18 17:41:05,0.113912
2024-09-18 17:41:06,0.118096
2024-09-18 17:41:07,0.117728
2024-09-18 17:41:08,0.138208
2024-09-18 17:41:09,0.120368
2024-09-18 17:41:10,0.112536
2024-09-18 17:41:11,0.136992
2024-09-18 17:41:12,0.137288
2024-09-18 17:41:13,0.13892
2024-09-18 17:41:14,0.125128
2024-09-18 17:41:15,0.113784
2024-09-18 17:41:16,0.115824
2024-09-18 17:41:17,0.108176
2024-09-18 17:41:18,0.116952
2024-09-18 17:41:19,0.119432
2024-09-18 17:41:20,0.12128
2024-09-18 17:41:21,0.109896
2024-09-18 17:41:22,0.11484
2024-09-18 17:41:23,0.137888
2024-09-18 17:41:24,0.1386
2024-09-18 17:41:25,0.117552
2024-09-18 17:41:26,0.103496
2024-09-18 17:41:27,0.094472
2024-09-18 17:41:28,0.108896
2024-09-18 17:41:29,0.113008
2024-09-18 17:41:30,0.143816
2024-09-18 17:41:31,0.12396
2024-09-18 17:41:32,0.117816
2024-09-18 17:41:33,0.120496
2024-09-18 17:41:34,0.11432
2024-09-18 17:41:35,0.10404
2024-09-18 17:41:36,0.134104
2024-09-18 17:41:37,0.098656
2024-09-18 17:41:38,0.105168
2024-09-18 17:41:39,0.118408
2024-09-18 17:41:40,0.103248
2024-09-18 17:41:41,0.112464
2024-09-18 17:41:42,0.092864
2024-09-18 17:41:43,0.100936
2024-09-18 17:41:44,0.114888
2024-09-18 17:41:45,0.115864
2024-09-18 17:41:46,0.091688
2024-09-18 17:41:47,0.098096
2024-09-18 17:41:48,0.083056
2024-09-18 17:41:49,0.089552
2024-09-18 17:41:50,0.084496
2024-09-18 17:41:51,0.119824
2024-09-18 17:41:52,0.097248
2024-09-18 17:41:53,0.093552
2024-09-18 17:41:54,0.107176
2024-09-18 17:41:55,0.1134
2024-09-18 17:41:56,0.112408
2024-09-18 17:41:57,0.136608
2024-09-18 17:41:58,0.102696
2024-09-18 17:41:59,0.099152
2024-09-18 17:42:00,0.11204
2024-09-18 17:42:01,0.107168
2024-09-18 17:42:02,0.11396
2024-09-18 17:42:03,0.14772
2024-09-18 17:42:04,0.143232
2024-09-18 17:42:05,0.112232
2024-09-18 17:42:06,0.202072
2024-09-18 17:42:07,0.151984
2024-09-18 17:42:08,0.15628
2024-09-18 17:42:09,0.123144
2024-09-18 17:42:10,0.132352
2024-09-18 17:42:11,0.12168
2024-09-18 17:42:12,0.136544
2024-09-18 17:42:13,0.115856
2024-09-18 17:42:14,0.121576
2024-09-18 17:42:15,0.123696
2024-09-18 17:42:16,0.112936
2024-09-18 17:42:17,0.099384
2024-09-18 17:42:18,0.114624
2024-09-18 17:42:19,0.111984
2024-09-18 17:42:20,0.116216
2024-09-18 17:42:21,0.10988
2024-09-18 17:42:22,0.117024
2024-09-18 17:42:23,0.108016
2024-09-18 17:42:24,0.116904
2024-09-18 17:42:25,0.104016
2024-09-18 17:42:26,0.126408
2024-09-18 17:42:27,0.163208
2024-09-18 17:42:28,0.134224
2024-09-18 17:42:29,0.107976
2024-09-18 17:42:30,0.100976
2024-09-18 17:42:31,0.094344
2024-09-18 17:42:32,0.100408
2024-09-18 17:42:33,0.098912
2024-09-18 17:42:34,0.104224
2024-09-18 17:42:35,0.12872
2024-09-18 17:42:36,0.151352
2024-09-18 17:42:37,0.12292
2024-09-18 17:42:38,0.123648
2024-09-18 17:42:39,0.142872
2024-09-18 17:42:40,0.123664
2024-09-18 17:42:41,0.115632
2024-09-18 17:42:42,0.141712
2024-09-18 17:42:43,0.138368
2024-09-18 17:42:44,0.114048
2024-09-18 17:42:45,0.143712
2024-09-18 17:42:46,0.123552
2024-09-18 17:42:47,0.130656
2024-09-18 17:42:48,0.121072
2024-09-18 17:42:49,0.12628
2024-09-18 17:42:50,0.103192
2024-09-18 17:42:51,0.103808
2024-09-18 17:42:52,0.100184
2024-09-18 17:42:53,0.10064
2024-09-18 17:42:54,0.110152
2024-09-18 17:42:55,0.098648
2024-09-18 17:42:56,0.106944
2024-09-18 17:42:57,0.098976
2024-09-18 17:42:58,0.131728
2024-09-18 17:42:59,0.103584
2024-09-18 17:43:00,0.1176
2024-09-18 17:43:01,0.134792
2024-09-18 17:43:02,0.081368
2024-09-18 17:43:03,0.092104
2024-09-18 17:43:04,0.108224
2024-09-18 17:43:05,0.099336
2024-09-18 17:43:06,0.085536
2024-09-18 17:43:07,0.090624
2024-09-18 17:43:08,0.08836
2024-09-18 17:43:09,0.120032
2024-09-18 17:43:10,0.109752
2024-09-18 17:43:11,0.103464
2024-09-18 17:43:12,0.113944
2024-09-18 17:43:13,0.113976
2024-09-18 17:43:14,0.101088
2024-09-18 17:43:15,0.10744
2024-09-18 17:43:16,0.11432
2024-09-18 17:43:17,0.131016
2024-09-18 17:43:18,0.103656
2024-09-18 17:43:19,0.143384
2024-09-18 17:43:20,0.108496
2024-09-18 17:43:21,0.115024
2024-09-18 17:43:22,0.085584
2024-09-18 17:43:23,0.083112
2024-09-18 17:43:24,0.090464
2024-09-18 17:43:25,0.08936
2024-09-18 17:43:26,0.079528
2024-09-18 17:43:27,0.077688
2024-09-18 17:43:28,0.066528
2024-09-18 17:43:29,0.080872
2024-09-18 17:43:30,0.070216
2024-09-18 17:43:31,0.0706
2024-09-18 17:43:32,0.073072
2024-09-18 17:43:33,0.085128
2024-09-18 17:43:34,0.079816
2024-09-18 17:43:35,0.098096
2024-09-18 17:43:36,0.130808
2024-09-18 17:43:37,0.1062
2024-09-18 17:43:38,0.09904
2024-09-18 17:43:39,0.114944
2024-09-18 17:43:40,0.14016
2024-09-18 17:43:41,0.114072
2024-09-18 17:43:42,0.130528
2024-09-18 17:43:43,0.11972
2024-09-18 17:43:44,0.127144
2024-09-18 17:43:45,0.097864
2024-09-18 17:43:46,0.09456
2024-09-18 17:43:47,0.103456
2024-09-18 17:43:48,0.124112
2024-09-18 17:43:49,0.07516
2024-09-18 17:43:50,0.110656
2024-09-18 17:43:51,0.114144
2024-09-18 17:43:52,0.127064
2024-09-18 17:43:53,0.10948
2024-09-18 17:43:54,0.136024
2024-09-18 17:43:55,0.126416
2024-09-18 17:43:56,0.139088
2024-09-18 17:43:57,0.115664
2024-09-18 17:43:58,0.090104
2024-09-18 17:43:59,0.104504
2024-09-18 17:44:00,0.110784
2024-09-18 17:44:01,0.104104
2024-09-18 17:44:02,0.118376
2024-09-18 17:44:03,0.173016
2024-09-18 17:44:04,0.120912
2024-09-18 17:44:05,0.121896
2024-09-18 17:44:06,0.158952
2024-09-18 17:44:07,0.14948
2024-09-18 17:44:08,0.161384
2024-09-18 17:44:09,0.151496
2024-09-18 17:44:10,0.140176
2024-09-18 17:44:11,0.145216
2024-09-18 17:44:12,0.121472
2024-09-18 17:44:13,0.133904
2024-09-18 17:44:14,0.132168
2024-09-18 17:44:15,0.138176
2024-09-18 17:44:16,0.120152
2024-09-18 17:44:17,0.123424
2024-09-18 17:44:18,0.138736
2024-09-18 17:44:19,0.173368
2024-09-18 17:44:20,0.137272
2024-09-18 17:44:21,0.17624
2024-09-18 17:44:22,0.130384
2024-09-18 17:44:23,0.154056
2024-09-18 17:44:24,0.12024
2024-09-18 17:44:25,0.121
2024-09-18 17:44:26,0.131912
2024-09-18 17:44:27,0.175936
2024-09-18 17:44:28,0.123368
2024-09-18 17:44:29,0.139456
2024-09-18 17:44:30,0.152096
2024-09-18 17:44:31,0.113832
2024-09-18 17:44:32,0.14092
2024-09-18 17:44:33,0.231192
2024-09-18 17:44:34,0.112688
2024-09-18 17:44:35,0.11716
2024-09-18 17:44:36,0.176328
2024-09-18 17:44:37,0.137048
2024-09-18 17:44:38,0.14064
2024-09-18 17:44:39,0.11568
2024-09-18 17:44:40,0.124208
2024-09-18 17:44:41,0.161536
2024-09-18 17:44:42,0.177744
2024-09-18 17:44:43,0.13284
2024-09-18 17:44:44,0.11636
2024-09-18 17:44:45,0.11856
2024-09-18 17:44:46,0.135784
2024-09-18 17:44:47,0.11924
2024-09-18 17:44:48,0.112968
2024-09-18 17:44:49,0.1186
2024-09-18 17:44:50,0.109872
2024-09-18 17:44:51,0.103256
2024-09-18 17:44:52,0.104664
2024-09-18 17:44:53,0.101952
2024-09-18 17:44:54,0.103184
2024-09-18 17:44:55,0.096688
2024-09-18 17:44:56,0.102
2024-09-18 17:44:57,0.099296
2024-09-18 17:44:58,0.11604
2024-09-18 17:44:59,0.085696
2024-09-18 17:45:00,0.106536
2024-09-18 17:45:01,0.089688
2024-09-18 17:45:02,0.089968
2024-09-18 17:45:03,0.103024
2024-09-18 17:45:04,0.113472
2024-09-18 17:45:05,0.094904
2024-09-18 17:45:06,0.104728
2024-09-18 17:45:07,0.105216
2024-09-18 17:45:08,0.104272
2024-09-18 17:45:09,0.10504
2024-09-18 17:45:10,0.094288
2024-09-18 17:45:11,0.102656
2024-09-18 17:45:12,0.081384
2024-09-18 17:45:13,0.099848
2024-09-18 17:45:14,0.088256
2024-09-18 17:45:15,0.092952
2024-09-18 17:45:16,0.091968
2024-09-18 17:45:17,0.093624
2024-09-18 17:45:18,0.103824
2024-09-18 17:45:19,0.100544
2024-09-18 17:45:20,0.092752
2024-09-18 17:45:21,0.08468
2024-09-18 17:45:22,0.117376
2024-09-18 17:45:23,0.10448
2024-09-18 17:45:24,0.111648
2024-09-18 17:45:25,0.112488
2024-09-18 17:45:26,0.113736
2024-09-18 17:45:27,0.109752
2024-09-18 17:45:28,0.103328
2024-09-18 17:45:29,0.084408
2024-09-18 17:45:30,0.119216
2024-09-18 17:45:31,0.110056
2024-09-18 17:45:32,0.099392
2024-09-18 17:45:33,0.11216
2024-09-18 17:45:34,0.14064
2024-09-18 17:45:35,0.140728
2024-09-18 17:45:36,0.173096
2024-09-18 17:45:37,0.116344
2024-09-18 17:45:38,0.120528
2024-09-18 17:45:39,0.117736
2024-09-18 17:45:40,0.129696
2024-09-18 17:45:41,0.120888
2024-09-18 17:45:42,0.104824
2024-09-18 17:45:43,0.117936
2024-09-18 17:45:44,0.119648
2024-09-18 17:45:45,0.13164
2024-09-18 17:45:46,0.116232
2024-09-18 17:45:47,0.140576
2024-09-18 17:45:48,0.104008
2024-09-18 17:45:49,0.108848
2024-09-18 17:45:50,0.102336
2024-09-18 17:45:51,0.099784
2024-09-18 17:45:52,0.102928
2024-09-18 17:45:53,0.103328
2024-09-18 17:45:54,0.117632
2024-09-18 17:45:55,0.11028
2024-09-18 17:45:56,0.102936
2024-09-18 17:45:57,0.096672
2024-09-18 17:45:58,0.09192
2024-09-18 17:45:59,0.090064
2024-09-18 17:46:00,0.095088
2024-09-18 17:46:01,0.082104
2024-09-18 17:46:02,0.09412
2024-09-18 17:46:03,0.106184
2024-09-18 17:46:04,0.074232
2024-09-18 17:46:05,0.10592
2024-09-18 17:46:06,0.12328
2024-09-18 17:46:07,0.107856
2024-09-18 17:46:08,0.160512
2024-09-18 17:46:09,0.134528
2024-09-18 17:46:10,0.140544
2024-09-18 17:46:11,0.130784
2024-09-18 17:46:12,0.11676
2024-09-18 17:46:13,0.137664
2024-09-18 17:46:14,0.12268
2024-09-18 17:46:15,0.13608
2024-09-18 17:46:16,0.129448
2024-09-18 17:46:17,0.105024
2024-09-18 17:46:18,0.118656
2024-09-18 17:46:19,0.09772
2024-09-18 17:46:20,0.105376
2024-09-18 17:46:21,0.133784
2024-09-18 17:46:22,0.136672
2024-09-18 17:46:23,0.109632
2024-09-18 17:46:24,0.10184
2024-09-18 17:46:25,0.121304
2024-09-18 17:46:26,0.123624
2024-09-18 17:46:27,0.137248
2024-09-18 17:46:28,0.150328
2024-09-18 17:46:29,0.180392
2024-09-18 17:46:30,0.164848
2024-09-18 17:46:31,0.176472
2024-09-18 17:46:32,0.19504
2024-09-18 17:46:33,0.192568
2024-09-18 17:46:34,0.222312
2024-09-18 17:46:35,0.20748
2024-09-18 17:46:36,0.24504
2024-09-18 17:46:37,0.219584
2024-09-18 17:46:38,0.24336
2024-09-18 17:46:39,0.255616
2024-09-18 17:46:40,0.16112
2024-09-18 17:46:41,0.143664
2024-09-18 17:46:42,0.131
2024-09-18 17:46:43,0.13236
2024-09-18 17:46:44,0.136128
2024-09-18 17:46:45,0.11784
2024-09-18 17:46:46,0.103512
2024-09-18 17:46:47,0.102768
2024-09-18 17:46:48,0.112144
2024-09-18 17:46:49,0.093296
2024-09-18 17:46:50,0.082576
2024-09-18 17:46:51,0.090632
2024-09-18 17:46:52,0.116576
2024-09-18 17:46:53,0.087072
2024-09-18 17:46:54,0.104344
2024-09-18 17:46:55,0.098448
2024-09-18 17:46:56,0.113696
2024-09-18 17:46:57,0.102176
2024-09-18 17:46:58,0.139256
2024-09-18 17:46:59,0.128816
2024-09-18 17:47:00,0.10656
2024-09-18 17:47:01,0.132952
2024-09-18 17:47:02,0.149088
2024-09-18 17:47:03,0.112752
2024-09-18 17:47:04,0.096224
2024-09-18 17:47:05,0.09204
2024-09-18 17:47:06,0.097832
2024-09-18 17:47:07,0.108472
2024-09-18 17:47:08,0.107456
2024-09-18 17:47:09,0.094328
2024-09-18 17:47:10,0.108768
2024-09-18 17:47:11,0.101192
2024-09-18 17:47:12,0.097296
2024-09-18 17:47:13,0.100424
2024-09-18 17:47:14,0.083272
2024-09-18 17:47:15,0.098312
2024-09-18 17:47:16,0.089488
2024-09-18 17:47:17,0.10476
2024-09-18 17:47:18,0.106304
2024-09-18 17:47:19,0.098816
2024-09-18 17:47:20,0.104872
2024-09-18 17:47:21,0.095672
2024-09-18 17:47:22,0.113184
2024-09-18 17:47:23,0.122504
2024-09-18 17:47:24,0.112272
2024-09-18 17:47:25,0.107936
2024-09-18 17:47:26,0.093008
2024-09-18 17:47:27,0.082776
2024-09-18 17:47:28,0.086152
2024-09-18 17:47:29,0.09792
2024-09-18 17:47:30,0.083216
2024-09-18 17:47:31,0.101032
2024-09-18 17:47:32,0.104272
2024-09-18 17:47:33,0.092848
2024-09-18 17:47:34,0.093528
2024-09-18 17:47:35,0.093832
2024-09-18 17:47:36,0.134984
2024-09-18 17:47:37,0.1108
2024-09-18 17:47:38,0.101392
2024-09-18 17:47:39,0.115744
2024-09-18 17:47:40,0.096016
2024-09-18 17:47:41,0.107944
2024-09-18 17:47:42,0.086976
2024-09-18 17:47:43,0.119224
2024-09-18 17:47:44,0.122184
2024-09-18 17:47:45,0.099832
2024-09-18 17:47:46,0.113016
2024-09-18 17:47:47,0.103752
2024-09-18 17:47:48,0.111616
2024-09-18 17:47:49,0.107176
2024-09-18 17:47:50,0.093352
2024-09-18 17:47:51,0.098336
2024-09-18 17:47:52,0.125272
2024-09-18 17:47:53,0.102024
2024-09-18 17:47:54,0.125888
2024-09-18 17:47:55,0.080112
2024-09-18 17:47:56,0.0998
2024-09-18 17:47:57,0.092296
2024-09-18 17:47:58,0.09124
2024-09-18 17:47:59,0.118112
2024-09-18 17:48:00,0.082776
2024-09-18 17:48:01,0.11668
2024-09-18 17:48:02,0.126216
2024-09-18 17:48:03,0.103576
2024-09-18 17:48:04,0.11808
2024-09-18 17:48:05,0.098552
2024-09-18 17:48:06,0.124624
2024-09-18 17:48:07,0.12116
2024-09-18 17:48:08,0.154184
2024-09-18 17:48:09,0.143032
2024-09-18 17:48:10,0.112736
2024-09-18 17:48:11,0.128408
2024-09-18 17:48:12,0.126616
2024-09-18 17:48:13,0.121168
2024-09-18 17:48:14,0.130184
2024-09-18 17:48:15,0.109776
2024-09-18 17:48:16,0.111536
2024-09-18 17:48:17,0.095648
2024-09-18 17:48:18,0.116792
2024-09-18 17:48:19,0.095744
2024-09-18 17:48:20,0.102312
2024-09-18 17:48:21,0.121272
2024-09-18 17:48:22,0.106768
2024-09-18 17:48:23,0.175792
2024-09-18 17:48:24,0.140688
2024-09-18 17:48:25,0.161432
2024-09-18 17:48:26,0.143416
2024-09-18 17:48:27,0.139032
2024-09-18 17:48:28,0.145736
2024-09-18 17:48:29,0.157216
2024-09-18 17:48:30,0.12128
2024-09-18 17:48:31,0.204336
2024-09-18 17:48:32,0.122048
2024-09-18 17:48:33,0.139408
2024-09-18 17:48:34,0.120208
2024-09-18 17:48:35,0.159288
2024-09-18 17:48:36,0.196272
2024-09-18 17:48:37,0.173392
2024-09-18 17:48:38,0.141536
2024-09-18 17:48:39,0.145784
2024-09-18 17:48:40,0.14132
2024-09-18 17:48:41,0.154096
2024-09-18 17:48:42,0.131472
2024-09-18 17:48:43,0.163864
2024-09-18 17:48:44,0.136184
2024-09-18 17:48:45,0.130832
2024-09-18 17:48:46,0.133736
2024-09-18 17:48:47,0.128792
2024-09-18 17:48:48,0.15436
2024-09-18 17:48:49,0.126432
2024-09-18 17:48:50,0.119728
2024-09-18 17:48:51,0.140624
2024-09-18 17:48:52,0.107592
2024-09-18 17:48:53,0.122024
2024-09-18 17:48:54,0.132712
2024-09-18 17:48:55,0.122536
2024-09-18 17:48:56,0.093624
2024-09-18 17:48:57,0.096224
2024-09-18 17:48:58,0.16364
2024-09-18 17:48:59,0.108104
2024-09-18 17:49:00,0.089728
2024-09-18 17:49:01,0.122944
2024-09-18 17:49:02,0.088656
2024-09-18 17:49:03,0.105072
2024-09-18 17:49:04,0.109584
2024-09-18 17:49:05,0.10552
2024-09-18 17:49:06,0.115088
2024-09-18 17:49:07,0.14092
2024-09-18 17:49:08,0.105064
2024-09-18 17:49:09,0.11404
2024-09-18 17:49:10,0.089904
2024-09-18 17:49:11,0.12768
2024-09-18 17:49:12,0.124816
2024-09-18 17:49:13,0.104632
2024-09-18 17:49:14,0.094448
2024-09-18 17:49:15,0.091104
2024-09-18 17:49:16,0.131472
2024-09-18 17:49:17,0.10028
2024-09-18 17:49:18,0.097832
2024-09-18 17:49:19,0.106128
2024-09-18 17:49:20,0.091152
2024-09-18 17:49:21,0.09808
2024-09-18 17:49:22,0.094032
2024-09-18 17:49:23,0.097008
2024-09-18 17:49:24,0.104472
2024-09-18 17:49:25,0.08188
2024-09-18 17:49:26,0.088496
2024-09-18 17:49:27,0.087832
2024-09-18 17:49:28,0.073096
2024-09-18 17:49:29,0.069664
2024-09-18 17:49:30,0.085016
2024-09-18 17:49:31,0.091176
2024-09-18 17:49:32,0.086528
2024-09-18 17:49:33,0.084792
2024-09-18 17:49:34,0.100256
2024-09-18 17:49:35,0.108288
2024-09-18 17:49:36,0.140008
2024-09-18 17:49:37,0.119104
2024-09-18 17:49:38,0.13424
2024-09-18 17:49:39,0.116752
2024-09-18 17:49:40,0.120912
2024-09-18 17:49:41,0.122712
2024-09-18 17:49:42,0.126536
2024-09-18 17:49:43,0.146576
2024-09-18 17:49:44,0.145936
2024-09-18 17:49:45,0.108344
2024-09-18 17:49:46,0.107968
2024-09-18 17:49:47,0.123256
2024-09-18 17:49:48,0.118656
2024-09-18 17:49:49,0.170024
2024-09-18 17:49:50,0.141944
2024-09-18 17:49:51,0.095232
2024-09-18 17:49:52,0.10116
2024-09-18 17:49:53,0.098768
2024-09-18 17:49:54,0.106096
2024-09-18 17:49:55,0.091712
2024-09-18 17:49:56,0.134504
2024-09-18 17:49:57,0.1136
2024-09-18 17:49:58,0.098928
2024-09-18 17:49:59,0.11644
2024-09-18 17:50:00,0.123296
2024-09-18 17:50:01,0.107464
2024-09-18 17:50:02,0.129392
2024-09-18 17:50:03,0.103272
2024-09-18 17:50:04,0.083632
2024-09-18 17:50:05,0.080232
2024-09-18 17:50:06,0.106168
2024-09-18 17:50:07,0.105848
2024-09-18 17:50:08,0.095376
2024-09-18 17:50:09,0.090888
2024-09-18 17:50:10,0.105048
2024-09-18 17:50:11,0.118872
2024-09-18 17:50:12,0.096696
2024-09-18 17:50:13,0.118024
2024-09-18 17:50:14,0.09888
2024-09-18 17:50:15,0.123104
2024-09-18 17:50:16,0.14372
2024-09-18 17:50:17,0.117752
2024-09-18 17:50:18,0.118696
2024-09-18 17:50:19,0.102952
2024-09-18 17:50:20,0.112984
2024-09-18 17:50:21,0.082736
2024-09-18 17:50:22,0.111296
2024-09-18 17:50:23,0.127968
2024-09-18 17:50:24,0.222136
2024-09-18 17:50:25,0.246464
2024-09-18 17:50:26,0.15928
2024-09-18 17:50:27,0.113384
2024-09-18 17:50:28,0.107424
2024-09-18 17:50:29,0.092208
2024-09-18 17:50:30,0.08652
2024-09-18 17:50:31,0.08124
2024-09-18 17:50:32,0.106408
2024-09-18 17:50:33,0.09452
2024-09-18 17:50:34,0.097792
2024-09-18 17:50:35,0.11448
2024-09-18 17:50:36,0.16312
2024-09-18 17:50:37,0.11276
2024-09-18 17:50:38,0.136584
2024-09-18 17:50:39,0.147568
2024-09-18 17:50:40,0.104544
2024-09-18 17:50:41,0.171672
2024-09-18 17:50:42,0.153328
2024-09-18 17:50:43,0.134736
2024-09-18 17:50:44,0.120584
2024-09-18 17:50:45,0.124288
2024-09-18 17:50:46,0.135192
2024-09-18 17:50:47,0.117544
2024-09-18 17:50:48,0.112296
2024-09-18 17:50:49,0.122872
2024-09-18 17:50:50,0.113264
2024-09-18 17:50:51,0.114152
2024-09-18 17:50:52,0.107576
2024-09-18 17:50:53,0.091856
2024-09-18 17:50:54,0.140528
2024-09-18 17:50:55,0.135104
2024-09-18 17:50:56,0.133208
2024-09-18 17:50:57,0.159376
2024-09-18 17:50:58,0.155384
2024-09-18 17:50:59,0.097288
2024-09-18 17:51:00,0.086152
2024-09-18 17:51:01,0.091536
2024-09-18 17:51:02,0.092584
2024-09-18 17:51:03,0.090096
2024-09-18 17:51:04,0.063848
2024-09-18 17:51:05,0.092984
2024-09-18 17:51:06,0.1058
2024-09-18 17:51:07,0.072088
2024-09-18 17:51:08,0.085472
2024-09-18 17:51:09,0.091904
2024-09-18 17:51:10,0.076112
2024-09-18 17:51:11,0.129432
2024-09-18 17:51:12,0.097552
2024-09-18 17:51:13,0.105584
2024-09-18 17:51:14,0.09264
2024-09-18 17:51:15,0.102976
2024-09-18 17:51:16,0.102752
2024-09-18 17:51:17,0.112688
2024-09-18 17:51:18,0.12988
2024-09-18 17:51:19,0.093648
2024-09-18 17:51:20,0.157592
2024-09-18 17:51:21,0.098088
2024-09-18 17:51:22,0.09796
2024-09-18 17:51:23,0.103304
2024-09-18 17:51:24,0.117088
2024-09-18 17:51:25,0.121112
2024-09-18 17:51:26,0.109464
2024-09-18 17:51:27,0.104624
2024-09-18 17:51:28,0.119288
2024-09-18 17:51:29,0.14844
2024-09-18 17:51:30,0.11752
2024-09-18 17:51:31,0.107864
2024-09-18 17:51:32,0.094024
2024-09-18 17:51:33,0.091264
2024-09-18 17:51:34,0.073664
2024-09-18 17:51:35,0.11692
2024-09-18 17:51:36,0.137528
2024-09-18 17:51:37,0.1218
2024-09-18 17:51:38,0.096032
2024-09-18 17:51:39,0.134208
2024-09-18 17:51:40,0.163496
2024-09-18 17:51:41,0.130256
2024-09-18 17:51:42,0.134144
2024-09-18 17:51:43,0.169432
2024-09-18 17:51:44,0.16456
2024-09-18 17:51:45,0.173704
2024-09-18 17:51:46,0.159656
2024-09-18 17:51:47,0.129856
2024-09-18 17:51:48,0.123872
2024-09-18 17:51:49,0.123056
2024-09-18 17:51:50,0.125464
2024-09-18 17:51:51,0.10928
2024-09-18 17:51:52,0.10588
2024-09-18 17:51:53,0.107192
2024-09-18 17:51:54,0.115448
2024-09-18 17:51:55,0.128512
2024-09-18 17:51:56,0.129872
2024-09-18 17:51:57,0.1218
2024-09-18 17:51:58,0.144056
2024-09-18 17:51:59,0.132256
2024-09-18 17:52:00,0.153216
2024-09-18 17:52:01,0.131592
2024-09-18 17:52:02,0.119328
2024-09-18 17:52:03,0.129856
2024-09-18 17:52:04,0.12996
2024-09-18 17:52:05,0.110432
2024-09-18 17:52:06,0.112712
2024-09-18 17:52:07,0.117688
2024-09-18 17:52:08,0.111496
2024-09-18 17:52:09,0.146648
2024-09-18 17:52:10,0.12956
2024-09-18 17:52:11,0.216656
2024-09-18 17:52:12,0.139448
2024-09-18 17:52:13,0.120816
2024-09-18 17:52:14,0.158808
2024-09-18 17:52:15,0.135016
2024-09-18 17:52:16,0.15136
2024-09-18 17:52:17,0.13224
2024-09-18 17:52:18,0.12856
2024-09-18 17:52:19,0.130232
2024-09-18 17:52:20,0.099512
2024-09-18 17:52:21,0.115192
2024-09-18 17:52:22,0.118512
2024-09-18 17:52:23,0.090464
2024-09-18 17:52:24,0.094904
2024-09-18 17:52:25,0.136416
2024-09-18 17:52:26,0.190288
2024-09-18 17:52:27,0.107608
2024-09-18 17:52:28,0.097048
2024-09-18 17:52:29,0.139912
2024-09-18 17:52:30,0.144656
2024-09-18 17:52:31,0.12756
2024-09-18 17:52:32,0.099488
2024-09-18 17:52:33,0.103168
2024-09-18 17:52:34,0.120056
2024-09-18 17:52:35,0.111096
2024-09-18 17:52:36,0.150752
2024-09-18 17:52:37,0.110072
2024-09-18 17:52:38,0.126
2024-09-18 17:52:39,0.105256
2024-09-18 17:52:40,0.10264
2024-09-18 17:52:41,0.091
2024-09-18 17:52:42,0.109088
2024-09-18 17:52:43,0.150576
2024-09-18 17:52:44,0.171832
2024-09-18 17:52:45,0.111688
2024-09-18 17:52:46,0.037584
2024-09-18 17:52:47,0.032688
2024-09-18 17:52:48,0.023448
2024-09-18 17:52:49,0.038304
2024-09-18 17:52:50,0.002856
2024-09-18 17:52:51,0.000752
2024-09-18 18:04:18,0.167824
2024-09-18 18:04:19,0.002
2024-09-18 18:04:20,0.039104
2024-09-18 18:04:21,0.030808
2024-09-18 18:04:22,0.055344
2024-09-18 18:04:23,0.063968
2024-09-18 18:04:24,0.037008
2024-09-18 18:04:25,0.305848
2024-09-18 18:04:26,0.042336
2024-09-18 18:04:27,0.23036
2024-09-18 18:04:28,0.0608
2024-09-18 18:04:29,0.041976
2024-09-18 18:04:30,0.039192
2024-09-18 18:04:31,0.043464
2024-09-18 18:04:32,0.076608
2024-09-18 18:04:33,0.041232
2024-09-18 18:04:34,0.035432
2024-09-18 18:04:35,0.029488
2024-09-18 18:04:36,0.029408
2024-09-18 18:04:37,0.040768
2024-09-18 18:04:38,0.031544
2024-09-18 18:04:39,0.033704
2024-09-18 18:04:40,0.04028
2024-09-18 18:04:41,0.04264
2024-09-18 18:04:42,0.039688
2024-09-18 18:04:43,0.049704
2024-09-18 18:04:44,0.035608
2024-09-18 18:04:45,0.030712
2024-09-18 18:04:46,0.03288
2024-09-18 18:04:47,0.04068
2024-09-18 18:04:48,0.043712
2024-09-18 18:04:49,0.02388
2024-09-18 18:04:50,0.020888
2024-09-18 18:04:51,0.022136
2024-09-18 18:04:52,0.034824
2024-09-18 18:04:53,0.018024
2024-09-18 18:04:54,0.039328
2024-09-18 18:04:55,0.039976
2024-09-18 18:04:56,0.04552
2024-09-18 18:04:57,0.037984
2024-09-18 18:04:58,0.03068
2024-09-18 18:04:59,0.030416
2024-09-18 18:05:00,0.02896
2024-09-18 18:05:01,0.028064
2024-09-18 18:05:02,0.033832
2024-09-18 18:05:03,0.032448
2024-09-18 18:05:04,0.029096
2024-09-18 18:05:05,0.026544
2024-09-18 18:05:06,0.029896
2024-09-18 18:05:07,0.041568
2024-09-18 18:05:08,0.035976
2024-09-18 18:05:09,0.020208
2024-09-18 18:05:10,0.041696
2024-09-18 18:05:11,0.041792
2024-09-18 18:05:12,0.037728
2024-09-18 18:05:13,0.01532
2024-09-18 18:05:14,0.037608
2024-09-18 18:05:15,0.045448
2024-09-18 18:05:16,0.022384
2024-09-18 18:05:17,0.025536
2024-09-18 18:05:18,0.028224
2024-09-18 18:05:19,0.031632
2024-09-18 18:05:20,0.038048
2024-09-18 18:05:21,0.016776
2024-09-18 18:05:22,0.018496
2024-09-18 18:05:23,0.022248
2024-09-18 18:05:24,0.050104
2024-09-18 18:05:25,0.034384
2024-09-18 18:05:26,0.036584
2024-09-18 18:05:27,0.055712
2024-09-18 18:05:28,0.027656
2024-09-18 18:05:29,0.03448
2024-09-18 18:05:30,0.027456
2024-09-18 18:05:31,0.021864
2024-09-18 18:05:32,0.02692
2024-09-18 18:05:33,0.048584
2024-09-18 18:05:34,0.04004
2024-09-18 18:05:35,0.04228
2024-09-18 18:05:36,0.02688
2024-09-18 18:05:37,0.03296
2024-09-18 18:05:38,0.029976
2024-09-18 18:05:39,0.035168
2024-09-18 18:05:40,0.040672
2024-09-18 18:05:41,0.046128
2024-09-18 18:05:42,0.048248
2024-09-18 18:05:43,0.070208
2024-09-18 18:05:44,0.068456
2024-09-18 18:05:45,0.071984
2024-09-18 18:05:46,0.058968
2024-09-18 18:05:47,0.053816
2024-09-18 18:05:48,0.052376
2024-09-18 18:05:49,0.043512
2024-09-18 18:05:50,0.040672
2024-09-18 18:05:51,0.04476
2024-09-18 18:05:52,0.03976
2024-09-18 18:05:53,0.03712
2024-09-18 18:05:54,0.053904
2024-09-18 18:05:55,0.057352
2024-09-18 18:05:56,0.092416
2024-09-18 18:05:57,0.091
2024-09-18 18:05:58,0.109392
2024-09-18 18:05:59,0.093072
2024-09-18 18:06:00,0.082736
2024-09-18 18:06:01,0.083064
2024-09-18 18:06:02,0.084344
2024-09-18 18:06:03,0.09188
2024-09-18 18:06:04,0.114512
2024-09-18 18:06:05,0.1226
2024-09-18 18:06:06,0.114656
2024-09-18 18:06:07,0.10052
2024-09-18 18:06:08,0.117048
2024-09-18 18:06:09,0.112432
2024-09-18 18:06:10,0.094352
2024-09-18 18:06:11,0.10696
2024-09-18 18:06:12,0.095472
2024-09-18 18:06:13,0.102888
2024-09-18 18:06:14,0.085816
2024-09-18 18:06:15,0.097816
2024-09-18 18:06:16,0.092536
2024-09-18 18:06:17,0.103728
2024-09-18 18:06:18,0.135544
2024-09-18 18:06:19,0.117464
2024-09-18 18:06:20,0.107816
2024-09-18 18:06:21,0.10772
2024-09-18 18:06:22,0.098176
2024-09-18 18:06:23,0.101304
2024-09-18 18:06:24,0.12676
2024-09-18 18:06:25,0.12692
2024-09-18 18:06:26,0.121088
2024-09-18 18:06:27,0.178144
2024-09-18 18:06:28,0.154832
2024-09-18 18:06:29,0.140944
2024-09-18 18:06:30,0.117016
2024-09-18 18:06:31,0.119912
2024-09-18 18:06:32,0.151184
2024-09-18 18:06:33,0.133312
2024-09-18 18:06:34,0.120112
2024-09-18 18:06:35,0.156152
2024-09-18 18:06:36,0.134904
2024-09-18 18:06:37,0.168824
2024-09-18 18:06:38,0.128256
2024-09-18 18:06:39,0.140152
2024-09-18 18:06:40,0.120008
2024-09-18 18:06:41,0.118208
2024-09-18 18:06:42,0.131368
2024-09-18 18:06:43,0.163112
2024-09-18 18:06:44,0.14452
2024-09-18 18:06:45,0.129632
2024-09-18 18:06:46,0.12256
2024-09-18 18:06:47,0.137752
2024-09-18 18:06:48,0.141264
2024-09-18 18:06:49,0.124688
2024-09-18 18:06:50,0.148952
2024-09-18 18:06:51,0.134112
2024-09-18 18:06:52,0.147232
2024-09-18 18:06:53,0.173896
2024-09-18 18:06:54,0.148624
2024-09-18 18:06:55,0.185472
2024-09-18 18:06:56,0.15012
2024-09-18 18:06:57,0.142208
2024-09-18 18:06:58,0.133008
2024-09-18 18:06:59,0.166088
2024-09-18 18:07:00,0.139824
2024-09-18 18:07:01,0.148912
2024-09-18 18:07:02,0.15104
2024-09-18 18:07:03,0.133776
2024-09-18 18:07:04,0.145976
2024-09-18 18:07:05,0.148136
2024-09-18 18:07:06,0.141056
2024-09-18 18:07:07,0.126576
2024-09-18 18:07:08,0.126568
2024-09-18 18:07:09,0.139872
2024-09-18 18:07:10,0.140328
2024-09-18 18:07:11,0.165744
2024-09-18 18:07:12,0.153216
2024-09-18 18:07:13,0.147888
2024-09-18 18:07:14,0.142272
2024-09-18 18:07:15,0.145456
2024-09-18 18:07:16,0.165336
2024-09-18 18:07:17,0.147752
2024-09-18 18:07:18,0.140368
2024-09-18 18:07:19,0.13212
2024-09-18 18:07:20,0.137832
2024-09-18 18:07:21,0.140704
2024-09-18 18:07:22,0.110616
2024-09-18 18:07:23,0.128752
2024-09-18 18:07:24,0.127352
2024-09-18 18:07:25,0.127768
2024-09-18 18:07:26,0.123664
2024-09-18 18:07:27,0.176392
2024-09-18 18:07:28,0.122144
2024-09-18 18:07:29,0.12904
2024-09-18 18:07:30,0.127744
2024-09-18 18:07:31,0.129872
2024-09-18 18:07:32,0.126576
2024-09-18 18:07:33,0.144368
2024-09-18 18:07:34,0.147312
2024-09-18 18:07:35,0.129592
2024-09-18 18:07:36,0.12448
2024-09-18 18:07:37,0.113096
2024-09-18 18:07:38,0.114944
2024-09-18 18:07:39,0.118352
2024-09-18 18:07:40,0.162256
2024-09-18 18:07:41,0.148472
2024-09-18 18:07:42,0.157968
2024-09-18 18:07:43,0.121784
2024-09-18 18:07:44,0.16512
2024-09-18 18:07:45,0.14988
2024-09-18 18:07:46,0.147792
2024-09-18 18:07:47,0.136736
2024-09-18 18:07:48,0.135824
2024-09-18 18:07:49,0.12704
2024-09-18 18:07:50,0.11056
2024-09-18 18:07:51,0.13852
2024-09-18 18:07:52,0.154008
2024-09-18 18:07:53,0.17004
2024-09-18 18:07:54,0.110808
2024-09-18 18:07:55,0.115952
2024-09-18 18:07:56,0.120536
2024-09-18 18:07:57,0.14188
2024-09-18 18:07:58,0.147928
2024-09-18 18:07:59,0.166344
2024-09-18 18:08:00,0.143752
2024-09-18 18:08:01,0.178248
2024-09-18 18:08:02,0.147048
2024-09-18 18:08:03,0.13924
2024-09-18 18:08:04,0.151096
2024-09-18 18:08:05,0.177792
2024-09-18 18:08:06,0.16256
2024-09-18 18:08:07,0.142928
2024-09-18 18:08:08,0.16044
2024-09-18 18:08:09,0.121824
2024-09-18 18:08:10,0.12692
2024-09-18 18:08:11,0.141544
2024-09-18 18:08:12,0.111784
2024-09-18 18:08:13,0.125896
2024-09-18 18:08:14,0.099944
2024-09-18 18:08:15,0.143416
2024-09-18 18:08:16,0.114008
2024-09-18 18:08:17,0.107656
2024-09-18 18:08:18,0.087504
2024-09-18 18:08:19,0.114056
2024-09-18 18:08:20,0.083992
2024-09-18 18:08:21,0.08112
2024-09-18 18:08:22,0.071352
2024-09-18 18:08:23,0.083536
2024-09-18 18:08:24,0.094688
2024-09-18 18:08:25,0.104176
2024-09-18 18:08:26,0.10408
2024-09-18 18:08:27,0.152584
2024-09-18 18:08:28,0.0974
2024-09-18 18:08:29,0.106152
2024-09-18 18:08:30,0.10612
2024-09-18 18:08:31,0.1178
2024-09-18 18:08:32,0.115864
2024-09-18 18:08:33,0.107464
2024-09-18 18:08:34,0.10324
2024-09-18 18:08:35,0.13292
2024-09-18 18:08:36,0.134752
2024-09-18 18:08:37,0.127432
2024-09-18 18:08:38,0.112752
2024-09-18 18:08:39,0.12148
2024-09-18 18:08:40,0.131992
2024-09-18 18:08:41,0.153296
2024-09-18 18:08:42,0.153376
2024-09-18 18:08:43,0.14992
2024-09-18 18:08:44,0.149272
2024-09-18 18:08:45,0.127128
2024-09-18 18:08:46,0.140528
2024-09-18 18:08:47,0.127392
2024-09-18 18:08:48,0.134072
2024-09-18 18:08:49,0.098192
2024-09-18 18:08:50,0.121936
2024-09-18 18:08:51,0.099464
2024-09-18 18:08:52,0.09536
2024-09-18 18:08:53,0.084856
2024-09-18 18:08:54,0.11612
2024-09-18 18:08:55,0.123784
2024-09-18 18:08:56,0.1206
2024-09-18 18:08:57,0.119976
2024-09-18 18:08:58,0.111008
2024-09-18 18:08:59,0.101128
2024-09-18 18:09:00,0.118336
2024-09-18 18:09:01,0.11356
2024-09-18 18:09:02,0.1224
2024-09-18 18:09:03,0.123352
2024-09-18 18:09:04,0.111824
2024-09-18 18:09:05,0.152
2024-09-18 18:09:06,0.166152
2024-09-18 18:09:07,0.134136
2024-09-18 18:09:08,0.13736
2024-09-18 18:09:09,0.11068
2024-09-18 18:09:10,0.126192
2024-09-18 18:09:11,0.104312
2024-09-18 18:09:12,0.134744
2024-09-18 18:09:13,0.120584
2024-09-18 18:09:14,0.120408
2024-09-18 18:09:15,0.152072
2024-09-18 18:09:16,0.118248
2024-09-18 18:09:17,0.11768
2024-09-18 18:09:18,0.131552
2024-09-18 18:09:19,0.10852
2024-09-18 18:09:20,0.095464
2024-09-18 18:09:21,0.098648
2024-09-18 18:09:22,0.091648
2024-09-18 18:09:23,0.107288
2024-09-18 18:09:24,0.099952
2024-09-18 18:09:25,0.118656
2024-09-18 18:09:26,0.125408
2024-09-18 18:09:27,0.170688
2024-09-18 18:09:28,0.170912
2024-09-18 18:09:29,0.188056
2024-09-18 18:09:30,0.155352
2024-09-18 18:09:31,0.146784
2024-09-18 18:09:32,0.147856
2024-09-18 18:09:33,0.177336
2024-09-18 18:09:34,0.149128
2024-09-18 18:09:35,0.179048
2024-09-18 18:09:36,0.181792
2024-09-18 18:09:37,0.195816
2024-09-18 18:09:38,0.147608
2024-09-18 18:09:39,0.129736
2024-09-18 18:09:40,0.134272
2024-09-18 18:09:41,0.128344
2024-09-18 18:09:42,0.134192
2024-09-18 18:09:43,0.110816
2024-09-18 18:09:44,0.128864
2024-09-18 18:09:45,0.118688
2024-09-18 18:09:46,0.118032
2024-09-18 18:09:47,0.127208
2024-09-18 18:09:48,0.148744
2024-09-18 18:09:49,0.166256
2024-09-18 18:09:50,0.201752
2024-09-18 18:09:51,0.151888
2024-09-18 18:09:52,0.162904
2024-09-18 18:09:53,0.118016
2024-09-18 18:09:54,0.149256
2024-09-18 18:09:55,0.127288
2024-09-18 18:09:56,0.11828
2024-09-18 18:09:57,0.12328
2024-09-18 18:09:58,0.144864
2024-09-18 18:09:59,0.14052
2024-09-18 18:10:00,0.145728
2024-09-18 18:10:01,0.137664
2024-09-18 18:10:02,0.13836
2024-09-18 18:10:03,0.139032
2024-09-18 18:10:04,0.135584
2024-09-18 18:10:05,0.131392
2024-09-18 18:10:06,0.138464
2024-09-18 18:10:07,0.148976
2024-09-18 18:10:08,0.148904
2024-09-18 18:10:09,0.138856
2024-09-18 18:10:10,0.132032
2024-09-18 18:10:11,0.129512
2024-09-18 18:10:12,0.12844
2024-09-18 18:10:13,0.109688
2024-09-18 18:10:14,0.099592
2024-09-18 18:10:15,0.098416
2024-09-18 18:10:16,0.109664
2024-09-18 18:10:17,0.105896
2024-09-18 18:10:18,0.105568
2024-09-18 18:10:19,0.126976
2024-09-18 18:10:20,0.108264
2024-09-18 18:10:21,0.106648
2024-09-18 18:10:22,0.113392
2024-09-18 18:10:23,0.124816
2024-09-18 18:10:24,0.09828
2024-09-18 18:10:25,0.13568
2024-09-18 18:10:26,0.128288
2024-09-18 18:10:27,0.146392
2024-09-18 18:10:28,0.112976
2024-09-18 18:10:29,0.140872
2024-09-18 18:10:30,0.122312
2024-09-18 18:10:31,0.133824
2024-09-18 18:10:32,0.127496
2024-09-18 18:10:33,0.107
2024-09-18 18:10:34,0.123464
2024-09-18 18:10:35,0.106008
2024-09-18 18:10:36,0.11408
2024-09-18 18:10:37,0.10524
2024-09-18 18:10:38,0.131512
2024-09-18 18:10:39,0.14108
2024-09-18 18:10:40,0.137072
2024-09-18 18:10:41,0.105112
2024-09-18 18:10:42,0.109264
2024-09-18 18:10:43,0.10408
2024-09-18 18:10:44,0.1448
2024-09-18 18:10:45,0.119
2024-09-18 18:10:46,0.114616
2024-09-18 18:10:47,0.10696
2024-09-18 18:10:48,0.126592
2024-09-18 18:10:49,0.11012
2024-09-18 18:10:50,0.118688
2024-09-18 18:10:51,0.116248
2024-09-18 18:10:52,0.128872
2024-09-18 18:10:53,0.123296
2024-09-18 18:10:54,0.1556
2024-09-18 18:10:55,0.158128
2024-09-18 18:10:56,0.135408
2024-09-18 18:10:57,0.119448
2024-09-18 18:10:58,0.106456
2024-09-18 18:10:59,0.1364
2024-09-18 18:11:00,0.116624
2024-09-18 18:11:01,0.127696
2024-09-18 18:11:02,0.154
2024-09-18 18:11:03,0.153016
2024-09-18 18:11:04,0.162152
2024-09-18 18:11:05,0.145
2024-09-18 18:11:06,0.144912
2024-09-18 18:11:07,0.153504
2024-09-18 18:11:08,0.118376
2024-09-18 18:11:09,0.153232
2024-09-18 18:11:10,0.152544
2024-09-18 18:11:11,0.184
2024-09-18 18:11:12,0.124872
2024-09-18 18:11:13,0.137752
2024-09-18 18:11:14,0.127112
2024-09-18 18:11:15,0.096824
2024-09-18 18:11:16,0.128688
2024-09-18 18:11:17,0.135256
2024-09-18 18:11:18,0.111328
2024-09-18 18:11:19,0.120144
2024-09-18 18:11:20,0.104712
2024-09-18 18:11:21,0.134648
2024-09-18 18:11:22,0.12404
2024-09-18 18:11:23,0.162328
2024-09-18 18:11:24,0.137752
2024-09-18 18:11:25,0.139976
2024-09-18 18:11:26,0.157896
2024-09-18 18:11:27,0.136192
2024-09-18 18:11:28,0.107312
2024-09-18 18:11:29,0.122536
2024-09-18 18:11:30,0.151232
2024-09-18 18:11:31,0.149416
2024-09-18 18:11:32,0.13884
2024-09-18 18:11:33,0.151048
2024-09-18 18:11:34,0.1398
2024-09-18 18:11:35,0.138816
2024-09-18 18:11:36,0.151768
2024-09-18 18:11:37,0.11148
2024-09-18 18:11:38,0.145832
2024-09-18 18:11:39,0.143496
2024-09-18 18:11:40,0.13716
2024-09-18 18:11:41,0.1414
2024-09-18 18:11:42,0.146464
2024-09-18 18:11:43,0.157352
2024-09-18 18:11:44,0.116424
2024-09-18 18:11:45,0.120608
2024-09-18 18:11:46,0.122824
2024-09-18 18:11:47,0.125776
2024-09-18 18:11:48,0.130504
2024-09-18 18:11:49,0.1048
2024-09-18 18:11:50,0.126992
2024-09-18 18:11:51,0.146216
2024-09-18 18:11:52,0.15716
2024-09-18 18:11:53,0.121944
2024-09-18 18:11:54,0.142576
2024-09-18 18:11:55,0.155208
2024-09-18 18:11:56,0.120376
2024-09-18 18:11:57,0.129272
2024-09-18 18:11:58,0.132376
2024-09-18 18:11:59,0.122864
2024-09-18 18:12:00,0.125968
2024-09-18 18:12:01,0.117736
2024-09-18 18:12:02,0.149792
2024-09-18 18:12:03,0.129128
2024-09-18 18:12:04,0.14248
2024-09-18 18:12:05,0.114728
2024-09-18 18:12:06,0.131448
2024-09-18 18:12:07,0.12144
2024-09-18 18:12:08,0.107016
2024-09-18 18:12:09,0.100568
2024-09-18 18:12:10,0.104144
2024-09-18 18:12:11,0.118432
2024-09-18 18:12:12,0.110136
2024-09-18 18:12:13,0.093824
2024-09-18 18:12:14,0.101928
2024-09-18 18:12:15,0.111048
2024-09-18 18:12:16,0.094616
2024-09-18 18:12:17,0.110824
2024-09-18 18:12:18,0.10048
2024-09-18 18:12:19,0.095592
2024-09-18 18:12:20,0.106528
2024-09-18 18:12:21,0.10924
2024-09-18 18:12:22,0.110376
2024-09-18 18:12:23,0.112456
2024-09-18 18:12:24,0.108744
2024-09-18 18:12:25,0.103784
2024-09-18 18:12:26,0.097304
2024-09-18 18:12:27,0.143416
2024-09-18 18:12:28,0.11428
2024-09-18 18:12:29,0.118288
2024-09-18 18:12:30,0.141048
2024-09-18 18:12:31,0.13152
2024-09-18 18:12:32,0.144208
2024-09-18 18:12:33,0.144168
2024-09-18 18:12:34,0.143856
2024-09-18 18:12:35,0.154968
2024-09-18 18:12:36,0.129624
2024-09-18 18:12:37,0.129288
2024-09-18 18:12:38,0.113792
2024-09-18 18:12:39,0.133296
2024-09-18 18:12:40,0.10652
2024-09-18 18:12:41,0.19048
2024-09-18 18:12:42,0.148912
2024-09-18 18:12:43,0.152584
2024-09-18 18:12:44,0.111008
2024-09-18 18:12:45,0.128488
2024-09-18 18:12:46,0.102704
2024-09-18 18:12:47,0.1008
2024-09-18 18:12:48,0.10016
2024-09-18 18:12:49,0.103136
2024-09-18 18:12:50,0.12732
2024-09-18 18:12:51,0.105528
2024-09-18 18:12:52,0.086656
2024-09-18 18:12:53,0.110504
2024-09-18 18:12:54,0.095304
2024-09-18 18:12:55,0.14436
2024-09-18 18:12:56,0.146672
2024-09-18 18:12:57,0.1498
2024-09-18 18:12:58,0.173344
2024-09-18 18:12:59,0.157768
2024-09-18 18:13:00,0.147888
2024-09-18 18:13:01,0.14448
2024-09-18 18:13:02,0.160736
2024-09-18 18:13:03,0.184112
2024-09-18 18:13:04,0.143104
2024-09-18 18:13:05,0.14664
2024-09-18 18:13:06,0.143536
2024-09-18 18:13:07,0.140728
2024-09-18 18:13:08,0.133712
2024-09-18 18:13:09,0.123944
2024-09-18 18:13:10,0.121048
2024-09-18 18:13:11,0.115656
2024-09-18 18:13:12,0.130928
2024-09-18 18:13:13,0.146008
2024-09-18 18:13:14,0.149432
2024-09-18 18:13:15,0.148656
2024-09-18 18:13:16,0.128688
2024-09-18 18:13:17,0.140424
2024-09-18 18:13:18,0.133744
2024-09-18 18:13:19,0.181168
2024-09-18 18:13:20,0.192616
2024-09-18 18:13:21,0.189088
2024-09-18 18:13:22,0.184024
2024-09-18 18:13:23,0.17796
2024-09-18 18:13:24,0.152792
2024-09-18 18:13:25,0.14152
2024-09-18 18:13:26,0.152816
2024-09-18 18:13:27,0.151232
2024-09-18 18:13:28,0.118672
2024-09-18 18:13:29,0.107352
2024-09-18 18:13:30,0.141792
2024-09-18 18:13:31,0.136632
2024-09-18 18:13:32,0.14104
2024-09-18 18:13:33,0.121048
2024-09-18 18:13:34,0.106376
2024-09-18 18:13:35,0.095592
2024-09-18 18:13:36,0.102856
2024-09-18 18:13:37,0.099472
2024-09-18 18:13:38,0.079864
2024-09-18 18:13:39,0.09012
2024-09-18 18:13:40,0.103376
2024-09-18 18:13:41,0.07672
2024-09-18 18:13:42,0.0754
2024-09-18 18:13:43,0.080096
2024-09-18 18:13:44,0.08212
2024-09-18 18:13:45,0.082968
2024-09-18 18:13:46,0.074952
2024-09-18 18:13:47,0.086352
2024-09-18 18:13:48,0.108656
2024-09-18 18:13:49,0.09296
2024-09-18 18:13:50,0.0964
2024-09-18 18:13:51,0.116464
2024-09-18 18:13:52,0.11532
2024-09-18 18:13:53,0.109824
2024-09-18 18:13:54,0.122112
2024-09-18 18:13:55,0.144288
2024-09-18 18:13:56,0.105624
2024-09-18 18:13:57,0.127296
2024-09-18 18:13:58,0.135016
2024-09-18 18:13:59,0.146992
2024-09-18 18:14:00,0.150104
2024-09-18 18:14:01,0.173936
2024-09-18 18:14:02,0.144336
2024-09-18 18:14:03,0.146392
2024-09-18 18:14:04,0.126864
2024-09-18 18:14:05,0.153192
2024-09-18 18:14:06,0.127768
2024-09-18 18:14:07,0.124848
2024-09-18 18:14:08,0.125696
2024-09-18 18:14:09,0.17224
2024-09-18 18:14:10,0.151592
2024-09-18 18:14:11,0.143464
2024-09-18 18:14:12,0.130336
2024-09-18 18:14:13,0.118416
2024-09-18 18:14:14,0.162032
2024-09-18 18:14:15,0.090472
2024-09-18 18:14:16,0.101312
2024-09-18 18:14:17,0.080136
2024-09-18 18:14:18,0.096304
2024-09-18 18:14:19,0.089656
2024-09-18 18:14:20,0.099168
2024-09-18 18:14:21,0.086728
2024-09-18 18:14:22,0.104192
2024-09-18 18:14:23,0.093432
2024-09-18 18:14:24,0.105144
2024-09-18 18:14:25,0.098792
2024-09-18 18:14:26,0.115512
2024-09-18 18:14:27,0.163016
2024-09-18 18:14:28,0.167608
2024-09-18 18:14:29,0.139712
2024-09-18 18:14:30,0.16636
2024-09-18 18:14:31,0.11664
2024-09-18 18:14:32,0.147256
2024-09-18 18:14:33,0.18036
2024-09-18 18:14:34,0.145288
2024-09-18 18:14:35,0.157
2024-09-18 18:14:36,0.14948
2024-09-18 18:14:37,0.173152
2024-09-18 18:14:38,0.134824
2024-09-18 18:14:39,0.160904
2024-09-18 18:14:40,0.205368
2024-09-18 18:14:41,0.15528
2024-09-18 18:14:42,0.117432
2024-09-18 18:14:43,0.134312
2024-09-18 18:14:44,0.11408
2024-09-18 18:14:45,0.093864
2024-09-18 18:14:46,0.106504
2024-09-18 18:14:47,0.095416
2024-09-18 18:14:48,0.098216
2024-09-18 18:14:49,0.093896
2024-09-18 18:14:50,0.0892
2024-09-18 18:14:51,0.135872
2024-09-18 18:14:52,0.119056
2024-09-18 18:14:53,0.122424
2024-09-18 18:14:54,0.106864
2024-09-18 18:14:55,0.112208
2024-09-18 18:14:56,0.120464
2024-09-18 18:14:57,0.187584
2024-09-18 18:14:58,0.17076
2024-09-18 18:14:59,0.163304
2024-09-18 18:15:00,0.174496
2024-09-18 18:15:01,0.137704
2024-09-18 18:15:02,0.121264
2024-09-18 18:15:03,0.116144
2024-09-18 18:15:04,0.119128
2024-09-18 18:15:05,0.142536
2024-09-18 18:15:06,0.130504
2024-09-18 18:15:07,0.123
2024-09-18 18:15:08,0.103872
2024-09-18 18:15:09,0.111672
2024-09-18 18:15:10,0.11344
2024-09-18 18:15:11,0.13624
2024-09-18 18:15:12,0.14456
2024-09-18 18:15:13,0.110944
2024-09-18 18:15:14,0.129336
2024-09-18 18:15:15,0.114968
2024-09-18 18:15:16,0.105992
2024-09-18 18:15:17,0.116168
2024-09-18 18:15:18,0.114672
2024-09-18 18:15:19,0.126056
2024-09-18 18:15:20,0.0956
2024-09-18 18:15:21,0.094432
2024-09-18 18:15:22,0.07756
2024-09-18 18:15:23,0.108288
2024-09-18 18:15:24,0.090952
2024-09-18 18:15:25,0.096544
2024-09-18 18:15:26,0.093032
2024-09-18 18:15:27,0.11408
2024-09-18 18:15:28,0.129184
2024-09-18 18:15:29,0.15756
2024-09-18 18:15:30,0.140688
2024-09-18 18:15:31,0.123808
2024-09-18 18:15:32,0.150744
2024-09-18 18:15:33,0.14164
2024-09-18 18:15:34,0.144528
2024-09-18 18:15:35,0.185712
2024-09-18 18:15:36,0.144912
2024-09-18 18:15:37,0.18616
2024-09-18 18:15:38,0.129312
2024-09-18 18:15:39,0.119752
2024-09-18 18:15:40,0.13004
2024-09-18 18:15:41,0.160736
2024-09-18 18:15:42,0.15352
2024-09-18 18:15:43,0.143984
2024-09-18 18:15:44,0.113224
2024-09-18 18:15:45,0.116856
2024-09-18 18:15:46,0.105536
2024-09-18 18:15:47,0.134152
2024-09-18 18:15:48,0.108856
2024-09-18 18:15:49,0.117568
2024-09-18 18:15:50,0.087896
2024-09-18 18:15:51,0.118656
2024-09-18 18:15:52,0.13108
2024-09-18 18:15:53,0.149904
2024-09-18 18:15:54,0.098184
2024-09-18 18:15:55,0.14104
2024-09-18 18:15:56,0.169576
2024-09-18 18:15:57,0.180632
2024-09-18 18:15:58,0.154616
2024-09-18 18:15:59,0.209112
2024-09-18 18:16:00,0.191488
2024-09-18 18:16:01,0.178016
2024-09-18 18:16:02,0.21624
2024-09-18 18:16:03,0.230552
2024-09-18 18:16:04,0.214256
2024-09-18 18:16:05,0.159096
2024-09-18 18:16:06,0.185912
2024-09-18 18:16:07,0.158088
2024-09-18 18:16:08,0.150192
2024-09-18 18:16:09,0.114432
2024-09-18 18:16:10,0.15796
2024-09-18 18:16:11,0.130768
2024-09-18 18:16:12,0.186064
2024-09-18 18:16:13,0.159616
2024-09-18 18:16:14,0.145072
2024-09-18 18:16:15,0.13672
2024-09-18 18:16:16,0.132088
2024-09-18 18:16:17,0.106208
2024-09-18 18:16:18,0.128656
2024-09-18 18:16:19,0.116696
2024-09-18 18:16:20,0.110552
2024-09-18 18:16:21,0.120664
2024-09-18 18:16:22,0.099032
2024-09-18 18:16:23,0.09788
2024-09-18 18:16:24,0.109176
2024-09-18 18:16:25,0.110208
2024-09-18 18:16:26,0.166816
2024-09-18 18:16:27,0.196976
2024-09-18 18:16:28,0.11796
2024-09-18 18:16:29,0.14972
2024-09-18 18:16:30,0.121528
2024-09-18 18:16:31,0.138072
2024-09-18 18:16:32,0.113496
2024-09-18 18:16:33,0.148536
2024-09-18 18:16:34,0.145672
2024-09-18 18:16:35,0.150496
2024-09-18 18:16:36,0.15536
2024-09-18 18:16:37,0.152552
2024-09-18 18:16:38,0.131152
2024-09-18 18:16:39,0.12952
2024-09-18 18:16:40,0.116352
2024-09-18 18:16:41,0.142304
2024-09-18 18:16:42,0.121968
2024-09-18 18:16:43,0.129336
2024-09-18 18:16:44,0.092032
2024-09-18 18:16:45,0.092848
2024-09-18 18:16:46,0.093336
2024-09-18 18:16:47,0.094632
2024-09-18 18:16:48,0.079568
2024-09-18 18:16:49,0.073872
2024-09-18 18:16:50,0.077776
2024-09-18 18:16:51,0.078792
2024-09-18 18:16:52,0.073304
2024-09-18 18:16:53,0.103408
2024-09-18 18:16:54,0.100288
2024-09-18 18:16:55,0.067144
2024-09-18 18:16:56,0.066768
2024-09-18 18:16:57,0.089144
2024-09-18 18:16:58,0.100496
2024-09-18 18:16:59,0.151736
2024-09-18 18:17:00,0.144
2024-09-18 18:17:01,0.1134
2024-09-18 18:17:02,0.123848
2024-09-18 18:17:03,0.133488
2024-09-18 18:17:04,0.106104
2024-09-18 18:17:05,0.129592
2024-09-18 18:17:06,0.10316
2024-09-18 18:17:07,0.113424
2024-09-18 18:17:08,0.134752
2024-09-18 18:17:09,0.139864
2024-09-18 18:17:10,0.124144
2024-09-18 18:17:11,0.11724
2024-09-18 18:17:12,0.128408
2024-09-18 18:17:13,0.107096
2024-09-18 18:17:14,0.103408
2024-09-18 18:17:15,0.095568
2024-09-18 18:17:16,0.079544
2024-09-18 18:17:17,0.085888
2024-09-18 18:17:18,0.094088
2024-09-18 18:17:19,0.099184
2024-09-18 18:17:20,0.130384
2024-09-18 18:17:21,0.131256
2024-09-18 18:17:22,0.121816
2024-09-18 18:17:23,0.1084
2024-09-18 18:17:24,0.106664
2024-09-18 18:17:25,0.16112
2024-09-18 18:17:26,0.1188
2024-09-18 18:17:27,0.188192
2024-09-18 18:17:28,0.186152
2024-09-18 18:17:29,0.135256
2024-09-18 18:17:30,0.127392
2024-09-18 18:17:31,0.128304
2024-09-18 18:17:32,0.135632
2024-09-18 18:17:33,0.15724
2024-09-18 18:17:34,0.159296
2024-09-18 18:17:35,0.11148
2024-09-18 18:17:36,0.117888
2024-09-18 18:17:37,0.152336
2024-09-18 18:17:38,0.133992
2024-09-18 18:17:39,0.144496
2024-09-18 18:17:40,0.151072
2024-09-18 18:17:41,0.106208
2024-09-18 18:17:42,0.132976
2024-09-18 18:17:43,0.13352
2024-09-18 18:17:44,0.12124
2024-09-18 18:17:45,0.136536
2024-09-18 18:17:46,0.131504
2024-09-18 18:17:47,0.152672
2024-09-18 18:17:48,0.179656
2024-09-18 18:17:49,0.117536
2024-09-18 18:17:50,0.16348
2024-09-18 18:17:51,0.1272
2024-09-18 18:17:52,0.147408
2024-09-18 18:17:53,0.115032
2024-09-18 18:17:54,0.144704
2024-09-18 18:17:55,0.152696
2024-09-18 18:17:56,0.14024
2024-09-18 18:17:57,0.164408
2024-09-18 18:17:58,0.170552
2024-09-18 18:17:59,0.150856
2024-09-18 18:18:00,0.15944
2024-09-18 18:18:01,0.17392
2024-09-18 18:18:02,0.179512
2024-09-18 18:18:03,0.185552
2024-09-18 18:18:04,0.14852
2024-09-18 18:18:05,0.155944
2024-09-18 18:18:06,0.156
2024-09-18 18:18:07,0.141416
2024-09-18 18:18:08,0.148
2024-09-18 18:18:09,0.116264
2024-09-18 18:18:10,0.10916
2024-09-18 18:18:11,0.13776
2024-09-18 18:18:12,0.1218
2024-09-18 18:18:13,0.094216
2024-09-18 18:18:14,0.095824
2024-09-18 18:18:15,0.087432
2024-09-18 18:18:16,0.107224
2024-09-18 18:18:17,0.117048
2024-09-18 18:18:18,0.12184
2024-09-18 18:18:19,0.131
2024-09-18 18:18:20,0.150824
2024-09-18 18:18:21,0.143056
2024-09-18 18:18:22,0.132112
2024-09-18 18:18:23,0.158072
2024-09-18 18:18:24,0.162352
2024-09-18 18:18:25,0.140928
2024-09-18 18:18:26,0.166624
2024-09-18 18:18:27,0.226616
2024-09-18 18:18:28,0.172272
2024-09-18 18:18:29,0.11652
2024-09-18 18:18:30,0.1366
2024-09-18 18:18:31,0.132752
2024-09-18 18:18:32,0.138744
2024-09-18 18:18:33,0.120072
2024-09-18 18:18:34,0.12724
2024-09-18 18:18:35,0.134016
2024-09-18 18:18:36,0.152472
2024-09-18 18:18:37,0.146408
2024-09-18 18:18:38,0.106352
2024-09-18 18:18:39,0.159672
2024-09-18 18:18:40,0.146896
2024-09-18 18:18:41,0.119176
2024-09-18 18:18:42,0.151496
2024-09-18 18:18:43,0.1936
2024-09-18 18:18:44,0.18556
2024-09-18 18:18:45,0.140296
2024-09-18 18:18:46,0.14504
2024-09-18 18:18:47,0.151024
2024-09-18 18:18:48,0.11716
2024-09-18 18:18:49,0.096352
2024-09-18 18:18:50,0.139936
2024-09-18 18:18:51,0.124904
2024-09-18 18:18:52,0.120864
2024-09-18 18:18:53,0.103792
2024-09-18 18:18:54,0.128864
2024-09-18 18:18:55,0.140128
2024-09-18 18:18:56,0.10364
2024-09-18 18:18:57,0.107064
2024-09-18 18:18:58,0.113056
2024-09-18 18:18:59,0.128352
2024-09-18 18:19:00,0.158536
2024-09-18 18:19:01,0.183584
2024-09-18 18:19:02,0.14692
2024-09-18 18:19:03,0.153784
2024-09-18 18:19:04,0.155112
2024-09-18 18:19:05,0.137768
2024-09-18 18:19:06,0.147
2024-09-18 18:19:07,0.139048
2024-09-18 18:19:08,0.131616
2024-09-18 18:19:09,0.157832
2024-09-18 18:19:10,0.141664
2024-09-18 18:19:11,0.112992
2024-09-18 18:19:12,0.099144
2024-09-18 18:19:13,0.110576
2024-09-18 18:19:14,0.092072
2024-09-18 18:19:15,0.107488
2024-09-18 18:19:16,0.114344
2024-09-18 18:19:17,0.092288
2024-09-18 18:19:18,0.111752
2024-09-18 18:19:19,0.105776
2024-09-18 18:19:20,0.12056
2024-09-18 18:19:21,0.106416
2024-09-18 18:19:22,0.108536
2024-09-18 18:19:23,0.103936
2024-09-18 18:19:24,0.106008
2024-09-18 18:19:25,0.122704
2024-09-18 18:19:26,0.121464
2024-09-18 18:19:27,0.147736
2024-09-18 18:19:28,0.143504
2024-09-18 18:19:29,0.125512
2024-09-18 18:19:30,0.125896
2024-09-18 18:19:31,0.134728
2024-09-18 18:19:32,0.138592
2024-09-18 18:19:33,0.116944
2024-09-18 18:19:34,0.103624
2024-09-18 18:19:35,0.118616
2024-09-18 18:19:36,0.11432
2024-09-18 18:19:37,0.116376
2024-09-18 18:19:38,0.090904
2024-09-18 18:19:39,0.113168
2024-09-18 18:19:40,0.113912
2024-09-18 18:19:41,0.099288
2024-09-18 18:19:42,0.088952
2024-09-18 18:19:43,0.111112
2024-09-18 18:19:44,0.09876
2024-09-18 18:19:45,0.140344
2024-09-18 18:19:46,0.115784
2024-09-18 18:19:47,0.1298
2024-09-18 18:19:48,0.106256
2024-09-18 18:19:49,0.11032
2024-09-18 18:19:50,0.09936
2024-09-18 18:19:51,0.103352
2024-09-18 18:19:52,0.113224
2024-09-18 18:19:53,0.113032
2024-09-18 18:19:54,0.111696
2024-09-18 18:19:55,0.116072
2024-09-18 18:19:56,0.106592
2024-09-18 18:19:57,0.092432
2024-09-18 18:19:58,0.14856
2024-09-18 18:19:59,0.144464
2024-09-18 18:20:00,0.143272
2024-09-18 18:20:01,0.134128
2024-09-18 18:20:02,0.163912
2024-09-18 18:20:03,0.200336
2024-09-18 18:20:04,0.181416
2024-09-18 18:20:05,0.150448
2024-09-18 18:20:06,0.164384
2024-09-18 18:20:07,0.175104
2024-09-18 18:20:08,0.13512
2024-09-18 18:20:09,0.15508
2024-09-18 18:20:10,0.145168
2024-09-18 18:20:11,0.122424
2024-09-18 18:20:12,0.143384
2024-09-18 18:20:13,0.145424
2024-09-18 18:20:14,0.189064
2024-09-18 18:20:15,0.17004
2024-09-18 18:20:16,0.152376
2024-09-18 18:20:17,0.146848
2024-09-18 18:20:18,0.145256
2024-09-18 18:20:19,0.169744
2024-09-18 18:20:20,0.159864
2024-09-18 18:20:21,0.129832
2024-09-18 18:20:22,0.164424
2024-09-18 18:20:23,0.126832
2024-09-18 18:20:24,0.136
2024-09-18 18:20:25,0.12936
2024-09-18 18:20:26,0.163976
2024-09-18 18:20:27,0.136696
2024-09-18 18:20:28,0.185224
2024-09-18 18:20:29,0.156656
2024-09-18 18:20:30,0.1452
2024-09-18 18:20:31,0.12268
2024-09-18 18:20:32,0.125504
2024-09-18 18:20:33,0.159728
2024-09-18 18:20:34,0.154768
2024-09-18 18:20:35,0.117264
2024-09-18 18:20:36,0.1148
2024-09-18 18:20:37,0.134088
2024-09-18 18:20:38,0.194192
2024-09-18 18:20:39,0.122928
2024-09-18 18:20:40,0.11964
2024-09-18 18:20:41,0.133576
2024-09-18 18:20:42,0.172504
2024-09-18 18:20:43,0.142088
2024-09-18 18:20:44,0.126096
2024-09-18 18:20:45,0.169528
2024-09-18 18:20:46,0.15192
2024-09-18 18:20:47,0.139984
2024-09-18 18:20:48,0.145976
2024-09-18 18:20:49,0.153616
2024-09-18 18:20:50,0.138544
2024-09-18 18:20:51,0.142648
2024-09-18 18:20:52,0.188568
2024-09-18 18:20:53,0.168816
2024-09-18 18:20:54,0.185608
2024-09-18 18:20:55,0.137864
2024-09-18 18:20:56,0.177928
2024-09-18 18:20:57,0.17564
2024-09-18 18:20:58,0.15312
2024-09-18 18:20:59,0.159544
2024-09-18 18:21:00,0.149552
2024-09-18 18:21:01,0.142864
2024-09-18 18:21:02,0.136968
2024-09-18 18:21:03,0.127744
2024-09-18 18:21:04,0.15608
2024-09-18 18:21:05,0.134176
2024-09-18 18:21:06,0.130952
2024-09-18 18:21:07,0.143936
2024-09-18 18:21:08,0.124544
2024-09-18 18:21:09,0.118088
2024-09-18 18:21:10,0.091512
2024-09-18 18:21:11,0.110864
2024-09-18 18:21:12,0.111728
2024-09-18 18:21:13,0.150384
2024-09-18 18:21:14,0.123976
2024-09-18 18:21:15,0.151232
2024-09-18 18:21:16,0.133168
2024-09-18 18:21:17,0.166968
2024-09-18 18:21:18,0.173304
2024-09-18 18:21:19,0.199632
2024-09-18 18:21:20,0.218264
2024-09-18 18:21:21,0.15776
2024-09-18 18:21:22,0.19392
2024-09-18 18:21:23,0.157216
2024-09-18 18:21:24,0.117504
2024-09-18 18:21:25,0.132888
2024-09-18 18:21:26,0.131744
2024-09-18 18:21:27,0.133112
2024-09-18 18:21:28,0.1438
2024-09-18 18:21:29,0.138728
2024-09-18 18:21:30,0.099736
2024-09-18 18:21:31,0.118176
2024-09-18 18:21:32,0.137632
2024-09-18 18:21:33,0.152416
2024-09-18 18:21:34,0.185296
2024-09-18 18:21:35,0.151808
2024-09-18 18:21:36,0.167808
2024-09-18 18:21:37,0.18136
2024-09-18 18:21:38,0.170712
2024-09-18 18:21:39,0.151416
2024-09-18 18:21:40,0.141096
2024-09-18 18:21:41,0.120928
2024-09-18 18:21:42,0.162976
2024-09-18 18:21:43,0.182408
2024-09-18 18:21:44,0.162192
2024-09-18 18:21:45,0.11692
2024-09-18 18:21:46,0.100328
2024-09-18 18:21:47,0.183656
2024-09-18 18:21:48,0.131848
2024-09-18 18:21:49,0.145816
2024-09-18 18:21:50,0.149688
2024-09-18 18:21:51,0.176184
2024-09-18 18:21:52,0.136056
2024-09-18 18:21:53,0.146704
2024-09-18 18:21:54,0.132904
2024-09-18 18:21:55,0.1722
2024-09-18 18:21:56,0.11052
2024-09-18 18:21:57,0.130272
2024-09-18 18:21:58,0.112352
2024-09-18 18:21:59,0.122056
2024-09-18 18:22:00,0.139744
2024-09-18 18:22:01,0.143984
2024-09-18 18:22:02,0.167288
2024-09-18 18:22:03,0.152504
2024-09-18 18:22:04,0.123576
2024-09-18 18:22:05,0.11852
2024-09-18 18:22:06,0.120256
2024-09-18 18:22:07,0.110016
2024-09-18 18:22:08,0.107264
2024-09-18 18:22:09,0.112608
2024-09-18 18:22:10,0.098904
2024-09-18 18:22:11,0.097224
2024-09-18 18:22:12,0.08096
2024-09-18 18:22:13,0.102208
2024-09-18 18:22:14,0.130096
2024-09-18 18:22:15,0.120928
2024-09-18 18:22:16,0.182872
2024-09-18 18:22:17,0.179688
2024-09-18 18:22:18,0.154144
2024-09-18 18:22:19,0.164368
2024-09-18 18:22:20,0.15876
2024-09-18 18:22:21,0.164176
2024-09-18 18:22:22,0.168816
2024-09-18 18:22:23,0.1804
2024-09-18 18:22:24,0.138944
2024-09-18 18:22:25,0.139848
2024-09-18 18:22:26,0.153408
2024-09-18 18:22:27,0.122984
2024-09-18 18:22:28,0.196736
2024-09-18 18:22:29,0.141248
2024-09-18 18:22:30,0.170192
2024-09-18 18:22:31,0.136336
2024-09-18 18:22:32,0.13608
2024-09-18 18:22:33,0.11036
2024-09-18 18:22:34,0.116288
2024-09-18 18:22:35,0.111376
2024-09-18 18:22:36,0.10676
2024-09-18 18:22:37,0.113664
2024-09-18 18:22:38,0.1098
2024-09-18 18:22:39,0.086208
2024-09-18 18:22:40,0.113192
2024-09-18 18:22:41,0.0726
2024-09-18 18:22:42,0.067312
2024-09-18 18:22:43,0.074584
2024-09-18 18:22:44,0.081856
2024-09-18 18:22:45,0.08408
2024-09-18 18:22:46,0.10516
2024-09-18 18:22:47,0.112528
2024-09-18 18:22:48,0.08956
2024-09-18 18:22:49,0.093488
2024-09-18 18:22:50,0.08404
2024-09-18 18:22:51,0.101632
2024-09-18 18:22:52,0.090208
2024-09-18 18:22:53,0.070272
2024-09-18 18:22:54,0.089952
2024-09-18 18:22:55,0.08524
2024-09-18 18:22:56,0.087272
2024-09-18 18:22:57,0.089024
2024-09-18 18:22:58,0.132608
2024-09-18 18:22:59,0.105912
2024-09-18 18:23:00,0.149232
2024-09-18 18:23:01,0.120664
2024-09-18 18:23:02,0.101016
2024-09-18 18:23:03,0.152984
2024-09-18 18:23:04,0.175264
2024-09-18 18:23:05,0.205992
2024-09-18 18:23:06,0.17448
2024-09-18 18:23:07,0.179576
2024-09-18 18:23:08,0.14444
2024-09-18 18:23:09,0.161336
2024-09-18 18:23:10,0.188288
2024-09-18 18:23:11,0.193592
2024-09-18 18:23:12,0.181216
2024-09-18 18:23:13,0.131704
2024-09-18 18:23:14,0.14496
2024-09-18 18:23:15,0.201432
2024-09-18 18:23:16,0.166872
2024-09-18 18:23:17,0.161536
2024-09-18 18:23:18,0.243912
2024-09-18 18:23:19,0.181992
2024-09-18 18:23:20,0.192584
2024-09-18 18:23:21,0.190936
2024-09-18 18:23:22,0.175232
2024-09-18 18:23:23,0.14728
2024-09-18 18:23:24,0.17012
2024-09-18 18:23:25,0.153288
2024-09-18 18:23:26,0.179864
2024-09-18 18:23:27,0.170616
2024-09-18 18:23:28,0.246672
2024-09-18 18:23:29,0.134912
2024-09-18 18:23:30,0.117808
2024-09-18 18:23:31,0.122184
2024-09-18 18:23:32,0.113648
2024-09-18 18:23:33,0.1378
2024-09-18 18:23:34,0.14012
2024-09-18 18:23:35,0.146928
2024-09-18 18:23:36,0.13536
2024-09-18 18:23:37,0.13972
2024-09-18 18:23:38,0.134216
2024-09-18 18:23:39,0.112904
2024-09-18 18:23:40,0.135464
2024-09-18 18:23:41,0.140848
2024-09-18 18:23:42,0.191312
2024-09-18 18:23:43,0.141344
2024-09-18 18:23:44,0.144272
2024-09-18 18:23:45,0.107536
2024-09-18 18:23:46,0.10544
2024-09-18 18:23:47,0.166688
2024-09-18 18:23:48,0.150808
2024-09-18 18:23:49,0.141104
2024-09-18 18:23:50,0.16304
2024-09-18 18:23:51,0.163952
2024-09-18 18:23:52,0.125072
2024-09-18 18:23:53,0.133624
2024-09-18 18:23:54,0.141064
2024-09-18 18:23:55,0.169536
2024-09-18 18:23:56,0.169696
2024-09-18 18:23:57,0.138448
2024-09-18 18:23:58,0.125064
2024-09-18 18:23:59,0.135528
2024-09-18 18:24:00,0.12068
2024-09-18 18:24:01,0.100792
2024-09-18 18:24:02,0.090704
2024-09-18 18:24:03,0.096136
2024-09-18 18:24:04,0.084992
2024-09-18 18:24:05,0.09176
2024-09-18 18:24:06,0.146272
2024-09-18 18:24:07,0.118144
2024-09-18 18:24:08,0.126536
2024-09-18 18:24:09,0.132808
2024-09-18 18:24:10,0.119256
2024-09-18 18:24:11,0.097
2024-09-18 18:24:12,0.137728
2024-09-18 18:24:13,0.12112
2024-09-18 18:24:14,0.122112
2024-09-18 18:24:15,0.110232
2024-09-18 18:24:16,0.119264
2024-09-18 18:24:17,0.120208
2024-09-18 18:24:18,0.114736
2024-09-18 18:24:19,0.124328
2024-09-18 18:24:20,0.100328
2024-09-18 18:24:21,0.156616
2024-09-18 18:24:22,0.13188
2024-09-18 18:24:23,0.122504
2024-09-18 18:24:24,0.116728
2024-09-18 18:24:25,0.113544
2024-09-18 18:24:26,0.166728
2024-09-18 18:24:27,0.240168
2024-09-18 18:24:28,0.217424
2024-09-18 18:24:29,0.219984
2024-09-18 18:24:30,0.185304
2024-09-18 18:24:31,0.163672
2024-09-18 18:24:32,0.147208
2024-09-18 18:24:33,0.18464
2024-09-18 18:24:34,0.231472
2024-09-18 18:24:35,0.198176
2024-09-18 18:24:36,0.229064
2024-09-18 18:24:37,0.174416
2024-09-18 18:24:38,0.142656
2024-09-18 18:24:39,0.178136
2024-09-18 18:24:40,0.186528
2024-09-18 18:24:41,0.228056
2024-09-18 18:24:42,0.168
2024-09-18 18:24:43,0.164144
2024-09-18 18:24:44,0.18788
2024-09-18 18:24:45,0.150352
2024-09-18 18:24:46,0.122144
2024-09-18 18:24:47,0.132304
2024-09-18 18:24:48,0.112336
2024-09-18 18:24:49,0.090184
2024-09-18 18:24:50,0.12224
2024-09-18 18:24:51,0.104528
2024-09-18 18:24:52,0.108544
2024-09-18 18:24:53,0.103904
2024-09-18 18:24:54,0.1416
2024-09-18 18:24:55,0.151816
2024-09-18 18:24:56,0.121688
2024-09-18 18:24:57,0.084792
2024-09-18 18:24:58,0.10356
2024-09-18 18:24:59,0.10696
2024-09-18 18:25:00,0.114032
2024-09-18 18:25:01,0.111936
2024-09-18 18:25:02,0.079592
2024-09-18 18:25:03,0.110152
2024-09-18 18:25:04,0.096688
2024-09-18 18:25:05,0.103048
2024-09-18 18:25:06,0.113072
2024-09-18 18:25:07,0.126792
2024-09-18 18:25:08,0.11684
2024-09-18 18:25:09,0.1098
2024-09-18 18:25:10,0.108864
2024-09-18 18:25:11,0.12768
2024-09-18 18:25:12,0.1214
2024-09-18 18:25:13,0.163328
2024-09-18 18:25:14,0.18936
2024-09-18 18:25:15,0.132504
2024-09-18 18:25:16,0.146448
2024-09-18 18:25:17,0.149032
2024-09-18 18:25:18,0.149624
2024-09-18 18:25:19,0.176136
2024-09-18 18:25:20,0.174344
2024-09-18 18:25:21,0.17456
2024-09-18 18:25:22,0.184664
2024-09-18 18:25:23,0.179864
2024-09-18 18:25:24,0.1212
2024-09-18 18:25:25,0.151704
2024-09-18 18:25:26,0.159208
2024-09-18 18:25:27,0.144808
2024-09-18 18:25:28,0.14252
2024-09-18 18:25:29,0.10504
2024-09-18 18:25:30,0.087056
2024-09-18 18:25:31,0.10664
2024-09-18 18:25:32,0.110992
2024-09-18 18:25:33,0.114744
2024-09-18 18:25:34,0.133784
2024-09-18 18:25:35,0.139896
2024-09-18 18:25:36,0.133352
2024-09-18 18:25:37,0.143888
2024-09-18 18:25:38,0.163216
2024-09-18 18:25:39,0.154848
2024-09-18 18:25:40,0.13976
2024-09-18 18:25:41,0.115872
2024-09-18 18:25:42,0.149256
2024-09-18 18:25:43,0.174168
2024-09-18 18:25:44,0.14648
2024-09-18 18:25:45,0.115624
2024-09-18 18:25:46,0.089776
2024-09-18 18:25:47,0.116888
2024-09-18 18:25:48,0.109896
2024-09-18 18:25:49,0.105512
2024-09-18 18:25:50,0.086408
2024-09-18 18:25:51,0.089544
2024-09-18 18:25:52,0.08704
2024-09-18 18:25:53,0.095544
2024-09-18 18:25:54,0.15188
2024-09-18 18:25:55,0.120896
2024-09-18 18:25:56,0.105184
2024-09-18 18:25:57,0.155944
2024-09-18 18:25:58,0.12612
2024-09-18 18:25:59,0.122328
2024-09-18 18:26:00,0.155472
2024-09-18 18:26:01,0.147536
2024-09-18 18:26:02,0.145608
2024-09-18 18:26:03,0.128224
2024-09-18 18:26:04,0.138168
2024-09-18 18:26:05,0.093904
2024-09-18 18:26:06,0.103936
2024-09-18 18:26:07,0.13172
2024-09-18 18:26:08,0.108152
2024-09-18 18:26:09,0.110408
2024-09-18 18:26:10,0.098144
2024-09-18 18:26:11,0.135176
2024-09-18 18:26:12,0.090856
2024-09-18 18:26:13,0.075256
2024-09-18 18:26:14,0.098904
2024-09-18 18:26:15,0.104032
2024-09-18 18:26:16,0.11216
2024-09-18 18:26:17,0.128656
2024-09-18 18:26:18,0.104328
2024-09-18 18:26:19,0.110936
2024-09-18 18:26:20,0.1278
2024-09-18 18:26:21,0.109248
2024-09-18 18:26:22,0.087472
2024-09-18 18:26:23,0.085312
2024-09-18 18:26:24,0.081864
2024-09-18 18:26:25,0.080888
2024-09-18 18:26:26,0.071088
2024-09-18 18:26:27,0.077392
2024-09-18 18:26:28,0.095976
2024-09-18 18:26:29,0.077992
2024-09-18 18:26:30,0.113344
2024-09-18 18:26:31,0.111904
2024-09-18 18:26:32,0.122552
2024-09-18 18:26:33,0.109208
2024-09-18 18:26:34,0.143008
2024-09-18 18:26:35,0.148384
2024-09-18 18:26:36,0.108456
2024-09-18 18:26:37,0.144576
2024-09-18 18:26:38,0.173656
2024-09-18 18:26:39,0.144544
2024-09-18 18:26:40,0.138696
2024-09-18 18:26:41,0.13732
2024-09-18 18:26:42,0.148304
2024-09-18 18:26:43,0.173288
2024-09-18 18:26:44,0.135848
2024-09-18 18:26:45,0.112952
2024-09-18 18:26:46,0.11564
2024-09-18 18:26:47,0.117888
2024-09-18 18:26:48,0.177128
2024-09-18 18:26:49,0.165944
2024-09-18 18:26:50,0.211824
2024-09-18 18:26:51,0.265704
2024-09-18 18:26:52,0.217496
2024-09-18 18:26:53,0.218768
2024-09-18 18:26:54,0.2162
2024-09-18 18:26:55,0.174536
2024-09-18 18:26:56,0.183312
2024-09-18 18:26:57,0.125448
2024-09-18 18:26:58,0.147944
2024-09-18 18:26:59,0.173536
2024-09-18 18:27:00,0.118064
2024-09-18 18:27:01,0.23068
2024-09-18 18:27:02,0.2234
2024-09-18 18:27:03,0.182296
2024-09-18 18:27:04,0.16976
2024-09-18 18:27:05,0.19572
2024-09-18 18:27:06,0.157448
2024-09-18 18:27:07,0.165856
2024-09-18 18:27:08,0.129224
2024-09-18 18:27:09,0.134648
2024-09-18 18:27:10,0.12044
2024-09-18 18:27:11,0.132336
2024-09-18 18:27:12,0.094864
2024-09-18 18:27:13,0.095632
2024-09-18 18:27:14,0.102016
2024-09-18 18:27:15,0.09588
2024-09-18 18:27:16,0.101464
2024-09-18 18:27:17,0.085312
2024-09-18 18:27:18,0.105816
2024-09-18 18:27:19,0.127056
2024-09-18 18:27:20,0.146184
2024-09-18 18:27:21,0.135272
2024-09-18 18:27:22,0.110272
2024-09-18 18:27:23,0.095712
2024-09-18 18:27:24,0.101088
2024-09-18 18:27:25,0.107704
2024-09-18 18:27:26,0.0866
2024-09-18 18:27:27,0.0998
2024-09-18 18:27:28,0.141432
2024-09-18 18:27:29,0.088584
2024-09-18 18:27:30,0.079368
2024-09-18 18:27:31,0.097216
2024-09-18 18:27:32,0.127
2024-09-18 18:27:33,0.093288
2024-09-18 18:27:34,0.114752
2024-09-18 18:27:35,0.107632
2024-09-18 18:27:36,0.10688
2024-09-18 18:27:37,0.111528
2024-09-18 18:27:38,0.121064
2024-09-18 18:27:39,0.119128
2024-09-18 18:27:40,0.104584
2024-09-18 18:27:41,0.109832
2024-09-18 18:27:42,0.110768
2024-09-18 18:27:43,0.139624
2024-09-18 18:27:44,0.109584
2024-09-18 18:27:45,0.129656
2024-09-18 18:27:46,0.116944
2024-09-18 18:27:47,0.165072
2024-09-18 18:27:48,0.112256
2024-09-18 18:27:49,0.14996
2024-09-18 18:27:50,0.155824
2024-09-18 18:27:51,0.210088
2024-09-18 18:27:52,0.162688
2024-09-18 18:27:53,0.239864
2024-09-18 18:27:54,0.184608
2024-09-18 18:27:55,0.124096
2024-09-18 18:27:56,0.133832
2024-09-18 18:27:57,0.133872
2024-09-18 18:27:58,0.096464
2024-09-18 18:27:59,0.09272
2024-09-18 18:28:00,0.095832
2024-09-18 18:28:01,0.105104
2024-09-18 18:28:02,0.098168
2024-09-18 18:28:03,0.142968
2024-09-18 18:28:04,0.12832
2024-09-18 18:28:05,0.125584
2024-09-18 18:28:06,0.158208
2024-09-18 18:28:07,0.1404
2024-09-18 18:28:08,0.131136
2024-09-18 18:28:09,0.175928
2024-09-18 18:28:10,0.17452
2024-09-18 18:28:11,0.189744
2024-09-18 18:28:12,0.16312
2024-09-18 18:28:13,0.18692
2024-09-18 18:28:14,0.308608
2024-09-18 18:28:15,0.150488
2024-09-18 18:28:16,0.20512
2024-09-18 18:28:17,0.232016
2024-09-18 18:28:18,0.162888
2024-09-18 18:28:19,0.135432
2024-09-18 18:28:20,0.135704
2024-09-18 18:28:21,0.146368
2024-09-18 18:28:22,0.116608
2024-09-18 18:28:23,0.117248
2024-09-18 18:28:24,0.124224
2024-09-18 18:28:25,0.186056
2024-09-18 18:28:26,0.16668
2024-09-18 18:28:27,0.202568
2024-09-18 18:28:28,0.166832
2024-09-18 18:28:29,0.11588
2024-09-18 18:28:30,0.149712
2024-09-18 18:28:31,0.141464
2024-09-18 18:28:32,0.170432
2024-09-18 18:28:33,0.168424
2024-09-18 18:28:34,0.163112
2024-09-18 18:28:35,0.161056
2024-09-18 18:28:36,0.184552
2024-09-18 18:28:37,0.190584
2024-09-18 18:28:38,0.142016
2024-09-18 18:28:39,0.124864
2024-09-18 18:28:40,0.184272
2024-09-18 18:28:41,0.148488
2024-09-18 18:28:42,0.135152
2024-09-18 18:28:43,0.140656
2024-09-18 18:28:44,0.104504
2024-09-18 18:28:45,0.115056
2024-09-18 18:28:46,0.102288
2024-09-18 18:28:47,0.098032
2024-09-18 18:28:48,0.12616
2024-09-18 18:28:49,0.095432
2024-09-18 18:28:50,0.1238
2024-09-18 18:28:51,0.115864
2024-09-18 18:28:52,0.145104
2024-09-18 18:28:53,0.14272
2024-09-18 18:28:54,0.14152
2024-09-18 18:28:55,0.142848
2024-09-18 18:28:56,0.142408
2024-09-18 18:28:57,0.106632
2024-09-18 18:28:58,0.122488
2024-09-18 18:28:59,0.10276
2024-09-18 18:29:00,0.135776
2024-09-18 18:29:01,0.093336
2024-09-18 18:29:02,0.097144
2024-09-18 18:29:03,0.109208
2024-09-18 18:29:04,0.135136
2024-09-18 18:29:05,0.142264
2024-09-18 18:29:06,0.14996
2024-09-18 18:29:07,0.135256
2024-09-18 18:29:08,0.110104
2024-09-18 18:29:09,0.08684
2024-09-18 18:29:10,0.126304
2024-09-18 18:29:11,0.102184
2024-09-18 18:29:12,0.100088
2024-09-18 18:29:13,0.074008
2024-09-18 18:29:14,0.078696
2024-09-18 18:29:15,0.0836
2024-09-18 18:29:16,0.081464
2024-09-18 18:29:17,0.088304
2024-09-18 18:29:18,0.117416
2024-09-18 18:29:19,0.097624
2024-09-18 18:29:20,0.132472
2024-09-18 18:29:21,0.11208
2024-09-18 18:29:22,0.1184
2024-09-18 18:29:23,0.11104
2024-09-18 18:29:24,0.093328
2024-09-18 18:29:25,0.11904
2024-09-18 18:29:26,0.159104
2024-09-18 18:29:27,0.146008
2024-09-18 18:29:28,0.207064
2024-09-18 18:29:29,0.184496
2024-09-18 18:29:30,0.173144
2024-09-18 18:29:31,0.135048
2024-09-18 18:29:32,0.119728
2024-09-18 18:29:33,0.1134
2024-09-18 18:29:34,0.109904
2024-09-18 18:29:35,0.111832
2024-09-18 18:29:36,0.08988
2024-09-18 18:29:37,0.082064
2024-09-18 18:29:38,0.094432
2024-09-18 18:29:39,0.104312
2024-09-18 18:29:40,0.071544
2024-09-18 18:29:41,0.076704
2024-09-18 18:29:42,0.089728
2024-09-18 18:29:43,0.093808
2024-09-18 18:29:44,0.059816
2024-09-18 18:29:45,0.094168
2024-09-18 18:29:46,0.099352
2024-09-18 18:29:47,0.103976
2024-09-18 18:29:48,0.126976
2024-09-18 18:29:49,0.102672
2024-09-18 18:29:50,0.13084
2024-09-18 18:29:51,0.1238
2024-09-18 18:29:52,0.112144
2024-09-18 18:29:53,0.095464
2024-09-18 18:29:54,0.124008
2024-09-18 18:29:55,0.145376
2024-09-18 18:29:56,0.138984
2024-09-18 18:29:57,0.129512
2024-09-18 18:29:58,0.131672
2024-09-18 18:29:59,0.117136
2024-09-18 18:30:00,0.149016
2024-09-18 18:30:01,0.143816
2024-09-18 18:30:02,0.165456
2024-09-18 18:30:03,0.143704
2024-09-18 18:30:04,0.158024
2024-09-18 18:30:05,0.153528
2024-09-18 18:30:06,0.113136
2024-09-18 18:30:07,0.1596
2024-09-18 18:30:08,0.155344
2024-09-18 18:30:09,0.122472
2024-09-18 18:30:10,0.151312
2024-09-18 18:30:11,0.11928
2024-09-18 18:30:12,0.101144
2024-09-18 18:30:13,0.09244
2024-09-18 18:30:14,0.126528
2024-09-18 18:30:15,0.097176
2024-09-18 18:30:16,0.114256
2024-09-18 18:30:17,0.1648
2024-09-18 18:30:18,0.171104
2024-09-18 18:30:19,0.200416
2024-09-18 18:30:20,0.207344
2024-09-18 18:30:21,0.169296
2024-09-18 18:30:22,0.159872
2024-09-18 18:30:23,0.16692
2024-09-18 18:30:24,0.13204
2024-09-18 18:30:25,0.124552
2024-09-18 18:30:26,0.141104
2024-09-18 18:30:27,0.081336
2024-09-18 18:30:28,0.149728
2024-09-18 18:30:29,0.185296
2024-09-18 18:30:30,0.184264
2024-09-18 18:30:31,0.190616
2024-09-18 18:30:32,0.148432
2024-09-18 18:30:33,0.186728
2024-09-18 18:30:34,0.201928
2024-09-18 18:30:35,0.22536
2024-09-18 18:30:36,0.209976
2024-09-18 18:30:37,0.204048
2024-09-18 18:30:38,0.20828
2024-09-18 18:30:39,0.145592
2024-09-18 18:30:40,0.234928
2024-09-18 18:30:41,0.187672
2024-09-18 18:30:42,0.170856
2024-09-18 18:30:43,0.171856
2024-09-18 18:30:44,0.177888
2024-09-18 18:30:45,0.17736
2024-09-18 18:30:46,0.159856
2024-09-18 18:30:47,0.141496
2024-09-18 18:30:48,0.0916
2024-09-18 18:30:49,0.074912
2024-09-18 18:30:50,0.092496
2024-09-18 18:30:51,0.092768
2024-09-18 18:30:52,0.086232
2024-09-18 18:30:53,0.111616
2024-09-18 18:30:54,0.114032
2024-09-18 18:30:55,0.090672
2024-09-18 18:30:56,0.086728
2024-09-18 18:30:57,0.094248
2024-09-18 18:30:58,0.083144
2024-09-18 18:30:59,0.104296
2024-09-18 18:31:00,0.095208
2024-09-18 18:31:01,0.124632
2024-09-18 18:31:02,0.11328
2024-09-18 18:31:03,0.114008
2024-09-18 18:31:04,0.119416
2024-09-18 18:31:05,0.123088
2024-09-18 18:31:06,0.12148
2024-09-18 18:31:07,0.12512
2024-09-18 18:31:08,0.130568
2024-09-18 18:31:09,0.185016
2024-09-18 18:31:10,0.187136
2024-09-18 18:31:11,0.186632
2024-09-18 18:31:12,0.180224
2024-09-18 18:31:13,0.159064
2024-09-18 18:31:14,0.153496
2024-09-18 18:31:15,0.16216
2024-09-18 18:31:16,0.174192
2024-09-18 18:31:17,0.156728
2024-09-18 18:31:18,0.139216
2024-09-18 18:31:19,0.168624
2024-09-18 18:31:20,0.149904
2024-09-18 18:31:21,0.180384
2024-09-18 18:31:22,0.152032
2024-09-18 18:31:23,0.132456
2024-09-18 18:31:24,0.121528
2024-09-18 18:31:25,0.136448
2024-09-18 18:31:26,0.100288
2024-09-18 18:31:27,0.1148
2024-09-18 18:31:28,0.147176
2024-09-18 18:31:29,0.118472
2024-09-18 18:31:30,0.124232
2024-09-18 18:31:31,0.173328
2024-09-18 18:31:32,0.209536
2024-09-18 18:31:33,0.222616
2024-09-18 18:31:34,0.170984
2024-09-18 18:31:35,0.207576
2024-09-18 18:31:36,0.166632
2024-09-18 18:31:37,0.22184
2024-09-18 18:31:38,0.156328
2024-09-18 18:31:39,0.151024
2024-09-18 18:31:40,0.121088
2024-09-18 18:31:41,0.129152
2024-09-18 18:31:42,0.180752
2024-09-18 18:31:43,0.185104
2024-09-18 18:31:44,0.14828
2024-09-18 18:31:45,0.108352
2024-09-18 18:31:46,0.084472
2024-09-18 18:31:47,0.115736
2024-09-18 18:31:48,0.096352
2024-09-18 18:31:49,0.086112
2024-09-18 18:31:50,0.096984
2024-09-18 18:31:51,0.101432
2024-09-18 18:31:52,0.083808
2024-09-18 18:31:53,0.08676
2024-09-18 18:31:54,0.094536
2024-09-18 18:31:55,0.096344
2024-09-18 18:31:56,0.140656
2024-09-18 18:31:57,0.19592
2024-09-18 18:31:58,0.20504
2024-09-18 18:31:59,0.154752
2024-09-18 18:32:00,0.147624
2024-09-18 18:32:01,0.15568
2024-09-18 18:32:02,0.142584
2024-09-18 18:32:03,0.14984
2024-09-18 18:32:04,0.115976
2024-09-18 18:32:05,0.148808
2024-09-18 18:32:06,0.124576
2024-09-18 18:32:07,0.121736
2024-09-18 18:32:08,0.142344
2024-09-18 18:32:09,0.122992
2024-09-18 18:32:10,0.12532
2024-09-18 18:32:11,0.118424
2024-09-18 18:32:12,0.112528
2024-09-18 18:32:13,0.147248
2024-09-18 18:32:14,0.149792
2024-09-18 18:32:15,0.143344
2024-09-18 18:32:16,0.108416
2024-09-18 18:32:17,0.126896
2024-09-18 18:32:18,0.115088
2024-09-18 18:32:19,0.090656
2024-09-18 18:32:20,0.131736
2024-09-18 18:32:21,0.129896
2024-09-18 18:32:22,0.109152
2024-09-18 18:32:23,0.129888
2024-09-18 18:32:24,0.152576
2024-09-18 18:32:25,0.127456
2024-09-18 18:32:26,0.121896
2024-09-18 18:32:27,0.122232
2024-09-18 18:32:28,0.14308
2024-09-18 18:32:29,0.142704
2024-09-18 18:32:30,0.136928
2024-09-18 18:32:31,0.100896
2024-09-18 18:32:32,0.138456
2024-09-18 18:32:33,0.15772
2024-09-18 18:32:34,0.148896
2024-09-18 18:32:35,0.137576
2024-09-18 18:32:36,0.14032
2024-09-18 18:32:37,0.137152
2024-09-18 18:32:38,0.116416
2024-09-18 18:32:39,0.15352
2024-09-18 18:32:40,0.148344
2024-09-18 18:32:41,0.181616
2024-09-18 18:32:42,0.121072
2024-09-18 18:32:43,0.128256
2024-09-18 18:32:44,0.16244
2024-09-18 18:32:45,0.157872
2024-09-18 18:32:46,0.15856
2024-09-18 18:32:47,0.187712
2024-09-18 18:32:48,0.138912
2024-09-18 18:32:49,0.126888
2024-09-18 18:32:50,0.215272
2024-09-18 18:32:51,0.132248
2024-09-18 18:32:52,0.133776
2024-09-18 18:32:53,0.171288
2024-09-18 18:32:54,0.151064
2024-09-18 18:32:55,0.12448
2024-09-18 18:32:56,0.122288
2024-09-18 18:32:57,0.136784
2024-09-18 18:32:58,0.066472
2024-09-18 18:32:59,0.076024
2024-09-18 18:33:00,0.077864
2024-09-18 18:33:01,0.128472
2024-09-18 18:33:02,0.143328
2024-09-18 18:33:03,0.1448
2024-09-18 18:33:04,0.127408
2024-09-18 18:33:05,0.122424
2024-09-18 18:33:06,0.14804
2024-09-18 18:33:07,0.17896
2024-09-18 18:33:08,0.17996
2024-09-18 18:33:09,0.145336
2024-09-18 18:33:10,0.159368
2024-09-18 18:33:11,0.150208
2024-09-18 18:33:12,0.125752
2024-09-18 18:33:13,0.158608
2024-09-18 18:33:14,0.115992
2024-09-18 18:33:15,0.127216
2024-09-18 18:33:16,0.102496
2024-09-18 18:33:17,0.133768
2024-09-18 18:33:18,0.0938
2024-09-18 18:33:19,0.096088
2024-09-18 18:33:20,0.096176
2024-09-18 18:33:21,0.099072
2024-09-18 18:33:22,0.092864
2024-09-18 18:33:23,0.109744
2024-09-18 18:33:24,0.109304
2024-09-18 18:33:25,0.132352
2024-09-18 18:33:26,0.173888
2024-09-18 18:33:27,0.132248
2024-09-18 18:33:28,0.121624
2024-09-18 18:33:29,0.131392
2024-09-18 18:33:30,0.108568
2024-09-18 18:33:31,0.113512
2024-09-18 18:33:32,0.099136
2024-09-18 18:33:33,0.19848
2024-09-18 18:33:34,0.178904
2024-09-18 18:33:35,0.175368
2024-09-18 18:33:36,0.16312
2024-09-18 18:33:37,0.09848
2024-09-18 18:33:38,0.078048
2024-09-18 18:33:39,0.08132
2024-09-18 18:33:40,0.09708
2024-09-18 18:33:41,0.08552
2024-09-18 18:33:42,0.068096
2024-09-18 18:33:43,0.06924
2024-09-18 18:33:44,0.07736
2024-09-18 18:33:45,0.08944
2024-09-18 18:33:46,0.091424
2024-09-18 18:33:47,0.097592
2024-09-18 18:33:48,0.103944
2024-09-18 18:33:49,0.0884
2024-09-18 18:33:50,0.09472
2024-09-18 18:33:51,0.12488
2024-09-18 18:33:52,0.111296
2024-09-18 18:33:53,0.132464
2024-09-18 18:33:54,0.139928
2024-09-18 18:33:55,0.083592
2024-09-18 18:33:56,0.09084
2024-09-18 18:33:57,0.094176
2024-09-18 18:33:58,0.096216
2024-09-18 18:33:59,0.096568
2024-09-18 18:34:00,0.104584
2024-09-18 18:34:01,0.108952
2024-09-18 18:34:02,0.104864
2024-09-18 18:34:03,0.108328
2024-09-18 18:34:04,0.136904
2024-09-18 18:34:05,0.124712
2024-09-18 18:34:06,0.151536
2024-09-18 18:34:07,0.100432
2024-09-18 18:34:08,0.12904
2024-09-18 18:34:09,0.094896
2024-09-18 18:34:10,0.078688
2024-09-18 18:34:11,0.059184
2024-09-18 18:34:12,0.0848
2024-09-18 18:34:13,0.066776
2024-09-18 18:34:14,0.110016
2024-09-18 18:34:15,0.102024
2024-09-18 18:34:16,0.141784
2024-09-18 18:34:17,0.14392
2024-09-18 18:34:18,0.150936
2024-09-18 18:34:19,0.198992
2024-09-18 18:34:20,0.287488
2024-09-18 18:34:21,0.210608
2024-09-18 18:34:22,0.206232
2024-09-18 18:34:23,0.177648
2024-09-18 18:34:24,0.191752
2024-09-18 18:34:25,0.251088
2024-09-18 18:34:26,0.185184
2024-09-18 18:34:27,0.158832
2024-09-18 18:34:28,0.200784
2024-09-18 18:34:29,0.152288
2024-09-18 18:34:30,0.192888
2024-09-18 18:34:31,0.142112
2024-09-18 18:34:32,0.172728
2024-09-18 18:34:33,0.160952
2024-09-18 18:34:34,0.158712
2024-09-18 18:34:35,0.185016
2024-09-18 18:34:36,0.134688
2024-09-18 18:34:37,0.13956
2024-09-18 18:34:38,0.107336
2024-09-18 18:34:39,0.121136
2024-09-18 18:34:40,0.148904
2024-09-18 18:34:41,0.13892
2024-09-18 18:34:42,0.148928
2024-09-18 18:34:43,0.148928
2024-09-18 18:34:44,0.151728
2024-09-18 18:34:45,0.141776
2024-09-18 18:34:46,0.113472
2024-09-18 18:34:47,0.110744
2024-09-18 18:34:48,0.123424
2024-09-18 18:34:49,0.111016
2024-09-18 18:34:50,0.107168
2024-09-18 18:34:51,0.203104
2024-09-18 18:34:52,0.19576
2024-09-18 18:34:53,0.157088
2024-09-18 18:34:54,0.164928
2024-09-18 18:34:55,0.156552
2024-09-18 18:34:56,0.179896
2024-09-18 18:34:57,0.121096
2024-09-18 18:34:58,0.1572
2024-09-18 18:34:59,0.157088
2024-09-18 18:35:00,0.171648
2024-09-18 18:35:01,0.142984
2024-09-18 18:35:02,0.15764
2024-09-18 18:35:03,0.132056
2024-09-18 18:35:04,0.154968
2024-09-18 18:35:05,0.128776
2024-09-18 18:35:06,0.162976
2024-09-18 18:35:07,0.18776
2024-09-18 18:35:08,0.184952
2024-09-18 18:35:09,0.151816
2024-09-18 18:35:10,0.1456
2024-09-18 18:35:11,0.150368
2024-09-18 18:35:12,0.093376
2024-09-18 18:35:13,0.108008
2024-09-18 18:35:14,0.09864
2024-09-18 18:35:15,0.089808
2024-09-18 18:35:16,0.089608
2024-09-18 18:35:17,0.112128
2024-09-18 18:35:18,0.119192
2024-09-18 18:35:19,0.118408
2024-09-18 18:35:20,0.143608
2024-09-18 18:35:21,0.148064
2024-09-18 18:35:22,0.156488
2024-09-18 18:35:23,0.157568
2024-09-18 18:35:24,0.137696
2024-09-18 18:35:25,0.1186
2024-09-18 18:35:26,0.100688
2024-09-18 18:35:27,0.097248
2024-09-18 18:35:28,0.136608
2024-09-18 18:35:29,0.099064
2024-09-18 18:35:30,0.07784
2024-09-18 18:35:31,0.035208
2024-09-18 18:35:32,0.156144
2024-09-18 18:35:33,0.089944
2024-09-18 18:35:34,0.101808
2024-09-18 18:35:35,0.088256
2024-09-18 18:35:36,0.130392
2024-09-18 18:35:37,0.106456
2024-09-18 18:35:38,0.108056
2024-09-18 18:35:39,0.093656
2024-09-18 18:35:40,0.0876
2024-09-18 18:35:41,0.100752
2024-09-18 18:35:42,0.088064
2024-09-18 18:35:43,0.090824
2024-09-18 18:35:44,0.111632
2024-09-18 18:35:45,0.092592
2024-09-18 18:35:46,0.101008
2024-09-18 18:35:47,0.10072
2024-09-18 18:35:48,0.094104
2024-09-18 18:35:49,0.107064
2024-09-18 18:35:50,0.139784
2024-09-18 18:35:51,0.136048
2024-09-18 18:35:52,0.127576
2024-09-18 18:35:53,0.142816
2024-09-18 18:35:54,0.135448
2024-09-18 18:35:55,0.114736
2024-09-18 18:35:56,0.13536
2024-09-18 18:35:57,0.16568
2024-09-18 18:35:58,0.159192
2024-09-18 18:35:59,0.1144
2024-09-18 18:36:00,0.11052
2024-09-18 18:36:01,0.128056
2024-09-18 18:36:02,0.155424
2024-09-18 18:36:03,0.130408
2024-09-18 18:36:04,0.155864
2024-09-18 18:36:05,0.191528
2024-09-18 18:36:06,0.161288
2024-09-18 18:36:07,0.1648
2024-09-18 18:36:08,0.11784
2024-09-18 18:36:09,0.117104
2024-09-18 18:36:10,0.139776
2024-09-18 18:36:11,0.166584
2024-09-18 18:36:12,0.16592
2024-09-18 18:36:13,0.16584
2024-09-18 18:36:14,0.114168
2024-09-18 18:36:15,0.127744
2024-09-18 18:36:16,0.195928
2024-09-18 18:36:17,0.16328
2024-09-18 18:36:18,0.216264
2024-09-18 18:36:19,0.236672
2024-09-18 18:36:20,0.21964
2024-09-18 18:36:21,0.198656
2024-09-18 18:36:22,0.164496
2024-09-18 18:36:23,0.182328
2024-09-18 18:36:24,0.178792
2024-09-18 18:36:25,0.142256
2024-09-18 18:36:26,0.147936
2024-09-18 18:36:27,0.156736
2024-09-18 18:36:28,0.161712
2024-09-18 18:36:29,0.1582
2024-09-18 18:36:30,0.176288
2024-09-18 18:36:31,0.179168
2024-09-18 18:36:32,0.137552
2024-09-18 18:36:33,0.219264
2024-09-18 18:36:34,0.176616
2024-09-18 18:36:35,0.144472
2024-09-18 18:36:36,0.138888
2024-09-18 18:36:37,0.142552
2024-09-18 18:36:38,0.1852
2024-09-18 18:36:39,0.125704
2024-09-18 18:36:40,0.092728
2024-09-18 18:36:41,0.096704
2024-09-18 18:36:42,0.093
2024-09-18 18:36:43,0.140288
2024-09-18 18:36:44,0.13736
2024-09-18 18:36:45,0.1252
2024-09-18 18:36:46,0.14028
2024-09-18 18:36:47,0.110144
2024-09-18 18:36:48,0.111792
2024-09-18 18:36:49,0.101976
2024-09-18 18:36:50,0.10636
2024-09-18 18:36:51,0.104928
2024-09-18 18:36:52,0.122056
2024-09-18 18:36:53,0.100664
2024-09-18 18:36:54,0.106896
2024-09-18 18:36:55,0.113992
2024-09-18 18:36:56,0.209736
2024-09-18 18:36:57,0.171256
2024-09-18 18:36:58,0.04668
2024-09-18 18:36:59,0.033408
2024-09-18 18:37:00,0.036544
2024-09-18 18:37:01,0.054112
2024-09-18 18:37:02,0.010584
2024-09-18 18:37:03,0.00188
2024-09-18 18:37:04,0.00124
2024-09-18 18:37:05,0.002368
2024-09-18 18:37:06,0.00124
2024-09-18 18:37:07,0.00188
2024-09-18 18:37:08,0.00124
2024-09-18 18:37:09,0.002528
2024-09-18 18:37:10,0.000752
