time,mbps
2024-07-07 22:21:46,0.146904
2024-07-07 22:21:47,0.027984
2024-07-07 22:21:48,0.012584
2024-07-07 22:21:49,0.031608
2024-07-07 22:21:50,0.032392
2024-07-07 22:21:51,0.026808
2024-07-07 22:21:52,0.032584
2024-07-07 22:21:53,0.286792
2024-07-07 22:21:54,0.036984
2024-07-07 22:21:55,0.031136
2024-07-07 22:21:56,0.027784
2024-07-07 22:21:57,0.032112
2024-07-07 22:21:58,0.0312
2024-07-07 22:21:59,0.038736
2024-07-07 22:22:00,0.031536
2024-07-07 22:22:01,0.043552
2024-07-07 22:22:02,0.038784
2024-07-07 22:22:03,0.051936
2024-07-07 22:22:04,0.040712
2024-07-07 22:22:05,0.03436
2024-07-07 22:22:06,0.034256
2024-07-07 22:22:07,0.035696
2024-07-07 22:22:08,0.037016
2024-07-07 22:22:09,0.039216
2024-07-07 22:22:10,0.033568
2024-07-07 22:22:11,0.03376
2024-07-07 22:22:12,0.035672
2024-07-07 22:22:13,0.04004
2024-07-07 22:22:14,0.037256
2024-07-07 22:22:15,0.029632
2024-07-07 22:22:16,0.023504
2024-07-07 22:22:17,0.02236
2024-07-07 22:22:18,0.023904
2024-07-07 22:22:19,0.02636
2024-07-07 22:22:20,0.02548
2024-07-07 22:22:21,0.025552
2024-07-07 22:22:22,0.023904
2024-07-07 22:22:23,0.029552
2024-07-07 22:22:24,0.026192
2024-07-07 22:22:25,0.023552
2024-07-07 22:22:26,0.023096
2024-07-07 22:22:27,0.025552
2024-07-07 22:22:28,0.025192
2024-07-07 22:22:29,0.026552
2024-07-07 22:22:30,0.026696
2024-07-07 22:22:31,0.029144
2024-07-07 22:22:32,0.021008
2024-07-07 22:22:33,0.02336
2024-07-07 22:22:34,0.022808
2024-07-07 22:22:35,0.023576
2024-07-07 22:22:36,0.024712
2024-07-07 22:22:37,0.032144
2024-07-07 22:22:38,0.034568
2024-07-07 22:22:39,0.030456
2024-07-07 22:22:40,0.023192
2024-07-07 22:22:41,0.02536
2024-07-07 22:22:42,0.023192
2024-07-07 22:22:43,0.026552
2024-07-07 22:22:44,0.025
2024-07-07 22:22:45,0.029552
2024-07-07 22:22:46,0.024192
2024-07-07 22:22:47,0.025552
2024-07-07 22:22:48,0.026192
2024-07-07 22:22:49,0.027544
2024-07-07 22:22:50,0.024608
2024-07-07 22:22:51,0.027552
2024-07-07 22:22:52,0.027192
2024-07-07 22:22:53,0.027552
2024-07-07 22:22:54,0.024192
2024-07-07 22:22:55,0.027264
2024-07-07 22:22:56,0.025096
2024-07-07 22:22:57,0.030552
2024-07-07 22:22:58,0.025192
2024-07-07 22:22:59,0.029648
2024-07-07 22:23:00,0.025096
2024-07-07 22:23:01,0.030552
2024-07-07 22:23:02,0.026192
2024-07-07 22:23:03,0.028848
2024-07-07 22:23:04,0.02352
2024-07-07 22:23:05,0.026456
2024-07-07 22:23:06,0.029384
2024-07-07 22:23:07,0.030552
2024-07-07 22:23:08,0.029192
2024-07-07 22:23:09,0.029456
2024-07-07 22:23:10,0.028
2024-07-07 22:23:11,0.033552
2024-07-07 22:23:12,0.025192
2024-07-07 22:23:13,0.025064
2024-07-07 22:23:14,0.022416
2024-07-07 22:23:15,0.03224
2024-07-07 22:23:16,0.043376
2024-07-07 22:23:17,0.025976
2024-07-07 22:23:18,0.024904
2024-07-07 22:23:19,0.02816
2024-07-07 22:23:20,0.027904
2024-07-07 22:23:21,0.024584
2024-07-07 22:23:22,0.027
2024-07-07 22:23:23,0.025168
2024-07-07 22:23:24,0.027096
2024-07-07 22:23:25,0.026264
2024-07-07 22:23:26,0.026904
2024-07-07 22:23:27,0.027168
2024-07-07 22:23:28,0.025904
2024-07-07 22:23:29,0.11136
2024-07-07 22:23:30,0.140648
2024-07-07 22:23:31,0.069096
2024-07-07 22:23:32,0.058248
2024-07-07 22:23:33,0.063688
2024-07-07 22:23:34,0.064296
2024-07-07 22:23:35,0.060856
2024-07-07 22:23:36,0.058224
2024-07-07 22:23:37,0.068536
2024-07-07 22:23:38,0.059328
2024-07-07 22:23:39,0.083056
2024-07-07 22:23:40,0.067768
2024-07-07 22:23:41,0.082664
2024-07-07 22:23:42,0.063112
2024-07-07 22:23:43,0.097472
2024-07-07 22:23:44,0.062752
2024-07-07 22:23:45,0.0816
2024-07-07 22:23:46,0.092952
2024-07-07 22:23:47,0.119432
2024-07-07 22:23:48,0.069544
2024-07-07 22:23:49,0.104424
2024-07-07 22:23:50,0.100992
2024-07-07 22:23:51,0.097008
2024-07-07 22:23:52,0.088352
2024-07-07 22:23:53,0.096136
2024-07-07 22:23:54,0.096256
2024-07-07 22:23:55,0.17748
2024-07-07 22:23:56,0.108464
2024-07-07 22:23:57,0.10816
2024-07-07 22:23:58,0.083128
2024-07-07 22:23:59,0.086976
2024-07-07 22:24:00,0.103784
2024-07-07 22:24:01,0.139936
2024-07-07 22:24:02,0.099544
2024-07-07 22:24:03,0.097696
2024-07-07 22:24:04,0.111096
2024-07-07 22:24:05,0.11544
2024-07-07 22:24:06,0.158544
2024-07-07 22:24:07,0.129384
2024-07-07 22:24:08,0.141952
2024-07-07 22:24:09,0.158136
2024-07-07 22:24:10,0.164344
2024-07-07 22:24:11,0.120768
2024-07-07 22:24:12,0.124392
2024-07-07 22:24:13,0.09692
2024-07-07 22:24:14,0.099408
2024-07-07 22:24:15,0.114168
2024-07-07 22:24:16,0.094296
2024-07-07 22:24:17,0.12028
2024-07-07 22:24:18,0.155856
2024-07-07 22:24:19,0.11244
2024-07-07 22:24:20,0.14664
2024-07-07 22:24:21,0.109408
2024-07-07 22:24:22,0.109248
2024-07-07 22:24:23,0.129824
2024-07-07 22:24:24,0.159424
2024-07-07 22:24:25,0.118672
2024-07-07 22:24:26,0.134632
2024-07-07 22:24:27,0.150016
2024-07-07 22:24:28,0.11128
2024-07-07 22:24:29,0.136784
2024-07-07 22:24:30,0.179256
2024-07-07 22:24:31,0.117408
2024-07-07 22:24:32,0.094816
2024-07-07 22:24:33,0.15884
2024-07-07 22:24:34,0.128992
2024-07-07 22:24:35,0.125248
2024-07-07 22:24:36,0.131864
2024-07-07 22:24:37,0.13968
2024-07-07 22:24:38,0.113296
2024-07-07 22:24:39,0.144336
2024-07-07 22:24:40,0.131616
2024-07-07 22:24:41,0.117968
2024-07-07 22:24:42,0.135848
2024-07-07 22:24:43,0.166168
2024-07-07 22:24:44,0.131184
2024-07-07 22:24:45,0.10696
2024-07-07 22:24:46,0.121
2024-07-07 22:24:47,0.122104
2024-07-07 22:24:48,0.106744
2024-07-07 22:24:49,0.107184
2024-07-07 22:24:50,0.111872
2024-07-07 22:24:51,0.111384
2024-07-07 22:24:52,0.243904
2024-07-07 22:24:53,0.17188
2024-07-07 22:24:54,0.169864
2024-07-07 22:24:55,0.151408
2024-07-07 22:24:56,0.129672
2024-07-07 22:24:57,0.120272
2024-07-07 22:24:58,0.133392
2024-07-07 22:24:59,0.127232
2024-07-07 22:25:00,0.121064
2024-07-07 22:25:01,0.132864
2024-07-07 22:25:02,0.171944
2024-07-07 22:25:03,0.136416
2024-07-07 22:25:04,0.110216
2024-07-07 22:25:05,0.11096
2024-07-07 22:25:06,0.119216
2024-07-07 22:25:07,0.128288
2024-07-07 22:25:08,0.108952
2024-07-07 22:25:09,0.125496
2024-07-07 22:25:10,0.108144
2024-07-07 22:25:11,0.103232
2024-07-07 22:25:12,0.117824
2024-07-07 22:25:13,0.117272
2024-07-07 22:25:14,0.113384
2024-07-07 22:25:15,0.101816
2024-07-07 22:25:16,0.145328
2024-07-07 22:25:17,0.13848
2024-07-07 22:25:18,0.128824
2024-07-07 22:25:19,0.127536
2024-07-07 22:25:20,0.201224
2024-07-07 22:25:21,0.16192
2024-07-07 22:25:22,0.16364
2024-07-07 22:25:23,0.209136
2024-07-07 22:25:24,0.15608
2024-07-07 22:25:25,0.154296
2024-07-07 22:25:26,0.140488
2024-07-07 22:25:27,0.142784
2024-07-07 22:25:28,0.133704
2024-07-07 22:25:29,0.146752
2024-07-07 22:25:30,0.121376
2024-07-07 22:25:31,0.118792
2024-07-07 22:25:32,0.10908
2024-07-07 22:25:33,0.109672
2024-07-07 22:25:34,0.118576
2024-07-07 22:25:35,0.279072
2024-07-07 22:25:36,0.115832
2024-07-07 22:25:37,0.131688
2024-07-07 22:25:38,0.122064
2024-07-07 22:25:39,0.126896
2024-07-07 22:25:40,0.114088
2024-07-07 22:25:41,0.112072
2024-07-07 22:25:42,0.10424
2024-07-07 22:25:43,0.109664
2024-07-07 22:25:44,0.107752
2024-07-07 22:25:45,0.115424
2024-07-07 22:25:46,0.106304
2024-07-07 22:25:47,0.110744
2024-07-07 22:25:48,0.14016
2024-07-07 22:25:49,0.116024
2024-07-07 22:25:50,0.117656
2024-07-07 22:25:51,0.126904
2024-07-07 22:25:52,0.125128
2024-07-07 22:25:53,0.127176
2024-07-07 22:25:54,0.113672
2024-07-07 22:25:55,0.137352
2024-07-07 22:25:56,0.117528
2024-07-07 22:25:57,0.09176
2024-07-07 22:25:58,0.104376
2024-07-07 22:25:59,0.229872
2024-07-07 22:26:00,0.168024
2024-07-07 22:26:01,0.114736
2024-07-07 22:26:02,0.124296
2024-07-07 22:26:03,0.136776
2024-07-07 22:26:04,0.114248
2024-07-07 22:26:05,0.119088
2024-07-07 22:26:06,0.117848
2024-07-07 22:26:07,0.108808
2024-07-07 22:26:08,0.110712
2024-07-07 22:26:09,0.119456
2024-07-07 22:26:10,0.099664
2024-07-07 22:26:11,0.097168
2024-07-07 22:26:12,0.109248
2024-07-07 22:26:13,0.108032
2024-07-07 22:26:14,0.118768
2024-07-07 22:26:15,0.10008
2024-07-07 22:26:16,0.15284
2024-07-07 22:26:17,0.094088
2024-07-07 22:26:18,0.0998
2024-07-07 22:26:19,0.103024
2024-07-07 22:26:20,0.120424
2024-07-07 22:26:21,0.117192
2024-07-07 22:26:22,0.11092
2024-07-07 22:26:23,0.108896
2024-07-07 22:26:24,0.122808
2024-07-07 22:26:25,0.092264
2024-07-07 22:26:26,0.107696
2024-07-07 22:26:27,0.10684
2024-07-07 22:26:28,0.110072
2024-07-07 22:26:29,0.104632
2024-07-07 22:26:30,0.145912
2024-07-07 22:26:31,0.1136
2024-07-07 22:26:32,0.1388
2024-07-07 22:26:33,0.155208
2024-07-07 22:26:34,0.123208
2024-07-07 22:26:35,0.130576
2024-07-07 22:26:36,0.138304
2024-07-07 22:26:37,0.131416
2024-07-07 22:26:38,0.154424
2024-07-07 22:26:39,0.13516
2024-07-07 22:26:40,0.175504
2024-07-07 22:26:41,0.158568
2024-07-07 22:26:42,0.188104
2024-07-07 22:26:43,0.124488
2024-07-07 22:26:44,0.182928
2024-07-07 22:26:45,0.141224
2024-07-07 22:26:46,0.13528
2024-07-07 22:26:47,0.188184
2024-07-07 22:26:48,0.160704
2024-07-07 22:26:49,0.162064
2024-07-07 22:26:50,0.116656
2024-07-07 22:26:51,0.129488
2024-07-07 22:26:52,0.127216
2024-07-07 22:26:53,0.106016
2024-07-07 22:26:54,0.159232
2024-07-07 22:26:55,0.149616
2024-07-07 22:26:56,0.132464
2024-07-07 22:26:57,0.135456
2024-07-07 22:26:58,0.175888
2024-07-07 22:26:59,0.136904
2024-07-07 22:27:00,0.132528
2024-07-07 22:27:01,0.138432
2024-07-07 22:27:02,0.160312
2024-07-07 22:27:03,0.13608
2024-07-07 22:27:04,0.15884
2024-07-07 22:27:05,0.200424
2024-07-07 22:27:06,0.168896
2024-07-07 22:27:07,0.200744
2024-07-07 22:27:08,0.182408
2024-07-07 22:27:09,0.138392
2024-07-07 22:27:10,0.122216
2024-07-07 22:27:11,0.113936
2024-07-07 22:27:12,0.123152
2024-07-07 22:27:13,0.127128
2024-07-07 22:27:14,0.119928
2024-07-07 22:27:15,0.11332
2024-07-07 22:27:16,0.12036
2024-07-07 22:27:17,0.11872
2024-07-07 22:27:18,0.108624
2024-07-07 22:27:19,0.103504
2024-07-07 22:27:20,0.115496
2024-07-07 22:27:21,0.09432
2024-07-07 22:27:22,0.104248
2024-07-07 22:27:23,0.267088
2024-07-07 22:27:24,0.11388
2024-07-07 22:27:25,0.11572
2024-07-07 22:27:26,0.113952
2024-07-07 22:27:27,0.107304
2024-07-07 22:27:28,0.12232
2024-07-07 22:27:29,0.12404
2024-07-07 22:27:30,0.175952
2024-07-07 22:27:31,0.124272
2024-07-07 22:27:32,0.116984
2024-07-07 22:27:33,0.127408
2024-07-07 22:27:34,0.1356
2024-07-07 22:27:35,0.127952
2024-07-07 22:27:36,0.1314
2024-07-07 22:27:37,0.129728
2024-07-07 22:27:38,0.167384
2024-07-07 22:27:39,0.186672
2024-07-07 22:27:40,0.180304
2024-07-07 22:27:41,0.220456
2024-07-07 22:27:42,0.154208
2024-07-07 22:27:43,0.177312
2024-07-07 22:27:44,0.169672
2024-07-07 22:27:45,0.16192
2024-07-07 22:27:46,0.129256
2024-07-07 22:27:47,0.14324
2024-07-07 22:27:48,0.130528
2024-07-07 22:27:49,0.146784
2024-07-07 22:27:50,0.19936
2024-07-07 22:27:51,0.15324
2024-07-07 22:27:52,0.186144
2024-07-07 22:27:53,0.187152
2024-07-07 22:27:54,0.140784
2024-07-07 22:27:55,0.140456
2024-07-07 22:27:56,0.141344
2024-07-07 22:27:57,0.132912
2024-07-07 22:27:58,0.128584
2024-07-07 22:27:59,0.126376
2024-07-07 22:28:00,0.12992
2024-07-07 22:28:01,0.117288
2024-07-07 22:28:02,0.11912
2024-07-07 22:28:03,0.128536
2024-07-07 22:28:04,0.118376
2024-07-07 22:28:05,0.11336
2024-07-07 22:28:06,0.116096
2024-07-07 22:28:07,0.091776
2024-07-07 22:28:08,0.123416
2024-07-07 22:28:09,0.12576
2024-07-07 22:28:10,0.109272
2024-07-07 22:28:11,0.184872
2024-07-07 22:28:12,0.160104
2024-07-07 22:28:13,0.172928
2024-07-07 22:28:14,0.15088
2024-07-07 22:28:15,0.153336
2024-07-07 22:28:16,0.137008
2024-07-07 22:28:17,0.157168
2024-07-07 22:28:18,0.126528
2024-07-07 22:28:19,0.149056
2024-07-07 22:28:20,0.154648
2024-07-07 22:28:21,0.134344
2024-07-07 22:28:22,0.156056
2024-07-07 22:28:23,0.209328
2024-07-07 22:28:24,0.141232
2024-07-07 22:28:25,0.211704
2024-07-07 22:28:26,0.187552
2024-07-07 22:28:27,0.133632
2024-07-07 22:28:28,0.122064
2024-07-07 22:28:29,0.119656
2024-07-07 22:28:30,0.149056
2024-07-07 22:28:31,0.117704
2024-07-07 22:28:32,0.091736
2024-07-07 22:28:33,0.263248
2024-07-07 22:28:34,0.118232
2024-07-07 22:28:35,0.10836
2024-07-07 22:28:36,0.1126
2024-07-07 22:28:37,0.105232
2024-07-07 22:28:38,0.110728
2024-07-07 22:28:39,0.11024
2024-07-07 22:28:40,0.1128
2024-07-07 22:28:41,0.102024
2024-07-07 22:28:42,0.111536
2024-07-07 22:28:43,0.105392
2024-07-07 22:28:44,0.12728
2024-07-07 22:28:45,0.12928
2024-07-07 22:28:46,0.114968
2024-07-07 22:28:47,0.134224
2024-07-07 22:28:48,0.12228
2024-07-07 22:28:49,0.134192
2024-07-07 22:28:50,0.13488
2024-07-07 22:28:51,0.133352
2024-07-07 22:28:52,0.152016
2024-07-07 22:28:53,0.128072
2024-07-07 22:28:54,0.145232
2024-07-07 22:28:55,0.125896
2024-07-07 22:28:56,0.127528
2024-07-07 22:28:57,0.127992
2024-07-07 22:28:58,0.110912
2024-07-07 22:28:59,0.12484
2024-07-07 22:29:00,0.141184
2024-07-07 22:29:01,0.119168
2024-07-07 22:29:02,0.127072
2024-07-07 22:29:03,0.13044
2024-07-07 22:29:04,0.136144
2024-07-07 22:29:05,0.12808
2024-07-07 22:29:06,0.156888
2024-07-07 22:29:07,0.143784
2024-07-07 22:29:08,0.148024
2024-07-07 22:29:09,0.145896
2024-07-07 22:29:10,0.1908
2024-07-07 22:29:11,0.187032
2024-07-07 22:29:12,0.149712
2024-07-07 22:29:13,0.192536
2024-07-07 22:29:14,0.183272
2024-07-07 22:29:15,0.174712
2024-07-07 22:29:16,0.1624
2024-07-07 22:29:17,0.18516
2024-07-07 22:29:18,0.166776
2024-07-07 22:29:19,0.176168
2024-07-07 22:29:20,0.172912
2024-07-07 22:29:21,0.163464
2024-07-07 22:29:22,0.134032
2024-07-07 22:29:23,0.172008
2024-07-07 22:29:24,0.13704
2024-07-07 22:29:25,0.144168
2024-07-07 22:29:26,0.118432
2024-07-07 22:29:27,0.108912
2024-07-07 22:29:28,0.103728
2024-07-07 22:29:29,0.11772
2024-07-07 22:29:30,0.149432
2024-07-07 22:29:31,0.109792
2024-07-07 22:29:32,0.10164
2024-07-07 22:29:33,0.101808
2024-07-07 22:29:34,0.107704
2024-07-07 22:29:35,0.111864
2024-07-07 22:29:36,0.117664
2024-07-07 22:29:37,0.139072
2024-07-07 22:29:38,0.275496
2024-07-07 22:29:39,0.101456
2024-07-07 22:29:40,0.11508
2024-07-07 22:29:41,0.161288
2024-07-07 22:29:42,0.188712
2024-07-07 22:29:43,0.1632
2024-07-07 22:29:44,0.130752
2024-07-07 22:29:45,0.125712
2024-07-07 22:29:46,0.118584
2024-07-07 22:29:47,0.117056
2024-07-07 22:29:48,0.1074
2024-07-07 22:29:49,0.138232
2024-07-07 22:29:50,0.102176
2024-07-07 22:29:51,0.096536
2024-07-07 22:29:52,0.086168
2024-07-07 22:29:53,0.092736
2024-07-07 22:29:54,0.09576
2024-07-07 22:29:55,0.103144
2024-07-07 22:29:56,0.100216
2024-07-07 22:29:57,0.083376
2024-07-07 22:29:58,0.101672
2024-07-07 22:29:59,0.1156
2024-07-07 22:30:00,0.1252
2024-07-07 22:30:01,0.125472
2024-07-07 22:30:02,0.126312
2024-07-07 22:30:03,0.110192
2024-07-07 22:30:04,0.142592
2024-07-07 22:30:05,0.12464
2024-07-07 22:30:06,0.119936
2024-07-07 22:30:07,0.149576
2024-07-07 22:30:08,0.118984
2024-07-07 22:30:09,0.116168
2024-07-07 22:30:10,0.166688
2024-07-07 22:30:11,0.16076
2024-07-07 22:30:12,0.129672
2024-07-07 22:30:13,0.14652
2024-07-07 22:30:14,0.174624
2024-07-07 22:30:15,0.151472
2024-07-07 22:30:16,0.143168
2024-07-07 22:30:17,0.144224
2024-07-07 22:30:18,0.145208
2024-07-07 22:30:19,0.146632
2024-07-07 22:30:20,0.162552
2024-07-07 22:30:21,0.129216
2024-07-07 22:30:22,0.132512
2024-07-07 22:30:23,0.155984
2024-07-07 22:30:24,0.128864
2024-07-07 22:30:25,0.178224
2024-07-07 22:30:26,0.13596
2024-07-07 22:30:27,0.117904
2024-07-07 22:30:28,0.127976
2024-07-07 22:30:29,0.117408
2024-07-07 22:30:30,0.177712
2024-07-07 22:30:31,0.13456
2024-07-07 22:30:32,0.134392
2024-07-07 22:30:33,0.118352
2024-07-07 22:30:34,0.122408
2024-07-07 22:30:35,0.140296
2024-07-07 22:30:36,0.102128
2024-07-07 22:30:37,0.109232
2024-07-07 22:30:38,0.106552
2024-07-07 22:30:39,0.113136
2024-07-07 22:30:40,0.109952
2024-07-07 22:30:41,0.112456
2024-07-07 22:30:42,0.094808
2024-07-07 22:30:43,0.105864
2024-07-07 22:30:44,0.096256
2024-07-07 22:30:45,0.108496
2024-07-07 22:30:46,0.121344
2024-07-07 22:30:47,0.12104
2024-07-07 22:30:48,0.192584
2024-07-07 22:30:49,0.179408
2024-07-07 22:30:50,0.143328
2024-07-07 22:30:51,0.151752
2024-07-07 22:30:52,0.14304
2024-07-07 22:30:53,0.184456
2024-07-07 22:30:54,0.163608
2024-07-07 22:30:55,0.133512
2024-07-07 22:30:56,0.155112
2024-07-07 22:30:57,0.125488
2024-07-07 22:30:58,0.14824
2024-07-07 22:30:59,0.101752
2024-07-07 22:31:00,0.115448
2024-07-07 22:31:01,0.092336
2024-07-07 22:31:02,0.105152
2024-07-07 22:31:03,0.112496
2024-07-07 22:31:04,0.128712
2024-07-07 22:31:05,0.104248
2024-07-07 22:31:06,0.097592
2024-07-07 22:31:07,0.11256
2024-07-07 22:31:08,0.122344
2024-07-07 22:31:09,0.1258
2024-07-07 22:31:10,0.157504
2024-07-07 22:31:11,0.129912
2024-07-07 22:31:12,0.104768
2024-07-07 22:31:13,0.108304
2024-07-07 22:31:14,0.126808
2024-07-07 22:31:15,0.125088
2024-07-07 22:31:16,0.119296
2024-07-07 22:31:17,0.1132
2024-07-07 22:31:18,0.113496
2024-07-07 22:31:19,0.133568
2024-07-07 22:31:20,0.155664
2024-07-07 22:31:21,0.168632
2024-07-07 22:31:22,0.122824
2024-07-07 22:31:23,0.122072
2024-07-07 22:31:24,0.119936
2024-07-07 22:31:25,0.197888
2024-07-07 22:31:26,0.159008
2024-07-07 22:31:27,0.157576
2024-07-07 22:31:28,0.120608
2024-07-07 22:31:29,0.191424
2024-07-07 22:31:30,0.172336
2024-07-07 22:31:31,0.109856
2024-07-07 22:31:32,0.110456
2024-07-07 22:31:33,0.131792
2024-07-07 22:31:34,0.096544
2024-07-07 22:31:35,0.170304
2024-07-07 22:31:36,0.150728
2024-07-07 22:31:37,0.15952
2024-07-07 22:31:38,0.180808
2024-07-07 22:31:39,0.203632
2024-07-07 22:31:40,0.193272
2024-07-07 22:31:41,0.136104
2024-07-07 22:31:42,0.136768
2024-07-07 22:31:43,0.139856
2024-07-07 22:31:44,0.129592
2024-07-07 22:31:45,0.122232
2024-07-07 22:31:46,0.13492
2024-07-07 22:31:47,0.205104
2024-07-07 22:31:48,0.18204
2024-07-07 22:31:49,0.200088
2024-07-07 22:31:50,0.168104
2024-07-07 22:31:51,0.126464
2024-07-07 22:31:52,0.10948
2024-07-07 22:31:53,0.105968
2024-07-07 22:31:54,0.101832
2024-07-07 22:31:55,0.123624
2024-07-07 22:31:56,0.130792
2024-07-07 22:31:57,0.149136
2024-07-07 22:31:58,0.186752
2024-07-07 22:31:59,0.111584
2024-07-07 22:32:00,0.18128
2024-07-07 22:32:01,0.16284
2024-07-07 22:32:02,0.157168
2024-07-07 22:32:03,0.177368
2024-07-07 22:32:04,0.105304
2024-07-07 22:32:05,0.097664
2024-07-07 22:32:06,0.092504
2024-07-07 22:32:07,0.104176
2024-07-07 22:32:08,0.12776
2024-07-07 22:32:09,0.110096
2024-07-07 22:32:10,0.112144
2024-07-07 22:32:11,0.109872
2024-07-07 22:32:12,0.112688
2024-07-07 22:32:13,0.114008
2024-07-07 22:32:14,0.124128
2024-07-07 22:32:15,0.112352
2024-07-07 22:32:16,0.11372
2024-07-07 22:32:17,0.147984
2024-07-07 22:32:18,0.119096
2024-07-07 22:32:19,0.138672
2024-07-07 22:32:20,0.105256
2024-07-07 22:32:21,0.120232
2024-07-07 22:32:22,0.13176
2024-07-07 22:32:23,0.121504
2024-07-07 22:32:24,0.155064
2024-07-07 22:32:25,0.131264
2024-07-07 22:32:26,0.126752
2024-07-07 22:32:27,0.12532
2024-07-07 22:32:28,0.106736
2024-07-07 22:32:29,0.134024
2024-07-07 22:32:30,0.153152
2024-07-07 22:32:31,0.11412
2024-07-07 22:32:32,0.125936
2024-07-07 22:32:33,0.119984
2024-07-07 22:32:34,0.113912
2024-07-07 22:32:35,0.11036
2024-07-07 22:32:36,0.11156
2024-07-07 22:32:37,0.102184
2024-07-07 22:32:38,0.113584
2024-07-07 22:32:39,0.11036
2024-07-07 22:32:40,0.120656
2024-07-07 22:32:41,0.09372
2024-07-07 22:32:42,0.103624
2024-07-07 22:32:43,0.107936
2024-07-07 22:32:44,0.111176
2024-07-07 22:32:45,0.124496
2024-07-07 22:32:46,0.250056
2024-07-07 22:32:47,0.184688
2024-07-07 22:32:48,0.184944
2024-07-07 22:32:49,0.134104
2024-07-07 22:32:50,0.164136
2024-07-07 22:32:51,0.159904
2024-07-07 22:32:52,0.170408
2024-07-07 22:32:53,0.165592
2024-07-07 22:32:54,0.19752
2024-07-07 22:32:55,0.182392
2024-07-07 22:32:56,0.21584
2024-07-07 22:32:57,0.180232
2024-07-07 22:32:58,0.195104
2024-07-07 22:32:59,0.185736
2024-07-07 22:33:00,0.169224
2024-07-07 22:33:01,0.170952
2024-07-07 22:33:02,0.146128
2024-07-07 22:33:03,0.143504
2024-07-07 22:33:04,0.149368
2024-07-07 22:33:05,0.182072
2024-07-07 22:33:06,0.270344
2024-07-07 22:33:07,0.163184
2024-07-07 22:33:08,0.1554
2024-07-07 22:33:09,0.13348
2024-07-07 22:33:10,0.158928
2024-07-07 22:33:11,0.118632
2024-07-07 22:33:12,0.12348
2024-07-07 22:33:13,0.157792
2024-07-07 22:33:14,0.166768
2024-07-07 22:33:15,0.125056
2024-07-07 22:33:16,0.130376
2024-07-07 22:33:17,0.130072
2024-07-07 22:33:18,0.148904
2024-07-07 22:33:19,0.115488
2024-07-07 22:33:20,0.122392
2024-07-07 22:33:21,0.110984
2024-07-07 22:33:22,0.105928
2024-07-07 22:33:23,0.133568
2024-07-07 22:33:24,0.095824
2024-07-07 22:33:25,0.080344
2024-07-07 22:33:26,0.087032
2024-07-07 22:33:27,0.109864
2024-07-07 22:33:28,0.087592
2024-07-07 22:33:29,0.11464
2024-07-07 22:33:30,0.14344
2024-07-07 22:33:31,0.161616
2024-07-07 22:33:32,0.153016
2024-07-07 22:33:33,0.147216
2024-07-07 22:33:34,0.178256
2024-07-07 22:33:35,0.168872
2024-07-07 22:33:36,0.124368
2024-07-07 22:33:37,0.144512
2024-07-07 22:33:38,0.113344
2024-07-07 22:33:39,0.104456
2024-07-07 22:33:40,0.1066
2024-07-07 22:33:41,0.112768
2024-07-07 22:33:42,0.11468
2024-07-07 22:33:43,0.093664
2024-07-07 22:33:44,0.104808
2024-07-07 22:33:45,0.091416
2024-07-07 22:33:46,0.113912
2024-07-07 22:33:47,0.118808
2024-07-07 22:33:48,0.164488
2024-07-07 22:33:49,0.166544
2024-07-07 22:33:50,0.144888
2024-07-07 22:33:51,0.20628
2024-07-07 22:33:52,0.167864
2024-07-07 22:33:53,0.136336
2024-07-07 22:33:54,0.199696
2024-07-07 22:33:55,0.141984
2024-07-07 22:33:56,0.123504
2024-07-07 22:33:57,0.14404
2024-07-07 22:33:58,0.111496
2024-07-07 22:33:59,0.112208
2024-07-07 22:34:00,0.137744
2024-07-07 22:34:01,0.09412
2024-07-07 22:34:02,0.092328
2024-07-07 22:34:03,0.296376
2024-07-07 22:34:04,0.105072
2024-07-07 22:34:05,0.109928
2024-07-07 22:34:06,0.132624
2024-07-07 22:34:07,0.13708
2024-07-07 22:34:08,0.119208
2024-07-07 22:34:09,0.123656
2024-07-07 22:34:10,0.101176
2024-07-07 22:34:11,0.112624
2024-07-07 22:34:12,0.096816
2024-07-07 22:34:13,0.118088
2024-07-07 22:34:14,0.107712
2024-07-07 22:34:15,0.11552
2024-07-07 22:34:16,0.122528
2024-07-07 22:34:17,0.10196
2024-07-07 22:34:18,0.116176
2024-07-07 22:34:19,0.103984
2024-07-07 22:34:20,0.12636
2024-07-07 22:34:21,0.1416
2024-07-07 22:34:22,0.186
2024-07-07 22:34:23,0.213672
2024-07-07 22:34:24,0.218344
2024-07-07 22:34:25,0.220824
2024-07-07 22:34:26,0.178216
2024-07-07 22:34:27,0.184168
2024-07-07 22:34:28,0.188784
2024-07-07 22:34:29,0.19144
2024-07-07 22:34:30,0.173144
2024-07-07 22:34:31,0.17316
2024-07-07 22:34:32,0.264384
2024-07-07 22:34:33,0.207056
2024-07-07 22:34:34,0.144192
2024-07-07 22:34:35,0.160576
2024-07-07 22:34:36,0.139704
2024-07-07 22:34:37,0.134912
2024-07-07 22:34:38,0.16368
2024-07-07 22:34:39,0.175472
2024-07-07 22:34:40,0.111184
2024-07-07 22:34:41,0.15152
2024-07-07 22:34:42,0.1316
2024-07-07 22:34:43,0.14476
2024-07-07 22:34:44,0.116664
2024-07-07 22:34:45,0.112896
2024-07-07 22:34:46,0.110912
2024-07-07 22:34:47,0.111072
2024-07-07 22:34:48,0.10668
2024-07-07 22:34:49,0.101672
2024-07-07 22:34:50,0.09632
2024-07-07 22:34:51,0.109296
2024-07-07 22:34:52,0.10392
2024-07-07 22:34:53,0.100288
2024-07-07 22:34:54,0.097648
2024-07-07 22:34:55,0.118216
2024-07-07 22:34:56,0.119976
2024-07-07 22:34:57,0.11728
2024-07-07 22:34:58,0.12212
2024-07-07 22:34:59,0.118352
2024-07-07 22:35:00,0.136488
2024-07-07 22:35:01,0.129816
2024-07-07 22:35:02,0.105
2024-07-07 22:35:03,0.128272
2024-07-07 22:35:04,0.113608
2024-07-07 22:35:05,0.16376
2024-07-07 22:35:06,0.103392
2024-07-07 22:35:07,0.107656
2024-07-07 22:35:08,0.11988
2024-07-07 22:35:09,0.123336
2024-07-07 22:35:10,0.114152
2024-07-07 22:35:11,0.104648
2024-07-07 22:35:12,0.113832
2024-07-07 22:35:13,0.109792
2024-07-07 22:35:14,0.121136
2024-07-07 22:35:15,0.118872
2024-07-07 22:35:16,0.11152
2024-07-07 22:35:17,0.120976
2024-07-07 22:35:18,0.127
2024-07-07 22:35:19,0.107056
2024-07-07 22:35:20,0.127352
2024-07-07 22:35:21,0.104952
2024-07-07 22:35:22,0.106976
2024-07-07 22:35:23,0.12616
2024-07-07 22:35:24,0.119544
2024-07-07 22:35:25,0.106984
2024-07-07 22:35:26,0.122072
2024-07-07 22:35:27,0.132704
2024-07-07 22:35:28,0.122504
2024-07-07 22:35:29,0.11604
2024-07-07 22:35:30,0.16436
2024-07-07 22:35:31,0.129376
2024-07-07 22:35:32,0.135096
2024-07-07 22:35:33,0.185392
2024-07-07 22:35:34,0.128928
2024-07-07 22:35:35,0.150144
2024-07-07 22:35:36,0.11856
2024-07-07 22:35:37,0.131376
2024-07-07 22:35:38,0.119976
2024-07-07 22:35:39,0.098128
2024-07-07 22:35:40,0.1268
2024-07-07 22:35:41,0.11848
2024-07-07 22:35:42,0.107264
2024-07-07 22:35:43,0.119752
2024-07-07 22:35:44,0.129352
2024-07-07 22:35:45,0.110432
2024-07-07 22:35:46,0.109992
2024-07-07 22:35:47,0.10908
2024-07-07 22:35:48,0.095112
2024-07-07 22:35:49,0.138248
2024-07-07 22:35:50,0.1176
2024-07-07 22:35:51,0.117888
2024-07-07 22:35:52,0.117048
2024-07-07 22:35:53,0.146944
2024-07-07 22:35:54,0.222568
2024-07-07 22:35:55,0.188672
2024-07-07 22:35:56,0.198048
2024-07-07 22:35:57,0.205016
2024-07-07 22:35:58,0.261656
2024-07-07 22:35:59,0.280648
2024-07-07 22:36:00,0.24876
2024-07-07 22:36:01,0.183936
2024-07-07 22:36:02,0.162744
2024-07-07 22:36:03,0.14876
2024-07-07 22:36:04,0.185368
2024-07-07 22:36:05,0.154136
2024-07-07 22:36:06,0.120512
2024-07-07 22:36:07,0.108312
2024-07-07 22:36:08,0.103128
2024-07-07 22:36:09,0.11068
2024-07-07 22:36:10,0.11628
2024-07-07 22:36:11,0.104264
2024-07-07 22:36:12,0.110384
2024-07-07 22:36:13,0.127648
2024-07-07 22:36:14,0.133488
2024-07-07 22:36:15,0.161472
2024-07-07 22:36:16,0.109904
2024-07-07 22:36:17,0.13756
2024-07-07 22:36:18,0.10628
2024-07-07 22:36:19,0.120408
2024-07-07 22:36:20,0.110344
2024-07-07 22:36:21,0.139704
2024-07-07 22:36:22,0.095552
2024-07-07 22:36:23,0.096768
2024-07-07 22:36:24,0.11156
2024-07-07 22:36:25,0.121688
2024-07-07 22:36:26,0.105848
2024-07-07 22:36:27,0.1012
2024-07-07 22:36:28,0.106016
2024-07-07 22:36:29,0.117544
2024-07-07 22:36:30,0.162688
2024-07-07 22:36:31,0.308232
2024-07-07 22:36:32,0.106888
2024-07-07 22:36:33,0.09936
2024-07-07 22:36:34,0.137512
2024-07-07 22:36:35,0.140064
2024-07-07 22:36:36,0.128688
2024-07-07 22:36:37,0.143888
2024-07-07 22:36:38,0.174328
2024-07-07 22:36:39,0.155744
2024-07-07 22:36:40,0.1412
2024-07-07 22:36:41,0.122536
2024-07-07 22:36:42,0.107536
2024-07-07 22:36:43,0.123048
2024-07-07 22:36:44,0.12336
2024-07-07 22:36:45,0.147456
2024-07-07 22:36:46,0.146064
2024-07-07 22:36:47,0.141888
2024-07-07 22:36:48,0.136232
2024-07-07 22:36:49,0.13044
2024-07-07 22:36:50,0.123736
2024-07-07 22:36:51,0.119928
2024-07-07 22:36:52,0.09232
2024-07-07 22:36:53,0.121776
2024-07-07 22:36:54,0.114712
2024-07-07 22:36:55,0.144992
2024-07-07 22:36:56,0.13804
2024-07-07 22:36:57,0.14068
2024-07-07 22:36:58,0.160216
2024-07-07 22:36:59,0.13564
2024-07-07 22:37:00,0.18688
2024-07-07 22:37:01,0.135872
2024-07-07 22:37:02,0.122272
2024-07-07 22:37:03,0.145152
2024-07-07 22:37:04,0.12544
2024-07-07 22:37:05,0.103968
2024-07-07 22:37:06,0.114688
2024-07-07 22:37:07,0.106776
2024-07-07 22:37:08,0.139272
2024-07-07 22:37:09,0.124264
2024-07-07 22:37:10,0.149368
2024-07-07 22:37:11,0.220544
2024-07-07 22:37:12,0.144408
2024-07-07 22:37:13,0.18656
2024-07-07 22:37:14,0.131672
2024-07-07 22:37:15,0.126368
2024-07-07 22:37:16,0.160416
2024-07-07 22:37:17,0.146584
2024-07-07 22:37:18,0.1414
2024-07-07 22:37:19,0.186432
2024-07-07 22:37:20,0.175672
2024-07-07 22:37:21,0.230088
2024-07-07 22:37:22,0.1674
2024-07-07 22:37:23,0.164784
2024-07-07 22:37:24,0.169976
2024-07-07 22:37:25,0.160672
2024-07-07 22:37:26,0.219952
2024-07-07 22:37:27,0.14164
2024-07-07 22:37:28,0.203968
2024-07-07 22:37:29,0.200224
2024-07-07 22:37:30,0.153032
2024-07-07 22:37:31,0.086448
2024-07-07 22:37:32,0.113824
2024-07-07 22:37:33,0.112328
2024-07-07 22:37:34,0.161096
2024-07-07 22:37:35,0.132656
2024-07-07 22:37:36,0.120272
2024-07-07 22:37:37,0.130056
2024-07-07 22:37:38,0.149416
2024-07-07 22:37:39,0.129456
2024-07-07 22:37:40,0.164264
2024-07-07 22:37:41,0.117832
2024-07-07 22:37:42,0.146328
2024-07-07 22:37:43,0.173232
2024-07-07 22:37:44,0.1662
2024-07-07 22:37:45,0.144504
2024-07-07 22:37:46,0.174488
2024-07-07 22:37:47,0.090824
2024-07-07 22:37:48,0.109168
2024-07-07 22:37:49,0.096272
2024-07-07 22:37:50,0.097904
2024-07-07 22:37:51,0.106736
2024-07-07 22:37:52,0.10808
2024-07-07 22:37:53,0.109208
2024-07-07 22:37:54,0.085752
2024-07-07 22:37:55,0.084208
2024-07-07 22:37:56,0.091816
2024-07-07 22:37:57,0.091568
2024-07-07 22:37:58,0.114368
2024-07-07 22:37:59,0.097096
2024-07-07 22:38:00,0.129456
2024-07-07 22:38:01,0.12648
2024-07-07 22:38:02,0.121392
2024-07-07 22:38:03,0.109592
2024-07-07 22:38:04,0.125952
2024-07-07 22:38:05,0.116944
2024-07-07 22:38:06,0.129336
2024-07-07 22:38:07,0.126568
2024-07-07 22:38:08,0.171752
2024-07-07 22:38:09,0.194392
2024-07-07 22:38:10,0.142696
2024-07-07 22:38:11,0.181376
2024-07-07 22:38:12,0.183928
2024-07-07 22:38:13,0.150368
2024-07-07 22:38:14,0.180768
2024-07-07 22:38:15,0.156368
2024-07-07 22:38:16,0.170288
2024-07-07 22:38:17,0.215952
2024-07-07 22:38:18,0.152488
2024-07-07 22:38:19,0.1818
2024-07-07 22:38:20,0.1282
2024-07-07 22:38:21,0.155952
2024-07-07 22:38:22,0.147264
2024-07-07 22:38:23,0.138736
2024-07-07 22:38:24,0.173616
2024-07-07 22:38:25,0.188336
2024-07-07 22:38:26,0.137912
2024-07-07 22:38:27,0.150496
2024-07-07 22:38:28,0.206232
2024-07-07 22:38:29,0.13684
2024-07-07 22:38:30,0.174848
2024-07-07 22:38:31,0.184064
2024-07-07 22:38:32,0.151024
2024-07-07 22:38:33,0.231192
2024-07-07 22:38:34,0.186824
2024-07-07 22:38:35,0.140248
2024-07-07 22:38:36,0.149216
2024-07-07 22:38:37,0.150424
2024-07-07 22:38:38,0.119032
2024-07-07 22:38:39,0.094488
2024-07-07 22:38:40,0.165872
2024-07-07 22:38:41,0.1442
2024-07-07 22:38:42,0.130624
2024-07-07 22:38:43,0.133632
2024-07-07 22:38:44,0.120024
2024-07-07 22:38:45,0.135792
2024-07-07 22:38:46,0.124016
2024-07-07 22:38:47,0.106576
2024-07-07 22:38:48,0.091624
2024-07-07 22:38:49,0.099752
2024-07-07 22:38:50,0.120376
2024-07-07 22:38:51,0.116824
2024-07-07 22:38:52,0.147
2024-07-07 22:38:53,0.143832
2024-07-07 22:38:54,0.108272
2024-07-07 22:38:55,0.086272
2024-07-07 22:38:56,0.1508
2024-07-07 22:38:57,0.115072
2024-07-07 22:38:58,0.0972
2024-07-07 22:38:59,0.10516
2024-07-07 22:39:00,0.105904
2024-07-07 22:39:01,0.101408
2024-07-07 22:39:02,0.091976
2024-07-07 22:39:03,0.101368
2024-07-07 22:39:04,0.089344
2024-07-07 22:39:05,0.099384
2024-07-07 22:39:06,0.12456
2024-07-07 22:39:07,0.12128
2024-07-07 22:39:08,0.164864
2024-07-07 22:39:09,0.136096
2024-07-07 22:39:10,0.13588
2024-07-07 22:39:11,0.149832
2024-07-07 22:39:12,0.202072
2024-07-07 22:39:13,0.208088
2024-07-07 22:39:14,0.156088
2024-07-07 22:39:15,0.168904
2024-07-07 22:39:16,0.134664
2024-07-07 22:39:17,0.119128
2024-07-07 22:39:18,0.134608
2024-07-07 22:39:19,0.124248
2024-07-07 22:39:20,0.123496
2024-07-07 22:39:21,0.129256
2024-07-07 22:39:22,0.125912
2024-07-07 22:39:23,0.115496
2024-07-07 22:39:24,0.139552
2024-07-07 22:39:25,0.145136
2024-07-07 22:39:26,0.141648
2024-07-07 22:39:27,0.220272
2024-07-07 22:39:28,0.19896
2024-07-07 22:39:29,0.204784
2024-07-07 22:39:30,0.17452
2024-07-07 22:39:31,0.130424
2024-07-07 22:39:32,0.120848
2024-07-07 22:39:33,0.124504
2024-07-07 22:39:34,0.124448
2024-07-07 22:39:35,0.129968
2024-07-07 22:39:36,0.124056
2024-07-07 22:39:37,0.139688
2024-07-07 22:39:38,0.126952
2024-07-07 22:39:39,0.155328
2024-07-07 22:39:40,0.112752
2024-07-07 22:39:41,0.116864
2024-07-07 22:39:42,0.108096
2024-07-07 22:39:43,0.12984
2024-07-07 22:39:44,0.137696
2024-07-07 22:39:45,0.12072
2024-07-07 22:39:46,0.125344
2024-07-07 22:39:47,0.162624
2024-07-07 22:39:48,0.119104
2024-07-07 22:39:49,0.12676
2024-07-07 22:39:50,0.155976
2024-07-07 22:39:51,0.114624
2024-07-07 22:39:52,0.101184
2024-07-07 22:39:53,0.132488
2024-07-07 22:39:54,0.115656
2024-07-07 22:39:55,0.125784
2024-07-07 22:39:56,0.102584
2024-07-07 22:39:57,0.11872
2024-07-07 22:39:58,0.101824
2024-07-07 22:39:59,0.105248
2024-07-07 22:40:00,0.127712
2024-07-07 22:40:01,0.125096
2024-07-07 22:40:02,0.141784
2024-07-07 22:40:03,0.12212
2024-07-07 22:40:04,0.132296
2024-07-07 22:40:05,0.301504
2024-07-07 22:40:06,0.147544
2024-07-07 22:40:07,0.136056
2024-07-07 22:40:08,0.149896
2024-07-07 22:40:09,0.158504
2024-07-07 22:40:10,0.150936
2024-07-07 22:40:11,0.131152
2024-07-07 22:40:12,0.14284
2024-07-07 22:40:13,0.168816
2024-07-07 22:40:14,0.200976
2024-07-07 22:40:15,0.188488
2024-07-07 22:40:16,0.171296
2024-07-07 22:40:17,0.159608
2024-07-07 22:40:18,0.142344
2024-07-07 22:40:19,0.204664
2024-07-07 22:40:20,0.152384
2024-07-07 22:40:21,0.134512
2024-07-07 22:40:22,0.173256
2024-07-07 22:40:23,0.1914
2024-07-07 22:40:24,0.148392
2024-07-07 22:40:25,0.134072
2024-07-07 22:40:26,0.151672
2024-07-07 22:40:27,0.15376
2024-07-07 22:40:28,0.132368
2024-07-07 22:40:29,0.130376
2024-07-07 22:40:30,0.187184
2024-07-07 22:40:31,0.126672
2024-07-07 22:40:32,0.124232
2024-07-07 22:40:33,0.119408
2024-07-07 22:40:34,0.15816
2024-07-07 22:40:35,0.207192
2024-07-07 22:40:36,0.167464
2024-07-07 22:40:37,0.17072
2024-07-07 22:40:38,0.142136
2024-07-07 22:40:39,0.162496
2024-07-07 22:40:40,0.156888
2024-07-07 22:40:41,0.144008
2024-07-07 22:40:42,0.156952
2024-07-07 22:40:43,0.132904
2024-07-07 22:40:44,0.156328
2024-07-07 22:40:45,0.125736
2024-07-07 22:40:46,0.115328
2024-07-07 22:40:47,0.108656
2024-07-07 22:40:48,0.107584
2024-07-07 22:40:49,0.106672
2024-07-07 22:40:50,0.116912
2024-07-07 22:40:51,0.17728
2024-07-07 22:40:52,0.191936
2024-07-07 22:40:53,0.255032
2024-07-07 22:40:54,0.168944
2024-07-07 22:40:55,0.186368
2024-07-07 22:40:56,0.236688
2024-07-07 22:40:57,0.16628
2024-07-07 22:40:58,0.152736
2024-07-07 22:40:59,0.154512
2024-07-07 22:41:00,0.151208
2024-07-07 22:41:01,0.147024
2024-07-07 22:41:02,0.166544
2024-07-07 22:41:03,0.154856
2024-07-07 22:41:04,0.192936
2024-07-07 22:41:05,0.140528
2024-07-07 22:41:06,0.1348
2024-07-07 22:41:07,0.113992
2024-07-07 22:41:08,0.118472
2024-07-07 22:41:09,0.153896
2024-07-07 22:41:10,0.11544
2024-07-07 22:41:11,0.138872
2024-07-07 22:41:12,0.08892
2024-07-07 22:41:13,0.100288
2024-07-07 22:41:14,0.07492
2024-07-07 22:41:15,0.087592
2024-07-07 22:41:16,0.061992
2024-07-07 22:41:17,0.001392
2024-07-07 22:41:18,0.00124
2024-07-07 22:41:19,0.005568
2024-07-07 22:43:38,0.008976
2024-07-07 22:43:39,0.150552
2024-07-07 22:43:40,0.018648
2024-07-07 22:43:41,0.046224
2024-07-07 22:43:42,0.040792
2024-07-07 22:43:43,0.031184
2024-07-07 22:43:44,0.268192
2024-07-07 22:43:45,0.036824
2024-07-07 22:43:46,0.032248
2024-07-07 22:43:47,0.036528
2024-07-07 22:43:48,0.034416
2024-07-07 22:43:49,0.037728
2024-07-07 22:43:50,0.035704
2024-07-07 22:43:51,0.034896
2024-07-07 22:43:52,0.038392
2024-07-07 22:43:53,0.037104
2024-07-07 22:43:54,0.031568
2024-07-07 22:43:55,0.034008
2024-07-07 22:43:56,0.032472
2024-07-07 22:43:57,0.046664
2024-07-07 22:43:58,0.044936
2024-07-07 22:43:59,0.040512
2024-07-07 22:44:00,0.03948
2024-07-07 22:44:01,0.05864
2024-07-07 22:44:02,0.035024
2024-07-07 22:44:03,0.033592
2024-07-07 22:44:04,0.032816
2024-07-07 22:44:05,0.226288
2024-07-07 22:44:06,0.069072
2024-07-07 22:44:07,0.06764
2024-07-07 22:44:08,0.063744
2024-07-07 22:44:09,0.058472
2024-07-07 22:44:10,0.070712
2024-07-07 22:44:11,0.065912
2024-07-07 22:44:12,0.070944
2024-07-07 22:44:13,0.064712
2024-07-07 22:44:14,0.076344
2024-07-07 22:44:15,0.080592
2024-07-07 22:44:16,0.086744
2024-07-07 22:44:17,0.073592
2024-07-07 22:44:18,0.108976
2024-07-07 22:44:19,0.114584
2024-07-07 22:44:20,0.107872
2024-07-07 22:44:21,0.093288
2024-07-07 22:44:22,0.088304
2024-07-07 22:44:23,0.078632
2024-07-07 22:44:24,0.083728
2024-07-07 22:44:25,0.097016
2024-07-07 22:44:26,0.093216
2024-07-07 22:44:27,0.086768
2024-07-07 22:44:28,0.087456
2024-07-07 22:44:29,0.149648
2024-07-07 22:44:30,0.08104
2024-07-07 22:44:31,0.096696
2024-07-07 22:44:32,0.108808
2024-07-07 22:44:33,0.163368
2024-07-07 22:44:34,0.132112
2024-07-07 22:44:35,0.110928
2024-07-07 22:44:36,0.136672
2024-07-07 22:44:37,0.112728
2024-07-07 22:44:38,0.163584
2024-07-07 22:44:39,0.136
2024-07-07 22:44:40,0.176624
2024-07-07 22:44:41,0.105032
2024-07-07 22:44:42,0.123184
2024-07-07 22:44:43,0.135864
2024-07-07 22:44:44,0.11184
2024-07-07 22:44:45,0.124248
2024-07-07 22:44:46,0.124808
2024-07-07 22:44:47,0.106576
2024-07-07 22:44:48,0.096496
2024-07-07 22:44:49,0.098072
2024-07-07 22:44:50,0.097032
2024-07-07 22:44:51,0.101792
2024-07-07 22:44:52,0.129864
2024-07-07 22:44:53,0.13916
2024-07-07 22:44:54,0.119904
2024-07-07 22:44:55,0.149504
2024-07-07 22:44:56,0.098272
2024-07-07 22:44:57,0.097416
2024-07-07 22:44:58,0.10296
2024-07-07 22:44:59,0.09892
2024-07-07 22:45:00,0.097896
2024-07-07 22:45:01,0.125472
2024-07-07 22:45:02,0.161296
2024-07-07 22:45:03,0.135144
2024-07-07 22:45:04,0.160504
2024-07-07 22:45:05,0.216056
2024-07-07 22:45:06,0.183512
2024-07-07 22:45:07,0.146352
2024-07-07 22:45:08,0.130704
2024-07-07 22:45:09,0.161616
2024-07-07 22:45:10,0.1448
2024-07-07 22:45:11,0.133792
2024-07-07 22:45:12,0.145008
2024-07-07 22:45:13,0.124672
2024-07-07 22:45:14,0.11764
2024-07-07 22:45:15,0.138048
2024-07-07 22:45:16,0.162672
2024-07-07 22:45:17,0.143832
2024-07-07 22:45:18,0.138184
2024-07-07 22:45:19,0.13924
2024-07-07 22:45:20,0.141
2024-07-07 22:45:21,0.106416
2024-07-07 22:45:22,0.133936
2024-07-07 22:45:23,0.105712
2024-07-07 22:45:24,0.118208
2024-07-07 22:45:25,0.1256
2024-07-07 22:45:26,0.11996
2024-07-07 22:45:27,0.115896
2024-07-07 22:45:28,0.113152
2024-07-07 22:45:29,0.135248
2024-07-07 22:45:30,0.117768
2024-07-07 22:45:31,0.127528
2024-07-07 22:45:32,0.130688
2024-07-07 22:45:33,0.130376
2024-07-07 22:45:34,0.119232
2024-07-07 22:45:35,0.121576
2024-07-07 22:45:36,0.125976
2024-07-07 22:45:37,0.125168
2024-07-07 22:45:38,0.130176
2024-07-07 22:45:39,0.131104
2024-07-07 22:45:40,0.158696
2024-07-07 22:45:41,0.135792
2024-07-07 22:45:42,0.129016
2024-07-07 22:45:43,0.15924
2024-07-07 22:45:44,0.2272
2024-07-07 22:45:45,0.21056
2024-07-07 22:45:46,0.20664
2024-07-07 22:45:47,0.158152
2024-07-07 22:45:48,0.196216
2024-07-07 22:45:49,0.163568
2024-07-07 22:45:50,0.188464
2024-07-07 22:45:51,0.118032
2024-07-07 22:45:52,0.119536
2024-07-07 22:45:53,0.099112
2024-07-07 22:45:54,0.107048
2024-07-07 22:45:55,0.107072
2024-07-07 22:45:56,0.116976
2024-07-07 22:45:57,0.110336
2024-07-07 22:45:58,0.102056
2024-07-07 22:45:59,0.108656
2024-07-07 22:46:00,0.102064
2024-07-07 22:46:01,0.10848
2024-07-07 22:46:02,0.139344
2024-07-07 22:46:03,0.129504
2024-07-07 22:46:04,0.130328
2024-07-07 22:46:05,0.167976
2024-07-07 22:46:06,0.131088
2024-07-07 22:46:07,0.138512
2024-07-07 22:46:08,0.151544
2024-07-07 22:46:09,0.12824
2024-07-07 22:46:10,0.105024
2024-07-07 22:46:11,0.111304
2024-07-07 22:46:12,0.135264
2024-07-07 22:46:13,0.131232
2024-07-07 22:46:14,0.143768
2024-07-07 22:46:15,0.143992
2024-07-07 22:46:16,0.155248
2024-07-07 22:46:17,0.18984
2024-07-07 22:46:18,0.17104
2024-07-07 22:46:19,0.125488
2024-07-07 22:46:20,0.116088
2024-07-07 22:46:21,0.108216
2024-07-07 22:46:22,0.122032
2024-07-07 22:46:23,0.113872
2024-07-07 22:46:24,0.141872
2024-07-07 22:46:25,0.119888
2024-07-07 22:46:26,0.091952
2024-07-07 22:46:27,0.146176
2024-07-07 22:46:28,0.124768
2024-07-07 22:46:29,0.130984
2024-07-07 22:46:30,0.099096
2024-07-07 22:46:31,0.112464
2024-07-07 22:46:32,0.116664
2024-07-07 22:46:33,0.142552
2024-07-07 22:46:34,0.127288
2024-07-07 22:46:35,0.139608
2024-07-07 22:46:36,0.135376
2024-07-07 22:46:37,0.122024
2024-07-07 22:46:38,0.133184
2024-07-07 22:46:39,0.131744
2024-07-07 22:46:40,0.158944
2024-07-07 22:46:41,0.134632
2024-07-07 22:46:42,0.13948
2024-07-07 22:46:43,0.130384
2024-07-07 22:46:44,0.200416
2024-07-07 22:46:45,0.1716
2024-07-07 22:46:46,0.17188
2024-07-07 22:46:47,0.152912
2024-07-07 22:46:48,0.175808
2024-07-07 22:46:49,0.14156
2024-07-07 22:46:50,0.206392
2024-07-07 22:46:51,0.140576
2024-07-07 22:46:52,0.12316
2024-07-07 22:46:53,0.129456
2024-07-07 22:46:54,0.133632
2024-07-07 22:46:55,0.13856
2024-07-07 22:46:56,0.12824
2024-07-07 22:46:57,0.120672
2024-07-07 22:46:58,0.110024
2024-07-07 22:46:59,0.128224
2024-07-07 22:47:00,0.134488
2024-07-07 22:47:01,0.12904
2024-07-07 22:47:02,0.119288
2024-07-07 22:47:03,0.111296
2024-07-07 22:47:04,0.116008
2024-07-07 22:47:05,0.180248
2024-07-07 22:47:06,0.136632
2024-07-07 22:47:07,0.128408
2024-07-07 22:47:08,0.146432
2024-07-07 22:47:09,0.113648
2024-07-07 22:47:10,0.126264
2024-07-07 22:47:11,0.11188
2024-07-07 22:47:12,0.101936
2024-07-07 22:47:13,0.104984
2024-07-07 22:47:14,0.114832
2024-07-07 22:47:15,0.0944
2024-07-07 22:47:16,0.106648
2024-07-07 22:47:17,0.118752
2024-07-07 22:47:18,0.112176
2024-07-07 22:47:19,0.162688
2024-07-07 22:47:20,0.162872
2024-07-07 22:47:21,0.193512
2024-07-07 22:47:22,0.198328
2024-07-07 22:47:23,0.158544
2024-07-07 22:47:24,0.152864
2024-07-07 22:47:25,0.137232
2024-07-07 22:47:26,0.14276
2024-07-07 22:47:27,0.147048
2024-07-07 22:47:28,0.13412
2024-07-07 22:47:29,0.11672
2024-07-07 22:47:30,0.123272
2024-07-07 22:47:31,0.128424
2024-07-07 22:47:32,0.146344
2024-07-07 22:47:33,0.1788
2024-07-07 22:47:34,0.13396
2024-07-07 22:47:35,0.148688
2024-07-07 22:47:36,0.151816
2024-07-07 22:47:37,0.145552
2024-07-07 22:47:38,0.118416
2024-07-07 22:47:39,0.083576
2024-07-07 22:47:40,0.076392
2024-07-07 22:47:41,0.111088
2024-07-07 22:47:42,0.108688
2024-07-07 22:47:43,0.11568
2024-07-07 22:47:44,0.134296
2024-07-07 22:47:45,0.130968
2024-07-07 22:47:46,0.120624
2024-07-07 22:47:47,0.125584
2024-07-07 22:47:48,0.13368
2024-07-07 22:47:49,0.109712
2024-07-07 22:47:50,0.13456
2024-07-07 22:47:51,0.107344
2024-07-07 22:47:52,0.128608
2024-07-07 22:47:53,0.116112
2024-07-07 22:47:54,0.139064
2024-07-07 22:47:55,0.13344
2024-07-07 22:47:56,0.146728
2024-07-07 22:47:57,0.137696
2024-07-07 22:47:58,0.178376
2024-07-07 22:47:59,0.154536
2024-07-07 22:48:00,0.14272
2024-07-07 22:48:01,0.154968
2024-07-07 22:48:02,0.134016
2024-07-07 22:48:03,0.17536
2024-07-07 22:48:04,0.139376
2024-07-07 22:48:05,0.172832
2024-07-07 22:48:06,0.170288
2024-07-07 22:48:07,0.131752
2024-07-07 22:48:08,0.191992
2024-07-07 22:48:09,0.112392
2024-07-07 22:48:10,0.132384
2024-07-07 22:48:11,0.124336
2024-07-07 22:48:12,0.143304
2024-07-07 22:48:13,0.141736
2024-07-07 22:48:14,0.116664
2024-07-07 22:48:15,0.103376
2024-07-07 22:48:16,0.106688
2024-07-07 22:48:17,0.10512
2024-07-07 22:48:18,0.107816
2024-07-07 22:48:19,0.105216
2024-07-07 22:48:20,0.09476
2024-07-07 22:48:21,0.11908
2024-07-07 22:48:22,0.10556
2024-07-07 22:48:23,0.118656
2024-07-07 22:48:24,0.107456
2024-07-07 22:48:25,0.1156
2024-07-07 22:48:26,0.127736
2024-07-07 22:48:27,0.121656
2024-07-07 22:48:28,0.118384
2024-07-07 22:48:29,0.105048
2024-07-07 22:48:30,0.12396
2024-07-07 22:48:31,0.120728
2024-07-07 22:48:32,0.122344
2024-07-07 22:48:33,0.121776
2024-07-07 22:48:34,0.138232
2024-07-07 22:48:35,0.121856
2024-07-07 22:48:36,0.133304
2024-07-07 22:48:37,0.159736
2024-07-07 22:48:38,0.149656
2024-07-07 22:48:39,0.130088
2024-07-07 22:48:40,0.142632
2024-07-07 22:48:41,0.181616
2024-07-07 22:48:42,0.145672
2024-07-07 22:48:43,0.153624
2024-07-07 22:48:44,0.126336
2024-07-07 22:48:45,0.115272
2024-07-07 22:48:46,0.155704
2024-07-07 22:48:47,0.160864
2024-07-07 22:48:48,0.16752
2024-07-07 22:48:49,0.142864
2024-07-07 22:48:50,0.108568
2024-07-07 22:48:51,0.12264
2024-07-07 22:48:52,0.133904
2024-07-07 22:48:53,0.11308
2024-07-07 22:48:54,0.113456
2024-07-07 22:48:55,0.162232
2024-07-07 22:48:56,0.108968
2024-07-07 22:48:57,0.13256
2024-07-07 22:48:58,0.133928
2024-07-07 22:48:59,0.14188
2024-07-07 22:49:00,0.125008
2024-07-07 22:49:01,0.156896
2024-07-07 22:49:02,0.129528
2024-07-07 22:49:03,0.118256
2024-07-07 22:49:04,0.111992
2024-07-07 22:49:05,0.12568
2024-07-07 22:49:06,0.095824
2024-07-07 22:49:07,0.119384
2024-07-07 22:49:08,0.132896
2024-07-07 22:49:09,0.129728
2024-07-07 22:49:10,0.122896
2024-07-07 22:49:11,0.120328
2024-07-07 22:49:12,0.11348
2024-07-07 22:49:13,0.136288
2024-07-07 22:49:14,0.112584
2024-07-07 22:49:15,0.133808
2024-07-07 22:49:16,0.113224
2024-07-07 22:49:17,0.137368
2024-07-07 22:49:18,0.143976
2024-07-07 22:49:19,0.119288
2024-07-07 22:49:20,0.129416
2024-07-07 22:49:21,0.140928
2024-07-07 22:49:22,0.16892
2024-07-07 22:49:23,0.143832
2024-07-07 22:49:24,0.137048
2024-07-07 22:49:25,0.185552
2024-07-07 22:49:26,0.21912
2024-07-07 22:49:27,0.2496
2024-07-07 22:49:28,0.235776
2024-07-07 22:49:29,0.222648
2024-07-07 22:49:30,0.163528
2024-07-07 22:49:31,0.159576
2024-07-07 22:49:32,0.157096
2024-07-07 22:49:33,0.124896
2024-07-07 22:49:34,0.126368
2024-07-07 22:49:35,0.122416
2024-07-07 22:49:36,0.120568
2024-07-07 22:49:37,0.12348
2024-07-07 22:49:38,0.139624
2024-07-07 22:49:39,0.159392
2024-07-07 22:49:40,0.119224
2024-07-07 22:49:41,0.114504
2024-07-07 22:49:42,0.101792
2024-07-07 22:49:43,0.093936
2024-07-07 22:49:44,0.0902
2024-07-07 22:49:45,0.10124
2024-07-07 22:49:46,0.113688
2024-07-07 22:49:47,0.151888
2024-07-07 22:49:48,0.15492
2024-07-07 22:49:49,0.132
2024-07-07 22:49:50,0.102976
2024-07-07 22:49:51,0.095496
2024-07-07 22:49:52,0.102016
2024-07-07 22:49:53,0.102552
2024-07-07 22:49:54,0.115144
2024-07-07 22:49:55,0.108984
2024-07-07 22:49:56,0.107856
2024-07-07 22:49:57,0.10748
2024-07-07 22:49:58,0.117888
2024-07-07 22:49:59,0.099776
2024-07-07 22:50:00,0.097984
2024-07-07 22:50:01,0.106816
2024-07-07 22:50:02,0.097056
2024-07-07 22:50:03,0.101184
2024-07-07 22:50:04,0.086496
2024-07-07 22:50:05,0.125664
2024-07-07 22:50:06,0.113424
2024-07-07 22:50:07,0.129336
2024-07-07 22:50:08,0.130696
2024-07-07 22:50:09,0.15088
2024-07-07 22:50:10,0.149408
2024-07-07 22:50:11,0.184744
2024-07-07 22:50:12,0.22256
2024-07-07 22:50:13,0.171008
2024-07-07 22:50:14,0.153616
2024-07-07 22:50:15,0.169592
2024-07-07 22:50:16,0.173096
2024-07-07 22:50:17,0.162736
2024-07-07 22:50:18,0.193392
2024-07-07 22:50:19,0.1664
2024-07-07 22:50:20,0.202928
2024-07-07 22:50:21,0.142976
2024-07-07 22:50:22,0.19024
2024-07-07 22:50:23,0.149296
2024-07-07 22:50:24,0.142432
2024-07-07 22:50:25,0.140792
2024-07-07 22:50:26,0.148992
2024-07-07 22:50:27,0.151776
2024-07-07 22:50:28,0.111432
2024-07-07 22:50:29,0.117
2024-07-07 22:50:30,0.1142
2024-07-07 22:50:31,0.119472
2024-07-07 22:50:32,0.122984
2024-07-07 22:50:33,0.142856
2024-07-07 22:50:34,0.11116
2024-07-07 22:50:35,0.112256
2024-07-07 22:50:36,0.141552
2024-07-07 22:50:37,0.139792
2024-07-07 22:50:38,0.132672
2024-07-07 22:50:39,0.133224
2024-07-07 22:50:40,0.136672
2024-07-07 22:50:41,0.130544
2024-07-07 22:50:42,0.12896
2024-07-07 22:50:43,0.113304
2024-07-07 22:50:44,0.11536
2024-07-07 22:50:45,0.128352
2024-07-07 22:50:46,0.169744
2024-07-07 22:50:47,0.16388
2024-07-07 22:50:48,0.150496
2024-07-07 22:50:49,0.1906
2024-07-07 22:50:50,0.174968
2024-07-07 22:50:51,0.11604
2024-07-07 22:50:52,0.11392
2024-07-07 22:50:53,0.112976
2024-07-07 22:50:54,0.129848
2024-07-07 22:50:55,0.154824
2024-07-07 22:50:56,0.128464
2024-07-07 22:50:57,0.156224
2024-07-07 22:50:58,0.10836
2024-07-07 22:50:59,0.128624
2024-07-07 22:51:00,0.112048
2024-07-07 22:51:01,0.098208
2024-07-07 22:51:02,0.090808
2024-07-07 22:51:03,0.110864
2024-07-07 22:51:04,0.122544
2024-07-07 22:51:05,0.137336
2024-07-07 22:51:06,0.10832
2024-07-07 22:51:07,0.114232
2024-07-07 22:51:08,0.101216
2024-07-07 22:51:09,0.099448
2024-07-07 22:51:10,0.104656
2024-07-07 22:51:11,0.103144
2024-07-07 22:51:12,0.104488
2024-07-07 22:51:13,0.11892
2024-07-07 22:51:14,0.096248
2024-07-07 22:51:15,0.090776
2024-07-07 22:51:16,0.101264
2024-07-07 22:51:17,0.106104
2024-07-07 22:51:18,0.089752
2024-07-07 22:51:19,0.100824
2024-07-07 22:51:20,0.143704
2024-07-07 22:51:21,0.120624
2024-07-07 22:51:22,0.132256
2024-07-07 22:51:23,0.159336
2024-07-07 22:51:24,0.163
2024-07-07 22:51:25,0.151616
2024-07-07 22:51:26,0.147816
2024-07-07 22:51:27,0.173432
2024-07-07 22:51:28,0.162416
2024-07-07 22:51:29,0.173552
2024-07-07 22:51:30,0.166792
2024-07-07 22:51:31,0.221144
2024-07-07 22:51:32,0.161592
2024-07-07 22:51:33,0.156456
2024-07-07 22:51:34,0.127632
2024-07-07 22:51:35,0.12972
2024-07-07 22:51:36,0.118768
2024-07-07 22:51:37,0.12088
2024-07-07 22:51:38,0.118024
2024-07-07 22:51:39,0.108432
2024-07-07 22:51:40,0.147984
2024-07-07 22:51:41,0.171376
2024-07-07 22:51:42,0.17864
2024-07-07 22:51:43,0.170368
2024-07-07 22:51:44,0.146272
2024-07-07 22:51:45,0.126656
2024-07-07 22:51:46,0.121008
2024-07-07 22:51:47,0.115592
2024-07-07 22:51:48,0.121712
2024-07-07 22:51:49,0.144536
2024-07-07 22:51:50,0.114944
2024-07-07 22:51:51,0.118064
2024-07-07 22:51:52,0.126464
2024-07-07 22:51:53,0.147952
2024-07-07 22:51:54,0.153624
2024-07-07 22:51:55,0.147128
2024-07-07 22:51:56,0.145
2024-07-07 22:51:57,0.147952
2024-07-07 22:51:58,0.128904
2024-07-07 22:51:59,0.124648
2024-07-07 22:52:00,0.116736
2024-07-07 22:52:01,0.122656
2024-07-07 22:52:02,0.105696
2024-07-07 22:52:03,0.12676
2024-07-07 22:52:04,0.122656
2024-07-07 22:52:05,0.151032
2024-07-07 22:52:06,0.12504
2024-07-07 22:52:07,0.113648
2024-07-07 22:52:08,0.103176
2024-07-07 22:52:09,0.147776
2024-07-07 22:52:10,0.223608
2024-07-07 22:52:11,0.158112
2024-07-07 22:52:12,0.161176
2024-07-07 22:52:13,0.187656
2024-07-07 22:52:14,0.156664
2024-07-07 22:52:15,0.144192
2024-07-07 22:52:16,0.08456
2024-07-07 22:52:17,0.106904
2024-07-07 22:52:18,0.107336
2024-07-07 22:52:19,0.121368
2024-07-07 22:52:20,0.109968
2024-07-07 22:52:21,0.103496
2024-07-07 22:52:22,0.122336
2024-07-07 22:52:23,0.101344
2024-07-07 22:52:24,0.122128
2024-07-07 22:52:25,0.139912
2024-07-07 22:52:26,0.086632
2024-07-07 22:52:27,0.107664
2024-07-07 22:52:28,0.107408
2024-07-07 22:52:29,0.097264
2024-07-07 22:52:30,0.114632
2024-07-07 22:52:31,0.11328
2024-07-07 22:52:32,0.110592
2024-07-07 22:52:33,0.10764
2024-07-07 22:52:34,0.124064
2024-07-07 22:52:35,0.12568
2024-07-07 22:52:36,0.117512
2024-07-07 22:52:37,0.141456
2024-07-07 22:52:38,0.141872
2024-07-07 22:52:39,0.123704
2024-07-07 22:52:40,0.127272
2024-07-07 22:52:41,0.144784
2024-07-07 22:52:42,0.136168
2024-07-07 22:52:43,0.117376
2024-07-07 22:52:44,0.152408
2024-07-07 22:52:45,0.167728
2024-07-07 22:52:46,0.136784
2024-07-07 22:52:47,0.152616
2024-07-07 22:52:48,0.125152
2024-07-07 22:52:49,0.143464
2024-07-07 22:52:50,0.174272
2024-07-07 22:52:51,0.148528
2024-07-07 22:52:52,0.124752
2024-07-07 22:52:53,0.118904
2024-07-07 22:52:54,0.08972
2024-07-07 22:52:55,0.110024
2024-07-07 22:52:56,0.098824
2024-07-07 22:52:57,0.09308
2024-07-07 22:52:58,0.094456
2024-07-07 22:52:59,0.108616
2024-07-07 22:53:00,0.101888
2024-07-07 22:53:01,0.094496
2024-07-07 22:53:02,0.113584
2024-07-07 22:53:03,0.127112
2024-07-07 22:53:04,0.127608
2024-07-07 22:53:05,0.1732
2024-07-07 22:53:06,0.13996
2024-07-07 22:53:07,0.11596
2024-07-07 22:53:08,0.108112
2024-07-07 22:53:09,0.178216
2024-07-07 22:53:10,0.194312
2024-07-07 22:53:11,0.138888
2024-07-07 22:53:12,0.153464
2024-07-07 22:53:13,0.155016
2024-07-07 22:53:14,0.137376
2024-07-07 22:53:15,0.14932
2024-07-07 22:53:16,0.144456
2024-07-07 22:53:17,0.137904
2024-07-07 22:53:18,0.128592
2024-07-07 22:53:19,0.118144
2024-07-07 22:53:20,0.13228
2024-07-07 22:53:21,0.110704
2024-07-07 22:53:22,0.148832
2024-07-07 22:53:23,0.14468
2024-07-07 22:53:24,0.130976
2024-07-07 22:53:25,0.154176
2024-07-07 22:53:26,0.188032
2024-07-07 22:53:27,0.160904
2024-07-07 22:53:28,0.162616
2024-07-07 22:53:29,0.190672
2024-07-07 22:53:30,0.17688
2024-07-07 22:53:31,0.151776
2024-07-07 22:53:32,0.15312
2024-07-07 22:53:33,0.167176
2024-07-07 22:53:34,0.174304
2024-07-07 22:53:35,0.192648
2024-07-07 22:53:36,0.138792
2024-07-07 22:53:37,0.160232
2024-07-07 22:53:38,0.152776
2024-07-07 22:53:39,0.18352
2024-07-07 22:53:40,0.147224
2024-07-07 22:53:41,0.102704
2024-07-07 22:53:42,0.110848
2024-07-07 22:53:43,0.110568
2024-07-07 22:53:44,0.110032
2024-07-07 22:53:45,0.106896
2024-07-07 22:53:46,0.098696
2024-07-07 22:53:47,0.141856
2024-07-07 22:53:48,0.104232
2024-07-07 22:53:49,0.117472
2024-07-07 22:53:50,0.127208
2024-07-07 22:53:51,0.102944
2024-07-07 22:53:52,0.096464
2024-07-07 22:53:53,0.110768
2024-07-07 22:53:54,0.096384
2024-07-07 22:53:55,0.10588
2024-07-07 22:53:56,0.115072
2024-07-07 22:53:57,0.09396
2024-07-07 22:53:58,0.108496
2024-07-07 22:53:59,0.118968
2024-07-07 22:54:00,0.117864
2024-07-07 22:54:01,0.12332
2024-07-07 22:54:02,0.157568
2024-07-07 22:54:03,0.14068
2024-07-07 22:54:04,0.114208
2024-07-07 22:54:05,0.146224
2024-07-07 22:54:06,0.113144
2024-07-07 22:54:07,0.1408
2024-07-07 22:54:08,0.144744
2024-07-07 22:54:09,0.148696
2024-07-07 22:54:10,0.135848
2024-07-07 22:54:11,0.119472
2024-07-07 22:54:12,0.145528
2024-07-07 22:54:13,0.110632
2024-07-07 22:54:14,0.14076
2024-07-07 22:54:15,0.175872
2024-07-07 22:54:16,0.130064
2024-07-07 22:54:17,0.125216
2024-07-07 22:54:18,0.173992
2024-07-07 22:54:19,0.143216
2024-07-07 22:54:20,0.184608
2024-07-07 22:54:21,0.179616
2024-07-07 22:54:22,0.152568
2024-07-07 22:54:23,0.151824
2024-07-07 22:54:24,0.159008
2024-07-07 22:54:25,0.123344
2024-07-07 22:54:26,0.135168
2024-07-07 22:54:27,0.133592
2024-07-07 22:54:28,0.186104
2024-07-07 22:54:29,0.196168
2024-07-07 22:54:30,0.129632
2024-07-07 22:54:31,0.119504
2024-07-07 22:54:32,0.10728
2024-07-07 22:54:33,0.112192
2024-07-07 22:54:34,0.131448
2024-07-07 22:54:35,0.1176
2024-07-07 22:54:36,0.146568
2024-07-07 22:54:37,0.149752
2024-07-07 22:54:38,0.192976
2024-07-07 22:54:39,0.164528
2024-07-07 22:54:40,0.20568
2024-07-07 22:54:41,0.177144
2024-07-07 22:54:42,0.218816
2024-07-07 22:54:43,0.15544
2024-07-07 22:54:44,0.141168
2024-07-07 22:54:45,0.128192
2024-07-07 22:54:46,0.143616
2024-07-07 22:54:47,0.123024
2024-07-07 22:54:48,0.149896
2024-07-07 22:54:49,0.141576
2024-07-07 22:54:50,0.122736
2024-07-07 22:54:51,0.116048
2024-07-07 22:54:52,0.102192
2024-07-07 22:54:53,0.098472
2024-07-07 22:54:54,0.08804
2024-07-07 22:54:55,0.10688
2024-07-07 22:54:56,0.129448
2024-07-07 22:54:57,0.109824
2024-07-07 22:54:58,0.101848
2024-07-07 22:54:59,0.116792
2024-07-07 22:55:00,0.129032
2024-07-07 22:55:01,0.131496
2024-07-07 22:55:02,0.102424
2024-07-07 22:55:03,0.093464
2024-07-07 22:55:04,0.09112
2024-07-07 22:55:05,0.116088
2024-07-07 22:55:06,0.081496
2024-07-07 22:55:07,0.108088
2024-07-07 22:55:08,0.117464
2024-07-07 22:55:09,0.103032
2024-07-07 22:55:10,0.110392
2024-07-07 22:55:11,0.11152
2024-07-07 22:55:12,0.112128
2024-07-07 22:55:13,0.149152
2024-07-07 22:55:14,0.095488
2024-07-07 22:55:15,0.1322
2024-07-07 22:55:16,0.122128
2024-07-07 22:55:17,0.122056
2024-07-07 22:55:18,0.142952
2024-07-07 22:55:19,0.126128
2024-07-07 22:55:20,0.112096
2024-07-07 22:55:21,0.106304
2024-07-07 22:55:22,0.097472
2024-07-07 22:55:23,0.097568
2024-07-07 22:55:24,0.095864
2024-07-07 22:55:25,0.101168
2024-07-07 22:55:26,0.091264
2024-07-07 22:55:27,0.095928
2024-07-07 22:55:28,0.094888
2024-07-07 22:55:29,0.152304
2024-07-07 22:55:30,0.168024
2024-07-07 22:55:31,0.142864
2024-07-07 22:55:32,0.208392
2024-07-07 22:55:33,0.161752
2024-07-07 22:55:34,0.145952
2024-07-07 22:55:35,0.16768
2024-07-07 22:55:36,0.160264
2024-07-07 22:55:37,0.156648
2024-07-07 22:55:38,0.154608
2024-07-07 22:55:39,0.190632
2024-07-07 22:55:40,0.177568
2024-07-07 22:55:41,0.17848
2024-07-07 22:55:42,0.157496
2024-07-07 22:55:43,0.16208
2024-07-07 22:55:44,0.156176
2024-07-07 22:55:45,0.146488
2024-07-07 22:55:46,0.14524
2024-07-07 22:55:47,0.161208
2024-07-07 22:55:48,0.134224
2024-07-07 22:55:49,0.129792
2024-07-07 22:55:50,0.115256
2024-07-07 22:55:51,0.110432
2024-07-07 22:55:52,0.114408
2024-07-07 22:55:53,0.131408
2024-07-07 22:55:54,0.138112
2024-07-07 22:55:55,0.126816
2024-07-07 22:55:56,0.118104
2024-07-07 22:55:57,0.124568
2024-07-07 22:55:58,0.116608
2024-07-07 22:55:59,0.105464
2024-07-07 22:56:00,0.107632
2024-07-07 22:56:01,0.131784
2024-07-07 22:56:02,0.088656
2024-07-07 22:56:03,0.076104
2024-07-07 22:56:04,0.102904
2024-07-07 22:56:05,0.114888
2024-07-07 22:56:06,0.083608
2024-07-07 22:56:07,0.08608
2024-07-07 22:56:08,0.115328
2024-07-07 22:56:09,0.093128
2024-07-07 22:56:10,0.115032
2024-07-07 22:56:11,0.117032
2024-07-07 22:56:12,0.09572
2024-07-07 22:56:13,0.128384
2024-07-07 22:56:14,0.116376
2024-07-07 22:56:15,0.127112
2024-07-07 22:56:16,0.12016
2024-07-07 22:56:17,0.124944
2024-07-07 22:56:18,0.177896
2024-07-07 22:56:19,0.14336
2024-07-07 22:56:20,0.153416
2024-07-07 22:56:21,0.158152
2024-07-07 22:56:22,0.159984
2024-07-07 22:56:23,0.147232
2024-07-07 22:56:24,0.110856
2024-07-07 22:56:25,0.12644
2024-07-07 22:56:26,0.142024
2024-07-07 22:56:27,0.11156
2024-07-07 22:56:28,0.126112
2024-07-07 22:56:29,0.153088
2024-07-07 22:56:30,0.155048
2024-07-07 22:56:31,0.19452
2024-07-07 22:56:32,0.161008
2024-07-07 22:56:33,0.18376
2024-07-07 22:56:34,0.115104
2024-07-07 22:56:35,0.124256
2024-07-07 22:56:36,0.091968
2024-07-07 22:56:37,0.102032
2024-07-07 22:56:38,0.086256
2024-07-07 22:56:39,0.083136
2024-07-07 22:56:40,0.10024
2024-07-07 22:56:41,0.088376
2024-07-07 22:56:42,0.081536
2024-07-07 22:56:43,0.089248
2024-07-07 22:56:44,0.096712
2024-07-07 22:56:45,0.123296
2024-07-07 22:56:46,0.096104
2024-07-07 22:56:47,0.093456
2024-07-07 22:56:48,0.106232
2024-07-07 22:56:49,0.105032
2024-07-07 22:56:50,0.10508
2024-07-07 22:56:51,0.099688
2024-07-07 22:56:52,0.088608
2024-07-07 22:56:53,0.10216
2024-07-07 22:56:54,0.11728
2024-07-07 22:56:55,0.124896
2024-07-07 22:56:56,0.160624
2024-07-07 22:56:57,0.1778
2024-07-07 22:56:58,0.227072
2024-07-07 22:56:59,0.17816
2024-07-07 22:57:00,0.144808
2024-07-07 22:57:01,0.173624
2024-07-07 22:57:02,0.162424
2024-07-07 22:57:03,0.121552
2024-07-07 22:57:04,0.141192
2024-07-07 22:57:05,0.162016
2024-07-07 22:57:06,0.163096
2024-07-07 22:57:07,0.129656
2024-07-07 22:57:08,0.140944
2024-07-07 22:57:09,0.143656
2024-07-07 22:57:10,0.182472
2024-07-07 22:57:11,0.132912
2024-07-07 22:57:12,0.097616
2024-07-07 22:57:13,0.136656
2024-07-07 22:57:14,0.114096
2024-07-07 22:57:15,0.120072
2024-07-07 22:57:16,0.1012
2024-07-07 22:57:17,0.151496
2024-07-07 22:57:18,0.121416
2024-07-07 22:57:19,0.134808
2024-07-07 22:57:20,0.122
2024-07-07 22:57:21,0.141864
2024-07-07 22:57:22,0.135392
2024-07-07 22:57:23,0.132384
2024-07-07 22:57:24,0.101016
2024-07-07 22:57:25,0.094408
2024-07-07 22:57:26,0.083848
2024-07-07 22:57:27,0.103168
2024-07-07 22:57:28,0.101736
2024-07-07 22:57:29,0.105584
2024-07-07 22:57:30,0.125624
2024-07-07 22:57:31,0.119872
2024-07-07 22:57:32,0.115328
2024-07-07 22:57:33,0.113072
2024-07-07 22:57:34,0.13004
2024-07-07 22:57:35,0.116792
2024-07-07 22:57:36,0.13292
2024-07-07 22:57:37,0.136696
2024-07-07 22:57:38,0.11256
2024-07-07 22:57:39,0.130096
2024-07-07 22:57:40,0.120712
2024-07-07 22:57:41,0.114352
2024-07-07 22:57:42,0.116576
2024-07-07 22:57:43,0.11848
2024-07-07 22:57:44,0.114432
2024-07-07 22:57:45,0.122
2024-07-07 22:57:46,0.12704
2024-07-07 22:57:47,0.111904
2024-07-07 22:57:48,0.112376
2024-07-07 22:57:49,0.146976
2024-07-07 22:57:50,0.15028
2024-07-07 22:57:51,0.1422
2024-07-07 22:57:52,0.121472
2024-07-07 22:57:53,0.141352
2024-07-07 22:57:54,0.128024
2024-07-07 22:57:55,0.137312
2024-07-07 22:57:56,0.113128
2024-07-07 22:57:57,0.155264
2024-07-07 22:57:58,0.111432
2024-07-07 22:57:59,0.204112
2024-07-07 22:58:00,0.176152
2024-07-07 22:58:01,0.227784
2024-07-07 22:58:02,0.189408
2024-07-07 22:58:03,0.130896
2024-07-07 22:58:04,0.100048
2024-07-07 22:58:05,0.14776
2024-07-07 22:58:06,0.113896
2024-07-07 22:58:07,0.117976
2024-07-07 22:58:08,0.143504
2024-07-07 22:58:09,0.120456
2024-07-07 22:58:10,0.136472
2024-07-07 22:58:11,0.130288
2024-07-07 22:58:12,0.157432
2024-07-07 22:58:13,0.152008
2024-07-07 22:58:14,0.198528
2024-07-07 22:58:15,0.1676
2024-07-07 22:58:16,0.137416
2024-07-07 22:58:17,0.104384
2024-07-07 22:58:18,0.112136
2024-07-07 22:58:19,0.112184
2024-07-07 22:58:20,0.122016
2024-07-07 22:58:21,0.101992
2024-07-07 22:58:22,0.102688
2024-07-07 22:58:23,0.0914
2024-07-07 22:58:24,0.113832
2024-07-07 22:58:25,0.098752
2024-07-07 22:58:26,0.104208
2024-07-07 22:58:27,0.12008
2024-07-07 22:58:28,0.103368
2024-07-07 22:58:29,0.121824
2024-07-07 22:58:30,0.126192
2024-07-07 22:58:31,0.140464
2024-07-07 22:58:32,0.113224
2024-07-07 22:58:33,0.085792
2024-07-07 22:58:34,0.09096
2024-07-07 22:58:35,0.095568
2024-07-07 22:58:36,0.114312
2024-07-07 22:58:37,0.117416
2024-07-07 22:58:38,0.107432
2024-07-07 22:58:39,0.10664
2024-07-07 22:58:40,0.10868
2024-07-07 22:58:41,0.105128
2024-07-07 22:58:42,0.10684
2024-07-07 22:58:43,0.113752
2024-07-07 22:58:44,0.11388
2024-07-07 22:58:45,0.132496
2024-07-07 22:58:46,0.165264
2024-07-07 22:58:47,0.191336
2024-07-07 22:58:48,0.155056
2024-07-07 22:58:49,0.12216
2024-07-07 22:58:50,0.144448
2024-07-07 22:58:51,0.147456
2024-07-07 22:58:52,0.146256
2024-07-07 22:58:53,0.140512
2024-07-07 22:58:54,0.11572
2024-07-07 22:58:55,0.131504
2024-07-07 22:58:56,0.109632
2024-07-07 22:58:57,0.124672
2024-07-07 22:58:58,0.127984
2024-07-07 22:58:59,0.1146
2024-07-07 22:59:00,0.13
2024-07-07 22:59:01,0.129216
2024-07-07 22:59:02,0.101688
2024-07-07 22:59:03,0.101776
2024-07-07 22:59:04,0.095736
2024-07-07 22:59:05,0.144752
2024-07-07 22:59:06,0.10208
2024-07-07 22:59:07,0.097024
2024-07-07 22:59:08,0.117384
2024-07-07 22:59:09,0.113768
2024-07-07 22:59:10,0.106256
2024-07-07 22:59:11,0.109072
2024-07-07 22:59:12,0.101144
2024-07-07 22:59:13,0.113128
2024-07-07 22:59:14,0.095704
2024-07-07 22:59:15,0.10384
2024-07-07 22:59:16,0.11048
2024-07-07 22:59:17,0.094592
2024-07-07 22:59:18,0.099192
2024-07-07 22:59:19,0.103432
2024-07-07 22:59:20,0.098504
2024-07-07 22:59:21,0.093944
2024-07-07 22:59:22,0.095352
2024-07-07 22:59:23,0.106344
2024-07-07 22:59:24,0.120272
2024-07-07 22:59:25,0.12752
2024-07-07 22:59:26,0.131528
2024-07-07 22:59:27,0.122616
2024-07-07 22:59:28,0.126928
2024-07-07 22:59:29,0.114544
2024-07-07 22:59:30,0.130328
2024-07-07 22:59:31,0.12128
2024-07-07 22:59:32,0.142712
2024-07-07 22:59:33,0.159512
2024-07-07 22:59:34,0.15788
2024-07-07 22:59:35,0.163336
2024-07-07 22:59:36,0.134328
2024-07-07 22:59:37,0.129984
2024-07-07 22:59:38,0.150192
2024-07-07 22:59:39,0.158112
2024-07-07 22:59:40,0.136744
2024-07-07 22:59:41,0.190768
2024-07-07 22:59:42,0.211176
2024-07-07 22:59:43,0.156864
2024-07-07 22:59:44,0.168648
2024-07-07 22:59:45,0.187552
2024-07-07 22:59:46,0.152104
2024-07-07 22:59:47,0.206408
2024-07-07 22:59:48,0.169728
2024-07-07 22:59:49,0.154632
2024-07-07 22:59:50,0.192368
2024-07-07 22:59:51,0.205216
2024-07-07 22:59:52,0.1784
2024-07-07 22:59:53,0.125168
2024-07-07 22:59:54,0.108576
2024-07-07 22:59:55,0.106808
2024-07-07 22:59:56,0.102568
2024-07-07 22:59:57,0.110864
2024-07-07 22:59:58,0.116632
2024-07-07 22:59:59,0.129536
2024-07-07 23:00:00,0.124888
2024-07-07 23:00:01,0.133776
2024-07-07 23:00:02,0.129136
2024-07-07 23:00:03,0.129616
2024-07-07 23:00:04,0.108272
2024-07-07 23:00:05,0.15088
2024-07-07 23:00:06,0.110632
2024-07-07 23:00:07,0.10512
2024-07-07 23:00:08,0.111568
2024-07-07 23:00:09,0.11628
2024-07-07 23:00:10,0.1018
2024-07-07 23:00:11,0.109608
2024-07-07 23:00:12,0.089736
2024-07-07 23:00:13,0.095664
2024-07-07 23:00:14,0.152952
2024-07-07 23:00:15,0.165936
2024-07-07 23:00:16,0.187504
2024-07-07 23:00:17,0.142568
2024-07-07 23:00:18,0.131888
2024-07-07 23:00:19,0.124368
2024-07-07 23:00:20,0.146192
2024-07-07 23:00:21,0.140328
2024-07-07 23:00:22,0.111888
2024-07-07 23:00:23,0.123848
2024-07-07 23:00:24,0.137968
2024-07-07 23:00:25,0.110488
2024-07-07 23:00:26,0.11008
2024-07-07 23:00:27,0.156872
2024-07-07 23:00:28,0.223128
2024-07-07 23:00:29,0.116136
2024-07-07 23:00:30,0.11268
2024-07-07 23:00:31,0.145736
2024-07-07 23:00:32,0.12492
2024-07-07 23:00:33,0.169344
2024-07-07 23:00:34,0.11704
2024-07-07 23:00:35,0.11496
2024-07-07 23:00:36,0.114552
2024-07-07 23:00:37,0.10548
2024-07-07 23:00:38,0.132552
2024-07-07 23:00:39,0.086328
2024-07-07 23:00:40,0.097352
2024-07-07 23:00:41,0.131136
2024-07-07 23:00:42,0.182952
2024-07-07 23:00:43,0.11828
2024-07-07 23:00:44,0.082248
2024-07-07 23:00:45,0.091448
2024-07-07 23:00:46,0.113576
2024-07-07 23:00:47,0.119464
2024-07-07 23:00:48,0.12164
2024-07-07 23:00:49,0.115304
2024-07-07 23:00:50,0.106656
2024-07-07 23:00:51,0.092272
2024-07-07 23:00:52,0.092224
2024-07-07 23:00:53,0.10164
2024-07-07 23:00:54,0.094448
2024-07-07 23:00:55,0.05284
2024-07-07 23:00:56,0.046792
2024-07-07 23:00:57,0.056568
2024-07-07 23:00:58,0.045424
2024-07-07 23:00:59,0.050984
2024-07-07 23:01:00,0.060304
2024-07-07 23:01:01,0.087904
2024-07-07 23:01:02,0.107552
2024-07-07 23:01:03,0.106896
2024-07-07 23:01:04,0.107288
2024-07-07 23:01:05,0.162512
2024-07-07 23:01:06,0.097064
2024-07-07 23:01:07,0.096952
2024-07-07 23:01:08,0.103288
2024-07-07 23:01:09,0.116584
2024-07-07 23:01:10,0.093472
2024-07-07 23:01:11,0.067008
2024-07-07 23:01:12,0.072064
2024-07-07 23:01:13,0.066464
2024-07-07 23:01:14,0.073816
2024-07-07 23:01:15,0.09856
2024-07-07 23:01:16,0.108376
2024-07-07 23:01:17,0.114456
2024-07-07 23:01:18,0.13584
2024-07-07 23:01:19,0.1338
2024-07-07 23:01:20,0.131408
2024-07-07 23:01:21,0.151552
2024-07-07 23:01:22,0.156848
2024-07-07 23:01:23,0.210712
2024-07-07 23:01:24,0.1956
2024-07-07 23:01:25,0.259848
2024-07-07 23:01:26,0.204864
2024-07-07 23:01:27,0.171648
2024-07-07 23:01:28,0.150784
2024-07-07 23:01:29,0.18512
2024-07-07 23:01:30,0.197464
2024-07-07 23:01:31,0.1454
2024-07-07 23:01:32,0.136448
2024-07-07 23:01:33,0.115248
2024-07-07 23:01:34,0.106576
2024-07-07 23:01:35,0.188152
2024-07-07 23:01:36,0.092264
2024-07-07 23:01:37,0.135368
2024-07-07 23:01:38,0.105928
2024-07-07 23:01:39,0.11076
2024-07-07 23:01:40,0.113048
2024-07-07 23:01:41,0.124376
2024-07-07 23:01:42,0.16304
2024-07-07 23:01:43,0.127288
2024-07-07 23:01:44,0.116512
2024-07-07 23:01:45,0.144752
2024-07-07 23:01:46,0.162456
2024-07-07 23:01:47,0.148776
2024-07-07 23:01:48,0.177528
2024-07-07 23:01:49,0.181392
2024-07-07 23:01:50,0.135736
2024-07-07 23:01:51,0.104624
2024-07-07 23:01:52,0.101688
2024-07-07 23:01:53,0.093864
2024-07-07 23:01:54,0.099832
2024-07-07 23:01:55,0.109608
2024-07-07 23:01:56,0.096568
2024-07-07 23:01:57,0.091392
2024-07-07 23:01:58,0.097936
2024-07-07 23:01:59,0.100928
2024-07-07 23:02:00,0.126624
2024-07-07 23:02:01,0.113624
2024-07-07 23:02:02,0.1244
2024-07-07 23:02:03,0.10936
2024-07-07 23:02:04,0.121576
2024-07-07 23:02:05,0.151608
2024-07-07 23:02:06,0.150264
2024-07-07 23:02:07,0.178048
2024-07-07 23:02:08,0.116296
2024-07-07 23:02:09,0.11436
2024-07-07 23:02:10,0.139432
2024-07-07 23:02:11,0.127576
2024-07-07 23:02:12,0.125968
2024-07-07 23:02:13,0.108896
2024-07-07 23:02:14,0.112112
2024-07-07 23:02:15,0.133888
2024-07-07 23:02:16,0.107696
2024-07-07 23:02:17,0.106104
2024-07-07 23:02:18,0.137384
2024-07-07 23:02:19,0.107384
2024-07-07 23:02:20,0.150536
2024-07-07 23:02:21,0.148768
2024-07-07 23:02:22,0.165064
2024-07-07 23:02:23,0.169848
2024-07-07 23:02:24,0.169328
2024-07-07 23:02:25,0.174488
2024-07-07 23:02:26,0.159816
2024-07-07 23:02:27,0.1554
2024-07-07 23:02:28,0.17932
2024-07-07 23:02:29,0.136896
2024-07-07 23:02:30,0.109784
2024-07-07 23:02:31,0.154912
2024-07-07 23:02:32,0.112152
2024-07-07 23:02:33,0.11908
2024-07-07 23:02:34,0.110456
2024-07-07 23:02:35,0.12916
2024-07-07 23:02:36,0.170096
2024-07-07 23:02:37,0.125544
2024-07-07 23:02:38,0.138112
2024-07-07 23:02:39,0.139544
2024-07-07 23:02:40,0.114704
2024-07-07 23:02:41,0.113408
2024-07-07 23:02:42,0.12752
2024-07-07 23:02:43,0.120752
2024-07-07 23:02:44,0.115032
2024-07-07 23:02:45,0.12264
2024-07-07 23:02:46,0.121688
2024-07-07 23:02:47,0.130616
2024-07-07 23:02:48,0.121448
2024-07-07 23:02:49,0.117784
2024-07-07 23:02:50,0.107976
2024-07-07 23:02:51,0.11112
2024-07-07 23:02:52,0.094144
2024-07-07 23:02:53,0.097432
2024-07-07 23:02:54,0.09076
2024-07-07 23:02:55,0.107552
2024-07-07 23:02:56,0.12132
2024-07-07 23:02:57,0.10984
2024-07-07 23:02:58,0.113544
2024-07-07 23:02:59,0.123424
2024-07-07 23:03:00,0.113488
2024-07-07 23:03:01,0.11428
2024-07-07 23:03:02,0.107264
2024-07-07 23:03:03,0.122376
2024-07-07 23:03:04,0.113136
2024-07-07 23:03:05,0.129168
2024-07-07 23:03:06,0.096504
2024-07-07 23:03:07,0.081264
2024-07-07 23:03:08,0.077992
2024-07-07 23:03:09,0.092176
2024-07-07 23:03:10,0.09676
2024-07-07 23:03:11,0.094728
2024-07-07 23:03:12,0.102152
2024-07-07 23:03:13,0.092144
2024-07-07 23:03:14,0.094608
2024-07-07 23:03:15,0.0924
2024-07-07 23:03:16,0.101584
2024-07-07 23:03:17,0.121688
2024-07-07 23:03:18,0.135048
2024-07-07 23:03:19,0.136
2024-07-07 23:03:20,0.158976
2024-07-07 23:03:21,0.124112
2024-07-07 23:03:22,0.122696
2024-07-07 23:03:23,0.124248
2024-07-07 23:03:24,0.1606
2024-07-07 23:03:25,0.121128
2024-07-07 23:03:26,0.121408
2024-07-07 23:03:27,0.111432
2024-07-07 23:03:28,0.125016
2024-07-07 23:03:29,0.140376
2024-07-07 23:03:30,0.131528
2024-07-07 23:03:31,0.179184
2024-07-07 23:03:32,0.147824
2024-07-07 23:03:33,0.141432
2024-07-07 23:03:34,0.147448
2024-07-07 23:03:35,0.115088
2024-07-07 23:03:36,0.103944
2024-07-07 23:03:37,0.129088
2024-07-07 23:03:38,0.160304
2024-07-07 23:03:39,0.130968
2024-07-07 23:03:40,0.117304
2024-07-07 23:03:41,0.13708
2024-07-07 23:03:42,0.115784
2024-07-07 23:03:43,0.117664
2024-07-07 23:03:44,0.1584
2024-07-07 23:03:45,0.156648
2024-07-07 23:03:46,0.170888
2024-07-07 23:03:47,0.15208
2024-07-07 23:03:48,0.153208
2024-07-07 23:03:49,0.122856
2024-07-07 23:03:50,0.144176
2024-07-07 23:03:51,0.164568
2024-07-07 23:03:52,0.153952
2024-07-07 23:03:53,0.146136
2024-07-07 23:03:54,0.127912
2024-07-07 23:03:55,0.13092
2024-07-07 23:03:56,0.12192
2024-07-07 23:03:57,0.154456
2024-07-07 23:03:58,0.13964
2024-07-07 23:03:59,0.152752
2024-07-07 23:04:00,0.146472
2024-07-07 23:04:01,0.134328
2024-07-07 23:04:02,0.111296
2024-07-07 23:04:03,0.121368
2024-07-07 23:04:04,0.111032
2024-07-07 23:04:05,0.153856
2024-07-07 23:04:06,0.124344
2024-07-07 23:04:07,0.121808
2024-07-07 23:04:08,0.10968
2024-07-07 23:04:09,0.146824
2024-07-07 23:04:10,0.118696
2024-07-07 23:04:11,0.108232
2024-07-07 23:04:12,0.125704
2024-07-07 23:04:13,0.103208
2024-07-07 23:04:14,0.099368
2024-07-07 23:04:15,0.109824
2024-07-07 23:04:16,0.11092
2024-07-07 23:04:17,0.11036
2024-07-07 23:04:18,0.167824
2024-07-07 23:04:19,0.142848
2024-07-07 23:04:20,0.140968
2024-07-07 23:04:21,0.140304
2024-07-07 23:04:22,0.17312
2024-07-07 23:04:23,0.112664
2024-07-07 23:04:24,0.11108
2024-07-07 23:04:25,0.129152
2024-07-07 23:04:26,0.123976
2024-07-07 23:04:27,0.106664
2024-07-07 23:04:28,0.119648
2024-07-07 23:04:29,0.117208
2024-07-07 23:04:30,0.133368
2024-07-07 23:04:31,0.11732
2024-07-07 23:04:32,0.188048
2024-07-07 23:04:33,0.157752
2024-07-07 23:04:34,0.113008
2024-07-07 23:04:35,0.121624
2024-07-07 23:04:36,0.1168
2024-07-07 23:04:37,0.108688
2024-07-07 23:04:38,0.125912
2024-07-07 23:04:39,0.129128
2024-07-07 23:04:40,0.14176
2024-07-07 23:04:41,0.101256
2024-07-07 23:04:42,0.100328
2024-07-07 23:04:43,0.086832
2024-07-07 23:04:44,0.107264
2024-07-07 23:04:45,0.12056
2024-07-07 23:04:46,0.098752
2024-07-07 23:04:47,0.101824
2024-07-07 23:04:48,0.11388
2024-07-07 23:04:49,0.11552
2024-07-07 23:04:50,0.122592
2024-07-07 23:04:51,0.121912
2024-07-07 23:04:52,0.100168
2024-07-07 23:04:53,0.091232
2024-07-07 23:04:54,0.096832
2024-07-07 23:04:55,0.120088
2024-07-07 23:04:56,0.120656
2024-07-07 23:04:57,0.100224
2024-07-07 23:04:58,0.12072
2024-07-07 23:04:59,0.111176
2024-07-07 23:05:00,0.10464
2024-07-07 23:05:01,0.139216
2024-07-07 23:05:02,0.140904
2024-07-07 23:05:03,0.125512
2024-07-07 23:05:04,0.148488
2024-07-07 23:05:05,0.239664
2024-07-07 23:05:06,0.18744
2024-07-07 23:05:07,0.176496
2024-07-07 23:05:08,0.192776
2024-07-07 23:05:09,0.20696
2024-07-07 23:05:10,0.20968
2024-07-07 23:05:11,0.140408
2024-07-07 23:05:12,0.11824
2024-07-07 23:05:13,0.145248
2024-07-07 23:05:14,0.123952
2024-07-07 23:05:15,0.127544
2024-07-07 23:05:16,0.12768
2024-07-07 23:05:17,0.108408
2024-07-07 23:05:18,0.126792
2024-07-07 23:05:19,0.162384
2024-07-07 23:05:20,0.134672
2024-07-07 23:05:21,0.134664
2024-07-07 23:05:22,0.133672
2024-07-07 23:05:23,0.13324
2024-07-07 23:05:24,0.120376
2024-07-07 23:05:25,0.130832
2024-07-07 23:05:26,0.132664
2024-07-07 23:05:27,0.132272
2024-07-07 23:05:28,0.111824
2024-07-07 23:05:29,0.13364
2024-07-07 23:05:30,0.134568
2024-07-07 23:05:31,0.142064
2024-07-07 23:05:32,0.1406
2024-07-07 23:05:33,0.119328
2024-07-07 23:05:34,0.11692
2024-07-07 23:05:35,0.117816
2024-07-07 23:05:36,0.129056
2024-07-07 23:05:37,0.117856
2024-07-07 23:05:38,0.132672
2024-07-07 23:05:39,0.119904
2024-07-07 23:05:40,0.116992
2024-07-07 23:05:41,0.11156
2024-07-07 23:05:42,0.092576
2024-07-07 23:05:43,0.110968
2024-07-07 23:05:44,0.124168
2024-07-07 23:05:45,0.107272
2024-07-07 23:05:46,0.108832
2024-07-07 23:05:47,0.110128
2024-07-07 23:05:48,0.14812
2024-07-07 23:05:49,0.171568
2024-07-07 23:05:50,0.154544
2024-07-07 23:05:51,0.149616
2024-07-07 23:05:52,0.137136
2024-07-07 23:05:53,0.162568
2024-07-07 23:05:54,0.172224
2024-07-07 23:05:55,0.143728
2024-07-07 23:05:56,0.15264
2024-07-07 23:05:57,0.107672
2024-07-07 23:05:58,0.116744
2024-07-07 23:05:59,0.122672
2024-07-07 23:06:00,0.128864
2024-07-07 23:06:01,0.115104
2024-07-07 23:06:02,0.163192
2024-07-07 23:06:03,0.14544
2024-07-07 23:06:04,0.117592
2024-07-07 23:06:05,0.16892
2024-07-07 23:06:06,0.071864
2024-07-07 23:06:07,0.106288
2024-07-07 23:06:08,0.178464
2024-07-07 23:06:09,0.182096
2024-07-07 23:06:10,0.146776
2024-07-07 23:06:11,0.16924
2024-07-07 23:06:12,0.133968
2024-07-07 23:06:13,0.15768
2024-07-07 23:06:14,0.161432
2024-07-07 23:06:15,0.165784
2024-07-07 23:06:16,0.163912
2024-07-07 23:06:17,0.14624
2024-07-07 23:06:18,0.141104
2024-07-07 23:06:19,0.13372
2024-07-07 23:06:20,0.14452
2024-07-07 23:06:21,0.139544
2024-07-07 23:06:22,0.122496
2024-07-07 23:06:23,0.104792
2024-07-07 23:06:24,0.11128
2024-07-07 23:06:25,0.093544
2024-07-07 23:06:26,0.097288
2024-07-07 23:06:27,0.13876
2024-07-07 23:06:28,0.143632
2024-07-07 23:06:29,0.127216
2024-07-07 23:06:30,0.15904
2024-07-07 23:06:31,0.130808
2024-07-07 23:06:32,0.12532
2024-07-07 23:06:33,0.184944
2024-07-07 23:06:34,0.199752
2024-07-07 23:06:35,0.222544
2024-07-07 23:06:36,0.149192
2024-07-07 23:06:37,0.12384
2024-07-07 23:06:38,0.119384
2024-07-07 23:06:39,0.136424
2024-07-07 23:06:40,0.115312
2024-07-07 23:06:41,0.121128
2024-07-07 23:06:42,0.209632
2024-07-07 23:06:43,0.215136
2024-07-07 23:06:44,0.166496
2024-07-07 23:06:45,0.148736
2024-07-07 23:06:46,0.09776
2024-07-07 23:06:47,0.081696
2024-07-07 23:06:48,0.106448
2024-07-07 23:06:49,0.0996
2024-07-07 23:06:50,0.101488
2024-07-07 23:06:51,0.09744
2024-07-07 23:06:52,0.111584
2024-07-07 23:06:53,0.121688
2024-07-07 23:06:54,0.127968
2024-07-07 23:06:55,0.138464
2024-07-07 23:06:56,0.102544
2024-07-07 23:06:57,0.105416
2024-07-07 23:06:58,0.109504
2024-07-07 23:06:59,0.10816
2024-07-07 23:07:00,0.10152
2024-07-07 23:07:01,0.092632
2024-07-07 23:07:02,0.085832
2024-07-07 23:07:03,0.082512
2024-07-07 23:07:04,0.074936
2024-07-07 23:07:05,0.12056
2024-07-07 23:07:06,0.064968
2024-07-07 23:07:07,0.004024
2024-07-07 23:07:08,0.00124
2024-07-07 23:07:09,0.002368
2024-07-07 23:07:10,0.00124
2024-07-07 23:07:11,0.00188
2024-07-07 23:07:12,0.00124
2024-07-07 23:07:13,0.002368
2024-07-07 23:07:14,0.005192
2024-07-07 23:09:26,0.15392
2024-07-07 23:09:27,0.015784
2024-07-07 23:09:28,0.02912
2024-07-07 23:09:29,0.016712
2024-07-07 23:09:30,0.267144
2024-07-07 23:09:31,0.033768
2024-07-07 23:09:32,0.123736
2024-07-07 23:09:33,0.053168
2024-07-07 23:09:34,0.054768
2024-07-07 23:09:35,0.06012
2024-07-07 23:09:36,0.038488
2024-07-07 23:09:37,0.05
2024-07-07 23:09:38,0.042368
2024-07-07 23:09:39,0.038952
2024-07-07 23:09:40,0.068784
2024-07-07 23:09:41,0.056552
2024-07-07 23:09:42,0.041432
2024-07-07 23:09:43,0.040432
2024-07-07 23:09:44,0.156224
2024-07-07 23:09:45,0.108312
2024-07-07 23:09:46,0.078584
2024-07-07 23:09:47,0.073264
2024-07-07 23:09:48,0.0686
2024-07-07 23:09:49,0.078168
2024-07-07 23:09:50,0.07304
2024-07-07 23:09:51,0.074104
2024-07-07 23:09:52,0.083048
2024-07-07 23:09:53,0.071976
2024-07-07 23:09:54,0.071096
2024-07-07 23:09:55,0.077792
2024-07-07 23:09:56,0.0674
2024-07-07 23:09:57,0.08524
2024-07-07 23:09:58,0.086896
2024-07-07 23:09:59,0.102856
2024-07-07 23:10:00,0.125832
2024-07-07 23:10:01,0.06164
2024-07-07 23:10:02,0.107664
2024-07-07 23:10:03,0.08664
2024-07-07 23:10:04,0.100944
2024-07-07 23:10:05,0.095392
2024-07-07 23:10:06,0.096368
2024-07-07 23:10:07,0.100544
2024-07-07 23:10:08,0.11876
2024-07-07 23:10:09,0.100896
2024-07-07 23:10:10,0.083504
2024-07-07 23:10:11,0.081576
2024-07-07 23:10:12,0.113912
2024-07-07 23:10:13,0.098592
2024-07-07 23:10:14,0.088576
2024-07-07 23:10:15,0.10196
2024-07-07 23:10:16,0.102512
2024-07-07 23:10:17,0.151912
2024-07-07 23:10:18,0.118568
2024-07-07 23:10:19,0.12676
2024-07-07 23:10:20,0.116336
2024-07-07 23:10:21,0.139464
2024-07-07 23:10:22,0.113664
2024-07-07 23:10:23,0.122888
2024-07-07 23:10:24,0.142168
2024-07-07 23:10:25,0.126632
2024-07-07 23:10:26,0.13596
2024-07-07 23:10:27,0.129008
2024-07-07 23:10:28,0.144784
2024-07-07 23:10:29,0.12976
2024-07-07 23:10:30,0.124176
2024-07-07 23:10:31,0.103056
2024-07-07 23:10:32,0.110376
2024-07-07 23:10:33,0.111624
2024-07-07 23:10:34,0.095248
2024-07-07 23:10:35,0.118184
2024-07-07 23:10:36,0.101344
2024-07-07 23:10:37,0.107264
2024-07-07 23:10:38,0.092752
2024-07-07 23:10:39,0.086648
2024-07-07 23:10:40,0.081944
2024-07-07 23:10:41,0.098104
2024-07-07 23:10:42,0.098056
2024-07-07 23:10:43,0.086816
2024-07-07 23:10:44,0.136112
2024-07-07 23:10:45,0.126376
2024-07-07 23:10:46,0.20044
2024-07-07 23:10:47,0.135136
2024-07-07 23:10:48,0.133
2024-07-07 23:10:49,0.116072
2024-07-07 23:10:50,0.125144
2024-07-07 23:10:51,0.114
2024-07-07 23:10:52,0.103744
2024-07-07 23:10:53,0.10744
2024-07-07 23:10:54,0.117072
2024-07-07 23:10:55,0.109064
2024-07-07 23:10:56,0.136792
2024-07-07 23:10:57,0.139648
2024-07-07 23:10:58,0.160432
2024-07-07 23:10:59,0.15784
2024-07-07 23:11:00,0.1308
2024-07-07 23:11:01,0.104664
2024-07-07 23:11:02,0.164104
2024-07-07 23:11:03,0.148736
2024-07-07 23:11:04,0.124944
2024-07-07 23:11:05,0.11024
2024-07-07 23:11:06,0.144568
2024-07-07 23:11:07,0.119192
2024-07-07 23:11:08,0.126264
2024-07-07 23:11:09,0.111368
2024-07-07 23:11:10,0.123
2024-07-07 23:11:11,0.135728
2024-07-07 23:11:12,0.124488
2024-07-07 23:11:13,0.126496
2024-07-07 23:11:14,0.147848
2024-07-07 23:11:15,0.205312
2024-07-07 23:11:16,0.14956
2024-07-07 23:11:17,0.189032
2024-07-07 23:11:18,0.118552
2024-07-07 23:11:19,0.140216
2024-07-07 23:11:20,0.115784
2024-07-07 23:11:21,0.105776
2024-07-07 23:11:22,0.113024
2024-07-07 23:11:23,0.113728
2024-07-07 23:11:24,0.107008
2024-07-07 23:11:25,0.104072
2024-07-07 23:11:26,0.12308
2024-07-07 23:11:27,0.136696
2024-07-07 23:11:28,0.136928
2024-07-07 23:11:29,0.161632
2024-07-07 23:11:30,0.198144
2024-07-07 23:11:31,0.149552
2024-07-07 23:11:32,0.144936
2024-07-07 23:11:33,0.1682
2024-07-07 23:11:34,0.147016
2024-07-07 23:11:35,0.114096
2024-07-07 23:11:36,0.100464
2024-07-07 23:11:37,0.10308
2024-07-07 23:11:38,0.104872
2024-07-07 23:11:39,0.116984
2024-07-07 23:11:40,0.105856
2024-07-07 23:11:41,0.127704
2024-07-07 23:11:42,0.11276
2024-07-07 23:11:43,0.111512
2024-07-07 23:11:44,0.12804
2024-07-07 23:11:45,0.135416
2024-07-07 23:11:46,0.162368
2024-07-07 23:11:47,0.182736
2024-07-07 23:11:48,0.221384
2024-07-07 23:11:49,0.180304
2024-07-07 23:11:50,0.171592
2024-07-07 23:11:51,0.130136
2024-07-07 23:11:52,0.171048
2024-07-07 23:11:53,0.155832
2024-07-07 23:11:54,0.155952
2024-07-07 23:11:55,0.132304
2024-07-07 23:11:56,0.157752
2024-07-07 23:11:57,0.170352
2024-07-07 23:11:58,0.171472
2024-07-07 23:11:59,0.162872
2024-07-07 23:12:00,0.162184
2024-07-07 23:12:01,0.16024
2024-07-07 23:12:02,0.156024
2024-07-07 23:12:03,0.131896
2024-07-07 23:12:04,0.134752
2024-07-07 23:12:05,0.13844
2024-07-07 23:12:06,0.117872
2024-07-07 23:12:07,0.132152
2024-07-07 23:12:08,0.131608
2024-07-07 23:12:09,0.164432
2024-07-07 23:12:10,0.148208
2024-07-07 23:12:11,0.181416
2024-07-07 23:12:12,0.148248
2024-07-07 23:12:13,0.1258
2024-07-07 23:12:14,0.121792
2024-07-07 23:12:15,0.133896
2024-07-07 23:12:16,0.11072
2024-07-07 23:12:17,0.137752
2024-07-07 23:12:18,0.133656
2024-07-07 23:12:19,0.1346
2024-07-07 23:12:20,0.101888
2024-07-07 23:12:21,0.103384
2024-07-07 23:12:22,0.119296
2024-07-07 23:12:23,0.11852
2024-07-07 23:12:24,0.103752
2024-07-07 23:12:25,0.118088
2024-07-07 23:12:26,0.103064
2024-07-07 23:12:27,0.104824
2024-07-07 23:12:28,0.157016
2024-07-07 23:12:29,0.136536
2024-07-07 23:12:30,0.12104
2024-07-07 23:12:31,0.145368
2024-07-07 23:12:32,0.12412
2024-07-07 23:12:33,0.145936
2024-07-07 23:12:34,0.14824
2024-07-07 23:12:35,0.153432
2024-07-07 23:12:36,0.133856
2024-07-07 23:12:37,0.136072
2024-07-07 23:12:38,0.12288
2024-07-07 23:12:39,0.127104
2024-07-07 23:12:40,0.1106
2024-07-07 23:12:41,0.110552
2024-07-07 23:12:42,0.135272
2024-07-07 23:12:43,0.15152
2024-07-07 23:12:44,0.151344
2024-07-07 23:12:45,0.120848
2024-07-07 23:12:46,0.1312
2024-07-07 23:12:47,0.109616
2024-07-07 23:12:48,0.109624
2024-07-07 23:12:49,0.12388
2024-07-07 23:12:50,0.166536
2024-07-07 23:12:51,0.186304
2024-07-07 23:12:52,0.12328
2024-07-07 23:12:53,0.128704
2024-07-07 23:12:54,0.12732
2024-07-07 23:12:55,0.125688
2024-07-07 23:12:56,0.124984
2024-07-07 23:12:57,0.098832
2024-07-07 23:12:58,0.128424
2024-07-07 23:12:59,0.126272
2024-07-07 23:13:00,0.110168
2024-07-07 23:13:01,0.12304
2024-07-07 23:13:02,0.132216
2024-07-07 23:13:03,0.124072
2024-07-07 23:13:04,0.122112
2024-07-07 23:13:05,0.121832
2024-07-07 23:13:06,0.110632
2024-07-07 23:13:07,0.109488
2024-07-07 23:13:08,0.10788
2024-07-07 23:13:09,0.112824
2024-07-07 23:13:10,0.113048
2024-07-07 23:13:11,0.142136
2024-07-07 23:13:12,0.129048
2024-07-07 23:13:13,0.220592
2024-07-07 23:13:14,0.226208
2024-07-07 23:13:15,0.202792
2024-07-07 23:13:16,0.154024
2024-07-07 23:13:17,0.154784
2024-07-07 23:13:18,0.15692
2024-07-07 23:13:19,0.139712
2024-07-07 23:13:20,0.128744
2024-07-07 23:13:21,0.131424
2024-07-07 23:13:22,0.14936
2024-07-07 23:13:23,0.157304
2024-07-07 23:13:24,0.124072
2024-07-07 23:13:25,0.125912
2024-07-07 23:13:26,0.110088
2024-07-07 23:13:27,0.1242
2024-07-07 23:13:28,0.12344
2024-07-07 23:13:29,0.117952
2024-07-07 23:13:30,0.123792
2024-07-07 23:13:31,0.137968
2024-07-07 23:13:32,0.14004
2024-07-07 23:13:33,0.117512
2024-07-07 23:13:34,0.139264
2024-07-07 23:13:35,0.10876
2024-07-07 23:13:36,0.132544
2024-07-07 23:13:37,0.116136
2024-07-07 23:13:38,0.102224
2024-07-07 23:13:39,0.12916
2024-07-07 23:13:40,0.126696
2024-07-07 23:13:41,0.145696
2024-07-07 23:13:42,0.145448
2024-07-07 23:13:43,0.173688
2024-07-07 23:13:44,0.149968
2024-07-07 23:13:45,0.199576
2024-07-07 23:13:46,0.141432
2024-07-07 23:13:47,0.159424
2024-07-07 23:13:48,0.163656
2024-07-07 23:13:49,0.18668
2024-07-07 23:13:50,0.166696
2024-07-07 23:13:51,0.183976
2024-07-07 23:13:52,0.170976
2024-07-07 23:13:53,0.155824
2024-07-07 23:13:54,0.140392
2024-07-07 23:13:55,0.11816
2024-07-07 23:13:56,0.11904
2024-07-07 23:13:57,0.116544
2024-07-07 23:13:58,0.100104
2024-07-07 23:13:59,0.10528
2024-07-07 23:14:00,0.10632
2024-07-07 23:14:01,0.101608
2024-07-07 23:14:02,0.102136
2024-07-07 23:14:03,0.134976
2024-07-07 23:14:04,0.11872
2024-07-07 23:14:05,0.167016
2024-07-07 23:14:06,0.128352
2024-07-07 23:14:07,0.161832
2024-07-07 23:14:08,0.20884
2024-07-07 23:14:09,0.115264
2024-07-07 23:14:10,0.147504
2024-07-07 23:14:11,0.112584
2024-07-07 23:14:12,0.134544
2024-07-07 23:14:13,0.121552
2024-07-07 23:14:14,0.123024
2024-07-07 23:14:15,0.118128
2024-07-07 23:14:16,0.118136
2024-07-07 23:14:17,0.102632
2024-07-07 23:14:18,0.121568
2024-07-07 23:14:19,0.104864
2024-07-07 23:14:20,0.10968
2024-07-07 23:14:21,0.11168
2024-07-07 23:14:22,0.11308
2024-07-07 23:14:23,0.12856
2024-07-07 23:14:24,0.12124
2024-07-07 23:14:25,0.1222
2024-07-07 23:14:26,0.153784
2024-07-07 23:14:27,0.117752
2024-07-07 23:14:28,0.132632
2024-07-07 23:14:29,0.130696
2024-07-07 23:14:30,0.128128
2024-07-07 23:14:31,0.117832
2024-07-07 23:14:32,0.11364
2024-07-07 23:14:33,0.131176
2024-07-07 23:14:34,0.143096
2024-07-07 23:14:35,0.134536
2024-07-07 23:14:36,0.141616
2024-07-07 23:14:37,0.122592
2024-07-07 23:14:38,0.145808
2024-07-07 23:14:39,0.123016
2024-07-07 23:14:40,0.12644
2024-07-07 23:14:41,0.10996
2024-07-07 23:14:42,0.13352
2024-07-07 23:14:43,0.120704
2024-07-07 23:14:44,0.164448
2024-07-07 23:14:45,0.138352
2024-07-07 23:14:46,0.10276
2024-07-07 23:14:47,0.099944
2024-07-07 23:14:48,0.111072
2024-07-07 23:14:49,0.103864
2024-07-07 23:14:50,0.113248
2024-07-07 23:14:51,0.143264
2024-07-07 23:14:52,0.112776
2024-07-07 23:14:53,0.121432
2024-07-07 23:14:54,0.105704
2024-07-07 23:14:55,0.100712
2024-07-07 23:14:56,0.111648
2024-07-07 23:14:57,0.168448
2024-07-07 23:14:58,0.210896
2024-07-07 23:14:59,0.205208
2024-07-07 23:15:00,0.229936
2024-07-07 23:15:01,0.21
2024-07-07 23:15:02,0.147808
2024-07-07 23:15:03,0.196728
2024-07-07 23:15:04,0.149824
2024-07-07 23:15:05,0.156248
2024-07-07 23:15:06,0.143872
2024-07-07 23:15:07,0.162808
2024-07-07 23:15:08,0.135632
2024-07-07 23:15:09,0.130736
2024-07-07 23:15:10,0.109064
2024-07-07 23:15:11,0.109768
2024-07-07 23:15:12,0.145624
2024-07-07 23:15:13,0.108208
2024-07-07 23:15:14,0.12156
2024-07-07 23:15:15,0.163096
2024-07-07 23:15:16,0.172888
2024-07-07 23:15:17,0.136184
2024-07-07 23:15:18,0.158504
2024-07-07 23:15:19,0.174432
2024-07-07 23:15:20,0.143736
2024-07-07 23:15:21,0.13776
2024-07-07 23:15:22,0.19472
2024-07-07 23:15:23,0.158536
2024-07-07 23:15:24,0.188472
2024-07-07 23:15:25,0.197448
2024-07-07 23:15:26,0.124128
2024-07-07 23:15:27,0.141824
2024-07-07 23:15:28,0.143592
2024-07-07 23:15:29,0.138424
2024-07-07 23:15:30,0.184368
2024-07-07 23:15:31,0.131192
2024-07-07 23:15:32,0.126368
2024-07-07 23:15:33,0.112416
2024-07-07 23:15:34,0.130072
2024-07-07 23:15:35,0.111128
2024-07-07 23:15:36,0.10624
2024-07-07 23:15:37,0.11212
2024-07-07 23:15:38,0.10584
2024-07-07 23:15:39,0.113544
2024-07-07 23:15:40,0.101504
2024-07-07 23:15:41,0.09944
2024-07-07 23:15:42,0.090384
2024-07-07 23:15:43,0.10436
2024-07-07 23:15:44,0.106872
2024-07-07 23:15:45,0.115112
2024-07-07 23:15:46,0.100784
2024-07-07 23:15:47,0.130472
2024-07-07 23:15:48,0.133704
2024-07-07 23:15:49,0.135752
2024-07-07 23:15:50,0.1186
2024-07-07 23:15:51,0.1182
2024-07-07 23:15:52,0.103504
2024-07-07 23:15:53,0.120056
2024-07-07 23:15:54,0.11208
2024-07-07 23:15:55,0.119856
2024-07-07 23:15:56,0.145288
2024-07-07 23:15:57,0.179184
2024-07-07 23:15:58,0.179368
2024-07-07 23:15:59,0.133664
2024-07-07 23:16:00,0.12868
2024-07-07 23:16:01,0.144888
2024-07-07 23:16:02,0.12432
2024-07-07 23:16:03,0.131112
2024-07-07 23:16:04,0.11748
2024-07-07 23:16:05,0.132592
2024-07-07 23:16:06,0.130072
2024-07-07 23:16:07,0.125568
2024-07-07 23:16:08,0.123536
2024-07-07 23:16:09,0.142784
2024-07-07 23:16:10,0.119432
2024-07-07 23:16:11,0.121376
2024-07-07 23:16:12,0.131248
2024-07-07 23:16:13,0.129976
2024-07-07 23:16:14,0.127672
2024-07-07 23:16:15,0.142216
2024-07-07 23:16:16,0.140184
2024-07-07 23:16:17,0.12568
2024-07-07 23:16:18,0.123192
2024-07-07 23:16:19,0.116424
2024-07-07 23:16:20,0.138312
2024-07-07 23:16:21,0.123784
2024-07-07 23:16:22,0.110976
2024-07-07 23:16:23,0.117904
2024-07-07 23:16:24,0.116304
2024-07-07 23:16:25,0.126984
2024-07-07 23:16:26,0.11892
2024-07-07 23:16:27,0.107664
2024-07-07 23:16:28,0.096456
2024-07-07 23:16:29,0.102656
2024-07-07 23:16:30,0.10856
2024-07-07 23:16:31,0.119
2024-07-07 23:16:32,0.1112
2024-07-07 23:16:33,0.121264
2024-07-07 23:16:34,0.153952
2024-07-07 23:16:35,0.126016
2024-07-07 23:16:36,0.112208
2024-07-07 23:16:37,0.156576
2024-07-07 23:16:38,0.115672
2024-07-07 23:16:39,0.130584
2024-07-07 23:16:40,0.127136
2024-07-07 23:16:41,0.135472
2024-07-07 23:16:42,0.119808
2024-07-07 23:16:43,0.117968
2024-07-07 23:16:44,0.186592
2024-07-07 23:16:45,0.116384
2024-07-07 23:16:46,0.133096
2024-07-07 23:16:47,0.118784
2024-07-07 23:16:48,0.118688
2024-07-07 23:16:49,0.120384
2024-07-07 23:16:50,0.106704
2024-07-07 23:16:51,0.1376
2024-07-07 23:16:52,0.129104
2024-07-07 23:16:53,0.133624
2024-07-07 23:16:54,0.117624
2024-07-07 23:16:55,0.168056
2024-07-07 23:16:56,0.13804
2024-07-07 23:16:57,0.126864
2024-07-07 23:16:58,0.131104
2024-07-07 23:16:59,0.13712
2024-07-07 23:17:00,0.12244
2024-07-07 23:17:01,0.156488
2024-07-07 23:17:02,0.179824
2024-07-07 23:17:03,0.198288
2024-07-07 23:17:04,0.171184
2024-07-07 23:17:05,0.192768
2024-07-07 23:17:06,0.205368
2024-07-07 23:17:07,0.136728
2024-07-07 23:17:08,0.186152
2024-07-07 23:17:09,0.14632
2024-07-07 23:17:10,0.140096
2024-07-07 23:17:11,0.152816
2024-07-07 23:17:12,0.131104
2024-07-07 23:17:13,0.126224
2024-07-07 23:17:14,0.147912
2024-07-07 23:17:15,0.130864
2024-07-07 23:17:16,0.108112
2024-07-07 23:17:17,0.14456
2024-07-07 23:17:18,0.131944
2024-07-07 23:17:19,0.098568
2024-07-07 23:17:20,0.110976
2024-07-07 23:17:21,0.109736
2024-07-07 23:17:22,0.142384
2024-07-07 23:17:23,0.105168
2024-07-07 23:17:24,0.149528
2024-07-07 23:17:25,0.146656
2024-07-07 23:17:26,0.120336
2024-07-07 23:17:27,0.154864
2024-07-07 23:17:28,0.134648
2024-07-07 23:17:29,0.121536
2024-07-07 23:17:30,0.131088
2024-07-07 23:17:31,0.119872
2024-07-07 23:17:32,0.124776
2024-07-07 23:17:33,0.14032
2024-07-07 23:17:34,0.151096
2024-07-07 23:17:35,0.110536
2024-07-07 23:17:36,0.145712
2024-07-07 23:17:37,0.118656
2024-07-07 23:17:38,0.126688
2024-07-07 23:17:39,0.12204
2024-07-07 23:17:40,0.113488
2024-07-07 23:17:41,0.130584
2024-07-07 23:17:42,0.113936
2024-07-07 23:17:43,0.224136
2024-07-07 23:17:44,0.237888
2024-07-07 23:17:45,0.194328
2024-07-07 23:17:46,0.170296
2024-07-07 23:17:47,0.21936
2024-07-07 23:17:48,0.162864
2024-07-07 23:17:49,0.134328
2024-07-07 23:17:50,0.169392
2024-07-07 23:17:51,0.129456
2024-07-07 23:17:52,0.12504
2024-07-07 23:17:53,0.138256
2024-07-07 23:17:54,0.119752
2024-07-07 23:17:55,0.140584
2024-07-07 23:17:56,0.135048
2024-07-07 23:17:57,0.166304
2024-07-07 23:17:58,0.171128
2024-07-07 23:17:59,0.12668
2024-07-07 23:18:00,0.134736
2024-07-07 23:18:01,0.143256
2024-07-07 23:18:02,0.120808
2024-07-07 23:18:03,0.140816
2024-07-07 23:18:04,0.159912
2024-07-07 23:18:05,0.13328
2024-07-07 23:18:06,0.133448
2024-07-07 23:18:07,0.12804
2024-07-07 23:18:08,0.120232
2024-07-07 23:18:09,0.120112
2024-07-07 23:18:10,0.130552
2024-07-07 23:18:11,0.118696
2024-07-07 23:18:12,0.145984
2024-07-07 23:18:13,0.143392
2024-07-07 23:18:14,0.15476
2024-07-07 23:18:15,0.11976
2024-07-07 23:18:16,0.112552
2024-07-07 23:18:17,0.134992
2024-07-07 23:18:18,0.154752
2024-07-07 23:18:19,0.168416
2024-07-07 23:18:20,0.224576
2024-07-07 23:18:21,0.168256
2024-07-07 23:18:22,0.191312
2024-07-07 23:18:23,0.197832
2024-07-07 23:18:24,0.137824
2024-07-07 23:18:25,0.138096
2024-07-07 23:18:26,0.119632
2024-07-07 23:18:27,0.133592
2024-07-07 23:18:28,0.140944
2024-07-07 23:18:29,0.116224
2024-07-07 23:18:30,0.120784
2024-07-07 23:18:31,0.099776
2024-07-07 23:18:32,0.139152
2024-07-07 23:18:33,0.115512
2024-07-07 23:18:34,0.109808
2024-07-07 23:18:35,0.108744
2024-07-07 23:18:36,0.090456
2024-07-07 23:18:37,0.099592
2024-07-07 23:18:38,0.132616
2024-07-07 23:18:39,0.131288
2024-07-07 23:18:40,0.141216
2024-07-07 23:18:41,0.114592
2024-07-07 23:18:42,0.122112
2024-07-07 23:18:43,0.151568
2024-07-07 23:18:44,0.155728
2024-07-07 23:18:45,0.18168
2024-07-07 23:18:46,0.123552
2024-07-07 23:18:47,0.12384
2024-07-07 23:18:48,0.122864
2024-07-07 23:18:49,0.117016
2024-07-07 23:18:50,0.122128
2024-07-07 23:18:51,0.117584
2024-07-07 23:18:52,0.116048
2024-07-07 23:18:53,0.124912
2024-07-07 23:18:54,0.1232
2024-07-07 23:18:55,0.111744
2024-07-07 23:18:56,0.10952
2024-07-07 23:18:57,0.114184
2024-07-07 23:18:58,0.131712
2024-07-07 23:18:59,0.141192
2024-07-07 23:19:00,0.120632
2024-07-07 23:19:01,0.156088
2024-07-07 23:19:02,0.249624
2024-07-07 23:19:03,0.118832
2024-07-07 23:19:04,0.130368
2024-07-07 23:19:05,0.16188
2024-07-07 23:19:06,0.121008
2024-07-07 23:19:07,0.126432
2024-07-07 23:19:08,0.152248
2024-07-07 23:19:09,0.154648
2024-07-07 23:19:10,0.142232
2024-07-07 23:19:11,0.130408
2024-07-07 23:19:12,0.123664
2024-07-07 23:19:13,0.133872
2024-07-07 23:19:14,0.141424
2024-07-07 23:19:15,0.11892
2024-07-07 23:19:16,0.116992
2024-07-07 23:19:17,0.110792
2024-07-07 23:19:18,0.116552
2024-07-07 23:19:19,0.112056
2024-07-07 23:19:20,0.124712
2024-07-07 23:19:21,0.120408
2024-07-07 23:19:22,0.147632
2024-07-07 23:19:23,0.121416
2024-07-07 23:19:24,0.096472
2024-07-07 23:19:25,0.110784
2024-07-07 23:19:26,0.115056
2024-07-07 23:19:27,0.099
2024-07-07 23:19:28,0.12548
2024-07-07 23:19:29,0.123208
2024-07-07 23:19:30,0.124976
2024-07-07 23:19:31,0.137264
2024-07-07 23:19:32,0.129328
2024-07-07 23:19:33,0.16644
2024-07-07 23:19:34,0.183208
2024-07-07 23:19:35,0.235568
2024-07-07 23:19:36,0.187552
2024-07-07 23:19:37,0.133368
2024-07-07 23:19:38,0.144816
2024-07-07 23:19:39,0.153856
2024-07-07 23:19:40,0.163176
2024-07-07 23:19:41,0.189
2024-07-07 23:19:42,0.131504
2024-07-07 23:19:43,0.123752
2024-07-07 23:19:44,0.135672
2024-07-07 23:19:45,0.146624
2024-07-07 23:19:46,0.115304
2024-07-07 23:19:47,0.12636
2024-07-07 23:19:48,0.118112
2024-07-07 23:19:49,0.165288
2024-07-07 23:19:50,0.1118
2024-07-07 23:19:51,0.115024
2024-07-07 23:19:52,0.110752
2024-07-07 23:19:53,0.131568
2024-07-07 23:19:54,0.129432
2024-07-07 23:19:55,0.122984
2024-07-07 23:19:56,0.125536
2024-07-07 23:19:57,0.1222
2024-07-07 23:19:58,0.124368
2024-07-07 23:19:59,0.127232
2024-07-07 23:20:00,0.139728
2024-07-07 23:20:01,0.118416
2024-07-07 23:20:02,0.1304
2024-07-07 23:20:03,0.119176
2024-07-07 23:20:04,0.139952
2024-07-07 23:20:05,0.132952
2024-07-07 23:20:06,0.12008
2024-07-07 23:20:07,0.111528
2024-07-07 23:20:08,0.106368
2024-07-07 23:20:09,0.12088
2024-07-07 23:20:10,0.121352
2024-07-07 23:20:11,0.13416
2024-07-07 23:20:12,0.145384
2024-07-07 23:20:13,0.1348
2024-07-07 23:20:14,0.149368
2024-07-07 23:20:15,0.144016
2024-07-07 23:20:16,0.124408
2024-07-07 23:20:17,0.139928
2024-07-07 23:20:18,0.131
2024-07-07 23:20:19,0.14312
2024-07-07 23:20:20,0.113504
2024-07-07 23:20:21,0.118672
2024-07-07 23:20:22,0.14696
2024-07-07 23:20:23,0.12836
2024-07-07 23:20:24,0.140512
2024-07-07 23:20:25,0.13776
2024-07-07 23:20:26,0.140272
2024-07-07 23:20:27,0.124472
2024-07-07 23:20:28,0.131664
2024-07-07 23:20:29,0.145096
2024-07-07 23:20:30,0.152704
2024-07-07 23:20:31,0.157504
2024-07-07 23:20:32,0.188888
2024-07-07 23:20:33,0.147624
2024-07-07 23:20:34,0.142168
2024-07-07 23:20:35,0.126432
2024-07-07 23:20:36,0.12512
2024-07-07 23:20:37,0.100992
2024-07-07 23:20:38,0.10576
2024-07-07 23:20:39,0.082096
2024-07-07 23:20:40,0.087368
2024-07-07 23:20:41,0.086216
2024-07-07 23:20:42,0.09504
2024-07-07 23:20:43,0.092128
2024-07-07 23:20:44,0.119168
2024-07-07 23:20:45,0.129696
2024-07-07 23:20:46,0.101064
2024-07-07 23:20:47,0.109336
2024-07-07 23:20:48,0.123784
2024-07-07 23:20:49,0.132544
2024-07-07 23:20:50,0.131776
2024-07-07 23:20:51,0.115904
2024-07-07 23:20:52,0.126328
2024-07-07 23:20:53,0.111912
2024-07-07 23:20:54,0.102008
2024-07-07 23:20:55,0.117552
2024-07-07 23:20:56,0.11368
2024-07-07 23:20:57,0.117536
2024-07-07 23:20:58,0.111032
2024-07-07 23:20:59,0.126088
2024-07-07 23:21:00,0.125176
2024-07-07 23:21:01,0.138608
2024-07-07 23:21:02,0.154872
2024-07-07 23:21:03,0.138544
2024-07-07 23:21:04,0.1338
2024-07-07 23:21:05,0.144232
2024-07-07 23:21:06,0.132656
2024-07-07 23:21:07,0.133752
2024-07-07 23:21:08,0.125168
2024-07-07 23:21:09,0.133104
2024-07-07 23:21:10,0.120936
2024-07-07 23:21:11,0.137144
2024-07-07 23:21:12,0.145744
2024-07-07 23:21:13,0.148608
2024-07-07 23:21:14,0.154456
2024-07-07 23:21:15,0.134776
2024-07-07 23:21:16,0.144088
2024-07-07 23:21:17,0.183928
2024-07-07 23:21:18,0.18068
2024-07-07 23:21:19,0.128984
2024-07-07 23:21:20,0.134208
2024-07-07 23:21:21,0.177224
2024-07-07 23:21:22,0.163192
2024-07-07 23:21:23,0.176392
2024-07-07 23:21:24,0.167512
2024-07-07 23:21:25,0.160568
2024-07-07 23:21:26,0.147904
2024-07-07 23:21:27,0.190072
2024-07-07 23:21:28,0.191384
2024-07-07 23:21:29,0.158232
2024-07-07 23:21:30,0.21148
2024-07-07 23:21:31,0.137936
2024-07-07 23:21:32,0.141144
2024-07-07 23:21:33,0.126912
2024-07-07 23:21:34,0.14716
2024-07-07 23:21:35,0.142256
2024-07-07 23:21:36,0.123808
2024-07-07 23:21:37,0.16216
2024-07-07 23:21:38,0.158552
2024-07-07 23:21:39,0.109808
2024-07-07 23:21:40,0.098008
2024-07-07 23:21:41,0.098656
2024-07-07 23:21:42,0.102448
2024-07-07 23:21:43,0.097576
2024-07-07 23:21:44,0.10088
2024-07-07 23:21:45,0.124736
2024-07-07 23:21:46,0.096448
2024-07-07 23:21:47,0.11656
2024-07-07 23:21:48,0.095552
2024-07-07 23:21:49,0.11536
2024-07-07 23:21:50,0.10884
2024-07-07 23:21:51,0.127544
2024-07-07 23:21:52,0.125088
2024-07-07 23:21:53,0.139456
2024-07-07 23:21:54,0.097304
2024-07-07 23:21:55,0.125704
2024-07-07 23:21:56,0.12416
2024-07-07 23:21:57,0.118144
2024-07-07 23:21:58,0.132128
2024-07-07 23:21:59,0.138448
2024-07-07 23:22:00,0.18192
2024-07-07 23:22:01,0.12364
2024-07-07 23:22:02,0.208464
2024-07-07 23:22:03,0.172576
2024-07-07 23:22:04,0.204144
2024-07-07 23:22:05,0.117656
2024-07-07 23:22:06,0.159048
2024-07-07 23:22:07,0.138104
2024-07-07 23:22:08,0.162392
2024-07-07 23:22:09,0.146048
2024-07-07 23:22:10,0.173288
2024-07-07 23:22:11,0.143152
2024-07-07 23:22:12,0.140056
2024-07-07 23:22:13,0.162552
2024-07-07 23:22:14,0.134608
2024-07-07 23:22:15,0.191656
2024-07-07 23:22:16,0.158216
2024-07-07 23:22:17,0.168184
2024-07-07 23:22:18,0.145496
2024-07-07 23:22:19,0.170904
2024-07-07 23:22:20,0.172152
2024-07-07 23:22:21,0.163664
2024-07-07 23:22:22,0.169632
2024-07-07 23:22:23,0.116152
2024-07-07 23:22:24,0.168016
2024-07-07 23:22:25,0.163496
2024-07-07 23:22:26,0.168912
2024-07-07 23:22:27,0.091328
2024-07-07 23:22:28,0.135288
2024-07-07 23:22:29,0.113032
2024-07-07 23:22:30,0.097856
2024-07-07 23:22:31,0.09572
2024-07-07 23:22:32,0.089344
2024-07-07 23:22:33,0.087792
2024-07-07 23:22:34,0.10144
2024-07-07 23:22:35,0.104296
2024-07-07 23:22:36,0.106088
2024-07-07 23:22:37,0.104776
2024-07-07 23:22:38,0.113096
2024-07-07 23:22:39,0.114352
2024-07-07 23:22:40,0.124376
2024-07-07 23:22:41,0.09648
2024-07-07 23:22:42,0.105688
2024-07-07 23:22:43,0.096488
2024-07-07 23:22:44,0.097744
2024-07-07 23:22:45,0.140152
2024-07-07 23:22:46,0.09712
2024-07-07 23:22:47,0.12496
2024-07-07 23:22:48,0.11648
2024-07-07 23:22:49,0.160784
2024-07-07 23:22:50,0.125496
2024-07-07 23:22:51,0.135712
2024-07-07 23:22:52,0.159528
2024-07-07 23:22:53,0.16768
2024-07-07 23:22:54,0.15312
2024-07-07 23:22:55,0.1774
2024-07-07 23:22:56,0.115272
2024-07-07 23:22:57,0.110032
2024-07-07 23:22:58,0.124624
2024-07-07 23:22:59,0.104984
2024-07-07 23:23:00,0.126816
2024-07-07 23:23:01,0.122032
2024-07-07 23:23:02,0.132968
2024-07-07 23:23:03,0.165896
2024-07-07 23:23:04,0.129216
2024-07-07 23:23:05,0.138792
2024-07-07 23:23:06,0.124984
2024-07-07 23:23:07,0.152272
2024-07-07 23:23:08,0.124416
2024-07-07 23:23:09,0.107968
2024-07-07 23:23:10,0.115096
2024-07-07 23:23:11,0.108664
2024-07-07 23:23:12,0.079472
2024-07-07 23:23:13,0.072272
2024-07-07 23:23:14,0.06676
2024-07-07 23:23:15,0.073816
2024-07-07 23:23:16,0.077176
2024-07-07 23:23:17,0.096312
2024-07-07 23:23:18,0.105008
2024-07-07 23:23:19,0.133184
2024-07-07 23:23:20,0.140928
2024-07-07 23:23:21,0.132216
2024-07-07 23:23:22,0.134488
2024-07-07 23:23:23,0.113784
2024-07-07 23:23:24,0.111152
2024-07-07 23:23:25,0.117488
2024-07-07 23:23:26,0.127968
2024-07-07 23:23:27,0.154456
2024-07-07 23:23:28,0.108872
2024-07-07 23:23:29,0.126608
2024-07-07 23:23:30,0.14292
2024-07-07 23:23:31,0.149264
2024-07-07 23:23:32,0.138048
2024-07-07 23:23:33,0.172128
2024-07-07 23:23:34,0.139736
2024-07-07 23:23:35,0.121104
2024-07-07 23:23:36,0.11496
2024-07-07 23:23:37,0.142192
2024-07-07 23:23:38,0.141024
2024-07-07 23:23:39,0.139512
2024-07-07 23:23:40,0.151576
2024-07-07 23:23:41,0.127256
2024-07-07 23:23:42,0.155016
2024-07-07 23:23:43,0.192616
2024-07-07 23:23:44,0.16004
2024-07-07 23:23:45,0.189808
2024-07-07 23:23:46,0.181424
2024-07-07 23:23:47,0.227512
2024-07-07 23:23:48,0.204248
2024-07-07 23:23:49,0.24552
2024-07-07 23:23:50,0.178584
2024-07-07 23:23:51,0.17936
2024-07-07 23:23:52,0.151416
2024-07-07 23:23:53,0.16396
2024-07-07 23:23:54,0.14384
2024-07-07 23:23:55,0.148224
2024-07-07 23:23:56,0.140216
2024-07-07 23:23:57,0.131448
2024-07-07 23:23:58,0.121856
2024-07-07 23:23:59,0.132168
2024-07-07 23:24:00,0.142848
2024-07-07 23:24:01,0.132448
2024-07-07 23:24:02,0.132528
2024-07-07 23:24:03,0.110936
2024-07-07 23:24:04,0.114336
2024-07-07 23:24:05,0.135432
2024-07-07 23:24:06,0.145024
2024-07-07 23:24:07,0.139488
2024-07-07 23:24:08,0.12948
2024-07-07 23:24:09,0.133008
2024-07-07 23:24:10,0.113504
2024-07-07 23:24:11,0.09968
2024-07-07 23:24:12,0.095232
2024-07-07 23:24:13,0.097136
2024-07-07 23:24:14,0.087344
2024-07-07 23:24:15,0.088992
2024-07-07 23:24:16,0.107488
2024-07-07 23:24:17,0.109992
2024-07-07 23:24:18,0.115104
2024-07-07 23:24:19,0.131824
2024-07-07 23:24:20,0.178168
2024-07-07 23:24:21,0.141912
2024-07-07 23:24:22,0.103032
2024-07-07 23:24:23,0.132072
2024-07-07 23:24:24,0.112616
2024-07-07 23:24:25,0.152712
2024-07-07 23:24:26,0.144016
2024-07-07 23:24:27,0.135736
2024-07-07 23:24:28,0.146264
2024-07-07 23:24:29,0.131976
2024-07-07 23:24:30,0.107352
2024-07-07 23:24:31,0.117296
2024-07-07 23:24:32,0.096944
2024-07-07 23:24:33,0.139768
2024-07-07 23:24:34,0.092
2024-07-07 23:24:35,0.101304
2024-07-07 23:24:36,0.107072
2024-07-07 23:24:37,0.128368
2024-07-07 23:24:38,0.144864
2024-07-07 23:24:39,0.11324
2024-07-07 23:24:40,0.108272
2024-07-07 23:24:41,0.144544
2024-07-07 23:24:42,0.12512
2024-07-07 23:24:43,0.09844
2024-07-07 23:24:44,0.120728
2024-07-07 23:24:45,0.141272
2024-07-07 23:24:46,0.113032
2024-07-07 23:24:47,0.106944
2024-07-07 23:24:48,0.141752
2024-07-07 23:24:49,0.131288
2024-07-07 23:24:50,0.141656
2024-07-07 23:24:51,0.146672
2024-07-07 23:24:52,0.139216
2024-07-07 23:24:53,0.141136
2024-07-07 23:24:54,0.140328
2024-07-07 23:24:55,0.159256
2024-07-07 23:24:56,0.110952
2024-07-07 23:24:57,0.136424
2024-07-07 23:24:58,0.127136
2024-07-07 23:24:59,0.133072
2024-07-07 23:25:00,0.17328
2024-07-07 23:25:01,0.144832
2024-07-07 23:25:02,0.129912
2024-07-07 23:25:03,0.171496
2024-07-07 23:25:04,0.155224
2024-07-07 23:25:05,0.135472
2024-07-07 23:25:06,0.122136
2024-07-07 23:25:07,0.137728
2024-07-07 23:25:08,0.179616
2024-07-07 23:25:09,0.154576
2024-07-07 23:25:10,0.175632
2024-07-07 23:25:11,0.147336
2024-07-07 23:25:12,0.14512
2024-07-07 23:25:13,0.122912
2024-07-07 23:25:14,0.153496
2024-07-07 23:25:15,0.129048
2024-07-07 23:25:16,0.148896
2024-07-07 23:25:17,0.133376
2024-07-07 23:25:18,0.1474
2024-07-07 23:25:19,0.133072
2024-07-07 23:25:20,0.14372
2024-07-07 23:25:21,0.15088
2024-07-07 23:25:22,0.124608
2024-07-07 23:25:23,0.120344
2024-07-07 23:25:24,0.111224
2024-07-07 23:25:25,0.095352
2024-07-07 23:25:26,0.1094
2024-07-07 23:25:27,0.114984
2024-07-07 23:25:28,0.140792
2024-07-07 23:25:29,0.152864
2024-07-07 23:25:30,0.119488
2024-07-07 23:25:31,0.113664
2024-07-07 23:25:32,0.131048
2024-07-07 23:25:33,0.118816
2024-07-07 23:25:34,0.128024
2024-07-07 23:25:35,0.141088
2024-07-07 23:25:36,0.127
2024-07-07 23:25:37,0.106
2024-07-07 23:25:38,0.101768
2024-07-07 23:25:39,0.123744
2024-07-07 23:25:40,0.104
2024-07-07 23:25:41,0.108112
2024-07-07 23:25:42,0.131056
2024-07-07 23:25:43,0.118032
2024-07-07 23:25:44,0.11924
2024-07-07 23:25:45,0.178064
2024-07-07 23:25:46,0.154432
2024-07-07 23:25:47,0.188672
2024-07-07 23:25:48,0.198696
2024-07-07 23:25:49,0.16612
2024-07-07 23:25:50,0.204552
2024-07-07 23:25:51,0.1742
2024-07-07 23:25:52,0.139904
2024-07-07 23:25:53,0.112496
2024-07-07 23:25:54,0.124408
2024-07-07 23:25:55,0.14612
2024-07-07 23:25:56,0.12168
2024-07-07 23:25:57,0.120024
2024-07-07 23:25:58,0.131296
2024-07-07 23:25:59,0.136096
2024-07-07 23:26:00,0.129776
2024-07-07 23:26:01,0.126336
2024-07-07 23:26:02,0.138432
2024-07-07 23:26:03,0.126096
2024-07-07 23:26:04,0.118104
2024-07-07 23:26:05,0.04816
2024-07-07 23:26:06,0.18584
2024-07-07 23:26:07,0.1394
2024-07-07 23:26:08,0.143688
2024-07-07 23:26:09,0.174744
2024-07-07 23:26:10,0.158776
2024-07-07 23:26:11,0.186112
2024-07-07 23:26:12,0.173448
2024-07-07 23:26:13,0.180648
2024-07-07 23:26:14,0.130256
2024-07-07 23:26:15,0.128416
2024-07-07 23:26:16,0.112384
2024-07-07 23:26:17,0.098832
2024-07-07 23:26:18,0.101168
2024-07-07 23:26:19,0.115416
2024-07-07 23:26:20,0.1108
2024-07-07 23:26:21,0.104816
2024-07-07 23:26:22,0.094952
2024-07-07 23:26:23,0.08564
2024-07-07 23:26:24,0.109112
2024-07-07 23:26:25,0.128192
2024-07-07 23:26:26,0.118928
2024-07-07 23:26:27,0.171632
2024-07-07 23:26:28,0.136704
2024-07-07 23:26:29,0.150088
2024-07-07 23:26:30,0.133424
2024-07-07 23:26:31,0.110968
2024-07-07 23:26:32,0.116024
2024-07-07 23:26:33,0.112976
2024-07-07 23:26:34,0.102728
2024-07-07 23:26:35,0.115856
2024-07-07 23:26:36,0.108488
2024-07-07 23:26:37,0.164728
2024-07-07 23:26:38,0.16952
2024-07-07 23:26:39,0.099584
2024-07-07 23:26:40,0.107456
2024-07-07 23:26:41,0.113264
2024-07-07 23:26:42,0.119512
2024-07-07 23:26:43,0.08948
2024-07-07 23:26:44,0.107152
2024-07-07 23:26:45,0.159664
2024-07-07 23:26:46,0.119576
2024-07-07 23:26:47,0.115512
2024-07-07 23:26:48,0.145744
2024-07-07 23:26:49,0.134288
2024-07-07 23:26:50,0.112472
2024-07-07 23:26:51,0.110992
2024-07-07 23:26:52,0.103912
2024-07-07 23:26:53,0.122
2024-07-07 23:26:54,0.119976
2024-07-07 23:26:55,0.158832
2024-07-07 23:26:56,0.136208
2024-07-07 23:26:57,0.13328
2024-07-07 23:26:58,0.137488
2024-07-07 23:26:59,0.132144
2024-07-07 23:27:00,0.132944
2024-07-07 23:27:01,0.13648
2024-07-07 23:27:02,0.142224
2024-07-07 23:27:03,0.158264
2024-07-07 23:27:04,0.105288
2024-07-07 23:27:05,0.110096
2024-07-07 23:27:06,0.11884
2024-07-07 23:27:07,0.150752
2024-07-07 23:27:08,0.135992
2024-07-07 23:27:09,0.12416
2024-07-07 23:27:10,0.143472
2024-07-07 23:27:11,0.15364
2024-07-07 23:27:12,0.159936
2024-07-07 23:27:13,0.138184
2024-07-07 23:27:14,0.198832
2024-07-07 23:27:15,0.1702
2024-07-07 23:27:16,0.18316
2024-07-07 23:27:17,0.102904
2024-07-07 23:27:18,0.150152
2024-07-07 23:27:19,0.156672
2024-07-07 23:27:20,0.11296
2024-07-07 23:27:21,0.119328
2024-07-07 23:27:22,0.12576
2024-07-07 23:27:23,0.1206
2024-07-07 23:27:24,0.145968
2024-07-07 23:27:25,0.125448
2024-07-07 23:27:26,0.124032
2024-07-07 23:27:27,0.142096
2024-07-07 23:27:28,0.1094
2024-07-07 23:27:29,0.1158
2024-07-07 23:27:30,0.101488
2024-07-07 23:27:31,0.10072
2024-07-07 23:27:32,0.107776
2024-07-07 23:27:33,0.121056
2024-07-07 23:27:34,0.118064
2024-07-07 23:27:35,0.16004
2024-07-07 23:27:36,0.124664
2024-07-07 23:27:37,0.09904
2024-07-07 23:27:38,0.120336
2024-07-07 23:27:39,0.109656
2024-07-07 23:27:40,0.119032
2024-07-07 23:27:41,0.113352
2024-07-07 23:27:42,0.12944
2024-07-07 23:27:43,0.118232
2024-07-07 23:27:44,0.154832
2024-07-07 23:27:45,0.186792
2024-07-07 23:27:46,0.111088
2024-07-07 23:27:47,0.13228
2024-07-07 23:27:48,0.101488
2024-07-07 23:27:49,0.117904
2024-07-07 23:27:50,0.088408
2024-07-07 23:27:51,0.089576
2024-07-07 23:27:52,0.08032
2024-07-07 23:27:53,0.085928
2024-07-07 23:27:54,0.106368
2024-07-07 23:27:55,0.101184
2024-07-07 23:27:56,0.084832
2024-07-07 23:27:57,0.096952
2024-07-07 23:27:58,0.113776
2024-07-07 23:27:59,0.120848
2024-07-07 23:28:00,0.151376
2024-07-07 23:28:01,0.125776
2024-07-07 23:28:02,0.129472
2024-07-07 23:28:03,0.123144
2024-07-07 23:28:04,0.097456
2024-07-07 23:28:05,0.09404
2024-07-07 23:28:06,0.122176
2024-07-07 23:28:07,0.101024
2024-07-07 23:28:08,0.096376
2024-07-07 23:28:09,0.142664
2024-07-07 23:28:10,0.108384
2024-07-07 23:28:11,0.093904
2024-07-07 23:28:12,0.108664
2024-07-07 23:28:13,0.167632
2024-07-07 23:28:14,0.188896
2024-07-07 23:28:15,0.202776
2024-07-07 23:28:16,0.169256
2024-07-07 23:28:17,0.149248
2024-07-07 23:28:18,0.143904
2024-07-07 23:28:19,0.192048
2024-07-07 23:28:20,0.143392
2024-07-07 23:28:21,0.102912
2024-07-07 23:28:22,0.101656
2024-07-07 23:28:23,0.117336
2024-07-07 23:28:24,0.109296
2024-07-07 23:28:25,0.108704
2024-07-07 23:28:26,0.101536
2024-07-07 23:28:27,0.114464
2024-07-07 23:28:28,0.092688
2024-07-07 23:28:29,0.102608
2024-07-07 23:28:30,0.104936
2024-07-07 23:28:31,0.10984
2024-07-07 23:28:32,0.097904
2024-07-07 23:28:33,0.121528
2024-07-07 23:28:34,0.093456
2024-07-07 23:28:35,0.080808
2024-07-07 23:28:36,0.129256
2024-07-07 23:28:37,0.082944
2024-07-07 23:28:38,0.093064
2024-07-07 23:28:39,0.094352
2024-07-07 23:28:40,0.093736
2024-07-07 23:28:41,0.102568
2024-07-07 23:28:42,0.105656
2024-07-07 23:28:43,0.088264
2024-07-07 23:28:44,0.086664
2024-07-07 23:28:45,0.139008
2024-07-07 23:28:46,0.075496
2024-07-07 23:28:47,0.106728
2024-07-07 23:28:48,0.092176
2024-07-07 23:28:49,0.090136
2024-07-07 23:28:50,0.096048
2024-07-07 23:28:51,0.103424
2024-07-07 23:28:52,0.10864
2024-07-07 23:28:53,0.10036
2024-07-07 23:28:54,0.097336
2024-07-07 23:28:55,0.098368
2024-07-07 23:28:56,0.087992
2024-07-07 23:28:57,0.100496
2024-07-07 23:28:58,0.125576
2024-07-07 23:28:59,0.12604
2024-07-07 23:29:00,0.13204
2024-07-07 23:29:01,0.126832
2024-07-07 23:29:02,0.1588
2024-07-07 23:29:03,0.118656
2024-07-07 23:29:04,0.112976
2024-07-07 23:29:05,0.110024
2024-07-07 23:29:06,0.12836
2024-07-07 23:29:07,0.120152
2024-07-07 23:29:08,0.119936
2024-07-07 23:29:09,0.10228
2024-07-07 23:29:10,0.11704
2024-07-07 23:29:11,0.10976
2024-07-07 23:29:12,0.144872
2024-07-07 23:29:13,0.151528
2024-07-07 23:29:14,0.187904
2024-07-07 23:29:15,0.140912
2024-07-07 23:29:16,0.126144
2024-07-07 23:29:17,0.12724
2024-07-07 23:29:18,0.144248
2024-07-07 23:29:19,0.132824
2024-07-07 23:29:20,0.160792
2024-07-07 23:29:21,0.160208
2024-07-07 23:29:22,0.170016
2024-07-07 23:29:23,0.167304
2024-07-07 23:29:24,0.16584
2024-07-07 23:29:25,0.176736
2024-07-07 23:29:26,0.177976
2024-07-07 23:29:27,0.145984
2024-07-07 23:29:28,0.190832
2024-07-07 23:29:29,0.166656
2024-07-07 23:29:30,0.121256
2024-07-07 23:29:31,0.134128
2024-07-07 23:29:32,0.135128
2024-07-07 23:29:33,0.150992
2024-07-07 23:29:34,0.13732
2024-07-07 23:29:35,0.133576
2024-07-07 23:29:36,0.153064
2024-07-07 23:29:37,0.183904
2024-07-07 23:29:38,0.15984
2024-07-07 23:29:39,0.257864
2024-07-07 23:29:40,0.162688
2024-07-07 23:29:41,0.141504
2024-07-07 23:29:42,0.160736
2024-07-07 23:29:43,0.118736
2024-07-07 23:29:44,0.137872
2024-07-07 23:29:45,0.129624
2024-07-07 23:29:46,0.130784
2024-07-07 23:29:47,0.112304
2024-07-07 23:29:48,0.099416
2024-07-07 23:29:49,0.104424
2024-07-07 23:29:50,0.124088
2024-07-07 23:29:51,0.102664
2024-07-07 23:29:52,0.121296
2024-07-07 23:29:53,0.124488
2024-07-07 23:29:54,0.167192
2024-07-07 23:29:55,0.164632
2024-07-07 23:29:56,0.119976
2024-07-07 23:29:57,0.130952
2024-07-07 23:29:58,0.110624
2024-07-07 23:29:59,0.114432
2024-07-07 23:30:00,0.116888
2024-07-07 23:30:01,0.152856
2024-07-07 23:30:02,0.1434
2024-07-07 23:30:03,0.111392
2024-07-07 23:30:04,0.1258
2024-07-07 23:30:05,0.139408
2024-07-07 23:30:06,0.131472
2024-07-07 23:30:07,0.107816
2024-07-07 23:30:08,0.08844
2024-07-07 23:30:09,0.080416
2024-07-07 23:30:10,0.095808
2024-07-07 23:30:11,0.10464
2024-07-07 23:30:12,0.12188
2024-07-07 23:30:13,0.133944
2024-07-07 23:30:14,0.116784
2024-07-07 23:30:15,0.12708
2024-07-07 23:30:16,0.106288
2024-07-07 23:30:17,0.14208
2024-07-07 23:30:18,0.123824
2024-07-07 23:30:19,0.106096
2024-07-07 23:30:20,0.102568
2024-07-07 23:30:21,0.102168
2024-07-07 23:30:22,0.115056
2024-07-07 23:30:23,0.080608
2024-07-07 23:30:24,0.08904
2024-07-07 23:30:25,0.100328
2024-07-07 23:30:26,0.098288
2024-07-07 23:30:27,0.102304
2024-07-07 23:30:28,0.107064
2024-07-07 23:30:29,0.116
2024-07-07 23:30:30,0.158864
2024-07-07 23:30:31,0.105792
2024-07-07 23:30:32,0.119408
2024-07-07 23:30:33,0.09696
2024-07-07 23:30:34,0.106064
2024-07-07 23:30:35,0.123792
2024-07-07 23:30:36,0.096784
2024-07-07 23:30:37,0.094576
2024-07-07 23:30:38,0.123128
2024-07-07 23:30:39,0.119384
2024-07-07 23:30:40,0.095032
2024-07-07 23:30:41,0.11804
2024-07-07 23:30:42,0.116728
2024-07-07 23:30:43,0.110504
2024-07-07 23:30:44,0.104384
2024-07-07 23:30:45,0.115784
2024-07-07 23:30:46,0.123848
2024-07-07 23:30:47,0.124536
2024-07-07 23:30:48,0.1176
2024-07-07 23:30:49,0.130912
2024-07-07 23:30:50,0.106432
2024-07-07 23:30:51,0.118248
2024-07-07 23:30:52,0.109496
2024-07-07 23:30:53,0.139544
2024-07-07 23:30:54,0.122856
2024-07-07 23:30:55,0.143544
2024-07-07 23:30:56,0.135384
2024-07-07 23:30:57,0.169736
2024-07-07 23:30:58,0.155472
2024-07-07 23:30:59,0.136248
2024-07-07 23:31:00,0.133584
2024-07-07 23:31:01,0.144912
2024-07-07 23:31:02,0.150432
2024-07-07 23:31:03,0.126328
2024-07-07 23:31:04,0.122024
2024-07-07 23:31:05,0.136064
2024-07-07 23:31:06,0.117328
2024-07-07 23:31:07,0.13224
2024-07-07 23:31:08,0.135328
2024-07-07 23:31:09,0.116776
2024-07-07 23:31:10,0.122888
2024-07-07 23:31:11,0.141608
2024-07-07 23:31:12,0.152456
2024-07-07 23:31:13,0.152752
2024-07-07 23:31:14,0.184496
2024-07-07 23:31:15,0.232504
2024-07-07 23:31:16,0.20784
2024-07-07 23:31:17,0.221624
2024-07-07 23:31:18,0.21404
2024-07-07 23:31:19,0.182856
2024-07-07 23:31:20,0.153872
2024-07-07 23:31:21,0.14788
2024-07-07 23:31:22,0.17472
2024-07-07 23:31:23,0.158848
2024-07-07 23:31:24,0.156696
2024-07-07 23:31:25,0.144432
2024-07-07 23:31:26,0.107128
2024-07-07 23:31:27,0.138592
2024-07-07 23:31:28,0.120896
2024-07-07 23:31:29,0.164504
2024-07-07 23:31:30,0.122048
2024-07-07 23:31:31,0.130368
2024-07-07 23:31:32,0.157632
2024-07-07 23:31:33,0.139272
2024-07-07 23:31:34,0.148464
2024-07-07 23:31:35,0.129608
2024-07-07 23:31:36,0.120992
2024-07-07 23:31:37,0.113288
2024-07-07 23:31:38,0.100472
2024-07-07 23:31:39,0.112256
2024-07-07 23:31:40,0.105704
2024-07-07 23:31:41,0.070744
2024-07-07 23:31:42,0.093776
2024-07-07 23:31:43,0.073792
2024-07-07 23:31:44,0.077352
2024-07-07 23:31:45,0.00912
2024-07-07 23:31:46,0.00124
2024-07-07 23:31:47,0.00188
2024-07-07 23:31:48,0.00124
2024-07-07 23:31:49,0.002368
2024-07-07 23:31:50,0.00124
2024-07-07 23:31:51,0.00568
