time,mbps
2024-07-18 09:02:12,0.004312
2024-07-18 09:02:13,0.012464
2024-07-18 09:02:14,0.003824
2024-07-18 09:02:15,0.020616
2024-07-18 09:02:16,0.01728
2024-07-18 09:02:17,0.026904
2024-07-18 09:02:18,0.01408
2024-07-18 09:02:19,0.020704
2024-07-18 09:02:20,0.01576
2024-07-18 09:02:21,0.012432
2024-07-18 09:02:22,0.015176
2024-07-18 09:02:23,0.00492
2024-07-18 09:02:24,0.003336
2024-07-18 09:02:25,0.03472
2024-07-18 09:02:26,0.032032
2024-07-18 09:02:27,0.115072
2024-07-18 09:02:28,0.035808
2024-07-18 09:02:29,0.068168
2024-07-18 09:02:30,0.01492
2024-07-18 09:02:31,0.017536
2024-07-18 09:02:32,0.003336
2024-07-18 09:02:33,0.069992
2024-07-18 09:02:34,0.012616
2024-07-18 09:02:35,0.005776
2024-07-18 09:02:36,0.029936
2024-07-18 09:02:37,0.04308
2024-07-18 09:02:38,0.061808
2024-07-18 09:02:39,0.051528
2024-07-18 09:02:40,0.062472
2024-07-18 09:02:41,0.082448
2024-07-18 09:02:42,0.057664
2024-07-18 09:02:43,0.094944
2024-07-18 09:02:44,0.08356
2024-07-18 09:02:45,0.0834
2024-07-18 09:02:46,0.128512
2024-07-18 09:02:47,0.100392
2024-07-18 09:02:48,0.076576
2024-07-18 09:02:49,0.049816
2024-07-18 09:02:50,0.0456
2024-07-18 09:02:51,0.070224
2024-07-18 09:02:52,0.05596
2024-07-18 09:02:53,0.046664
2024-07-18 09:02:54,0.091488
2024-07-18 09:02:55,0.230816
2024-07-18 09:02:56,0.057584
2024-07-18 09:02:57,0.043168
2024-07-18 09:02:58,0.059336
2024-07-18 09:02:59,0.048552
2024-07-18 09:03:00,0.117968
2024-07-18 09:03:01,0.097912
2024-07-18 09:03:02,0.146888
2024-07-18 09:03:03,0.098448
2024-07-18 09:03:04,0.090064
2024-07-18 09:03:05,0.070104
2024-07-18 09:03:06,0.050888
2024-07-18 09:03:07,0.039904
2024-07-18 09:03:08,0.0564
2024-07-18 09:03:09,0.049008
2024-07-18 09:03:10,0.054752
2024-07-18 09:03:11,0.019616
2024-07-18 09:03:12,0.01992
2024-07-18 09:03:13,0.026872
2024-07-18 09:03:14,0.029536
2024-07-18 09:03:15,0.166512
2024-07-18 09:03:16,0.07944
2024-07-18 09:03:17,0.048312
2024-07-18 09:03:18,0.047344
2024-07-18 09:03:19,0.060952
2024-07-18 09:03:20,0.07624
2024-07-18 09:03:21,0.066224
2024-07-18 09:03:22,0.082096
2024-07-18 09:03:23,0.09408
2024-07-18 09:03:24,0.111664
2024-07-18 09:03:25,0.137744
2024-07-18 09:03:26,0.149808
2024-07-18 09:03:27,0.144824
2024-07-18 09:03:28,0.119576
2024-07-18 09:03:29,0.104784
2024-07-18 09:03:30,0.07272
2024-07-18 09:03:31,0.05432
2024-07-18 09:03:32,0.108816
2024-07-18 09:03:33,0.180384
2024-07-18 09:03:34,0.039536
2024-07-18 09:03:35,0.110848
2024-07-18 09:03:36,0.0644
2024-07-18 09:03:37,0.026224
2024-07-18 09:03:38,0.027848
2024-07-18 09:03:39,0.032144
2024-07-18 09:03:40,0.026032
2024-07-18 09:03:41,0.036184
2024-07-18 09:03:42,0.012632
2024-07-18 09:03:43,0.023048
2024-07-18 09:03:44,0.031824
2024-07-18 09:03:45,0.05236
2024-07-18 09:03:46,0.02784
2024-07-18 09:03:47,0.022912
2024-07-18 09:03:48,0.024672
2024-07-18 09:03:49,0.0164
2024-07-18 09:03:50,0.023168
2024-07-18 09:03:51,0.021536
2024-07-18 09:03:52,0.014896
2024-07-18 09:03:53,0.148096
2024-07-18 09:03:54,0.026672
2024-07-18 09:03:55,0.026024
2024-07-18 09:03:56,0.05964
2024-07-18 09:03:57,0.090808
2024-07-18 09:03:58,0.079944
2024-07-18 09:03:59,0.093264
2024-07-18 09:04:00,0.08856
2024-07-18 09:04:01,0.13748
2024-07-18 09:04:02,0.16924
2024-07-18 09:04:03,0.154216
2024-07-18 09:04:04,0.145504
2024-07-18 09:04:05,0.139072
2024-07-18 09:04:06,0.123512
2024-07-18 09:04:07,0.06488
2024-07-18 09:04:08,0.08076
2024-07-18 09:04:09,0.106344
2024-07-18 09:04:10,0.04832
2024-07-18 09:04:11,0.138176
2024-07-18 09:04:12,0.07916
2024-07-18 09:04:13,0.058776
2024-07-18 09:04:14,0.030696
2024-07-18 09:04:15,0.024752
2024-07-18 09:04:16,0.009712
2024-07-18 09:04:17,0.026104
2024-07-18 09:04:18,0.023184
2024-07-18 09:04:19,0.0176
2024-07-18 09:04:20,0.056096
2024-07-18 09:04:21,0.035816
2024-07-18 09:04:22,0.020568
2024-07-18 09:04:23,0.01308
2024-07-18 09:04:24,0.03568
2024-07-18 09:04:25,0.037128
2024-07-18 09:04:26,0.022608
2024-07-18 09:04:27,0.051448
2024-07-18 09:04:28,0.039944
2024-07-18 09:04:29,0.02512
2024-07-18 09:04:30,0.023728
2024-07-18 09:04:31,0.026408
2024-07-18 09:04:32,0.028328
2024-07-18 09:04:33,0.038656
2024-07-18 09:04:34,0.018792
2024-07-18 09:04:35,0.037504
2024-07-18 09:04:36,0.031872
2024-07-18 09:04:37,0.01848
2024-07-18 09:04:38,0.033632
2024-07-18 09:04:39,0.022928
2024-07-18 09:04:40,0.030384
2024-07-18 09:04:41,0.032544
2024-07-18 09:04:42,0.01948
2024-07-18 09:04:43,0.015928
2024-07-18 09:04:44,0.025264
2024-07-18 09:04:45,0.018224
2024-07-18 09:04:46,0.015904
2024-07-18 09:04:47,0.010728
2024-07-18 09:04:48,0.011824
2024-07-18 09:04:49,0.024904
2024-07-18 09:04:50,0.026952
2024-07-18 09:04:51,0.017784
2024-07-18 09:04:52,0.02628
2024-07-18 09:04:53,0.034456
2024-07-18 09:04:54,0.01976
2024-07-18 09:04:55,0.023112
2024-07-18 09:04:56,0.027888
2024-07-18 09:04:57,0.019272
2024-07-18 09:04:58,0.026528
2024-07-18 09:04:59,0.019048
2024-07-18 09:05:00,0.028408
2024-07-18 09:05:01,0.027976
2024-07-18 09:05:02,0.11272
2024-07-18 09:05:03,0.102512
2024-07-18 09:05:04,0.0296
2024-07-18 09:05:05,0.045656
2024-07-18 09:05:06,0.029632
2024-07-18 09:05:07,0.031704
2024-07-18 09:05:08,0.045096
2024-07-18 09:05:09,0.075656
2024-07-18 09:05:10,0.071568
2024-07-18 09:05:11,0.098288
2024-07-18 09:05:12,0.096048
2024-07-18 09:05:13,0.147776
2024-07-18 09:05:14,0.141784
2024-07-18 09:05:15,0.198248
2024-07-18 09:05:16,0.16688
2024-07-18 09:05:17,0.145216
2024-07-18 09:05:18,0.134456
2024-07-18 09:05:19,0.127656
2024-07-18 09:05:20,0.126312
2024-07-18 09:05:21,0.077416
2024-07-18 09:05:22,0.068616
2024-07-18 09:05:23,0.078464
2024-07-18 09:05:24,0.140232
2024-07-18 09:05:25,0.120536
2024-07-18 09:05:26,0.065184
2024-07-18 09:05:27,0.086048
2024-07-18 09:05:28,0.116896
2024-07-18 09:05:29,0.06512
2024-07-18 09:05:30,0.063008
2024-07-18 09:05:31,0.046
2024-07-18 09:05:32,0.048592
2024-07-18 09:05:33,0.046696
2024-07-18 09:05:34,0.06416
2024-07-18 09:05:35,0.045592
2024-07-18 09:05:36,0.026848
2024-07-18 09:05:37,0.062424
2024-07-18 09:05:38,0.20972
2024-07-18 09:05:39,0.039632
2024-07-18 09:05:40,0.0304
2024-07-18 09:05:41,0.023248
2024-07-18 09:05:42,0.021552
2024-07-18 09:05:43,0.017432
2024-07-18 09:05:44,0.016544
2024-07-18 09:05:45,0.017312
2024-07-18 09:05:46,0.031752
2024-07-18 09:05:47,0.026832
2024-07-18 09:05:48,0.043648
2024-07-18 09:05:49,0.04192
2024-07-18 09:05:50,0.042808
2024-07-18 09:05:51,0.038616
2024-07-18 09:05:52,0.044424
2024-07-18 09:05:53,0.04312
2024-07-18 09:05:54,0.041112
2024-07-18 09:05:55,0.019704
2024-07-18 09:05:56,0.040768
2024-07-18 09:05:57,0.033848
2024-07-18 09:05:58,0.106664
2024-07-18 09:05:59,0.040688
2024-07-18 09:06:00,0.039104
2024-07-18 09:06:01,0.05596
2024-07-18 09:06:02,0.051744
2024-07-18 09:06:03,0.02512
2024-07-18 09:06:04,0.022016
2024-07-18 09:06:05,0.028
2024-07-18 09:06:06,0.023912
2024-07-18 09:06:07,0.042256
2024-07-18 09:06:08,0.027504
2024-07-18 09:06:09,0.032904
2024-07-18 09:06:10,0.016272
2024-07-18 09:06:11,0.032064
2024-07-18 09:06:12,0.030704
2024-07-18 09:06:13,0.017728
2024-07-18 09:06:14,0.024288
2024-07-18 09:06:15,0.024376
2024-07-18 09:06:16,0.01372
2024-07-18 09:06:17,0.019448
2024-07-18 09:06:18,0.01796
2024-07-18 09:06:19,0.019768
2024-07-18 09:06:20,0.017312
2024-07-18 09:06:21,0.01584
2024-07-18 09:06:22,0.017608
2024-07-18 09:06:23,0.01832
2024-07-18 09:06:24,0.012864
2024-07-18 09:06:25,0.014576
2024-07-18 09:06:26,0.017312
2024-07-18 09:06:27,0.012
2024-07-18 09:06:28,0.130152
2024-07-18 09:06:29,0.108968
2024-07-18 09:06:30,0.028392
2024-07-18 09:06:31,0.060648
2024-07-18 09:06:32,0.03
2024-07-18 09:06:33,0.021416
2024-07-18 09:06:34,0.06476
2024-07-18 09:06:35,0.086264
2024-07-18 09:06:36,0.101784
2024-07-18 09:06:37,0.10932
2024-07-18 09:06:38,0.129888
2024-07-18 09:06:39,0.154064
2024-07-18 09:06:40,0.142968
2024-07-18 09:06:41,0.214976
2024-07-18 09:06:42,0.201024
2024-07-18 09:06:43,0.157344
2024-07-18 09:06:44,0.161952
2024-07-18 09:06:45,0.122464
2024-07-18 09:06:46,0.157544
2024-07-18 09:06:47,0.154344
2024-07-18 09:06:48,0.116008
2024-07-18 09:06:49,0.167392
2024-07-18 09:06:50,0.18044
2024-07-18 09:06:51,0.074448
2024-07-18 09:06:52,0.124368
2024-07-18 09:06:53,0.06072
2024-07-18 09:06:54,0.06108
2024-07-18 09:06:55,0.037192
2024-07-18 09:06:56,0.038592
2024-07-18 09:06:57,0.033008
2024-07-18 09:06:58,0.0466
2024-07-18 09:06:59,0.034712
2024-07-18 09:07:00,0.029976
2024-07-18 09:07:01,0.032256
2024-07-18 09:07:02,0.037944
2024-07-18 09:07:03,0.021672
2024-07-18 09:07:04,0.050144
2024-07-18 09:07:05,0.028448
2024-07-18 09:07:06,0.024968
2024-07-18 09:07:07,0.049168
2024-07-18 09:07:08,0.050416
2024-07-18 09:07:09,0.051712
2024-07-18 09:07:10,0.025624
2024-07-18 09:07:11,0.073184
2024-07-18 09:07:12,0.216256
2024-07-18 09:07:13,0.033072
2024-07-18 09:07:14,0.238488
2024-07-18 09:07:15,0.0304
2024-07-18 09:07:16,0.082624
2024-07-18 09:07:17,0.050944
2024-07-18 09:07:18,0.025048
2024-07-18 09:07:19,0.02604
2024-07-18 09:07:20,0.042464
2024-07-18 09:07:21,0.019408
2024-07-18 09:07:22,0.047736
2024-07-18 09:07:23,0.03252
2024-07-18 09:07:24,0.038512
2024-07-18 09:07:25,0.032984
2024-07-18 09:07:26,0.012496
2024-07-18 09:07:27,0.028792
2024-07-18 09:07:28,0.025976
2024-07-18 09:07:29,0.028888
2024-07-18 09:07:30,0.022624
2024-07-18 09:07:31,0.034648
2024-07-18 09:07:32,0.01992
2024-07-18 09:07:33,0.025304
2024-07-18 09:07:34,0.015
2024-07-18 09:07:35,0.017968
2024-07-18 09:07:36,0.017976
2024-07-18 09:07:37,0.011352
2024-07-18 09:07:38,0.014864
2024-07-18 09:07:39,0.028184
2024-07-18 09:07:40,0.013576
2024-07-18 09:07:41,0.010096
2024-07-18 09:07:42,0.011824
2024-07-18 09:07:43,0.011688
2024-07-18 09:07:44,0.123432
2024-07-18 09:07:45,0.125888
2024-07-18 09:07:46,0.029288
2024-07-18 09:07:47,0.063136
2024-07-18 09:07:48,0.032024
2024-07-18 09:07:49,0.023504
2024-07-18 09:07:50,0.07548
2024-07-18 09:07:51,0.086312
2024-07-18 09:07:52,0.090992
2024-07-18 09:07:53,0.132776
2024-07-18 09:07:54,0.115184
2024-07-18 09:07:55,0.168816
2024-07-18 09:07:56,0.164208
2024-07-18 09:07:57,0.291648
2024-07-18 09:07:58,0.221824
2024-07-18 09:07:59,0.17292
2024-07-18 09:08:00,0.151776
2024-07-18 09:08:01,0.135928
2024-07-18 09:08:02,0.197632
2024-07-18 09:08:03,0.166368
2024-07-18 09:08:04,0.217912
2024-07-18 09:08:05,0.135944
2024-07-18 09:08:06,0.151848
2024-07-18 09:08:07,0.1954
2024-07-18 09:08:08,0.169984
2024-07-18 09:08:09,0.129552
2024-07-18 09:08:10,0.142704
2024-07-18 09:08:11,0.13812
2024-07-18 09:08:12,0.126432
2024-07-18 09:08:13,0.102592
2024-07-18 09:08:14,0.11672
2024-07-18 09:08:15,0.099016
2024-07-18 09:08:16,0.109296
2024-07-18 09:08:17,0.085208
2024-07-18 09:08:18,0.08728
2024-07-18 09:08:19,0.098048
2024-07-18 09:08:20,0.101952
2024-07-18 09:08:21,0.100856
2024-07-18 09:08:22,0.056448
2024-07-18 09:08:23,0.0538
2024-07-18 09:08:24,0.043864
2024-07-18 09:08:25,0.038064
2024-07-18 09:08:26,0.079936
2024-07-18 09:08:27,0.016872
2024-07-18 09:08:28,0.06136
2024-07-18 09:08:29,0.244704
2024-07-18 09:08:30,0.031736
2024-07-18 09:08:31,0.092456
2024-07-18 09:08:32,0.038536
2024-07-18 09:08:33,0.035
2024-07-18 09:08:34,0.036608
2024-07-18 09:08:35,0.036432
2024-07-18 09:08:36,0.024528
2024-07-18 09:08:37,0.040768
2024-07-18 09:08:38,0.04308
2024-07-18 09:08:39,0.057768
2024-07-18 09:08:40,0.05492
2024-07-18 09:08:41,0.053224
2024-07-18 09:08:42,0.0614
2024-07-18 09:08:43,0.055496
2024-07-18 09:08:44,0.04784
2024-07-18 09:08:45,0.055512
2024-07-18 09:08:46,0.052696
2024-07-18 09:08:47,0.039216
2024-07-18 09:08:48,0.03948
2024-07-18 09:08:49,0.067664
2024-07-18 09:08:50,0.060816
2024-07-18 09:08:51,0.063344
2024-07-18 09:08:52,0.04608
2024-07-18 09:08:53,0.043176
2024-07-18 09:08:54,0.041656
2024-07-18 09:08:55,0.04904
2024-07-18 09:08:56,0.048592
2024-07-18 09:08:57,0.048504
2024-07-18 09:08:58,0.05748
2024-07-18 09:08:59,0.054688
2024-07-18 09:09:00,0.042128
2024-07-18 09:09:01,0.042344
2024-07-18 09:09:02,0.03952
2024-07-18 09:09:03,0.034832
2024-07-18 09:09:04,0.093368
2024-07-18 09:09:05,0.024984
2024-07-18 09:09:06,0.108616
2024-07-18 09:09:07,0.139472
2024-07-18 09:09:08,0.085448
2024-07-18 09:09:09,0.030184
2024-07-18 09:09:10,0.04172
2024-07-18 09:09:11,0.084136
2024-07-18 09:09:12,0.08896
2024-07-18 09:09:13,0.209624
2024-07-18 09:09:14,0.184928
2024-07-18 09:09:15,0.16932
2024-07-18 09:09:16,0.096752
2024-07-18 09:09:17,0.05788
2024-07-18 09:09:18,0.039632
2024-07-18 09:09:19,0.035272
2024-07-18 09:09:20,0.041576
2024-07-18 09:09:21,0.0448
2024-07-18 09:09:22,0.036784
2024-07-18 09:09:23,0.016192
2024-07-18 09:09:24,0.04132
2024-07-18 09:09:25,0.03744
2024-07-18 09:09:26,0.033536
2024-07-18 09:09:27,0.05116
2024-07-18 09:09:28,0.034176
2024-07-18 09:09:29,0.016984
2024-07-18 09:09:30,0.021584
2024-07-18 09:09:31,0.01904
2024-07-18 09:09:32,0.024184
2024-07-18 09:09:33,0.018432
2024-07-18 09:09:34,0.023544
2024-07-18 09:09:35,0.033384
2024-07-18 09:09:36,0.033552
2024-07-18 09:09:37,0.01796
2024-07-18 09:09:38,0.02848
2024-07-18 09:09:39,0.01244
2024-07-18 09:09:40,0.032352
2024-07-18 09:09:41,0.026528
2024-07-18 09:09:42,0.010224
2024-07-18 09:09:43,0.013088
2024-07-18 09:09:44,0.016432
2024-07-18 09:09:45,0.014928
2024-07-18 09:09:46,0.079632
2024-07-18 09:09:47,0.16652
2024-07-18 09:09:48,0.055296
2024-07-18 09:09:49,0.062056
2024-07-18 09:09:50,0.040928
2024-07-18 09:09:51,0.030592
2024-07-18 09:09:52,0.011448
2024-07-18 09:09:53,0.12732
2024-07-18 09:09:54,0.105808
2024-07-18 09:09:55,0.134232
2024-07-18 09:09:56,0.135776
2024-07-18 09:09:57,0.18104
2024-07-18 09:09:58,0.208552
2024-07-18 09:09:59,0.203192
2024-07-18 09:10:00,0.233824
2024-07-18 09:10:01,0.228304
2024-07-18 09:10:02,0.178816
2024-07-18 09:10:03,0.153128
2024-07-18 09:10:04,0.193728
2024-07-18 09:10:05,0.15408
2024-07-18 09:10:06,0.223008
2024-07-18 09:10:07,0.131776
2024-07-18 09:10:08,0.169456
2024-07-18 09:10:09,0.119136
2024-07-18 09:10:10,0.095344
2024-07-18 09:10:11,0.151144
2024-07-18 09:10:12,0.118432
2024-07-18 09:10:13,0.109376
2024-07-18 09:10:14,0.068136
2024-07-18 09:10:15,0.068952
2024-07-18 09:10:16,0.053512
2024-07-18 09:10:17,0.062056
2024-07-18 09:10:18,0.066664
2024-07-18 09:10:19,0.053352
2024-07-18 09:10:20,0.041424
2024-07-18 09:10:21,0.045184
2024-07-18 09:10:22,0.033936
2024-07-18 09:10:23,0.036944
2024-07-18 09:10:24,0.018352
2024-07-18 09:10:25,0.021568
2024-07-18 09:10:26,0.055736
2024-07-18 09:10:27,0.265904
2024-07-18 09:10:28,0.048296
2024-07-18 09:10:29,0.233
2024-07-18 09:10:30,0.050904
2024-07-18 09:10:31,0.025336
2024-07-18 09:10:32,0.020424
2024-07-18 09:10:33,0.060304
2024-07-18 09:10:34,0.035336
2024-07-18 09:10:35,0.029824
2024-07-18 09:10:36,0.029816
2024-07-18 09:10:37,0.035184
2024-07-18 09:10:38,0.03548
2024-07-18 09:10:39,0.023704
2024-07-18 09:10:40,0.033512
2024-07-18 09:10:41,0.020528
2024-07-18 09:10:42,0.021288
2024-07-18 09:10:43,0.029256
2024-07-18 09:10:44,0.010152
2024-07-18 09:10:45,0.032912
2024-07-18 09:10:46,0.031232
2024-07-18 09:10:47,0.02052
2024-07-18 09:10:48,0.016432
2024-07-18 09:10:49,0.02296
2024-07-18 09:10:50,0.010016
2024-07-18 09:10:51,0.021648
2024-07-18 09:10:52,0.01488
2024-07-18 09:10:53,0.021784
2024-07-18 09:10:54,0.021616
2024-07-18 09:10:55,0.010224
2024-07-18 09:10:56,0.017592
2024-07-18 09:10:57,0.015032
2024-07-18 09:10:58,0.016104
2024-07-18 09:10:59,0.154208
2024-07-18 09:11:00,0.139184
2024-07-18 09:11:01,0.014984
2024-07-18 09:11:02,0.064624
2024-07-18 09:11:03,0.038592
2024-07-18 09:11:04,0.01924
2024-07-18 09:11:05,0.116672
2024-07-18 09:11:06,0.097928
2024-07-18 09:11:07,0.122976
2024-07-18 09:11:08,0.1508
2024-07-18 09:11:09,0.210136
2024-07-18 09:11:10,0.185472
2024-07-18 09:11:11,0.189808
2024-07-18 09:11:12,0.247568
2024-07-18 09:11:13,0.263432
2024-07-18 09:11:14,0.160536
2024-07-18 09:11:15,0.210056
2024-07-18 09:11:16,0.150608
2024-07-18 09:11:17,0.232184
2024-07-18 09:11:18,0.136504
2024-07-18 09:11:19,0.154352
2024-07-18 09:11:20,0.124696
2024-07-18 09:11:21,0.087264
2024-07-18 09:11:22,0.063744
2024-07-18 09:11:23,0.080928
2024-07-18 09:11:24,0.106272
2024-07-18 09:11:25,0.1118
2024-07-18 09:11:26,0.091448
2024-07-18 09:11:27,0.077472
2024-07-18 09:11:28,0.075152
2024-07-18 09:11:29,0.079824
2024-07-18 09:11:30,0.090448
2024-07-18 09:11:31,0.075584
2024-07-18 09:11:32,0.030456
2024-07-18 09:11:33,0.03384
2024-07-18 09:11:34,0.013416
2024-07-18 09:11:35,0.043056
2024-07-18 09:11:36,0.251552
2024-07-18 09:11:37,0.056048
2024-07-18 09:11:38,0.33256
2024-07-18 09:11:39,0.040456
2024-07-18 09:11:40,0.062496
2024-07-18 09:11:41,0.027528
2024-07-18 09:11:42,0.044368
2024-07-18 09:11:43,0.027016
2024-07-18 09:11:44,0.029936
2024-07-18 09:11:45,0.033136
2024-07-18 09:11:46,0.025904
2024-07-18 09:11:47,0.012536
2024-07-18 09:11:48,0.014184
2024-07-18 09:11:49,0.027184
2024-07-18 09:11:50,0.016832
2024-07-18 09:11:51,0.013256
2024-07-18 09:11:52,0.03908
2024-07-18 09:11:53,0.009224
2024-07-18 09:11:54,0.016768
2024-07-18 09:11:55,0.014792
2024-07-18 09:11:56,0.01368
2024-07-18 09:11:57,0.025544
2024-07-18 09:11:58,0.11304
2024-07-18 09:11:59,0.028432
2024-07-18 09:12:00,0.027
2024-07-18 09:12:01,0.117344
2024-07-18 09:12:02,0.098888
2024-07-18 09:12:03,0.108352
2024-07-18 09:12:04,0.113344
2024-07-18 09:12:05,0.138024
2024-07-18 09:12:06,0.187152
2024-07-18 09:12:07,0.210224
2024-07-18 09:12:08,0.246472
2024-07-18 09:12:09,0.25584
2024-07-18 09:12:10,0.282456
2024-07-18 09:12:11,0.208624
2024-07-18 09:12:12,0.197832
2024-07-18 09:12:13,0.153384
2024-07-18 09:12:14,0.236864
2024-07-18 09:12:15,0.144592
2024-07-18 09:12:16,0.173504
2024-07-18 09:12:17,0.172672
2024-07-18 09:12:18,0.126104
2024-07-18 09:12:19,0.139608
2024-07-18 09:12:20,0.12116
2024-07-18 09:12:21,0.113872
2024-07-18 09:12:22,0.11728
2024-07-18 09:12:23,0.109416
2024-07-18 09:12:24,0.093752
2024-07-18 09:12:25,0.119744
2024-07-18 09:12:26,0.085608
2024-07-18 09:12:27,0.0878
2024-07-18 09:12:28,0.04264
2024-07-18 09:12:29,0.224896
2024-07-18 09:12:30,0.139784
2024-07-18 09:12:31,0.131744
2024-07-18 09:12:32,0.093312
2024-07-18 09:12:33,0.035768
2024-07-18 09:12:34,0.015744
2024-07-18 09:12:35,0.045064
2024-07-18 09:12:36,0.026648
2024-07-18 09:12:37,0.040952
2024-07-18 09:12:38,0.023512
2024-07-18 09:12:39,0.02416
2024-07-18 09:12:40,0.037544
2024-07-18 09:12:41,0.031776
2024-07-18 09:12:42,0.033072
2024-07-18 09:12:43,0.024112
2024-07-18 09:12:44,0.028816
2024-07-18 09:12:45,0.022864
2024-07-18 09:12:46,0.054864
2024-07-18 09:12:47,0.04452
2024-07-18 09:12:48,0.020472
2024-07-18 09:12:49,0.035512
2024-07-18 09:12:50,0.02528
2024-07-18 09:12:51,0.015464
2024-07-18 09:12:52,0.028424
2024-07-18 09:12:53,0.03072
2024-07-18 09:12:54,0.013544
2024-07-18 09:12:55,0.034992
2024-07-18 09:12:56,0.02708
2024-07-18 09:12:57,0.016072
2024-07-18 09:12:58,0.029416
2024-07-18 09:12:59,0.039016
2024-07-18 09:13:00,0.07484
2024-07-18 09:13:01,0.183952
2024-07-18 09:13:02,0.071096
2024-07-18 09:13:03,0.044592
2024-07-18 09:13:04,0.04652
2024-07-18 09:13:05,0.05256
2024-07-18 09:13:06,0.0544
2024-07-18 09:13:07,0.11108
2024-07-18 09:13:08,0.116904
2024-07-18 09:13:09,0.163056
2024-07-18 09:13:10,0.199592
2024-07-18 09:13:11,0.262432
2024-07-18 09:13:12,0.253064
2024-07-18 09:13:13,0.206608
2024-07-18 09:13:14,0.310448
2024-07-18 09:13:15,0.316488
2024-07-18 09:13:16,0.190248
2024-07-18 09:13:17,0.218
2024-07-18 09:13:18,0.17804
2024-07-18 09:13:19,0.263352
2024-07-18 09:13:20,0.20028
2024-07-18 09:13:21,0.146904
2024-07-18 09:13:22,0.201312
2024-07-18 09:13:23,0.187168
2024-07-18 09:13:24,0.297344
2024-07-18 09:13:25,0.16072
2024-07-18 09:13:26,0.135296
2024-07-18 09:13:27,0.137336
2024-07-18 09:13:28,0.129784
2024-07-18 09:13:29,0.147928
2024-07-18 09:13:30,0.05936
2024-07-18 09:13:31,0.063296
2024-07-18 09:13:32,0.055192
2024-07-18 09:13:33,0.065064
2024-07-18 09:13:34,0.13772
2024-07-18 09:13:35,0.058696
2024-07-18 09:13:36,0.061128
2024-07-18 09:13:37,0.069296
2024-07-18 09:13:38,0.0586
2024-07-18 09:13:39,0.04828
2024-07-18 09:13:40,0.094488
2024-07-18 09:13:41,0.022328
2024-07-18 09:13:42,0.071856
2024-07-18 09:13:43,0.327952
2024-07-18 09:13:44,0.032728
2024-07-18 09:13:45,0.239144
2024-07-18 09:13:46,0.037688
2024-07-18 09:13:47,0.020208
2024-07-18 09:13:48,0.029216
2024-07-18 09:13:49,0.035176
2024-07-18 09:13:50,0.018184
2024-07-18 09:13:51,0.02316
2024-07-18 09:13:52,0.015736
2024-07-18 09:13:53,0.022272
2024-07-18 09:13:54,0.012808
2024-07-18 09:13:55,0.02336
2024-07-18 09:13:56,0.02192
2024-07-18 09:13:57,0.017672
2024-07-18 09:13:58,0.051424
2024-07-18 09:13:59,0.028688
2024-07-18 09:14:00,0.015616
2024-07-18 09:14:01,0.023968
2024-07-18 09:14:02,0.056024
2024-07-18 09:14:03,0.018344
2024-07-18 09:14:04,0.017976
2024-07-18 09:14:05,0.01332
2024-07-18 09:14:06,0.027296
2024-07-18 09:14:07,0.02844
2024-07-18 09:14:08,0.035
2024-07-18 09:14:09,0.037256
2024-07-18 09:14:10,0.023656
2024-07-18 09:14:11,0.028688
2024-07-18 09:14:12,0.031296
2024-07-18 09:14:13,0.010096
2024-07-18 09:14:14,0.016008
2024-07-18 09:14:15,0.158048
2024-07-18 09:14:16,0.165296
2024-07-18 09:14:17,0.033608
2024-07-18 09:14:18,0.070568
2024-07-18 09:14:19,0.06324
2024-07-18 09:14:20,0.024488
2024-07-18 09:14:21,0.113928
2024-07-18 09:14:22,0.101992
2024-07-18 09:14:23,0.112912
2024-07-18 09:14:24,0.189192
2024-07-18 09:14:25,0.207992
2024-07-18 09:14:26,0.270144
2024-07-18 09:14:27,0.211384
2024-07-18 09:14:28,0.262616
2024-07-18 09:14:29,0.261904
2024-07-18 09:14:30,0.297304
2024-07-18 09:14:31,0.245352
2024-07-18 09:14:32,0.25444
2024-07-18 09:14:33,0.218344
2024-07-18 09:14:34,0.19552
2024-07-18 09:14:35,0.311928
2024-07-18 09:14:36,0.183896
2024-07-18 09:14:37,0.218192
2024-07-18 09:14:38,0.131072
2024-07-18 09:14:39,0.127912
2024-07-18 09:14:40,0.071848
2024-07-18 09:14:41,0.053264
2024-07-18 09:14:42,0.046112
2024-07-18 09:14:43,0.045152
2024-07-18 09:14:44,0.046576
2024-07-18 09:14:45,0.056328
2024-07-18 09:14:46,0.031672
2024-07-18 09:14:47,0.0422
2024-07-18 09:14:48,0.034064
2024-07-18 09:14:49,0.31028
2024-07-18 09:14:50,0.029368
2024-07-18 09:14:51,0.258392
2024-07-18 09:14:52,0.044904
2024-07-18 09:14:53,0.046032
2024-07-18 09:14:54,0.023856
2024-07-18 09:14:55,0.05436
2024-07-18 09:14:56,0.036608
2024-07-18 09:14:57,0.023992
2024-07-18 09:14:58,0.013224
2024-07-18 09:14:59,0.018024
2024-07-18 09:15:00,0.032032
2024-07-18 09:15:01,0.030992
2024-07-18 09:15:02,0.037136
2024-07-18 09:15:03,0.015768
2024-07-18 09:15:04,0.027064
2024-07-18 09:15:05,0.018128
2024-07-18 09:15:06,0.03464
2024-07-18 09:15:07,0.020656
2024-07-18 09:15:08,0.015344
2024-07-18 09:15:09,0.017968
2024-07-18 09:15:10,0.013608
2024-07-18 09:15:11,0.021184
2024-07-18 09:15:12,0.014504
2024-07-18 09:15:13,0.022416
2024-07-18 09:15:14,0.01308
2024-07-18 09:15:15,0.019832
2024-07-18 09:15:16,0.014728
2024-07-18 09:15:17,0.013088
2024-07-18 09:15:18,0.013904
2024-07-18 09:15:19,0.015376
2024-07-18 09:15:20,0.014056
2024-07-18 09:15:21,0.15604
2024-07-18 09:15:22,0.169376
2024-07-18 09:15:23,0.01924
2024-07-18 09:15:24,0.075816
2024-07-18 09:15:25,0.038464
2024-07-18 09:15:26,0.01596
2024-07-18 09:15:27,0.149384
2024-07-18 09:15:28,0.141456
2024-07-18 09:15:29,0.154296
2024-07-18 09:15:30,0.198656
2024-07-18 09:15:31,0.254896
2024-07-18 09:15:32,0.256552
2024-07-18 09:15:33,0.298272
2024-07-18 09:15:34,0.27176
2024-07-18 09:15:35,0.277392
2024-07-18 09:15:36,0.29268
2024-07-18 09:15:37,0.232384
2024-07-18 09:15:38,0.201144
2024-07-18 09:15:39,0.20476
2024-07-18 09:15:40,0.28872
2024-07-18 09:15:41,0.222472
2024-07-18 09:15:42,0.187728
2024-07-18 09:15:43,0.142712
2024-07-18 09:15:44,0.141928
2024-07-18 09:15:45,0.134816
2024-07-18 09:15:46,0.080112
2024-07-18 09:15:47,0.081688
2024-07-18 09:15:48,0.065096
2024-07-18 09:15:49,0.0676
2024-07-18 09:15:50,0.051464
2024-07-18 09:15:51,0.079288
2024-07-18 09:15:52,0.099152
2024-07-18 09:15:53,0.09268
2024-07-18 09:15:54,0.041448
2024-07-18 09:15:55,0.05012
2024-07-18 09:15:56,0.065352
2024-07-18 09:15:57,0.302024
2024-07-18 09:15:58,0.040792
2024-07-18 09:15:59,0.092544
2024-07-18 09:16:00,0.04804
2024-07-18 09:16:01,0.034128
2024-07-18 09:16:02,0.031056
2024-07-18 09:16:03,0.026984
2024-07-18 09:16:04,0.035328
2024-07-18 09:16:05,0.032328
2024-07-18 09:16:06,0.024632
2024-07-18 09:16:07,0.06452
2024-07-18 09:16:08,0.049736
2024-07-18 09:16:09,0.051192
2024-07-18 09:16:10,0.044848
2024-07-18 09:16:11,0.05688
2024-07-18 09:16:12,0.05048
2024-07-18 09:16:13,0.059912
2024-07-18 09:16:14,0.05456
2024-07-18 09:16:15,0.057816
2024-07-18 09:16:16,0.044784
2024-07-18 09:16:17,0.055792
2024-07-18 09:16:18,0.061208
2024-07-18 09:16:19,0.056864
2024-07-18 09:16:20,0.046648
2024-07-18 09:16:21,0.051496
2024-07-18 09:16:22,0.051712
2024-07-18 09:16:23,0.051496
2024-07-18 09:16:24,0.047816
2024-07-18 09:16:25,0.032824
2024-07-18 09:16:26,0.043464
2024-07-18 09:16:27,0.055248
2024-07-18 09:16:28,0.057592
2024-07-18 09:16:29,0.05716
2024-07-18 09:16:30,0.045568
2024-07-18 09:16:31,0.031944
2024-07-18 09:16:32,0.088456
2024-07-18 09:16:33,0.039056
2024-07-18 09:16:34,0.19984
2024-07-18 09:16:35,0.094072
2024-07-18 09:16:36,0.051824
2024-07-18 09:16:37,0.03092
2024-07-18 09:16:38,0.031312
2024-07-18 09:16:39,0.190848
2024-07-18 09:16:40,0.11288
2024-07-18 09:16:41,0.183224
2024-07-18 09:16:42,0.211352
2024-07-18 09:16:43,0.192048
2024-07-18 09:16:44,0.105976
2024-07-18 09:16:45,0.089216
2024-07-18 09:16:46,0.09252
2024-07-18 09:16:47,0.081352
2024-07-18 09:16:48,0.041648
2024-07-18 09:16:49,0.043072
2024-07-18 09:16:50,0.031488
2024-07-18 09:16:51,0.020704
2024-07-18 09:16:52,0.029736
2024-07-18 09:16:53,0.05776
2024-07-18 09:16:54,0.03632
2024-07-18 09:16:55,0.044384
2024-07-18 09:16:56,0.024392
2024-07-18 09:16:57,0.011296
2024-07-18 09:16:58,0.018088
2024-07-18 09:16:59,0.084248
2024-07-18 09:17:00,0.052376
2024-07-18 09:17:01,0.020888
2024-07-18 09:17:02,0.025688
2024-07-18 09:17:03,0.053864
2024-07-18 09:17:04,0.017512
2024-07-18 09:17:05,0.013456
2024-07-18 09:17:06,0.033432
2024-07-18 09:17:07,0.02816
2024-07-18 09:17:08,0.034216
2024-07-18 09:17:09,0.023184
2024-07-18 09:17:10,0.03656
2024-07-18 09:17:11,0.03304
2024-07-18 09:17:12,0.055232
2024-07-18 09:17:13,0.04552
2024-07-18 09:17:14,0.182664
2024-07-18 09:17:15,0.183728
2024-07-18 09:17:16,0.030704
2024-07-18 09:17:17,0.093088
2024-07-18 09:17:18,0.060648
2024-07-18 09:17:19,0.033
2024-07-18 09:17:20,0.17956
2024-07-18 09:17:21,0.15352
2024-07-18 09:17:22,0.163464
2024-07-18 09:17:23,0.227184
2024-07-18 09:17:24,0.290224
2024-07-18 09:17:25,0.364568
2024-07-18 09:17:26,0.22248
2024-07-18 09:17:27,0.38408
2024-07-18 09:17:28,0.359152
2024-07-18 09:17:29,0.384704
2024-07-18 09:17:30,0.284104
2024-07-18 09:17:31,0.19668
2024-07-18 09:17:32,0.340008
2024-07-18 09:17:33,0.2356
2024-07-18 09:17:34,0.243888
2024-07-18 09:17:35,0.284528
2024-07-18 09:17:36,0.283824
2024-07-18 09:17:37,0.341168
2024-07-18 09:17:38,0.097264
2024-07-18 09:17:39,0.057456
2024-07-18 09:17:40,0.053912
2024-07-18 09:17:41,0.036768
2024-07-18 09:17:42,0.057504
2024-07-18 09:17:43,0.30584
2024-07-18 09:17:44,0.061312
2024-07-18 09:17:45,0.234152
2024-07-18 09:17:46,0.107216
2024-07-18 09:17:47,0.01276
2024-07-18 09:17:48,0.018704
2024-07-18 09:17:49,0.019056
2024-07-18 09:17:50,0.015864
2024-07-18 09:17:51,0.018488
2024-07-18 09:17:52,0.03864
2024-07-18 09:17:53,0.075696
2024-07-18 09:17:54,0.046552
2024-07-18 09:17:55,0.052544
2024-07-18 09:17:56,0.027008
2024-07-18 09:17:57,0.042632
2024-07-18 09:17:58,0.067752
2024-07-18 09:17:59,0.034928
2024-07-18 09:18:00,0.044144
2024-07-18 09:18:01,0.048608
2024-07-18 09:18:02,0.046528
2024-07-18 09:18:03,0.05084
2024-07-18 09:18:04,0.069376
2024-07-18 09:18:05,0.04004
2024-07-18 09:18:06,0.055824
2024-07-18 09:18:07,0.045296
2024-07-18 09:18:08,0.041696
2024-07-18 09:18:09,0.025688
2024-07-18 09:18:10,0.038192
2024-07-18 09:18:11,0.047536
2024-07-18 09:18:12,0.116408
2024-07-18 09:18:13,0.07304
2024-07-18 09:18:14,0.029272
2024-07-18 09:18:15,0.038896
2024-07-18 09:18:16,0.036416
2024-07-18 09:18:17,0.027072
2024-07-18 09:18:18,0.026136
2024-07-18 09:18:19,0.026136
2024-07-18 09:18:20,0.01948
2024-07-18 09:18:21,0.026872
2024-07-18 09:18:22,0.043216
2024-07-18 09:18:23,0.036568
2024-07-18 09:18:24,0.020608
2024-07-18 09:18:25,0.033064
2024-07-18 09:18:26,0.011912
2024-07-18 09:18:27,0.0216
2024-07-18 09:18:28,0.013296
2024-07-18 09:18:29,0.023752
2024-07-18 09:18:30,0.022608
2024-07-18 09:18:31,0.0142
2024-07-18 09:18:32,0.034376
2024-07-18 09:18:33,0.028208
2024-07-18 09:18:34,0.02368
2024-07-18 09:18:35,0.162832
2024-07-18 09:18:36,0.171072
2024-07-18 09:18:37,0.05252
2024-07-18 09:18:38,0.05272
2024-07-18 09:18:39,0.059232
2024-07-18 09:18:40,0.047768
2024-07-18 09:18:41,0.080784
2024-07-18 09:18:42,0.1554
2024-07-18 09:18:43,0.17596
2024-07-18 09:18:44,0.249416
2024-07-18 09:18:45,0.305608
2024-07-18 09:18:46,0.355416
2024-07-18 09:18:47,0.308048
2024-07-18 09:18:48,0.37348
2024-07-18 09:18:49,0.438
2024-07-18 09:18:50,0.358288
2024-07-18 09:18:51,0.331416
2024-07-18 09:18:52,0.35596
2024-07-18 09:18:53,0.253136
2024-07-18 09:18:54,0.55428
2024-07-18 09:18:55,0.23016
2024-07-18 09:18:56,0.1728
2024-07-18 09:18:57,0.11868
2024-07-18 09:18:58,0.12372
2024-07-18 09:18:59,0.119024
2024-07-18 09:19:00,0.083112
2024-07-18 09:19:01,0.078328
2024-07-18 09:19:02,0.084472
2024-07-18 09:19:03,0.070248
2024-07-18 09:19:04,0.062864
2024-07-18 09:19:05,0.046624
2024-07-18 09:19:06,0.0714
2024-07-18 09:19:07,0.08336
2024-07-18 09:19:08,0.065384
2024-07-18 09:19:09,0.068608
2024-07-18 09:19:10,0.07132
2024-07-18 09:19:11,0.050656
2024-07-18 09:19:12,0.2962
2024-07-18 09:19:13,0.067456
2024-07-18 09:19:14,0.361312
2024-07-18 09:19:15,0.108048
2024-07-18 09:19:16,0.027144
2024-07-18 09:19:17,0.06208
2024-07-18 09:19:18,0.043528
2024-07-18 09:19:19,0.035088
2024-07-18 09:19:20,0.062848
2024-07-18 09:19:21,0.027776
2024-07-18 09:19:22,0.062096
2024-07-18 09:19:23,0.037712
2024-07-18 09:19:24,0.042552
2024-07-18 09:19:25,0.017528
2024-07-18 09:19:26,0.061232
2024-07-18 09:19:27,0.031384
2024-07-18 09:19:28,0.030848
2024-07-18 09:19:29,0.016512
2024-07-18 09:19:30,0.028016
2024-07-18 09:19:31,0.018048
2024-07-18 09:19:32,0.04148
2024-07-18 09:19:33,0.035016
2024-07-18 09:19:34,0.186224
2024-07-18 09:19:35,0.034248
2024-07-18 09:19:36,0.033288
2024-07-18 09:19:37,0.095344
2024-07-18 09:19:38,0.157048
2024-07-18 09:19:39,0.161304
2024-07-18 09:19:40,0.248808
2024-07-18 09:19:41,0.371008
2024-07-18 09:19:42,0.475456
2024-07-18 09:19:43,0.415656
2024-07-18 09:19:44,0.326768
2024-07-18 09:19:45,0.249288
2024-07-18 09:19:46,0.405992
2024-07-18 09:19:47,0.284632
2024-07-18 09:19:48,0.260448
2024-07-18 09:19:49,0.104288
2024-07-18 09:19:50,0.096576
2024-07-18 09:19:51,0.052392
2024-07-18 09:19:52,0.031416
2024-07-18 09:19:53,0.028248
2024-07-18 09:19:54,0.020496
2024-07-18 09:19:55,0.033912
2024-07-18 09:19:56,0.030328
2024-07-18 09:19:57,0.018704
2024-07-18 09:19:58,0.024352
2024-07-18 09:19:59,0.034528
2024-07-18 09:20:00,0.023888
2024-07-18 09:20:01,0.05188
2024-07-18 09:20:02,0.042144
2024-07-18 09:20:03,0.026256
2024-07-18 09:20:04,0.058568
2024-07-18 09:20:05,0.026064
2024-07-18 09:20:06,0.042104
2024-07-18 09:20:07,0.044152
2024-07-18 09:20:08,0.053544
2024-07-18 09:20:09,0.043808
2024-07-18 09:20:10,0.051752
2024-07-18 09:20:11,0.041784
2024-07-18 09:20:12,0.024968
2024-07-18 09:20:13,0.03276
2024-07-18 09:20:14,0.078712
2024-07-18 09:20:15,0.04816
2024-07-18 09:20:16,0.033248
2024-07-18 09:20:17,0.104168
2024-07-18 09:20:18,0.273464
2024-07-18 09:20:19,0.031512
2024-07-18 09:20:20,0.09452
2024-07-18 09:20:21,0.064528
2024-07-18 09:20:22,0.03428
2024-07-18 09:20:23,0.094784
2024-07-18 09:20:24,0.163032
2024-07-18 09:20:25,0.184528
2024-07-18 09:20:26,0.253928
2024-07-18 09:20:27,0.349552
2024-07-18 09:20:28,0.367544
2024-07-18 09:20:29,0.450264
2024-07-18 09:20:30,0.448528
2024-07-18 09:20:31,0.4186
2024-07-18 09:20:32,0.314896
2024-07-18 09:20:33,0.457072
2024-07-18 09:20:34,0.201856
2024-07-18 09:20:35,0.263576
2024-07-18 09:20:36,0.316104
2024-07-18 09:20:37,0.22128
2024-07-18 09:20:38,0.18624
2024-07-18 09:20:39,0.24332
2024-07-18 09:20:40,0.18944
2024-07-18 09:20:41,0.223696
2024-07-18 09:20:42,0.18504
2024-07-18 09:20:43,0.210432
2024-07-18 09:20:44,0.195696
2024-07-18 09:20:45,0.233128
2024-07-18 09:20:46,0.181896
2024-07-18 09:20:47,0.226544
2024-07-18 09:20:48,0.225336
2024-07-18 09:20:49,0.157392
2024-07-18 09:20:50,0.163704
2024-07-18 09:20:51,0.25328
2024-07-18 09:20:52,0.05968
2024-07-18 09:20:53,0.047824
2024-07-18 09:20:54,0.064728
2024-07-18 09:20:55,0.360032
2024-07-18 09:20:56,0.038704
2024-07-18 09:20:57,0.332992
2024-07-18 09:20:58,0.051432
2024-07-18 09:20:59,0.039632
2024-07-18 09:21:00,0.027584
2024-07-18 09:21:01,0.037768
2024-07-18 09:21:02,0.03544
2024-07-18 09:21:03,0.039392
2024-07-18 09:21:04,0.053672
2024-07-18 09:21:05,0.096432
2024-07-18 09:21:06,0.054432
2024-07-18 09:21:07,0.0446
2024-07-18 09:21:08,0.022592
2024-07-18 09:21:09,0.019888
2024-07-18 09:21:10,0.05444
2024-07-18 09:21:11,0.023848
2024-07-18 09:21:12,0.02432
2024-07-18 09:21:13,0.014824
2024-07-18 09:21:14,0.018888
2024-07-18 09:21:15,0.0334
2024-07-18 09:21:16,0.032536
2024-07-18 09:21:17,0.018504
2024-07-18 09:21:18,0.040232
2024-07-18 09:21:19,0.0152
2024-07-18 09:21:20,0.011424
2024-07-18 09:21:21,0.021752
2024-07-18 09:21:22,0.016128
2024-07-18 09:21:23,0.015968
2024-07-18 09:21:24,0.060528
2024-07-18 09:21:25,0.026592
2024-07-18 09:21:26,0.013448
2024-07-18 09:21:27,0.19484
2024-07-18 09:21:28,0.19452
2024-07-18 09:21:29,0.03896
2024-07-18 09:21:30,0.096624
2024-07-18 09:21:31,0.040104
2024-07-18 09:21:32,0.024616
2024-07-18 09:21:33,0.151696
2024-07-18 09:21:34,0.178816
2024-07-18 09:21:35,0.195592
2024-07-18 09:21:36,0.316368
2024-07-18 09:21:37,0.40116
2024-07-18 09:21:38,0.406496
2024-07-18 09:21:39,0.429392
2024-07-18 09:21:40,0.435496
2024-07-18 09:21:41,0.390064
2024-07-18 09:21:42,0.363952
2024-07-18 09:21:43,0.292208
2024-07-18 09:21:44,0.461808
2024-07-18 09:21:45,0.334792
2024-07-18 09:21:46,0.307224
2024-07-18 09:21:47,0.286264
2024-07-18 09:21:48,0.423008
2024-07-18 09:21:49,0.260816
2024-07-18 09:21:50,0.278208
2024-07-18 09:21:51,0.16124
2024-07-18 09:21:52,0.114792
2024-07-18 09:21:53,0.14028
2024-07-18 09:21:54,0.112808
2024-07-18 09:21:55,0.138288
2024-07-18 09:21:56,0.02624
2024-07-18 09:21:57,0.074536
2024-07-18 09:21:58,0.35328
2024-07-18 09:21:59,0.051912
2024-07-18 09:22:00,0.31016
2024-07-18 09:22:01,0.04828
2024-07-18 09:22:02,0.04992
2024-07-18 09:22:03,0.056512
2024-07-18 09:22:04,0.051704
2024-07-18 09:22:05,0.047192
2024-07-18 09:22:06,0.040544
2024-07-18 09:22:07,0.069848
2024-07-18 09:22:08,0.10664
2024-07-18 09:22:09,0.049528
2024-07-18 09:22:10,0.044632
2024-07-18 09:22:11,0.012776
2024-07-18 09:22:12,0.033688
2024-07-18 09:22:13,0.027696
2024-07-18 09:22:14,0.02504
2024-07-18 09:22:15,0.035528
2024-07-18 09:22:16,0.052424
2024-07-18 09:22:17,0.028168
2024-07-18 09:22:18,0.025464
2024-07-18 09:22:19,0.031472
2024-07-18 09:22:20,0.018432
2024-07-18 09:22:21,0.027808
2024-07-18 09:22:22,0.040416
2024-07-18 09:22:23,0.023648
2024-07-18 09:22:24,0.025472
2024-07-18 09:22:25,0.030512
2024-07-18 09:22:26,0.025968
2024-07-18 09:22:27,0.039392
2024-07-18 09:22:28,0.013944
2024-07-18 09:22:29,0.0256
2024-07-18 09:22:30,0.190976
2024-07-18 09:22:31,0.216088
2024-07-18 09:22:32,0.033352
2024-07-18 09:22:33,0.07464
2024-07-18 09:22:34,0.049472
2024-07-18 09:22:35,0.045312
2024-07-18 09:22:36,0.112704
2024-07-18 09:22:37,0.173496
2024-07-18 09:22:38,0.180168
2024-07-18 09:22:39,0.302112
2024-07-18 09:22:40,0.377856
2024-07-18 09:22:41,0.42416
2024-07-18 09:22:42,0.440016
2024-07-18 09:22:43,0.4
2024-07-18 09:22:44,0.358216
2024-07-18 09:22:45,0.334016
2024-07-18 09:22:46,0.281856
2024-07-18 09:22:47,0.267744
2024-07-18 09:22:48,0.338912
2024-07-18 09:22:49,0.408624
2024-07-18 09:22:50,0.300816
2024-07-18 09:22:51,0.295672
2024-07-18 09:22:52,0.312928
2024-07-18 09:22:53,0.312448
2024-07-18 09:22:54,0.271768
2024-07-18 09:22:55,0.19804
2024-07-18 09:22:56,0.135384
2024-07-18 09:22:57,0.126864
2024-07-18 09:22:58,0.145376
2024-07-18 09:22:59,0.045072
2024-07-18 09:23:00,0.036904
2024-07-18 09:23:01,0.038816
2024-07-18 09:23:02,0.02824
2024-07-18 09:23:03,0.084944
2024-07-18 09:23:04,0.360256
2024-07-18 09:23:05,0.037536
2024-07-18 09:23:06,0.052384
2024-07-18 09:23:07,0.017984
2024-07-18 09:23:08,0.032104
2024-07-18 09:23:09,0.077184
2024-07-18 09:23:10,0.046368
2024-07-18 09:23:11,0.040008
2024-07-18 09:23:12,0.030928
2024-07-18 09:23:13,0.027104
2024-07-18 09:23:14,0.027752
2024-07-18 09:23:15,0.045672
2024-07-18 09:23:16,0.040744
2024-07-18 09:23:17,0.051592
2024-07-18 09:23:18,0.049856
2024-07-18 09:23:19,0.05736
2024-07-18 09:23:20,0.058768
2024-07-18 09:23:21,0.06524
2024-07-18 09:23:22,0.054064
2024-07-18 09:23:23,0.05172
2024-07-18 09:23:24,0.054064
2024-07-18 09:23:25,0.058296
2024-07-18 09:23:26,0.066448
2024-07-18 09:23:27,0.063168
2024-07-18 09:23:28,0.05996
2024-07-18 09:23:29,0.065672
2024-07-18 09:23:30,0.065064
2024-07-18 09:23:31,0.06384
2024-07-18 09:23:32,0.056784
2024-07-18 09:23:33,0.062792
2024-07-18 09:23:34,0.057968
2024-07-18 09:23:35,0.0544
2024-07-18 09:23:36,0.048952
2024-07-18 09:23:37,0.051936
2024-07-18 09:23:38,0.043528
2024-07-18 09:23:39,0.041344
2024-07-18 09:23:40,0.03916
2024-07-18 09:23:41,0.03864
2024-07-18 09:23:42,0.099232
2024-07-18 09:23:43,0.038456
2024-07-18 09:23:44,0.154344
2024-07-18 09:23:45,0.190144
2024-07-18 09:23:46,0.046576
2024-07-18 09:23:47,0.05208
2024-07-18 09:23:48,0.05172
2024-07-18 09:23:49,0.187592
2024-07-18 09:23:50,0.052848
2024-07-18 09:23:51,0.233376
2024-07-18 09:23:52,0.167112
2024-07-18 09:23:53,0.284528
2024-07-18 09:23:54,0.164672
2024-07-18 09:23:55,0.09396
2024-07-18 09:23:56,0.120552
2024-07-18 09:23:57,0.097272
2024-07-18 09:23:58,0.060304
2024-07-18 09:23:59,0.047032
2024-07-18 09:24:00,0.04516
2024-07-18 09:24:01,0.03828
2024-07-18 09:24:02,0.05164
2024-07-18 09:24:03,0.03452
2024-07-18 09:24:04,0.070288
2024-07-18 09:24:05,0.059272
2024-07-18 09:24:06,0.055096
2024-07-18 09:24:07,0.037328
2024-07-18 09:24:08,0.029096
2024-07-18 09:24:09,0.05868
2024-07-18 09:24:10,0.031464
2024-07-18 09:24:11,0.030528
2024-07-18 09:24:12,0.021672
2024-07-18 09:24:13,0.024984
2024-07-18 09:24:14,0.031936
2024-07-18 09:24:15,0.014568
2024-07-18 09:24:16,0.05872
2024-07-18 09:24:17,0.064472
2024-07-18 09:24:18,0.132664
2024-07-18 09:24:19,0.139608
2024-07-18 09:24:20,0.120584
2024-07-18 09:24:21,0.065624
2024-07-18 09:24:22,0.053096
2024-07-18 09:24:23,0.044376
2024-07-18 09:24:24,0.185856
2024-07-18 09:24:25,0.218416
2024-07-18 09:24:26,0.038944
2024-07-18 09:24:27,0.074192
2024-07-18 09:24:28,0.03888
2024-07-18 09:24:29,0.062512
2024-07-18 09:24:30,0.1774
2024-07-18 09:24:31,0.202504
2024-07-18 09:24:32,0.245824
2024-07-18 09:24:33,0.317344
2024-07-18 09:24:34,0.350416
2024-07-18 09:24:35,0.576936
2024-07-18 09:24:36,0.427128
2024-07-18 09:24:37,0.50852
2024-07-18 09:24:38,0.425936
2024-07-18 09:24:39,0.389352
2024-07-18 09:24:40,0.508056
2024-07-18 09:24:41,0.440536
2024-07-18 09:24:42,0.487056
2024-07-18 09:24:43,0.412616
2024-07-18 09:24:44,0.422552
2024-07-18 09:24:45,0.338592
2024-07-18 09:24:46,0.327256
2024-07-18 09:24:47,0.281512
2024-07-18 09:24:48,0.227424
2024-07-18 09:24:49,0.248896
2024-07-18 09:24:50,0.251496
2024-07-18 09:24:51,0.263208
2024-07-18 09:24:52,0.16308
2024-07-18 09:24:53,0.136992
2024-07-18 09:24:54,0.0526
2024-07-18 09:24:55,0.09112
2024-07-18 09:24:56,0.340928
2024-07-18 09:24:57,0.02924
2024-07-18 09:24:58,0.296408
2024-07-18 09:24:59,0.071144
2024-07-18 09:25:00,0.064472
2024-07-18 09:25:01,0.034872
2024-07-18 09:25:02,0.06564
2024-07-18 09:25:03,0.095264
2024-07-18 09:25:04,0.110328
2024-07-18 09:25:05,0.098008
2024-07-18 09:25:06,0.118272
2024-07-18 09:25:07,0.064568
2024-07-18 09:25:08,0.04512
2024-07-18 09:25:09,0.033464
2024-07-18 09:25:10,0.037464
2024-07-18 09:25:11,0.029816
2024-07-18 09:25:12,0.019608
2024-07-18 09:25:13,0.061136
2024-07-18 09:25:14,0.023992
2024-07-18 09:25:15,0.044072
2024-07-18 09:25:16,0.039616
2024-07-18 09:25:17,0.017944
2024-07-18 09:25:18,0.028488
2024-07-18 09:25:19,0.022912
2024-07-18 09:25:20,0.019096
2024-07-18 09:25:21,0.037856
2024-07-18 09:25:22,0.043656
2024-07-18 09:25:23,0.037552
2024-07-18 09:25:24,0.047
2024-07-18 09:25:25,0.026384
2024-07-18 09:25:26,0.015144
2024-07-18 09:25:27,0.018064
2024-07-18 09:25:28,0.2408
2024-07-18 09:25:29,0.18612
2024-07-18 09:25:30,0.036144
2024-07-18 09:25:31,0.056704
2024-07-18 09:25:32,0.059136
2024-07-18 09:25:33,0.039168
2024-07-18 09:25:34,0.171304
2024-07-18 09:25:35,0.154168
2024-07-18 09:25:36,0.250608
2024-07-18 09:25:37,0.30932
2024-07-18 09:25:38,0.415528
2024-07-18 09:25:39,0.48984
2024-07-18 09:25:40,0.3784
2024-07-18 09:25:41,0.438776
2024-07-18 09:25:42,0.543392
2024-07-18 09:25:43,0.436112
2024-07-18 09:25:44,0.377744
2024-07-18 09:25:45,0.316768
2024-07-18 09:25:46,0.394432
2024-07-18 09:25:47,0.417584
2024-07-18 09:25:48,0.343576
2024-07-18 09:25:49,0.227712
2024-07-18 09:25:50,0.384944
2024-07-18 09:25:51,0.341912
2024-07-18 09:25:52,0.180936
2024-07-18 09:25:53,0.123736
2024-07-18 09:25:54,0.157768
2024-07-18 09:25:55,0.228736
2024-07-18 09:25:56,0.15128
2024-07-18 09:25:57,0.143696
2024-07-18 09:25:58,0.052792
2024-07-18 09:25:59,0.061904
2024-07-18 09:26:00,0.064472
2024-07-18 09:26:01,0.053336
2024-07-18 09:26:02,0.046616
2024-07-18 09:26:03,0.049752
2024-07-18 09:26:04,0.055712
2024-07-18 09:26:05,0.057528
2024-07-18 09:26:06,0.04604
2024-07-18 09:26:07,0.050144
2024-07-18 09:26:08,0.043272
2024-07-18 09:26:09,0.05168
2024-07-18 09:26:10,0.071832
2024-07-18 09:26:11,0.050128
2024-07-18 09:26:12,0.04596
2024-07-18 09:26:13,0.264512
2024-07-18 09:26:14,0.101824
2024-07-18 09:26:15,0.035368
2024-07-18 09:26:16,0.423888
2024-07-18 09:26:17,0.050864
2024-07-18 09:26:18,0.04488
2024-07-18 09:26:19,0.032504
2024-07-18 09:26:20,0.048704
2024-07-18 09:26:21,0.033104
2024-07-18 09:26:22,0.050888
2024-07-18 09:26:23,0.028296
2024-07-18 09:26:24,0.042504
2024-07-18 09:26:25,0.018536
2024-07-18 09:26:26,0.050112
2024-07-18 09:26:27,0.035968
2024-07-18 09:26:28,0.077208
2024-07-18 09:26:29,0.046016
2024-07-18 09:26:30,0.044504
2024-07-18 09:26:31,0.015016
2024-07-18 09:26:32,0.019584
2024-07-18 09:26:33,0.026688
2024-07-18 09:26:34,0.028136
2024-07-18 09:26:35,0.129568
2024-07-18 09:26:36,0.051816
2024-07-18 09:26:37,0.034664
2024-07-18 09:26:38,0.029144
2024-07-18 09:26:39,0.262352
2024-07-18 09:26:40,0.193768
2024-07-18 09:26:41,0.233384
2024-07-18 09:26:42,0.320328
2024-07-18 09:26:43,0.490088
2024-07-18 09:26:44,0.40508
2024-07-18 09:26:45,0.474744
2024-07-18 09:26:46,0.433016
2024-07-18 09:26:47,0.198968
2024-07-18 09:26:48,0.191248
2024-07-18 09:26:49,0.13432
2024-07-18 09:26:50,0.289392
2024-07-18 09:26:51,0.275136
2024-07-18 09:26:52,0.191984
2024-07-18 09:26:53,0.088752
2024-07-18 09:26:54,0.033848
2024-07-18 09:26:55,0.024968
2024-07-18 09:26:56,0.036976
2024-07-18 09:26:57,0.019392
2024-07-18 09:26:58,0.022288
2024-07-18 09:26:59,0.021432
2024-07-18 09:27:00,0.012928
2024-07-18 09:27:01,0.02616
2024-07-18 09:27:02,0.023952
2024-07-18 09:27:03,0.016872
2024-07-18 09:27:04,0.023048
2024-07-18 09:27:05,0.036912
2024-07-18 09:27:06,0.027
2024-07-18 09:27:07,0.062704
2024-07-18 09:27:08,0.082048
2024-07-18 09:27:09,0.102808
2024-07-18 09:27:10,0.018664
2024-07-18 09:27:11,0.034424
2024-07-18 09:27:12,0.044848
2024-07-18 09:27:13,0.029136
2024-07-18 09:27:14,0.036
2024-07-18 09:27:15,0.04268
2024-07-18 09:27:16,0.028112
2024-07-18 09:27:17,0.045936
2024-07-18 09:27:18,0.023552
2024-07-18 09:27:19,0.070688
2024-07-18 09:27:20,0.052376
2024-07-18 09:27:21,0.06596
2024-07-18 09:27:22,0.034864
2024-07-18 09:27:23,0.034224
2024-07-18 09:27:24,0.034088
2024-07-18 09:27:25,0.029688
2024-07-18 09:27:26,0.038496
2024-07-18 09:27:27,0.025936
2024-07-18 09:27:28,0.068136
2024-07-18 09:27:29,0.067032
2024-07-18 09:27:30,0.032712
2024-07-18 09:27:31,0.05004
2024-07-18 09:27:32,0.035064
2024-07-18 09:27:33,0.053824
2024-07-18 09:27:34,0.035456
2024-07-18 09:27:35,0.047184
2024-07-18 09:27:36,0.031968
2024-07-18 09:27:37,0.022232
2024-07-18 09:27:38,0.043648
2024-07-18 09:27:39,0.047904
2024-07-18 09:27:40,0.034672
2024-07-18 09:27:41,0.165568
2024-07-18 09:27:42,0.18724
2024-07-18 09:27:43,0.115304
2024-07-18 09:27:44,0.031
2024-07-18 09:27:45,0.096728
2024-07-18 09:27:46,0.042944
2024-07-18 09:27:47,0.012272
2024-07-18 09:27:48,0.337568
2024-07-18 09:27:49,0.279728
2024-07-18 09:27:50,0.415648
2024-07-18 09:27:51,0.549024
2024-07-18 09:27:52,0.529688
2024-07-18 09:27:53,0.485664
2024-07-18 09:27:54,0.553608
2024-07-18 09:27:55,0.507536
2024-07-18 09:27:56,0.591456
2024-07-18 09:27:57,0.521704
2024-07-18 09:27:58,0.513688
2024-07-18 09:27:59,0.446912
2024-07-18 09:28:00,0.334384
2024-07-18 09:28:01,0.2202
2024-07-18 09:28:02,0.199176
2024-07-18 09:28:03,0.175432
2024-07-18 09:28:04,0.136424
2024-07-18 09:28:05,0.168296
2024-07-18 09:28:06,0.122648
2024-07-18 09:28:07,0.070864
2024-07-18 09:28:08,0.089744
2024-07-18 09:28:09,0.052752
2024-07-18 09:28:10,0.047184
2024-07-18 09:28:11,0.041944
2024-07-18 09:28:12,0.047032
2024-07-18 09:28:13,0.039304
2024-07-18 09:28:14,0.048448
2024-07-18 09:28:15,0.02708
2024-07-18 09:28:16,0.080392
2024-07-18 09:28:17,0.342408
2024-07-18 09:28:18,0.081056
2024-07-18 09:28:19,0.256816
2024-07-18 09:28:20,0.094264
2024-07-18 09:28:21,0.076752
2024-07-18 09:28:22,0.069448
2024-07-18 09:28:23,0.029312
2024-07-18 09:28:24,0.060928
2024-07-18 09:28:25,0.037296
2024-07-18 09:28:26,0.017464
2024-07-18 09:28:27,0.016568
2024-07-18 09:28:28,0.03444
2024-07-18 09:28:29,0.06184
2024-07-18 09:28:30,0.033808
2024-07-18 09:28:31,0.012792
2024-07-18 09:28:32,0.037464
2024-07-18 09:28:33,0.044232
2024-07-18 09:28:34,0.043016
2024-07-18 09:28:35,0.022688
2024-07-18 09:28:36,0.05052
2024-07-18 09:28:37,0.030656
2024-07-18 09:28:38,0.02028
2024-07-18 09:28:39,0.051736
2024-07-18 09:28:40,0.03924
2024-07-18 09:28:41,0.034064
2024-07-18 09:28:42,0.061112
2024-07-18 09:28:43,0.038088
2024-07-18 09:28:44,0.059224
2024-07-18 09:28:45,0.04216
2024-07-18 09:28:46,0.017232
2024-07-18 09:28:47,0.04004
2024-07-18 09:28:48,0.026696
2024-07-18 09:28:49,0.241176
2024-07-18 09:28:50,0.182872
2024-07-18 09:28:51,0.072232
2024-07-18 09:28:52,0.065912
2024-07-18 09:28:53,0.087472
2024-07-18 09:28:54,0.050744
2024-07-18 09:28:55,0.183648
2024-07-18 09:28:56,0.254984
2024-07-18 09:28:57,0.336472
2024-07-18 09:28:58,0.548664
2024-07-18 09:28:59,0.670184
2024-07-18 09:29:00,0.568216
2024-07-18 09:29:01,0.54672
2024-07-18 09:29:02,0.549504
2024-07-18 09:29:03,0.56228
2024-07-18 09:29:04,0.479768
2024-07-18 09:29:05,0.454968
2024-07-18 09:29:06,0.573248
2024-07-18 09:29:07,0.42748
2024-07-18 09:29:08,0.369048
2024-07-18 09:29:09,0.338608
2024-07-18 09:29:10,0.199968
2024-07-18 09:29:11,0.15588
2024-07-18 09:29:12,0.103896
2024-07-18 09:29:13,0.090384
2024-07-18 09:29:14,0.077608
2024-07-18 09:29:15,0.086344
2024-07-18 09:29:16,0.09328
2024-07-18 09:29:17,0.039544
2024-07-18 09:29:18,0.132936
2024-07-18 09:29:19,0.24432
2024-07-18 09:29:20,0.046832
2024-07-18 09:29:21,0.1682
2024-07-18 09:29:22,0.088296
2024-07-18 09:29:23,0.063208
2024-07-18 09:29:24,0.049352
2024-07-18 09:29:25,0.04908
2024-07-18 09:29:26,0.035848
2024-07-18 09:29:27,0.03904
2024-07-18 09:29:28,0.06
2024-07-18 09:29:29,0.057736
2024-07-18 09:29:30,0.01328
2024-07-18 09:29:31,0.03104
2024-07-18 09:29:32,0.037968
2024-07-18 09:29:33,0.015296
2024-07-18 09:29:34,0.042696
2024-07-18 09:29:35,0.012968
2024-07-18 09:29:36,0.019376
2024-07-18 09:29:37,0.01868
2024-07-18 09:29:38,0.01936
2024-07-18 09:29:39,0.016424
2024-07-18 09:29:40,0.01484
2024-07-18 09:29:41,0.018584
2024-07-18 09:29:42,0.020336
2024-07-18 09:29:43,0.012912
2024-07-18 09:29:44,0.01568
2024-07-18 09:29:45,0.015544
2024-07-18 09:29:46,0.023872
2024-07-18 09:29:47,0.021328
2024-07-18 09:29:48,0.011352
2024-07-18 09:29:49,0.032712
2024-07-18 09:29:50,0.02096
2024-07-18 09:29:51,0.12524
2024-07-18 09:29:52,0.157624
2024-07-18 09:29:53,0.06488
2024-07-18 09:29:54,0.048976
2024-07-18 09:29:55,0.064568
2024-07-18 09:29:56,0.035832
2024-07-18 09:29:57,0.063416
2024-07-18 09:29:58,0.161416
2024-07-18 09:29:59,0.223528
2024-07-18 09:30:00,0.309464
2024-07-18 09:30:01,0.386608
2024-07-18 09:30:02,0.48604
2024-07-18 09:30:03,0.507072
2024-07-18 09:30:04,0.527912
2024-07-18 09:30:05,0.446536
2024-07-18 09:30:06,0.394224
2024-07-18 09:30:07,0.426688
2024-07-18 09:30:08,0.321376
2024-07-18 09:30:09,0.293248
2024-07-18 09:30:10,0.342208
2024-07-18 09:30:11,0.239984
2024-07-18 09:30:12,0.18536
2024-07-18 09:30:13,0.125296
2024-07-18 09:30:14,0.084776
2024-07-18 09:30:15,0.075224
2024-07-18 09:30:16,0.046944
2024-07-18 09:30:17,0.054752
2024-07-18 09:30:18,0.08404
2024-07-18 09:30:19,0.041256
2024-07-18 09:30:20,0.055512
2024-07-18 09:30:21,0.252848
2024-07-18 09:30:22,0.034256
2024-07-18 09:30:23,0.074752
2024-07-18 09:30:24,0.051696
2024-07-18 09:30:25,0.042816
2024-07-18 09:30:26,0.039664
2024-07-18 09:30:27,0.028024
2024-07-18 09:30:28,0.041664
2024-07-18 09:30:29,0.042736
2024-07-18 09:30:30,0.059128
2024-07-18 09:30:31,0.047952
2024-07-18 09:30:32,0.045136
2024-07-18 09:30:33,0.0448
2024-07-18 09:30:34,0.057448
2024-07-18 09:30:35,0.0518
2024-07-18 09:30:36,0.035792
2024-07-18 09:30:37,0.041872
2024-07-18 09:30:38,0.061832
2024-07-18 09:30:39,0.054016
2024-07-18 09:30:40,0.048392
2024-07-18 09:30:41,0.049648
2024-07-18 09:30:42,0.062136
2024-07-18 09:30:43,0.059
2024-07-18 09:30:44,0.057824
2024-07-18 09:30:45,0.061384
2024-07-18 09:30:46,0.0488
2024-07-18 09:30:47,0.041144
2024-07-18 09:30:48,0.034792
2024-07-18 09:30:49,0.048432
2024-07-18 09:30:50,0.089344
2024-07-18 09:30:51,0.034104
2024-07-18 09:30:52,0.11316
2024-07-18 09:30:53,0.119712
2024-07-18 09:30:54,0.073136
2024-07-18 09:30:55,0.054472
2024-07-18 09:30:56,0.035384
2024-07-18 09:30:57,0.090304
2024-07-18 09:30:58,0.116048
2024-07-18 09:30:59,0.147288
2024-07-18 09:31:00,0.16396
2024-07-18 09:31:01,0.281928
2024-07-18 09:31:02,0.145264
2024-07-18 09:31:03,0.084888
2024-07-18 09:31:04,0.094632
2024-07-18 09:31:05,0.06068
2024-07-18 09:31:06,0.082184
2024-07-18 09:31:07,0.103312
2024-07-18 09:31:08,0.082464
2024-07-18 09:31:09,0.071896
2024-07-18 09:31:10,0.049216
2024-07-18 09:31:11,0.030768
2024-07-18 09:31:12,0.027912
2024-07-18 09:31:13,0.026584
2024-07-18 09:31:14,0.043608
2024-07-18 09:31:15,0.028976
2024-07-18 09:31:16,0.01516
2024-07-18 09:31:17,0.020984
2024-07-18 09:31:18,0.025816
2024-07-18 09:31:19,0.027368
2024-07-18 09:31:20,0.027656
2024-07-18 09:31:21,0.027088
2024-07-18 09:31:22,0.006984
2024-07-18 09:31:23,0.041352
2024-07-18 09:31:24,0.032664
2024-07-18 09:31:25,0.016896
2024-07-18 09:31:26,0.065704
2024-07-18 09:31:27,0.026096
2024-07-18 09:31:28,0.02196
2024-07-18 09:31:29,0.034384
2024-07-18 09:31:30,0.034056
2024-07-18 09:31:31,0.03832
2024-07-18 09:31:32,0.187232
2024-07-18 09:31:33,0.174056
2024-07-18 09:31:34,0.05412
2024-07-18 09:31:35,0.047288
2024-07-18 09:31:36,0.077312
2024-07-18 09:31:37,0.038944
2024-07-18 09:31:38,0.11732
2024-07-18 09:31:39,0.164088
2024-07-18 09:31:40,0.219704
2024-07-18 09:31:41,0.334928
2024-07-18 09:31:42,0.5136
2024-07-18 09:31:43,0.496512
2024-07-18 09:31:44,0.548504
2024-07-18 09:31:45,0.558112
2024-07-18 09:31:46,0.511696
2024-07-18 09:31:47,0.520272
2024-07-18 09:31:48,0.499872
2024-07-18 09:31:49,0.603176
2024-07-18 09:31:50,0.422944
2024-07-18 09:31:51,0.380208
2024-07-18 09:31:52,0.328936
2024-07-18 09:31:53,0.224072
2024-07-18 09:31:54,0.206952
2024-07-18 09:31:55,0.202848
2024-07-18 09:31:56,0.123432
2024-07-18 09:31:57,0.191552
2024-07-18 09:31:58,0.13312
2024-07-18 09:31:59,0.063008
2024-07-18 09:32:00,0.148352
2024-07-18 09:32:01,0.19012
2024-07-18 09:32:02,0.035712
2024-07-18 09:32:03,0.171528
2024-07-18 09:32:04,0.049792
2024-07-18 09:32:05,0.028344
2024-07-18 09:32:06,0.070784
2024-07-18 09:32:07,0.016312
2024-07-18 09:32:08,0.038544
2024-07-18 09:32:09,0.02068
2024-07-18 09:32:10,0.065072
2024-07-18 09:32:11,0.022472
2024-07-18 09:32:12,0.04268
2024-07-18 09:32:13,0.04488
2024-07-18 09:32:14,0.038424
2024-07-18 09:32:15,0.017488
2024-07-18 09:32:16,0.018288
2024-07-18 09:32:17,0.020664
2024-07-18 09:32:18,0.049416
2024-07-18 09:32:19,0.03352
2024-07-18 09:32:20,0.042296
2024-07-18 09:32:21,0.018832
2024-07-18 09:32:22,0.032552
2024-07-18 09:32:23,0.042888
2024-07-18 09:32:24,0.018112
2024-07-18 09:32:25,0.035376
2024-07-18 09:32:26,0.054856
2024-07-18 09:32:27,0.04344
2024-07-18 09:32:28,0.038176
2024-07-18 09:32:29,0.020072
2024-07-18 09:32:30,0.017736
2024-07-18 09:32:31,0.022032
2024-07-18 09:32:32,0.028352
2024-07-18 09:32:33,0.013112
2024-07-18 09:32:34,0.012624
2024-07-18 09:32:35,0.010272
2024-07-18 09:32:36,0.013968
2024-07-18 09:32:37,0.04036
2024-07-18 09:32:38,0.022504
2024-07-18 09:32:39,0.014248
2024-07-18 09:32:40,0.01616
2024-07-18 09:32:41,0.028168
2024-07-18 09:32:42,0.019352
2024-07-18 09:32:43,0.016784
2024-07-18 09:32:44,0.023488
2024-07-18 09:32:45,0.017856
2024-07-18 09:32:46,0.014312
2024-07-18 09:32:47,0.163696
2024-07-18 09:32:48,0.08156
2024-07-18 09:32:49,0.031664
2024-07-18 09:32:50,0.0376
2024-07-18 09:32:51,0.041704
2024-07-18 09:32:52,0.03132
2024-07-18 09:32:53,0.06164
2024-07-18 09:32:54,0.161552
2024-07-18 09:32:55,0.168944
2024-07-18 09:32:56,0.345664
2024-07-18 09:32:57,0.350392
2024-07-18 09:32:58,0.471584
2024-07-18 09:32:59,0.549752
2024-07-18 09:33:00,0.406256
2024-07-18 09:33:01,0.320496
2024-07-18 09:33:02,0.452968
2024-07-18 09:33:03,0.466272
2024-07-18 09:33:04,0.303208
2024-07-18 09:33:05,0.366528
2024-07-18 09:33:06,0.441376
2024-07-18 09:33:07,0.212728
2024-07-18 09:33:08,0.14028
2024-07-18 09:33:09,0.180416
2024-07-18 09:33:10,0.109504
2024-07-18 09:33:11,0.031968
2024-07-18 09:33:12,0.120544
2024-07-18 09:33:13,0.047056
2024-07-18 09:33:14,0.033176
2024-07-18 09:33:15,0.120848
2024-07-18 09:33:16,0.030168
2024-07-18 09:33:17,0.031744
2024-07-18 09:33:18,0.010712
2024-07-18 09:33:19,0.018608
2024-07-18 09:33:20,0.014704
2024-07-18 09:33:21,0.009608
2024-07-18 09:33:22,0.011824
2024-07-18 09:33:23,0.008808
2024-07-18 09:33:24,0.026488
2024-07-18 09:33:25,0.010712
2024-07-18 09:33:26,0.013088
2024-07-18 09:33:27,0.02808
2024-07-18 09:33:28,0.02372
2024-07-18 09:33:29,0.022752
2024-07-18 09:33:30,0.027368
2024-07-18 09:33:31,0.027312
2024-07-18 09:33:32,0.036856
2024-07-18 09:33:33,0.010712
2024-07-18 09:33:34,0.02256
2024-07-18 09:33:35,0.03732
2024-07-18 09:33:36,0.04464
2024-07-18 09:33:37,0.021272
2024-07-18 09:33:38,0.07468
2024-07-18 09:33:39,0.071736
2024-07-18 09:33:40,0.081672
2024-07-18 09:33:41,0.0854
2024-07-18 09:33:42,0.094184
2024-07-18 09:33:43,0.152008
2024-07-18 09:33:44,0.175832
2024-07-18 09:33:45,0.179992
2024-07-18 09:33:46,0.092176
2024-07-18 09:33:47,0.143504
2024-07-18 09:33:48,0.062448
2024-07-18 09:33:49,0.080168
2024-07-18 09:33:50,0.043256
2024-07-18 09:33:51,0.012616
2024-07-18 09:33:52,0.011208
2024-07-18 09:33:53,0.02052
2024-07-18 09:33:54,0.021288
2024-07-18 09:33:55,0.015704
2024-07-18 09:33:56,0.038152
2024-07-18 09:33:57,0.012648
2024-07-18 09:33:58,0.03156
2024-07-18 09:33:59,0.027968
2024-07-18 09:34:00,0.01896
2024-07-18 09:34:01,0.019888
2024-07-18 09:34:02,0.026728
2024-07-18 09:34:03,0.032872
2024-07-18 09:34:04,0.028136
2024-07-18 09:34:05,0.030344
2024-07-18 09:34:06,0.009472
2024-07-18 09:34:07,0.039168
2024-07-18 09:34:08,0.019664
2024-07-18 09:34:09,0.029712
2024-07-18 09:34:10,0.021832
2024-07-18 09:34:11,0.019416
2024-07-18 09:34:12,0.017208
2024-07-18 09:34:13,0.014872
2024-07-18 09:34:14,0.009448
2024-07-18 09:34:15,0.013088
2024-07-18 09:34:16,0.01308
2024-07-18 09:34:17,0.01184
2024-07-18 09:34:18,0.061112
2024-07-18 09:34:19,0.086872
2024-07-18 09:34:20,0.023536
2024-07-18 09:34:21,0.030736
2024-07-18 09:34:22,0.046296
2024-07-18 09:34:23,0.024448
2024-07-18 09:34:24,0.073624
2024-07-18 09:34:25,0.116488
2024-07-18 09:34:26,0.16756
2024-07-18 09:34:27,0.188312
2024-07-18 09:34:28,0.228304
2024-07-18 09:34:29,0.39112
2024-07-18 09:34:30,0.403168
2024-07-18 09:34:31,0.269208
2024-07-18 09:34:32,0.203944
2024-07-18 09:34:33,0.293008
2024-07-18 09:34:34,0.28584
2024-07-18 09:34:35,0.372968
2024-07-18 09:34:36,0.270056
2024-07-18 09:34:37,0.234648
2024-07-18 09:34:38,0.150888
2024-07-18 09:34:39,0.16948
2024-07-18 09:34:40,0.1996
2024-07-18 09:34:41,0.20792
2024-07-18 09:34:42,0.034408
2024-07-18 09:34:43,0.029192
2024-07-18 09:34:44,0.128
2024-07-18 09:34:45,0.035136
2024-07-18 09:34:46,0.063704
2024-07-18 09:34:47,0.101272
2024-07-18 09:34:48,0.031968
2024-07-18 09:34:49,0.028936
2024-07-18 09:34:50,0.02552
2024-07-18 09:34:51,0.02176
2024-07-18 09:34:52,0.029384
2024-07-18 09:34:53,0.0218
2024-07-18 09:34:54,0.03472
2024-07-18 09:34:55,0.020824
2024-07-18 09:34:56,0.0232
2024-07-18 09:34:57,0.02044
2024-07-18 09:34:58,0.014176
2024-07-18 09:34:59,0.043248
2024-07-18 09:35:00,0.030888
2024-07-18 09:35:01,0.024992
2024-07-18 09:35:02,0.02456
2024-07-18 09:35:03,0.064088
2024-07-18 09:35:04,0.042256
2024-07-18 09:35:05,0.024016
2024-07-18 09:35:06,0.032872
2024-07-18 09:35:07,0.031696
2024-07-18 09:35:08,0.02416
2024-07-18 09:35:09,0.017744
2024-07-18 09:35:10,0.039248
2024-07-18 09:35:11,0.028816
2024-07-18 09:35:12,0.043344
2024-07-18 09:35:13,0.048984
2024-07-18 09:35:14,0.024792
2024-07-18 09:35:15,0.012328
2024-07-18 09:35:16,0.014168
2024-07-18 09:35:17,0.070344
2024-07-18 09:35:18,0.085024
2024-07-18 09:35:19,0.01464
2024-07-18 09:35:20,0.04436
2024-07-18 09:35:21,0.038632
2024-07-18 09:35:22,0.016456
2024-07-18 09:35:23,0.10936
2024-07-18 09:35:24,0.138152
2024-07-18 09:35:25,0.195976
2024-07-18 09:35:26,0.20456
2024-07-18 09:35:27,0.300544
2024-07-18 09:35:28,0.365136
2024-07-18 09:35:29,0.314584
2024-07-18 09:35:30,0.242784
2024-07-18 09:35:31,0.332848
2024-07-18 09:35:32,0.242696
2024-07-18 09:35:33,0.2322
2024-07-18 09:35:34,0.301184
2024-07-18 09:35:35,0.186656
2024-07-18 09:35:36,0.197144
2024-07-18 09:35:37,0.236632
2024-07-18 09:35:38,0.188016
2024-07-18 09:35:39,0.143024
2024-07-18 09:35:40,0.129136
2024-07-18 09:35:41,0.0532
2024-07-18 09:35:42,0.013616
2024-07-18 09:35:43,0.026784
2024-07-18 09:35:44,0.019944
2024-07-18 09:35:45,0.01804
2024-07-18 09:35:46,0.018432
2024-07-18 09:35:47,0.010224
2024-07-18 09:35:48,0.010616
2024-07-18 09:36:47,0.242752
2024-07-18 09:36:48,0.020864
2024-07-18 09:36:49,0.039864
2024-07-18 09:36:50,0.0262
2024-07-18 09:36:51,0.036888
2024-07-18 09:36:52,0.36956
2024-07-18 09:36:53,0.041072
2024-07-18 09:36:54,0.041968
2024-07-18 09:36:55,0.12764
2024-07-18 09:36:56,0.024472
2024-07-18 09:36:57,0.008856
2024-07-18 09:36:58,0.017456
2024-07-18 09:36:59,0.03472
2024-07-18 09:37:00,0.037
2024-07-18 09:37:01,0.029488
2024-07-18 09:37:02,0.03916
2024-07-18 09:37:03,0.012144
2024-07-18 09:37:04,0.013192
2024-07-18 09:37:05,0.022792
2024-07-18 09:37:06,0.036288
2024-07-18 09:37:07,0.019392
2024-07-18 09:37:08,0.029424
2024-07-18 09:37:09,0.024168
2024-07-18 09:37:10,0.03144
2024-07-18 09:37:11,0.014864
2024-07-18 09:37:12,0.0158
2024-07-18 09:37:13,0.006592
2024-07-18 09:37:14,0.011056
2024-07-18 09:37:15,0.010632
2024-07-18 09:37:16,0.004576
2024-07-18 09:37:17,0.002216
2024-07-18 09:37:18,0.004744
2024-07-18 09:37:19,0.002216
2024-07-18 09:37:20,0.0036
2024-07-18 09:37:21,0.005632
2024-07-18 09:37:22,0.023992
2024-07-18 09:37:23,0.024192
2024-07-18 09:37:24,0.03296
2024-07-18 09:37:25,0.030584
2024-07-18 09:37:26,0.034048
2024-07-18 09:37:27,0.020648
2024-07-18 09:37:28,0.034776
2024-07-18 09:37:29,0.019448
2024-07-18 09:37:30,0.004576
2024-07-18 09:37:31,0.023816
2024-07-18 09:37:32,0.015904
2024-07-18 09:37:33,0.099168
2024-07-18 09:37:34,0.066248
2024-07-18 09:37:35,0.056128
2024-07-18 09:37:36,0.036184
2024-07-18 09:37:37,0.043752
2024-07-18 09:37:38,0.032696
2024-07-18 09:37:39,0.0864
2024-07-18 09:37:40,0.04248
2024-07-18 09:37:41,0.02616
2024-07-18 09:37:42,0.04132
2024-07-18 09:37:43,0.058552
2024-07-18 09:37:44,0.065016
2024-07-18 09:37:45,0.06228
2024-07-18 09:37:46,0.063648
2024-07-18 09:37:47,0.06952
2024-07-18 09:37:48,0.089944
2024-07-18 09:37:49,0.105912
2024-07-18 09:37:50,0.107336
2024-07-18 09:37:51,0.177296
2024-07-18 09:37:52,0.166288
2024-07-18 09:37:53,0.101976
2024-07-18 09:37:54,0.07116
2024-07-18 09:37:55,0.050856
2024-07-18 09:37:56,0.046976
2024-07-18 09:37:57,0.0316
2024-07-18 09:37:58,0.034432
2024-07-18 09:37:59,0.022464
2024-07-18 09:38:00,0.084088
2024-07-18 09:38:01,0.158752
2024-07-18 09:38:02,0.092576
2024-07-18 09:38:03,0.04572
2024-07-18 09:38:04,0.025928
2024-07-18 09:38:05,0.022144
2024-07-18 09:38:06,0.082096
2024-07-18 09:38:07,0.08808
2024-07-18 09:38:08,0.121368
2024-07-18 09:38:09,0.119344
2024-07-18 09:38:10,0.136864
2024-07-18 09:38:11,0.077184
2024-07-18 09:38:12,0.05636
2024-07-18 09:38:13,0.07664
2024-07-18 09:38:14,0.044736
2024-07-18 09:38:15,0.040208
2024-07-18 09:38:16,0.023504
2024-07-18 09:38:17,0.009536
2024-07-18 09:38:18,0.01464
2024-07-18 09:38:19,0.003984
2024-07-18 09:38:20,0.027448
2024-07-18 09:38:21,0.115696
2024-07-18 09:38:22,0.029928
2024-07-18 09:38:23,0.022808
2024-07-18 09:38:24,0.027496
2024-07-18 09:38:25,0.059376
2024-07-18 09:38:26,0.082736
2024-07-18 09:38:27,0.06968
2024-07-18 09:38:28,0.099496
2024-07-18 09:38:29,0.113184
2024-07-18 09:38:30,0.11516
2024-07-18 09:38:31,0.098152
2024-07-18 09:38:32,0.156696
2024-07-18 09:38:33,0.151976
2024-07-18 09:38:34,0.12844
2024-07-18 09:38:35,0.114352
2024-07-18 09:38:36,0.075672
2024-07-18 09:38:37,0.044192
2024-07-18 09:38:38,0.134048
2024-07-18 09:38:39,0.089152
2024-07-18 09:38:40,0.216968
2024-07-18 09:38:41,0.074648
2024-07-18 09:38:42,0.063568
2024-07-18 09:38:43,0.034304
2024-07-18 09:38:44,0.011232
2024-07-18 09:38:45,0.034616
2024-07-18 09:38:46,0.046408
2024-07-18 09:38:47,0.027936
2024-07-18 09:38:48,0.033992
2024-07-18 09:38:49,0.018184
2024-07-18 09:38:50,0.027528
2024-07-18 09:38:51,0.0226
2024-07-18 09:38:52,0.021576
2024-07-18 09:38:53,0.035824
2024-07-18 09:38:54,0.031432
2024-07-18 09:38:55,0.029328
2024-07-18 09:38:56,0.020472
2024-07-18 09:38:57,0.023464
2024-07-18 09:38:58,0.015544
2024-07-18 09:38:59,0.01568
2024-07-18 09:39:00,0.140648
2024-07-18 09:39:01,0.02832
2024-07-18 09:39:02,0.028152
2024-07-18 09:39:03,0.080616
2024-07-18 09:39:04,0.101672
2024-07-18 09:39:05,0.084432
2024-07-18 09:39:06,0.137336
2024-07-18 09:39:07,0.11112
2024-07-18 09:39:08,0.127448
2024-07-18 09:39:09,0.134624
2024-07-18 09:39:10,0.176352
2024-07-18 09:39:11,0.169464
2024-07-18 09:39:12,0.12024
2024-07-18 09:39:13,0.088688
2024-07-18 09:39:14,0.063304
2024-07-18 09:39:15,0.15772
2024-07-18 09:39:16,0.134656
2024-07-18 09:39:17,0.085352
2024-07-18 09:39:18,0.046112
2024-07-18 09:39:19,0.018464
2024-07-18 09:39:20,0.015704
2024-07-18 09:39:21,0.015528
2024-07-18 09:39:22,0.011776
2024-07-18 09:39:23,0.03228
2024-07-18 09:39:24,0.025216
2024-07-18 09:39:25,0.023792
2024-07-18 09:39:26,0.021016
2024-07-18 09:39:27,0.048144
2024-07-18 09:39:28,0.019928
2024-07-18 09:39:29,0.037224
2024-07-18 09:39:30,0.051056
2024-07-18 09:39:31,0.070968
2024-07-18 09:39:32,0.089976
2024-07-18 09:39:33,0.057408
2024-07-18 09:39:34,0.036312
2024-07-18 09:39:35,0.033288
2024-07-18 09:39:36,0.045544
2024-07-18 09:39:37,0.033072
2024-07-18 09:39:38,0.032728
2024-07-18 09:39:39,0.023384
2024-07-18 09:39:40,0.022928
2024-07-18 09:39:41,0.027312
2024-07-18 09:39:42,0.031032
2024-07-18 09:39:43,0.042288
2024-07-18 09:39:44,0.056264
2024-07-18 09:39:45,0.02628
2024-07-18 09:39:46,0.04828
2024-07-18 09:39:47,0.049568
2024-07-18 09:39:48,0.029432
2024-07-18 09:39:49,0.04148
2024-07-18 09:39:50,0.029744
2024-07-18 09:39:51,0.066672
2024-07-18 09:39:52,0.013744
2024-07-18 09:39:53,0.021592
2024-07-18 09:39:54,0.013016
2024-07-18 09:39:55,0.028248
2024-07-18 09:39:56,0.042712
2024-07-18 09:39:57,0.029344
2024-07-18 09:39:58,0.02288
2024-07-18 09:39:59,0.046336
2024-07-18 09:40:00,0.019568
2024-07-18 09:40:01,0.034056
2024-07-18 09:40:02,0.010712
2024-07-18 09:40:03,0.039896
2024-07-18 09:40:04,0.028944
2024-07-18 09:40:05,0.0268
2024-07-18 09:40:06,0.083064
2024-07-18 09:40:07,0.13616
2024-07-18 09:40:08,0.042096
2024-07-18 09:40:09,0.037672
2024-07-18 09:40:10,0.040728
2024-07-18 09:40:11,0.033192
2024-07-18 09:40:12,0.045888
2024-07-18 09:40:13,0.084544
2024-07-18 09:40:14,0.088408
2024-07-18 09:40:15,0.087744
2024-07-18 09:40:16,0.110008
2024-07-18 09:40:17,0.158936
2024-07-18 09:40:18,0.128808
2024-07-18 09:40:19,0.114328
2024-07-18 09:40:20,0.144296
2024-07-18 09:40:21,0.148592
2024-07-18 09:40:22,0.17024
2024-07-18 09:40:23,0.22452
2024-07-18 09:40:24,0.13464
2024-07-18 09:40:25,0.099032
2024-07-18 09:40:26,0.076704
2024-07-18 09:40:27,0.144968
2024-07-18 09:40:28,0.079296
2024-07-18 09:40:29,0.099992
2024-07-18 09:40:30,0.072536
2024-07-18 09:40:31,0.058712
2024-07-18 09:40:32,0.063648
2024-07-18 09:40:33,0.082048
2024-07-18 09:40:34,0.077488
2024-07-18 09:40:35,0.05008
2024-07-18 09:40:36,0.050424
2024-07-18 09:40:37,0.041216
2024-07-18 09:40:38,0.057408
2024-07-18 09:40:39,0.05996
2024-07-18 09:40:40,0.040304
2024-07-18 09:40:41,0.043944
2024-07-18 09:40:42,0.022472
2024-07-18 09:40:43,0.084496
2024-07-18 09:40:44,0.249112
2024-07-18 09:40:45,0.079968
2024-07-18 09:40:46,0.204496
2024-07-18 09:40:47,0.061752
2024-07-18 09:40:48,0.05556
2024-07-18 09:40:49,0.019008
2024-07-18 09:40:50,0.052824
2024-07-18 09:40:51,0.02972
2024-07-18 09:40:52,0.044888
2024-07-18 09:40:53,0.042048
2024-07-18 09:40:54,0.024392
2024-07-18 09:40:55,0.03744
2024-07-18 09:40:56,0.0144
2024-07-18 09:40:57,0.022288
2024-07-18 09:40:58,0.019088
2024-07-18 09:40:59,0.024744
2024-07-18 09:41:00,0.030424
2024-07-18 09:41:01,0.031432
2024-07-18 09:41:02,0.02036
2024-07-18 09:41:03,0.026312
2024-07-18 09:41:04,0.010896
2024-07-18 09:41:05,0.022104
2024-07-18 09:41:06,0.015288
2024-07-18 09:41:07,0.009472
2024-07-18 09:41:08,0.012448
2024-07-18 09:41:09,0.008808
2024-07-18 09:41:10,0.026832
2024-07-18 09:41:11,0.0176
2024-07-18 09:41:12,0.012088
2024-07-18 09:41:13,0.021112
2024-07-18 09:41:14,0.0126
2024-07-18 09:41:15,0.022144
2024-07-18 09:41:16,0.12532
2024-07-18 09:41:17,0.10468
2024-07-18 09:41:18,0.035128
2024-07-18 09:41:19,0.068296
2024-07-18 09:41:20,0.04132
2024-07-18 09:41:21,0.021248
2024-07-18 09:41:22,0.080664
2024-07-18 09:41:23,0.083424
2024-07-18 09:41:24,0.082
2024-07-18 09:41:25,0.131336
2024-07-18 09:41:26,0.125592
2024-07-18 09:41:27,0.181048
2024-07-18 09:41:28,0.142568
2024-07-18 09:41:29,0.125528
2024-07-18 09:41:30,0.201544
2024-07-18 09:41:31,0.156976
2024-07-18 09:41:32,0.212256
2024-07-18 09:41:33,0.206152
2024-07-18 09:41:34,0.131536
2024-07-18 09:41:35,0.144736
2024-07-18 09:41:36,0.117784
2024-07-18 09:41:37,0.112304
2024-07-18 09:41:38,0.11188
2024-07-18 09:41:39,0.098048
2024-07-18 09:41:40,0.081712
2024-07-18 09:41:41,0.108392
2024-07-18 09:41:42,0.133688
2024-07-18 09:41:43,0.10516
2024-07-18 09:41:44,0.140744
2024-07-18 09:41:45,0.055928
2024-07-18 09:41:46,0.058824
2024-07-18 09:41:47,0.223696
2024-07-18 09:41:48,0.039592
2024-07-18 09:41:49,0.170784
2024-07-18 09:41:50,0.066944
2024-07-18 09:41:51,0.06148
2024-07-18 09:41:52,0.037152
2024-07-18 09:41:53,0.026288
2024-07-18 09:41:54,0.015152
2024-07-18 09:41:55,0.055864
2024-07-18 09:41:56,0.043184
2024-07-18 09:41:57,0.035096
2024-07-18 09:41:58,0.02828
2024-07-18 09:41:59,0.025768
2024-07-18 09:42:00,0.025832
2024-07-18 09:42:01,0.014968
2024-07-18 09:42:02,0.018344
2024-07-18 09:42:03,0.014856
2024-07-18 09:42:04,0.037752
2024-07-18 09:42:05,0.022256
2024-07-18 09:42:06,0.023552
2024-07-18 09:42:07,0.025384
2024-07-18 09:42:08,0.010224
2024-07-18 09:42:09,0.024928
2024-07-18 09:42:10,0.015144
2024-07-18 09:42:11,0.043776
2024-07-18 09:42:12,0.027352
2024-07-18 09:42:13,0.016776
2024-07-18 09:42:14,0.02308
2024-07-18 09:42:15,0.033896
2024-07-18 09:42:16,0.021088
2024-07-18 09:42:17,0.015872
2024-07-18 09:42:18,0.013088
2024-07-18 09:42:19,0.06564
2024-07-18 09:42:20,0.144968
2024-07-18 09:42:21,0.049184
2024-07-18 09:42:22,0.042784
2024-07-18 09:42:23,0.046368
2024-07-18 09:42:24,0.052112
2024-07-18 09:42:25,0.024904
2024-07-18 09:42:26,0.11584
2024-07-18 09:42:27,0.072632
2024-07-18 09:42:28,0.094112
2024-07-18 09:42:29,0.112984
2024-07-18 09:42:30,0.148744
2024-07-18 09:42:31,0.195616
2024-07-18 09:42:32,0.14212
2024-07-18 09:42:33,0.135192
2024-07-18 09:42:34,0.271368
2024-07-18 09:42:35,0.215448
2024-07-18 09:42:36,0.140768
2024-07-18 09:42:37,0.12532
2024-07-18 09:42:38,0.130936
2024-07-18 09:42:39,0.107056
2024-07-18 09:42:40,0.152216
2024-07-18 09:42:41,0.130888
2024-07-18 09:42:42,0.138272
2024-07-18 09:42:43,0.119808
2024-07-18 09:42:44,0.121072
2024-07-18 09:42:45,0.119472
2024-07-18 09:42:46,0.117216
2024-07-18 09:42:47,0.149264
2024-07-18 09:42:48,0.148336
2024-07-18 09:42:49,0.052448
2024-07-18 09:42:50,0.083648
2024-07-18 09:42:51,0.113
2024-07-18 09:42:52,0.077784
2024-07-18 09:42:53,0.05456
2024-07-18 09:42:54,0.040864
2024-07-18 09:42:55,0.058704
2024-07-18 09:42:56,0.088072
2024-07-18 09:42:57,0.039168
2024-07-18 09:42:58,0.064392
2024-07-18 09:42:59,0.227032
2024-07-18 09:43:00,0.037168
2024-07-18 09:43:01,0.08736
2024-07-18 09:43:02,0.048808
2024-07-18 09:43:03,0.056832
2024-07-18 09:43:04,0.050224
2024-07-18 09:43:05,0.05024
2024-07-18 09:43:06,0.038832
2024-07-18 09:43:07,0.051584
2024-07-18 09:43:08,0.050544
2024-07-18 09:43:09,0.059528
2024-07-18 09:43:10,0.052448
2024-07-18 09:43:11,0.052944
2024-07-18 09:43:12,0.048768
2024-07-18 09:43:13,0.049504
2024-07-18 09:43:14,0.06032
2024-07-18 09:43:15,0.055632
2024-07-18 09:43:16,0.062544
2024-07-18 09:43:17,0.052408
2024-07-18 09:43:18,0.05264
2024-07-18 09:43:19,0.054792
2024-07-18 09:43:20,0.063184
2024-07-18 09:43:21,0.058312
2024-07-18 09:43:22,0.076832
2024-07-18 09:43:23,0.061808
2024-07-18 09:43:24,0.061536
2024-07-18 09:43:25,0.066296
2024-07-18 09:43:26,0.056232
2024-07-18 09:43:27,0.060976
2024-07-18 09:43:28,0.063384
2024-07-18 09:43:29,0.057904
2024-07-18 09:43:30,0.061088
2024-07-18 09:43:31,0.040856
2024-07-18 09:43:32,0.03764
2024-07-18 09:43:33,0.042072
2024-07-18 09:43:34,0.097616
2024-07-18 09:43:35,0.02696
2024-07-18 09:43:36,0.08564
2024-07-18 09:43:37,0.12048
2024-07-18 09:43:38,0.063
2024-07-18 09:43:39,0.034888
2024-07-18 09:43:40,0.018816
2024-07-18 09:43:41,0.04164
2024-07-18 09:43:42,0.095896
2024-07-18 09:43:43,0.104464
2024-07-18 09:43:44,0.205992
2024-07-18 09:43:45,0.138032
2024-07-18 09:43:46,0.133944
2024-07-18 09:43:47,0.070328
2024-07-18 09:43:48,0.041544
2024-07-18 09:43:49,0.037424
2024-07-18 09:43:50,0.049472
2024-07-18 09:43:51,0.022888
2024-07-18 09:43:52,0.044712
2024-07-18 09:43:53,0.035048
2024-07-18 09:43:54,0.034872
2024-07-18 09:43:55,0.067024
2024-07-18 09:43:56,0.025
2024-07-18 09:43:57,0.029216
2024-07-18 09:43:58,0.025016
2024-07-18 09:43:59,0.051768
2024-07-18 09:44:00,0.024952
2024-07-18 09:44:01,0.067936
2024-07-18 09:44:02,0.064168
2024-07-18 09:44:03,0.05024
2024-07-18 09:44:04,0.043736
2024-07-18 09:44:05,0.042568
2024-07-18 09:44:06,0.031984
2024-07-18 09:44:07,0.019552
2024-07-18 09:44:08,0.02996
2024-07-18 09:44:09,0.01592
2024-07-18 09:44:10,0.021736
2024-07-18 09:44:11,0.041368
2024-07-18 09:44:12,0.017816
2024-07-18 09:44:13,0.015656
2024-07-18 09:44:14,0.018808
2024-07-18 09:44:15,0.024856
2024-07-18 09:44:16,0.08292
2024-07-18 09:44:17,0.087
2024-07-18 09:44:18,0.13112
2024-07-18 09:44:19,0.02264
2024-07-18 09:44:20,0.062968
2024-07-18 09:44:21,0.02536
2024-07-18 09:44:22,0.046592
2024-07-18 09:44:23,0.093616
2024-07-18 09:44:24,0.10608
2024-07-18 09:44:25,0.139608
2024-07-18 09:44:26,0.143712
2024-07-18 09:44:27,0.183496
2024-07-18 09:44:28,0.214432
2024-07-18 09:44:29,0.275488
2024-07-18 09:44:30,0.29848
2024-07-18 09:44:31,0.263696
2024-07-18 09:44:32,0.136808
2024-07-18 09:44:33,0.147016
2024-07-18 09:44:34,0.160016
2024-07-18 09:44:35,0.181272
2024-07-18 09:44:36,0.14564
2024-07-18 09:44:37,0.160168
2024-07-18 09:44:38,0.133872
2024-07-18 09:44:39,0.172136
2024-07-18 09:44:40,0.220896
2024-07-18 09:44:41,0.16788
2024-07-18 09:44:42,0.082888
2024-07-18 09:44:43,0.10492
2024-07-18 09:44:44,0.097704
2024-07-18 09:44:45,0.08748
2024-07-18 09:44:46,0.086656
2024-07-18 09:44:47,0.069312
2024-07-18 09:44:48,0.083856
2024-07-18 09:44:49,0.155632
2024-07-18 09:44:50,0.17808
2024-07-18 09:44:51,0.052808
2024-07-18 09:44:52,0.052624
2024-07-18 09:44:53,0.068672
2024-07-18 09:44:54,0.034152
2024-07-18 09:44:55,0.052864
2024-07-18 09:44:56,0.21852
2024-07-18 09:44:57,0.075672
2024-07-18 09:44:58,0.201384
2024-07-18 09:44:59,0.084632
2024-07-18 09:45:00,0.033616
2024-07-18 09:45:01,0.057016
2024-07-18 09:45:02,0.037664
2024-07-18 09:45:03,0.033032
2024-07-18 09:45:04,0.03192
2024-07-18 09:45:05,0.045304
2024-07-18 09:45:06,0.033528
2024-07-18 09:45:07,0.063856
2024-07-18 09:45:08,0.029912
2024-07-18 09:45:09,0.106488
2024-07-18 09:45:10,0.028312
2024-07-18 09:45:11,0.069384
2024-07-18 09:45:12,0.085632
2024-07-18 09:45:13,0.046264
2024-07-18 09:45:14,0.06416
2024-07-18 09:45:15,0.058592
2024-07-18 09:45:16,0.05852
2024-07-18 09:45:17,0.083744
2024-07-18 09:45:18,0.088312
2024-07-18 09:45:19,0.05644
2024-07-18 09:45:20,0.066456
2024-07-18 09:45:21,0.056944
2024-07-18 09:45:22,0.036024
2024-07-18 09:45:23,0.049504
2024-07-18 09:45:24,0.061608
2024-07-18 09:45:25,0.054776
2024-07-18 09:45:26,0.046136
2024-07-18 09:45:27,0.035768
2024-07-18 09:45:28,0.016584
2024-07-18 09:45:29,0.01856
2024-07-18 09:45:30,0.018232
2024-07-18 09:45:31,0.027016
2024-07-18 09:45:32,0.037816
2024-07-18 09:45:33,0.043808
2024-07-18 09:45:34,0.042152
2024-07-18 09:45:35,0.0194
2024-07-18 09:45:36,0.027464
2024-07-18 09:45:37,0.037232
2024-07-18 09:45:38,0.026536
2024-07-18 09:45:39,0.02072
2024-07-18 09:45:40,0.025736
2024-07-18 09:45:41,0.027632
2024-07-18 09:45:42,0.093096
2024-07-18 09:45:43,0.174648
2024-07-18 09:45:44,0.0696
2024-07-18 09:45:45,0.037016
2024-07-18 09:45:46,0.042632
2024-07-18 09:45:47,0.042872
2024-07-18 09:45:48,0.042048
2024-07-18 09:45:49,0.11164
2024-07-18 09:45:50,0.13088
2024-07-18 09:45:51,0.15256
2024-07-18 09:45:52,0.13436
2024-07-18 09:45:53,0.190112
2024-07-18 09:45:54,0.247784
2024-07-18 09:45:55,0.188416
2024-07-18 09:45:56,0.294776
2024-07-18 09:45:57,0.304208
2024-07-18 09:45:58,0.260848
2024-07-18 09:45:59,0.19164
2024-07-18 09:46:00,0.141544
2024-07-18 09:46:01,0.169728
2024-07-18 09:46:02,0.146232
2024-07-18 09:46:03,0.114968
2024-07-18 09:46:04,0.144144
2024-07-18 09:46:05,0.260896
2024-07-18 09:46:06,0.198664
2024-07-18 09:46:07,0.1316
2024-07-18 09:46:08,0.1514
2024-07-18 09:46:09,0.130128
2024-07-18 09:46:10,0.171288
2024-07-18 09:46:11,0.07944
2024-07-18 09:46:12,0.076608
2024-07-18 09:46:13,0.091432
2024-07-18 09:46:14,0.08968
2024-07-18 09:46:15,0.086544
2024-07-18 09:46:16,0.080784
2024-07-18 09:46:17,0.05696
2024-07-18 09:46:18,0.067656
2024-07-18 09:46:19,0.088688
2024-07-18 09:46:20,0.056864
2024-07-18 09:46:21,0.06336
2024-07-18 09:46:22,0.064752
2024-07-18 09:46:23,0.098368
2024-07-18 09:46:24,0.042416
2024-07-18 09:46:25,0.058744
2024-07-18 09:46:26,0.038864
2024-07-18 09:46:27,0.265096
2024-07-18 09:46:28,0.056056
2024-07-18 09:46:29,0.308216
2024-07-18 09:46:30,0.062472
2024-07-18 09:46:31,0.06732
2024-07-18 09:46:32,0.051592
2024-07-18 09:46:33,0.042304
2024-07-18 09:46:34,0.047152
2024-07-18 09:46:35,0.071536
2024-07-18 09:46:36,0.033984
2024-07-18 09:46:37,0.0448
2024-07-18 09:46:38,0.021992
2024-07-18 09:46:39,0.025616
2024-07-18 09:46:40,0.01872
2024-07-18 09:46:41,0.021344
2024-07-18 09:46:42,0.032224
2024-07-18 09:46:43,0.03644
2024-07-18 09:46:44,0.032328
2024-07-18 09:46:45,0.025184
2024-07-18 09:46:46,0.032528
2024-07-18 09:46:47,0.020448
2024-07-18 09:46:48,0.028696
2024-07-18 09:46:49,0.135248
2024-07-18 09:46:50,0.028168
2024-07-18 09:46:51,0.033824
2024-07-18 09:46:52,0.144128
2024-07-18 09:46:53,0.135744
2024-07-18 09:46:54,0.125296
2024-07-18 09:46:55,0.128536
2024-07-18 09:46:56,0.176312
2024-07-18 09:46:57,0.230448
2024-07-18 09:46:58,0.283376
2024-07-18 09:46:59,0.300592
2024-07-18 09:47:00,0.325184
2024-07-18 09:47:01,0.246736
2024-07-18 09:47:02,0.233592
2024-07-18 09:47:03,0.180088
2024-07-18 09:47:04,0.169064
2024-07-18 09:47:05,0.21416
2024-07-18 09:47:06,0.172024
2024-07-18 09:47:07,0.161248
2024-07-18 09:47:08,0.110976
2024-07-18 09:47:09,0.091696
2024-07-18 09:47:10,0.065608
2024-07-18 09:47:11,0.053192
2024-07-18 09:47:12,0.047328
2024-07-18 09:47:13,0.05124
2024-07-18 09:47:14,0.04312
2024-07-18 09:47:15,0.056856
2024-07-18 09:47:16,0.038304
2024-07-18 09:47:17,0.19664
2024-07-18 09:47:18,0.144352
2024-07-18 09:47:19,0.118544
2024-07-18 09:47:20,0.121816
2024-07-18 09:47:21,0.052312
2024-07-18 09:47:22,0.033936
2024-07-18 09:47:23,0.049816
2024-07-18 09:47:24,0.05104
2024-07-18 09:47:25,0.036456
2024-07-18 09:47:26,0.02788
2024-07-18 09:47:27,0.041768
2024-07-18 09:47:28,0.028256
2024-07-18 09:47:29,0.033048
2024-07-18 09:47:30,0.01724
2024-07-18 09:47:31,0.027272
2024-07-18 09:47:32,0.0182
2024-07-18 09:47:33,0.01564
2024-07-18 09:47:34,0.0166
2024-07-18 09:47:35,0.027888
2024-07-18 09:47:36,0.02344
2024-07-18 09:47:37,0.02372
2024-07-18 09:47:38,0.020632
2024-07-18 09:47:39,0.043352
2024-07-18 09:47:40,0.024624
2024-07-18 09:47:41,0.03452
2024-07-18 09:47:42,0.017688
2024-07-18 09:47:43,0.035056
2024-07-18 09:47:44,0.0258
2024-07-18 09:47:45,0.024536
2024-07-18 09:47:46,0.015592
2024-07-18 09:47:47,0.024176
2024-07-18 09:47:48,0.07672
2024-07-18 09:47:49,0.183864
2024-07-18 09:47:50,0.06104
2024-07-18 09:47:51,0.046296
2024-07-18 09:47:52,0.049944
2024-07-18 09:47:53,0.043
2024-07-18 09:47:54,0.0528
2024-07-18 09:47:55,0.125136
2024-07-18 09:47:56,0.13664
2024-07-18 09:47:57,0.166424
2024-07-18 09:47:58,0.146192
2024-07-18 09:47:59,0.200648
2024-07-18 09:48:00,0.26168
2024-07-18 09:48:01,0.280184
2024-07-18 09:48:02,0.354248
2024-07-18 09:48:03,0.349416
2024-07-18 09:48:04,0.216064
2024-07-18 09:48:05,0.190632
2024-07-18 09:48:06,0.20776
2024-07-18 09:48:07,0.235584
2024-07-18 09:48:08,0.182664
2024-07-18 09:48:09,0.149584
2024-07-18 09:48:10,0.192968
2024-07-18 09:48:11,0.292424
2024-07-18 09:48:12,0.298968
2024-07-18 09:48:13,0.264152
2024-07-18 09:48:14,0.156912
2024-07-18 09:48:15,0.190496
2024-07-18 09:48:16,0.156992
2024-07-18 09:48:17,0.124904
2024-07-18 09:48:18,0.173256
2024-07-18 09:48:19,0.13936
2024-07-18 09:48:20,0.111512
2024-07-18 09:48:21,0.091256
2024-07-18 09:48:22,0.04132
2024-07-18 09:48:23,0.049096
2024-07-18 09:48:24,0.033288
2024-07-18 09:48:25,0.029024
2024-07-18 09:48:26,0.255008
2024-07-18 09:48:27,0.082136
2024-07-18 09:48:28,0.205104
2024-07-18 09:48:29,0.080648
2024-07-18 09:48:30,0.03824
2024-07-18 09:48:31,0.038592
2024-07-18 09:48:32,0.017168
2024-07-18 09:48:33,0.012088
2024-07-18 09:48:34,0.014736
2024-07-18 09:48:35,0.015864
2024-07-18 09:48:36,0.015088
2024-07-18 09:48:37,0.02536
2024-07-18 09:48:38,0.01768
2024-07-18 09:48:39,0.013088
2024-07-18 09:48:40,0.025832
2024-07-18 09:48:41,0.040824
2024-07-18 09:48:42,0.064632
2024-07-18 09:48:43,0.048536
2024-07-18 09:48:44,0.055904
2024-07-18 09:48:45,0.048024
2024-07-18 09:48:46,0.042704
2024-07-18 09:48:47,0.04312
2024-07-18 09:48:48,0.02572
2024-07-18 09:48:49,0.024944
2024-07-18 09:48:50,0.047816
2024-07-18 09:48:51,0.023408
2024-07-18 09:48:52,0.038176
2024-07-18 09:48:53,0.046424
2024-07-18 09:48:54,0.045544
2024-07-18 09:48:55,0.042192
2024-07-18 09:48:56,0.038664
2024-07-18 09:48:57,0.027824
2024-07-18 09:48:58,0.024936
2024-07-18 09:48:59,0.042136
2024-07-18 09:49:00,0.0138
2024-07-18 09:49:01,0.031328
2024-07-18 09:49:02,0.049536
2024-07-18 09:49:03,0.0268
2024-07-18 09:49:04,0.014232
2024-07-18 09:49:05,0.030168
2024-07-18 09:49:06,0.012576
2024-07-18 09:49:07,0.017672
2024-07-18 09:49:08,0.02644
2024-07-18 09:49:09,0.0336
2024-07-18 09:49:10,0.016184
2024-07-18 09:49:11,0.050712
2024-07-18 09:49:12,0.03568
2024-07-18 09:49:13,0.038624
2024-07-18 09:49:14,0.029872
2024-07-18 09:49:15,0.021488
2024-07-18 09:49:16,0.022312
2024-07-18 09:49:17,0.01668
2024-07-18 09:49:18,0.13856
2024-07-18 09:49:19,0.147824
2024-07-18 09:49:20,0.039736
2024-07-18 09:49:21,0.052016
2024-07-18 09:49:22,0.076368
2024-07-18 09:49:23,0.046768
2024-07-18 09:49:24,0.07356
2024-07-18 09:49:25,0.131648
2024-07-18 09:49:26,0.15004
2024-07-18 09:49:27,0.164344
2024-07-18 09:49:28,0.231808
2024-07-18 09:49:29,0.261696
2024-07-18 09:49:30,0.28704
2024-07-18 09:49:31,0.403456
2024-07-18 09:49:32,0.334144
2024-07-18 09:49:33,0.21232
2024-07-18 09:49:34,0.274608
2024-07-18 09:49:35,0.213184
2024-07-18 09:49:36,0.209304
2024-07-18 09:49:37,0.181192
2024-07-18 09:49:38,0.185264
2024-07-18 09:49:39,0.206096
2024-07-18 09:49:40,0.265136
2024-07-18 09:49:41,0.235808
2024-07-18 09:49:42,0.223056
2024-07-18 09:49:43,0.156872
2024-07-18 09:49:44,0.154144
2024-07-18 09:49:45,0.160896
2024-07-18 09:49:46,0.128416
2024-07-18 09:49:47,0.12704
2024-07-18 09:49:48,0.14148
2024-07-18 09:49:49,0.080928
2024-07-18 09:49:50,0.074248
2024-07-18 09:49:51,0.03624
2024-07-18 09:49:52,0.051328
2024-07-18 09:49:53,0.249992
2024-07-18 09:49:54,0.084512
2024-07-18 09:49:55,0.22584
2024-07-18 09:49:56,0.105512
2024-07-18 09:49:57,0.032208
2024-07-18 09:49:58,0.07092
2024-07-18 09:49:59,0.030272
2024-07-18 09:50:00,0.03832
2024-07-18 09:50:01,0.039424
2024-07-18 09:50:02,0.073
2024-07-18 09:50:03,0.056624
2024-07-18 09:50:04,0.071368
2024-07-18 09:50:05,0.063832
2024-07-18 09:50:06,0.077056
2024-07-18 09:50:07,0.063896
2024-07-18 09:50:08,0.060832
2024-07-18 09:50:09,0.086648
2024-07-18 09:50:10,0.064952
2024-07-18 09:50:11,0.07332
2024-07-18 09:50:12,0.032712
2024-07-18 09:50:13,0.031336
2024-07-18 09:50:14,0.02908
2024-07-18 09:50:15,0.026056
2024-07-18 09:50:16,0.01968
2024-07-18 09:50:17,0.039496
2024-07-18 09:50:18,0.076752
2024-07-18 09:50:19,0.082736
2024-07-18 09:50:20,0.084176
2024-07-18 09:50:21,0.060232
2024-07-18 09:50:22,0.030112
2024-07-18 09:50:23,0.024912
2024-07-18 09:50:24,0.046376
2024-07-18 09:50:25,0.027904
2024-07-18 09:50:26,0.062352
2024-07-18 09:50:27,0.04204
2024-07-18 09:50:28,0.048032
2024-07-18 09:50:29,0.037688
2024-07-18 09:50:30,0.043056
2024-07-18 09:50:31,0.0266
2024-07-18 09:50:32,0.029952
2024-07-18 09:50:33,0.037872
2024-07-18 09:50:34,0.017816
2024-07-18 09:50:35,0.027616
2024-07-18 09:50:36,0.024528
2024-07-18 09:50:37,0.028128
2024-07-18 09:50:38,0.021992
2024-07-18 09:50:39,0.092072
2024-07-18 09:50:40,0.102136
2024-07-18 09:50:41,0.154
2024-07-18 09:50:42,0.03296
2024-07-18 09:50:43,0.068232
2024-07-18 09:50:44,0.04668
2024-07-18 09:50:45,0.034936
2024-07-18 09:50:46,0.166776
2024-07-18 09:50:47,0.14716
2024-07-18 09:50:48,0.200632
2024-07-18 09:50:49,0.228264
2024-07-18 09:50:50,0.249496
2024-07-18 09:50:51,0.332688
2024-07-18 09:50:52,0.378896
2024-07-18 09:50:53,0.34152
2024-07-18 09:50:54,0.218736
2024-07-18 09:50:55,0.287936
2024-07-18 09:50:56,0.243752
2024-07-18 09:50:57,0.224912
2024-07-18 09:50:58,0.214688
2024-07-18 09:50:59,0.201792
2024-07-18 09:51:00,0.250832
2024-07-18 09:51:01,0.278584
2024-07-18 09:51:02,0.272496
2024-07-18 09:51:03,0.253464
2024-07-18 09:51:04,0.230504
2024-07-18 09:51:05,0.155464
2024-07-18 09:51:06,0.199648
2024-07-18 09:51:07,0.193416
2024-07-18 09:51:08,0.106632
2024-07-18 09:51:09,0.070784
2024-07-18 09:51:10,0.063112
2024-07-18 09:51:11,0.080784
2024-07-18 09:51:12,0.062448
2024-07-18 09:51:13,0.073208
2024-07-18 09:51:14,0.092584
2024-07-18 09:51:15,0.062576
2024-07-18 09:51:16,0.05012
2024-07-18 09:51:17,0.044728
2024-07-18 09:51:18,0.050592
2024-07-18 09:51:19,0.044824
2024-07-18 09:51:20,0.045856
2024-07-18 09:51:21,0.06044
2024-07-18 09:51:22,0.288544
2024-07-18 09:51:23,0.043736
2024-07-18 09:51:24,0.086008
2024-07-18 09:51:25,0.048296
2024-07-18 09:51:26,0.044176
2024-07-18 09:51:27,0.03336
2024-07-18 09:51:28,0.045624
2024-07-18 09:51:29,0.040896
2024-07-18 09:51:30,0.05488
2024-07-18 09:51:31,0.061744
2024-07-18 09:51:32,0.053312
2024-07-18 09:51:33,0.047568
2024-07-18 09:51:34,0.055384
2024-07-18 09:51:35,0.060992
2024-07-18 09:51:36,0.0616
2024-07-18 09:51:37,0.064032
2024-07-18 09:51:38,0.06544
2024-07-18 09:51:39,0.064336
2024-07-18 09:51:40,0.06808
2024-07-18 09:51:41,0.067632
2024-07-18 09:51:42,0.055992
2024-07-18 09:51:43,0.054688
2024-07-18 09:51:44,0.055168
2024-07-18 09:51:45,0.046384
2024-07-18 09:51:46,0.051616
2024-07-18 09:51:47,0.051272
2024-07-18 09:51:48,0.06052
2024-07-18 09:51:49,0.04952
2024-07-18 09:51:50,0.056456
2024-07-18 09:51:51,0.045704
2024-07-18 09:51:52,0.051704
2024-07-18 09:51:53,0.044856
2024-07-18 09:51:54,0.044352
2024-07-18 09:51:55,0.053448
2024-07-18 09:51:56,0.044144
2024-07-18 09:51:57,0.08668
2024-07-18 09:51:58,0.041016
2024-07-18 09:51:59,0.16832
2024-07-18 09:52:00,0.087096
2024-07-18 09:52:01,0.075696
2024-07-18 09:52:02,0.03188
2024-07-18 09:52:03,0.041128
2024-07-18 09:52:04,0.17764
2024-07-18 09:52:05,0.143824
2024-07-18 09:52:06,0.306608
2024-07-18 09:52:07,0.220456
2024-07-18 09:52:08,0.132232
2024-07-18 09:52:09,0.095048
2024-07-18 09:52:10,0.081352
2024-07-18 09:52:11,0.056176
2024-07-18 09:52:12,0.044544
2024-07-18 09:52:13,0.024616
2024-07-18 09:52:14,0.042176
2024-07-18 09:52:15,0.0328
2024-07-18 09:52:16,0.030568
2024-07-18 09:52:17,0.036088
2024-07-18 09:52:18,0.041704
2024-07-18 09:52:19,0.04344
2024-07-18 09:52:20,0.031688
2024-07-18 09:52:21,0.06272
2024-07-18 09:52:22,0.050344
2024-07-18 09:52:23,0.019952
2024-07-18 09:52:24,0.051544
2024-07-18 09:52:25,0.056224
2024-07-18 09:52:26,0.062592
2024-07-18 09:52:27,0.044232
2024-07-18 09:52:28,0.036048
2024-07-18 09:52:29,0.068296
2024-07-18 09:52:30,0.020048
2024-07-18 09:52:31,0.023296
2024-07-18 09:52:32,0.035704
2024-07-18 09:52:33,0.029064
2024-07-18 09:52:34,0.033912
2024-07-18 09:52:35,0.028024
2024-07-18 09:52:36,0.02892
2024-07-18 09:52:37,0.060136
2024-07-18 09:52:38,0.028376
2024-07-18 09:52:39,0.18512
2024-07-18 09:52:40,0.179448
2024-07-18 09:52:41,0.04384
2024-07-18 09:52:42,0.081376
2024-07-18 09:52:43,0.064456
2024-07-18 09:52:44,0.035344
2024-07-18 09:52:45,0.139048
2024-07-18 09:52:46,0.145192
2024-07-18 09:52:47,0.165944
2024-07-18 09:52:48,0.236752
2024-07-18 09:52:49,0.281104
2024-07-18 09:52:50,0.39908
2024-07-18 09:52:51,0.412952
2024-07-18 09:52:52,0.294264
2024-07-18 09:52:53,0.26432
2024-07-18 09:52:54,0.271624
2024-07-18 09:52:55,0.308064
2024-07-18 09:52:56,0.235664
2024-07-18 09:52:57,0.288656
2024-07-18 09:52:58,0.28256
2024-07-18 09:52:59,0.25896
2024-07-18 09:53:00,0.246592
2024-07-18 09:53:01,0.430344
2024-07-18 09:53:02,0.338856
2024-07-18 09:53:03,0.2534
2024-07-18 09:53:04,0.219392
2024-07-18 09:53:05,0.240272
2024-07-18 09:53:06,0.3332
2024-07-18 09:53:07,0.185032
2024-07-18 09:53:08,0.148104
2024-07-18 09:53:09,0.22316
2024-07-18 09:53:10,0.17432
2024-07-18 09:53:11,0.237864
2024-07-18 09:53:12,0.142504
2024-07-18 09:53:13,0.099584
2024-07-18 09:53:14,0.146456
2024-07-18 09:53:15,0.109928
2024-07-18 09:53:16,0.072064
2024-07-18 09:53:17,0.079656
2024-07-18 09:53:18,0.060784
2024-07-18 09:53:19,0.112528
2024-07-18 09:53:20,0.032392
2024-07-18 09:53:21,0.071
2024-07-18 09:53:22,0.297112
2024-07-18 09:53:23,0.066728
2024-07-18 09:53:24,0.204304
2024-07-18 09:53:25,0.096432
2024-07-18 09:53:26,0.040288
2024-07-18 09:53:27,0.06124
2024-07-18 09:53:28,0.03644
2024-07-18 09:53:29,0.029192
2024-07-18 09:53:30,0.01852
2024-07-18 09:53:31,0.033264
2024-07-18 09:53:32,0.060912
2024-07-18 09:53:33,0.035464
2024-07-18 09:53:34,0.036936
2024-07-18 09:53:35,0.055048
2024-07-18 09:53:36,0.032392
2024-07-18 09:53:37,0.048016
2024-07-18 09:53:38,0.059792
2024-07-18 09:53:39,0.038456
2024-07-18 09:53:40,0.037952
2024-07-18 09:53:41,0.047536
2024-07-18 09:53:42,0.01448
2024-07-18 09:53:43,0.02396
2024-07-18 09:53:44,0.010144
2024-07-18 09:53:45,0.037832
2024-07-18 09:53:46,0.01296
2024-07-18 09:53:47,0.022176
2024-07-18 09:53:48,0.034272
2024-07-18 09:53:49,0.06592
2024-07-18 09:53:50,0.024664
2024-07-18 09:53:51,0.03216
2024-07-18 09:53:52,0.025688
2024-07-18 09:53:53,0.025104
2024-07-18 09:53:54,0.155544
2024-07-18 09:53:55,0.156976
2024-07-18 09:53:56,0.06864
2024-07-18 09:53:57,0.05556
2024-07-18 09:53:58,0.083088
2024-07-18 09:53:59,0.045512
2024-07-18 09:54:00,0.111816
2024-07-18 09:54:01,0.159352
2024-07-18 09:54:02,0.182104
2024-07-18 09:54:03,0.291224
2024-07-18 09:54:04,0.288224
2024-07-18 09:54:05,0.368736
2024-07-18 09:54:06,0.440888
2024-07-18 09:54:07,0.455856
2024-07-18 09:54:08,0.325344
2024-07-18 09:54:09,0.339536
2024-07-18 09:54:10,0.338168
2024-07-18 09:54:11,0.238768
2024-07-18 09:54:12,0.27984
2024-07-18 09:54:13,0.348576
2024-07-18 09:54:14,0.38604
2024-07-18 09:54:15,0.475584
2024-07-18 09:54:16,0.325648
2024-07-18 09:54:17,0.261472
2024-07-18 09:54:18,0.311784
2024-07-18 09:54:19,0.276632
2024-07-18 09:54:20,0.277152
2024-07-18 09:54:21,0.239672
2024-07-18 09:54:22,0.340864
2024-07-18 09:54:23,0.290168
2024-07-18 09:54:24,0.10196
2024-07-18 09:54:25,0.062776
2024-07-18 09:54:26,0.069152
2024-07-18 09:54:27,0.090104
2024-07-18 09:54:28,0.058176
2024-07-18 09:54:29,0.021696
2024-07-18 09:54:30,0.047888
2024-07-18 09:54:31,0.027872
2024-07-18 09:54:32,0.0448
2024-07-18 09:54:33,0.333696
2024-07-18 09:54:34,0.035912
2024-07-18 09:54:35,0.41524
2024-07-18 09:54:36,0.075752
2024-07-18 09:54:37,0.052072
2024-07-18 09:54:38,0.046464
2024-07-18 09:54:39,0.0426
2024-07-18 09:54:40,0.040736
2024-07-18 09:54:41,0.030848
2024-07-18 09:54:42,0.025984
2024-07-18 09:54:43,0.030392
2024-07-18 09:54:44,0.02136
2024-07-18 09:54:45,0.024376
2024-07-18 09:54:46,0.030528
2024-07-18 09:54:47,0.026232
2024-07-18 09:54:48,0.018632
2024-07-18 09:54:49,0.01968
2024-07-18 09:54:50,0.013512
2024-07-18 09:54:51,0.022056
2024-07-18 09:54:52,0.018536
2024-07-18 09:54:53,0.026168
2024-07-18 09:54:54,0.025384
2024-07-18 09:54:55,0.18788
2024-07-18 09:54:56,0.027504
2024-07-18 09:54:57,0.026264
2024-07-18 09:54:58,0.198504
2024-07-18 09:54:59,0.211144
2024-07-18 09:55:00,0.20444
2024-07-18 09:55:01,0.324024
2024-07-18 09:55:02,0.417128
2024-07-18 09:55:03,0.348944
2024-07-18 09:55:04,0.26428
2024-07-18 09:55:05,0.210288
2024-07-18 09:55:06,0.121624
2024-07-18 09:55:07,0.38084
2024-07-18 09:55:08,0.215744
2024-07-18 09:55:09,0.234744
2024-07-18 09:55:10,0.072352
2024-07-18 09:55:11,0.076088
2024-07-18 09:55:12,0.081576
2024-07-18 09:55:13,0.049192
2024-07-18 09:55:14,0.063992
2024-07-18 09:55:15,0.040808
2024-07-18 09:55:16,0.069176
2024-07-18 09:55:17,0.056032
2024-07-18 09:55:18,0.041592
2024-07-18 09:55:19,0.035936
2024-07-18 09:55:20,0.035192
2024-07-18 09:55:21,0.02124
2024-07-18 09:55:22,0.040744
2024-07-18 09:55:23,0.049672
2024-07-18 09:55:24,0.071776
2024-07-18 09:55:25,0.063408
2024-07-18 09:55:26,0.037032
2024-07-18 09:55:27,0.027096
2024-07-18 09:55:28,0.042968
2024-07-18 09:55:29,0.084624
2024-07-18 09:55:30,0.02408
2024-07-18 09:55:31,0.01464
2024-07-18 09:55:32,0.02652
2024-07-18 09:55:33,0.048784
2024-07-18 09:55:34,0.029632
2024-07-18 09:55:35,0.022312
2024-07-18 09:55:36,0.021096
2024-07-18 09:55:37,0.056128
2024-07-18 09:55:38,0.19664
2024-07-18 09:55:39,0.192648
2024-07-18 09:55:40,0.023224
2024-07-18 09:55:41,0.093712
2024-07-18 09:55:42,0.05884
2024-07-18 09:55:43,0.033568
2024-07-18 09:55:44,0.1984
2024-07-18 09:55:45,0.197416
2024-07-18 09:55:46,0.241048
2024-07-18 09:55:47,0.231048
2024-07-18 09:55:48,0.331336
2024-07-18 09:55:49,0.393064
2024-07-18 09:55:50,0.477832
2024-07-18 09:55:51,0.383456
2024-07-18 09:55:52,0.36548
2024-07-18 09:55:53,0.354424
2024-07-18 09:55:54,0.314032
2024-07-18 09:55:55,0.336504
2024-07-18 09:55:56,0.320264
2024-07-18 09:55:57,0.376864
2024-07-18 09:55:58,0.372288
2024-07-18 09:55:59,0.448824
2024-07-18 09:56:00,0.297952
2024-07-18 09:56:01,0.261128
2024-07-18 09:56:02,0.273712
2024-07-18 09:56:03,0.258224
2024-07-18 09:56:04,0.180984
2024-07-18 09:56:05,0.237648
2024-07-18 09:56:06,0.231424
2024-07-18 09:56:07,0.294616
2024-07-18 09:56:08,0.315056
2024-07-18 09:56:09,0.243592
2024-07-18 09:56:10,0.1208
2024-07-18 09:56:11,0.186384
2024-07-18 09:56:12,0.20336
2024-07-18 09:56:13,0.221616
2024-07-18 09:56:14,0.154312
2024-07-18 09:56:15,0.108504
2024-07-18 09:56:16,0.063872
2024-07-18 09:56:17,0.042856
2024-07-18 09:56:18,0.016784
2024-07-18 09:56:19,0.059888
2024-07-18 09:56:20,0.341576
2024-07-18 09:56:21,0.068448
2024-07-18 09:56:22,0.317056
2024-07-18 09:56:23,0.051408
2024-07-18 09:56:24,0.035592
2024-07-18 09:56:25,0.02392
2024-07-18 09:56:26,0.015984
2024-07-18 09:56:27,0.012216
2024-07-18 09:56:28,0.013088
2024-07-18 09:56:29,0.014424
2024-07-18 09:56:30,0.028712
2024-07-18 09:56:31,0.019248
2024-07-18 09:56:32,0.049
2024-07-18 09:56:33,0.060504
2024-07-18 09:56:34,0.059272
2024-07-18 09:56:35,0.114992
2024-07-18 09:56:36,0.138104
2024-07-18 09:56:37,0.160696
2024-07-18 09:56:38,0.169864
2024-07-18 09:56:39,0.15028
2024-07-18 09:56:40,0.128744
2024-07-18 09:56:41,0.066224
2024-07-18 09:56:42,0.039112
2024-07-18 09:56:43,0.03712
2024-07-18 09:56:44,0.032408
2024-07-18 09:56:45,0.061392
2024-07-18 09:56:46,0.049432
2024-07-18 09:56:47,0.051264
2024-07-18 09:56:48,0.053464
2024-07-18 09:56:49,0.038056
2024-07-18 09:56:50,0.060752
2024-07-18 09:56:51,0.041312
2024-07-18 09:56:52,0.040464
2024-07-18 09:56:53,0.060216
2024-07-18 09:56:54,0.055416
2024-07-18 09:56:55,0.05484
2024-07-18 09:56:56,0.03696
2024-07-18 09:56:57,0.04328
2024-07-18 09:56:58,0.053104
2024-07-18 09:56:59,0.046704
2024-07-18 09:57:00,0.042616
2024-07-18 09:57:01,0.033232
2024-07-18 09:57:02,0.048936
2024-07-18 09:57:03,0.042488
2024-07-18 09:57:04,0.036424
2024-07-18 09:57:05,0.055008
2024-07-18 09:57:06,0.032568
2024-07-18 09:57:07,0.033704
2024-07-18 09:57:08,0.0148
2024-07-18 09:57:09,0.032984
2024-07-18 09:57:10,0.01428
2024-07-18 09:57:11,0.040976
2024-07-18 09:57:12,0.18016
2024-07-18 09:57:13,0.20012
2024-07-18 09:57:14,0.04996
2024-07-18 09:57:15,0.092224
2024-07-18 09:57:16,0.063192
2024-07-18 09:57:17,0.041104
2024-07-18 09:57:18,0.17856
2024-07-18 09:57:19,0.189504
2024-07-18 09:57:20,0.231424
2024-07-18 09:57:21,0.318912
2024-07-18 09:57:22,0.409144
2024-07-18 09:57:23,0.389688
2024-07-18 09:57:24,0.555448
2024-07-18 09:57:25,0.546408
2024-07-18 09:57:26,0.416472
2024-07-18 09:57:27,0.370032
2024-07-18 09:57:28,0.319472
2024-07-18 09:57:29,0.373752
2024-07-18 09:57:30,0.30228
2024-07-18 09:57:31,0.279928
2024-07-18 09:57:32,0.348288
2024-07-18 09:57:33,0.389896
2024-07-18 09:57:34,0.33168
2024-07-18 09:57:35,0.252464
2024-07-18 09:57:36,0.268552
2024-07-18 09:57:37,0.265608
2024-07-18 09:57:38,0.331184
2024-07-18 09:57:39,0.356496
2024-07-18 09:57:40,0.214392
2024-07-18 09:57:41,0.24168
2024-07-18 09:57:42,0.271568
2024-07-18 09:57:43,0.269456
2024-07-18 09:57:44,0.105064
2024-07-18 09:57:45,0.105272
2024-07-18 09:57:46,0.076352
2024-07-18 09:57:47,0.072624
2024-07-18 09:57:48,0.043648
2024-07-18 09:57:49,0.051944
2024-07-18 09:57:50,0.026784
2024-07-18 09:57:51,0.063904
2024-07-18 09:57:52,0.372072
2024-07-18 09:57:53,0.031424
2024-07-18 09:57:54,0.306792
2024-07-18 09:57:55,0.049224
2024-07-18 09:57:56,0.086616
2024-07-18 09:57:57,0.080664
2024-07-18 09:57:58,0.038704
2024-07-18 09:57:59,0.047968
2024-07-18 09:58:00,0.041288
2024-07-18 09:58:01,0.04144
2024-07-18 09:58:02,0.02236
2024-07-18 09:58:03,0.023816
2024-07-18 09:58:04,0.023368
2024-07-18 09:58:05,0.04056
2024-07-18 09:58:06,0.024656
2024-07-18 09:58:07,0.038536
2024-07-18 09:58:08,0.047528
2024-07-18 09:58:09,0.03916
2024-07-18 09:58:10,0.028504
2024-07-18 09:58:11,0.036288
2024-07-18 09:58:12,0.04356
2024-07-18 09:58:13,0.033928
2024-07-18 09:58:14,0.075776
2024-07-18 09:58:15,0.062984
2024-07-18 09:58:16,0.028976
2024-07-18 09:58:17,0.0746
2024-07-18 09:58:18,0.02224
2024-07-18 09:58:19,0.039496
2024-07-18 09:58:20,0.021264
2024-07-18 09:58:21,0.033488
2024-07-18 09:58:22,0.010712
2024-07-18 09:58:23,0.019984
2024-07-18 09:58:24,0.183464
2024-07-18 09:58:25,0.210976
2024-07-18 09:58:26,0.040152
2024-07-18 09:58:27,0.070904
2024-07-18 09:58:28,0.059304
2024-07-18 09:58:29,0.064192
2024-07-18 09:58:30,0.18128
2024-07-18 09:58:31,0.19588
2024-07-18 09:58:32,0.240928
2024-07-18 09:58:33,0.32508
2024-07-18 09:58:34,0.373168
2024-07-18 09:58:35,0.474464
2024-07-18 09:58:36,0.582136
2024-07-18 09:58:37,0.559128
2024-07-18 09:58:38,0.446632
2024-07-18 09:58:39,0.362536
2024-07-18 09:58:40,0.451976
2024-07-18 09:58:41,0.38252
2024-07-18 09:58:42,0.425504
2024-07-18 09:58:43,0.382792
2024-07-18 09:58:44,0.495184
2024-07-18 09:58:45,0.46292
2024-07-18 09:58:46,0.339696
2024-07-18 09:58:47,0.397392
2024-07-18 09:58:48,0.286152
2024-07-18 09:58:49,0.281488
2024-07-18 09:58:50,0.305216
2024-07-18 09:58:51,0.228432
2024-07-18 09:58:52,0.177344
2024-07-18 09:58:53,0.1546
2024-07-18 09:58:54,0.241208
2024-07-18 09:58:55,0.145936
2024-07-18 09:58:56,0.169456
2024-07-18 09:58:57,0.07052
2024-07-18 09:58:58,0.064048
2024-07-18 09:58:59,0.065552
2024-07-18 09:59:00,0.055824
2024-07-18 09:59:01,0.025624
2024-07-18 09:59:02,0.061784
2024-07-18 09:59:03,0.371888
2024-07-18 09:59:04,0.046832
2024-07-18 09:59:05,0.093088
2024-07-18 09:59:06,0.059296
2024-07-18 09:59:07,0.050184
2024-07-18 09:59:08,0.032104
2024-07-18 09:59:09,0.036264
2024-07-18 09:59:10,0.043968
2024-07-18 09:59:11,0.044664
2024-07-18 09:59:12,0.046432
2024-07-18 09:59:13,0.048192
2024-07-18 09:59:14,0.054608
2024-07-18 09:59:15,0.057032
2024-07-18 09:59:16,0.050368
2024-07-18 09:59:17,0.054248
2024-07-18 09:59:18,0.054528
2024-07-18 09:59:19,0.05728
2024-07-18 09:59:20,0.057328
2024-07-18 09:59:21,0.05072
2024-07-18 09:59:22,0.050704
2024-07-18 09:59:23,0.062472
2024-07-18 09:59:24,0.062008
2024-07-18 09:59:25,0.055464
2024-07-18 09:59:26,0.05844
2024-07-18 09:59:27,0.035064
2024-07-18 09:59:28,0.046064
2024-07-18 09:59:29,0.053776
2024-07-18 09:59:30,0.059792
2024-07-18 09:59:31,0.044056
2024-07-18 09:59:32,0.043336
2024-07-18 09:59:33,0.041464
2024-07-18 09:59:34,0.038608
2024-07-18 09:59:35,0.049592
2024-07-18 09:59:36,0.044568
2024-07-18 09:59:37,0.042872
2024-07-18 09:59:38,0.090352
2024-07-18 09:59:39,0.036232
2024-07-18 09:59:40,0.188232
2024-07-18 09:59:41,0.065608
2024-07-18 09:59:42,0.088576
2024-07-18 09:59:43,0.04612
2024-07-18 09:59:44,0.045992
2024-07-18 09:59:45,0.178576
2024-07-18 09:59:46,0.148128
2024-07-18 09:59:47,0.266176
2024-07-18 09:59:48,0.249128
2024-07-18 09:59:49,0.1986
2024-07-18 09:59:50,0.110984
2024-07-18 09:59:51,0.17812
2024-07-18 09:59:52,0.104504
2024-07-18 09:59:53,0.081248
2024-07-18 09:59:54,0.020848
2024-07-18 09:59:55,0.058288
2024-07-18 09:59:56,0.094984
2024-07-18 09:59:57,0.053312
2024-07-18 09:59:58,0.048432
2024-07-18 09:59:59,0.038496
2024-07-18 10:00:00,0.044824
2024-07-18 10:00:01,0.07332
2024-07-18 10:00:02,0.054088
2024-07-18 10:00:03,0.037544
2024-07-18 10:00:04,0.044976
2024-07-18 10:00:05,0.034512
2024-07-18 10:00:06,0.04876
2024-07-18 10:00:07,0.0348
2024-07-18 10:00:08,0.031888
2024-07-18 10:00:09,0.036728
2024-07-18 10:00:10,0.03796
2024-07-18 10:00:11,0.03772
2024-07-18 10:00:12,0.052624
2024-07-18 10:00:13,0.045968
2024-07-18 10:00:14,0.072696
2024-07-18 10:00:15,0.04528
2024-07-18 10:00:16,0.028592
2024-07-18 10:00:17,0.038448
2024-07-18 10:00:18,0.052704
2024-07-18 10:00:19,0.05616
2024-07-18 10:00:20,0.199824
2024-07-18 10:00:21,0.239544
2024-07-18 10:00:22,0.073016
2024-07-18 10:00:23,0.0898
2024-07-18 10:00:24,0.07836
2024-07-18 10:00:25,0.07628
2024-07-18 10:00:26,0.257056
2024-07-18 10:00:27,0.378472
2024-07-18 10:00:28,0.467208
2024-07-18 10:00:29,0.560208
2024-07-18 10:00:30,0.451136
2024-07-18 10:00:31,0.468032
2024-07-18 10:00:32,0.720208
2024-07-18 10:00:33,0.698224
2024-07-18 10:00:34,0.637312
2024-07-18 10:00:35,0.57004
2024-07-18 10:00:36,0.398368
2024-07-18 10:00:37,0.45116
2024-07-18 10:00:38,0.493896
2024-07-18 10:00:39,0.471288
2024-07-18 10:00:40,0.477704
2024-07-18 10:00:41,0.667248
2024-07-18 10:00:42,0.441304
2024-07-18 10:00:43,0.502272
2024-07-18 10:00:44,0.346216
2024-07-18 10:00:45,0.28668
2024-07-18 10:00:46,0.399648
2024-07-18 10:00:47,0.362888
2024-07-18 10:00:48,0.35788
2024-07-18 10:00:49,0.429912
2024-07-18 10:00:50,0.409904
2024-07-18 10:00:51,0.299608
2024-07-18 10:00:52,0.16384
2024-07-18 10:00:53,0.1512
2024-07-18 10:00:54,0.077648
2024-07-18 10:00:55,0.046248
2024-07-18 10:00:56,0.043824
2024-07-18 10:00:57,0.036936
2024-07-18 10:00:58,0.019992
2024-07-18 10:00:59,0.39984
2024-07-18 10:01:00,0.160232
2024-07-18 10:01:01,0.221304
2024-07-18 10:01:02,0.061288
2024-07-18 10:01:03,0.077904
2024-07-18 10:01:04,0.053048
2024-07-18 10:01:05,0.033304
2024-07-18 10:01:06,0.050048
2024-07-18 10:01:07,0.042016
2024-07-18 10:01:08,0.1166
2024-07-18 10:01:09,0.082448
2024-07-18 10:01:10,0.055496
2024-07-18 10:01:11,0.043616
2024-07-18 10:01:12,0.01956
2024-07-18 10:01:13,0.029552
2024-07-18 10:01:14,0.059464
2024-07-18 10:01:15,0.060416
2024-07-18 10:01:16,0.03528
2024-07-18 10:01:17,0.036384
2024-07-18 10:01:18,0.037648
2024-07-18 10:01:19,0.037544
2024-07-18 10:01:20,0.05972
2024-07-18 10:01:21,0.025
2024-07-18 10:01:22,0.037728
2024-07-18 10:01:23,0.048536
2024-07-18 10:01:24,0.055008
2024-07-18 10:01:25,0.065696
2024-07-18 10:01:26,0.058112
2024-07-18 10:01:27,0.017016
2024-07-18 10:01:28,0.061776
2024-07-18 10:01:29,0.023416
2024-07-18 10:01:30,0.041064
2024-07-18 10:01:31,0.205664
2024-07-18 10:01:32,0.256072
2024-07-18 10:01:33,0.041616
2024-07-18 10:01:34,0.111544
2024-07-18 10:01:35,0.079432
2024-07-18 10:01:36,0.039952
2024-07-18 10:01:37,0.39896
2024-07-18 10:01:38,0.379432
2024-07-18 10:01:39,0.558784
2024-07-18 10:01:40,0.560224
2024-07-18 10:01:41,0.647472
2024-07-18 10:01:42,0.726104
2024-07-18 10:01:43,0.743368
2024-07-18 10:01:44,0.701112
2024-07-18 10:01:45,0.67928
2024-07-18 10:01:46,0.654616
2024-07-18 10:01:47,0.57212
2024-07-18 10:01:48,0.418736
2024-07-18 10:01:49,0.500928
2024-07-18 10:01:50,0.508072
2024-07-18 10:01:51,0.581624
2024-07-18 10:01:52,0.409696
2024-07-18 10:01:53,0.253528
2024-07-18 10:01:54,0.1256
2024-07-18 10:01:55,0.234648
2024-07-18 10:01:56,0.230904
2024-07-18 10:01:57,0.081184
2024-07-18 10:01:58,0.057192
2024-07-18 10:01:59,0.084032
2024-07-18 10:02:00,0.03772
2024-07-18 10:02:01,0.0638
2024-07-18 10:02:02,0.018056
2024-07-18 10:02:03,0.012248
2024-07-18 10:02:04,0.0446
2024-07-18 10:02:05,0.388024
2024-07-18 10:02:06,0.053608
2024-07-18 10:02:07,0.454112
2024-07-18 10:02:08,0.105456
2024-07-18 10:02:09,0.075536
2024-07-18 10:02:10,0.056224
2024-07-18 10:02:11,0.07244
2024-07-18 10:02:12,0.023288
2024-07-18 10:02:13,0.025184
2024-07-18 10:02:14,0.024216
2024-07-18 10:02:15,0.03348
2024-07-18 10:02:16,0.025184
2024-07-18 10:02:17,0.075784
2024-07-18 10:02:18,0.036208
2024-07-18 10:02:19,0.053224
2024-07-18 10:02:20,0.038784
2024-07-18 10:02:21,0.0478
2024-07-18 10:02:22,0.042024
2024-07-18 10:02:23,0.027016
2024-07-18 10:02:24,0.022376
2024-07-18 10:02:25,0.040568
2024-07-18 10:02:26,0.031056
2024-07-18 10:02:27,0.171792
2024-07-18 10:02:28,0.050704
2024-07-18 10:02:29,0.044944
2024-07-18 10:02:30,0.226904
2024-07-18 10:02:31,0.24964
2024-07-18 10:02:32,0.297056
2024-07-18 10:02:33,0.421408
2024-07-18 10:02:34,0.497936
2024-07-18 10:02:35,0.641752
2024-07-18 10:02:36,0.72424
2024-07-18 10:02:37,0.5928
2024-07-18 10:02:38,0.451248
2024-07-18 10:02:39,0.346976
2024-07-18 10:02:40,0.187584
2024-07-18 10:02:41,0.124136
2024-07-18 10:02:42,0.4588
2024-07-18 10:02:43,0.17548
2024-07-18 10:02:44,0.272424
2024-07-18 10:02:45,0.087928
2024-07-18 10:02:46,0.04904
2024-07-18 10:02:47,0.053584
2024-07-18 10:02:48,0.055896
2024-07-18 10:02:49,0.068672
2024-07-18 10:02:50,0.119248
2024-07-18 10:02:51,0.082496
2024-07-18 10:02:52,0.046184
2024-07-18 10:02:53,0.031216
2024-07-18 10:02:54,0.10676
2024-07-18 10:02:55,0.10296
2024-07-18 10:02:56,0.041064
2024-07-18 10:02:57,0.026776
2024-07-18 10:02:58,0.061008
2024-07-18 10:02:59,0.046424
2024-07-18 10:03:00,0.035
2024-07-18 10:03:01,0.06984
2024-07-18 10:03:02,0.038128
2024-07-18 10:03:03,0.051856
2024-07-18 10:03:04,0.028728
2024-07-18 10:03:05,0.048096
2024-07-18 10:03:06,0.040992
2024-07-18 10:03:07,0.0428
2024-07-18 10:03:08,0.02172
2024-07-18 10:03:09,0.051816
2024-07-18 10:03:10,0.017216
2024-07-18 10:03:11,0.056832
2024-07-18 10:03:12,0.025504
2024-07-18 10:03:13,0.21616
2024-07-18 10:03:14,0.233128
2024-07-18 10:03:15,0.03932
2024-07-18 10:03:16,0.102008
2024-07-18 10:03:17,0.08024
2024-07-18 10:03:18,0.059936
2024-07-18 10:03:19,0.357192
2024-07-18 10:03:20,0.421056
2024-07-18 10:03:21,0.565224
2024-07-18 10:03:22,0.685664
2024-07-18 10:03:23,0.634384
2024-07-18 10:03:24,0.947656
2024-07-18 10:03:25,0.917904
2024-07-18 10:03:26,0.693056
2024-07-18 10:03:27,0.734392
2024-07-18 10:03:28,0.664552
2024-07-18 10:03:29,0.58708
2024-07-18 10:03:30,0.585912
2024-07-18 10:03:31,0.695768
2024-07-18 10:03:32,0.81304
2024-07-18 10:03:33,0.621392
2024-07-18 10:03:34,0.449256
2024-07-18 10:03:35,0.194944
2024-07-18 10:03:36,0.181168
2024-07-18 10:03:37,0.094528
2024-07-18 10:03:38,0.151296
2024-07-18 10:03:39,0.115776
2024-07-18 10:03:40,0.098856
2024-07-18 10:03:41,0.070584
2024-07-18 10:03:42,0.060976
2024-07-18 10:03:43,0.04324
2024-07-18 10:03:44,0.057736
2024-07-18 10:03:45,0.016576
2024-07-18 10:03:46,0.031984
2024-07-18 10:03:47,0.05536
2024-07-18 10:03:48,0.417456
2024-07-18 10:03:49,0.056192
2024-07-18 10:03:50,0.363352
2024-07-18 10:03:51,0.051168
2024-07-18 10:03:52,0.090528
2024-07-18 10:03:53,0.064512
2024-07-18 10:03:54,0.037376
2024-07-18 10:03:55,0.01992
2024-07-18 10:03:56,0.054064
2024-07-18 10:03:57,0.043232
2024-07-18 10:03:58,0.048096
2024-07-18 10:03:59,0.062528
2024-07-18 10:04:00,0.06632
2024-07-18 10:04:01,0.07888
2024-07-18 10:04:02,0.099648
2024-07-18 10:04:03,0.057008
2024-07-18 10:04:04,0.112304
2024-07-18 10:04:05,0.060432
2024-07-18 10:04:06,0.067976
2024-07-18 10:04:07,0.077872
2024-07-18 10:04:08,0.042352
2024-07-18 10:04:09,0.057128
2024-07-18 10:04:10,0.093288
2024-07-18 10:04:11,0.03644
2024-07-18 10:04:12,0.045488
2024-07-18 10:04:13,0.071976
2024-07-18 10:04:14,0.069176
2024-07-18 10:04:15,0.048512
2024-07-18 10:04:16,0.053368
2024-07-18 10:04:17,0.080816
2024-07-18 10:04:18,0.045936
2024-07-18 10:04:19,0.017304
2024-07-18 10:04:20,0.042544
2024-07-18 10:04:21,0.01656
2024-07-18 10:04:22,0.040544
2024-07-18 10:04:23,0.03368
2024-07-18 10:04:24,0.017536
2024-07-18 10:04:25,0.04944
2024-07-18 10:04:26,0.041672
2024-07-18 10:04:27,0.041016
2024-07-18 10:04:28,0.04204
2024-07-18 10:04:29,0.073192
2024-07-18 10:04:30,0.037968
2024-07-18 10:04:31,0.04336
2024-07-18 10:04:32,0.114968
2024-07-18 10:04:33,0.078416
2024-07-18 10:04:34,0.211696
2024-07-18 10:04:35,0.239832
2024-07-18 10:04:36,0.055096
2024-07-18 10:04:37,0.12608
2024-07-18 10:04:38,0.078688
2024-07-18 10:04:39,0.031976
2024-07-18 10:04:40,0.326408
2024-07-18 10:04:41,0.440464
2024-07-18 10:04:42,0.523312
2024-07-18 10:04:43,0.687664
2024-07-18 10:04:44,0.7484
2024-07-18 10:04:45,0.971744
2024-07-18 10:04:46,0.81832
2024-07-18 10:04:47,0.66948
2024-07-18 10:04:48,0.696232
2024-07-18 10:04:49,0.58132
2024-07-18 10:04:50,0.577376
2024-07-18 10:04:51,0.71316
2024-07-18 10:04:52,0.745264
2024-07-18 10:04:53,0.787336
2024-07-18 10:04:54,0.722096
2024-07-18 10:04:55,0.74132
2024-07-18 10:04:56,0.547112
2024-07-18 10:04:57,0.430088
2024-07-18 10:04:58,0.383952
2024-07-18 10:04:59,0.32404
2024-07-18 10:05:00,0.332216
2024-07-18 10:05:01,0.240744
2024-07-18 10:05:02,0.241872
2024-07-18 10:05:03,0.263896
2024-07-18 10:05:04,0.191352
2024-07-18 10:05:05,0.096096
2024-07-18 10:05:06,0.072392
2024-07-18 10:05:07,0.092776
2024-07-18 10:05:08,0.360952
2024-07-18 10:05:09,0.104952
2024-07-18 10:05:10,0.293664
2024-07-18 10:05:11,0.119696
2024-07-18 10:05:12,0.04132
2024-07-18 10:05:13,0.060928
2024-07-18 10:05:14,0.03816
2024-07-18 10:05:15,0.065272
2024-07-18 10:05:16,0.051312
2024-07-18 10:05:17,0.065128
2024-07-18 10:05:18,0.047216
2024-07-18 10:05:19,0.04352
2024-07-18 10:05:20,0.060784
2024-07-18 10:05:21,0.042008
2024-07-18 10:05:22,0.069624
2024-07-18 10:05:23,0.028616
2024-07-18 10:05:24,0.062008
2024-07-18 10:05:25,0.032
2024-07-18 10:05:26,0.023976
2024-07-18 10:05:27,0.033928
2024-07-18 10:05:28,0.087288
2024-07-18 10:05:29,0.03224
2024-07-18 10:05:30,0.057096
2024-07-18 10:05:31,0.031056
2024-07-18 10:05:32,0.053376
2024-07-18 10:05:33,0.032224
2024-07-18 10:05:34,0.04316
2024-07-18 10:05:35,0.050088
2024-07-18 10:05:36,0.029032
2024-07-18 10:05:37,0.022904
2024-07-18 10:05:38,0.0232
2024-07-18 10:05:39,0.085336
2024-07-18 10:05:40,0.12892
2024-07-18 10:05:41,0.295512
2024-07-18 10:05:42,0.082912
2024-07-18 10:05:43,0.076552
2024-07-18 10:05:44,0.08744
2024-07-18 10:05:45,0.059536
2024-07-18 10:05:46,0.16376
2024-07-18 10:05:47,0.339232
2024-07-18 10:05:48,0.417536
2024-07-18 10:05:49,0.548288
2024-07-18 10:05:50,0.535872
2024-07-18 10:05:51,0.630384
2024-07-18 10:05:52,0.847272
2024-07-18 10:05:53,0.775456
2024-07-18 10:05:54,0.704504
2024-07-18 10:05:55,0.606808
2024-07-18 10:05:56,0.52032
2024-07-18 10:05:57,0.5122
2024-07-18 10:05:58,0.645704
2024-07-18 10:05:59,0.688064
2024-07-18 10:06:00,0.774256
2024-07-18 10:06:01,0.646672
2024-07-18 10:06:02,0.596552
2024-07-18 10:06:03,0.516424
2024-07-18 10:06:04,0.28912
2024-07-18 10:06:05,0.365872
2024-07-18 10:06:06,0.34676
2024-07-18 10:06:07,0.150104
2024-07-18 10:06:08,0.083424
2024-07-18 10:06:09,0.031168
2024-07-18 10:06:10,0.14956
2024-07-18 10:06:11,0.324688
2024-07-18 10:06:12,0.030392
2024-07-18 10:06:13,0.080024
2024-07-18 10:06:14,0.049472
2024-07-18 10:06:15,0.054152
2024-07-18 10:06:16,0.030568
2024-07-18 10:06:17,0.030992
2024-07-18 10:06:18,0.027216
2024-07-18 10:06:19,0.044856
2024-07-18 10:06:20,0.038008
2024-07-18 10:06:21,0.045176
2024-07-18 10:06:22,0.050824
2024-07-18 10:06:23,0.042984
2024-07-18 10:06:24,0.04952
2024-07-18 10:06:25,0.055544
2024-07-18 10:06:26,0.06304
2024-07-18 10:06:27,0.05252
2024-07-18 10:06:28,0.058056
2024-07-18 10:06:29,0.057864
2024-07-18 10:06:30,0.056408
2024-07-18 10:06:31,0.057048
2024-07-18 10:06:32,0.055072
2024-07-18 10:06:33,0.06232
2024-07-18 10:06:34,0.0626
2024-07-18 10:06:35,0.071376
2024-07-18 10:06:36,0.055504
2024-07-18 10:06:37,0.0516
2024-07-18 10:06:38,0.05116
2024-07-18 10:06:39,0.05848
2024-07-18 10:06:40,0.096032
2024-07-18 10:06:41,0.039504
2024-07-18 10:06:42,0.110328
2024-07-18 10:06:43,0.133272
2024-07-18 10:06:44,0.056472
2024-07-18 10:06:45,0.066184
2024-07-18 10:06:46,0.037808
2024-07-18 10:06:47,0.169816
2024-07-18 10:06:48,0.06244
2024-07-18 10:06:49,0.1868
2024-07-18 10:06:50,0.276456
2024-07-18 10:06:51,0.20468
2024-07-18 10:06:52,0.055728
2024-07-18 10:06:53,0.1116
2024-07-18 10:06:54,0.119576
2024-07-18 10:06:55,0.045856
2024-07-18 10:06:56,0.04136
2024-07-18 10:06:57,0.0364
2024-07-18 10:06:58,0.028896
2024-07-18 10:06:59,0.02924
2024-07-18 10:07:00,0.04472
2024-07-18 10:07:01,0.042712
2024-07-18 10:07:02,0.050288
2024-07-18 10:07:03,0.036512
2024-07-18 10:07:04,0.041688
2024-07-18 10:07:05,0.051488
2024-07-18 10:07:06,0.044144
2024-07-18 10:07:07,0.062752
2024-07-18 10:07:08,0.03344
2024-07-18 10:07:09,0.052816
2024-07-18 10:07:10,0.0216
2024-07-18 10:07:11,0.04232
2024-07-18 10:07:12,0.025384
2024-07-18 10:07:13,0.03572
2024-07-18 10:07:14,0.028432
2024-07-18 10:07:15,0.045712
2024-07-18 10:07:16,0.065496
2024-07-18 10:07:17,0.04052
2024-07-18 10:07:18,0.029592
2024-07-18 10:07:19,0.062096
2024-07-18 10:07:20,0.052456
2024-07-18 10:07:21,0.050176
2024-07-18 10:07:22,0.143344
2024-07-18 10:07:23,0.200344
2024-07-18 10:07:24,0.06052
2024-07-18 10:07:25,0.070072
2024-07-18 10:07:26,0.066752
2024-07-18 10:07:27,0.04372
2024-07-18 10:07:28,0.174256
2024-07-18 10:07:29,0.32664
2024-07-18 10:07:30,0.414072
2024-07-18 10:07:31,0.40536
2024-07-18 10:07:32,0.570224
2024-07-18 10:07:33,0.611344
2024-07-18 10:07:34,0.824976
2024-07-18 10:07:35,0.931456
2024-07-18 10:07:36,0.626256
2024-07-18 10:07:37,0.50016
2024-07-18 10:07:38,0.65792
2024-07-18 10:07:39,0.55028
2024-07-18 10:07:40,0.673368
2024-07-18 10:07:41,0.538576
2024-07-18 10:07:42,0.610224
2024-07-18 10:07:43,0.602576
2024-07-18 10:07:44,0.277296
2024-07-18 10:07:45,0.144664
2024-07-18 10:07:46,0.135648
2024-07-18 10:07:47,0.176424
2024-07-18 10:07:48,0.05504
2024-07-18 10:07:49,0.09296
2024-07-18 10:07:50,0.028704
2024-07-18 10:07:51,0.188896
2024-07-18 10:07:52,0.255312
2024-07-18 10:07:53,0.035104
2024-07-18 10:07:54,0.202192
2024-07-18 10:07:55,0.049264
2024-07-18 10:07:56,0.058208
2024-07-18 10:07:57,0.038424
2024-07-18 10:07:58,0.05404
2024-07-18 10:07:59,0.035864
2024-07-18 10:08:00,0.024232
2024-07-18 10:08:01,0.033352
2024-07-18 10:08:02,0.037144
2024-07-18 10:08:03,0.031848
2024-07-18 10:08:04,0.049888
2024-07-18 10:08:05,0.035656
2024-07-18 10:08:06,0.051504
2024-07-18 10:08:07,0.011152
2024-07-18 10:08:08,0.012784
2024-07-18 10:08:09,0.023864
2024-07-18 10:08:10,0.0142
2024-07-18 10:08:11,0.013088
2024-07-18 10:08:12,0.033728
2024-07-18 10:08:13,0.022328
2024-07-18 10:08:14,0.017872
2024-07-18 10:08:15,0.01684
2024-07-18 10:08:16,0.01328
2024-07-18 10:08:17,0.016088
2024-07-18 10:08:18,0.024056
2024-07-18 10:08:19,0.029304
2024-07-18 10:08:20,0.009936
2024-07-18 10:08:21,0.039
2024-07-18 10:08:22,0.03372
2024-07-18 10:08:23,0.032192
2024-07-18 10:08:24,0.108056
2024-07-18 10:08:25,0.151328
2024-07-18 10:08:26,0.024672
2024-07-18 10:08:27,0.050104
2024-07-18 10:08:28,0.060248
2024-07-18 10:08:29,0.045856
2024-07-18 10:08:30,0.16248
2024-07-18 10:08:31,0.189784
2024-07-18 10:08:32,0.251272
2024-07-18 10:08:33,0.299952
2024-07-18 10:08:34,0.379344
2024-07-18 10:08:35,0.570544
2024-07-18 10:08:36,0.57744
2024-07-18 10:08:37,0.518856
2024-07-18 10:08:38,0.497496
2024-07-18 10:08:39,0.361864
2024-07-18 10:08:40,0.713312
2024-07-18 10:08:41,0.473608
2024-07-18 10:08:42,0.482656
2024-07-18 10:08:43,0.288808
2024-07-18 10:08:44,0.536872
2024-07-18 10:08:45,0.384856
2024-07-18 10:08:46,0.297896
2024-07-18 10:08:47,0.251472
2024-07-18 10:08:48,0.277512
2024-07-18 10:08:49,0.21148
2024-07-18 10:08:50,0.320096
2024-07-18 10:08:51,0.160744
2024-07-18 10:08:52,0.136688
2024-07-18 10:08:53,0.211488
2024-07-18 10:08:54,0.047248
2024-07-18 10:08:55,0.095968
2024-07-18 10:08:56,0.201424
2024-07-18 10:08:57,0.020832
2024-07-18 10:08:58,0.176336
2024-07-18 10:08:59,0.03812
2024-07-18 10:09:00,0.088688
2024-07-18 10:09:01,0.048584
2024-07-18 10:09:02,0.039832
2024-07-18 10:09:03,0.036648
2024-07-18 10:09:04,0.02236
2024-07-18 10:09:05,0.019424
2024-07-18 10:09:06,0.02228
2024-07-18 10:09:07,0.013184
2024-07-18 10:09:08,0.013264
2024-07-18 10:09:09,0.016632
2024-07-18 10:09:10,0.01184
2024-07-18 10:09:11,0.013088
2024-07-18 10:09:12,0.0264
2024-07-18 10:09:13,0.015392
2024-07-18 10:09:14,0.009712
2024-07-18 10:09:15,0.013752
2024-07-18 10:09:16,0.044376
2024-07-18 10:09:17,0.014896
2024-07-18 10:09:18,0.041744
2024-07-18 10:09:19,0.023784
2024-07-18 10:09:20,0.030776
2024-07-18 10:09:21,0.083952
2024-07-18 10:09:22,0.104944
2024-07-18 10:09:23,0.129384
2024-07-18 10:09:24,0.152216
2024-07-18 10:09:25,0.149768
2024-07-18 10:09:26,0.197856
2024-07-18 10:09:27,0.326048
2024-07-18 10:09:28,0.286816
2024-07-18 10:09:29,0.169184
2024-07-18 10:09:30,0.127608
2024-07-18 10:09:31,0.13176
2024-07-18 10:09:32,0.270712
2024-07-18 10:09:33,0.096408
2024-07-18 10:09:34,0.107176
2024-07-18 10:09:35,0.043368
2024-07-18 10:09:36,0.04792
2024-07-18 10:09:37,0.02404
2024-07-18 10:09:38,0.025184
2024-07-18 10:09:39,0.025216
2024-07-18 10:09:40,0.02732
2024-07-18 10:09:41,0.02216
2024-07-18 10:09:42,0.032104
2024-07-18 10:09:43,0.0126
2024-07-18 10:09:44,0.015456
2024-07-18 10:09:45,0.034712
2024-07-18 10:09:46,0.036512
2024-07-18 10:09:47,0.022912
2024-07-18 10:09:48,0.034672
2024-07-18 10:09:49,0.0284
2024-07-18 10:09:50,0.033656
2024-07-18 10:09:51,0.020224
2024-07-18 10:09:52,0.051456
2024-07-18 10:09:53,0.049328
2024-07-18 10:09:54,0.036336
2024-07-18 10:09:55,0.018368
2024-07-18 10:09:56,0.05048
2024-07-18 10:09:57,0.028256
2024-07-18 10:09:58,0.024344
2024-07-18 10:09:59,0.065368
2024-07-18 10:10:00,0.031072
2024-07-18 10:10:01,0.039208
2024-07-18 10:10:02,0.01632
2024-07-18 10:10:03,0.162144
2024-07-18 10:10:04,0.078744
2024-07-18 10:10:05,0.027984
2024-07-18 10:10:06,0.057872
2024-07-18 10:10:07,0.0358
2024-07-18 10:10:08,0.023136
2024-07-18 10:10:09,0.210688
2024-07-18 10:10:10,0.277912
2024-07-18 10:10:11,0.326368
2024-07-18 10:10:12,0.357992
2024-07-18 10:10:13,0.378712
2024-07-18 10:10:14,0.567616
2024-07-18 10:10:15,0.39356
2024-07-18 10:10:16,0.568912
2024-07-18 10:10:17,0.320312
2024-07-18 10:10:18,0.246256
2024-07-18 10:10:19,0.298408
2024-07-18 10:10:20,0.29132
2024-07-18 10:10:21,0.167536
2024-07-18 10:10:22,0.339944
2024-07-18 10:10:23,0.153792
2024-07-18 10:10:24,0.041768
2024-07-18 10:10:25,0.064168
2024-07-18 10:10:26,0.044832
2024-07-18 10:10:27,0.019208
2024-07-18 10:10:28,0.108304
2024-07-18 10:10:29,0.141304
2024-07-18 10:10:30,0.040144
2024-07-18 10:10:31,0.120448
2024-07-18 10:10:32,0.037104
2024-07-18 10:10:33,0.034008
2024-07-18 10:10:34,0.053992
2024-07-18 10:10:35,0.029912
2024-07-18 10:10:36,0.05776
2024-07-18 10:10:37,0.027256
2024-07-18 10:10:38,0.020352
2024-07-18 10:10:39,0.019624
2024-07-18 10:10:40,0.00992
2024-07-18 10:10:41,0.017912
2024-07-18 10:10:42,0.013992
2024-07-18 10:10:43,0.018056
2024-07-18 10:10:44,0.018808
2024-07-18 10:10:45,0.030792
2024-07-18 10:10:46,0.01348
2024-07-18 10:10:47,0.013088
2024-07-18 10:10:48,0.02892
2024-07-18 10:10:49,0.013088
2024-07-18 10:10:50,0.010712
2024-07-18 10:10:51,0.019872
2024-07-18 10:10:52,0.027408
2024-07-18 10:10:53,0.024712
2024-07-18 10:10:54,0.038896
2024-07-18 10:10:55,0.019784
2024-07-18 10:10:56,0.030872
2024-07-18 10:10:57,0.015008
2024-07-18 10:10:58,0.015968
2024-07-18 10:10:59,0.023648
2024-07-18 10:11:00,0.014528
2024-07-18 10:11:01,0.063096
2024-07-18 10:11:02,0.069664
2024-07-18 10:11:03,0.019192
2024-07-18 10:11:04,0.044944
2024-07-18 10:11:05,0.0338
2024-07-18 10:11:06,0.020984
2024-07-18 10:11:07,0.115712
2024-07-18 10:11:08,0.1792
2024-07-18 10:11:09,0.25888
2024-07-18 10:11:10,0.302568
2024-07-18 10:11:11,0.352336
2024-07-18 10:11:12,0.473272
2024-07-18 10:11:13,0.428512
2024-07-18 10:11:14,0.360184
2024-07-18 10:11:15,0.26732
2024-07-18 10:11:16,0.233184
2024-07-18 10:11:17,0.2058
2024-07-18 10:11:18,0.22756
2024-07-18 10:11:19,0.217584
2024-07-18 10:11:20,0.208208
2024-07-18 10:11:21,0.183368
2024-07-18 10:11:22,0.030408
2024-07-18 10:11:23,0.042592
2024-07-18 10:11:24,0.026008
2024-07-18 10:11:25,0.029768
2024-07-18 10:11:26,0.020648
2024-07-18 10:11:27,0.019536
2024-07-18 10:11:28,0.013576
2024-07-18 10:11:29,0.010912
2024-07-18 10:11:30,0.00188
2024-07-18 10:11:31,0.001728
2024-07-18 10:11:32,0.00568
2024-07-18 10:13:44,0.014688
2024-07-18 10:13:45,0.2388
2024-07-18 10:13:46,0.00444
2024-07-18 10:13:47,0.025096
2024-07-18 10:13:48,0.01316
2024-07-18 10:13:49,0.026272
2024-07-18 10:13:50,0.031504
2024-07-18 10:13:51,0.03064
2024-07-18 10:13:52,0.375832
2024-07-18 10:13:53,0.02508
2024-07-18 10:13:54,0.031448
2024-07-18 10:13:55,0.026432
2024-07-18 10:13:56,0.026208
2024-07-18 10:13:57,0.030472
2024-07-18 10:13:58,0.048984
2024-07-18 10:13:59,0.033048
2024-07-18 10:14:00,0.030128
2024-07-18 10:14:01,0.032976
2024-07-18 10:14:02,0.028272
2024-07-18 10:14:03,0.03356
2024-07-18 10:14:04,0.032176
2024-07-18 10:14:05,0.03184
2024-07-18 10:14:06,0.027752
2024-07-18 10:14:07,0.031224
2024-07-18 10:14:08,0.021768
2024-07-18 10:14:09,0.02116
2024-07-18 10:14:10,0.018728
2024-07-18 10:14:11,0.01988
2024-07-18 10:14:12,0.019832
2024-07-18 10:14:13,0.022192
2024-07-18 10:14:14,0.029104
2024-07-18 10:14:15,0.032496
2024-07-18 10:14:16,0.020832
2024-07-18 10:14:17,0.022192
2024-07-18 10:14:18,0.017728
2024-07-18 10:14:19,0.023584
2024-07-18 10:14:20,0.023832
2024-07-18 10:14:21,0.025192
2024-07-18 10:14:22,0.022728
2024-07-18 10:14:23,0.024088
2024-07-18 10:14:24,0.022728
2024-07-18 10:14:25,0.024192
2024-07-18 10:14:26,0.022832
2024-07-18 10:14:27,0.025192
2024-07-18 10:14:28,0.020624
2024-07-18 10:14:29,0.024192
2024-07-18 10:14:30,0.020832
2024-07-18 10:14:31,0.027192
2024-07-18 10:14:32,0.020728
2024-07-18 10:14:33,0.024192
2024-07-18 10:14:34,0.022728
2024-07-18 10:14:35,0.025192
2024-07-18 10:14:36,0.023832
2024-07-18 10:14:37,0.024192
2024-07-18 10:14:38,0.020832
2024-07-18 10:14:39,0.021192
2024-07-18 10:14:40,0.019728
2024-07-18 10:14:41,0.026088
2024-07-18 10:14:42,0.018832
2024-07-18 10:14:43,0.020984
2024-07-18 10:14:44,0.019344
2024-07-18 10:14:45,0.024192
2024-07-18 10:14:46,0.017832
2024-07-18 10:14:47,0.023192
2024-07-18 10:14:48,0.020832
2024-07-18 10:14:49,0.022088
2024-07-18 10:14:50,0.018728
2024-07-18 10:14:51,0.023296
2024-07-18 10:14:52,0.018624
2024-07-18 10:14:53,0.022192
2024-07-18 10:14:54,0.021832
2024-07-18 10:14:55,0.024192
2024-07-18 10:14:56,0.02072
2024-07-18 10:14:57,0.022192
2024-07-18 10:14:58,0.019728
2024-07-18 10:14:59,0.023192
2024-07-18 10:15:00,0.03288
2024-07-18 10:15:01,0.02188
2024-07-18 10:15:02,0.019912
2024-07-18 10:15:03,0.032176
2024-07-18 10:15:04,0.019832
2024-07-18 10:15:05,0.032296
2024-07-18 10:15:06,0.020416
2024-07-18 10:15:07,0.02288
2024-07-18 10:15:08,0.126448
2024-07-18 10:15:09,0.012024
2024-07-18 10:15:10,0.002704
2024-07-18 10:15:11,0.006488
2024-07-18 10:15:12,0.006784
2024-07-18 10:15:13,0.007056
2024-07-18 10:15:14,0.020576
2024-07-18 10:15:15,0.014808
2024-07-18 10:15:16,0.01088
2024-07-18 10:15:17,0.007616
2024-07-18 10:15:18,0.009976
2024-07-18 10:15:19,0.004576
2024-07-18 10:15:20,0.008736
2024-07-18 10:15:21,0.020672
2024-07-18 10:15:22,0.003504
2024-07-18 10:15:23,0.004576
2024-07-18 10:15:24,0.00632
2024-07-18 10:15:25,0.008648
2024-07-18 10:15:26,0.009864
2024-07-18 10:15:27,0.031824
2024-07-18 10:15:28,0.029016
2024-07-18 10:15:29,0.02368
2024-07-18 10:15:30,0.015216
2024-07-18 10:15:31,0.004576
2024-07-18 10:15:32,0.003192
2024-07-18 10:15:33,0.01272
2024-07-18 10:15:34,0.015056
2024-07-18 10:15:35,0.025872
2024-07-18 10:15:36,0.023744
2024-07-18 10:15:37,0.032232
2024-07-18 10:15:38,0.034568
2024-07-18 10:15:39,0.03992
2024-07-18 10:15:40,0.03312
2024-07-18 10:15:41,0.034064
2024-07-18 10:15:42,0.025976
2024-07-18 10:15:43,0.026936
2024-07-18 10:15:44,0.031952
2024-07-18 10:15:45,0.034904
2024-07-18 10:15:46,0.147168
2024-07-18 10:15:47,0.077456
2024-07-18 10:15:48,0.062848
2024-07-18 10:15:49,0.059872
2024-07-18 10:15:50,0.05484
2024-07-18 10:15:51,0.095624
2024-07-18 10:15:52,0.103976
2024-07-18 10:15:53,0.048024
2024-07-18 10:15:54,0.030704
2024-07-18 10:15:55,0.062632
2024-07-18 10:15:56,0.093264
2024-07-18 10:15:57,0.113848
2024-07-18 10:15:58,0.093648
2024-07-18 10:15:59,0.09592
2024-07-18 10:16:00,0.109648
2024-07-18 10:16:01,0.10084
2024-07-18 10:16:02,0.109264
2024-07-18 10:16:03,0.163488
2024-07-18 10:16:04,0.14812
2024-07-18 10:16:05,0.07324
2024-07-18 10:16:06,0.124656
2024-07-18 10:16:07,0.065008
2024-07-18 10:16:08,0.076384
2024-07-18 10:16:09,0.110648
2024-07-18 10:16:10,0.223768
2024-07-18 10:16:11,0.058384
2024-07-18 10:16:12,0.040792
2024-07-18 10:16:13,0.037552
2024-07-18 10:16:14,0.053128
2024-07-18 10:16:15,0.11916
2024-07-18 10:16:16,0.161912
2024-07-18 10:16:17,0.139248
2024-07-18 10:16:18,0.077664
2024-07-18 10:16:19,0.058552
2024-07-18 10:16:20,0.03424
2024-07-18 10:16:21,0.024624
2024-07-18 10:16:22,0.01768
2024-07-18 10:16:23,0.0312
2024-07-18 10:16:24,0.0208
2024-07-18 10:16:25,0.018408
2024-07-18 10:16:26,0.020152
2024-07-18 10:16:27,0.017008
2024-07-18 10:16:28,0.028632
2024-07-18 10:16:29,0.028712
2024-07-18 10:16:30,0.139584
2024-07-18 10:16:31,0.040656
2024-07-18 10:16:32,0.030456
2024-07-18 10:16:33,0.107984
2024-07-18 10:16:34,0.094096
2024-07-18 10:16:35,0.101976
2024-07-18 10:16:36,0.123816
2024-07-18 10:16:37,0.118152
2024-07-18 10:16:38,0.14836
2024-07-18 10:16:39,0.12196
2024-07-18 10:16:40,0.107128
2024-07-18 10:16:41,0.10468
2024-07-18 10:16:42,0.06492
2024-07-18 10:16:43,0.072696
2024-07-18 10:16:44,0.051008
2024-07-18 10:16:45,0.041696
2024-07-18 10:16:46,0.108368
2024-07-18 10:16:47,0.197224
2024-07-18 10:16:48,0.084016
2024-07-18 10:16:49,0.067656
2024-07-18 10:16:50,0.053656
2024-07-18 10:16:51,0.031824
2024-07-18 10:16:52,0.033776
2024-07-18 10:16:53,0.026696
2024-07-18 10:16:54,0.013896
2024-07-18 10:16:55,0.009088
2024-07-18 10:16:56,0.01
2024-07-18 10:16:57,0.018624
2024-07-18 10:16:58,0.019152
2024-07-18 10:16:59,0.02744
2024-07-18 10:17:00,0.020064
2024-07-18 10:17:01,0.02336
2024-07-18 10:17:02,0.025936
2024-07-18 10:17:03,0.039768
2024-07-18 10:17:04,0.017608
2024-07-18 10:17:05,0.01456
2024-07-18 10:17:06,0.018816
2024-07-18 10:17:07,0.156824
2024-07-18 10:17:08,0.05364
2024-07-18 10:17:09,0.035752
2024-07-18 10:17:10,0.07044
2024-07-18 10:17:11,0.123232
2024-07-18 10:17:12,0.128544
2024-07-18 10:17:13,0.158576
2024-07-18 10:17:14,0.13608
2024-07-18 10:17:15,0.139584
2024-07-18 10:17:16,0.13192
2024-07-18 10:17:17,0.132488
2024-07-18 10:17:18,0.118584
2024-07-18 10:17:19,0.064136
2024-07-18 10:17:20,0.166952
2024-07-18 10:17:21,0.10188
2024-07-18 10:17:22,0.076032
2024-07-18 10:17:23,0.04244
2024-07-18 10:17:24,0.015904
2024-07-18 10:17:25,0.014352
2024-07-18 10:17:26,0.013016
2024-07-18 10:17:27,0.013072
2024-07-18 10:17:28,0.027752
2024-07-18 10:17:29,0.0232
2024-07-18 10:17:30,0.075056
2024-07-18 10:17:31,0.032648
2024-07-18 10:17:32,0.052072
2024-07-18 10:17:33,0.077808
2024-07-18 10:17:34,0.081792
2024-07-18 10:17:35,0.024376
2024-07-18 10:17:36,0.034648
2024-07-18 10:17:37,0.022048
2024-07-18 10:17:38,0.035712
2024-07-18 10:17:39,0.06384
2024-07-18 10:17:40,0.049616
2024-07-18 10:17:41,0.01692
2024-07-18 10:17:42,0.02372
2024-07-18 10:17:43,0.035624
2024-07-18 10:17:44,0.040752
2024-07-18 10:17:45,0.040376
2024-07-18 10:17:46,0.024056
2024-07-18 10:17:47,0.033528
2024-07-18 10:17:48,0.031496
2024-07-18 10:17:49,0.033832
2024-07-18 10:17:50,0.038544
2024-07-18 10:17:51,0.025496
2024-07-18 10:17:52,0.020136
2024-07-18 10:17:53,0.04728
2024-07-18 10:17:54,0.040368
2024-07-18 10:17:55,0.041536
2024-07-18 10:17:56,0.07488
2024-07-18 10:17:57,0.109712
2024-07-18 10:17:58,0.062728
2024-07-18 10:17:59,0.046696
2024-07-18 10:18:00,0.042352
2024-07-18 10:18:01,0.048888
2024-07-18 10:18:02,0.039016
2024-07-18 10:18:03,0.043368
2024-07-18 10:18:04,0.038464
2024-07-18 10:18:05,0.028048
2024-07-18 10:18:06,0.046528
2024-07-18 10:18:07,0.037648
2024-07-18 10:18:08,0.038984
2024-07-18 10:18:09,0.029192
2024-07-18 10:18:10,0.025576
2024-07-18 10:18:11,0.076752
2024-07-18 10:18:12,0.08704
2024-07-18 10:18:13,0.117976
2024-07-18 10:18:14,0.03768
2024-07-18 10:18:15,0.05476
2024-07-18 10:18:16,0.05848
2024-07-18 10:18:17,0.026016
2024-07-18 10:18:18,0.156552
2024-07-18 10:18:19,0.122504
2024-07-18 10:18:20,0.13756
2024-07-18 10:18:21,0.149712
2024-07-18 10:18:22,0.185792
2024-07-18 10:18:23,0.19568
2024-07-18 10:18:24,0.210288
2024-07-18 10:18:25,0.191824
2024-07-18 10:18:26,0.256336
2024-07-18 10:18:27,0.15996
2024-07-18 10:18:28,0.16764
2024-07-18 10:18:29,0.144384
2024-07-18 10:18:30,0.154632
2024-07-18 10:18:31,0.157744
2024-07-18 10:18:32,0.183936
2024-07-18 10:18:33,0.146328
2024-07-18 10:18:34,0.11072
2024-07-18 10:18:35,0.162488
2024-07-18 10:18:36,0.171984
2024-07-18 10:18:37,0.108976
2024-07-18 10:18:38,0.090856
2024-07-18 10:18:39,0.105048
2024-07-18 10:18:40,0.107424
2024-07-18 10:18:41,0.095376
2024-07-18 10:18:42,0.054248
2024-07-18 10:18:43,0.059368
2024-07-18 10:18:44,0.098344
2024-07-18 10:18:45,0.07352
2024-07-18 10:18:46,0.065472
2024-07-18 10:18:47,0.07864
2024-07-18 10:18:48,0.050816
2024-07-18 10:18:49,0.071432
2024-07-18 10:18:50,0.047064
2024-07-18 10:18:51,0.038768
2024-07-18 10:18:52,0.047096
2024-07-18 10:18:53,0.03652
2024-07-18 10:18:54,0.071824
2024-07-18 10:18:55,0.24196
2024-07-18 10:18:56,0.037408
2024-07-18 10:18:57,0.185704
2024-07-18 10:18:58,0.074824
2024-07-18 10:18:59,0.064296
2024-07-18 10:19:00,0.087368
2024-07-18 10:19:01,0.031944
2024-07-18 10:19:02,0.027816
2024-07-18 10:19:03,0.0242
2024-07-18 10:19:04,0.0438
2024-07-18 10:19:05,0.052768
2024-07-18 10:19:06,0.032952
2024-07-18 10:19:07,0.01808
2024-07-18 10:19:08,0.038664
2024-07-18 10:19:09,0.02104
2024-07-18 10:19:10,0.027192
2024-07-18 10:19:11,0.021648
2024-07-18 10:19:12,0.02372
2024-07-18 10:19:13,0.030504
2024-07-18 10:19:14,0.0236
2024-07-18 10:19:15,0.0256
2024-07-18 10:19:16,0.02404
2024-07-18 10:19:17,0.027592
2024-07-18 10:19:18,0.022984
2024-07-18 10:19:19,0.025024
2024-07-18 10:19:20,0.014296
2024-07-18 10:19:21,0.019208
2024-07-18 10:19:22,0.016616
2024-07-18 10:19:23,0.018896
2024-07-18 10:19:24,0.011688
2024-07-18 10:19:25,0.015392
2024-07-18 10:19:26,0.016232
2024-07-18 10:19:27,0.123872
2024-07-18 10:19:28,0.122152
2024-07-18 10:19:29,0.037016
2024-07-18 10:19:30,0.046008
2024-07-18 10:19:31,0.047704
2024-07-18 10:19:32,0.034824
2024-07-18 10:19:33,0.06944
2024-07-18 10:19:34,0.154736
2024-07-18 10:19:35,0.19472
2024-07-18 10:19:36,0.2312
2024-07-18 10:19:37,0.23488
2024-07-18 10:19:38,0.187864
2024-07-18 10:19:39,0.226808
2024-07-18 10:19:40,0.209672
2024-07-18 10:19:41,0.204936
2024-07-18 10:19:42,0.229112
2024-07-18 10:19:43,0.171592
2024-07-18 10:19:44,0.163904
2024-07-18 10:19:45,0.151504
2024-07-18 10:19:46,0.159192
2024-07-18 10:19:47,0.124968
2024-07-18 10:19:48,0.157496
2024-07-18 10:19:49,0.156744
2024-07-18 10:19:50,0.173888
2024-07-18 10:19:51,0.089296
2024-07-18 10:19:52,0.069112
2024-07-18 10:19:53,0.08392
2024-07-18 10:19:54,0.051448
2024-07-18 10:19:55,0.0532
2024-07-18 10:19:56,0.059496
2024-07-18 10:19:57,0.048192
2024-07-18 10:19:58,0.043888
2024-07-18 10:19:59,0.051344
2024-07-18 10:20:00,0.040464
2024-07-18 10:20:01,0.045688
2024-07-18 10:20:02,0.043112
2024-07-18 10:20:03,0.036296
2024-07-18 10:20:04,0.04824
2024-07-18 10:20:05,0.039816
2024-07-18 10:20:06,0.053072
2024-07-18 10:20:07,0.043776
2024-07-18 10:20:08,0.051856
2024-07-18 10:20:09,0.045824
2024-07-18 10:20:10,0.049928
2024-07-18 10:20:11,0.041264
2024-07-18 10:20:12,0.045184
2024-07-18 10:20:13,0.046144
2024-07-18 10:20:14,0.062184
2024-07-18 10:20:15,0.050424
2024-07-18 10:20:16,0.045792
2024-07-18 10:20:17,0.033256
2024-07-18 10:20:18,0.02564
2024-07-18 10:20:19,0.242552
2024-07-18 10:20:20,0.049112
2024-07-18 10:20:21,0.21628
2024-07-18 10:20:22,0.08356
2024-07-18 10:20:23,0.033824
2024-07-18 10:20:24,0.075584
2024-07-18 10:20:25,0.041504
2024-07-18 10:20:26,0.031496
2024-07-18 10:20:27,0.036312
2024-07-18 10:20:28,0.030448
2024-07-18 10:20:29,0.037736
2024-07-18 10:20:30,0.039192
2024-07-18 10:20:31,0.052192
2024-07-18 10:20:32,0.048736
2024-07-18 10:20:33,0.033352
2024-07-18 10:20:34,0.037496
2024-07-18 10:20:35,0.057384
2024-07-18 10:20:36,0.033784
2024-07-18 10:20:37,0.042688
2024-07-18 10:20:38,0.054848
2024-07-18 10:20:39,0.071152
2024-07-18 10:20:40,0.053696
2024-07-18 10:20:41,0.061384
2024-07-18 10:20:42,0.04136
2024-07-18 10:20:43,0.082288
2024-07-18 10:20:44,0.083472
2024-07-18 10:20:45,0.062624
2024-07-18 10:20:46,0.042488
2024-07-18 10:20:47,0.038904
2024-07-18 10:20:48,0.033752
2024-07-18 10:20:49,0.0328
2024-07-18 10:20:50,0.036976
2024-07-18 10:20:51,0.024288
2024-07-18 10:20:52,0.019192
2024-07-18 10:20:53,0.03296
2024-07-18 10:20:54,0.045792
2024-07-18 10:20:55,0.017536
2024-07-18 10:20:56,0.021144
2024-07-18 10:20:57,0.021008
2024-07-18 10:20:58,0.022136
2024-07-18 10:20:59,0.039688
2024-07-18 10:21:00,0.06124
2024-07-18 10:21:01,0.029408
2024-07-18 10:21:02,0.025664
2024-07-18 10:21:03,0.016968
2024-07-18 10:21:04,0.014056
2024-07-18 10:21:05,0.090824
2024-07-18 10:21:06,0.175144
2024-07-18 10:21:07,0.06244
2024-07-18 10:21:08,0.050056
2024-07-18 10:21:09,0.051336
2024-07-18 10:21:10,0.042472
2024-07-18 10:21:11,0.016624
2024-07-18 10:21:12,0.176944
2024-07-18 10:21:13,0.117888
2024-07-18 10:21:14,0.165424
2024-07-18 10:21:15,0.163456
2024-07-18 10:21:16,0.205136
2024-07-18 10:21:17,0.223208
2024-07-18 10:21:18,0.280232
2024-07-18 10:21:19,0.241928
2024-07-18 10:21:20,0.258184
2024-07-18 10:21:21,0.185312
2024-07-18 10:21:22,0.179032
2024-07-18 10:21:23,0.154616
2024-07-18 10:21:24,0.195264
2024-07-18 10:21:25,0.178232
2024-07-18 10:21:26,0.209344
2024-07-18 10:21:27,0.219328
2024-07-18 10:21:28,0.155776
2024-07-18 10:21:29,0.160936
2024-07-18 10:21:30,0.152616
2024-07-18 10:21:31,0.10708
2024-07-18 10:21:32,0.121408
2024-07-18 10:21:33,0.13024
2024-07-18 10:21:34,0.117792
2024-07-18 10:21:35,0.13656
2024-07-18 10:21:36,0.095728
2024-07-18 10:21:37,0.12964
2024-07-18 10:21:38,0.040576
2024-07-18 10:21:39,0.090512
2024-07-18 10:21:40,0.243288
2024-07-18 10:21:41,0.053064
2024-07-18 10:21:42,0.09044
2024-07-18 10:21:43,0.044784
2024-07-18 10:21:44,0.047256
2024-07-18 10:21:45,0.044304
2024-07-18 10:21:46,0.035872
2024-07-18 10:21:47,0.028456
2024-07-18 10:21:48,0.053792
2024-07-18 10:21:49,0.048512
2024-07-18 10:21:50,0.0354
2024-07-18 10:21:51,0.047232
2024-07-18 10:21:52,0.056384
2024-07-18 10:21:53,0.046776
2024-07-18 10:21:54,0.050112
2024-07-18 10:21:55,0.053808
2024-07-18 10:21:56,0.038016
2024-07-18 10:21:57,0.040496
2024-07-18 10:21:58,0.055512
2024-07-18 10:21:59,0.056416
2024-07-18 10:22:00,0.058312
2024-07-18 10:22:01,0.052696
2024-07-18 10:22:02,0.053808
2024-07-18 10:22:03,0.048072
2024-07-18 10:22:04,0.063488
2024-07-18 10:22:05,0.051808
2024-07-18 10:22:06,0.058792
2024-07-18 10:22:07,0.060088
2024-07-18 10:22:08,0.065672
2024-07-18 10:22:09,0.054072
2024-07-18 10:22:10,0.052272
2024-07-18 10:22:11,0.06056
2024-07-18 10:22:12,0.05212
2024-07-18 10:22:13,0.049872
2024-07-18 10:22:14,0.04948
2024-07-18 10:22:15,0.096376
2024-07-18 10:22:16,0.023656
2024-07-18 10:22:17,0.026032
2024-07-18 10:22:18,0.205384
2024-07-18 10:22:19,0.052336
2024-07-18 10:22:20,0.068232
2024-07-18 10:22:21,0.049144
2024-07-18 10:22:22,0.040728
2024-07-18 10:22:23,0.11224
2024-07-18 10:22:24,0.15436
2024-07-18 10:22:25,0.16316
2024-07-18 10:22:26,0.216904
2024-07-18 10:22:27,0.10576
2024-07-18 10:22:28,0.076952
2024-07-18 10:22:29,0.037592
2024-07-18 10:22:30,0.022488
2024-07-18 10:22:31,0.023304
2024-07-18 10:22:32,0.020968
2024-07-18 10:22:33,0.034248
2024-07-18 10:22:34,0.031272
2024-07-18 10:22:35,0.048344
2024-07-18 10:22:36,0.040352
2024-07-18 10:22:37,0.032112
2024-07-18 10:22:38,0.027912
2024-07-18 10:22:39,0.024528
2024-07-18 10:22:40,0.02004
2024-07-18 10:22:41,0.010712
2024-07-18 10:22:42,0.026808
2024-07-18 10:22:43,0.015352
2024-07-18 10:22:44,0.014552
2024-07-18 10:22:45,0.025504
2024-07-18 10:22:46,0.013576
2024-07-18 10:22:47,0.03288
2024-07-18 10:22:48,0.035
2024-07-18 10:22:49,0.041848
2024-07-18 10:22:50,0.056496
2024-07-18 10:22:51,0.033592
2024-07-18 10:22:52,0.046776
2024-07-18 10:22:53,0.042008
2024-07-18 10:22:54,0.015968
2024-07-18 10:22:55,0.017432
2024-07-18 10:22:56,0.020544
2024-07-18 10:22:57,0.03864
2024-07-18 10:22:58,0.166536
2024-07-18 10:22:59,0.172336
2024-07-18 10:23:00,0.04932
2024-07-18 10:23:01,0.056552
2024-07-18 10:23:02,0.047808
2024-07-18 10:23:03,0.017776
2024-07-18 10:23:04,0.181008
2024-07-18 10:23:05,0.16876
2024-07-18 10:23:06,0.190056
2024-07-18 10:23:07,0.220608
2024-07-18 10:23:08,0.304528
2024-07-18 10:23:09,0.242184
2024-07-18 10:23:10,0.315992
2024-07-18 10:23:11,0.304552
2024-07-18 10:23:12,0.302632
2024-07-18 10:23:13,0.250312
2024-07-18 10:23:14,0.23924
2024-07-18 10:23:15,0.181424
2024-07-18 10:23:16,0.218448
2024-07-18 10:23:17,0.209848
2024-07-18 10:23:18,0.22856
2024-07-18 10:23:19,0.156472
2024-07-18 10:23:20,0.165144
2024-07-18 10:23:21,0.146808
2024-07-18 10:23:22,0.209904
2024-07-18 10:23:23,0.145984
2024-07-18 10:23:24,0.13688
2024-07-18 10:23:25,0.098984
2024-07-18 10:23:26,0.113416
2024-07-18 10:23:27,0.077512
2024-07-18 10:23:28,0.058256
2024-07-18 10:23:29,0.042664
2024-07-18 10:23:30,0.057112
2024-07-18 10:23:31,0.045592
2024-07-18 10:23:32,0.043576
2024-07-18 10:23:33,0.035232
2024-07-18 10:23:34,0.061952
2024-07-18 10:23:35,0.298432
2024-07-18 10:23:36,0.038416
2024-07-18 10:23:37,0.24704
2024-07-18 10:23:38,0.056176
2024-07-18 10:23:39,0.058608
2024-07-18 10:23:40,0.034728
2024-07-18 10:23:41,0.027816
2024-07-18 10:23:42,0.023272
2024-07-18 10:23:43,0.024192
2024-07-18 10:23:44,0.047256
2024-07-18 10:23:45,0.032184
2024-07-18 10:23:46,0.045432
2024-07-18 10:23:47,0.040984
2024-07-18 10:23:48,0.02708
2024-07-18 10:23:49,0.0212
2024-07-18 10:23:50,0.016104
2024-07-18 10:23:51,0.026024
2024-07-18 10:23:52,0.018
2024-07-18 10:23:53,0.014976
2024-07-18 10:23:54,0.016808
2024-07-18 10:23:55,0.028008
2024-07-18 10:23:56,0.01892
2024-07-18 10:23:57,0.041432
2024-07-18 10:23:58,0.026192
2024-07-18 10:23:59,0.024328
2024-07-18 10:24:00,0.02468
2024-07-18 10:24:01,0.025952
2024-07-18 10:24:02,0.020152
2024-07-18 10:24:03,0.018296
2024-07-18 10:24:04,0.016336
2024-07-18 10:24:05,0.017336
2024-07-18 10:24:06,0.010712
2024-07-18 10:24:07,0.141168
2024-07-18 10:24:08,0.166352
2024-07-18 10:24:09,0.024912
2024-07-18 10:24:10,0.059776
2024-07-18 10:24:11,0.050592
2024-07-18 10:24:12,0.026984
2024-07-18 10:24:13,0.15156
2024-07-18 10:24:14,0.133336
2024-07-18 10:24:15,0.163768
2024-07-18 10:24:16,0.268216
2024-07-18 10:24:17,0.263064
2024-07-18 10:24:18,0.26052
2024-07-18 10:24:19,0.298016
2024-07-18 10:24:20,0.299976
2024-07-18 10:24:21,0.307144
2024-07-18 10:24:22,0.288216
2024-07-18 10:24:23,0.21256
2024-07-18 10:24:24,0.236632
2024-07-18 10:24:25,0.218312
2024-07-18 10:24:26,0.230424
2024-07-18 10:24:27,0.158784
2024-07-18 10:24:28,0.158512
2024-07-18 10:24:29,0.22092
2024-07-18 10:24:30,0.124536
2024-07-18 10:24:31,0.092608
2024-07-18 10:24:32,0.107304
2024-07-18 10:24:33,0.070224
2024-07-18 10:24:34,0.075664
2024-07-18 10:24:35,0.055816
2024-07-18 10:24:36,0.035696
2024-07-18 10:24:37,0.080624
2024-07-18 10:24:38,0.038888
2024-07-18 10:24:39,0.0346
2024-07-18 10:24:40,0.038912
2024-07-18 10:24:41,0.039648
2024-07-18 10:24:42,0.0366
2024-07-18 10:24:43,0.041216
2024-07-18 10:24:44,0.038608
2024-07-18 10:24:45,0.0498
2024-07-18 10:24:46,0.2986
2024-07-18 10:24:47,0.033384
2024-07-18 10:24:48,0.331592
2024-07-18 10:24:49,0.043984
2024-07-18 10:24:50,0.081608
2024-07-18 10:24:51,0.064064
2024-07-18 10:24:52,0.032472
2024-07-18 10:24:53,0.028136
2024-07-18 10:24:54,0.018848
2024-07-18 10:24:55,0.041456
2024-07-18 10:24:56,0.030664
2024-07-18 10:24:57,0.01324
2024-07-18 10:24:58,0.043264
2024-07-18 10:24:59,0.03852
2024-07-18 10:25:00,0.024528
2024-07-18 10:25:01,0.027416
2024-07-18 10:25:02,0.023192
2024-07-18 10:25:03,0.02868
2024-07-18 10:25:04,0.023152
2024-07-18 10:25:05,0.034264
2024-07-18 10:25:06,0.038592
2024-07-18 10:25:07,0.032344
2024-07-18 10:25:08,0.116336
2024-07-18 10:25:09,0.0226
2024-07-18 10:25:10,0.019816
2024-07-18 10:25:11,0.13104
2024-07-18 10:25:12,0.12216
2024-07-18 10:25:13,0.159784
2024-07-18 10:25:14,0.183704
2024-07-18 10:25:15,0.277072
2024-07-18 10:25:16,0.282744
2024-07-18 10:25:17,0.278024
2024-07-18 10:25:18,0.30056
2024-07-18 10:25:19,0.318888
2024-07-18 10:25:20,0.35668
2024-07-18 10:25:21,0.322496
2024-07-18 10:25:22,0.234024
2024-07-18 10:25:23,0.216144
2024-07-18 10:25:24,0.16964
2024-07-18 10:25:25,0.136288
2024-07-18 10:25:26,0.094264
2024-07-18 10:25:27,0.07044
2024-07-18 10:25:28,0.08916
2024-07-18 10:25:29,0.046752
2024-07-18 10:25:30,0.252688
2024-07-18 10:25:31,0.155864
2024-07-18 10:25:32,0.119712
2024-07-18 10:25:33,0.087736
2024-07-18 10:25:34,0.047592
2024-07-18 10:25:35,0.050624
2024-07-18 10:25:36,0.011896
2024-07-18 10:25:37,0.018112
2024-07-18 10:25:38,0.025088
2024-07-18 10:25:39,0.037336
2024-07-18 10:25:40,0.045232
2024-07-18 10:25:41,0.025928
2024-07-18 10:25:42,0.020256
2024-07-18 10:25:43,0.038864
2024-07-18 10:25:44,0.061032
2024-07-18 10:25:45,0.031856
2024-07-18 10:25:46,0.045024
2024-07-18 10:25:47,0.042256
2024-07-18 10:25:48,0.045544
2024-07-18 10:25:49,0.030752
2024-07-18 10:25:50,0.058952
2024-07-18 10:25:51,0.033696
2024-07-18 10:25:52,0.025776
2024-07-18 10:25:53,0.018832
2024-07-18 10:25:54,0.021896
2024-07-18 10:25:55,0.019072
2024-07-18 10:25:56,0.026392
2024-07-18 10:25:57,0.027912
2024-07-18 10:25:58,0.014976
2024-07-18 10:25:59,0.012448
2024-07-18 10:26:00,0.0102
2024-07-18 10:26:01,0.145968
2024-07-18 10:26:02,0.183528
2024-07-18 10:26:03,0.05168
2024-07-18 10:26:04,0.052648
2024-07-18 10:26:05,0.060392
2024-07-18 10:26:06,0.035032
2024-07-18 10:26:07,0.097616
2024-07-18 10:26:08,0.253896
2024-07-18 10:26:09,0.313544
2024-07-18 10:26:10,0.345016
2024-07-18 10:26:11,0.349976
2024-07-18 10:26:12,0.335576
2024-07-18 10:26:13,0.361416
2024-07-18 10:26:14,0.410408
2024-07-18 10:26:15,0.24968
2024-07-18 10:26:16,0.46928
2024-07-18 10:26:17,0.334328
2024-07-18 10:26:18,0.30036
2024-07-18 10:26:19,0.270912
2024-07-18 10:26:20,0.333752
2024-07-18 10:26:21,0.296984
2024-07-18 10:26:22,0.232672
2024-07-18 10:26:23,0.148768
2024-07-18 10:26:24,0.089744
2024-07-18 10:26:25,0.125096
2024-07-18 10:26:26,0.142584
2024-07-18 10:26:27,0.086024
2024-07-18 10:26:28,0.104608
2024-07-18 10:26:29,0.065728
2024-07-18 10:26:30,0.037264
2024-07-18 10:26:31,0.026008
2024-07-18 10:26:32,0.0664
2024-07-18 10:26:33,0.313312
2024-07-18 10:26:34,0.05244
2024-07-18 10:26:35,0.232688
2024-07-18 10:26:36,0.077432
2024-07-18 10:26:37,0.027184
2024-07-18 10:26:38,0.047312
2024-07-18 10:26:39,0.016456
2024-07-18 10:26:40,0.014616
2024-07-18 10:26:41,0.013088
2024-07-18 10:26:42,0.021256
2024-07-18 10:26:43,0.01684
2024-07-18 10:26:44,0.027936
2024-07-18 10:26:45,0.042736
2024-07-18 10:26:46,0.01864
2024-07-18 10:26:47,0.053976
2024-07-18 10:26:48,0.033936
2024-07-18 10:26:49,0.045128
2024-07-18 10:26:50,0.032432
2024-07-18 10:26:51,0.02636
2024-07-18 10:26:52,0.043912
2024-07-18 10:26:53,0.050416
2024-07-18 10:26:54,0.081648
2024-07-18 10:26:55,0.027976
2024-07-18 10:26:56,0.03064
2024-07-18 10:26:57,0.040824
2024-07-18 10:26:58,0.015376
2024-07-18 10:26:59,0.032248
2024-07-18 10:27:00,0.02828
2024-07-18 10:27:01,0.023168
2024-07-18 10:27:02,0.030264
2024-07-18 10:27:03,0.026232
2024-07-18 10:27:04,0.032008
2024-07-18 10:27:05,0.017376
2024-07-18 10:27:06,0.024808
2024-07-18 10:27:07,0.030808
2024-07-18 10:27:08,0.038272
2024-07-18 10:27:09,0.036672
2024-07-18 10:27:10,0.017864
2024-07-18 10:27:11,0.032288
2024-07-18 10:27:12,0.030792
2024-07-18 10:27:13,0.034128
2024-07-18 10:27:14,0.02748
2024-07-18 10:27:15,0.018608
2024-07-18 10:27:16,0.038232
2024-07-18 10:27:17,0.035696
2024-07-18 10:27:18,0.028264
2024-07-18 10:27:19,0.022032
2024-07-18 10:27:20,0.019576
2024-07-18 10:27:21,0.012816
2024-07-18 10:27:22,0.030592
2024-07-18 10:27:23,0.022336
2024-07-18 10:27:24,0.025792
2024-07-18 10:27:25,0.150168
2024-07-18 10:27:26,0.194552
2024-07-18 10:27:27,0.027808
2024-07-18 10:27:28,0.054376
2024-07-18 10:27:29,0.067352
2024-07-18 10:27:30,0.038784
2024-07-18 10:27:31,0.106168
2024-07-18 10:27:32,0.2428
2024-07-18 10:27:33,0.294104
2024-07-18 10:27:34,0.324368
2024-07-18 10:27:35,0.349792
2024-07-18 10:27:36,0.312032
2024-07-18 10:27:37,0.250752
2024-07-18 10:27:38,0.325952
2024-07-18 10:27:39,0.358696
2024-07-18 10:27:40,0.368728
2024-07-18 10:27:41,0.291672
2024-07-18 10:27:42,0.289952
2024-07-18 10:27:43,0.314472
2024-07-18 10:27:44,0.28304
2024-07-18 10:27:45,0.187552
2024-07-18 10:27:46,0.239712
2024-07-18 10:27:47,0.2014
2024-07-18 10:27:48,0.171504
2024-07-18 10:27:49,0.1382
2024-07-18 10:27:50,0.115832
2024-07-18 10:27:51,0.133864
2024-07-18 10:27:52,0.04972
2024-07-18 10:27:53,0.056632
2024-07-18 10:27:54,0.025448
2024-07-18 10:27:55,0.03264
2024-07-18 10:27:56,0.337944
2024-07-18 10:27:57,0.037368
2024-07-18 10:27:58,0.307488
2024-07-18 10:27:59,0.04252
2024-07-18 10:28:00,0.051768
2024-07-18 10:28:01,0.047408
2024-07-18 10:28:02,0.018344
2024-07-18 10:28:03,0.028232
2024-07-18 10:28:04,0.0368
2024-07-18 10:28:05,0.048048
2024-07-18 10:28:06,0.078624
2024-07-18 10:28:07,0.068528
2024-07-18 10:28:08,0.091568
2024-07-18 10:28:09,0.018392
2024-07-18 10:28:10,0.028896
2024-07-18 10:28:11,0.017744
2024-07-18 10:28:12,0.019832
2024-07-18 10:28:13,0.0176
2024-07-18 10:28:14,0.032776
2024-07-18 10:28:15,0.023216
2024-07-18 10:28:16,0.039664
2024-07-18 10:28:17,0.026696
2024-07-18 10:28:18,0.022536
2024-07-18 10:28:19,0.012976
2024-07-18 10:28:20,0.017264
2024-07-18 10:28:21,0.014424
2024-07-18 10:28:22,0.019016
2024-07-18 10:28:23,0.022424
2024-07-18 10:28:24,0.018312
2024-07-18 10:28:25,0.026888
2024-07-18 10:28:26,0.020984
2024-07-18 10:28:27,0.020848
2024-07-18 10:28:28,0.20468
2024-07-18 10:28:29,0.176232
2024-07-18 10:28:30,0.022368
2024-07-18 10:28:31,0.072304
2024-07-18 10:28:32,0.055816
2024-07-18 10:28:33,0.034488
2024-07-18 10:28:34,0.175792
2024-07-18 10:28:35,0.28912
2024-07-18 10:28:36,0.347544
2024-07-18 10:28:37,0.411288
2024-07-18 10:28:38,0.360072
2024-07-18 10:28:39,0.354664
2024-07-18 10:28:40,0.358776
2024-07-18 10:28:41,0.337352
2024-07-18 10:28:42,0.379856
2024-07-18 10:28:43,0.39312
2024-07-18 10:28:44,0.356888
2024-07-18 10:28:45,0.27932
2024-07-18 10:28:46,0.346824
2024-07-18 10:28:47,0.289232
2024-07-18 10:28:48,0.25268
2024-07-18 10:28:49,0.29024
2024-07-18 10:28:50,0.234432
2024-07-18 10:28:51,0.245376
2024-07-18 10:28:52,0.183832
2024-07-18 10:28:53,0.13848
2024-07-18 10:28:54,0.126496
2024-07-18 10:28:55,0.142888
2024-07-18 10:28:56,0.136488
2024-07-18 10:28:57,0.12132
2024-07-18 10:28:58,0.065152
2024-07-18 10:28:59,0.038792
2024-07-18 10:29:00,0.053648
2024-07-18 10:29:01,0.02284
2024-07-18 10:29:02,0.059
2024-07-18 10:29:03,0.024152
2024-07-18 10:29:04,0.050016
2024-07-18 10:29:05,0.352744
2024-07-18 10:29:06,0.049856
2024-07-18 10:29:07,0.086704
2024-07-18 10:29:08,0.063456
2024-07-18 10:29:09,0.041648
2024-07-18 10:29:10,0.028384
2024-07-18 10:29:11,0.035576
2024-07-18 10:29:12,0.024688
2024-07-18 10:29:13,0.04492
2024-07-18 10:29:14,0.04896
2024-07-18 10:29:15,0.057888
2024-07-18 10:29:16,0.05424
2024-07-18 10:29:17,0.05184
2024-07-18 10:29:18,0.056712
2024-07-18 10:29:19,0.060824
2024-07-18 10:29:20,0.056728
2024-07-18 10:29:21,0.056528
2024-07-18 10:29:22,0.057776
2024-07-18 10:29:23,0.051072
2024-07-18 10:29:24,0.04596
2024-07-18 10:29:25,0.055952
2024-07-18 10:29:26,0.064448
2024-07-18 10:29:27,0.055832
2024-07-18 10:29:28,0.044592
2024-07-18 10:29:29,0.066632
2024-07-18 10:29:30,0.05368
2024-07-18 10:29:31,0.055216
2024-07-18 10:29:32,0.046792
2024-07-18 10:29:33,0.052728
2024-07-18 10:29:34,0.052752
2024-07-18 10:29:35,0.044808
2024-07-18 10:29:36,0.05364
2024-07-18 10:29:37,0.042512
2024-07-18 10:29:38,0.042936
2024-07-18 10:29:39,0.042952
2024-07-18 10:29:40,0.08668
2024-07-18 10:29:41,0.034408
2024-07-18 10:29:42,0.186752
2024-07-18 10:29:43,0.048632
2024-07-18 10:29:44,0.09296
2024-07-18 10:29:45,0.08732
2024-07-18 10:29:46,0.051744
2024-07-18 10:29:47,0.165584
2024-07-18 10:29:48,0.078272
2024-07-18 10:29:49,0.166304
2024-07-18 10:29:50,0.123192
2024-07-18 10:29:51,0.228776
2024-07-18 10:29:52,0.271496
2024-07-18 10:29:53,0.11896
2024-07-18 10:29:54,0.060024
2024-07-18 10:29:55,0.028632
2024-07-18 10:29:56,0.029872
2024-07-18 10:29:57,0.012104
2024-07-18 10:29:58,0.017072
2024-07-18 10:29:59,0.03032
2024-07-18 10:30:00,0.028256
2024-07-18 10:30:01,0.024392
2024-07-18 10:30:02,0.026848
2024-07-18 10:30:03,0.026712
2024-07-18 10:30:04,0.049192
2024-07-18 10:30:05,0.025656
2024-07-18 10:30:06,0.038008
2024-07-18 10:30:07,0.014768
2024-07-18 10:30:08,0.042832
2024-07-18 10:30:09,0.024544
2024-07-18 10:30:10,0.036888
2024-07-18 10:30:11,0.030448
2024-07-18 10:30:12,0.017736
2024-07-18 10:30:13,0.043728
2024-07-18 10:30:14,0.02884
2024-07-18 10:30:15,0.046392
2024-07-18 10:30:16,0.021336
2024-07-18 10:30:17,0.02184
2024-07-18 10:30:18,0.063304
2024-07-18 10:30:19,0.041552
2024-07-18 10:30:20,0.051496
2024-07-18 10:30:21,0.02208
2024-07-18 10:30:22,0.204672
2024-07-18 10:30:23,0.183024
2024-07-18 10:30:24,0.026296
2024-07-18 10:30:25,0.07732
2024-07-18 10:30:26,0.05336
2024-07-18 10:30:27,0.029016
2024-07-18 10:30:28,0.179552
2024-07-18 10:30:29,0.25684
2024-07-18 10:30:30,0.333408
2024-07-18 10:30:31,0.411376
2024-07-18 10:30:32,0.355928
2024-07-18 10:30:33,0.38092
2024-07-18 10:30:34,0.385624
2024-07-18 10:30:35,0.444432
2024-07-18 10:30:36,0.486976
2024-07-18 10:30:37,0.330592
2024-07-18 10:30:38,0.360584
2024-07-18 10:30:39,0.29108
2024-07-18 10:30:40,0.34268
2024-07-18 10:30:41,0.278056
2024-07-18 10:30:42,0.30684
2024-07-18 10:30:43,0.312528
2024-07-18 10:30:44,0.313768
2024-07-18 10:30:45,0.254864
2024-07-18 10:30:46,0.335528
2024-07-18 10:30:47,0.272904
2024-07-18 10:30:48,0.252616
2024-07-18 10:30:49,0.246368
2024-07-18 10:30:50,0.241336
2024-07-18 10:30:51,0.1818
2024-07-18 10:30:52,0.13312
2024-07-18 10:30:53,0.091864
2024-07-18 10:30:54,0.129536
2024-07-18 10:30:55,0.062504
2024-07-18 10:30:56,0.054808
2024-07-18 10:30:57,0.067392
2024-07-18 10:30:58,0.073608
2024-07-18 10:30:59,0.061528
2024-07-18 10:31:00,0.099392
2024-07-18 10:31:01,0.050496
2024-07-18 10:31:02,0.053664
2024-07-18 10:31:03,0.04388
2024-07-18 10:31:04,0.039232
2024-07-18 10:31:05,0.027704
2024-07-18 10:31:06,0.05224
2024-07-18 10:31:07,0.315688
2024-07-18 10:31:08,0.148824
2024-07-18 10:31:09,0.283728
2024-07-18 10:31:10,0.1096
2024-07-18 10:31:11,0.063224
2024-07-18 10:31:12,0.07164
2024-07-18 10:31:13,0.032
2024-07-18 10:31:14,0.041504
2024-07-18 10:31:15,0.03124
2024-07-18 10:31:16,0.035496
2024-07-18 10:31:17,0.030728
2024-07-18 10:31:18,0.037024
2024-07-18 10:31:19,0.053792
2024-07-18 10:31:20,0.052536
2024-07-18 10:31:21,0.020528
2024-07-18 10:31:22,0.023696
2024-07-18 10:31:23,0.014264
2024-07-18 10:31:24,0.031208
2024-07-18 10:31:25,0.031784
2024-07-18 10:31:26,0.03684
2024-07-18 10:31:27,0.016888
2024-07-18 10:31:28,0.036488
2024-07-18 10:31:29,0.033448
2024-07-18 10:31:30,0.03512
2024-07-18 10:31:31,0.042072
2024-07-18 10:31:32,0.02484
2024-07-18 10:31:33,0.054904
2024-07-18 10:31:34,0.031008
2024-07-18 10:31:35,0.025512
2024-07-18 10:31:36,0.030464
2024-07-18 10:31:37,0.039216
2024-07-18 10:31:38,0.03688
2024-07-18 10:31:39,0.159424
2024-07-18 10:31:40,0.19864
2024-07-18 10:31:41,0.036728
2024-07-18 10:31:42,0.060304
2024-07-18 10:31:43,0.058784
2024-07-18 10:31:44,0.047592
2024-07-18 10:31:45,0.108312
2024-07-18 10:31:46,0.233656
2024-07-18 10:31:47,0.316152
2024-07-18 10:31:48,0.350048
2024-07-18 10:31:49,0.409032
2024-07-18 10:31:50,0.382096
2024-07-18 10:31:51,0.359528
2024-07-18 10:31:52,0.586896
2024-07-18 10:31:53,0.508336
2024-07-18 10:31:54,0.4394
2024-07-18 10:31:55,0.436656
2024-07-18 10:31:56,0.466712
2024-07-18 10:31:57,0.358656
2024-07-18 10:31:58,0.312848
2024-07-18 10:31:59,0.33904
2024-07-18 10:32:00,0.32932
2024-07-18 10:32:01,0.345336
2024-07-18 10:32:02,0.23556
2024-07-18 10:32:03,0.211992
2024-07-18 10:32:04,0.21868
2024-07-18 10:32:05,0.22096
2024-07-18 10:32:06,0.195472
2024-07-18 10:32:07,0.211344
2024-07-18 10:32:08,0.07092
2024-07-18 10:32:09,0.071824
2024-07-18 10:32:10,0.059208
2024-07-18 10:32:11,0.047736
2024-07-18 10:32:12,0.080792
2024-07-18 10:32:13,0.061472
2024-07-18 10:32:14,0.07196
2024-07-18 10:32:15,0.04828
2024-07-18 10:32:16,0.043008
2024-07-18 10:32:17,0.024952
2024-07-18 10:32:18,0.051728
2024-07-18 10:32:19,0.325008
2024-07-18 10:32:20,0.081528
2024-07-18 10:32:21,0.021928
2024-07-18 10:32:22,0.488136
2024-07-18 10:32:23,0.111656
2024-07-18 10:32:24,0.084832
2024-07-18 10:32:25,0.034648
2024-07-18 10:32:26,0.044896
2024-07-18 10:32:27,0.036208
2024-07-18 10:32:28,0.020744
2024-07-18 10:32:29,0.025824
2024-07-18 10:32:30,0.02172
2024-07-18 10:32:31,0.044544
2024-07-18 10:32:32,0.05216
2024-07-18 10:32:33,0.036312
2024-07-18 10:32:34,0.012632
2024-07-18 10:32:35,0.022072
2024-07-18 10:32:36,0.037088
2024-07-18 10:32:37,0.054792
2024-07-18 10:32:38,0.03164
2024-07-18 10:32:39,0.031296
2024-07-18 10:32:40,0.008448
2024-07-18 10:32:41,0.180816
2024-07-18 10:32:42,0.045992
2024-07-18 10:32:43,0.048296
2024-07-18 10:32:44,0.11948
2024-07-18 10:32:45,0.188336
2024-07-18 10:32:46,0.214928
2024-07-18 10:32:47,0.269496
2024-07-18 10:32:48,0.403752
2024-07-18 10:32:49,0.46996
2024-07-18 10:32:50,0.376368
2024-07-18 10:32:51,0.248944
2024-07-18 10:32:52,0.137424
2024-07-18 10:32:53,0.328816
2024-07-18 10:32:54,0.24964
2024-07-18 10:32:55,0.208904
2024-07-18 10:32:56,0.149232
2024-07-18 10:32:57,0.078144
2024-07-18 10:32:58,0.028208
2024-07-18 10:32:59,0.0458
2024-07-18 10:33:00,0.023416
2024-07-18 10:33:01,0.03464
2024-07-18 10:33:02,0.08944
2024-07-18 10:33:03,0.045616
2024-07-18 10:33:04,0.050368
2024-07-18 10:33:05,0.070008
2024-07-18 10:33:06,0.055192
2024-07-18 10:33:07,0.050696
2024-07-18 10:33:08,0.065216
2024-07-18 10:33:09,0.03372
2024-07-18 10:33:10,0.01784
2024-07-18 10:33:11,0.03184
2024-07-18 10:33:12,0.013336
2024-07-18 10:33:13,0.020856
2024-07-18 10:33:14,0.018008
2024-07-18 10:33:15,0.025032
2024-07-18 10:33:16,0.038048
2024-07-18 10:33:17,0.024968
2024-07-18 10:33:18,0.047352
2024-07-18 10:33:19,0.057504
2024-07-18 10:33:20,0.055312
2024-07-18 10:33:21,0.040352
2024-07-18 10:33:22,0.030984
2024-07-18 10:33:23,0.035696
2024-07-18 10:33:24,0.171912
2024-07-18 10:33:25,0.206616
2024-07-18 10:33:26,0.06244
2024-07-18 10:33:27,0.076512
2024-07-18 10:33:28,0.06664
2024-07-18 10:33:29,0.049448
2024-07-18 10:33:30,0.11668
2024-07-18 10:33:31,0.288752
2024-07-18 10:33:32,0.31976
2024-07-18 10:33:33,0.38452
2024-07-18 10:33:34,0.472368
2024-07-18 10:33:35,0.374616
2024-07-18 10:33:36,0.432384
2024-07-18 10:33:37,0.499816
2024-07-18 10:33:38,0.470392
2024-07-18 10:33:39,0.380952
2024-07-18 10:33:40,0.429912
2024-07-18 10:33:41,0.321184
2024-07-18 10:33:42,0.348632
2024-07-18 10:33:43,0.39472
2024-07-18 10:33:44,0.362816
2024-07-18 10:33:45,0.28284
2024-07-18 10:33:46,0.2862
2024-07-18 10:33:47,0.278984
2024-07-18 10:33:48,0.252536
2024-07-18 10:33:49,0.287712
2024-07-18 10:33:50,0.14568
2024-07-18 10:33:51,0.093184
2024-07-18 10:33:52,0.139504
2024-07-18 10:33:53,0.095136
2024-07-18 10:33:54,0.0872
2024-07-18 10:33:55,0.095096
2024-07-18 10:33:56,0.089712
2024-07-18 10:33:57,0.05832
2024-07-18 10:33:58,0.049048
2024-07-18 10:33:59,0.054288
2024-07-18 10:34:00,0.032
2024-07-18 10:34:01,0.082368
2024-07-18 10:34:02,0.36444
2024-07-18 10:34:03,0.03352
2024-07-18 10:34:04,0.366712
2024-07-18 10:34:05,0.042184
2024-07-18 10:34:06,0.046368
2024-07-18 10:34:07,0.028368
2024-07-18 10:34:08,0.0214
2024-07-18 10:34:09,0.01584
2024-07-18 10:34:10,0.092312
2024-07-18 10:34:11,0.128824
2024-07-18 10:34:12,0.112208
2024-07-18 10:34:13,0.042784
2024-07-18 10:34:14,0.08828
2024-07-18 10:34:15,0.054616
2024-07-18 10:34:16,0.053128
2024-07-18 10:34:17,0.094616
2024-07-18 10:34:18,0.0676
2024-07-18 10:34:19,0.064624
2024-07-18 10:34:20,0.074952
2024-07-18 10:34:21,0.054864
2024-07-18 10:34:22,0.0562
2024-07-18 10:34:23,0.062144
2024-07-18 10:34:24,0.073872
2024-07-18 10:34:25,0.038056
2024-07-18 10:34:26,0.042152
2024-07-18 10:34:27,0.031808
2024-07-18 10:34:28,0.043696
2024-07-18 10:34:29,0.047416
2024-07-18 10:34:30,0.035384
2024-07-18 10:34:31,0.053504
2024-07-18 10:34:32,0.037848
2024-07-18 10:34:33,0.040648
2024-07-18 10:34:34,0.046928
2024-07-18 10:34:35,0.106592
2024-07-18 10:34:36,0.072408
2024-07-18 10:34:37,0.056336
2024-07-18 10:34:38,0.046728
2024-07-18 10:34:39,0.04704
2024-07-18 10:34:40,0.028224
2024-07-18 10:34:41,0.044056
2024-07-18 10:34:42,0.092688
2024-07-18 10:34:43,0.047896
2024-07-18 10:34:44,0.046488
2024-07-18 10:34:45,0.038072
2024-07-18 10:34:46,0.042112
2024-07-18 10:34:47,0.034032
2024-07-18 10:34:48,0.021984
2024-07-18 10:34:49,0.083392
2024-07-18 10:34:50,0.03004
2024-07-18 10:34:51,0.04536
2024-07-18 10:34:52,0.064512
2024-07-18 10:34:53,0.084192
2024-07-18 10:34:54,0.238912
2024-07-18 10:34:55,0.222096
2024-07-18 10:34:56,0.038424
2024-07-18 10:34:57,0.080888
2024-07-18 10:34:58,0.072128
2024-07-18 10:34:59,0.031592
2024-07-18 10:35:00,0.20236
2024-07-18 10:35:01,0.270504
2024-07-18 10:35:02,0.366128
2024-07-18 10:35:03,0.424392
2024-07-18 10:35:04,0.515664
2024-07-18 10:35:05,0.446704
2024-07-18 10:35:06,0.536664
2024-07-18 10:35:07,0.532944
2024-07-18 10:35:08,0.616112
2024-07-18 10:35:09,0.477992
2024-07-18 10:35:10,0.42224
2024-07-18 10:35:11,0.44324
2024-07-18 10:35:12,0.405952
2024-07-18 10:35:13,0.421904
2024-07-18 10:35:14,0.412368
2024-07-18 10:35:15,0.39776
2024-07-18 10:35:16,0.357096
2024-07-18 10:35:17,0.335632
2024-07-18 10:35:18,0.298376
2024-07-18 10:35:19,0.175504
2024-07-18 10:35:20,0.142712
2024-07-18 10:35:21,0.119472
2024-07-18 10:35:22,0.096192
2024-07-18 10:35:23,0.10676
2024-07-18 10:35:24,0.133608
2024-07-18 10:35:25,0.077192
2024-07-18 10:35:26,0.13108
2024-07-18 10:35:27,0.061168
2024-07-18 10:35:28,0.061256
2024-07-18 10:35:29,0.060512
2024-07-18 10:35:30,0.103888
2024-07-18 10:35:31,0.030568
2024-07-18 10:35:32,0.078504
2024-07-18 10:35:33,0.425928
2024-07-18 10:35:34,0.065608
2024-07-18 10:35:35,0.370032
2024-07-18 10:35:36,0.079336
2024-07-18 10:35:37,0.107456
2024-07-18 10:35:38,0.087312
2024-07-18 10:35:39,0.03016
2024-07-18 10:35:40,0.055216
2024-07-18 10:35:41,0.04252
2024-07-18 10:35:42,0.026024
2024-07-18 10:35:43,0.043512
2024-07-18 10:35:44,0.034664
2024-07-18 10:35:45,0.031856
2024-07-18 10:35:46,0.037232
2024-07-18 10:35:47,0.048664
2024-07-18 10:35:48,0.09672
2024-07-18 10:35:49,0.067192
2024-07-18 10:35:50,0.061304
2024-07-18 10:35:51,0.040344
2024-07-18 10:35:52,0.046408
2024-07-18 10:35:53,0.064648
2024-07-18 10:35:54,0.070632
2024-07-18 10:35:55,0.064688
2024-07-18 10:35:56,0.02976
2024-07-18 10:35:57,0.014208
2024-07-18 10:35:58,0.0416
2024-07-18 10:35:59,0.021376
2024-07-18 10:36:00,0.054456
2024-07-18 10:36:01,0.063976
2024-07-18 10:36:02,0.039936
2024-07-18 10:36:03,0.0232
2024-07-18 10:36:04,0.050984
2024-07-18 10:36:05,0.256176
2024-07-18 10:36:06,0.25756
2024-07-18 10:36:07,0.055336
2024-07-18 10:36:08,0.107832
2024-07-18 10:36:09,0.079688
2024-07-18 10:36:10,0.032648
2024-07-18 10:36:11,0.258248
2024-07-18 10:36:12,0.335456
2024-07-18 10:36:13,0.481792
2024-07-18 10:36:14,0.554512
2024-07-18 10:36:15,0.561152
2024-07-18 10:36:16,0.533328
2024-07-18 10:36:17,0.57936
2024-07-18 10:36:18,0.602576
2024-07-18 10:36:19,0.629656
2024-07-18 10:36:20,0.54352
2024-07-18 10:36:21,0.503384
2024-07-18 10:36:22,0.438656
2024-07-18 10:36:23,0.582648
2024-07-18 10:36:24,0.403832
2024-07-18 10:36:25,0.517736
2024-07-18 10:36:26,0.41208
2024-07-18 10:36:27,0.507768
2024-07-18 10:36:28,0.578488
2024-07-18 10:36:29,0.350808
2024-07-18 10:36:30,0.409736
2024-07-18 10:36:31,0.274888
2024-07-18 10:36:32,0.271488
2024-07-18 10:36:33,0.241192
2024-07-18 10:36:34,0.140304
2024-07-18 10:36:35,0.143488
2024-07-18 10:36:36,0.14732
2024-07-18 10:36:37,0.114392
2024-07-18 10:36:38,0.096328
2024-07-18 10:36:39,0.0778
2024-07-18 10:36:40,0.07184
2024-07-18 10:36:41,0.076304
2024-07-18 10:36:42,0.087168
2024-07-18 10:36:43,0.088672
2024-07-18 10:36:44,0.074736
2024-07-18 10:36:45,0.069064
2024-07-18 10:36:46,0.075936
2024-07-18 10:36:47,0.062024
2024-07-18 10:36:48,0.071592
2024-07-18 10:36:49,0.047416
2024-07-18 10:36:50,0.060696
2024-07-18 10:36:51,0.018688
2024-07-18 10:36:52,0.027128
2024-07-18 10:36:53,0.240088
2024-07-18 10:36:54,0.194728
2024-07-18 10:36:55,0.099344
2024-07-18 10:36:56,0.044904
2024-07-18 10:36:57,0.053728
2024-07-18 10:36:58,0.04396
2024-07-18 10:36:59,0.02352
2024-07-18 10:37:00,0.03372
2024-07-18 10:37:01,0.054632
2024-07-18 10:37:02,0.05284
2024-07-18 10:37:03,0.0576
2024-07-18 10:37:04,0.0584
2024-07-18 10:37:05,0.05096
2024-07-18 10:37:06,0.0522
2024-07-18 10:37:07,0.050792
2024-07-18 10:37:08,0.059752
2024-07-18 10:37:09,0.050248
2024-07-18 10:37:10,0.046064
2024-07-18 10:37:11,0.050192
2024-07-18 10:37:12,0.036328
2024-07-18 10:37:13,0.044416
2024-07-18 10:37:14,0.044344
2024-07-18 10:37:15,0.061152
2024-07-18 10:37:16,0.061512
2024-07-18 10:37:17,0.052168
2024-07-18 10:37:18,0.048528
2024-07-18 10:37:19,0.055568
2024-07-18 10:37:20,0.047432
2024-07-18 10:37:21,0.058024
2024-07-18 10:37:22,0.063864
2024-07-18 10:37:23,0.040992
2024-07-18 10:37:24,0.03736
2024-07-18 10:37:25,0.0548
2024-07-18 10:37:26,0.042648
2024-07-18 10:37:27,0.038872
2024-07-18 10:37:28,0.100184
2024-07-18 10:37:29,0.034888
2024-07-18 10:37:30,0.031056
2024-07-18 10:37:31,0.234216
2024-07-18 10:37:32,0.116856
2024-07-18 10:37:33,0.106648
2024-07-18 10:37:34,0.06884
2024-07-18 10:37:35,0.034472
2024-07-18 10:37:36,0.215808
2024-07-18 10:37:37,0.167256
2024-07-18 10:37:38,0.297816
2024-07-18 10:37:39,0.204936
2024-07-18 10:37:40,0.144936
2024-07-18 10:37:41,0.165384
2024-07-18 10:37:42,0.0862
2024-07-18 10:37:43,0.05808
2024-07-18 10:37:44,0.045992
2024-07-18 10:37:45,0.030192
2024-07-18 10:37:46,0.041744
2024-07-18 10:37:47,0.035392
2024-07-18 10:37:48,0.064216
2024-07-18 10:37:49,0.091144
2024-07-18 10:37:50,0.075176
2024-07-18 10:37:51,0.120872
2024-07-18 10:37:52,0.114352
2024-07-18 10:37:53,0.107064
2024-07-18 10:37:54,0.098536
2024-07-18 10:37:55,0.08948
2024-07-18 10:37:56,0.05444
2024-07-18 10:37:57,0.041432
2024-07-18 10:37:58,0.02684
2024-07-18 10:37:59,0.061424
2024-07-18 10:38:00,0.045832
2024-07-18 10:38:01,0.071128
2024-07-18 10:38:02,0.028944
2024-07-18 10:38:03,0.058904
2024-07-18 10:38:04,0.039296
2024-07-18 10:38:05,0.078592
2024-07-18 10:38:06,0.053704
2024-07-18 10:38:07,0.068552
2024-07-18 10:38:08,0.1134
2024-07-18 10:38:09,0.073032
2024-07-18 10:38:10,0.095648
2024-07-18 10:38:11,0.244152
2024-07-18 10:38:12,0.274368
2024-07-18 10:38:13,0.031584
2024-07-18 10:38:14,0.14172
2024-07-18 10:38:15,0.07324
2024-07-18 10:38:16,0.052248
2024-07-18 10:38:17,0.255368
2024-07-18 10:38:18,0.401288
2024-07-18 10:38:19,0.422448
2024-07-18 10:38:20,0.54256
2024-07-18 10:38:21,0.512592
2024-07-18 10:38:22,0.517824
2024-07-18 10:38:23,0.606992
2024-07-18 10:38:24,0.635024
2024-07-18 10:38:25,0.576536
2024-07-18 10:38:26,0.566496
2024-07-18 10:38:27,0.588024
2024-07-18 10:38:28,0.630656
2024-07-18 10:38:29,0.492616
2024-07-18 10:38:30,0.528544
2024-07-18 10:38:31,0.571856
2024-07-18 10:38:32,0.573976
2024-07-18 10:38:33,0.48244
2024-07-18 10:38:34,0.392408
2024-07-18 10:38:35,0.514176
2024-07-18 10:38:36,0.395968
2024-07-18 10:38:37,0.356072
2024-07-18 10:38:38,0.281264
2024-07-18 10:38:39,0.384536
2024-07-18 10:38:40,0.335432
2024-07-18 10:38:41,0.24372
2024-07-18 10:38:42,0.254464
2024-07-18 10:38:43,0.140872
2024-07-18 10:38:44,0.099448
2024-07-18 10:38:45,0.126912
2024-07-18 10:38:46,0.04312
