time,mbps
2024-06-13 14:22:02,0.227016
2024-06-13 14:22:03,0.00908
2024-06-13 14:22:04,0.029408
2024-06-13 14:22:05,0.019232
2024-06-13 14:22:06,0.022904
2024-06-13 14:22:07,0.40228
2024-06-13 14:22:08,0.05092
2024-06-13 14:22:09,0.04448
2024-06-13 14:22:10,0.035616
2024-06-13 14:22:11,0.040984
2024-06-13 14:22:12,0.048048
2024-06-13 14:22:13,0.035832
2024-06-13 14:22:14,0.025688
2024-06-13 14:22:15,0.037752
2024-06-13 14:22:16,0.026656
2024-06-13 14:22:17,0.030728
2024-06-13 14:22:18,0.033248
2024-06-13 14:22:19,0.035736
2024-06-13 14:22:20,0.037672
2024-06-13 14:22:21,0.028384
2024-06-13 14:22:22,0.069064
2024-06-13 14:22:23,0.089152
2024-06-13 14:22:24,0.004312
2024-06-13 14:22:25,0.003464
2024-06-13 14:22:26,0.0056
2024-06-13 14:22:27,0.0082
2024-06-13 14:22:28,0.031192
2024-06-13 14:22:29,0.019536
2024-06-13 14:22:30,0.01836
2024-06-13 14:22:31,0.024152
2024-06-13 14:22:32,0.035928
2024-06-13 14:22:33,0.04252
2024-06-13 14:22:34,0.039904
2024-06-13 14:22:35,0.041384
2024-06-13 14:22:36,0.036096
2024-06-13 14:22:37,0.031216
2024-06-13 14:22:38,0.02244
2024-06-13 14:22:39,0.022392
2024-06-13 14:22:40,0.030008
2024-06-13 14:22:41,0.01656
2024-06-13 14:22:42,0.01832
2024-06-13 14:22:43,0.01388
2024-06-13 14:22:44,0.014704
2024-06-13 14:22:45,0.014648
2024-06-13 14:22:46,0.016472
2024-06-13 14:22:47,0.027
2024-06-13 14:22:48,0.028992
2024-06-13 14:22:49,0.031456
2024-06-13 14:22:50,0.034488
2024-06-13 14:22:51,0.031272
2024-06-13 14:22:52,0.0466
2024-06-13 14:22:53,0.046136
2024-06-13 14:22:54,0.03884
2024-06-13 14:22:55,0.037712
2024-06-13 14:22:56,0.028984
2024-06-13 14:22:57,0.038856
2024-06-13 14:22:58,0.027432
2024-06-13 14:22:59,0.037936
2024-06-13 14:23:00,0.027816
2024-06-13 14:23:01,0.154712
2024-06-13 14:23:02,0.039008
2024-06-13 14:23:03,0.070616
2024-06-13 14:23:04,0.042056
2024-06-13 14:23:05,0.032648
2024-06-13 14:23:06,0.043112
2024-06-13 14:23:07,0.088864
2024-06-13 14:23:08,0.023856
2024-06-13 14:23:09,0.01516
2024-06-13 14:23:10,0.058296
2024-06-13 14:23:11,0.063744
2024-06-13 14:23:12,0.055136
2024-06-13 14:23:13,0.06196
2024-06-13 14:23:14,0.069696
2024-06-13 14:23:15,0.069744
2024-06-13 14:23:16,0.072928
2024-06-13 14:23:17,0.09084
2024-06-13 14:23:18,0.097624
2024-06-13 14:23:19,0.090784
2024-06-13 14:23:20,0.170464
2024-06-13 14:23:21,0.066688
2024-06-13 14:23:22,0.088288
2024-06-13 14:23:23,0.088304
2024-06-13 14:23:24,0.08416
2024-06-13 14:23:25,0.06448
2024-06-13 14:23:26,0.057432
2024-06-13 14:23:27,0.060312
2024-06-13 14:23:28,0.071616
2024-06-13 14:23:29,0.034912
2024-06-13 14:23:30,0.172248
2024-06-13 14:23:31,0.025952
2024-06-13 14:23:32,0.018304
2024-06-13 14:23:33,0.007552
2024-06-13 14:23:34,0.012672
2024-06-13 14:23:35,0.007368
2024-06-13 14:23:36,0.007896
2024-06-13 14:23:37,0.023104
2024-06-13 14:23:38,0.042576
2024-06-13 14:23:39,0.027784
2024-06-13 14:23:40,0.009744
2024-06-13 14:23:41,0.024544
2024-06-13 14:23:42,0.015416
2024-06-13 14:23:43,0.007888
2024-06-13 14:23:44,0.017408
2024-06-13 14:23:45,0.021096
2024-06-13 14:23:46,0.007344
2024-06-13 14:23:47,0.01844
2024-06-13 14:23:48,0.0138
2024-06-13 14:23:49,0.019128
2024-06-13 14:23:50,0.030456
2024-06-13 14:23:51,0.0034
2024-06-13 14:23:52,0.007936
2024-06-13 14:23:53,0.023688
2024-06-13 14:23:54,0.030456
2024-06-13 14:23:55,0.01916
2024-06-13 14:23:56,0.035568
2024-06-13 14:23:57,0.020016
2024-06-13 14:23:58,0.053736
2024-06-13 14:23:59,0.016328
2024-06-13 14:24:00,0.124632
2024-06-13 14:24:01,0.070208
2024-06-13 14:24:02,0.03248
2024-06-13 14:24:03,0.069176
2024-06-13 14:24:04,0.072792
2024-06-13 14:24:05,0.070072
2024-06-13 14:24:06,0.074712
2024-06-13 14:24:07,0.108808
2024-06-13 14:24:08,0.08772
2024-06-13 14:24:09,0.116264
2024-06-13 14:24:10,0.122784
2024-06-13 14:24:11,0.196592
2024-06-13 14:24:12,0.129544
2024-06-13 14:24:13,0.110696
2024-06-13 14:24:14,0.050472
2024-06-13 14:24:15,0.071856
2024-06-13 14:24:16,0.082128
2024-06-13 14:24:17,0.108144
2024-06-13 14:24:18,0.180088
2024-06-13 14:24:19,0.0638
2024-06-13 14:24:20,0.065376
2024-06-13 14:24:21,0.04132
2024-06-13 14:24:22,0.074424
2024-06-13 14:24:23,0.034944
2024-06-13 14:24:24,0.048184
2024-06-13 14:24:25,0.021952
2024-06-13 14:24:26,0.069248
2024-06-13 14:24:27,0.037464
2024-06-13 14:24:28,0.037496
2024-06-13 14:24:29,0.028896
2024-06-13 14:24:30,0.027504
2024-06-13 14:24:31,0.038784
2024-06-13 14:24:32,0.03528
2024-06-13 14:24:33,0.031536
2024-06-13 14:24:34,0.0234
2024-06-13 14:24:35,0.017832
2024-06-13 14:24:36,0.017488
2024-06-13 14:24:37,0.027328
2024-06-13 14:24:38,0.13768
2024-06-13 14:24:39,0.023144
2024-06-13 14:24:40,0.020872
2024-06-13 14:24:41,0.078256
2024-06-13 14:24:42,0.055112
2024-06-13 14:24:43,0.095408
2024-06-13 14:24:44,0.106752
2024-06-13 14:24:45,0.149776
2024-06-13 14:24:46,0.14696
2024-06-13 14:24:47,0.147248
2024-06-13 14:24:48,0.199376
2024-06-13 14:24:49,0.172832
2024-06-13 14:24:50,0.139152
2024-06-13 14:24:51,0.120064
2024-06-13 14:24:52,0.077744
2024-06-13 14:24:53,0.15364
2024-06-13 14:24:54,0.081936
2024-06-13 14:24:55,0.08232
2024-06-13 14:24:56,0.019432
2024-06-13 14:24:57,0.010712
2024-06-13 14:24:58,0.024568
2024-06-13 14:24:59,0.069032
2024-06-13 14:25:00,0.10148
2024-06-13 14:25:01,0.070272
2024-06-13 14:25:02,0.057656
2024-06-13 14:25:03,0.066768
2024-06-13 14:25:04,0.064392
2024-06-13 14:25:05,0.051688
2024-06-13 14:25:06,0.065336
2024-06-13 14:25:07,0.068704
2024-06-13 14:25:08,0.060352
2024-06-13 14:25:09,0.064232
2024-06-13 14:25:10,0.04828
2024-06-13 14:25:11,0.038808
2024-06-13 14:25:12,0.069776
2024-06-13 14:25:13,0.04192
2024-06-13 14:25:14,0.073728
2024-06-13 14:25:15,0.045568
2024-06-13 14:25:16,0.032792
2024-06-13 14:25:17,0.04316
2024-06-13 14:25:18,0.021144
2024-06-13 14:25:19,0.047448
2024-06-13 14:25:20,0.028304
2024-06-13 14:25:21,0.028616
2024-06-13 14:25:22,0.035768
2024-06-13 14:25:23,0.023728
2024-06-13 14:25:24,0.032472
2024-06-13 14:25:25,0.024248
2024-06-13 14:25:26,0.053416
2024-06-13 14:25:27,0.050456
2024-06-13 14:25:28,0.057784
2024-06-13 14:25:29,0.019024
2024-06-13 14:25:30,0.043648
2024-06-13 14:25:31,0.0204
2024-06-13 14:25:32,0.029776
2024-06-13 14:25:33,0.024112
2024-06-13 14:25:34,0.027992
2024-06-13 14:25:35,0.032896
2024-06-13 14:25:36,0.029784
2024-06-13 14:25:37,0.021328
2024-06-13 14:25:38,0.022192
2024-06-13 14:25:39,0.040864
2024-06-13 14:25:40,0.016592
2024-06-13 14:25:41,0.024472
2024-06-13 14:25:42,0.016584
2024-06-13 14:25:43,0.022296
2024-06-13 14:25:44,0.123072
2024-06-13 14:25:45,0.101464
2024-06-13 14:25:46,0.023736
2024-06-13 14:25:47,0.050168
2024-06-13 14:25:48,0.038616
2024-06-13 14:25:49,0.024008
2024-06-13 14:25:50,0.106032
2024-06-13 14:25:51,0.08764
2024-06-13 14:25:52,0.092088
2024-06-13 14:25:53,0.114024
2024-06-13 14:25:54,0.11764
2024-06-13 14:25:55,0.132968
2024-06-13 14:25:56,0.173376
2024-06-13 14:25:57,0.19404
2024-06-13 14:25:58,0.16916
2024-06-13 14:25:59,0.151248
2024-06-13 14:26:00,0.163856
2024-06-13 14:26:01,0.13824
2024-06-13 14:26:02,0.128584
2024-06-13 14:26:03,0.121976
2024-06-13 14:26:04,0.125256
2024-06-13 14:26:05,0.13524
2024-06-13 14:26:06,0.132744
2024-06-13 14:26:07,0.108032
2024-06-13 14:26:08,0.135904
2024-06-13 14:26:09,0.097584
2024-06-13 14:26:10,0.08836
2024-06-13 14:26:11,0.05812
2024-06-13 14:26:12,0.046304
2024-06-13 14:26:13,0.064528
2024-06-13 14:26:14,0.027504
2024-06-13 14:26:15,0.036424
2024-06-13 14:26:16,0.019568
2024-06-13 14:26:17,0.038832
2024-06-13 14:26:18,0.21208
2024-06-13 14:26:19,0.031032
2024-06-13 14:26:20,0.042136
2024-06-13 14:26:21,0.029136
2024-06-13 14:26:22,0.025048
2024-06-13 14:26:23,0.044184
2024-06-13 14:26:24,0.03848
2024-06-13 14:26:25,0.0426
2024-06-13 14:26:26,0.03552
2024-06-13 14:26:27,0.035936
2024-06-13 14:26:28,0.030368
2024-06-13 14:26:29,0.033496
2024-06-13 14:26:30,0.014448
2024-06-13 14:26:31,0.019176
2024-06-13 14:26:32,0.022264
2024-06-13 14:26:33,0.029904
2024-06-13 14:26:34,0.031688
2024-06-13 14:26:35,0.039904
2024-06-13 14:26:36,0.052648
2024-06-13 14:26:37,0.03228
2024-06-13 14:26:38,0.085288
2024-06-13 14:26:39,0.039768
2024-06-13 14:26:40,0.034712
2024-06-13 14:26:41,0.06248
2024-06-13 14:26:42,0.03696
2024-06-13 14:26:43,0.024024
2024-06-13 14:26:44,0.0462
2024-06-13 14:26:45,0.045088
2024-06-13 14:26:46,0.019856
2024-06-13 14:26:47,0.043592
2024-06-13 14:26:48,0.033864
2024-06-13 14:26:49,0.028024
2024-06-13 14:26:50,0.03968
2024-06-13 14:26:51,0.018096
2024-06-13 14:26:52,0.043792
2024-06-13 14:26:53,0.026752
2024-06-13 14:26:54,0.029008
2024-06-13 14:26:55,0.02884
2024-06-13 14:26:56,0.029616
2024-06-13 14:26:57,0.017272
2024-06-13 14:26:58,0.037152
2024-06-13 14:26:59,0.041984
2024-06-13 14:27:00,0.043256
2024-06-13 14:27:01,0.023376
2024-06-13 14:27:02,0.028528
2024-06-13 14:27:03,0.028712
2024-06-13 14:27:04,0.02644
2024-06-13 14:27:05,0.029448
2024-06-13 14:27:06,0.023608
2024-06-13 14:27:07,0.022488
2024-06-13 14:27:08,0.11236
2024-06-13 14:27:09,0.099024
2024-06-13 14:27:10,0.046072
2024-06-13 14:27:11,0.041872
2024-06-13 14:27:12,0.060976
2024-06-13 14:27:13,0.04416
2024-06-13 14:27:14,0.084352
2024-06-13 14:27:15,0.094952
2024-06-13 14:27:16,0.094248
2024-06-13 14:27:17,0.110848
2024-06-13 14:27:18,0.13456
2024-06-13 14:27:19,0.176208
2024-06-13 14:27:20,0.149136
2024-06-13 14:27:21,0.168488
2024-06-13 14:27:22,0.16296
2024-06-13 14:27:23,0.17044
2024-06-13 14:27:24,0.162536
2024-06-13 14:27:25,0.146552
2024-06-13 14:27:26,0.12044
2024-06-13 14:27:27,0.112672
2024-06-13 14:27:28,0.141928
2024-06-13 14:27:29,0.132544
2024-06-13 14:27:30,0.124248
2024-06-13 14:27:31,0.1476
2024-06-13 14:27:32,0.14472
2024-06-13 14:27:33,0.12472
2024-06-13 14:27:34,0.120856
2024-06-13 14:27:35,0.093024
2024-06-13 14:27:36,0.105024
2024-06-13 14:27:37,0.072304
2024-06-13 14:27:38,0.074832
2024-06-13 14:27:39,0.078872
2024-06-13 14:27:40,0.059224
2024-06-13 14:27:41,0.059328
2024-06-13 14:27:42,0.059648
2024-06-13 14:27:43,0.019032
2024-06-13 14:27:44,0.047136
2024-06-13 14:27:45,0.038912
2024-06-13 14:27:46,0.21176
2024-06-13 14:27:47,0.031208
2024-06-13 14:27:48,0.163008
2024-06-13 14:27:49,0.054856
2024-06-13 14:27:50,0.03124
2024-06-13 14:27:51,0.032712
2024-06-13 14:27:52,0.015784
2024-06-13 14:27:53,0.013096
2024-06-13 14:27:54,0.011784
2024-06-13 14:27:55,0.028272
2024-06-13 14:27:56,0.014024
2024-06-13 14:27:57,0.028624
2024-06-13 14:27:58,0.010712
2024-06-13 14:27:59,0.022744
2024-06-13 14:28:00,0.01844
2024-06-13 14:28:01,0.02708
2024-06-13 14:28:02,0.049584
2024-06-13 14:28:03,0.038872
2024-06-13 14:28:04,0.034328
2024-06-13 14:28:05,0.029856
2024-06-13 14:28:06,0.028584
2024-06-13 14:28:07,0.01908
2024-06-13 14:28:08,0.03696
2024-06-13 14:28:09,0.024912
2024-06-13 14:28:10,0.021632
2024-06-13 14:28:11,0.03908
2024-06-13 14:28:12,0.06048
2024-06-13 14:28:13,0.026584
2024-06-13 14:28:14,0.029008
2024-06-13 14:28:15,0.031704
2024-06-13 14:28:16,0.038656
2024-06-13 14:28:17,0.018624
2024-06-13 14:28:18,0.105136
2024-06-13 14:28:19,0.105352
2024-06-13 14:28:20,0.052168
2024-06-13 14:28:21,0.033928
2024-06-13 14:28:22,0.063128
2024-06-13 14:28:23,0.029528
2024-06-13 14:28:24,0.088032
2024-06-13 14:28:25,0.143568
2024-06-13 14:28:26,0.172976
2024-06-13 14:28:27,0.1848
2024-06-13 14:28:28,0.208304
2024-06-13 14:28:29,0.141656
2024-06-13 14:28:30,0.157552
2024-06-13 14:28:31,0.180488
2024-06-13 14:28:32,0.201856
2024-06-13 14:28:33,0.16876
2024-06-13 14:28:34,0.164176
2024-06-13 14:28:35,0.139464
2024-06-13 14:28:36,0.157224
2024-06-13 14:28:37,0.140368
2024-06-13 14:28:38,0.15296
2024-06-13 14:28:39,0.161184
2024-06-13 14:28:40,0.148672
2024-06-13 14:28:41,0.17164
2024-06-13 14:28:42,0.125384
2024-06-13 14:28:43,0.134552
2024-06-13 14:28:44,0.118768
2024-06-13 14:28:45,0.155088
2024-06-13 14:28:46,0.08568
2024-06-13 14:28:47,0.0802
2024-06-13 14:28:48,0.060648
2024-06-13 14:28:49,0.063904
2024-06-13 14:28:50,0.01988
2024-06-13 14:28:51,0.033168
2024-06-13 14:28:52,0.0192
2024-06-13 14:28:53,0.216744
2024-06-13 14:28:54,0.036528
2024-06-13 14:28:55,0.077984
2024-06-13 14:28:56,0.051608
2024-06-13 14:28:57,0.03984
2024-06-13 14:28:58,0.03688
2024-06-13 14:28:59,0.037056
2024-06-13 14:29:00,0.025784
2024-06-13 14:29:01,0.038896
2024-06-13 14:29:02,0.047072
2024-06-13 14:29:03,0.049664
2024-06-13 14:29:04,0.04308
2024-06-13 14:29:05,0.046056
2024-06-13 14:29:06,0.0486
2024-06-13 14:29:07,0.058752
2024-06-13 14:29:08,0.056792
2024-06-13 14:29:09,0.055896
2024-06-13 14:29:10,0.068432
2024-06-13 14:29:11,0.061008
2024-06-13 14:29:12,0.0618
2024-06-13 14:29:13,0.06628
2024-06-13 14:29:14,0.056784
2024-06-13 14:29:15,0.053984
2024-06-13 14:29:16,0.057768
2024-06-13 14:29:17,0.056144
2024-06-13 14:29:18,0.056544
2024-06-13 14:29:19,0.063288
2024-06-13 14:29:20,0.059048
2024-06-13 14:29:21,0.067984
2024-06-13 14:29:22,0.071856
2024-06-13 14:29:23,0.071648
2024-06-13 14:29:24,0.060632
2024-06-13 14:29:25,0.068088
2024-06-13 14:29:26,0.05952
2024-06-13 14:29:27,0.056808
2024-06-13 14:29:28,0.094712
2024-06-13 14:29:29,0.02944
2024-06-13 14:29:30,0.1398
2024-06-13 14:29:31,0.068192
2024-06-13 14:29:32,0.041032
2024-06-13 14:29:33,0.023776
2024-06-13 14:29:34,0.020744
2024-06-13 14:29:35,0.016552
2024-06-13 14:29:36,0.0142
2024-06-13 14:29:37,0.016168
2024-06-13 14:29:38,0.016816
2024-06-13 14:29:39,0.031208
2024-06-13 14:29:40,0.013096
2024-06-13 14:29:41,0.010688
2024-06-13 14:29:42,0.015368
2024-06-13 14:29:43,0.010712
2024-06-13 14:29:44,0.020808
2024-06-13 14:29:45,0.011968
2024-06-13 14:29:46,0.016232
2024-06-13 14:29:47,0.030888
2024-06-13 14:29:48,0.010712
2024-06-13 14:29:49,0.019928
2024-06-13 14:29:50,0.01108
2024-06-13 14:29:51,0.026816
2024-06-13 14:29:52,0.039344
2024-06-13 14:29:53,0.022184
2024-06-13 14:29:54,0.021656
2024-06-13 14:29:55,0.014168
2024-06-13 14:29:56,0.038976
2024-06-13 14:29:57,0.047136
2024-06-13 14:29:58,0.031848
2024-06-13 14:29:59,0.027632
2024-06-13 14:30:00,0.05548
2024-06-13 14:30:01,0.032896
2024-06-13 14:30:02,0.036536
2024-06-13 14:30:03,0.017168
2024-06-13 14:30:04,0.04332
2024-06-13 14:30:05,0.026128
2024-06-13 14:30:06,0.02436
2024-06-13 14:30:07,0.033824
2024-06-13 14:30:08,0.024704
2024-06-13 14:30:09,0.013496
2024-06-13 14:30:10,0.129104
2024-06-13 14:30:11,0.118976
2024-06-13 14:30:12,0.030992
2024-06-13 14:30:13,0.0544
2024-06-13 14:30:14,0.049416
2024-06-13 14:30:15,0.033664
2024-06-13 14:30:16,0.126864
2024-06-13 14:30:17,0.114832
2024-06-13 14:30:18,0.1242
2024-06-13 14:30:19,0.1546
2024-06-13 14:30:20,0.148064
2024-06-13 14:30:21,0.188032
2024-06-13 14:30:22,0.138992
2024-06-13 14:30:23,0.221256
2024-06-13 14:30:24,0.195936
2024-06-13 14:30:25,0.20016
2024-06-13 14:30:26,0.206688
2024-06-13 14:30:27,0.120464
2024-06-13 14:30:28,0.125768
2024-06-13 14:30:29,0.149656
2024-06-13 14:30:30,0.15096
2024-06-13 14:30:31,0.132568
2024-06-13 14:30:32,0.155352
2024-06-13 14:30:33,0.123872
2024-06-13 14:30:34,0.120968
2024-06-13 14:30:35,0.118152
2024-06-13 14:30:36,0.113288
2024-06-13 14:30:37,0.107888
2024-06-13 14:30:38,0.087416
2024-06-13 14:30:39,0.056984
2024-06-13 14:30:40,0.045328
2024-06-13 14:30:41,0.088304
2024-06-13 14:30:42,0.042056
2024-06-13 14:30:43,0.035168
2024-06-13 14:30:44,0.023216
2024-06-13 14:30:45,0.049032
2024-06-13 14:30:46,0.234136
2024-06-13 14:30:47,0.051072
2024-06-13 14:30:48,0.230088
2024-06-13 14:30:49,0.0654
2024-06-13 14:30:50,0.040128
2024-06-13 14:30:51,0.06092
2024-06-13 14:30:52,0.058304
2024-06-13 14:30:53,0.036528
2024-06-13 14:30:54,0.048864
2024-06-13 14:30:55,0.042488
2024-06-13 14:30:56,0.037336
2024-06-13 14:30:57,0.051376
2024-06-13 14:30:58,0.045984
2024-06-13 14:30:59,0.031016
2024-06-13 14:31:00,0.019152
2024-06-13 14:31:01,0.020616
2024-06-13 14:31:02,0.018264
2024-06-13 14:31:03,0.0366
2024-06-13 14:31:04,0.0486
2024-06-13 14:31:05,0.041064
2024-06-13 14:31:06,0.039656
2024-06-13 14:31:07,0.033728
2024-06-13 14:31:08,0.023416
2024-06-13 14:31:09,0.032512
2024-06-13 14:31:10,0.041096
2024-06-13 14:31:11,0.054824
2024-06-13 14:31:12,0.034856
2024-06-13 14:31:13,0.03152
2024-06-13 14:31:14,0.032744
2024-06-13 14:31:15,0.028328
2024-06-13 14:31:16,0.020896
2024-06-13 14:31:17,0.020256
2024-06-13 14:31:18,0.125328
2024-06-13 14:31:19,0.124992
2024-06-13 14:31:20,0.042528
2024-06-13 14:31:21,0.050888
2024-06-13 14:31:22,0.057752
2024-06-13 14:31:23,0.0318
2024-06-13 14:31:24,0.122888
2024-06-13 14:31:25,0.131464
2024-06-13 14:31:26,0.153872
2024-06-13 14:31:27,0.194544
2024-06-13 14:31:28,0.180384
2024-06-13 14:31:29,0.186376
2024-06-13 14:31:30,0.234976
2024-06-13 14:31:31,0.212416
2024-06-13 14:31:32,0.23672
2024-06-13 14:31:33,0.199912
2024-06-13 14:31:34,0.180968
2024-06-13 14:31:35,0.188488
2024-06-13 14:31:36,0.139352
2024-06-13 14:31:37,0.178224
2024-06-13 14:31:38,0.168512
2024-06-13 14:31:39,0.130464
2024-06-13 14:31:40,0.141696
2024-06-13 14:31:41,0.242992
2024-06-13 14:31:42,0.156264
2024-06-13 14:31:43,0.150792
2024-06-13 14:31:44,0.118344
2024-06-13 14:31:45,0.1478
2024-06-13 14:31:46,0.199064
2024-06-13 14:31:47,0.10124
2024-06-13 14:31:48,0.053608
2024-06-13 14:31:49,0.046184
2024-06-13 14:31:50,0.050328
2024-06-13 14:31:51,0.05072
2024-06-13 14:31:52,0.04584
2024-06-13 14:31:53,0.033064
2024-06-13 14:31:54,0.029856
2024-06-13 14:31:55,0.044792
2024-06-13 14:31:56,0.018776
2024-06-13 14:31:57,0.072656
2024-06-13 14:31:58,0.235544
2024-06-13 14:31:59,0.029864
2024-06-13 14:32:00,0.341648
2024-06-13 14:32:01,0.043048
2024-06-13 14:32:02,0.047496
2024-06-13 14:32:03,0.048656
2024-06-13 14:32:04,0.073632
2024-06-13 14:32:05,0.04588
2024-06-13 14:32:06,0.046544
2024-06-13 14:32:07,0.047832
2024-06-13 14:32:08,0.033488
2024-06-13 14:32:09,0.025256
2024-06-13 14:32:10,0.020208
2024-06-13 14:32:11,0.052472
2024-06-13 14:32:12,0.045288
2024-06-13 14:32:13,0.04508
2024-06-13 14:32:14,0.036376
2024-06-13 14:32:15,0.02052
2024-06-13 14:32:16,0.026032
2024-06-13 14:32:17,0.023376
2024-06-13 14:32:18,0.01408
2024-06-13 14:32:19,0.011352
2024-06-13 14:32:20,0.113512
2024-06-13 14:32:21,0.018712
2024-06-13 14:32:22,0.031272
2024-06-13 14:32:23,0.138064
2024-06-13 14:32:24,0.09556
2024-06-13 14:32:25,0.136856
2024-06-13 14:32:26,0.160744
2024-06-13 14:32:27,0.201336
2024-06-13 14:32:28,0.176224
2024-06-13 14:32:29,0.211784
2024-06-13 14:32:30,0.196544
2024-06-13 14:32:31,0.284744
2024-06-13 14:32:32,0.291864
2024-06-13 14:32:33,0.27956
2024-06-13 14:32:34,0.21404
2024-06-13 14:32:35,0.204032
2024-06-13 14:32:36,0.1652
2024-06-13 14:32:37,0.10408
2024-06-13 14:32:38,0.092544
2024-06-13 14:32:39,0.255712
2024-06-13 14:32:40,0.206168
2024-06-13 14:32:41,0.177008
2024-06-13 14:32:42,0.07296
2024-06-13 14:32:43,0.064352
2024-06-13 14:32:44,0.062304
2024-06-13 14:32:45,0.070824
2024-06-13 14:32:46,0.035408
2024-06-13 14:32:47,0.057064
2024-06-13 14:32:48,0.04632
2024-06-13 14:32:49,0.025312
2024-06-13 14:32:50,0.024768
2024-06-13 14:32:51,0.020968
2024-06-13 14:32:52,0.032144
2024-06-13 14:32:53,0.040176
2024-06-13 14:32:54,0.05984
2024-06-13 14:32:55,0.031512
2024-06-13 14:32:56,0.035776
2024-06-13 14:32:57,0.028896
2024-06-13 14:32:58,0.013208
2024-06-13 14:32:59,0.019288
2024-06-13 14:33:00,0.0214
2024-06-13 14:33:01,0.01256
2024-06-13 14:33:02,0.018312
2024-06-13 14:33:03,0.04592
2024-06-13 14:33:04,0.019656
2024-06-13 14:33:05,0.02112
2024-06-13 14:33:06,0.014776
2024-06-13 14:33:07,0.025016
2024-06-13 14:33:08,0.0208
2024-06-13 14:33:09,0.021552
2024-06-13 14:33:10,0.15112
2024-06-13 14:33:11,0.150616
2024-06-13 14:33:12,0.0436
2024-06-13 14:33:13,0.058608
2024-06-13 14:33:14,0.04656
2024-06-13 14:33:15,0.05572
2024-06-13 14:33:16,0.141472
2024-06-13 14:33:17,0.17348
2024-06-13 14:33:18,0.206352
2024-06-13 14:33:19,0.287168
2024-06-13 14:33:20,0.334312
2024-06-13 14:33:21,0.225928
2024-06-13 14:33:22,0.227272
2024-06-13 14:33:23,0.268184
2024-06-13 14:33:24,0.310456
2024-06-13 14:33:25,0.212024
2024-06-13 14:33:26,0.270016
2024-06-13 14:33:27,0.202672
2024-06-13 14:33:28,0.177168
2024-06-13 14:33:29,0.18816
2024-06-13 14:33:30,0.215488
2024-06-13 14:33:31,0.209944
2024-06-13 14:33:32,0.256192
2024-06-13 14:33:33,0.187744
2024-06-13 14:33:34,0.175816
2024-06-13 14:33:35,0.20344
2024-06-13 14:33:36,0.159048
2024-06-13 14:33:37,0.096552
2024-06-13 14:33:38,0.06904
2024-06-13 14:33:39,0.052432
2024-06-13 14:33:40,0.0456
2024-06-13 14:33:41,0.058016
2024-06-13 14:33:42,0.06516
2024-06-13 14:33:43,0.034248
2024-06-13 14:33:44,0.048096
2024-06-13 14:33:45,0.057592
2024-06-13 14:33:46,0.266152
2024-06-13 14:33:47,0.039728
2024-06-13 14:33:48,0.241216
2024-06-13 14:33:49,0.040952
2024-06-13 14:33:50,0.033472
2024-06-13 14:33:51,0.018632
2024-06-13 14:33:52,0.014888
2024-06-13 14:33:53,0.013912
2024-06-13 14:33:54,0.014848
2024-06-13 14:33:55,0.016624
2024-06-13 14:33:56,0.025848
2024-06-13 14:33:57,0.063392
2024-06-13 14:33:58,0.051192
2024-06-13 14:33:59,0.091632
2024-06-13 14:34:00,0.05372
2024-06-13 14:34:01,0.060944
2024-06-13 14:34:02,0.06536
2024-06-13 14:34:03,0.063256
2024-06-13 14:34:04,0.062016
2024-06-13 14:34:05,0.059848
2024-06-13 14:34:06,0.024176
2024-06-13 14:34:07,0.028848
2024-06-13 14:34:08,0.02992
2024-06-13 14:34:09,0.047464
2024-06-13 14:34:10,0.029416
2024-06-13 14:34:11,0.04468
2024-06-13 14:34:12,0.081392
2024-06-13 14:34:13,0.059376
2024-06-13 14:34:14,0.052504
2024-06-13 14:34:15,0.037184
2024-06-13 14:34:16,0.050568
2024-06-13 14:34:17,0.035152
2024-06-13 14:34:18,0.069088
2024-06-13 14:34:19,0.029408
2024-06-13 14:34:20,0.052864
2024-06-13 14:34:21,0.03872
2024-06-13 14:34:22,0.051512
2024-06-13 14:34:23,0.0542
2024-06-13 14:34:24,0.030296
2024-06-13 14:34:25,0.025456
2024-06-13 14:34:26,0.016464
2024-06-13 14:34:27,0.027008
2024-06-13 14:34:28,0.029816
2024-06-13 14:34:29,0.0388
2024-06-13 14:34:30,0.027232
2024-06-13 14:34:31,0.037952
2024-06-13 14:34:32,0.039152
2024-06-13 14:34:33,0.052208
2024-06-13 14:34:34,0.038544
2024-06-13 14:34:35,0.037992
2024-06-13 14:34:36,0.067592
2024-06-13 14:34:37,0.040432
2024-06-13 14:34:38,0.154096
2024-06-13 14:34:39,0.148544
2024-06-13 14:34:40,0.03484
2024-06-13 14:34:41,0.072664
2024-06-13 14:34:42,0.045736
2024-06-13 14:34:43,0.03
2024-06-13 14:34:44,0.1524
2024-06-13 14:34:45,0.126896
2024-06-13 14:34:46,0.157936
2024-06-13 14:34:47,0.21852
2024-06-13 14:34:48,0.239112
2024-06-13 14:34:49,0.27136
2024-06-13 14:34:50,0.298312
2024-06-13 14:34:51,0.271
2024-06-13 14:34:52,0.251008
2024-06-13 14:34:53,0.2694
2024-06-13 14:34:54,0.279176
2024-06-13 14:34:55,0.240392
2024-06-13 14:34:56,0.171872
2024-06-13 14:34:57,0.168576
2024-06-13 14:34:58,0.230576
2024-06-13 14:34:59,0.273912
2024-06-13 14:35:00,0.159872
2024-06-13 14:35:01,0.2092
2024-06-13 14:35:02,0.10476
2024-06-13 14:35:03,0.124568
2024-06-13 14:35:04,0.077064
2024-06-13 14:35:05,0.069024
2024-06-13 14:35:06,0.01676
2024-06-13 14:35:07,0.052664
2024-06-13 14:35:08,0.073848
2024-06-13 14:35:09,0.272392
2024-06-13 14:35:10,0.035792
2024-06-13 14:35:11,0.25244
2024-06-13 14:35:12,0.073192
2024-06-13 14:35:13,0.04852
2024-06-13 14:35:14,0.057944
2024-06-13 14:35:15,0.025152
2024-06-13 14:35:16,0.032632
2024-06-13 14:35:17,0.018712
2024-06-13 14:35:18,0.027896
2024-06-13 14:35:19,0.051104
2024-06-13 14:35:20,0.035328
2024-06-13 14:35:21,0.050056
2024-06-13 14:35:22,0.05648
2024-06-13 14:35:23,0.040384
2024-06-13 14:35:24,0.04032
2024-06-13 14:35:25,0.032224
2024-06-13 14:35:26,0.023872
2024-06-13 14:35:27,0.049584
2024-06-13 14:35:28,0.017648
2024-06-13 14:35:29,0.01692
2024-06-13 14:35:30,0.016968
2024-06-13 14:35:31,0.013096
2024-06-13 14:35:32,0.021768
2024-06-13 14:35:33,0.021512
2024-06-13 14:35:34,0.022792
2024-06-13 14:35:35,0.021672
2024-06-13 14:35:36,0.023336
2024-06-13 14:35:37,0.017112
2024-06-13 14:35:38,0.012944
2024-06-13 14:35:39,0.015264
2024-06-13 14:35:40,0.024872
2024-06-13 14:35:41,0.140208
2024-06-13 14:35:42,0.144328
2024-06-13 14:35:43,0.023208
2024-06-13 14:35:44,0.064232
2024-06-13 14:35:45,0.0454
2024-06-13 14:35:46,0.023624
2024-06-13 14:35:47,0.146376
2024-06-13 14:35:48,0.123936
2024-06-13 14:35:49,0.154208
2024-06-13 14:35:50,0.250048
2024-06-13 14:35:51,0.250544
2024-06-13 14:35:52,0.258552
2024-06-13 14:35:53,0.366288
2024-06-13 14:35:54,0.315192
2024-06-13 14:35:55,0.3532
2024-06-13 14:35:56,0.319368
2024-06-13 14:35:57,0.248976
2024-06-13 14:35:58,0.27188
2024-06-13 14:35:59,0.2236
2024-06-13 14:36:00,0.241248
2024-06-13 14:36:01,0.2998
2024-06-13 14:36:02,0.23372
2024-06-13 14:36:03,0.180544
2024-06-13 14:36:04,0.184696
2024-06-13 14:36:05,0.169752
2024-06-13 14:36:06,0.156536
2024-06-13 14:36:07,0.14608
2024-06-13 14:36:08,0.169392
2024-06-13 14:36:09,0.086472
2024-06-13 14:36:10,0.079296
2024-06-13 14:36:11,0.050232
2024-06-13 14:36:12,0.062136
2024-06-13 14:36:13,0.090624
2024-06-13 14:36:14,0.041168
2024-06-13 14:36:15,0.03504
2024-06-13 14:36:16,0.071944
2024-06-13 14:36:17,0.287736
2024-06-13 14:36:18,0.041368
2024-06-13 14:36:19,0.091704
2024-06-13 14:36:20,0.049248
2024-06-13 14:36:21,0.044304
2024-06-13 14:36:22,0.046256
2024-06-13 14:36:23,0.04848
2024-06-13 14:36:24,0.037584
2024-06-13 14:36:25,0.064024
2024-06-13 14:36:26,0.056448
2024-06-13 14:36:27,0.054352
2024-06-13 14:36:28,0.05004
2024-06-13 14:36:29,0.045608
2024-06-13 14:36:30,0.049976
2024-06-13 14:36:31,0.062696
2024-06-13 14:36:32,0.066616
2024-06-13 14:36:33,0.063064
2024-06-13 14:36:34,0.065232
2024-06-13 14:36:35,0.062272
2024-06-13 14:36:36,0.075824
2024-06-13 14:36:37,0.062288
2024-06-13 14:36:38,0.057632
2024-06-13 14:36:39,0.060184
2024-06-13 14:36:40,0.06492
2024-06-13 14:36:41,0.05992
2024-06-13 14:36:42,0.045936
2024-06-13 14:36:43,0.05824
2024-06-13 14:36:44,0.056712
2024-06-13 14:36:45,0.059344
2024-06-13 14:36:46,0.042952
2024-06-13 14:36:47,0.041672
2024-06-13 14:36:48,0.05584
2024-06-13 14:36:49,0.036032
2024-06-13 14:36:50,0.036368
2024-06-13 14:36:51,0.041064
2024-06-13 14:36:52,0.080384
2024-06-13 14:36:53,0.037232
2024-06-13 14:36:54,0.172176
2024-06-13 14:36:55,0.05052
2024-06-13 14:36:56,0.05168
2024-06-13 14:36:57,0.028544
2024-06-13 14:36:58,0.01432
2024-06-13 14:36:59,0.02276
2024-06-13 14:37:00,0.017976
2024-06-13 14:37:01,0.010712
2024-06-13 14:37:02,0.01432
2024-06-13 14:37:03,0.034936
2024-06-13 14:37:04,0.030368
2024-06-13 14:37:05,0.02108
2024-06-13 14:37:06,0.02148
2024-06-13 14:37:07,0.024152
2024-06-13 14:37:08,0.022344
2024-06-13 14:37:09,0.0226
2024-06-13 14:37:10,0.040872
2024-06-13 14:37:11,0.026152
2024-06-13 14:37:12,0.02096
2024-06-13 14:37:13,0.025096
2024-06-13 14:37:14,0.026696
2024-06-13 14:37:15,0.037864
2024-06-13 14:37:16,0.020088
2024-06-13 14:37:17,0.0296
2024-06-13 14:37:18,0.039824
2024-06-13 14:37:19,0.040032
2024-06-13 14:37:20,0.044216
2024-06-13 14:37:21,0.015896
2024-06-13 14:37:22,0.048128
2024-06-13 14:37:23,0.0406
2024-06-13 14:37:24,0.023424
2024-06-13 14:37:25,0.019904
2024-06-13 14:37:26,0.022328
2024-06-13 14:37:27,0.035672
2024-06-13 14:37:28,0.033856
2024-06-13 14:37:29,0.015008
2024-06-13 14:37:30,0.019224
2024-06-13 14:37:31,0.025616
2024-06-13 14:37:32,0.056432
2024-06-13 14:37:33,0.019048
2024-06-13 14:37:34,0.151888
2024-06-13 14:37:35,0.169256
2024-06-13 14:37:36,0.023576
2024-06-13 14:37:37,0.06332
2024-06-13 14:37:38,0.053968
2024-06-13 14:37:39,0.032464
2024-06-13 14:37:40,0.16284
2024-06-13 14:37:41,0.12676
2024-06-13 14:37:42,0.142032
2024-06-13 14:37:43,0.2244
2024-06-13 14:37:44,0.238736
2024-06-13 14:37:45,0.279064
2024-06-13 14:37:46,0.346176
2024-06-13 14:37:47,0.37508
2024-06-13 14:37:48,0.348136
2024-06-13 14:37:49,0.379944
2024-06-13 14:37:50,0.292912
2024-06-13 14:37:51,0.206896
2024-06-13 14:37:52,0.285888
2024-06-13 14:37:53,0.374056
2024-06-13 14:37:54,0.259672
2024-06-13 14:37:55,0.24524
2024-06-13 14:37:56,0.21568
2024-06-13 14:37:57,0.194536
2024-06-13 14:37:58,0.123952
2024-06-13 14:37:59,0.1084
2024-06-13 14:38:00,0.06396
2024-06-13 14:38:01,0.06512
2024-06-13 14:38:02,0.078024
2024-06-13 14:38:03,0.048968
2024-06-13 14:38:04,0.085296
2024-06-13 14:38:05,0.27624
2024-06-13 14:38:06,0.072312
2024-06-13 14:38:07,0.203752
2024-06-13 14:38:08,0.084888
2024-06-13 14:38:09,0.051072
2024-06-13 14:38:10,0.057936
2024-06-13 14:38:11,0.03216
2024-06-13 14:38:12,0.045104
2024-06-13 14:38:13,0.034472
2024-06-13 14:38:14,0.041296
2024-06-13 14:38:15,0.019312
2024-06-13 14:38:16,0.021024
2024-06-13 14:38:17,0.035712
2024-06-13 14:38:18,0.027536
2024-06-13 14:38:19,0.035568
2024-06-13 14:38:20,0.047656
2024-06-13 14:38:21,0.031184
2024-06-13 14:38:22,0.060776
2024-06-13 14:38:23,0.059392
2024-06-13 14:38:24,0.03392
2024-06-13 14:38:25,0.027544
2024-06-13 14:38:26,0.04208
2024-06-13 14:38:27,0.028704
2024-06-13 14:38:28,0.013096
2024-06-13 14:38:29,0.017656
2024-06-13 14:38:30,0.013096
2024-06-13 14:38:31,0.022032
2024-06-13 14:38:32,0.027112
2024-06-13 14:38:33,0.014648
2024-06-13 14:38:34,0.024144
2024-06-13 14:38:35,0.01796
2024-06-13 14:38:36,0.010864
2024-06-13 14:38:37,0.07588
2024-06-13 14:38:38,0.191528
2024-06-13 14:38:39,0.092976
2024-06-13 14:38:40,0.045752
2024-06-13 14:38:41,0.052792
2024-06-13 14:38:42,0.046768
2024-06-13 14:38:43,0.101088
2024-06-13 14:38:44,0.180208
2024-06-13 14:38:45,0.175944
2024-06-13 14:38:46,0.278056
2024-06-13 14:38:47,0.240984
2024-06-13 14:38:48,0.317696
2024-06-13 14:38:49,0.297128
2024-06-13 14:38:50,0.384512
2024-06-13 14:38:51,0.354024
2024-06-13 14:38:52,0.3654
2024-06-13 14:38:53,0.36428
2024-06-13 14:38:54,0.325944
2024-06-13 14:38:55,0.354616
2024-06-13 14:38:56,0.3166
2024-06-13 14:38:57,0.376232
2024-06-13 14:38:58,0.308584
2024-06-13 14:38:59,0.203952
2024-06-13 14:39:00,0.081616
2024-06-13 14:39:01,0.072328
2024-06-13 14:39:02,0.052064
2024-06-13 14:39:03,0.066792
2024-06-13 14:39:04,0.038528
2024-06-13 14:39:05,0.073608
2024-06-13 14:39:06,0.287944
2024-06-13 14:39:07,0.04472
2024-06-13 14:39:08,0.325408
2024-06-13 14:39:09,0.114064
2024-06-13 14:39:10,0.106368
2024-06-13 14:39:11,0.073576
2024-06-13 14:39:12,0.02852
2024-06-13 14:39:13,0.04748
2024-06-13 14:39:14,0.062248
2024-06-13 14:39:15,0.041656
2024-06-13 14:39:16,0.025688
2024-06-13 14:39:17,0.036936
2024-06-13 14:39:18,0.023312
2024-06-13 14:39:19,0.04452
2024-06-13 14:39:20,0.024736
2024-06-13 14:39:21,0.029632
2024-06-13 14:39:22,0.038664
2024-06-13 14:39:23,0.030064
2024-06-13 14:39:24,0.031576
2024-06-13 14:39:25,0.029088
2024-06-13 14:39:26,0.013584
2024-06-13 14:39:27,0.010712
2024-06-13 14:39:28,0.155336
2024-06-13 14:39:29,0.029696
2024-06-13 14:39:30,0.024696
2024-06-13 14:39:31,0.109256
2024-06-13 14:39:32,0.14308
2024-06-13 14:39:33,0.190456
2024-06-13 14:39:34,0.18392
2024-06-13 14:39:35,0.249128
2024-06-13 14:39:36,0.312768
2024-06-13 14:39:37,0.317096
2024-06-13 14:39:38,0.493088
2024-06-13 14:39:39,0.337776
2024-06-13 14:39:40,0.316744
2024-06-13 14:39:41,0.271248
2024-06-13 14:39:42,0.183408
2024-06-13 14:39:43,0.151192
2024-06-13 14:39:44,0.357584
2024-06-13 14:39:45,0.354256
2024-06-13 14:39:46,0.121984
2024-06-13 14:39:47,0.079352
2024-06-13 14:39:48,0.067456
2024-06-13 14:39:49,0.021432
2024-06-13 14:39:50,0.047456
2024-06-13 14:39:51,0.03328
2024-06-13 14:39:52,0.0964
2024-06-13 14:39:53,0.06244
2024-06-13 14:39:54,0.0618
2024-06-13 14:39:55,0.06312
2024-06-13 14:39:56,0.0774
2024-06-13 14:39:57,0.051112
2024-06-13 14:39:58,0.059152
2024-06-13 14:39:59,0.050024
2024-06-13 14:40:00,0.035376
2024-06-13 14:40:01,0.0572
2024-06-13 14:40:02,0.084344
2024-06-13 14:40:03,0.021552
2024-06-13 14:40:04,0.048136
2024-06-13 14:40:05,0.027152
2024-06-13 14:40:06,0.03744
2024-06-13 14:40:07,0.031984
2024-06-13 14:40:08,0.046832
2024-06-13 14:40:09,0.043248
2024-06-13 14:40:10,0.026784
2024-06-13 14:40:11,0.043088
2024-06-13 14:40:12,0.0606
2024-06-13 14:40:13,0.039312
2024-06-13 14:40:14,0.057328
2024-06-13 14:40:15,0.205984
2024-06-13 14:40:16,0.199144
2024-06-13 14:40:17,0.0344
2024-06-13 14:40:18,0.06748
2024-06-13 14:40:19,0.072752
2024-06-13 14:40:20,0.049128
2024-06-13 14:40:21,0.218992
2024-06-13 14:40:22,0.237384
2024-06-13 14:40:23,0.360472
2024-06-13 14:40:24,0.405928
2024-06-13 14:40:25,0.380648
2024-06-13 14:40:26,0.417264
2024-06-13 14:40:27,0.523416
2024-06-13 14:40:28,0.462552
2024-06-13 14:40:29,0.444248
2024-06-13 14:40:30,0.427432
2024-06-13 14:40:31,0.40648
2024-06-13 14:40:32,0.30984
2024-06-13 14:40:33,0.43928
2024-06-13 14:40:34,0.34412
2024-06-13 14:40:35,0.288616
2024-06-13 14:40:36,0.211272
2024-06-13 14:40:37,0.247
2024-06-13 14:40:38,0.193416
2024-06-13 14:40:39,0.179792
2024-06-13 14:40:40,0.130536
2024-06-13 14:40:41,0.083072
2024-06-13 14:40:42,0.091328
2024-06-13 14:40:43,0.06104
2024-06-13 14:40:44,0.046128
2024-06-13 14:40:45,0.06816
2024-06-13 14:40:46,0.035728
2024-06-13 14:40:47,0.090704
2024-06-13 14:40:48,0.315448
2024-06-13 14:40:49,0.058096
2024-06-13 14:40:50,0.326024
2024-06-13 14:40:51,0.09492
2024-06-13 14:40:52,0.0708
2024-06-13 14:40:53,0.071864
2024-06-13 14:40:54,0.056304
2024-06-13 14:40:55,0.043176
2024-06-13 14:40:56,0.076296
2024-06-13 14:40:57,0.014872
2024-06-13 14:40:58,0.083496
2024-06-13 14:40:59,0.044848
2024-06-13 14:41:00,0.041928
2024-06-13 14:41:01,0.034672
2024-06-13 14:41:02,0.048336
2024-06-13 14:41:03,0.035704
2024-06-13 14:41:04,0.029256
2024-06-13 14:41:05,0.045392
2024-06-13 14:41:06,0.03296
2024-06-13 14:41:07,0.05636
2024-06-13 14:41:08,0.035608
2024-06-13 14:41:09,0.019704
2024-06-13 14:41:10,0.030632
2024-06-13 14:41:11,0.031592
2024-06-13 14:41:12,0.021992
2024-06-13 14:41:13,0.038616
2024-06-13 14:41:14,0.02264
2024-06-13 14:41:15,0.024456
2024-06-13 14:41:16,0.019728
2024-06-13 14:41:17,0.020552
2024-06-13 14:41:18,0.042704
2024-06-13 14:41:19,0.018168
2024-06-13 14:41:20,0.153728
2024-06-13 14:41:21,0.205232
2024-06-13 14:41:22,0.0438
2024-06-13 14:41:23,0.061216
2024-06-13 14:41:24,0.06552
2024-06-13 14:41:25,0.055712
2024-06-13 14:41:26,0.161904
2024-06-13 14:41:27,0.225584
2024-06-13 14:41:28,0.285944
2024-06-13 14:41:29,0.346544
2024-06-13 14:41:30,0.41804
2024-06-13 14:41:31,0.380352
2024-06-13 14:41:32,0.424296
2024-06-13 14:41:33,0.543128
2024-06-13 14:41:34,0.504832
2024-06-13 14:41:35,0.446648
2024-06-13 14:41:36,0.462144
2024-06-13 14:41:37,0.343696
2024-06-13 14:41:38,0.34508
2024-06-13 14:41:39,0.378
2024-06-13 14:41:40,0.3382
2024-06-13 14:41:41,0.329584
2024-06-13 14:41:42,0.356112
2024-06-13 14:41:43,0.272888
2024-06-13 14:41:44,0.247656
2024-06-13 14:41:45,0.152064
2024-06-13 14:41:46,0.074352
2024-06-13 14:41:47,0.05816
2024-06-13 14:41:48,0.088
2024-06-13 14:41:49,0.112576
2024-06-13 14:41:50,0.083112
2024-06-13 14:41:51,0.037848
2024-06-13 14:41:52,0.039
2024-06-13 14:41:53,0.00124
2024-06-13 14:41:54,0.00188
2024-06-13 14:41:55,0.00124
2024-06-13 14:41:56,0.760384
2024-06-13 14:41:57,0.099832
2024-06-13 14:41:58,0.075456
2024-06-13 14:41:59,0.036912
2024-06-13 14:42:00,0.041656
2024-06-13 14:42:01,0.020912
2024-06-13 14:42:02,0.029432
2024-06-13 14:42:03,0.020216
2024-06-13 14:42:04,0.055008
2024-06-13 14:42:05,0.060888
2024-06-13 14:42:06,0.050576
2024-06-13 14:42:07,0.068096
2024-06-13 14:42:08,0.045224
2024-06-13 14:42:09,0.044752
2024-06-13 14:42:10,0.047336
2024-06-13 14:42:11,0.051768
2024-06-13 14:42:12,0.052736
2024-06-13 14:42:13,0.052576
2024-06-13 14:42:14,0.044096
2024-06-13 14:42:15,0.075096
2024-06-13 14:42:16,0.079168
2024-06-13 14:42:17,0.038408
2024-06-13 14:42:18,0.029952
2024-06-13 14:42:19,0.035336
2024-06-13 14:42:20,0.043432
2024-06-13 14:42:21,0.036048
2024-06-13 14:42:22,0.025768
2024-06-13 14:42:23,0.049008
2024-06-13 14:42:24,0.05332
2024-06-13 14:42:25,0.037728
2024-06-13 14:42:26,0.037
2024-06-13 14:42:27,0.02704
2024-06-13 14:42:28,0.039232
2024-06-13 14:42:29,0.04296
2024-06-13 14:42:30,0.02728
2024-06-13 14:42:31,0.02076
2024-06-13 14:42:32,0.022024
2024-06-13 14:42:33,0.040008
2024-06-13 14:42:34,0.036736
2024-06-13 14:42:35,0.021384
2024-06-13 14:42:36,0.010224
2024-06-13 14:42:37,0.034752
2024-06-13 14:42:38,0.020688
2024-06-13 14:42:39,0.088896
2024-06-13 14:42:40,0.252576
2024-06-13 14:42:41,0.109824
2024-06-13 14:42:42,0.023256
2024-06-13 14:42:43,0.113512
2024-06-13 14:42:44,0.068424
2024-06-13 14:42:45,0.131576
2024-06-13 14:42:46,0.220272
2024-06-13 14:42:47,0.255304
2024-06-13 14:42:48,0.350872
2024-06-13 14:42:49,0.410656
2024-06-13 14:42:50,0.489592
2024-06-13 14:42:51,0.429984
2024-06-13 14:42:52,0.549544
2024-06-13 14:42:53,0.525944
2024-06-13 14:42:54,0.473864
2024-06-13 14:42:55,0.49132
2024-06-13 14:42:56,0.44068
2024-06-13 14:42:57,0.376152
2024-06-13 14:42:58,0.442416
2024-06-13 14:42:59,0.483232
2024-06-13 14:43:00,0.363936
2024-06-13 14:43:01,0.498208
2024-06-13 14:43:02,0.390304
2024-06-13 14:43:03,0.437304
2024-06-13 14:43:04,0.244624
2024-06-13 14:43:05,0.188256
2024-06-13 14:43:06,0.232384
2024-06-13 14:43:07,0.199544
2024-06-13 14:43:08,0.10432
2024-06-13 14:43:09,0.116216
2024-06-13 14:43:10,0.07124
2024-06-13 14:43:11,0.050928
2024-06-13 14:43:12,0.111344
2024-06-13 14:43:13,0.355208
2024-06-13 14:43:14,0.04376
2024-06-13 14:43:15,0.092312
2024-06-13 14:43:16,0.059848
2024-06-13 14:43:17,0.047584
2024-06-13 14:43:18,0.042608
2024-06-13 14:43:19,0.045288
2024-06-13 14:43:20,0.049104
2024-06-13 14:43:21,0.05188
2024-06-13 14:43:22,0.044224
2024-06-13 14:43:23,0.061208
2024-06-13 14:43:24,0.050104
2024-06-13 14:43:25,0.046256
2024-06-13 14:43:26,0.0534
2024-06-13 14:43:27,0.052992
2024-06-13 14:43:28,0.04184
2024-06-13 14:43:29,0.030752
2024-06-13 14:43:30,0.043672
2024-06-13 14:43:31,0.054976
2024-06-13 14:43:32,0.03912
2024-06-13 14:43:33,0.044888
2024-06-13 14:43:34,0.053
2024-06-13 14:43:35,0.051672
2024-06-13 14:43:36,0.03336
2024-06-13 14:43:37,0.032792
2024-06-13 14:43:38,0.028576
2024-06-13 14:43:39,0.051168
2024-06-13 14:43:40,0.03824
2024-06-13 14:43:41,0.044856
2024-06-13 14:43:42,0.035664
2024-06-13 14:43:43,0.029296
2024-06-13 14:43:44,0.024584
2024-06-13 14:43:45,0.02536
2024-06-13 14:43:46,0.025552
2024-06-13 14:43:47,0.024784
2024-06-13 14:43:48,0.096144
2024-06-13 14:43:49,0.031672
2024-06-13 14:43:50,0.134632
2024-06-13 14:43:51,0.092672
2024-06-13 14:43:52,0.096296
2024-06-13 14:43:53,0.050768
2024-06-13 14:43:54,0.077664
2024-06-13 14:43:55,0.03624
2024-06-13 14:43:56,0.07264
2024-06-13 14:43:57,0.046048
2024-06-13 14:43:58,0.049808
2024-06-13 14:43:59,0.06644
2024-06-13 14:44:00,0.034288
2024-06-13 14:44:01,0.038448
2024-06-13 14:44:02,0.056512
2024-06-13 14:44:03,0.037368
2024-06-13 14:44:04,0.056224
2024-06-13 14:44:05,0.06584
2024-06-13 14:44:06,0.048808
2024-06-13 14:44:07,0.033376
2024-06-13 14:44:08,0.036968
2024-06-13 14:44:09,0.045096
2024-06-13 14:44:10,0.026632
2024-06-13 14:44:11,0.052952
2024-06-13 14:44:12,0.023816
2024-06-13 14:44:13,0.023432
2024-06-13 14:44:14,0.030752
2024-06-13 14:44:15,0.0282
2024-06-13 14:44:16,0.0216
2024-06-13 14:44:17,0.036016
2024-06-13 14:44:18,0.030048
2024-06-13 14:44:19,0.017232
2024-06-13 14:44:20,0.189856
2024-06-13 14:44:21,0.227504
2024-06-13 14:44:22,0.03292
2024-06-13 14:44:23,0.07676
2024-06-13 14:44:24,0.074816
2024-06-13 14:44:25,0.037008
2024-06-13 14:44:26,0.224384
2024-06-13 14:44:27,0.240416
2024-06-13 14:44:28,0.297896
2024-06-13 14:44:29,0.320904
2024-06-13 14:44:30,0.439336
2024-06-13 14:44:31,0.409936
2024-06-13 14:44:32,0.448352
2024-06-13 14:44:33,0.444256
2024-06-13 14:44:34,0.494176
2024-06-13 14:44:35,0.469232
2024-06-13 14:44:36,0.471408
2024-06-13 14:44:37,0.327904
2024-06-13 14:44:38,0.377272
2024-06-13 14:44:39,0.425216
2024-06-13 14:44:40,0.402896
2024-06-13 14:44:41,0.36692
2024-06-13 14:44:42,0.318288
2024-06-13 14:44:43,0.285888
2024-06-13 14:44:44,0.192144
2024-06-13 14:44:45,0.125904
2024-06-13 14:44:46,0.19864
2024-06-13 14:44:47,0.117432
2024-06-13 14:44:48,0.033728
2024-06-13 14:44:49,0.057112
2024-06-13 14:44:50,0.045592
2024-06-13 14:44:51,0.33476
2024-06-13 14:44:52,0.076736
2024-06-13 14:44:53,0.284472
2024-06-13 14:44:54,0.118376
2024-06-13 14:44:55,0.079552
2024-06-13 14:44:56,0.064
2024-06-13 14:44:57,0.03468
2024-06-13 14:44:58,0.037112
2024-06-13 14:44:59,0.054408
2024-06-13 14:45:00,0.054856
2024-06-13 14:45:01,0.03976
2024-06-13 14:45:02,0.05016
2024-06-13 14:45:03,0.081984
2024-06-13 14:45:04,0.038576
2024-06-13 14:45:05,0.051712
2024-06-13 14:45:06,0.09208
2024-06-13 14:45:07,0.038416
2024-06-13 14:45:08,0.04884
2024-06-13 14:45:09,0.039008
2024-06-13 14:45:10,0.042048
2024-06-13 14:45:11,0.05032
2024-06-13 14:45:12,0.018056
2024-06-13 14:45:13,0.018472
2024-06-13 14:45:14,0.037888
2024-06-13 14:45:15,0.021232
2024-06-13 14:45:16,0.0306
2024-06-13 14:45:17,0.019552
2024-06-13 14:45:18,0.03048
2024-06-13 14:45:19,0.027984
2024-06-13 14:45:20,0.023104
2024-06-13 14:45:21,0.034016
2024-06-13 14:45:22,0.039336
2024-06-13 14:45:23,0.10444
2024-06-13 14:45:24,0.271128
2024-06-13 14:45:25,0.064272
2024-06-13 14:45:26,0.045296
2024-06-13 14:45:27,0.0712
2024-06-13 14:45:28,0.071904
2024-06-13 14:45:29,0.158696
2024-06-13 14:45:30,0.26512
2024-06-13 14:45:31,0.315904
2024-06-13 14:45:32,0.393552
2024-06-13 14:45:33,0.480176
2024-06-13 14:45:34,0.383352
2024-06-13 14:45:35,0.526728
2024-06-13 14:45:36,0.52764
2024-06-13 14:45:37,0.486264
2024-06-13 14:45:38,0.475752
2024-06-13 14:45:39,0.508792
2024-06-13 14:45:40,0.368808
2024-06-13 14:45:41,0.31448
2024-06-13 14:45:42,0.418784
2024-06-13 14:45:43,0.430472
2024-06-13 14:45:44,0.366104
2024-06-13 14:45:45,0.273328
2024-06-13 14:45:46,0.390128
2024-06-13 14:45:47,0.381536
2024-06-13 14:45:48,0.306784
2024-06-13 14:45:49,0.254936
2024-06-13 14:45:50,0.301208
2024-06-13 14:45:51,0.292584
2024-06-13 14:45:52,0.446864
2024-06-13 14:45:53,0.400144
2024-06-13 14:45:54,0.40048
2024-06-13 14:45:55,0.293464
2024-06-13 14:45:56,0.275184
2024-06-13 14:45:57,0.046528
2024-06-13 14:45:58,0.048336
2024-06-13 14:45:59,0.043064
2024-06-13 14:46:00,0.086784
2024-06-13 14:46:01,0.370688
2024-06-13 14:46:02,0.045984
2024-06-13 14:46:03,0.472432
2024-06-13 14:46:04,0.066088
2024-06-13 14:46:05,0.055312
2024-06-13 14:46:06,0.05236
2024-06-13 14:46:07,0.044544
2024-06-13 14:46:08,0.076336
2024-06-13 14:46:09,0.071576
2024-06-13 14:46:10,0.02576
2024-06-13 14:46:11,0.024848
2024-06-13 14:46:12,0.047224
2024-06-13 14:46:13,0.034552
2024-06-13 14:46:14,0.030808
2024-06-13 14:46:15,0.040424
2024-06-13 14:46:16,0.034944
2024-06-13 14:46:17,0.04512
2024-06-13 14:46:18,0.031736
2024-06-13 14:46:19,0.053232
2024-06-13 14:46:20,0.02632
2024-06-13 14:46:21,0.012768
2024-06-13 14:46:22,0.024736
2024-06-13 14:46:23,0.186352
2024-06-13 14:46:24,0.043896
2024-06-13 14:46:25,0.037296
2024-06-13 14:46:26,0.249928
2024-06-13 14:46:27,0.147752
2024-06-13 14:46:28,0.217152
2024-06-13 14:46:29,0.300888
2024-06-13 14:46:30,0.368528
2024-06-13 14:46:31,0.430416
2024-06-13 14:46:32,0.508816
2024-06-13 14:46:33,0.495936
2024-06-13 14:46:34,0.527832
2024-06-13 14:46:35,0.297016
2024-06-13 14:46:36,0.23924
2024-06-13 14:46:37,0.125064
2024-06-13 14:46:38,0.41904
2024-06-13 14:46:39,0.226144
2024-06-13 14:46:40,0.260984
2024-06-13 14:46:41,0.127464
2024-06-13 14:46:42,0.042952
2024-06-13 14:46:43,0.067464
2024-06-13 14:46:44,0.08496
2024-06-13 14:46:45,0.060464
2024-06-13 14:46:46,0.09196
2024-06-13 14:46:47,0.030928
2024-06-13 14:46:48,0.060752
2024-06-13 14:46:49,0.040832
2024-06-13 14:46:50,0.056248
2024-06-13 14:46:51,0.03172
2024-06-13 14:46:52,0.053064
2024-06-13 14:46:53,0.050736
2024-06-13 14:46:54,0.085576
2024-06-13 14:46:55,0.055608
2024-06-13 14:46:56,0.025928
2024-06-13 14:46:57,0.0274
2024-06-13 14:46:58,0.040552
2024-06-13 14:46:59,0.06024
2024-06-13 14:47:00,0.0232
2024-06-13 14:47:01,0.046296
2024-06-13 14:47:02,0.043408
2024-06-13 14:47:03,0.056192
2024-06-13 14:47:04,0.051416
2024-06-13 14:47:05,0.048648
2024-06-13 14:47:06,0.051592
2024-06-13 14:47:07,0.052544
2024-06-13 14:47:08,0.06456
2024-06-13 14:47:09,0.218776
2024-06-13 14:47:10,0.226488
2024-06-13 14:47:11,0.038832
2024-06-13 14:47:12,0.099416
2024-06-13 14:47:13,0.074848
2024-06-13 14:47:14,0.074944
2024-06-13 14:47:15,0.270176
2024-06-13 14:47:16,0.274456
2024-06-13 14:47:17,0.303744
2024-06-13 14:47:18,0.41044
2024-06-13 14:47:19,0.466456
2024-06-13 14:47:20,0.515888
2024-06-13 14:47:21,0.500456
2024-06-13 14:47:22,0.494584
2024-06-13 14:47:23,0.548528
2024-06-13 14:47:24,0.465288
2024-06-13 14:47:25,0.412072
2024-06-13 14:47:26,0.302528
2024-06-13 14:47:27,0.461456
2024-06-13 14:47:28,0.38576
2024-06-13 14:47:29,0.343112
2024-06-13 14:47:30,0.352192
2024-06-13 14:47:31,0.382496
2024-06-13 14:47:32,0.4892
2024-06-13 14:47:33,0.300224
2024-06-13 14:47:34,0.231864
2024-06-13 14:47:35,0.303472
2024-06-13 14:47:36,0.285064
2024-06-13 14:47:37,0.193344
2024-06-13 14:47:38,0.233408
2024-06-13 14:47:39,0.087664
2024-06-13 14:47:40,0.0418
2024-06-13 14:47:41,0.144376
2024-06-13 14:47:42,0.318296
2024-06-13 14:47:43,0.037032
2024-06-13 14:47:44,0.264664
2024-06-13 14:47:45,0.047976
2024-06-13 14:47:46,0.03544
2024-06-13 14:47:47,0.059944
2024-06-13 14:47:48,0.023144
2024-06-13 14:47:49,0.018928
2024-06-13 14:47:50,0.019336
2024-06-13 14:47:51,0.025544
2024-06-13 14:47:52,0.046536
2024-06-13 14:47:53,0.045864
2024-06-13 14:47:54,0.04064
2024-06-13 14:47:55,0.043744
2024-06-13 14:47:56,0.016336
2024-06-13 14:47:57,0.023096
2024-06-13 14:47:58,0.074888
2024-06-13 14:47:59,0.044672
2024-06-13 14:48:00,0.033008
2024-06-13 14:48:01,0.033136
2024-06-13 14:48:02,0.043032
2024-06-13 14:48:03,0.036608
2024-06-13 14:48:04,0.043328
2024-06-13 14:48:05,0.052608
2024-06-13 14:48:06,0.04668
2024-06-13 14:48:07,0.04264
2024-06-13 14:48:08,0.035776
2024-06-13 14:48:09,0.043896
2024-06-13 14:48:10,0.045512
2024-06-13 14:48:11,0.021896
2024-06-13 14:48:12,0.059544
2024-06-13 14:48:13,0.033136
2024-06-13 14:48:14,0.153016
2024-06-13 14:48:15,0.181872
2024-06-13 14:48:16,0.033024
2024-06-13 14:48:17,0.066816
2024-06-13 14:48:18,0.060384
2024-06-13 14:48:19,0.031584
2024-06-13 14:48:20,0.176744
2024-06-13 14:48:21,0.256648
2024-06-13 14:48:22,0.307504
2024-06-13 14:48:23,0.312688
2024-06-13 14:48:24,0.307168
2024-06-13 14:48:25,0.466272
2024-06-13 14:48:26,0.368736
2024-06-13 14:48:27,0.499968
2024-06-13 14:48:28,0.483552
2024-06-13 14:48:29,0.453552
2024-06-13 14:48:30,0.375112
2024-06-13 14:48:31,0.367976
2024-06-13 14:48:32,0.384752
2024-06-13 14:48:33,0.431072
2024-06-13 14:48:34,0.363648
2024-06-13 14:48:35,0.416952
2024-06-13 14:48:36,0.437968
2024-06-13 14:48:37,0.340368
2024-06-13 14:48:38,0.246824
2024-06-13 14:48:39,0.143544
2024-06-13 14:48:40,0.193384
2024-06-13 14:48:41,0.218616
2024-06-13 14:48:42,0.175176
2024-06-13 14:48:43,0.196376
2024-06-13 14:48:44,0.211576
2024-06-13 14:48:45,0.131688
2024-06-13 14:48:46,0.082016
2024-06-13 14:48:47,0.048136
2024-06-13 14:48:48,0.075168
2024-06-13 14:48:49,0.02516
2024-06-13 14:48:50,0.071136
2024-06-13 14:48:51,0.2568
2024-06-13 14:48:52,0.035232
2024-06-13 14:48:53,0.241824
2024-06-13 14:48:54,0.065056
2024-06-13 14:48:55,0.044552
2024-06-13 14:48:56,0.043752
2024-06-13 14:48:57,0.028672
2024-06-13 14:48:58,0.031696
2024-06-13 14:48:59,0.039968
2024-06-13 14:49:00,0.072616
2024-06-13 14:49:01,0.03476
2024-06-13 14:49:02,0.032648
2024-06-13 14:49:03,0.019512
2024-06-13 14:49:04,0.017224
2024-06-13 14:49:05,0.02572
2024-06-13 14:49:06,0.012496
2024-06-13 14:49:07,0.025696
2024-06-13 14:49:08,0.01756
2024-06-13 14:49:09,0.03464
2024-06-13 14:49:10,0.027584
2024-06-13 14:49:11,0.02216
2024-06-13 14:49:12,0.053144
2024-06-13 14:49:13,0.045168
2024-06-13 14:49:14,0.014424
2024-06-13 14:49:15,0.02024
2024-06-13 14:49:16,0.016248
2024-06-13 14:49:17,0.018792
2024-06-13 14:49:18,0.020176
2024-06-13 14:49:19,0.010712
2024-06-13 14:49:20,0.013096
2024-06-13 14:49:21,0.010712
2024-06-13 14:49:22,0.023184
2024-06-13 14:49:23,0.205112
2024-06-13 14:49:24,0.143656
2024-06-13 14:49:25,0.024928
2024-06-13 14:49:26,0.046408
2024-06-13 14:49:27,0.0606
2024-06-13 14:49:28,0.031296
2024-06-13 14:49:29,0.17496
2024-06-13 14:49:30,0.166696
2024-06-13 14:49:31,0.229648
2024-06-13 14:49:32,0.31104
2024-06-13 14:49:33,0.28824
2024-06-13 14:49:34,0.401328
2024-06-13 14:49:35,0.45232
2024-06-13 14:49:36,0.522272
2024-06-13 14:49:37,0.485232
2024-06-13 14:49:38,0.544928
2024-06-13 14:49:39,0.486256
2024-06-13 14:49:40,0.383272
2024-06-13 14:49:41,0.369904
2024-06-13 14:49:42,0.415192
2024-06-13 14:49:43,0.328656
2024-06-13 14:49:44,0.451448
2024-06-13 14:49:45,0.447224
2024-06-13 14:49:46,0.299472
2024-06-13 14:49:47,0.386064
2024-06-13 14:49:48,0.302992
2024-06-13 14:49:49,0.210184
2024-06-13 14:49:50,0.168072
2024-06-13 14:49:51,0.095392
2024-06-13 14:49:52,0.030072
2024-06-13 14:49:53,0.042392
2024-06-13 14:49:54,0.0336
2024-06-13 14:49:55,0.0174
2024-06-13 14:49:56,0.293048
2024-06-13 14:49:57,0.096824
2024-06-13 14:49:58,0.043536
2024-06-13 14:49:59,0.049464
2024-06-13 14:50:00,0.036032
2024-06-13 14:50:01,0.026048
2024-06-13 14:50:02,0.021992
2024-06-13 14:50:03,0.045064
2024-06-13 14:50:04,0.045
2024-06-13 14:50:05,0.057272
2024-06-13 14:50:06,0.052496
2024-06-13 14:50:07,0.047664
2024-06-13 14:50:08,0.05028
2024-06-13 14:50:09,0.060192
2024-06-13 14:50:10,0.052704
2024-06-13 14:50:11,0.060168
2024-06-13 14:50:12,0.051256
2024-06-13 14:50:13,0.043456
2024-06-13 14:50:14,0.043656
2024-06-13 14:50:15,0.038248
2024-06-13 14:50:16,0.052352
2024-06-13 14:50:17,0.045144
2024-06-13 14:50:18,0.056912
2024-06-13 14:50:19,0.043896
2024-06-13 14:50:20,0.044656
2024-06-13 14:50:21,0.037384
2024-06-13 14:50:22,0.03944
2024-06-13 14:50:23,0.04444
2024-06-13 14:50:24,0.087224
2024-06-13 14:50:25,0.034096
2024-06-13 14:50:26,0.027136
2024-06-13 14:50:27,0.170432
2024-06-13 14:50:28,0.048128
2024-06-13 14:50:29,0.038
2024-06-13 14:50:30,0.020184
2024-06-13 14:50:31,0.020016
2024-06-13 14:50:32,0.014448
2024-06-13 14:50:33,0.0154
2024-06-13 14:50:34,0.015528
2024-06-13 14:50:35,0.018656
2024-06-13 14:50:36,0.028024
2024-06-13 14:50:37,0.013096
2024-06-13 14:50:38,0.02504
2024-06-13 14:50:39,0.019832
2024-06-13 14:50:40,0.023904
2024-06-13 14:50:41,0.013584
2024-06-13 14:50:42,0.015832
2024-06-13 14:50:43,0.013656
2024-06-13 14:50:44,0.016368
2024-06-13 14:50:45,0.010712
2024-06-13 14:50:46,0.013096
2024-06-13 14:50:47,0.010712
2024-06-13 14:50:48,0.012096
2024-06-13 14:50:49,0.010712
2024-06-13 14:50:50,0.014848
2024-06-13 14:50:51,0.028624
2024-06-13 14:50:52,0.05388
2024-06-13 14:50:53,0.046032
2024-06-13 14:50:54,0.02368
2024-06-13 14:50:55,0.04488
2024-06-13 14:50:56,0.06588
2024-06-13 14:50:57,0.042448
2024-06-13 14:50:58,0.023552
2024-06-13 14:50:59,0.028592
2024-06-13 14:51:00,0.044392
2024-06-13 14:51:01,0.050696
2024-06-13 14:51:02,0.038632
2024-06-13 14:51:03,0.03312
2024-06-13 14:51:04,0.017632
2024-06-13 14:51:05,0.020648
2024-06-13 14:51:06,0.020536
2024-06-13 14:51:07,0.01652
2024-06-13 14:51:08,0.022016
2024-06-13 14:51:09,0.01856
2024-06-13 14:51:10,0.020344
2024-06-13 14:51:11,0.023896
2024-06-13 14:51:12,0.025672
2024-06-13 14:51:13,0.018296
2024-06-13 14:51:14,0.024744
2024-06-13 14:51:15,0.010712
2024-06-13 14:51:16,0.013072
2024-06-13 14:51:17,0.193432
2024-06-13 14:51:18,0.135032
2024-06-13 14:51:19,0.026464
2024-06-13 14:51:20,0.058336
2024-06-13 14:51:21,0.042456
2024-06-13 14:51:22,0.025592
2024-06-13 14:51:23,0.234696
2024-06-13 14:51:24,0.252696
2024-06-13 14:51:25,0.347424
2024-06-13 14:51:26,0.315912
2024-06-13 14:51:27,0.366152
2024-06-13 14:51:28,0.38464
2024-06-13 14:51:29,0.508008
2024-06-13 14:51:30,0.445008
2024-06-13 14:51:31,0.544592
2024-06-13 14:51:32,0.48476
2024-06-13 14:51:33,0.421968
2024-06-13 14:51:34,0.379672
2024-06-13 14:51:35,0.353336
2024-06-13 14:51:36,0.35728
2024-06-13 14:51:37,0.411616
2024-06-13 14:51:38,0.394768
2024-06-13 14:51:39,0.263264
2024-06-13 14:51:40,0.232104
2024-06-13 14:51:41,0.184
2024-06-13 14:51:42,0.124752
2024-06-13 14:51:43,0.226864
2024-06-13 14:51:44,0.24196
2024-06-13 14:51:45,0.078472
2024-06-13 14:51:46,0.034968
2024-06-13 14:51:47,0.05104
2024-06-13 14:51:48,0.285112
2024-06-13 14:51:49,0.03836
2024-06-13 14:51:50,0.312768
2024-06-13 14:51:51,0.048944
2024-06-13 14:51:52,0.067688
2024-06-13 14:51:53,0.03416
2024-06-13 14:51:54,0.031216
2024-06-13 14:51:55,0.022952
2024-06-13 14:51:56,0.03764
2024-06-13 14:51:57,0.02992
2024-06-13 14:51:58,0.050552
2024-06-13 14:51:59,0.0226
2024-06-13 14:52:00,0.065376
2024-06-13 14:52:01,0.033544
2024-06-13 14:52:02,0.05564
2024-06-13 14:52:03,0.04756
2024-06-13 14:52:04,0.058312
2024-06-13 14:52:05,0.066696
2024-06-13 14:52:06,0.050792
2024-06-13 14:52:07,0.091408
2024-06-13 14:52:08,0.06408
2024-06-13 14:52:09,0.043808
2024-06-13 14:52:10,0.03728
2024-06-13 14:52:11,0.019904
2024-06-13 14:52:12,0.038672
2024-06-13 14:52:13,0.04188
2024-06-13 14:52:14,0.064312
2024-06-13 14:52:15,0.031304
2024-06-13 14:52:16,0.02172
2024-06-13 14:52:17,0.023608
2024-06-13 14:52:18,0.026784
2024-06-13 14:52:19,0.025464
2024-06-13 14:52:20,0.014072
2024-06-13 14:52:21,0.01352
2024-06-13 14:52:22,0.01724
2024-06-13 14:52:23,0.025792
2024-06-13 14:52:24,0.032424
2024-06-13 14:52:25,0.05848
2024-06-13 14:52:26,0.015496
2024-06-13 14:52:27,0.011944
2024-06-13 14:52:28,0.026632
2024-06-13 14:52:29,0.039264
2024-06-13 14:52:30,0.016936
2024-06-13 14:52:31,0.020152
2024-06-13 14:52:32,0.037952
2024-06-13 14:52:33,0.020712
2024-06-13 14:52:34,0.194944
2024-06-13 14:52:35,0.13228
2024-06-13 14:52:36,0.025104
2024-06-13 14:52:37,0.052376
2024-06-13 14:52:38,0.052224
2024-06-13 14:52:39,0.032592
2024-06-13 14:52:40,0.219464
2024-06-13 14:52:41,0.251736
2024-06-13 14:52:42,0.277296
2024-06-13 14:52:43,0.386112
2024-06-13 14:52:44,0.377984
2024-06-13 14:52:45,0.52228
2024-06-13 14:52:46,0.582416
2024-06-13 14:52:47,0.595472
2024-06-13 14:52:48,0.645696
2024-06-13 14:52:49,0.561024
2024-06-13 14:52:50,0.533784
2024-06-13 14:52:51,0.62316
2024-06-13 14:52:52,0.523264
2024-06-13 14:52:53,0.392632
2024-06-13 14:52:54,0.439328
2024-06-13 14:52:55,0.451288
2024-06-13 14:52:56,0.466584
2024-06-13 14:52:57,0.271128
2024-06-13 14:52:58,0.26248
2024-06-13 14:52:59,0.117504
2024-06-13 14:53:00,0.029048
2024-06-13 14:53:01,0.058416
2024-06-13 14:53:02,0.08192
2024-06-13 14:53:03,0.276456
2024-06-13 14:53:04,0.03324
2024-06-13 14:53:05,0.288048
2024-06-13 14:53:06,0.049976
2024-06-13 14:53:07,0.039984
2024-06-13 14:53:08,0.051296
2024-06-13 14:53:09,0.020248
2024-06-13 14:53:10,0.018376
2024-06-13 14:53:11,0.02832
2024-06-13 14:53:12,0.044016
2024-06-13 14:53:13,0.031824
2024-06-13 14:53:14,0.024488
2024-06-13 14:53:15,0.02572
2024-06-13 14:53:16,0.01932
2024-06-13 14:53:17,0.025768
2024-06-13 14:53:18,0.03208
2024-06-13 14:53:19,0.038568
2024-06-13 14:53:20,0.024576
2024-06-13 14:53:21,0.046248
2024-06-13 14:53:22,0.022416
2024-06-13 14:53:23,0.037904
2024-06-13 14:53:24,0.021528
2024-06-13 14:53:25,0.080792
2024-06-13 14:53:26,0.027048
2024-06-13 14:53:27,0.012584
2024-06-13 14:53:28,0.134504
2024-06-13 14:53:29,0.149384
2024-06-13 14:53:30,0.12624
2024-06-13 14:53:31,0.131824
2024-06-13 14:53:32,0.193784
2024-06-13 14:53:33,0.176624
2024-06-13 14:53:34,0.199688
2024-06-13 14:53:35,0.285776
2024-06-13 14:53:36,0.371992
2024-06-13 14:53:37,0.1868
2024-06-13 14:53:38,0.12976
2024-06-13 14:53:39,0.334896
2024-06-13 14:53:40,0.193504
2024-06-13 14:53:41,0.185616
2024-06-13 14:53:42,0.072456
2024-06-13 14:53:43,0.056024
2024-06-13 14:53:44,0.035904
2024-06-13 14:53:45,0.023464
2024-06-13 14:53:46,0.022328
2024-06-13 14:53:47,0.022688
2024-06-13 14:53:48,0.02704
2024-06-13 14:53:49,0.03112
2024-06-13 14:53:50,0.049072
2024-06-13 14:53:51,0.018744
2024-06-13 14:53:52,0.023096
2024-06-13 14:53:53,0.031536
2024-06-13 14:53:54,0.014816
2024-06-13 14:53:55,0.03492
2024-06-13 14:53:56,0.022848
2024-06-13 14:53:57,0.041248
2024-06-13 14:53:58,0.023904
2024-06-13 14:53:59,0.019744
2024-06-13 14:54:00,0.022928
2024-06-13 14:54:01,0.014944
2024-06-13 14:54:02,0.019136
2024-06-13 14:54:03,0.023072
2024-06-13 14:54:04,0.05424
2024-06-13 14:54:05,0.017968
2024-06-13 14:54:06,0.021144
2024-06-13 14:54:07,0.030232
2024-06-13 14:54:08,0.041016
2024-06-13 14:54:09,0.0446
2024-06-13 14:54:10,0.205376
2024-06-13 14:54:11,0.142648
2024-06-13 14:54:12,0.042688
2024-06-13 14:54:13,0.050432
2024-06-13 14:54:14,0.058984
2024-06-13 14:54:15,0.033992
2024-06-13 14:54:16,0.186832
2024-06-13 14:54:17,0.277408
2024-06-13 14:54:18,0.37132
2024-06-13 14:54:19,0.486512
2024-06-13 14:54:20,0.520936
2024-06-13 14:54:21,0.389096
2024-06-13 14:54:22,0.541264
2024-06-13 14:54:23,0.594112
2024-06-13 14:54:24,0.585592
2024-06-13 14:54:25,0.629648
2024-06-13 14:54:26,0.667968
2024-06-13 14:54:27,0.618312
2024-06-13 14:54:28,0.516144
2024-06-13 14:54:29,0.480152
2024-06-13 14:54:30,0.512536
2024-06-13 14:54:31,0.480864
2024-06-13 14:54:32,0.448032
2024-06-13 14:54:33,0.34384
2024-06-13 14:54:34,0.292712
2024-06-13 14:54:35,0.305736
2024-06-13 14:54:36,0.228672
2024-06-13 14:54:37,0.396168
2024-06-13 14:54:38,0.235064
2024-06-13 14:54:39,0.169064
2024-06-13 14:54:40,0.123816
2024-06-13 14:54:41,0.108544
2024-06-13 14:54:42,0.115248
2024-06-13 14:54:43,0.0876
2024-06-13 14:54:44,0.11028
2024-06-13 14:54:45,0.051512
2024-06-13 14:54:46,0.041232
2024-06-13 14:54:47,0.088576
2024-06-13 14:54:48,0.312408
2024-06-13 14:54:49,0.039864
2024-06-13 14:54:50,0.287
2024-06-13 14:54:51,0.050144
2024-06-13 14:54:52,0.02464
2024-06-13 14:54:53,0.040448
2024-06-13 14:54:54,0.05016
2024-06-13 14:54:55,0.052712
2024-06-13 14:54:56,0.030112
2024-06-13 14:54:57,0.054824
2024-06-13 14:54:58,0.045584
2024-06-13 14:54:59,0.025488
2024-06-13 14:55:00,0.029216
2024-06-13 14:55:01,0.038584
2024-06-13 14:55:02,0.016736
2024-06-13 14:55:03,0.021488
2024-06-13 14:55:04,0.018296
2024-06-13 14:55:05,0.038848
2024-06-13 14:55:06,0.034376
2024-06-13 14:55:07,0.044264
2024-06-13 14:55:08,0.04452
2024-06-13 14:55:09,0.04228
2024-06-13 14:55:10,0.062744
2024-06-13 14:55:11,0.029976
2024-06-13 14:55:12,0.048056
2024-06-13 14:55:13,0.050616
2024-06-13 14:55:14,0.038288
2024-06-13 14:55:15,0.01652
2024-06-13 14:55:16,0.011952
2024-06-13 14:55:17,0.054088
2024-06-13 14:55:18,0.032832
2024-06-13 14:55:19,0.021624
2024-06-13 14:55:20,0.233304
2024-06-13 14:55:21,0.157192
2024-06-13 14:55:22,0.040176
2024-06-13 14:55:23,0.069672
2024-06-13 14:55:24,0.075784
2024-06-13 14:55:25,0.048288
2024-06-13 14:55:26,0.281192
2024-06-13 14:55:27,0.389992
2024-06-13 14:55:28,0.430304
2024-06-13 14:55:29,0.47244
2024-06-13 14:55:30,0.567456
2024-06-13 14:55:31,0.563992
2024-06-13 14:55:32,0.788824
2024-06-13 14:55:33,0.677816
2024-06-13 14:55:34,0.630584
2024-06-13 14:55:35,0.579096
2024-06-13 14:55:36,0.604496
2024-06-13 14:55:37,0.66004
2024-06-13 14:55:38,0.562976
2024-06-13 14:55:39,0.535408
2024-06-13 14:55:40,0.556632
2024-06-13 14:55:41,0.4358
2024-06-13 14:55:42,0.466104
2024-06-13 14:55:43,0.353192
2024-06-13 14:55:44,0.327896
2024-06-13 14:55:45,0.2156
2024-06-13 14:55:46,0.236456
2024-06-13 14:55:47,0.123992
2024-06-13 14:55:48,0.110488
2024-06-13 14:55:49,0.138048
2024-06-13 14:55:50,0.07636
2024-06-13 14:55:51,0.125504
2024-06-13 14:55:52,0.08844
2024-06-13 14:55:53,0.091576
2024-06-13 14:55:54,0.0742
2024-06-13 14:55:55,0.123032
2024-06-13 14:55:56,0.07644
2024-06-13 14:55:57,0.0878
2024-06-13 14:55:58,0.087352
2024-06-13 14:55:59,0.110232
2024-06-13 14:56:00,0.099984
2024-06-13 14:56:01,0.123832
2024-06-13 14:56:02,0.035168
2024-06-13 14:56:03,0.019192
2024-06-13 14:56:04,0.041592
2024-06-13 14:56:05,0.019992
2024-06-13 14:56:06,0.022296
2024-06-13 14:56:07,0.29176
2024-06-13 14:56:08,0.03856
2024-06-13 14:56:09,0.261848
2024-06-13 14:56:10,0.062064
2024-06-13 14:56:11,0.036544
2024-06-13 14:56:12,0.046888
2024-06-13 14:56:13,0.018848
2024-06-13 14:56:14,0.029608
2024-06-13 14:56:15,0.04704
2024-06-13 14:56:16,0.017824
2024-06-13 14:56:17,0.02988
2024-06-13 14:56:18,0.033752
2024-06-13 14:56:19,0.013208
2024-06-13 14:56:20,0.016856
2024-06-13 14:56:21,0.016272
2024-06-13 14:56:22,0.028824
2024-06-13 14:56:23,0.037144
2024-06-13 14:56:24,0.01568
2024-06-13 14:56:25,0.02896
2024-06-13 14:56:26,0.043224
2024-06-13 14:56:27,0.045472
2024-06-13 14:56:28,0.058432
2024-06-13 14:56:29,0.026776
2024-06-13 14:56:30,0.02004
2024-06-13 14:56:31,0.024968
2024-06-13 14:56:32,0.02988
2024-06-13 14:56:33,0.019712
2024-06-13 14:56:34,0.044848
2024-06-13 14:56:35,0.018
2024-06-13 14:56:36,0.013096
2024-06-13 14:56:37,0.021336
2024-06-13 14:56:38,0.0294
2024-06-13 14:56:39,0.201728
2024-06-13 14:56:40,0.154152
2024-06-13 14:56:41,0.02084
2024-06-13 14:56:42,0.064144
2024-06-13 14:56:43,0.041984
2024-06-13 14:56:44,0.035616
2024-06-13 14:56:45,0.312448
2024-06-13 14:56:46,0.380032
2024-06-13 14:56:47,0.43676
2024-06-13 14:56:48,0.53584
2024-06-13 14:56:49,0.580464
2024-06-13 14:56:50,0.645264
2024-06-13 14:56:51,0.71544
2024-06-13 14:56:52,0.768488
2024-06-13 14:56:53,0.77632
2024-06-13 14:56:54,0.772088
2024-06-13 14:56:55,0.739816
2024-06-13 14:56:56,0.69416
2024-06-13 14:56:57,0.602784
2024-06-13 14:56:58,0.715752
2024-06-13 14:56:59,0.635024
2024-06-13 14:57:00,0.7338
2024-06-13 14:57:01,0.631456
2024-06-13 14:57:02,0.333656
2024-06-13 14:57:03,0.293832
2024-06-13 14:57:04,0.154688
2024-06-13 14:57:05,0.10756
2024-06-13 14:57:06,0.072912
2024-06-13 14:57:07,0.05628
2024-06-13 14:57:08,0.0584
2024-06-13 14:57:09,0.012376
2024-06-13 14:57:10,0.112336
2024-06-13 14:57:11,0.201408
2024-06-13 14:57:12,0.039304
2024-06-13 14:57:13,0.096256
2024-06-13 14:57:14,0.046824
2024-06-13 14:57:15,0.036496
2024-06-13 14:57:16,0.030896
2024-06-13 14:57:17,0.033608
2024-06-13 14:57:18,0.026704
2024-06-13 14:57:19,0.040008
2024-06-13 14:57:20,0.036728
2024-06-13 14:57:21,0.058136
2024-06-13 14:57:22,0.06052
2024-06-13 14:57:23,0.049896
2024-06-13 14:57:24,0.041904
2024-06-13 14:57:25,0.04584
2024-06-13 14:57:26,0.047816
2024-06-13 14:57:27,0.051568
2024-06-13 14:57:28,0.053128
2024-06-13 14:57:29,0.047328
2024-06-13 14:57:30,0.05368
2024-06-13 14:57:31,0.038216
2024-06-13 14:57:32,0.041232
2024-06-13 14:57:33,0.034856
2024-06-13 14:57:34,0.070216
2024-06-13 14:57:35,0.0242
2024-06-13 14:57:36,0.120072
2024-06-13 14:57:37,0.086712
2024-06-13 14:57:38,0.042552
2024-06-13 14:57:39,0.021768
2024-06-13 14:57:40,0.027288
2024-06-13 14:57:41,0.02524
2024-06-13 14:57:42,0.02364
2024-06-13 14:57:43,0.057616
2024-06-13 14:57:44,0.031544
2024-06-13 14:57:45,0.018768
2024-06-13 14:57:46,0.06164
2024-06-13 14:57:47,0.043464
2024-06-13 14:57:48,0.011312
2024-06-13 14:57:49,0.024296
2024-06-13 14:57:50,0.010824
2024-06-13 14:57:51,0.013096
2024-06-13 14:57:52,0.028384
2024-06-13 14:57:53,0.023528
2024-06-13 14:57:54,0.042208
2024-06-13 14:57:55,0.052968
2024-06-13 14:57:56,0.022656
2024-06-13 14:57:57,0.025688
2024-06-13 14:57:58,0.039864
2024-06-13 14:57:59,0.017752
2024-06-13 14:58:00,0.061064
2024-06-13 14:58:01,0.04516
2024-06-13 14:58:02,0.046416
2024-06-13 14:58:03,0.01904
2024-06-13 14:58:04,0.028312
2024-06-13 14:58:05,0.023024
2024-06-13 14:58:06,0.170448
2024-06-13 14:58:07,0.08748
2024-06-13 14:58:08,0.036136
2024-06-13 14:58:09,0.038872
2024-06-13 14:58:10,0.032248
2024-06-13 14:58:11,0.028104
2024-06-13 14:58:12,0.152952
2024-06-13 14:58:13,0.171224
2024-06-13 14:58:14,0.233168
2024-06-13 14:58:15,0.274424
2024-06-13 14:58:16,0.359664
2024-06-13 14:58:17,0.395824
2024-06-13 14:58:18,0.53856
2024-06-13 14:58:19,0.43732
2024-06-13 14:58:20,0.41924
2024-06-13 14:58:21,0.352728
2024-06-13 14:58:22,0.393824
2024-06-13 14:58:23,0.41476
2024-06-13 14:58:24,0.409848
2024-06-13 14:58:25,0.287256
2024-06-13 14:58:26,0.38476
2024-06-13 14:58:27,0.347408
2024-06-13 14:58:28,0.38076
2024-06-13 14:58:29,0.299752
2024-06-13 14:58:30,0.190432
2024-06-13 14:58:31,0.075816
2024-06-13 14:58:32,0.04904
2024-06-13 14:58:33,0.177008
2024-06-13 14:58:34,0.0764
2024-06-13 14:58:35,0.051376
2024-06-13 14:58:36,0.213296
2024-06-13 14:58:37,0.04156
2024-06-13 14:58:38,0.036744
2024-06-13 14:58:39,0.027824
2024-06-13 14:58:40,0.024064
2024-06-13 14:58:41,0.012504
2024-06-13 14:58:42,0.03924
2024-06-13 14:58:43,0.045168
2024-06-13 14:58:44,0.017344
2024-06-13 14:58:45,0.02972
2024-06-13 14:58:46,0.014288
2024-06-13 14:58:47,0.016672
2024-06-13 14:58:48,0.009688
2024-06-13 14:58:49,0.028216
2024-06-13 14:58:50,0.015568
2024-06-13 14:58:51,0.031008
2024-06-13 14:58:52,0.017296
2024-06-13 14:58:53,0.026712
2024-06-13 14:58:54,0.015848
2024-06-13 14:58:55,0.012456
2024-06-13 14:58:56,0.010712
2024-06-13 14:58:57,0.013096
2024-06-13 14:58:58,0.0124
2024-06-13 14:58:59,0.025992
2024-06-13 14:59:00,0.030568
2024-06-13 14:59:01,0.044912
2024-06-13 14:59:02,0.024696
2024-06-13 14:59:03,0.018264
2024-06-13 14:59:04,0.025088
2024-06-13 14:59:05,0.022432
2024-06-13 14:59:06,0.174256
2024-06-13 14:59:07,0.08688
2024-06-13 14:59:08,0.020152
2024-06-13 14:59:09,0.040184
2024-06-13 14:59:10,0.028496
2024-06-13 14:59:11,0.021328
2024-06-13 14:59:12,0.192032
2024-06-13 14:59:13,0.305256
2024-06-13 14:59:14,0.317016
2024-06-13 14:59:15,0.310904
2024-06-13 14:59:16,0.4912
2024-06-13 14:59:17,0.581696
2024-06-13 14:59:18,0.640528
2024-06-13 14:59:19,0.570592
2024-06-13 14:59:20,0.589912
2024-06-13 14:59:21,0.539
2024-06-13 14:59:22,0.682216
2024-06-13 14:59:23,0.603016
2024-06-13 14:59:24,0.481376
2024-06-13 14:59:25,0.469712
2024-06-13 14:59:26,0.469928
2024-06-13 14:59:27,0.504416
2024-06-13 14:59:28,0.615272
2024-06-13 14:59:29,0.478912
2024-06-13 14:59:30,0.318888
2024-06-13 14:59:31,0.221368
2024-06-13 14:59:32,0.183016
2024-06-13 14:59:33,0.161136
2024-06-13 14:59:34,0.18872
2024-06-13 14:59:35,0.031072
2024-06-13 14:59:36,0.057288
2024-06-13 14:59:37,0.048896
2024-06-13 14:59:38,0.217184
2024-06-13 14:59:39,0.032216
2024-06-13 14:59:40,0.172304
2024-06-13 14:59:41,0.063416
2024-06-13 14:59:42,0.031424
2024-06-13 14:59:43,0.0278
2024-06-13 14:59:44,0.010688
2024-06-13 14:59:45,0.017288
2024-06-13 14:59:46,0.010712
2024-06-13 14:59:47,0.030936
2024-06-13 14:59:48,0.014776
2024-06-13 14:59:49,0.022072
2024-06-13 14:59:50,0.043784
2024-06-13 14:59:51,0.015392
2024-06-13 14:59:52,0.010712
2024-06-13 14:59:53,0.0154
2024-06-13 14:59:54,0.021784
2024-06-13 14:59:55,0.019424
2024-06-13 14:59:56,0.01492
2024-06-13 14:59:57,0.011352
2024-06-13 14:59:58,0.012456
2024-06-13 14:59:59,0.010712
2024-06-13 15:00:00,0.039728
2024-06-13 15:00:01,0.02636
2024-06-13 15:00:02,0.019104
2024-06-13 15:00:03,0.079112
2024-06-13 15:00:04,0.13584
2024-06-13 15:00:05,0.119488
2024-06-13 15:00:06,0.139416
2024-06-13 15:00:07,0.180312
2024-06-13 15:00:08,0.186192
2024-06-13 15:00:09,0.187632
2024-06-13 15:00:10,0.23884
2024-06-13 15:00:11,0.308064
2024-06-13 15:00:12,0.135144
2024-06-13 15:00:13,0.253912
2024-06-13 15:00:14,0.128648
2024-06-13 15:00:15,0.12408
2024-06-13 15:00:16,0.070056
2024-06-13 15:00:17,0.127168
2024-06-13 15:00:18,0.080272
2024-06-13 15:00:19,0.183568
2024-06-13 15:00:20,0.135688
2024-06-13 15:00:21,0.129024
2024-06-13 15:00:22,0.0392
2024-06-13 15:00:23,0.051064
2024-06-13 15:00:24,0.015664
2024-06-13 15:00:25,0.050192
2024-06-13 15:00:26,0.01544
2024-06-13 15:00:27,0.038824
2024-06-13 15:00:28,0.027088
2024-06-13 15:00:29,0.039256
2024-06-13 15:00:30,0.01892
2024-06-13 15:00:31,0.048248
2024-06-13 15:00:32,0.019192
2024-06-13 15:00:33,0.016912
2024-06-13 15:00:34,0.018464
2024-06-13 15:00:35,0.016712
2024-06-13 15:00:36,0.016144
2024-06-13 15:00:37,0.02976
2024-06-13 15:00:38,0.044808
2024-06-13 15:00:39,0.02056
2024-06-13 15:00:40,0.028272
2024-06-13 15:00:41,0.033992
2024-06-13 15:00:42,0.065904
2024-06-13 15:00:43,0.035512
2024-06-13 15:00:44,0.130664
2024-06-13 15:00:45,0.136648
2024-06-13 15:00:46,0.044488
2024-06-13 15:00:47,0.046992
2024-06-13 15:00:48,0.044552
2024-06-13 15:00:49,0.044112
2024-06-13 15:00:50,0.115856
2024-06-13 15:00:51,0.328208
2024-06-13 15:00:52,0.37308
2024-06-13 15:00:53,0.41712
2024-06-13 15:00:54,0.461616
2024-06-13 15:00:55,0.479016
2024-06-13 15:00:56,0.658328
2024-06-13 15:00:57,0.6314
2024-06-13 15:00:58,0.634976
2024-06-13 15:00:59,0.519416
2024-06-13 15:01:00,0.480448
2024-06-13 15:01:01,0.70872
2024-06-13 15:01:02,0.577744
2024-06-13 15:01:03,0.4432
2024-06-13 15:01:04,0.540776
2024-06-13 15:01:05,0.423448
2024-06-13 15:01:06,0.479152
2024-06-13 15:01:07,0.436144
2024-06-13 15:01:08,0.323944
2024-06-13 15:01:09,0.082472
2024-06-13 15:01:10,0.13192
2024-06-13 15:01:11,0.047408
2024-06-13 15:01:12,0.085744
2024-06-13 15:01:13,0.027192
2024-06-13 15:01:14,0.152176
2024-06-13 15:01:15,0.03344
2024-06-13 15:01:16,0.138248
2024-06-13 15:01:17,0.02976
2024-06-13 15:01:18,0.00776
2024-06-13 15:01:49,0.231728
2024-06-13 15:01:50,0.011728
2024-06-13 15:01:51,0.034504
2024-06-13 15:01:52,0.021592
2024-06-13 15:01:53,0.056632
2024-06-13 15:01:54,0.03208
2024-06-13 15:01:55,0.39084
2024-06-13 15:01:56,0.030976
2024-06-13 15:01:57,0.049144
2024-06-13 15:01:58,0.028248
2024-06-13 15:01:59,0.027088
2024-06-13 15:02:00,0.021904
2024-06-13 15:02:01,0.034592
2024-06-13 15:02:02,0.03024
2024-06-13 15:02:03,0.027424
2024-06-13 15:02:04,0.038968
2024-06-13 15:02:05,0.0394
2024-06-13 15:02:06,0.029008
2024-06-13 15:02:07,0.034696
2024-06-13 15:02:08,0.051816
2024-06-13 15:02:09,0.032312
2024-06-13 15:02:10,0.029696
2024-06-13 15:02:11,0.038856
2024-06-13 15:02:12,0.02032
2024-06-13 15:02:13,0.025912
2024-06-13 15:02:14,0.117384
2024-06-13 15:02:15,0.02992
2024-06-13 15:02:16,0.00444
2024-06-13 15:02:17,0.004584
2024-06-13 15:02:18,0.007984
2024-06-13 15:02:19,0.005824
2024-06-13 15:02:20,0.006416
2024-06-13 15:02:21,0.010144
2024-06-13 15:02:22,0.005728
2024-06-13 15:02:23,0.009888
2024-06-13 15:02:24,0.0186
2024-06-13 15:02:25,0.015856
2024-06-13 15:02:26,0.00872
2024-06-13 15:02:27,0.01408
2024-06-13 15:02:28,0.003464
2024-06-13 15:02:29,0.01416
2024-06-13 15:02:30,0.002704
2024-06-13 15:02:31,0.01056
2024-06-13 15:02:32,0.005736
2024-06-13 15:02:33,0.005072
2024-06-13 15:02:34,0.004488
2024-06-13 15:02:35,0.013856
2024-06-13 15:02:36,0.013616
2024-06-13 15:02:37,0.015816
2024-06-13 15:02:38,0.016024
2024-06-13 15:02:39,0.004584
2024-06-13 15:02:40,0.005416
2024-06-13 15:02:41,0.015392
2024-06-13 15:02:42,0.022872
2024-06-13 15:02:43,0.019568
2024-06-13 15:02:44,0.01656
2024-06-13 15:02:45,0.017584
2024-06-13 15:02:46,0.017736
2024-06-13 15:02:47,0.012728
2024-06-13 15:02:48,0.00464
2024-06-13 15:02:49,0.004312
2024-06-13 15:02:50,0.024616
2024-06-13 15:02:51,0.016136
2024-06-13 15:02:52,0.020376
2024-06-13 15:02:53,0.163752
2024-06-13 15:02:54,0.06676
2024-06-13 15:02:55,0.034224
2024-06-13 15:02:56,0.00796
2024-06-13 15:02:57,0.01476
2024-06-13 15:02:58,0.020128
2024-06-13 15:02:59,0.070664
2024-06-13 15:03:00,0.016944
2024-06-13 15:03:01,0.020808
2024-06-13 15:03:02,0.0648
2024-06-13 15:03:03,0.064136
2024-06-13 15:03:04,0.057864
2024-06-13 15:03:05,0.064376
2024-06-13 15:03:06,0.076976
2024-06-13 15:03:07,0.08564
2024-06-13 15:03:08,0.062344
2024-06-13 15:03:09,0.075616
2024-06-13 15:03:10,0.078968
2024-06-13 15:03:11,0.096656
2024-06-13 15:03:12,0.089624
2024-06-13 15:03:13,0.084744
2024-06-13 15:03:14,0.136984
2024-06-13 15:03:15,0.062896
2024-06-13 15:03:16,0.0302
2024-06-13 15:03:17,0.037544
2024-06-13 15:03:18,0.070384
2024-06-13 15:03:19,0.050928
2024-06-13 15:03:20,0.045584
2024-06-13 15:03:21,0.035728
2024-06-13 15:03:22,0.041792
2024-06-13 15:03:23,0.02084
2024-06-13 15:03:24,0.025088
2024-06-13 15:03:25,0.015408
2024-06-13 15:03:26,0.059152
2024-06-13 15:03:27,0.150168
2024-06-13 15:03:28,0.04172
2024-06-13 15:03:29,0.00944
2024-06-13 15:03:30,0.005128
2024-06-13 15:03:31,0.003336
2024-06-13 15:03:32,0.008384
2024-06-13 15:03:33,0.013896
2024-06-13 15:03:34,0.003512
2024-06-13 15:03:35,0.00556
2024-06-13 15:03:36,0.013056
2024-06-13 15:03:37,0.00756
2024-06-13 15:03:38,0.005944
2024-06-13 15:03:39,0.01888
2024-06-13 15:03:40,0.006368
2024-06-13 15:03:41,0.03124
2024-06-13 15:03:42,0.03212
2024-06-13 15:03:43,0.07268
2024-06-13 15:03:44,0.018376
2024-06-13 15:03:45,0.023656
2024-06-13 15:03:46,0.065744
2024-06-13 15:03:47,0.030984
2024-06-13 15:03:48,0.02968
2024-06-13 15:03:49,0.014984
2024-06-13 15:03:50,0.004632
2024-06-13 15:03:51,0.024512
2024-06-13 15:03:52,0.034736
2024-06-13 15:03:53,0.026352
2024-06-13 15:03:54,0.036992
2024-06-13 15:03:55,0.049448
2024-06-13 15:03:56,0.030672
2024-06-13 15:03:57,0.118304
2024-06-13 15:03:58,0.015632
2024-06-13 15:03:59,0.023888
2024-06-13 15:04:00,0.049032
2024-06-13 15:04:01,0.071728
2024-06-13 15:04:02,0.056264
2024-06-13 15:04:03,0.115616
2024-06-13 15:04:04,0.085632
2024-06-13 15:04:05,0.097624
2024-06-13 15:04:06,0.105152
2024-06-13 15:04:07,0.10756
2024-06-13 15:04:08,0.12028
2024-06-13 15:04:09,0.116352
2024-06-13 15:04:10,0.089464
2024-06-13 15:04:11,0.096792
2024-06-13 15:04:12,0.069792
2024-06-13 15:04:13,0.061888
2024-06-13 15:04:14,0.14264
2024-06-13 15:04:15,0.202464
2024-06-13 15:04:16,0.109696
2024-06-13 15:04:17,0.066968
2024-06-13 15:04:18,0.04048
2024-06-13 15:04:19,0.037992
2024-06-13 15:04:20,0.025128
2024-06-13 15:04:21,0.03532
2024-06-13 15:04:22,0.025856
2024-06-13 15:04:23,0.03296
2024-06-13 15:04:24,0.036528
2024-06-13 15:04:25,0.035176
2024-06-13 15:04:26,0.026256
2024-06-13 15:04:27,0.01644
2024-06-13 15:04:28,0.019344
2024-06-13 15:04:29,0.028008
2024-06-13 15:04:30,0.01308
2024-06-13 15:04:31,0.020048
2024-06-13 15:04:32,0.013568
2024-06-13 15:04:33,0.010712
2024-06-13 15:04:34,0.028016
2024-06-13 15:04:35,0.151688
2024-06-13 15:04:36,0.03408
2024-06-13 15:04:37,0.045216
2024-06-13 15:04:38,0.0966
2024-06-13 15:04:39,0.097312
2024-06-13 15:04:40,0.095864
2024-06-13 15:04:41,0.11836
2024-06-13 15:04:42,0.126672
2024-06-13 15:04:43,0.12816
2024-06-13 15:04:44,0.161064
2024-06-13 15:04:45,0.183904
2024-06-13 15:04:46,0.166024
2024-06-13 15:04:47,0.152416
2024-06-13 15:04:48,0.101656
2024-06-13 15:04:49,0.067224
2024-06-13 15:04:50,0.072384
2024-06-13 15:04:51,0.045696
2024-06-13 15:04:52,0.14652
2024-06-13 15:04:53,0.08496
2024-06-13 15:04:54,0.10264
2024-06-13 15:04:55,0.025488
2024-06-13 15:04:56,0.020888
2024-06-13 15:04:57,0.01416
2024-06-13 15:04:58,0.025384
2024-06-13 15:04:59,0.010688
2024-06-13 15:05:00,0.022192
2024-06-13 15:05:01,0.019304
2024-06-13 15:05:02,0.06632
2024-06-13 15:05:03,0.03132
2024-06-13 15:05:04,0.04568
2024-06-13 15:05:05,0.056528
2024-06-13 15:05:06,0.064824
2024-06-13 15:05:07,0.026256
2024-06-13 15:05:08,0.05944
2024-06-13 15:05:09,0.02652
2024-06-13 15:05:10,0.062304
2024-06-13 15:05:11,0.035424
2024-06-13 15:05:12,0.036336
2024-06-13 15:05:13,0.065928
2024-06-13 15:05:14,0.02364
2024-06-13 15:05:15,0.040432
2024-06-13 15:05:16,0.03012
2024-06-13 15:05:17,0.029816
2024-06-13 15:05:18,0.01184
2024-06-13 15:05:19,0.042272
2024-06-13 15:05:20,0.016992
2024-06-13 15:05:21,0.042616
2024-06-13 15:05:22,0.046696
2024-06-13 15:05:23,0.051784
2024-06-13 15:05:24,0.051328
2024-06-13 15:05:25,0.039648
2024-06-13 15:05:26,0.020848
2024-06-13 15:05:27,0.011912
2024-06-13 15:05:28,0.038128
2024-06-13 15:05:29,0.017304
2024-06-13 15:05:30,0.022752
2024-06-13 15:05:31,0.024592
2024-06-13 15:05:32,0.021768
2024-06-13 15:05:33,0.022936
2024-06-13 15:05:34,0.022248
2024-06-13 15:05:35,0.01616
2024-06-13 15:05:36,0.010344
2024-06-13 15:05:37,0.016552
2024-06-13 15:05:38,0.028184
2024-06-13 15:05:39,0.027776
2024-06-13 15:05:40,0.023312
2024-06-13 15:05:41,0.048352
2024-06-13 15:05:42,0.036336
2024-06-13 15:05:43,0.12404
2024-06-13 15:05:44,0.104424
2024-06-13 15:05:45,0.042008
2024-06-13 15:05:46,0.038664
2024-06-13 15:05:47,0.048192
2024-06-13 15:05:48,0.037624
2024-06-13 15:05:49,0.05616
2024-06-13 15:05:50,0.095512
2024-06-13 15:05:51,0.088712
2024-06-13 15:05:52,0.150984
2024-06-13 15:05:53,0.128976
2024-06-13 15:05:54,0.152312
2024-06-13 15:05:55,0.140296
2024-06-13 15:05:56,0.167504
2024-06-13 15:05:57,0.170352
2024-06-13 15:05:58,0.157952
2024-06-13 15:05:59,0.113768
2024-06-13 15:06:00,0.095888
2024-06-13 15:06:01,0.095656
2024-06-13 15:06:02,0.08636
2024-06-13 15:06:03,0.11052
2024-06-13 15:06:04,0.092456
2024-06-13 15:06:05,0.100224
2024-06-13 15:06:06,0.093304
2024-06-13 15:06:07,0.102424
2024-06-13 15:06:08,0.07988
2024-06-13 15:06:09,0.061488
2024-06-13 15:06:10,0.066496
2024-06-13 15:06:11,0.052488
2024-06-13 15:06:12,0.052192
2024-06-13 15:06:13,0.093984
2024-06-13 15:06:14,0.059096
2024-06-13 15:06:15,0.0158
2024-06-13 15:06:16,0.068168
2024-06-13 15:06:17,0.200024
2024-06-13 15:06:18,0.035624
2024-06-13 15:06:19,0.182344
2024-06-13 15:06:20,0.063168
2024-06-13 15:06:21,0.078616
2024-06-13 15:06:22,0.0458
2024-06-13 15:06:23,0.030888
2024-06-13 15:06:24,0.051616
2024-06-13 15:06:25,0.037944
2024-06-13 15:06:26,0.029488
2024-06-13 15:06:27,0.03364
2024-06-13 15:06:28,0.015272
2024-06-13 15:06:29,0.035312
2024-06-13 15:06:30,0.013584
2024-06-13 15:06:31,0.019504
2024-06-13 15:06:32,0.044752
2024-06-13 15:06:33,0.020688
2024-06-13 15:06:34,0.030992
2024-06-13 15:06:35,0.028344
2024-06-13 15:06:36,0.04364
2024-06-13 15:06:37,0.0254
2024-06-13 15:06:38,0.016552
2024-06-13 15:06:39,0.043096
2024-06-13 15:06:40,0.018168
2024-06-13 15:06:41,0.020848
2024-06-13 15:06:42,0.013144
2024-06-13 15:06:43,0.01864
2024-06-13 15:06:44,0.027024
2024-06-13 15:06:45,0.025872
2024-06-13 15:06:46,0.016624
2024-06-13 15:06:47,0.032208
2024-06-13 15:06:48,0.046392
2024-06-13 15:06:49,0.124832
2024-06-13 15:06:50,0.139256
2024-06-13 15:06:51,0.020368
2024-06-13 15:06:52,0.064408
2024-06-13 15:06:53,0.04152
2024-06-13 15:06:54,0.025808
2024-06-13 15:06:55,0.081888
2024-06-13 15:06:56,0.119976
2024-06-13 15:06:57,0.113704
2024-06-13 15:06:58,0.148992
2024-06-13 15:06:59,0.148928
2024-06-13 15:07:00,0.15216
2024-06-13 15:07:01,0.1224
2024-06-13 15:07:02,0.185848
2024-06-13 15:07:03,0.175176
2024-06-13 15:07:04,0.141536
2024-06-13 15:07:05,0.131232
2024-06-13 15:07:06,0.117456
2024-06-13 15:07:07,0.133464
2024-06-13 15:07:08,0.128432
2024-06-13 15:07:09,0.123456
2024-06-13 15:07:10,0.1204
2024-06-13 15:07:11,0.108664
2024-06-13 15:07:12,0.09064
2024-06-13 15:07:13,0.093896
2024-06-13 15:07:14,0.086568
2024-06-13 15:07:15,0.080016
2024-06-13 15:07:16,0.055584
2024-06-13 15:07:17,0.05596
2024-06-13 15:07:18,0.040056
2024-06-13 15:07:19,0.03596
2024-06-13 15:07:20,0.030992
2024-06-13 15:07:21,0.024752
2024-06-13 15:07:22,0.054928
2024-06-13 15:07:23,0.02716
2024-06-13 15:07:24,0.068768
2024-06-13 15:07:25,0.215392
2024-06-13 15:07:26,0.028112
2024-06-13 15:07:27,0.195336
2024-06-13 15:07:28,0.042608
2024-06-13 15:07:29,0.075
2024-06-13 15:07:30,0.074776
2024-06-13 15:07:31,0.050672
2024-06-13 15:07:32,0.047216
2024-06-13 15:07:33,0.03188
2024-06-13 15:07:34,0.033168
2024-06-13 15:07:35,0.036448
2024-06-13 15:07:36,0.022184
2024-06-13 15:07:37,0.018264
2024-06-13 15:07:38,0.025824
2024-06-13 15:07:39,0.028216
2024-06-13 15:07:40,0.025952
2024-06-13 15:07:41,0.023296
2024-06-13 15:07:42,0.01008
2024-06-13 15:07:43,0.02924
2024-06-13 15:07:44,0.017952
2024-06-13 15:07:45,0.013096
2024-06-13 15:07:46,0.01536
2024-06-13 15:07:47,0.03416
2024-06-13 15:07:48,0.026
2024-06-13 15:07:49,0.033728
2024-06-13 15:07:50,0.034152
2024-06-13 15:07:51,0.040712
2024-06-13 15:07:52,0.023864
2024-06-13 15:07:53,0.022816
2024-06-13 15:07:54,0.032648
2024-06-13 15:07:55,0.013976
2024-06-13 15:07:56,0.02816
2024-06-13 15:07:57,0.125512
2024-06-13 15:07:58,0.132056
2024-06-13 15:07:59,0.050864
2024-06-13 15:08:00,0.049216
2024-06-13 15:08:01,0.049896
2024-06-13 15:08:02,0.040424
2024-06-13 15:08:03,0.053456
2024-06-13 15:08:04,0.110264
2024-06-13 15:08:05,0.085464
2024-06-13 15:08:06,0.10448
2024-06-13 15:08:07,0.112192
2024-06-13 15:08:08,0.152232
2024-06-13 15:08:09,0.155736
2024-06-13 15:08:10,0.16856
2024-06-13 15:08:11,0.181944
2024-06-13 15:08:12,0.174792
2024-06-13 15:08:13,0.115744
2024-06-13 15:08:14,0.139888
2024-06-13 15:08:15,0.095416
2024-06-13 15:08:16,0.111008
2024-06-13 15:08:17,0.095216
2024-06-13 15:08:18,0.098448
2024-06-13 15:08:19,0.115688
2024-06-13 15:08:20,0.084376
2024-06-13 15:08:21,0.101696
2024-06-13 15:08:22,0.074968
2024-06-13 15:08:23,0.082408
2024-06-13 15:08:24,0.060104
2024-06-13 15:08:25,0.066392
2024-06-13 15:08:26,0.069032
2024-06-13 15:08:27,0.06716
2024-06-13 15:08:28,0.08732
2024-06-13 15:08:29,0.078936
2024-06-13 15:08:30,0.039248
2024-06-13 15:08:31,0.04304
2024-06-13 15:08:32,0.021712
2024-06-13 15:08:33,0.01928
2024-06-13 15:08:34,0.03344
2024-06-13 15:08:35,0.225664
2024-06-13 15:08:36,0.032208
2024-06-13 15:08:37,0.054352
2024-06-13 15:08:38,0.026736
2024-06-13 15:08:39,0.015208
2024-06-13 15:08:40,0.07476
2024-06-13 15:08:41,0.051912
2024-06-13 15:08:42,0.042744
2024-06-13 15:08:43,0.044416
2024-06-13 15:08:44,0.039664
2024-06-13 15:08:45,0.046952
2024-06-13 15:08:46,0.049784
2024-06-13 15:08:47,0.043528
2024-06-13 15:08:48,0.041576
2024-06-13 15:08:49,0.053528
2024-06-13 15:08:50,0.055624
2024-06-13 15:08:51,0.057192
2024-06-13 15:08:52,0.072664
2024-06-13 15:08:53,0.063768
2024-06-13 15:08:54,0.056776
2024-06-13 15:08:55,0.054984
2024-06-13 15:08:56,0.059368
2024-06-13 15:08:57,0.070232
2024-06-13 15:08:58,0.070848
2024-06-13 15:08:59,0.0612
2024-06-13 15:09:00,0.052056
2024-06-13 15:09:01,0.064656
2024-06-13 15:09:02,0.06012
2024-06-13 15:09:03,0.064816
2024-06-13 15:09:04,0.056976
2024-06-13 15:09:05,0.061368
2024-06-13 15:09:06,0.054584
2024-06-13 15:09:07,0.059056
2024-06-13 15:09:08,0.057832
2024-06-13 15:09:09,0.057768
2024-06-13 15:09:10,0.047696
2024-06-13 15:09:11,0.054072
2024-06-13 15:09:12,0.052016
2024-06-13 15:09:13,0.114616
2024-06-13 15:09:14,0.044464
2024-06-13 15:09:15,0.116808
2024-06-13 15:09:16,0.125792
2024-06-13 15:09:17,0.056512
2024-06-13 15:09:18,0.034792
2024-06-13 15:09:19,0.02244
2024-06-13 15:09:20,0.02264
2024-06-13 15:09:21,0.014936
2024-06-13 15:09:22,0.017712
2024-06-13 15:09:23,0.012984
2024-06-13 15:09:24,0.01764
2024-06-13 15:09:25,0.012984
2024-06-13 15:09:26,0.014112
2024-06-13 15:09:27,0.01956
2024-06-13 15:09:28,0.01388
2024-06-13 15:09:29,0.01732
2024-06-13 15:09:30,0.017832
2024-06-13 15:09:31,0.027192
2024-06-13 15:09:32,0.024288
2024-06-13 15:09:33,0.014024
2024-06-13 15:09:34,0.0336
2024-06-13 15:09:35,0.020224
2024-06-13 15:09:36,0.015272
2024-06-13 15:09:37,0.039184
2024-06-13 15:09:38,0.027032
2024-06-13 15:09:39,0.03944
2024-06-13 15:09:40,0.040296
2024-06-13 15:09:41,0.029888
2024-06-13 15:09:42,0.037784
2024-06-13 15:09:43,0.01864
2024-06-13 15:09:44,0.055952
2024-06-13 15:09:45,0.044864
2024-06-13 15:09:46,0.033032
2024-06-13 15:09:47,0.033776
2024-06-13 15:09:48,0.02392
2024-06-13 15:09:49,0.048696
2024-06-13 15:09:50,0.044672
2024-06-13 15:09:51,0.0224
2024-06-13 15:09:52,0.020256
2024-06-13 15:09:53,0.047824
2024-06-13 15:09:54,0.033168
2024-06-13 15:09:55,0.0996
2024-06-13 15:09:56,0.175168
2024-06-13 15:09:57,0.055184
2024-06-13 15:09:58,0.027936
2024-06-13 15:09:59,0.08128
2024-06-13 15:10:00,0.056752
2024-06-13 15:10:01,0.068272
2024-06-13 15:10:02,0.11636
2024-06-13 15:10:03,0.119568
2024-06-13 15:10:04,0.111672
2024-06-13 15:10:05,0.133848
2024-06-13 15:10:06,0.14524
2024-06-13 15:10:07,0.14324
2024-06-13 15:10:08,0.196264
2024-06-13 15:10:09,0.263408
2024-06-13 15:10:10,0.17824
2024-06-13 15:10:11,0.17748
2024-06-13 15:10:12,0.12456
2024-06-13 15:10:13,0.126848
2024-06-13 15:10:14,0.140136
2024-06-13 15:10:15,0.117872
2024-06-13 15:10:16,0.154768
2024-06-13 15:10:17,0.148488
2024-06-13 15:10:18,0.125952
2024-06-13 15:10:19,0.096256
2024-06-13 15:10:20,0.111032
2024-06-13 15:10:21,0.093008
2024-06-13 15:10:22,0.075408
2024-06-13 15:10:23,0.105064
2024-06-13 15:10:24,0.050272
2024-06-13 15:10:25,0.04536
2024-06-13 15:10:26,0.036536
2024-06-13 15:10:27,0.032184
2024-06-13 15:10:28,0.018728
2024-06-13 15:10:29,0.052824
2024-06-13 15:10:30,0.23412
2024-06-13 15:10:31,0.04248
2024-06-13 15:10:32,0.20376
2024-06-13 15:10:33,0.080512
2024-06-13 15:10:34,0.098544
2024-06-13 15:10:35,0.043728
2024-06-13 15:10:36,0.041048
2024-06-13 15:10:37,0.03352
2024-06-13 15:10:38,0.066952
2024-06-13 15:10:39,0.038664
2024-06-13 15:10:40,0.03252
2024-06-13 15:10:41,0.020848
2024-06-13 15:10:42,0.018184
2024-06-13 15:10:43,0.016144
2024-06-13 15:10:44,0.019568
2024-06-13 15:10:45,0.04812
2024-06-13 15:10:46,0.03512
2024-06-13 15:10:47,0.026568
2024-06-13 15:10:48,0.043408
2024-06-13 15:10:49,0.0112
2024-06-13 15:10:50,0.019728
2024-06-13 15:10:51,0.023952
2024-06-13 15:10:52,0.031728
2024-06-13 15:10:53,0.02968
2024-06-13 15:10:54,0.018432
2024-06-13 15:10:55,0.013096
2024-06-13 15:10:56,0.015736
2024-06-13 15:10:57,0.026976
2024-06-13 15:10:58,0.024408
2024-06-13 15:10:59,0.021032
2024-06-13 15:11:00,0.027176
2024-06-13 15:11:01,0.017656
2024-06-13 15:11:02,0.070936
2024-06-13 15:11:03,0.175912
2024-06-13 15:11:04,0.057024
2024-06-13 15:11:05,0.041256
2024-06-13 15:11:06,0.067872
2024-06-13 15:11:07,0.04152
2024-06-13 15:11:08,0.056512
2024-06-13 15:11:09,0.115472
2024-06-13 15:11:10,0.113296
2024-06-13 15:11:11,0.14612
2024-06-13 15:11:12,0.15204
2024-06-13 15:11:13,0.170184
2024-06-13 15:11:14,0.183896
2024-06-13 15:11:15,0.189808
2024-06-13 15:11:16,0.240504
2024-06-13 15:11:17,0.220864
2024-06-13 15:11:18,0.152464
2024-06-13 15:11:19,0.155688
2024-06-13 15:11:20,0.1362
2024-06-13 15:11:21,0.134144
2024-06-13 15:11:22,0.130504
2024-06-13 15:11:23,0.155952
2024-06-13 15:11:24,0.1016
2024-06-13 15:11:25,0.157448
2024-06-13 15:11:26,0.116224
2024-06-13 15:11:27,0.11204
2024-06-13 15:11:28,0.18108
2024-06-13 15:11:29,0.113392
2024-06-13 15:11:30,0.067792
2024-06-13 15:11:31,0.09716
2024-06-13 15:11:32,0.056392
2024-06-13 15:11:33,0.041912
2024-06-13 15:11:34,0.03828
2024-06-13 15:11:35,0.035656
2024-06-13 15:11:36,0.026288
2024-06-13 15:11:37,0.034056
2024-06-13 15:11:38,0.049872
2024-06-13 15:11:39,0.031936
2024-06-13 15:11:40,0.032832
2024-06-13 15:11:41,0.049968
2024-06-13 15:11:42,0.028944
2024-06-13 15:11:43,0.057672
2024-06-13 15:11:44,0.255064
2024-06-13 15:11:45,0.028088
2024-06-13 15:11:46,0.335808
2024-06-13 15:11:47,0.056064
2024-06-13 15:11:48,0.082312
2024-06-13 15:11:49,0.044888
2024-06-13 15:11:50,0.031504
2024-06-13 15:11:51,0.042368
2024-06-13 15:11:52,0.053768
2024-06-13 15:11:53,0.022136
2024-06-13 15:11:54,0.016064
2024-06-13 15:11:55,0.016864
2024-06-13 15:11:56,0.02476
2024-06-13 15:11:57,0.02232
2024-06-13 15:11:58,0.015592
2024-06-13 15:11:59,0.019832
2024-06-13 15:12:00,0.01384
2024-06-13 15:12:01,0.029496
2024-06-13 15:12:02,0.01744
2024-06-13 15:12:03,0.018528
2024-06-13 15:12:04,0.01848
2024-06-13 15:12:05,0.01344
2024-06-13 15:12:06,0.132072
2024-06-13 15:12:07,0.01824
2024-06-13 15:12:08,0.025816
2024-06-13 15:12:09,0.070464
2024-06-13 15:12:10,0.125256
2024-06-13 15:12:11,0.135936
2024-06-13 15:12:12,0.151856
2024-06-13 15:12:13,0.169928
2024-06-13 15:12:14,0.176
2024-06-13 15:12:15,0.206648
2024-06-13 15:12:16,0.217192
2024-06-13 15:12:17,0.259672
2024-06-13 15:12:18,0.329792
2024-06-13 15:12:19,0.229152
2024-06-13 15:12:20,0.226336
2024-06-13 15:12:21,0.180768
2024-06-13 15:12:22,0.13376
2024-06-13 15:12:23,0.117968
2024-06-13 15:12:24,0.277432
2024-06-13 15:12:25,0.150576
2024-06-13 15:12:26,0.170392
2024-06-13 15:12:27,0.107344
2024-06-13 15:12:28,0.069952
2024-06-13 15:12:29,0.035992
2024-06-13 15:12:30,0.023904
2024-06-13 15:12:31,0.023688
2024-06-13 15:12:32,0.0374
2024-06-13 15:12:33,0.017128
2024-06-13 15:12:34,0.020656
2024-06-13 15:12:35,0.019744
2024-06-13 15:12:36,0.038088
2024-06-13 15:12:37,0.027136
2024-06-13 15:12:38,0.025776
2024-06-13 15:12:39,0.019872
2024-06-13 15:12:40,0.017224
2024-06-13 15:12:41,0.029712
2024-06-13 15:12:42,0.042792
2024-06-13 15:12:43,0.015624
2024-06-13 15:12:44,0.038872
2024-06-13 15:12:45,0.031424
2024-06-13 15:12:46,0.016968
2024-06-13 15:12:47,0.019712
2024-06-13 15:12:48,0.02868
2024-06-13 15:12:49,0.032336
2024-06-13 15:12:50,0.035416
2024-06-13 15:12:51,0.019432
2024-06-13 15:12:52,0.016808
2024-06-13 15:12:53,0.023112
2024-06-13 15:12:54,0.02616
2024-06-13 15:12:55,0.14456
2024-06-13 15:12:56,0.167752
2024-06-13 15:12:57,0.026968
2024-06-13 15:12:58,0.062408
2024-06-13 15:12:59,0.03996
2024-06-13 15:13:00,0.037728
2024-06-13 15:13:01,0.089472
2024-06-13 15:13:02,0.132792
2024-06-13 15:13:03,0.117104
2024-06-13 15:13:04,0.150672
2024-06-13 15:13:05,0.178392
2024-06-13 15:13:06,0.202344
2024-06-13 15:13:07,0.200712
2024-06-13 15:13:08,0.243552
2024-06-13 15:13:09,0.234408
2024-06-13 15:13:10,0.201984
2024-06-13 15:13:11,0.171728
2024-06-13 15:13:12,0.184824
2024-06-13 15:13:13,0.157944
2024-06-13 15:13:14,0.146592
2024-06-13 15:13:15,0.131224
2024-06-13 15:13:16,0.080896
2024-06-13 15:13:17,0.090336
2024-06-13 15:13:18,0.094368
2024-06-13 15:13:19,0.1072
2024-06-13 15:13:20,0.081648
2024-06-13 15:13:21,0.063024
2024-06-13 15:13:22,0.079896
2024-06-13 15:13:23,0.079112
2024-06-13 15:13:24,0.050088
2024-06-13 15:13:25,0.045784
2024-06-13 15:13:26,0.053128
2024-06-13 15:13:27,0.051904
2024-06-13 15:13:28,0.038408
2024-06-13 15:13:29,0.028208
2024-06-13 15:13:30,0.065328
2024-06-13 15:13:31,0.02284
2024-06-13 15:13:32,0.05108
2024-06-13 15:13:33,0.248408
2024-06-13 15:13:34,0.060632
2024-06-13 15:13:35,0.19056
2024-06-13 15:13:36,0.099104
2024-06-13 15:13:37,0.039256
2024-06-13 15:13:38,0.060328
2024-06-13 15:13:39,0.045024
2024-06-13 15:13:40,0.014568
2024-06-13 15:13:41,0.010712
2024-06-13 15:13:42,0.016544
2024-06-13 15:13:43,0.01364
2024-06-13 15:13:44,0.05116
2024-06-13 15:13:45,0.069352
2024-06-13 15:13:46,0.044608
2024-06-13 15:13:47,0.05504
2024-06-13 15:13:48,0.062624
2024-06-13 15:13:49,0.066168
2024-06-13 15:13:50,0.050728
2024-06-13 15:13:51,0.052592
2024-06-13 15:13:52,0.022448
2024-06-13 15:13:53,0.044584
2024-06-13 15:13:54,0.0412
2024-06-13 15:13:55,0.077744
2024-06-13 15:13:56,0.054
2024-06-13 15:13:57,0.026512
2024-06-13 15:13:58,0.046744
2024-06-13 15:13:59,0.02564
2024-06-13 15:14:00,0.016032
2024-06-13 15:14:01,0.035088
2024-06-13 15:14:02,0.05336
2024-06-13 15:14:03,0.036232
2024-06-13 15:14:04,0.030016
2024-06-13 15:14:05,0.067464
2024-06-13 15:14:06,0.0302
2024-06-13 15:14:07,0.020248
2024-06-13 15:14:08,0.012584
2024-06-13 15:14:09,0.019408
2024-06-13 15:14:10,0.05036
2024-06-13 15:14:11,0.018376
2024-06-13 15:14:12,0.02324
2024-06-13 15:14:13,0.03172
2024-06-13 15:14:14,0.028816
2024-06-13 15:14:15,0.031016
2024-06-13 15:14:16,0.013208
2024-06-13 15:14:17,0.016288
2024-06-13 15:14:18,0.022792
2024-06-13 15:14:19,0.026704
2024-06-13 15:14:20,0.026952
2024-06-13 15:14:21,0.024816
2024-06-13 15:14:22,0.016504
2024-06-13 15:14:23,0.028048
2024-06-13 15:14:24,0.01904
2024-06-13 15:14:25,0.0778
2024-06-13 15:14:26,0.105496
2024-06-13 15:14:27,0.162272
2024-06-13 15:14:28,0.017432
2024-06-13 15:14:29,0.083048
2024-06-13 15:14:30,0.06244
2024-06-13 15:14:31,0.045624
2024-06-13 15:14:32,0.10288
2024-06-13 15:14:33,0.192
2024-06-13 15:14:34,0.203464
2024-06-13 15:14:35,0.2016
2024-06-13 15:14:36,0.285056
2024-06-13 15:14:37,0.239176
2024-06-13 15:14:38,0.297568
2024-06-13 15:14:39,0.353032
2024-06-13 15:14:40,0.341976
2024-06-13 15:14:41,0.254424
2024-06-13 15:14:42,0.246712
2024-06-13 15:14:43,0.195248
2024-06-13 15:14:44,0.203792
2024-06-13 15:14:45,0.172536
2024-06-13 15:14:46,0.199536
2024-06-13 15:14:47,0.166808
2024-06-13 15:14:48,0.16912
2024-06-13 15:14:49,0.148416
2024-06-13 15:14:50,0.07568
2024-06-13 15:14:51,0.075608
2024-06-13 15:14:52,0.0832
2024-06-13 15:14:53,0.070816
2024-06-13 15:14:54,0.051968
2024-06-13 15:14:55,0.025696
2024-06-13 15:14:56,0.042224
2024-06-13 15:14:57,0.010712
2024-06-13 15:14:58,0.014592
2024-06-13 15:14:59,0.057264
2024-06-13 15:15:00,0.270664
2024-06-13 15:15:01,0.046672
2024-06-13 15:15:02,0.293936
2024-06-13 15:15:03,0.07056
2024-06-13 15:15:04,0.084528
2024-06-13 15:15:05,0.027832
2024-06-13 15:15:06,0.021984
2024-06-13 15:15:07,0.025432
2024-06-13 15:15:08,0.037648
2024-06-13 15:15:09,0.031336
2024-06-13 15:15:10,0.022024
2024-06-13 15:15:11,0.0282
2024-06-13 15:15:12,0.021992
2024-06-13 15:15:13,0.023896
2024-06-13 15:15:14,0.031672
2024-06-13 15:15:15,0.017872
2024-06-13 15:15:16,0.02056
2024-06-13 15:15:17,0.019456
2024-06-13 15:15:18,0.019896
2024-06-13 15:15:19,0.026576
2024-06-13 15:15:20,0.018152
2024-06-13 15:15:21,0.028048
2024-06-13 15:15:22,0.042928
2024-06-13 15:15:23,0.054056
2024-06-13 15:15:24,0.03024
2024-06-13 15:15:25,0.055432
2024-06-13 15:15:26,0.024816
2024-06-13 15:15:27,0.013504
2024-06-13 15:15:28,0.013208
2024-06-13 15:15:29,0.025032
2024-06-13 15:15:30,0.033016
2024-06-13 15:15:31,0.026128
2024-06-13 15:15:32,0.044824
2024-06-13 15:15:33,0.046488
2024-06-13 15:15:34,0.027888
2024-06-13 15:15:35,0.022544
2024-06-13 15:15:36,0.028592
2024-06-13 15:15:37,0.061496
2024-06-13 15:15:38,0.04476
2024-06-13 15:15:39,0.024384
2024-06-13 15:15:40,0.021928
2024-06-13 15:15:41,0.048384
2024-06-13 15:15:42,0.0302
2024-06-13 15:15:43,0.02456
2024-06-13 15:15:44,0.030808
2024-06-13 15:15:45,0.055248
2024-06-13 15:15:46,0.145056
2024-06-13 15:15:47,0.153856
2024-06-13 15:15:48,0.02928
2024-06-13 15:15:49,0.056048
2024-06-13 15:15:50,0.048192
2024-06-13 15:15:51,0.035304
2024-06-13 15:15:52,0.12468
2024-06-13 15:15:53,0.153496
2024-06-13 15:15:54,0.17672
2024-06-13 15:15:55,0.241312
2024-06-13 15:15:56,0.275744
2024-06-13 15:15:57,0.25712
2024-06-13 15:15:58,0.241616
2024-06-13 15:15:59,0.268376
2024-06-13 15:16:00,0.241448
2024-06-13 15:16:01,0.24876
2024-06-13 15:16:02,0.250664
2024-06-13 15:16:03,0.177496
2024-06-13 15:16:04,0.194416
2024-06-13 15:16:05,0.195448
2024-06-13 15:16:06,0.163576
2024-06-13 15:16:07,0.16656
2024-06-13 15:16:08,0.180176
2024-06-13 15:16:09,0.159664
2024-06-13 15:16:10,0.422456
2024-06-13 15:16:11,0.086768
2024-06-13 15:16:12,0.058112
2024-06-13 15:16:13,0.077392
2024-06-13 15:16:14,0.076808
2024-06-13 15:16:15,0.084544
2024-06-13 15:16:16,0.043264
2024-06-13 15:16:17,0.0518
2024-06-13 15:16:18,0.053944
2024-06-13 15:16:19,0.060824
2024-06-13 15:16:20,0.05072
2024-06-13 15:16:21,0.063064
2024-06-13 15:16:22,0.063328
2024-06-13 15:16:23,0.057136
2024-06-13 15:16:24,0.054048
2024-06-13 15:16:25,0.061688
2024-06-13 15:16:26,0.064928
2024-06-13 15:16:27,0.061648
2024-06-13 15:16:28,0.064216
2024-06-13 15:16:29,0.06596
2024-06-13 15:16:30,0.081248
2024-06-13 15:16:31,0.100624
2024-06-13 15:16:32,0.018488
2024-06-13 15:16:33,0.045304
2024-06-13 15:16:34,0.03264
2024-06-13 15:16:35,0.27144
2024-06-13 15:16:36,0.054472
2024-06-13 15:16:37,0.08516
2024-06-13 15:16:38,0.043248
2024-06-13 15:16:39,0.049336
2024-06-13 15:16:40,0.03884
2024-06-13 15:16:41,0.047192
2024-06-13 15:16:42,0.036384
2024-06-13 15:16:43,0.050992
2024-06-13 15:16:44,0.055656
2024-06-13 15:16:45,0.055288
2024-06-13 15:16:46,0.050496
2024-06-13 15:16:47,0.052256
2024-06-13 15:16:48,0.05608
2024-06-13 15:16:49,0.065144
2024-06-13 15:16:50,0.042528
2024-06-13 15:16:51,0.058512
2024-06-13 15:16:52,0.062176
2024-06-13 15:16:53,0.068088
2024-06-13 15:16:54,0.072144
2024-06-13 15:16:55,0.064872
2024-06-13 15:16:56,0.059768
2024-06-13 15:16:57,0.051912
2024-06-13 15:16:58,0.05792
2024-06-13 15:16:59,0.04864
2024-06-13 15:17:00,0.056416
2024-06-13 15:17:01,0.053096
2024-06-13 15:17:02,0.045896
2024-06-13 15:17:03,0.044312
2024-06-13 15:17:04,0.055712
2024-06-13 15:17:05,0.047144
2024-06-13 15:17:06,0.049648
2024-06-13 15:17:07,0.0494
2024-06-13 15:17:08,0.039776
2024-06-13 15:17:09,0.039576
2024-06-13 15:17:10,0.102984
2024-06-13 15:17:11,0.028024
2024-06-13 15:17:12,0.10552
2024-06-13 15:17:13,0.132944
2024-06-13 15:17:14,0.060112
2024-06-13 15:17:15,0.033272
2024-06-13 15:17:16,0.045224
2024-06-13 15:17:17,0.02632
2024-06-13 15:17:18,0.05068
2024-06-13 15:17:19,0.038104
2024-06-13 15:17:20,0.014552
2024-06-13 15:17:21,0.038312
2024-06-13 15:17:22,0.0524
2024-06-13 15:17:23,0.013024
2024-06-13 15:17:24,0.038496
2024-06-13 15:17:25,0.046448
2024-06-13 15:17:26,0.030584
2024-06-13 15:17:27,0.0222
2024-06-13 15:17:28,0.0478
2024-06-13 15:17:29,0.039312
2024-06-13 15:17:30,0.032008
2024-06-13 15:17:31,0.028672
2024-06-13 15:17:32,0.049256
2024-06-13 15:17:33,0.02248
2024-06-13 15:17:34,0.032464
2024-06-13 15:17:35,0.013392
2024-06-13 15:17:36,0.029136
2024-06-13 15:17:37,0.017528
2024-06-13 15:17:38,0.014256
2024-06-13 15:17:39,0.014624
2024-06-13 15:17:40,0.053024
2024-06-13 15:17:41,0.03004
2024-06-13 15:17:42,0.043056
2024-06-13 15:17:43,0.03812
2024-06-13 15:17:44,0.037152
2024-06-13 15:17:45,0.023008
2024-06-13 15:17:46,0.059216
2024-06-13 15:17:47,0.053672
2024-06-13 15:17:48,0.022648
2024-06-13 15:17:49,0.014648
2024-06-13 15:17:50,0.029312
2024-06-13 15:17:51,0.010712
2024-06-13 15:17:52,0.07648
2024-06-13 15:17:53,0.096224
2024-06-13 15:17:54,0.166112
2024-06-13 15:17:55,0.03084
2024-06-13 15:17:56,0.086352
2024-06-13 15:17:57,0.043472
2024-06-13 15:17:58,0.048128
2024-06-13 15:17:59,0.157496
2024-06-13 15:18:00,0.1832
2024-06-13 15:18:01,0.241912
2024-06-13 15:18:02,0.234296
2024-06-13 15:18:03,0.268632
2024-06-13 15:18:04,0.282936
2024-06-13 15:18:05,0.297968
2024-06-13 15:18:06,0.329544
2024-06-13 15:18:07,0.272616
2024-06-13 15:18:08,0.197424
2024-06-13 15:18:09,0.213824
2024-06-13 15:18:10,0.165296
2024-06-13 15:18:11,0.212856
2024-06-13 15:18:12,0.15172
2024-06-13 15:18:13,0.1762
2024-06-13 15:18:14,0.10984
2024-06-13 15:18:15,0.134776
2024-06-13 15:18:16,0.138272
2024-06-13 15:18:17,0.126904
2024-06-13 15:18:18,0.087816
2024-06-13 15:18:19,0.150376
2024-06-13 15:18:20,0.080168
2024-06-13 15:18:21,0.09332
2024-06-13 15:18:22,0.054536
2024-06-13 15:18:23,0.070176
2024-06-13 15:18:24,0.05268
2024-06-13 15:18:25,0.030568
2024-06-13 15:18:26,0.019184
2024-06-13 15:18:27,0.04412
2024-06-13 15:18:28,0.029664
2024-06-13 15:18:29,0.055496
2024-06-13 15:18:30,0.296096
2024-06-13 15:18:31,0.046
2024-06-13 15:18:32,0.305344
2024-06-13 15:18:33,0.0586
2024-06-13 15:18:34,0.094664
2024-06-13 15:18:35,0.038504
2024-06-13 15:18:36,0.034472
2024-06-13 15:18:37,0.02312
2024-06-13 15:18:38,0.029904
2024-06-13 15:18:39,0.032344
2024-06-13 15:18:40,0.04972
2024-06-13 15:18:41,0.060984
2024-06-13 15:18:42,0.043808
2024-06-13 15:18:43,0.050944
2024-06-13 15:18:44,0.035808
2024-06-13 15:18:45,0.078656
2024-06-13 15:18:46,0.067632
2024-06-13 15:18:47,0.033104
2024-06-13 15:18:48,0.026624
2024-06-13 15:18:49,0.055808
2024-06-13 15:18:50,0.034568
2024-06-13 15:18:51,0.026872
2024-06-13 15:18:52,0.025728
2024-06-13 15:18:53,0.065608
2024-06-13 15:18:54,0.049296
2024-06-13 15:18:55,0.047072
2024-06-13 15:18:56,0.055792
2024-06-13 15:18:57,0.019376
2024-06-13 15:18:58,0.02892
2024-06-13 15:18:59,0.0594
2024-06-13 15:19:00,0.032584
2024-06-13 15:19:01,0.038864
2024-06-13 15:19:02,0.023472
2024-06-13 15:19:03,0.029608
2024-06-13 15:19:04,0.037968
2024-06-13 15:19:05,0.0346
2024-06-13 15:19:06,0.0224
2024-06-13 15:19:07,0.031576
2024-06-13 15:19:08,0.024392
2024-06-13 15:19:09,0.045352
2024-06-13 15:19:10,0.018208
2024-06-13 15:19:11,0.024368
2024-06-13 15:19:12,0.044328
2024-06-13 15:19:13,0.055016
2024-06-13 15:19:14,0.032024
2024-06-13 15:19:15,0.042312
2024-06-13 15:19:16,0.16448
2024-06-13 15:19:17,0.165992
2024-06-13 15:19:18,0.030832
2024-06-13 15:19:19,0.073344
2024-06-13 15:19:20,0.054024
2024-06-13 15:19:21,0.02392
2024-06-13 15:19:22,0.146616
2024-06-13 15:19:23,0.157768
2024-06-13 15:19:24,0.234848
2024-06-13 15:19:25,0.238088
2024-06-13 15:19:26,0.30164
2024-06-13 15:19:27,0.312696
2024-06-13 15:19:28,0.307904
2024-06-13 15:19:29,0.306064
2024-06-13 15:19:30,0.308296
2024-06-13 15:19:31,0.278224
2024-06-13 15:19:32,0.300104
2024-06-13 15:19:33,0.252664
2024-06-13 15:19:34,0.306296
2024-06-13 15:19:35,0.31232
2024-06-13 15:19:36,0.223984
2024-06-13 15:19:37,0.218816
2024-06-13 15:19:38,0.142424
2024-06-13 15:19:39,0.152496
2024-06-13 15:19:40,0.059152
2024-06-13 15:19:41,0.071896
2024-06-13 15:19:42,0.097104
2024-06-13 15:19:43,0.056008
2024-06-13 15:19:44,0.048024
2024-06-13 15:19:45,0.072224
2024-06-13 15:19:46,0.044704
2024-06-13 15:19:47,0.044216
2024-06-13 15:19:48,0.058688
2024-06-13 15:19:49,0.310336
2024-06-13 15:19:50,0.069368
2024-06-13 15:19:51,0.429656
2024-06-13 15:19:52,0.100792
2024-06-13 15:19:53,0.058536
2024-06-13 15:19:54,0.045304
2024-06-13 15:19:55,0.0318
2024-06-13 15:19:56,0.047424
2024-06-13 15:19:57,0.03616
2024-06-13 15:19:58,0.045608
2024-06-13 15:19:59,0.037056
2024-06-13 15:20:00,0.038936
2024-06-13 15:20:01,0.029496
2024-06-13 15:20:02,0.039744
2024-06-13 15:20:03,0.042736
2024-06-13 15:20:04,0.025592
2024-06-13 15:20:05,0.035992
2024-06-13 15:20:06,0.031184
2024-06-13 15:20:07,0.055896
2024-06-13 15:20:08,0.024816
2024-06-13 15:20:09,0.027264
2024-06-13 15:20:10,0.021976
2024-06-13 15:20:11,0.185896
2024-06-13 15:20:12,0.018552
2024-06-13 15:20:13,0.0242
2024-06-13 15:20:14,0.14016
2024-06-13 15:20:15,0.186848
2024-06-13 15:20:16,0.18672
2024-06-13 15:20:17,0.2298
2024-06-13 15:20:18,0.213264
2024-06-13 15:20:19,0.311976
2024-06-13 15:20:20,0.386912
2024-06-13 15:20:21,0.340224
2024-06-13 15:20:22,0.357968
2024-06-13 15:20:23,0.346448
2024-06-13 15:20:24,0.301616
2024-06-13 15:20:25,0.265992
2024-06-13 15:20:26,0.21648
2024-06-13 15:20:27,0.346416
2024-06-13 15:20:28,0.148264
2024-06-13 15:20:29,0.212352
2024-06-13 15:20:30,0.102288
2024-06-13 15:20:31,0.058456
2024-06-13 15:20:32,0.035472
2024-06-13 15:20:33,0.045552
2024-06-13 15:20:34,0.082416
2024-06-13 15:20:35,0.070456
2024-06-13 15:20:36,0.058352
2024-06-13 15:20:37,0.05224
2024-06-13 15:20:38,0.052472
2024-06-13 15:20:39,0.035328
2024-06-13 15:20:40,0.031632
2024-06-13 15:20:41,0.030456
2024-06-13 15:20:42,0.039448
2024-06-13 15:20:43,0.05092
2024-06-13 15:20:44,0.025336
2024-06-13 15:20:45,0.03556
2024-06-13 15:20:46,0.048088
2024-06-13 15:20:47,0.019128
2024-06-13 15:20:48,0.023744
2024-06-13 15:20:49,0.01852
2024-06-13 15:20:50,0.017096
2024-06-13 15:20:51,0.03428
2024-06-13 15:20:52,0.032112
2024-06-13 15:20:53,0.033504
2024-06-13 15:20:54,0.06588
2024-06-13 15:20:55,0.055592
2024-06-13 15:20:56,0.044048
2024-06-13 15:20:57,0.02844
2024-06-13 15:20:58,0.166
2024-06-13 15:20:59,0.168656
2024-06-13 15:21:00,0.025536
2024-06-13 15:21:01,0.065176
2024-06-13 15:21:02,0.065952
2024-06-13 15:21:03,0.033232
2024-06-13 15:21:04,0.124016
2024-06-13 15:21:05,0.158392
2024-06-13 15:21:06,0.202536
2024-06-13 15:21:07,0.336864
2024-06-13 15:21:08,0.361448
2024-06-13 15:21:09,0.394648
2024-06-13 15:21:10,0.2414
2024-06-13 15:21:11,0.379824
2024-06-13 15:21:12,0.295168
2024-06-13 15:21:13,0.278632
2024-06-13 15:21:14,0.267024
2024-06-13 15:21:15,0.249816
2024-06-13 15:21:16,0.23892
2024-06-13 15:21:17,0.110696
2024-06-13 15:21:18,0.119216
2024-06-13 15:21:19,0.150384
2024-06-13 15:21:20,0.113432
2024-06-13 15:21:21,0.132576
2024-06-13 15:21:22,0.140992
2024-06-13 15:21:23,0.079696
2024-06-13 15:21:24,0.091592
2024-06-13 15:21:25,0.085536
2024-06-13 15:21:26,0.052824
2024-06-13 15:21:27,0.077728
2024-06-13 15:21:28,0.052552
2024-06-13 15:21:29,0.058832
2024-06-13 15:21:30,0.089304
2024-06-13 15:21:31,0.032512
2024-06-13 15:21:32,0.089944
2024-06-13 15:21:33,0.300016
2024-06-13 15:21:34,0.07116
2024-06-13 15:21:35,0.254856
2024-06-13 15:21:36,0.107528
2024-06-13 15:21:37,0.05856
2024-06-13 15:21:38,0.03696
2024-06-13 15:21:39,0.026656
2024-06-13 15:21:40,0.020984
2024-06-13 15:21:41,0.025048
2024-06-13 15:21:42,0.043144
2024-06-13 15:21:43,0.019664
2024-06-13 15:21:44,0.022752
2024-06-13 15:21:45,0.03956
2024-06-13 15:21:46,0.045616
2024-06-13 15:21:47,0.088912
2024-06-13 15:21:48,0.053872
2024-06-13 15:21:49,0.026472
2024-06-13 15:21:50,0.019768
2024-06-13 15:21:51,0.047792
2024-06-13 15:21:52,0.019784
2024-06-13 15:21:53,0.024288
2024-06-13 15:21:54,0.031888
2024-06-13 15:21:55,0.021224
2024-06-13 15:21:56,0.019976
2024-06-13 15:21:57,0.016376
2024-06-13 15:21:58,0.025856
2024-06-13 15:21:59,0.030784
2024-06-13 15:22:00,0.03508
2024-06-13 15:22:01,0.057816
2024-06-13 15:22:02,0.04756
2024-06-13 15:22:03,0.051016
2024-06-13 15:22:04,0.05532
2024-06-13 15:22:05,0.033232
2024-06-13 15:22:06,0.040592
2024-06-13 15:22:07,0.01332
2024-06-13 15:22:08,0.029192
2024-06-13 15:22:09,0.02308
2024-06-13 15:22:10,0.02344
2024-06-13 15:22:11,0.045112
2024-06-13 15:22:12,0.023456
2024-06-13 15:22:13,0.032896
2024-06-13 15:22:14,0.048704
2024-06-13 15:22:15,0.050592
2024-06-13 15:22:16,0.042432
2024-06-13 15:22:17,0.025744
2024-06-13 15:22:18,0.0282
2024-06-13 15:22:19,0.017928
2024-06-13 15:22:20,0.023496
2024-06-13 15:22:21,0.02568
2024-06-13 15:22:22,0.02616
2024-06-13 15:22:23,0.043904
2024-06-13 15:22:24,0.033816
2024-06-13 15:22:25,0.143968
2024-06-13 15:22:26,0.177984
2024-06-13 15:22:27,0.079256
2024-06-13 15:22:28,0.066128
2024-06-13 15:22:29,0.06884
2024-06-13 15:22:30,0.063016
2024-06-13 15:22:31,0.050376
2024-06-13 15:22:32,0.208584
2024-06-13 15:22:33,0.191552
2024-06-13 15:22:34,0.308432
2024-06-13 15:22:35,0.31692
2024-06-13 15:22:36,0.431048
2024-06-13 15:22:37,0.413696
2024-06-13 15:22:38,0.396312
2024-06-13 15:22:39,0.393336
2024-06-13 15:22:40,0.339936
2024-06-13 15:22:41,0.334288
2024-06-13 15:22:42,0.228296
2024-06-13 15:22:43,0.267736
2024-06-13 15:22:44,0.25524
2024-06-13 15:22:45,0.281736
2024-06-13 15:22:46,0.17948
2024-06-13 15:22:47,0.18724
2024-06-13 15:22:48,0.149848
2024-06-13 15:22:49,0.115424
2024-06-13 15:22:50,0.1194
2024-06-13 15:22:51,0.0952
2024-06-13 15:22:52,0.109288
2024-06-13 15:22:53,0.09388
2024-06-13 15:22:54,0.096472
2024-06-13 15:22:55,0.047736
2024-06-13 15:22:56,0.039512
2024-06-13 15:22:57,0.058488
2024-06-13 15:22:58,0.039128
2024-06-13 15:22:59,0.036136
2024-06-13 15:23:00,0.048584
2024-06-13 15:23:01,0.035768
2024-06-13 15:23:02,0.031464
2024-06-13 15:23:03,0.066264
2024-06-13 15:23:04,0.321872
2024-06-13 15:23:05,0.05132
2024-06-13 15:23:06,0.28876
2024-06-13 15:23:07,0.06312
2024-06-13 15:23:08,0.078552
2024-06-13 15:23:09,0.06028
2024-06-13 15:23:10,0.07692
2024-06-13 15:23:11,0.045064
2024-06-13 15:23:12,0.025176
2024-06-13 15:23:13,0.033504
2024-06-13 15:23:14,0.04992
2024-06-13 15:23:15,0.06204
2024-06-13 15:23:16,0.029984
2024-06-13 15:23:17,0.050528
2024-06-13 15:23:18,0.043944
2024-06-13 15:23:19,0.029256
2024-06-13 15:23:20,0.043552
2024-06-13 15:23:21,0.034096
2024-06-13 15:23:22,0.026928
2024-06-13 15:23:23,0.048416
2024-06-13 15:23:24,0.025456
2024-06-13 15:23:25,0.047376
2024-06-13 15:23:26,0.070104
2024-06-13 15:23:27,0.055616
2024-06-13 15:23:28,0.05436
2024-06-13 15:23:29,0.027504
2024-06-13 15:23:30,0.039696
2024-06-13 15:23:31,0.040112
2024-06-13 15:23:32,0.026296
2024-06-13 15:23:33,0.02368
2024-06-13 15:23:34,0.035936
2024-06-13 15:23:35,0.023832
2024-06-13 15:23:36,0.186936
2024-06-13 15:23:37,0.2188
2024-06-13 15:23:38,0.06472
2024-06-13 15:23:39,0.07304
2024-06-13 15:23:40,0.062776
2024-06-13 15:23:41,0.03208
2024-06-13 15:23:42,0.142952
2024-06-13 15:23:43,0.190904
2024-06-13 15:23:44,0.23504
2024-06-13 15:23:45,0.286488
2024-06-13 15:23:46,0.340184
2024-06-13 15:23:47,0.413776
2024-06-13 15:23:48,0.437416
2024-06-13 15:23:49,0.376528
2024-06-13 15:23:50,0.361824
2024-06-13 15:23:51,0.371352
2024-06-13 15:23:52,0.348856
2024-06-13 15:23:53,0.254488
2024-06-13 15:23:54,0.30688
2024-06-13 15:23:55,0.234496
2024-06-13 15:23:56,0.345424
2024-06-13 15:23:57,0.157392
2024-06-13 15:23:58,0.18064
2024-06-13 15:23:59,0.118664
2024-06-13 15:24:00,0.220952
2024-06-13 15:24:01,0.21788
2024-06-13 15:24:02,0.121624
2024-06-13 15:24:03,0.118424
2024-06-13 15:24:04,0.128648
2024-06-13 15:24:05,0.089296
2024-06-13 15:24:06,0.096984
2024-06-13 15:24:07,0.109592
2024-06-13 15:24:08,0.080288
2024-06-13 15:24:09,0.038456
2024-06-13 15:24:10,0.025096
2024-06-13 15:24:11,0.017688
2024-06-13 15:24:12,0.044792
2024-06-13 15:24:13,0.286144
2024-06-13 15:24:14,0.060784
2024-06-13 15:24:15,0.092976
2024-06-13 15:24:16,0.051616
2024-06-13 15:24:17,0.042248
2024-06-13 15:24:18,0.02896
2024-06-13 15:24:19,0.02752
2024-06-13 15:24:20,0.023408
2024-06-13 15:24:21,0.050632
2024-06-13 15:24:22,0.053736
2024-06-13 15:24:23,0.04616
2024-06-13 15:24:24,0.05152
2024-06-13 15:24:25,0.052696
2024-06-13 15:24:26,0.062584
2024-06-13 15:24:27,0.061152
2024-06-13 15:24:28,0.045248
2024-06-13 15:24:29,0.056624
2024-06-13 15:24:30,0.059872
2024-06-13 15:24:31,0.053704
2024-06-13 15:24:32,0.043648
2024-06-13 15:24:33,0.051496
2024-06-13 15:24:34,0.055704
2024-06-13 15:24:35,0.054712
2024-06-13 15:24:36,0.055304
2024-06-13 15:24:37,0.053352
2024-06-13 15:24:38,0.050312
2024-06-13 15:24:39,0.057744
2024-06-13 15:24:40,0.050688
2024-06-13 15:24:41,0.051624
2024-06-13 15:24:42,0.040568
2024-06-13 15:24:43,0.053488
2024-06-13 15:24:44,0.037296
2024-06-13 15:24:45,0.038416
2024-06-13 15:24:46,0.046376
2024-06-13 15:24:47,0.045984
2024-06-13 15:24:48,0.108616
2024-06-13 15:24:49,0.02492
2024-06-13 15:24:50,0.126368
2024-06-13 15:24:51,0.119136
2024-06-13 15:24:52,0.125784
2024-06-13 15:24:53,0.069912
2024-06-13 15:24:54,0.047072
2024-06-13 15:24:55,0.037816
2024-06-13 15:24:56,0.042416
2024-06-13 15:24:57,0.036808
2024-06-13 15:24:58,0.022448
2024-06-13 15:24:59,0.021384
2024-06-13 15:25:00,0.038128
2024-06-13 15:25:01,0.048832
2024-06-13 15:25:02,0.020584
2024-06-13 15:25:03,0.024784
2024-06-13 15:25:04,0.019968
2024-06-13 15:25:05,0.033424
2024-06-13 15:25:06,0.04128
2024-06-13 15:25:07,0.017408
2024-06-13 15:25:08,0.03796
2024-06-13 15:25:09,0.018928
2024-06-13 15:25:10,0.028104
2024-06-13 15:25:11,0.022448
2024-06-13 15:25:12,0.033416
2024-06-13 15:25:13,0.019944
2024-06-13 15:25:14,0.017088
2024-06-13 15:25:15,0.042568
2024-06-13 15:25:16,0.020528
2024-06-13 15:25:17,0.017568
2024-06-13 15:25:18,0.01764
2024-06-13 15:25:19,0.017408
2024-06-13 15:25:20,0.131784
2024-06-13 15:25:21,0.095048
2024-06-13 15:25:22,0.179056
2024-06-13 15:25:23,0.019968
2024-06-13 15:25:24,0.085392
2024-06-13 15:25:25,0.04824
2024-06-13 15:25:26,0.060992
2024-06-13 15:25:27,0.184384
2024-06-13 15:25:28,0.21148
2024-06-13 15:25:29,0.360664
2024-06-13 15:25:30,0.421288
2024-06-13 15:25:31,0.426848
2024-06-13 15:25:32,0.462056
2024-06-13 15:25:33,0.520568
2024-06-13 15:25:34,0.600576
2024-06-13 15:25:35,0.426648
2024-06-13 15:25:36,0.419424
2024-06-13 15:25:37,0.43256
2024-06-13 15:25:38,0.433192
2024-06-13 15:25:39,0.261392
2024-06-13 15:25:40,0.338872
2024-06-13 15:25:41,0.404264
2024-06-13 15:25:42,0.300168
2024-06-13 15:25:43,0.298168
2024-06-13 15:25:44,0.192576
2024-06-13 15:25:45,0.192488
2024-06-13 15:25:46,0.146632
2024-06-13 15:25:47,0.224624
2024-06-13 15:25:48,0.133536
2024-06-13 15:25:49,0.187328
2024-06-13 15:25:50,0.07028
2024-06-13 15:25:51,0.08108
2024-06-13 15:25:52,0.05532
2024-06-13 15:25:53,0.02944
2024-06-13 15:25:54,0.030216
2024-06-13 15:25:55,0.023624
2024-06-13 15:25:56,0.0536
2024-06-13 15:25:57,0.32708
2024-06-13 15:25:58,0.046312
2024-06-13 15:25:59,0.276296
2024-06-13 15:26:00,0.056872
2024-06-13 15:26:01,0.067104
2024-06-13 15:26:02,0.057936
2024-06-13 15:26:03,0.03808
2024-06-13 15:26:04,0.03264
2024-06-13 15:26:05,0.042048
2024-06-13 15:26:06,0.022784
2024-06-13 15:26:07,0.026104
2024-06-13 15:26:08,0.025272
2024-06-13 15:26:09,0.013672
2024-06-13 15:26:10,0.01788
2024-06-13 15:26:11,0.02184
2024-06-13 15:26:12,0.016264
2024-06-13 15:26:13,0.021616
2024-06-13 15:26:14,0.04508
2024-06-13 15:26:15,0.038744
2024-06-13 15:26:16,0.023536
2024-06-13 15:26:17,0.039376
2024-06-13 15:26:18,0.017416
2024-06-13 15:26:19,0.021616
2024-06-13 15:26:20,0.01184
2024-06-13 15:26:21,0.03144
2024-06-13 15:26:22,0.019328
2024-06-13 15:26:23,0.031112
2024-06-13 15:26:24,0.031656
2024-06-13 15:26:25,0.014912
2024-06-13 15:26:26,0.026976
2024-06-13 15:26:27,0.02008
2024-06-13 15:26:28,0.014776
2024-06-13 15:26:29,0.20868
2024-06-13 15:26:30,0.170296
2024-06-13 15:26:31,0.046752
2024-06-13 15:26:32,0.065344
2024-06-13 15:26:33,0.027864
2024-06-13 15:26:34,0.042184
2024-06-13 15:26:35,0.100368
2024-06-13 15:26:36,0.2096
2024-06-13 15:26:37,0.187664
2024-06-13 15:26:38,0.302904
2024-06-13 15:26:39,0.414672
2024-06-13 15:26:40,0.406584
2024-06-13 15:26:41,0.417672
2024-06-13 15:26:42,0.44768
2024-06-13 15:26:43,0.460632
2024-06-13 15:26:44,0.407392
2024-06-13 15:26:45,0.370328
2024-06-13 15:26:46,0.414552
2024-06-13 15:26:47,0.386384
2024-06-13 15:26:48,0.327168
2024-06-13 15:26:49,0.257128
2024-06-13 15:26:50,0.359928
2024-06-13 15:26:51,0.297496
2024-06-13 15:26:52,0.38508
2024-06-13 15:26:53,0.159536
2024-06-13 15:26:54,0.158096
2024-06-13 15:26:55,0.19444
2024-06-13 15:26:56,0.206928
2024-06-13 15:26:57,0.135408
2024-06-13 15:26:58,0.112208
2024-06-13 15:26:59,0.068584
2024-06-13 15:27:00,0.063616
2024-06-13 15:27:01,0.056368
2024-06-13 15:27:02,0.065712
2024-06-13 15:27:03,0.066232
2024-06-13 15:27:04,0.022232
2024-06-13 15:27:05,0.048496
2024-06-13 15:27:06,0.26036
2024-06-13 15:27:07,0.0964
2024-06-13 15:27:08,0.059672
2024-06-13 15:27:09,0.459272
2024-06-13 15:27:10,0.079664
2024-06-13 15:27:11,0.114592
2024-06-13 15:27:12,0.05616
2024-06-13 15:27:13,0.016672
2024-06-13 15:27:14,0.019016
2024-06-13 15:27:15,0.037296
2024-06-13 15:27:16,0.028536
2024-06-13 15:27:17,0.023056
2024-06-13 15:27:18,0.032744
2024-06-13 15:27:19,0.0186
2024-06-13 15:27:20,0.022192
2024-06-13 15:27:21,0.0304
2024-06-13 15:27:22,0.013056
2024-06-13 15:27:23,0.030344
2024-06-13 15:27:24,0.015472
2024-06-13 15:27:25,0.028288
2024-06-13 15:27:26,0.01764
2024-06-13 15:27:27,0.0134
2024-06-13 15:27:28,0.136648
2024-06-13 15:27:29,0.039048
2024-06-13 15:27:30,0.020096
2024-06-13 15:27:31,0.055512
2024-06-13 15:27:32,0.192432
2024-06-13 15:27:33,0.165136
2024-06-13 15:27:34,0.240088
2024-06-13 15:27:35,0.288512
2024-06-13 15:27:36,0.338176
2024-06-13 15:27:37,0.368352
2024-06-13 15:27:38,0.34976
2024-06-13 15:27:39,0.390952
2024-06-13 15:27:40,0.307048
2024-06-13 15:27:41,0.210528
2024-06-13 15:27:42,0.178208
2024-06-13 15:27:43,0.367848
2024-06-13 15:27:44,0.15912
2024-06-13 15:27:45,0.231944
2024-06-13 15:27:46,0.075056
2024-06-13 15:27:47,0.04896
2024-06-13 15:27:48,0.028032
2024-06-13 15:27:49,0.052568
2024-06-13 15:27:50,0.039728
2024-06-13 15:27:51,0.04324
2024-06-13 15:27:52,0.060856
2024-06-13 15:27:53,0.028704
2024-06-13 15:27:54,0.032336
2024-06-13 15:27:55,0.033424
2024-06-13 15:27:56,0.022312
2024-06-13 15:27:57,0.056592
2024-06-13 15:27:58,0.0322
2024-06-13 15:27:59,0.025184
2024-06-13 15:28:00,0.061448
2024-06-13 15:28:01,0.069776
2024-06-13 15:28:02,0.054584
2024-06-13 15:28:03,0.044168
2024-06-13 15:28:04,0.05188
2024-06-13 15:28:05,0.03616
2024-06-13 15:28:06,0.04764
2024-06-13 15:28:07,0.016144
2024-06-13 15:28:08,0.042872
2024-06-13 15:28:09,0.088576
2024-06-13 15:28:10,0.037384
2024-06-13 15:28:11,0.043776
2024-06-13 15:28:12,0.043584
2024-06-13 15:28:13,0.035632
2024-06-13 15:28:14,0.231856
2024-06-13 15:28:15,0.169744
2024-06-13 15:28:16,0.029464
2024-06-13 15:28:17,0.065976
2024-06-13 15:28:18,0.061224
2024-06-13 15:28:19,0.033776
2024-06-13 15:28:20,0.163384
2024-06-13 15:28:21,0.253184
2024-06-13 15:28:22,0.265896
2024-06-13 15:28:23,0.398896
2024-06-13 15:28:24,0.479584
2024-06-13 15:28:25,0.522024
2024-06-13 15:28:26,0.458344
2024-06-13 15:28:27,0.502592
2024-06-13 15:28:28,0.497104
2024-06-13 15:28:29,0.499072
2024-06-13 15:28:30,0.43216
2024-06-13 15:28:31,0.480424
2024-06-13 15:28:32,0.381976
2024-06-13 15:28:33,0.362592
2024-06-13 15:28:34,0.327568
2024-06-13 15:28:35,0.290952
2024-06-13 15:28:36,0.354
2024-06-13 15:28:37,0.377224
2024-06-13 15:28:38,0.291984
2024-06-13 15:28:39,0.14724
2024-06-13 15:28:40,0.116816
2024-06-13 15:28:41,0.075384
2024-06-13 15:28:42,0.108024
2024-06-13 15:28:43,0.078536
2024-06-13 15:28:44,0.022824
2024-06-13 15:28:45,0.05632
2024-06-13 15:28:46,0.31368
2024-06-13 15:28:47,0.038632
2024-06-13 15:28:48,0.260776
2024-06-13 15:28:49,0.09516
2024-06-13 15:28:50,0.100896
2024-06-13 15:28:51,0.081128
2024-06-13 15:28:52,0.047784
2024-06-13 15:28:53,0.027472
2024-06-13 15:28:54,0.026032
2024-06-13 15:28:55,0.08036
2024-06-13 15:28:56,0.02388
2024-06-13 15:28:57,0.027616
2024-06-13 15:28:58,0.020296
2024-06-13 15:28:59,0.017152
2024-06-13 15:29:00,0.027312
2024-06-13 15:29:01,0.027456
2024-06-13 15:29:02,0.015696
2024-06-13 15:29:03,0.017496
2024-06-13 15:29:04,0.02744
2024-06-13 15:29:05,0.02712
2024-06-13 15:29:06,0.021704
2024-06-13 15:29:07,0.033232
2024-06-13 15:29:08,0.023976
2024-06-13 15:29:09,0.021184
2024-06-13 15:29:10,0.038256
2024-06-13 15:29:11,0.029504
2024-06-13 15:29:12,0.045296
2024-06-13 15:29:13,0.032624
2024-06-13 15:29:14,0.052088
2024-06-13 15:29:15,0.058752
2024-06-13 15:29:16,0.047936
2024-06-13 15:29:17,0.022488
2024-06-13 15:29:18,0.164104
2024-06-13 15:29:19,0.188208
2024-06-13 15:29:20,0.036552
2024-06-13 15:29:21,0.080256
2024-06-13 15:29:22,0.044616
2024-06-13 15:29:23,0.036744
2024-06-13 15:29:24,0.162656
2024-06-13 15:29:25,0.29644
2024-06-13 15:29:26,0.33976
2024-06-13 15:29:27,0.518704
2024-06-13 15:29:28,0.535056
2024-06-13 15:29:29,0.453568
2024-06-13 15:29:30,0.417232
2024-06-13 15:29:31,0.425528
2024-06-13 15:29:32,0.477672
2024-06-13 15:29:33,0.40772
2024-06-13 15:29:34,0.406592
2024-06-13 15:29:35,0.468736
2024-06-13 15:29:36,0.38488
2024-06-13 15:29:37,0.35196
2024-06-13 15:29:38,0.422712
2024-06-13 15:29:39,0.29012
2024-06-13 15:29:40,0.313744
2024-06-13 15:29:41,0.250888
2024-06-13 15:29:42,0.157416
2024-06-13 15:29:43,0.142712
2024-06-13 15:29:44,0.117112
2024-06-13 15:29:45,0.119296
2024-06-13 15:29:46,0.125632
2024-06-13 15:29:47,0.092392
2024-06-13 15:29:48,0.097248
2024-06-13 15:29:49,0.132768
2024-06-13 15:29:50,0.048184
2024-06-13 15:29:51,0.039008
2024-06-13 15:29:52,0.06812
2024-06-13 15:29:53,0.288096
2024-06-13 15:29:54,0.040992
2024-06-13 15:29:55,0.280024
2024-06-13 15:29:56,0.078368
2024-06-13 15:29:57,0.114992
2024-06-13 15:29:58,0.091888
2024-06-13 15:29:59,0.070432
2024-06-13 15:30:00,0.07956
2024-06-13 15:30:01,0.03088
2024-06-13 15:30:02,0.036272
2024-06-13 15:30:03,0.030712
2024-06-13 15:30:04,0.042552
2024-06-13 15:30:05,0.033168
2024-06-13 15:30:06,0.027648
2024-06-13 15:30:07,0.040504
2024-06-13 15:30:08,0.030704
2024-06-13 15:30:09,0.038712
2024-06-13 15:30:10,0.038456
2024-06-13 15:30:11,0.049112
2024-06-13 15:30:12,0.031664
2024-06-13 15:30:13,0.027144
2024-06-13 15:30:14,0.025344
2024-06-13 15:30:15,0.030856
2024-06-13 15:30:16,0.02564
2024-06-13 15:30:17,0.031592
2024-06-13 15:30:18,0.032216
2024-06-13 15:30:19,0.042168
2024-06-13 15:30:20,0.046968
2024-06-13 15:30:21,0.047928
2024-06-13 15:30:22,0.032272
2024-06-13 15:30:23,0.026576
2024-06-13 15:30:24,0.029208
2024-06-13 15:30:25,0.199224
2024-06-13 15:30:26,0.18228
2024-06-13 15:30:27,0.029048
2024-06-13 15:30:28,0.070992
2024-06-13 15:30:29,0.042104
2024-06-13 15:30:30,0.044088
2024-06-13 15:30:31,0.145808
2024-06-13 15:30:32,0.226288
2024-06-13 15:30:33,0.236928
2024-06-13 15:30:34,0.37132
2024-06-13 15:30:35,0.449344
2024-06-13 15:30:36,0.43356
2024-06-13 15:30:37,0.412976
2024-06-13 15:30:38,0.385048
2024-06-13 15:30:39,0.464104
2024-06-13 15:30:40,0.383248
2024-06-13 15:30:41,0.285896
2024-06-13 15:30:42,0.282808
2024-06-13 15:30:43,0.164704
2024-06-13 15:30:44,0.182584
2024-06-13 15:30:45,0.192152
2024-06-13 15:30:46,0.190872
2024-06-13 15:30:47,0.172152
2024-06-13 15:30:48,0.16824
2024-06-13 15:30:49,0.188592
2024-06-13 15:30:50,0.177064
2024-06-13 15:30:51,0.120712
2024-06-13 15:30:52,0.097032
2024-06-13 15:30:53,0.090752
2024-06-13 15:30:54,0.125904
2024-06-13 15:30:55,0.113128
2024-06-13 15:30:56,0.073024
2024-06-13 15:30:57,0.053472
2024-06-13 15:30:58,0.077328
2024-06-13 15:30:59,0.07848
2024-06-13 15:31:00,0.044848
2024-06-13 15:31:01,0.05548
2024-06-13 15:31:02,0.308072
2024-06-13 15:31:03,0.035496
2024-06-13 15:31:04,0.092824
2024-06-13 15:31:05,0.060024
2024-06-13 15:31:06,0.047416
2024-06-13 15:31:07,0.03388
2024-06-13 15:31:08,0.03296
2024-06-13 15:31:09,0.029984
2024-06-13 15:31:10,0.042992
2024-06-13 15:31:11,0.036776
2024-06-13 15:31:12,0.053376
2024-06-13 15:31:13,0.036816
2024-06-13 15:31:14,0.06972
2024-06-13 15:31:15,0.064888
2024-06-13 15:31:16,0.050312
2024-06-13 15:31:17,0.061752
2024-06-13 15:31:18,0.05032
2024-06-13 15:31:19,0.049432
2024-06-13 15:31:20,0.04572
2024-06-13 15:31:21,0.053576
2024-06-13 15:31:22,0.057256
2024-06-13 15:31:23,0.056952
2024-06-13 15:31:24,0.055184
2024-06-13 15:31:25,0.062272
2024-06-13 15:31:26,0.045256
2024-06-13 15:31:27,0.04484
2024-06-13 15:31:28,0.037048
2024-06-13 15:31:29,0.041792
2024-06-13 15:31:30,0.040376
2024-06-13 15:31:31,0.086152
2024-06-13 15:31:32,0.029824
2024-06-13 15:31:33,0.128
2024-06-13 15:31:34,0.116152
2024-06-13 15:31:35,0.071072
2024-06-13 15:31:36,0.090552
2024-06-13 15:31:37,0.050752
2024-06-13 15:31:38,0.028048
2024-06-13 15:31:39,0.040024
2024-06-13 15:31:40,0.064456
2024-06-13 15:31:41,0.037488
2024-06-13 15:31:42,0.043792
2024-06-13 15:31:43,0.036392
2024-06-13 15:31:44,0.041608
2024-06-13 15:31:45,0.065824
2024-06-13 15:31:46,0.01908
2024-06-13 15:31:47,0.018136
2024-06-13 15:31:48,0.039528
2024-06-13 15:31:49,0.03712
2024-06-13 15:31:50,0.059096
2024-06-13 15:31:51,0.078696
2024-06-13 15:31:52,0.02716
2024-06-13 15:31:53,0.054296
2024-06-13 15:31:54,0.045872
2024-06-13 15:31:55,0.04492
2024-06-13 15:31:56,0.065736
2024-06-13 15:31:57,0.054736
2024-06-13 15:31:58,0.040392
2024-06-13 15:31:59,0.014184
2024-06-13 15:32:00,0.044464
2024-06-13 15:32:01,0.09672
2024-06-13 15:32:02,0.10168
2024-06-13 15:32:03,0.15116
2024-06-13 15:32:04,0.189384
2024-06-13 15:32:05,0.0428
2024-06-13 15:32:06,0.070824
2024-06-13 15:32:07,0.045408
2024-06-13 15:32:08,0.04944
2024-06-13 15:32:09,0.145832
2024-06-13 15:32:10,0.221112
2024-06-13 15:32:11,0.286384
2024-06-13 15:32:12,0.397944
2024-06-13 15:32:13,0.55808
2024-06-13 15:32:14,0.50196
2024-06-13 15:32:15,0.468376
2024-06-13 15:32:16,0.527168
2024-06-13 15:32:17,0.555192
2024-06-13 15:32:18,0.435272
2024-06-13 15:32:19,0.451592
2024-06-13 15:32:20,0.374344
2024-06-13 15:32:21,0.455352
2024-06-13 15:32:22,0.338408
2024-06-13 15:32:23,0.31004
2024-06-13 15:32:24,0.155536
2024-06-13 15:32:25,0.09672
2024-06-13 15:32:26,0.094616
2024-06-13 15:32:27,0.079864
2024-06-13 15:32:28,0.103408
2024-06-13 15:32:29,0.027152
2024-06-13 15:32:30,0.085264
2024-06-13 15:32:31,0.250464
2024-06-13 15:32:32,0.09424
2024-06-13 15:32:33,0.054376
2024-06-13 15:32:34,0.024112
2024-06-13 15:32:35,0.01752
2024-06-13 15:32:36,0.03872
2024-06-13 15:32:37,0.038232
2024-06-13 15:32:38,0.034032
2024-06-13 15:32:39,0.038152
2024-06-13 15:32:40,0.040168
2024-06-13 15:32:41,0.030904
2024-06-13 15:32:42,0.016896
2024-06-13 15:32:43,0.01768
2024-06-13 15:32:44,0.0232
2024-06-13 15:32:45,0.022336
2024-06-13 15:32:46,0.03544
2024-06-13 15:32:47,0.029264
2024-06-13 15:32:48,0.027784
2024-06-13 15:32:49,0.141208
2024-06-13 15:32:50,0.08596
2024-06-13 15:32:51,0.061392
2024-06-13 15:32:52,0.055888
2024-06-13 15:32:53,0.061624
2024-06-13 15:32:54,0.04796
2024-06-13 15:32:55,0.043072
2024-06-13 15:32:56,0.015544
2024-06-13 15:32:57,0.043256
2024-06-13 15:32:58,0.022472
2024-06-13 15:32:59,0.047784
2024-06-13 15:33:00,0.011536
2024-06-13 15:33:01,0.033848
2024-06-13 15:33:02,0.027648
2024-06-13 15:33:03,0.03184
2024-06-13 15:33:04,0.037888
2024-06-13 15:33:05,0.02788
2024-06-13 15:33:06,0.068248
2024-06-13 15:33:07,0.039856
2024-06-13 15:33:08,0.028744
2024-06-13 15:33:09,0.023832
2024-06-13 15:33:10,0.034048
2024-06-13 15:33:11,0.022256
2024-06-13 15:33:12,0.017152
2024-06-13 15:33:13,0.032296
2024-06-13 15:33:14,0.045672
2024-06-13 15:33:15,0.0554
2024-06-13 15:33:16,0.02716
2024-06-13 15:33:17,0.016664
2024-06-13 15:33:18,0.020264
2024-06-13 15:33:19,0.150856
2024-06-13 15:33:20,0.195512
2024-06-13 15:33:21,0.026616
2024-06-13 15:33:22,0.08016
2024-06-13 15:33:23,0.066424
2024-06-13 15:33:24,0.025112
2024-06-13 15:33:25,0.22988
2024-06-13 15:33:26,0.322544
2024-06-13 15:33:27,0.366536
2024-06-13 15:33:28,0.480472
2024-06-13 15:33:29,0.472256
2024-06-13 15:33:30,0.473832
2024-06-13 15:33:31,0.477904
2024-06-13 15:33:32,0.569424
2024-06-13 15:33:33,0.5284
2024-06-13 15:33:34,0.419592
2024-06-13 15:33:35,0.48748
2024-06-13 15:33:36,0.52536
2024-06-13 15:33:37,0.516184
2024-06-13 15:33:38,0.442952
2024-06-13 15:33:39,0.505256
2024-06-13 15:33:40,0.406104
2024-06-13 15:33:41,0.311832
2024-06-13 15:33:42,0.267856
2024-06-13 15:33:43,0.273744
2024-06-13 15:33:44,0.092376
2024-06-13 15:33:45,0.084024
2024-06-13 15:33:46,0.07616
2024-06-13 15:33:47,0.063088
2024-06-13 15:33:48,0.037864
2024-06-13 15:33:49,0.034216
2024-06-13 15:33:50,0.05164
2024-06-13 15:33:51,0.02912
2024-06-13 15:33:52,0.067728
2024-06-13 15:33:53,0.018744
2024-06-13 15:33:54,0.272904
2024-06-13 15:33:55,0.038016
2024-06-13 15:33:56,0.268752
2024-06-13 15:33:57,0.046888
2024-06-13 15:33:58,0.076536
2024-06-13 15:33:59,0.026984
2024-06-13 15:34:00,0.015432
2024-06-13 15:34:01,0.018176
2024-06-13 15:34:02,0.027256
2024-06-13 15:34:03,0.030376
2024-06-13 15:34:04,0.019504
2024-06-13 15:34:05,0.019272
2024-06-13 15:34:06,0.023088
2024-06-13 15:34:07,0.030104
2024-06-13 15:34:08,0.022504
2024-06-13 15:34:09,0.042664
2024-06-13 15:34:10,0.029216
2024-06-13 15:34:11,0.073128
2024-06-13 15:34:12,0.045776
2024-06-13 15:34:13,0.023368
2024-06-13 15:34:14,0.025968
2024-06-13 15:34:15,0.033576
2024-06-13 15:34:16,0.051456
2024-06-13 15:34:17,0.03192
2024-06-13 15:34:18,0.019824
2024-06-13 15:34:19,0.122392
2024-06-13 15:34:20,0.113064
2024-06-13 15:34:21,0.114504
2024-06-13 15:34:22,0.126192
2024-06-13 15:34:23,0.210312
2024-06-13 15:34:24,0.171648
2024-06-13 15:34:25,0.200368
2024-06-13 15:34:26,0.239816
2024-06-13 15:34:27,0.131704
2024-06-13 15:34:28,0.105776
2024-06-13 15:34:29,0.068576
2024-06-13 15:34:30,0.266416
2024-06-13 15:34:31,0.133768
2024-06-13 15:34:32,0.17412
2024-06-13 15:34:33,0.062008
2024-06-13 15:34:34,0.076816
2024-06-13 15:34:35,0.070512
2024-06-13 15:34:36,0.098152
2024-06-13 15:34:37,0.059016
2024-06-13 15:34:38,0.028768
2024-06-13 15:34:39,0.02404
2024-06-13 15:34:40,0.021528
2024-06-13 15:34:41,0.012568
2024-06-13 15:34:42,0.031744
2024-06-13 15:34:43,0.020704
2024-06-13 15:34:44,0.025688
2024-06-13 15:34:45,0.04092
2024-06-13 15:34:46,0.024648
2024-06-13 15:34:47,0.03668
2024-06-13 15:34:48,0.031696
2024-06-13 15:34:49,0.0178
2024-06-13 15:34:50,0.022872
2024-06-13 15:34:51,0.03868
2024-06-13 15:34:52,0.03012
2024-06-13 15:34:53,0.050584
2024-06-13 15:34:54,0.03748
2024-06-13 15:34:55,0.05172
2024-06-13 15:34:56,0.030824
2024-06-13 15:34:57,0.030016
2024-06-13 15:34:58,0.032024
2024-06-13 15:34:59,0.048384
2024-06-13 15:35:00,0.040048
2024-06-13 15:35:01,0.199456
2024-06-13 15:35:02,0.14568
2024-06-13 15:35:03,0.034576
2024-06-13 15:35:04,0.043392
2024-06-13 15:35:05,0.056256
2024-06-13 15:35:06,0.041776
2024-06-13 15:35:07,0.117296
2024-06-13 15:35:08,0.196832
2024-06-13 15:35:09,0.187912
2024-06-13 15:35:10,0.24388
2024-06-13 15:35:11,0.324768
2024-06-13 15:35:12,0.286
2024-06-13 15:35:13,0.321416
2024-06-13 15:35:14,0.346824
2024-06-13 15:35:15,0.401888
2024-06-13 15:35:16,0.294072
2024-06-13 15:35:17,0.293912
2024-06-13 15:35:18,0.271104
2024-06-13 15:35:19,0.306816
2024-06-13 15:35:20,0.28396
2024-06-13 15:35:21,0.223344
2024-06-13 15:35:22,0.239792
2024-06-13 15:35:23,0.2016
2024-06-13 15:35:24,0.18996
2024-06-13 15:35:25,0.15724
2024-06-13 15:35:26,0.063624
2024-06-13 15:35:27,0.044272
2024-06-13 15:35:28,0.062232
2024-06-13 15:35:29,0.244
2024-06-13 15:35:30,0.041376
2024-06-13 15:35:31,0.199408
2024-06-13 15:35:32,0.0554
2024-06-13 15:35:33,0.073544
2024-06-13 15:35:34,0.039576
2024-06-13 15:35:35,0.015736
2024-06-13 15:35:36,0.034648
2024-06-13 15:35:37,0.021744
2024-06-13 15:35:38,0.017848
2024-06-13 15:35:39,0.027152
2024-06-13 15:35:40,0.04296
2024-06-13 15:35:41,0.042712
2024-06-13 15:35:42,0.012816
2024-06-13 15:35:43,0.019232
2024-06-13 15:35:44,0.01828
2024-06-13 15:35:45,0.035288
2024-06-13 15:35:46,0.01944
2024-06-13 15:35:47,0.041336
2024-06-13 15:35:48,0.01652
2024-06-13 15:35:49,0.03076
2024-06-13 15:35:50,0.023016
2024-06-13 15:35:51,0.011232
2024-06-13 15:35:52,0.027008
2024-06-13 15:35:53,0.047648
2024-06-13 15:35:54,0.032656
2024-06-13 15:35:55,0.020512
2024-06-13 15:35:56,0.016376
2024-06-13 15:35:57,0.02392
2024-06-13 15:35:58,0.013096
2024-06-13 15:35:59,0.014856
2024-06-13 15:36:00,0.03796
2024-06-13 15:36:01,0.099736
2024-06-13 15:36:02,0.133952
2024-06-13 15:36:03,0.018848
2024-06-13 15:36:04,0.056784
2024-06-13 15:36:05,0.046704
2024-06-13 15:36:06,0.030584
2024-06-13 15:36:07,0.108608
2024-06-13 15:36:08,0.098256
2024-06-13 15:36:09,0.139088
2024-06-13 15:36:10,0.176736
2024-06-13 15:36:11,0.237152
2024-06-13 15:36:12,0.24236
2024-06-13 15:36:13,0.228656
2024-06-13 15:36:14,0.30248
2024-06-13 15:36:15,0.25384
2024-06-13 15:36:16,0.205712
2024-06-13 15:36:17,0.159416
2024-06-13 15:36:18,0.160064
2024-06-13 15:36:19,0.170984
2024-06-13 15:36:20,0.179424
2024-06-13 15:36:21,0.1712
2024-06-13 15:36:22,0.16972
2024-06-13 15:36:23,0.162752
2024-06-13 15:36:24,0.090616
2024-06-13 15:36:25,0.10144
2024-06-13 15:36:26,0.056584
2024-06-13 15:36:27,0.0352
2024-06-13 15:36:28,0.079328
2024-06-13 15:36:29,0.17416
2024-06-13 15:36:30,0.075096
2024-06-13 15:36:31,0.138408
2024-06-13 15:36:32,0.04708
2024-06-13 15:36:33,0.052776
2024-06-13 15:36:34,0.04376
2024-06-13 15:36:35,0.020136
2024-06-13 15:36:36,0.010712
2024-06-13 15:36:37,0.018048
2024-06-13 15:36:38,0.014664
2024-06-13 15:36:39,0.015048
2024-06-13 15:36:40,0.013624
2024-06-13 15:36:41,0.021416
2024-06-13 15:36:42,0.028104
2024-06-13 15:36:43,0.024752
2024-06-13 15:36:44,0.020968
2024-06-13 15:36:45,0.036336
2024-06-13 15:36:46,0.029072
2024-06-13 15:36:47,0.02028
2024-06-13 15:36:48,0.017592
2024-06-13 15:36:49,0.010712
2024-06-13 15:36:50,0.013096
2024-06-13 15:36:51,0.008344
2024-06-13 15:36:52,0.014072
2024-06-13 15:36:53,0.010712
2024-06-13 15:36:54,0.013096
2024-06-13 15:36:55,0.016184
2024-06-13 15:36:56,0.016088
2024-06-13 15:36:57,0.010712
2024-06-13 15:36:58,0.012616
2024-06-13 15:36:59,0.013928
2024-06-13 15:37:00,0.010712
2024-06-13 15:37:01,0.184768
2024-06-13 15:37:02,0.086248
2024-06-13 15:37:03,0.021704
2024-06-13 15:37:04,0.038472
2024-06-13 15:37:05,0.051752
2024-06-13 15:37:06,0.023384
2024-06-13 15:37:07,0.108776
2024-06-13 15:37:08,0.087984
2024-06-13 15:37:09,0.109096
2024-06-13 15:37:10,0.1768
2024-06-13 15:37:11,0.23424
2024-06-13 15:37:12,0.2344
2024-06-13 15:37:13,0.23108
2024-06-13 15:37:14,0.205456
2024-06-13 15:37:15,0.255504
2024-06-13 15:37:16,0.199128
2024-06-13 15:37:17,0.15256
2024-06-13 15:37:18,0.160416
2024-06-13 15:37:19,0.165504
2024-06-13 15:37:20,0.161848
2024-06-13 15:37:21,0.072864
2024-06-13 15:37:22,0.063928
2024-06-13 15:37:23,0.053232
2024-06-13 15:37:24,0.035488
2024-06-13 15:37:25,0.065568
2024-06-13 15:37:26,0.178152
2024-06-13 15:37:27,0.026984
2024-06-13 15:37:28,0.094384
2024-06-13 15:37:29,0.032552
2024-06-13 15:37:30,0.021792
2024-06-13 15:37:31,0.017568
2024-06-13 15:37:32,0.01576
2024-06-13 15:37:33,0.035096
2024-06-13 15:37:34,0.031776
2024-06-13 15:37:35,0.030648
2024-06-13 15:37:36,0.03192
2024-06-13 15:37:37,0.03956
2024-06-13 15:37:38,0.049008
2024-06-13 15:37:39,0.049344
2024-06-13 15:37:40,0.056224
2024-06-13 15:37:41,0.05488
2024-06-13 15:37:42,0.04436
2024-06-13 15:37:43,0.053
2024-06-13 15:37:44,0.057064
2024-06-13 15:37:45,0.049568
2024-06-13 15:37:46,0.058176
2024-06-13 15:37:47,0.053192
2024-06-13 15:37:48,0.0554
2024-06-13 15:37:49,0.074736
2024-06-13 15:37:50,0.033288
2024-06-13 15:37:51,0.076776
2024-06-13 15:37:52,0.0698
2024-06-13 15:37:53,0.055904
2024-06-13 15:37:54,0.049328
2024-06-13 15:37:55,0.039976
2024-06-13 15:37:56,0.018264
2024-06-13 15:37:57,0.03824
2024-06-13 15:37:58,0.017688
2024-06-13 15:37:59,0.022864
2024-06-13 15:38:00,0.041128
2024-06-13 15:38:01,0.02388
2024-06-13 15:38:02,0.019736
2024-06-13 15:38:03,0.041712
2024-06-13 15:38:04,0.025784
2024-06-13 15:38:05,0.028648
2024-06-13 15:38:06,0.012784
2024-06-13 15:38:07,0.01936
2024-06-13 15:38:08,0.015592
2024-06-13 15:38:09,0.020656
2024-06-13 15:38:10,0.015688
2024-06-13 15:38:11,0.04036
2024-06-13 15:38:12,0.02384
2024-06-13 15:38:13,0.011312
2024-06-13 15:38:14,0.035576
2024-06-13 15:38:15,0.034136
2024-06-13 15:38:16,0.024
2024-06-13 15:38:17,0.026904
2024-06-13 15:38:18,0.016992
2024-06-13 15:38:19,0.016008
2024-06-13 15:38:20,0.0282
2024-06-13 15:38:21,0.138992
2024-06-13 15:38:22,0.080952
2024-06-13 15:38:23,0.018704
2024-06-13 15:38:24,0.044608
2024-06-13 15:38:25,0.039256
2024-06-13 15:38:26,0.012904
2024-06-13 15:38:27,0.092768
2024-06-13 15:38:28,0.0806
2024-06-13 15:38:29,0.100968
2024-06-13 15:38:30,0.151008
2024-06-13 15:38:31,0.188584
2024-06-13 15:38:32,0.267048
2024-06-13 15:38:33,0.235104
2024-06-13 15:38:34,0.230568
2024-06-13 15:38:35,0.217432
2024-06-13 15:38:36,0.228288
2024-06-13 15:38:37,0.248184
2024-06-13 15:38:38,0.140168
2024-06-13 15:38:39,0.119056
2024-06-13 15:38:40,0.149048
2024-06-13 15:38:41,0.150728
2024-06-13 15:38:42,0.129904
2024-06-13 15:38:43,0.111864
2024-06-13 15:38:44,0.092504
2024-06-13 15:38:45,0.083296
2024-06-13 15:38:46,0.066168
2024-06-13 15:38:47,0.069064
2024-06-13 15:38:48,0.06764
2024-06-13 15:38:49,0.036424
2024-06-13 15:38:50,0.019456
2024-06-13 15:38:51,0.02516
2024-06-13 15:38:52,0.19372
2024-06-13 15:38:53,0.048568
2024-06-13 15:38:54,0.161016
2024-06-13 15:38:55,0.07764
2024-06-13 15:38:56,0.06296
2024-06-13 15:38:57,0.0348
2024-06-13 15:38:58,0.036872
2024-06-13 15:38:59,0.029784
2024-06-13 15:39:00,0.020728
2024-06-13 15:39:01,0.049264
2024-06-13 15:39:02,0.019696
2024-06-13 15:39:03,0.050472
2024-06-13 15:39:04,0.023408
2024-06-13 15:39:05,0.029648
2024-06-13 15:39:06,0.049744
2024-06-13 15:39:07,0.042016
2024-06-13 15:39:08,0.036456
2024-06-13 15:39:09,0.011392
2024-06-13 15:39:10,0.014184
2024-06-13 15:39:11,0.019968
2024-06-13 15:39:12,0.045296
2024-06-13 15:39:13,0.031304
2024-06-13 15:39:14,0.057064
2024-06-13 15:39:15,0.040184
2024-06-13 15:39:16,0.029752
2024-06-13 15:39:17,0.030296
2024-06-13 15:39:18,0.029472
2024-06-13 15:39:19,0.034968
2024-06-13 15:39:20,0.018976
2024-06-13 15:39:21,0.022152
2024-06-13 15:39:22,0.03048
2024-06-13 15:39:23,0.036248
2024-06-13 15:39:24,0.167168
2024-06-13 15:39:25,0.072496
2024-06-13 15:39:26,0.032528
2024-06-13 15:39:27,0.051824
2024-06-13 15:39:28,0.029024
2024-06-13 15:39:29,0.012096
2024-06-13 15:39:30,0.129992
2024-06-13 15:39:31,0.110464
2024-06-13 15:39:32,0.127872
2024-06-13 15:39:33,0.173728
2024-06-13 15:39:34,0.251824
2024-06-13 15:39:35,0.292512
2024-06-13 15:39:36,0.271264
2024-06-13 15:39:37,0.231704
2024-06-13 15:39:38,0.214256
2024-06-13 15:39:39,0.193352
2024-06-13 15:39:40,0.211072
2024-06-13 15:39:41,0.182624
2024-06-13 15:39:42,0.14844
2024-06-13 15:39:43,0.139504
2024-06-13 15:39:44,0.118536
2024-06-13 15:39:45,0.060096
2024-06-13 15:39:46,0.052928
2024-06-13 15:39:47,0.063448
2024-06-13 15:39:48,0.054504
2024-06-13 15:39:49,0.035008
2024-06-13 15:39:50,0.069152
2024-06-13 15:39:51,0.140984
2024-06-13 15:39:52,0.030984
2024-06-13 15:39:53,0.119072
2024-06-13 15:39:54,0.070016
2024-06-13 15:39:55,0.046928
2024-06-13 15:39:56,0.0672
2024-06-13 15:39:57,0.025424
2024-06-13 15:39:58,0.026232
2024-06-13 15:39:59,0.039784
2024-06-13 15:40:00,0.017728
2024-06-13 15:40:01,0.02788
2024-06-13 15:40:02,0.023632
2024-06-13 15:40:03,0.040808
2024-06-13 15:40:04,0.042456
2024-06-13 15:40:05,0.044856
2024-06-13 15:40:06,0.03312
2024-06-13 15:40:07,0.028072
2024-06-13 15:40:08,0.014184
2024-06-13 15:40:09,0.019128
2024-06-13 15:40:10,0.014072
2024-06-13 15:40:11,0.012592
2024-06-13 15:40:12,0.014104
2024-06-13 15:40:13,0.035384
2024-06-13 15:40:14,0.029752
2024-06-13 15:40:15,0.032936
2024-06-13 15:40:16,0.068536
2024-06-13 15:40:17,0.069696
2024-06-13 15:40:18,0.079728
2024-06-13 15:40:19,0.108792
2024-06-13 15:40:20,0.12444
2024-06-13 15:40:21,0.170168
2024-06-13 15:40:22,0.168536
2024-06-13 15:40:23,0.095304
2024-06-13 15:40:24,0.07832
2024-06-13 15:40:25,0.191232
2024-06-13 15:40:26,0.069728
2024-06-13 15:40:27,0.106456
2024-06-13 15:40:28,0.07356
2024-06-13 15:40:29,0.049888
2024-06-13 15:40:30,0.028168
2024-06-13 15:40:31,0.01476
2024-06-13 15:40:32,0.013728
2024-06-13 15:40:33,0.022616
2024-06-13 15:40:34,0.02092
2024-06-13 15:40:35,0.042256
2024-06-13 15:40:36,0.02316
2024-06-13 15:40:37,0.029696
2024-06-13 15:40:38,0.015832
2024-06-13 15:40:39,0.02184
2024-06-13 15:40:40,0.02244
2024-06-13 15:40:41,0.018792
2024-06-13 15:40:42,0.035376
2024-06-13 15:40:43,0.018888
2024-06-13 15:40:44,0.026592
2024-06-13 15:40:45,0.040928
2024-06-13 15:40:46,0.011104
2024-06-13 15:40:47,0.045304
2024-06-13 15:40:48,0.0336
2024-06-13 15:40:49,0.05492
2024-06-13 15:40:50,0.026768
2024-06-13 15:40:51,0.026168
2024-06-13 15:40:52,0.014328
2024-06-13 15:40:53,0.020248
2024-06-13 15:40:54,0.0286
2024-06-13 15:40:55,0.020624
2024-06-13 15:40:56,0.07164
2024-06-13 15:40:57,0.094976
2024-06-13 15:40:58,0.019088
2024-06-13 15:40:59,0.043464
2024-06-13 15:41:00,0.042488
2024-06-13 15:41:01,0.020176
2024-06-13 15:41:02,0.084136
2024-06-13 15:41:03,0.075856
2024-06-13 15:41:04,0.08716
2024-06-13 15:41:05,0.131416
2024-06-13 15:41:06,0.139064
2024-06-13 15:41:07,0.18616
2024-06-13 15:41:08,0.1482
2024-06-13 15:41:09,0.165104
2024-06-13 15:41:10,0.146896
2024-06-13 15:41:11,0.110088
2024-06-13 15:41:12,0.100968
2024-06-13 15:41:13,0.106144
2024-06-13 15:41:14,0.09316
2024-06-13 15:41:15,0.111024
2024-06-13 15:41:16,0.098776
2024-06-13 15:41:17,0.135568
2024-06-13 15:41:18,0.084384
2024-06-13 15:41:19,0.089128
2024-06-13 15:41:20,0.04388
2024-06-13 15:41:21,0.02196
2024-06-13 15:41:22,0.022288
2024-06-13 15:41:23,0.141872
2024-06-13 15:41:24,0.035168
2024-06-13 15:41:25,0.124304
2024-06-13 15:41:26,0.042216
2024-06-13 15:41:27,0.055744
2024-06-13 15:41:28,0.055272
2024-06-13 15:41:29,0.028248
2024-06-13 15:41:30,0.0346
2024-06-13 15:41:31,0.009448
2024-06-13 15:41:32,0.0196
2024-06-13 15:41:33,0.034848
2024-06-13 15:41:34,0.02016
2024-06-13 15:41:35,0.017288
2024-06-13 15:41:36,0.025128
2024-06-13 15:41:37,0.023888
2024-06-13 15:41:38,0.03168
2024-06-13 15:41:39,0.024352
2024-06-13 15:41:40,0.021184
2024-06-13 15:41:41,0.023656
2024-06-13 15:41:42,0.018096
2024-06-13 15:41:43,0.021432
2024-06-13 15:41:44,0.035224
2024-06-13 15:41:45,0.028664
2024-06-13 15:41:46,0.018664
2024-06-13 15:41:47,0.013584
2024-06-13 15:41:48,0.025664
2024-06-13 15:41:49,0.036944
2024-06-13 15:41:50,0.02068
2024-06-13 15:41:51,0.03024
2024-06-13 15:41:52,0.019656
2024-06-13 15:41:53,0.024192
2024-06-13 15:41:54,0.01096
2024-06-13 15:41:55,0.072976
2024-06-13 15:41:56,0.089368
2024-06-13 15:41:57,0.016648
2024-06-13 15:41:58,0.036992
2024-06-13 15:41:59,0.029592
2024-06-13 15:42:00,0.02116
2024-06-13 15:42:01,0.07996
2024-06-13 15:42:02,0.084864
2024-06-13 15:42:03,0.098272
2024-06-13 15:42:04,0.122648
2024-06-13 15:42:05,0.144936
2024-06-13 15:42:06,0.206536
2024-06-13 15:42:07,0.158232
2024-06-13 15:42:08,0.117144
2024-06-13 15:42:09,0.107224
2024-06-13 15:42:10,0.121128
2024-06-13 15:42:11,0.176608
2024-06-13 15:42:12,0.120808
2024-06-13 15:42:13,0.114736
2024-06-13 15:42:14,0.150144
2024-06-13 15:42:15,0.1254
2024-06-13 15:42:16,0.084456
2024-06-13 15:42:17,0.101752
2024-06-13 15:42:18,0.069736
2024-06-13 15:42:19,0.080104
2024-06-13 15:42:20,0.051728
2024-06-13 15:42:21,0.121192
2024-06-13 15:42:22,0.030952
2024-06-13 15:42:23,0.02508
2024-06-13 15:42:24,0.02128
2024-06-13 15:42:25,0.022808
2024-06-13 15:42:26,0.0158
2024-06-13 15:42:27,0.015736
2024-06-13 15:42:28,0.013128
2024-06-13 15:42:29,0.012704
2024-06-13 15:42:30,0.002856
2024-06-13 15:42:31,0.00124
2024-06-13 15:42:32,0.00188
2024-06-13 15:42:33,0.00124
2024-06-13 15:42:34,0.00536
2024-06-13 15:42:35,0.00772
