time,mbps
2024-07-12 19:06:33,0.242504
2024-07-12 19:06:34,0.024872
2024-07-12 19:06:35,0.039176
2024-07-12 19:06:36,0.049712
2024-07-12 19:06:37,0.056072
2024-07-12 19:06:38,0.390888
2024-07-12 19:06:39,0.030768
2024-07-12 19:06:40,0.033944
2024-07-12 19:06:41,0.050128
2024-07-12 19:06:42,0.028392
2024-07-12 19:06:43,0.029184
2024-07-12 19:06:44,0.043832
2024-07-12 19:06:45,0.119624
2024-07-12 19:06:46,0.020136
2024-07-12 19:06:47,0.010944
2024-07-12 19:06:48,0.013456
2024-07-12 19:06:49,0.014184
2024-07-12 19:06:50,0.018384
2024-07-12 19:06:51,0.018048
2024-07-12 19:06:52,0.011656
2024-07-12 19:06:53,0.022128
2024-07-12 19:06:54,0.026528
2024-07-12 19:06:55,0.017272
2024-07-12 19:06:56,0.00816
2024-07-12 19:06:57,0.002216
2024-07-12 19:06:58,0.004576
2024-07-12 19:06:59,0.002216
2024-07-12 19:07:00,0.009152
2024-07-12 19:07:01,0.006776
2024-07-12 19:07:02,0.008096
2024-07-12 19:07:03,0.013016
2024-07-12 19:07:04,0.005952
2024-07-12 19:07:05,0.008984
2024-07-12 19:07:06,0.013296
2024-07-12 19:07:07,0.007272
2024-07-12 19:07:08,0.005608
2024-07-12 19:07:09,0.002216
2024-07-12 19:07:10,0.004576
2024-07-12 19:07:11,0.007056
2024-07-12 19:07:12,0.02184
2024-07-12 19:07:13,0.01844
2024-07-12 19:07:14,0.02228
2024-07-12 19:07:15,0.010136
2024-07-12 19:07:16,0.010816
2024-07-12 19:07:17,0.010976
2024-07-12 19:07:18,0.0144
2024-07-12 19:07:19,0.004424
2024-07-12 19:07:20,0.004576
2024-07-12 19:07:21,0.0294
2024-07-12 19:07:22,0.02724
2024-07-12 19:07:23,0.078888
2024-07-12 19:07:24,0.059632
2024-07-12 19:07:25,0.064536
2024-07-12 19:07:26,0.009
2024-07-12 19:07:27,0.00688
2024-07-12 19:07:28,0.004576
2024-07-12 19:07:29,0.079112
2024-07-12 19:07:30,0.00912
2024-07-12 19:07:31,0.007768
2024-07-12 19:07:32,0.024328
2024-07-12 19:07:33,0.047288
2024-07-12 19:07:34,0.058576
2024-07-12 19:07:35,0.046928
2024-07-12 19:07:36,0.06396
2024-07-12 19:07:37,0.06268
2024-07-12 19:07:38,0.064584
2024-07-12 19:07:39,0.060816
2024-07-12 19:07:40,0.088536
2024-07-12 19:07:41,0.103528
2024-07-12 19:07:42,0.105152
2024-07-12 19:07:43,0.10244
2024-07-12 19:07:44,0.078904
2024-07-12 19:07:45,0.059224
2024-07-12 19:07:46,0.095568
2024-07-12 19:07:47,0.069808
2024-07-12 19:07:48,0.067664
2024-07-12 19:07:49,0.057432
2024-07-12 19:07:50,0.051776
2024-07-12 19:07:51,0.074408
2024-07-12 19:07:52,0.154688
2024-07-12 19:07:53,0.02612
2024-07-12 19:07:54,0.031728
2024-07-12 19:07:55,0.036312
2024-07-12 19:07:56,0.042064
2024-07-12 19:07:57,0.025584
2024-07-12 19:07:58,0.013656
2024-07-12 19:07:59,0.012944
2024-07-12 19:08:00,0.05928
2024-07-12 19:08:01,0.041616
2024-07-12 19:08:02,0.040592
2024-07-12 19:08:03,0.023952
2024-07-12 19:08:04,0.041744
2024-07-12 19:08:05,0.025456
2024-07-12 19:08:06,0.016144
2024-07-12 19:08:07,0.113216
2024-07-12 19:08:08,0.03812
2024-07-12 19:08:09,0.05068
2024-07-12 19:08:10,0.051624
2024-07-12 19:08:11,0.064616
2024-07-12 19:08:12,0.067064
2024-07-12 19:08:13,0.063792
2024-07-12 19:08:14,0.065088
2024-07-12 19:08:15,0.077624
2024-07-12 19:08:16,0.081528
2024-07-12 19:08:17,0.099392
2024-07-12 19:08:18,0.132712
2024-07-12 19:08:19,0.128616
2024-07-12 19:08:20,0.098728
2024-07-12 19:08:21,0.086896
2024-07-12 19:08:22,0.06608
2024-07-12 19:08:23,0.058648
2024-07-12 19:08:24,0.091616
2024-07-12 19:08:25,0.16928
2024-07-12 19:08:26,0.055
2024-07-12 19:08:27,0.025176
2024-07-12 19:08:28,0.082608
2024-07-12 19:08:29,0.026816
2024-07-12 19:08:30,0.019784
2024-07-12 19:08:31,0.026552
2024-07-12 19:08:32,0.030552
2024-07-12 19:08:33,0.041008
2024-07-12 19:08:34,0.043952
2024-07-12 19:08:35,0.035216
2024-07-12 19:08:36,0.020344
2024-07-12 19:08:37,0.020184
2024-07-12 19:08:38,0.053664
2024-07-12 19:08:39,0.031432
2024-07-12 19:08:40,0.032496
2024-07-12 19:08:41,0.044984
2024-07-12 19:08:42,0.021256
2024-07-12 19:08:43,0.036456
2024-07-12 19:08:44,0.032136
2024-07-12 19:08:45,0.149584
2024-07-12 19:08:46,0.061688
2024-07-12 19:08:47,0.046552
2024-07-12 19:08:48,0.045992
2024-07-12 19:08:49,0.081096
2024-07-12 19:08:50,0.097064
2024-07-12 19:08:51,0.101736
2024-07-12 19:08:52,0.0984
2024-07-12 19:08:53,0.121952
2024-07-12 19:08:54,0.130416
2024-07-12 19:08:55,0.14648
2024-07-12 19:08:56,0.18256
2024-07-12 19:08:57,0.18628
2024-07-12 19:08:58,0.106248
2024-07-12 19:08:59,0.068176
2024-07-12 19:09:00,0.050568
2024-07-12 19:09:01,0.131024
2024-07-12 19:09:02,0.11516
2024-07-12 19:09:03,0.078376
2024-07-12 19:09:04,0.017128
2024-07-12 19:09:05,0.013608
2024-07-12 19:09:06,0.01756
2024-07-12 19:09:07,0.015744
2024-07-12 19:09:08,0.01304
2024-07-12 19:09:09,0.01068
2024-07-12 19:09:10,0.01304
2024-07-12 19:09:11,0.022416
2024-07-12 19:09:12,0.015784
2024-07-12 19:09:13,0.027944
2024-07-12 19:09:14,0.023248
2024-07-12 19:09:15,0.039016
2024-07-12 19:09:16,0.043936
2024-07-12 19:09:17,0.067944
2024-07-12 19:09:18,0.045872
2024-07-12 19:09:19,0.054936
2024-07-12 19:09:20,0.024176
2024-07-12 19:09:21,0.039088
2024-07-12 19:09:22,0.062952
2024-07-12 19:09:23,0.024808
2024-07-12 19:09:24,0.053232
2024-07-12 19:09:25,0.049304
2024-07-12 19:09:26,0.046704
2024-07-12 19:09:27,0.07952
2024-07-12 19:09:28,0.048296
2024-07-12 19:09:29,0.029432
2024-07-12 19:09:30,0.024552
2024-07-12 19:09:31,0.036032
2024-07-12 19:09:32,0.041976
2024-07-12 19:09:33,0.04772
2024-07-12 19:09:34,0.044064
2024-07-12 19:09:35,0.073232
2024-07-12 19:09:36,0.0458
2024-07-12 19:09:37,0.060104
2024-07-12 19:09:38,0.040296
2024-07-12 19:09:39,0.037456
2024-07-12 19:09:40,0.04572
2024-07-12 19:09:41,0.075616
2024-07-12 19:09:42,0.048784
2024-07-12 19:09:43,0.037344
2024-07-12 19:09:44,0.054184
2024-07-12 19:09:45,0.036464
2024-07-12 19:09:46,0.05688
2024-07-12 19:09:47,0.034704
2024-07-12 19:09:48,0.044536
2024-07-12 19:09:49,0.023832
2024-07-12 19:09:50,0.036
2024-07-12 19:09:51,0.020784
2024-07-12 19:09:52,0.12716
2024-07-12 19:09:53,0.10284
2024-07-12 19:09:54,0.03136
2024-07-12 19:09:55,0.054536
2024-07-12 19:09:56,0.0472
2024-07-12 19:09:57,0.029888
2024-07-12 19:09:58,0.06028
2024-07-12 19:09:59,0.062712
2024-07-12 19:10:00,0.064648
2024-07-12 19:10:01,0.072216
2024-07-12 19:10:02,0.076032
2024-07-12 19:10:03,0.122352
2024-07-12 19:10:04,0.105752
2024-07-12 19:10:05,0.105064
2024-07-12 19:10:06,0.1082
2024-07-12 19:10:07,0.086832
2024-07-12 19:10:08,0.081064
2024-07-12 19:10:09,0.078312
2024-07-12 19:10:10,0.088904
2024-07-12 19:10:11,0.077824
2024-07-12 19:10:12,0.076704
2024-07-12 19:10:13,0.07332
2024-07-12 19:10:14,0.097736
2024-07-12 19:10:15,0.05112
2024-07-12 19:10:16,0.056064
2024-07-12 19:10:17,0.066904
2024-07-12 19:10:18,0.049336
2024-07-12 19:10:19,0.040176
2024-07-12 19:10:20,0.053336
2024-07-12 19:10:21,0.025944
2024-07-12 19:10:22,0.03924
2024-07-12 19:10:23,0.023904
2024-07-12 19:10:24,0.032752
2024-07-12 19:10:25,0.203424
2024-07-12 19:10:26,0.021792
2024-07-12 19:10:27,0.130056
2024-07-12 19:10:28,0.05164
2024-07-12 19:10:29,0.070296
2024-07-12 19:10:30,0.034688
2024-07-12 19:10:31,0.069952
2024-07-12 19:10:32,0.042144
2024-07-12 19:10:33,0.044544
2024-07-12 19:10:34,0.046744
2024-07-12 19:10:35,0.035864
2024-07-12 19:10:36,0.016912
2024-07-12 19:10:37,0.025112
2024-07-12 19:10:38,0.018688
2024-07-12 19:10:39,0.02324
2024-07-12 19:10:40,0.012416
2024-07-12 19:10:41,0.01068
2024-07-12 19:10:42,0.016088
2024-07-12 19:10:43,0.025808
2024-07-12 19:10:44,0.025768
2024-07-12 19:10:45,0.018216
2024-07-12 19:10:46,0.022016
2024-07-12 19:10:47,0.013656
2024-07-12 19:10:48,0.020912
2024-07-12 19:10:49,0.014224
2024-07-12 19:10:50,0.013056
2024-07-12 19:10:51,0.014368
2024-07-12 19:10:52,0.018408
2024-07-12 19:10:53,0.011744
2024-07-12 19:10:54,0.013056
2024-07-12 19:10:55,0.011976
2024-07-12 19:10:56,0.01132
2024-07-12 19:10:57,0.083352
2024-07-12 19:10:58,0.090896
2024-07-12 19:10:59,0.067384
2024-07-12 19:11:00,0.028632
2024-07-12 19:11:01,0.04916
2024-07-12 19:11:02,0.038416
2024-07-12 19:11:03,0.016776
2024-07-12 19:11:04,0.074776
2024-07-12 19:11:05,0.077496
2024-07-12 19:11:06,0.06636
2024-07-12 19:11:07,0.091896
2024-07-12 19:11:08,0.098872
2024-07-12 19:11:09,0.12384
2024-07-12 19:11:10,0.100696
2024-07-12 19:11:11,0.105472
2024-07-12 19:11:12,0.089352
2024-07-12 19:11:13,0.099216
2024-07-12 19:11:14,0.074312
2024-07-12 19:11:15,0.071616
2024-07-12 19:11:16,0.081704
2024-07-12 19:11:17,0.095344
2024-07-12 19:11:18,0.085624
2024-07-12 19:11:19,0.089856
2024-07-12 19:11:20,0.072256
2024-07-12 19:11:21,0.053048
2024-07-12 19:11:22,0.07724
2024-07-12 19:11:23,0.027528
2024-07-12 19:11:24,0.061208
2024-07-12 19:11:25,0.045408
2024-07-12 19:11:26,0.063816
2024-07-12 19:11:27,0.21544
2024-07-12 19:11:28,0.031184
2024-07-12 19:11:29,0.162264
2024-07-12 19:11:30,0.043976
2024-07-12 19:11:31,0.081704
2024-07-12 19:11:32,0.048184
2024-07-12 19:11:33,0.049528
2024-07-12 19:11:34,0.047104
2024-07-12 19:11:35,0.047832
2024-07-12 19:11:36,0.035784
2024-07-12 19:11:37,0.03
2024-07-12 19:11:38,0.026144
2024-07-12 19:11:39,0.022024
2024-07-12 19:11:40,0.025024
2024-07-12 19:11:41,0.0376
2024-07-12 19:11:42,0.058744
2024-07-12 19:11:43,0.018984
2024-07-12 19:11:44,0.021752
2024-07-12 19:11:45,0.02824
2024-07-12 19:11:46,0.033912
2024-07-12 19:11:47,0.03304
2024-07-12 19:11:48,0.016488
2024-07-12 19:11:49,0.015536
2024-07-12 19:11:50,0.034112
2024-07-12 19:11:51,0.018592
2024-07-12 19:11:52,0.020256
2024-07-12 19:11:53,0.013872
2024-07-12 19:11:54,0.039752
2024-07-12 19:11:55,0.024992
2024-07-12 19:11:56,0.021736
2024-07-12 19:11:57,0.01068
2024-07-12 19:11:58,0.023424
2024-07-12 19:11:59,0.122496
2024-07-12 19:12:00,0.093344
2024-07-12 19:12:01,0.029184
2024-07-12 19:12:02,0.03512
2024-07-12 19:12:03,0.038408
2024-07-12 19:12:04,0.02972
2024-07-12 19:12:05,0.04208
2024-07-12 19:12:06,0.073496
2024-07-12 19:12:07,0.073352
2024-07-12 19:12:08,0.08904
2024-07-12 19:12:09,0.1114
2024-07-12 19:12:10,0.119872
2024-07-12 19:12:11,0.122376
2024-07-12 19:12:12,0.109648
2024-07-12 19:12:13,0.119704
2024-07-12 19:12:14,0.13084
2024-07-12 19:12:15,0.101936
2024-07-12 19:12:16,0.082592
2024-07-12 19:12:17,0.106784
2024-07-12 19:12:18,0.098096
2024-07-12 19:12:19,0.116176
2024-07-12 19:12:20,0.112128
2024-07-12 19:12:21,0.106984
2024-07-12 19:12:22,0.064872
2024-07-12 19:12:23,0.054416
2024-07-12 19:12:24,0.070256
2024-07-12 19:12:25,0.04936
2024-07-12 19:12:26,0.043536
2024-07-12 19:12:27,0.035752
2024-07-12 19:12:28,0.038312
2024-07-12 19:12:29,0.037888
2024-07-12 19:12:30,0.035944
2024-07-12 19:12:31,0.026832
2024-07-12 19:12:32,0.03236
2024-07-12 19:12:33,0.031024
2024-07-12 19:12:34,0.038896
2024-07-12 19:12:35,0.025384
2024-07-12 19:12:36,0.041296
2024-07-12 19:12:37,0.0194
2024-07-12 19:12:38,0.018104
2024-07-12 19:12:39,0.034152
2024-07-12 19:12:40,0.21392
2024-07-12 19:12:41,0.034496
2024-07-12 19:12:42,0.084288
2024-07-12 19:12:43,0.048232
2024-07-12 19:12:44,0.039016
2024-07-12 19:12:45,0.047064
2024-07-12 19:12:46,0.044232
2024-07-12 19:12:47,0.038608
2024-07-12 19:12:48,0.045616
2024-07-12 19:12:49,0.039144
2024-07-12 19:12:50,0.05728
2024-07-12 19:12:51,0.062472
2024-07-12 19:12:52,0.042648
2024-07-12 19:12:53,0.060456
2024-07-12 19:12:54,0.067104
2024-07-12 19:12:55,0.066384
2024-07-12 19:12:56,0.066944
2024-07-12 19:12:57,0.066624
2024-07-12 19:12:58,0.066864
2024-07-12 19:12:59,0.059504
2024-07-12 19:13:00,0.05984
2024-07-12 19:13:01,0.0548
2024-07-12 19:13:02,0.062704
2024-07-12 19:13:03,0.056064
2024-07-12 19:13:04,0.05764
2024-07-12 19:13:05,0.060664
2024-07-12 19:13:06,0.078656
2024-07-12 19:13:07,0.062592
2024-07-12 19:13:08,0.064616
2024-07-12 19:13:09,0.055984
2024-07-12 19:13:10,0.066544
2024-07-12 19:13:11,0.053792
2024-07-12 19:13:12,0.055104
2024-07-12 19:13:13,0.0574
2024-07-12 19:13:14,0.051504
2024-07-12 19:13:15,0.117176
2024-07-12 19:13:16,0.034728
2024-07-12 19:13:17,0.09924
2024-07-12 19:13:18,0.076728
2024-07-12 19:13:19,0.053472
2024-07-12 19:13:20,0.031472
2024-07-12 19:13:21,0.068128
2024-07-12 19:13:22,0.037088
2024-07-12 19:13:23,0.03424
2024-07-12 19:13:24,0.04288
2024-07-12 19:13:25,0.031504
2024-07-12 19:13:26,0.037264
2024-07-12 19:13:27,0.024424
2024-07-12 19:13:28,0.026808
2024-07-12 19:13:29,0.019232
2024-07-12 19:13:30,0.0178
2024-07-12 19:13:31,0.016456
2024-07-12 19:13:32,0.028488
2024-07-12 19:13:33,0.024288
2024-07-12 19:13:34,0.031144
2024-07-12 19:13:35,0.027728
2024-07-12 19:13:36,0.028968
2024-07-12 19:13:37,0.019544
2024-07-12 19:13:38,0.031632
2024-07-12 19:13:39,0.028424
2024-07-12 19:13:40,0.028496
2024-07-12 19:13:41,0.027032
2024-07-12 19:13:42,0.029272
2024-07-12 19:13:43,0.04888
2024-07-12 19:13:44,0.039856
2024-07-12 19:13:45,0.064216
2024-07-12 19:13:46,0.027352
2024-07-12 19:13:47,0.093752
2024-07-12 19:13:48,0.135368
2024-07-12 19:13:49,0.035744
2024-07-12 19:13:50,0.034856
2024-07-12 19:13:51,0.043624
2024-07-12 19:13:52,0.029648
2024-07-12 19:13:53,0.046144
2024-07-12 19:13:54,0.07708
2024-07-12 19:13:55,0.073488
2024-07-12 19:13:56,0.083896
2024-07-12 19:13:57,0.095176
2024-07-12 19:13:58,0.163752
2024-07-12 19:13:59,0.127864
2024-07-12 19:14:00,0.142336
2024-07-12 19:14:01,0.145216
2024-07-12 19:14:02,0.168672
2024-07-12 19:14:03,0.115592
2024-07-12 19:14:04,0.090592
2024-07-12 19:14:05,0.115664
2024-07-12 19:14:06,0.121776
2024-07-12 19:14:07,0.134336
2024-07-12 19:14:08,0.108752
2024-07-12 19:14:09,0.130504
2024-07-12 19:14:10,0.094144
2024-07-12 19:14:11,0.089568
2024-07-12 19:14:12,0.05188
2024-07-12 19:14:13,0.059488
2024-07-12 19:14:14,0.080424
2024-07-12 19:14:15,0.066296
2024-07-12 19:14:16,0.03108
2024-07-12 19:14:17,0.027768
2024-07-12 19:14:18,0.045336
2024-07-12 19:14:19,0.219056
2024-07-12 19:14:20,0.042816
2024-07-12 19:14:21,0.203048
2024-07-12 19:14:22,0.03112
2024-07-12 19:14:23,0.054528
2024-07-12 19:14:24,0.018088
2024-07-12 19:14:25,0.02072
2024-07-12 19:14:26,0.0294
2024-07-12 19:14:27,0.030432
2024-07-12 19:14:28,0.028768
2024-07-12 19:14:29,0.048424
2024-07-12 19:14:30,0.036456
2024-07-12 19:14:31,0.06924
2024-07-12 19:14:32,0.04736
2024-07-12 19:14:33,0.051144
2024-07-12 19:14:34,0.06072
2024-07-12 19:14:35,0.028728
2024-07-12 19:14:36,0.03024
2024-07-12 19:14:37,0.034112
2024-07-12 19:14:38,0.019104
2024-07-12 19:14:39,0.03088
2024-07-12 19:14:40,0.05636
2024-07-12 19:14:41,0.016248
2024-07-12 19:14:42,0.016672
2024-07-12 19:14:43,0.014296
2024-07-12 19:14:44,0.016968
2024-07-12 19:14:45,0.023976
2024-07-12 19:14:46,0.019976
2024-07-12 19:14:47,0.011456
2024-07-12 19:14:48,0.015968
2024-07-12 19:14:49,0.020632
2024-07-12 19:14:50,0.022504
2024-07-12 19:14:51,0.017688
2024-07-12 19:14:52,0.026032
2024-07-12 19:14:53,0.01588
2024-07-12 19:14:54,0.017608
2024-07-12 19:14:55,0.019952
2024-07-12 19:14:56,0.034088
2024-07-12 19:14:57,0.020968
2024-07-12 19:14:58,0.023648
2024-07-12 19:14:59,0.0206
2024-07-12 19:15:00,0.018936
2024-07-12 19:15:01,0.017104
2024-07-12 19:15:02,0.01068
2024-07-12 19:15:03,0.013056
2024-07-12 19:15:04,0.01068
2024-07-12 19:15:05,0.13504
2024-07-12 19:15:06,0.09732
2024-07-12 19:15:07,0.033656
2024-07-12 19:15:08,0.072832
2024-07-12 19:15:09,0.05
2024-07-12 19:15:10,0.01532
2024-07-12 19:15:11,0.068032
2024-07-12 19:15:12,0.075608
2024-07-12 19:15:13,0.084976
2024-07-12 19:15:14,0.102432
2024-07-12 19:15:15,0.126448
2024-07-12 19:15:16,0.15656
2024-07-12 19:15:17,0.137288
2024-07-12 19:15:18,0.13936
2024-07-12 19:15:19,0.114592
2024-07-12 19:15:20,0.159384
2024-07-12 19:15:21,0.121768
2024-07-12 19:15:22,0.116216
2024-07-12 19:15:23,0.121912
2024-07-12 19:15:24,0.110528
2024-07-12 19:15:25,0.14148
2024-07-12 19:15:26,0.0862
2024-07-12 19:15:27,0.063008
2024-07-12 19:15:28,0.077728
2024-07-12 19:15:29,0.054504
2024-07-12 19:15:30,0.07684
2024-07-12 19:15:31,0.062096
2024-07-12 19:15:32,0.075016
2024-07-12 19:15:33,0.077392
2024-07-12 19:15:34,0.055104
2024-07-12 19:15:35,0.050544
2024-07-12 19:15:36,0.046992
2024-07-12 19:15:37,0.02924
2024-07-12 19:15:38,0.032576
2024-07-12 19:15:39,0.033664
2024-07-12 19:15:40,0.033032
2024-07-12 19:15:41,0.053632
2024-07-12 19:15:42,0.01824
2024-07-12 19:15:43,0.037896
2024-07-12 19:15:44,0.01392
2024-07-12 19:15:45,0.039608
2024-07-12 19:15:46,0.223544
2024-07-12 19:15:47,0.031424
2024-07-12 19:15:48,0.23568
2024-07-12 19:15:49,0.067344
2024-07-12 19:15:50,0.044384
2024-07-12 19:15:51,0.04396
2024-07-12 19:15:52,0.029712
2024-07-12 19:15:53,0.039544
2024-07-12 19:15:54,0.063376
2024-07-12 19:15:55,0.034832
2024-07-12 19:15:56,0.034544
2024-07-12 19:15:57,0.015216
2024-07-12 19:15:58,0.056248
2024-07-12 19:15:59,0.017304
2024-07-12 19:16:00,0.052248
2024-07-12 19:16:01,0.012864
2024-07-12 19:16:02,0.026256
2024-07-12 19:16:03,0.064032
2024-07-12 19:16:04,0.033784
2024-07-12 19:16:05,0.058472
2024-07-12 19:16:06,0.038528
2024-07-12 19:16:07,0.034112
2024-07-12 19:16:08,0.111488
2024-07-12 19:16:09,0.06088
2024-07-12 19:16:10,0.038152
2024-07-12 19:16:11,0.061976
2024-07-12 19:16:12,0.113992
2024-07-12 19:16:13,0.091112
2024-07-12 19:16:14,0.099816
2024-07-12 19:16:15,0.128016
2024-07-12 19:16:16,0.154416
2024-07-12 19:16:17,0.156568
2024-07-12 19:16:18,0.18532
2024-07-12 19:16:19,0.212672
2024-07-12 19:16:20,0.189192
2024-07-12 19:16:21,0.14904
2024-07-12 19:16:22,0.164768
2024-07-12 19:16:23,0.147024
2024-07-12 19:16:24,0.168736
2024-07-12 19:16:25,0.150704
2024-07-12 19:16:26,0.1182
2024-07-12 19:16:27,0.148328
2024-07-12 19:16:28,0.17468
2024-07-12 19:16:29,0.145336
2024-07-12 19:16:30,0.13556
2024-07-12 19:16:31,0.098888
2024-07-12 19:16:32,0.076448
2024-07-12 19:16:33,0.1046
2024-07-12 19:16:34,0.074992
2024-07-12 19:16:35,0.065624
2024-07-12 19:16:36,0.0452
2024-07-12 19:16:37,0.188704
2024-07-12 19:16:38,0.095648
2024-07-12 19:16:39,0.1184
2024-07-12 19:16:40,0.053432
2024-07-12 19:16:41,0.074024
2024-07-12 19:16:42,0.048104
2024-07-12 19:16:43,0.068704
2024-07-12 19:16:44,0.027336
2024-07-12 19:16:45,0.047224
2024-07-12 19:16:46,0.05044
2024-07-12 19:16:47,0.032296
2024-07-12 19:16:48,0.03932
2024-07-12 19:16:49,0.045648
2024-07-12 19:16:50,0.052136
2024-07-12 19:16:51,0.02776
2024-07-12 19:16:52,0.021376
2024-07-12 19:16:53,0.030064
2024-07-12 19:16:54,0.03888
2024-07-12 19:16:55,0.045752
2024-07-12 19:16:56,0.032128
2024-07-12 19:16:57,0.024392
2024-07-12 19:16:58,0.039864
2024-07-12 19:16:59,0.054128
2024-07-12 19:17:00,0.018528
2024-07-12 19:17:01,0.014976
2024-07-12 19:17:02,0.02808
2024-07-12 19:17:03,0.044224
2024-07-12 19:17:04,0.024
2024-07-12 19:17:05,0.028464
2024-07-12 19:17:06,0.035336
2024-07-12 19:17:07,0.025592
2024-07-12 19:17:08,0.148656
2024-07-12 19:17:09,0.123928
2024-07-12 19:17:10,0.031928
2024-07-12 19:17:11,0.038768
2024-07-12 19:17:12,0.043152
2024-07-12 19:17:13,0.037664
2024-07-12 19:17:14,0.045936
2024-07-12 19:17:15,0.09216
2024-07-12 19:17:16,0.084912
2024-07-12 19:17:17,0.117608
2024-07-12 19:17:18,0.11904
2024-07-12 19:17:19,0.198136
2024-07-12 19:17:20,0.158688
2024-07-12 19:17:21,0.176432
2024-07-12 19:17:22,0.154576
2024-07-12 19:17:23,0.1804
2024-07-12 19:17:24,0.135616
2024-07-12 19:17:25,0.154416
2024-07-12 19:17:26,0.136608
2024-07-12 19:17:27,0.118576
2024-07-12 19:17:28,0.114416
2024-07-12 19:17:29,0.09056
2024-07-12 19:17:30,0.093816
2024-07-12 19:17:31,0.090192
2024-07-12 19:17:32,0.103064
2024-07-12 19:17:33,0.116944
2024-07-12 19:17:34,0.080184
2024-07-12 19:17:35,0.102192
2024-07-12 19:17:36,0.056664
2024-07-12 19:17:37,0.050264
2024-07-12 19:17:38,0.055144
2024-07-12 19:17:39,0.067728
2024-07-12 19:17:40,0.039704
2024-07-12 19:17:41,0.069736
2024-07-12 19:17:42,0.254768
2024-07-12 19:17:43,0.031024
2024-07-12 19:17:44,0.197288
2024-07-12 19:17:45,0.040376
2024-07-12 19:17:46,0.01692
2024-07-12 19:17:47,0.015408
2024-07-12 19:17:48,0.014624
2024-07-12 19:17:49,0.02596
2024-07-12 19:17:50,0.017936
2024-07-12 19:17:51,0.03092
2024-07-12 19:17:52,0.031176
2024-07-12 19:17:53,0.080472
2024-07-12 19:17:54,0.05312
2024-07-12 19:17:55,0.031056
2024-07-12 19:17:56,0.024472
2024-07-12 19:17:57,0.02712
2024-07-12 19:17:58,0.013192
2024-07-12 19:17:59,0.064728
2024-07-12 19:18:00,0.042536
2024-07-12 19:18:01,0.03456
2024-07-12 19:18:02,0.040456
2024-07-12 19:18:03,0.047032
2024-07-12 19:18:04,0.018104
2024-07-12 19:18:05,0.019456
2024-07-12 19:18:06,0.054776
2024-07-12 19:18:07,0.0436
2024-07-12 19:18:08,0.04588
2024-07-12 19:18:09,0.044496
2024-07-12 19:18:10,0.06236
2024-07-12 19:18:11,0.0344
2024-07-12 19:18:12,0.052424
2024-07-12 19:18:13,0.03124
2024-07-12 19:18:14,0.076048
2024-07-12 19:18:15,0.0652
2024-07-12 19:18:16,0.06668
2024-07-12 19:18:17,0.029528
2024-07-12 19:18:18,0.028528
2024-07-12 19:18:19,0.026336
2024-07-12 19:18:20,0.022088
2024-07-12 19:18:21,0.057328
2024-07-12 19:18:22,0.044072
2024-07-12 19:18:23,0.028912
2024-07-12 19:18:24,0.019368
2024-07-12 19:18:25,0.041576
2024-07-12 19:18:26,0.026544
2024-07-12 19:18:27,0.038768
2024-07-12 19:18:28,0.051208
2024-07-12 19:18:29,0.022232
2024-07-12 19:18:30,0.038064
2024-07-12 19:18:31,0.01972
2024-07-12 19:18:32,0.020552
2024-07-12 19:18:33,0.018784
2024-07-12 19:18:34,0.137472
2024-07-12 19:18:35,0.136328
2024-07-12 19:18:36,0.022608
2024-07-12 19:18:37,0.071536
2024-07-12 19:18:38,0.025104
2024-07-12 19:18:39,0.026664
2024-07-12 19:18:40,0.066072
2024-07-12 19:18:41,0.093432
2024-07-12 19:18:42,0.110296
2024-07-12 19:18:43,0.139128
2024-07-12 19:18:44,0.17136
2024-07-12 19:18:45,0.22548
2024-07-12 19:18:46,0.204656
2024-07-12 19:18:47,0.205616
2024-07-12 19:18:48,0.218856
2024-07-12 19:18:49,0.228552
2024-07-12 19:18:50,0.181152
2024-07-12 19:18:51,0.176792
2024-07-12 19:18:52,0.178712
2024-07-12 19:18:53,0.198976
2024-07-12 19:18:54,0.148888
2024-07-12 19:18:55,0.140968
2024-07-12 19:18:56,0.14408
2024-07-12 19:18:57,0.150216
2024-07-12 19:18:58,0.11852
2024-07-12 19:18:59,0.11924
2024-07-12 19:19:00,0.118896
2024-07-12 19:19:01,0.135488
2024-07-12 19:19:02,0.119632
2024-07-12 19:19:03,0.054864
2024-07-12 19:19:04,0.048744
2024-07-12 19:19:05,0.045488
2024-07-12 19:19:06,0.05776
2024-07-12 19:19:07,0.03932
2024-07-12 19:19:08,0.056688
2024-07-12 19:19:09,0.256288
2024-07-12 19:19:10,0.051856
2024-07-12 19:19:11,0.252256
2024-07-12 19:19:12,0.048872
2024-07-12 19:19:13,0.029608
2024-07-12 19:19:14,0.062992
2024-07-12 19:19:15,0.02172
2024-07-12 19:19:16,0.076744
2024-07-12 19:19:17,0.047224
2024-07-12 19:19:18,0.097264
2024-07-12 19:19:19,0.066352
2024-07-12 19:19:20,0.080872
2024-07-12 19:19:21,0.077976
2024-07-12 19:19:22,0.06004
2024-07-12 19:19:23,0.053936
2024-07-12 19:19:24,0.03836
2024-07-12 19:19:25,0.038704
2024-07-12 19:19:26,0.053368
2024-07-12 19:19:27,0.027136
2024-07-12 19:19:28,0.03624
2024-07-12 19:19:29,0.022008
2024-07-12 19:19:30,0.025928
2024-07-12 19:19:31,0.026856
2024-07-12 19:19:32,0.046112
2024-07-12 19:19:33,0.051792
2024-07-12 19:19:34,0.033576
2024-07-12 19:19:35,0.032856
2024-07-12 19:19:36,0.026512
2024-07-12 19:19:37,0.023176
2024-07-12 19:19:38,0.031744
2024-07-12 19:19:39,0.03252
2024-07-12 19:19:40,0.022
2024-07-12 19:19:41,0.031184
2024-07-12 19:19:42,0.013272
2024-07-12 19:19:43,0.023208
2024-07-12 19:19:44,0.015816
2024-07-12 19:19:45,0.031144
2024-07-12 19:19:46,0.029536
2024-07-12 19:19:47,0.028256
2024-07-12 19:19:48,0.041688
2024-07-12 19:19:49,0.040912
2024-07-12 19:19:50,0.034752
2024-07-12 19:19:51,0.048632
2024-07-12 19:19:52,0.030096
2024-07-12 19:19:53,0.018528
2024-07-12 19:19:54,0.015184
2024-07-12 19:19:55,0.132872
2024-07-12 19:19:56,0.145928
2024-07-12 19:19:57,0.0482
2024-07-12 19:19:58,0.052024
2024-07-12 19:19:59,0.054824
2024-07-12 19:20:00,0.034656
2024-07-12 19:20:01,0.05368
2024-07-12 19:20:02,0.116696
2024-07-12 19:20:03,0.11296
2024-07-12 19:20:04,0.127152
2024-07-12 19:20:05,0.202232
2024-07-12 19:20:06,0.230512
2024-07-12 19:20:07,0.216296
2024-07-12 19:20:08,0.245184
2024-07-12 19:20:09,0.217168
2024-07-12 19:20:10,0.243704
2024-07-12 19:20:11,0.192344
2024-07-12 19:20:12,0.152216
2024-07-12 19:20:13,0.145528
2024-07-12 19:20:14,0.173392
2024-07-12 19:20:15,0.175608
2024-07-12 19:20:16,0.156536
2024-07-12 19:20:17,0.149552
2024-07-12 19:20:18,0.0508
2024-07-12 19:20:19,0.07048
2024-07-12 19:20:20,0.014728
2024-07-12 19:20:21,0.06196
2024-07-12 19:20:22,0.262608
2024-07-12 19:20:23,0.036816
2024-07-12 19:20:24,0.086368
2024-07-12 19:20:25,0.05456
2024-07-12 19:20:26,0.048384
2024-07-12 19:20:27,0.032536
2024-07-12 19:20:28,0.03508
2024-07-12 19:20:29,0.035104
2024-07-12 19:20:30,0.054888
2024-07-12 19:20:31,0.050968
2024-07-12 19:20:32,0.050984
2024-07-12 19:20:33,0.043624
2024-07-12 19:20:34,0.061752
2024-07-12 19:20:35,0.052912
2024-07-12 19:20:36,0.06296
2024-07-12 19:20:37,0.059568
2024-07-12 19:20:38,0.07088
2024-07-12 19:20:39,0.056392
2024-07-12 19:20:40,0.05012
2024-07-12 19:20:41,0.041856
2024-07-12 19:20:42,0.04832
2024-07-12 19:20:43,0.061496
2024-07-12 19:20:44,0.050968
2024-07-12 19:20:45,0.062376
2024-07-12 19:20:46,0.051976
2024-07-12 19:20:47,0.04528
2024-07-12 19:20:48,0.055176
2024-07-12 19:20:49,0.055368
2024-07-12 19:20:50,0.04976
2024-07-12 19:20:51,0.057416
2024-07-12 19:20:52,0.049944
2024-07-12 19:20:53,0.055344
2024-07-12 19:20:54,0.042544
2024-07-12 19:20:55,0.048808
2024-07-12 19:20:56,0.038872
2024-07-12 19:20:57,0.092384
2024-07-12 19:20:58,0.03148
2024-07-12 19:20:59,0.099248
2024-07-12 19:21:00,0.08764
2024-07-12 19:21:01,0.04696
2024-07-12 19:21:02,0.058
2024-07-12 19:21:03,0.039624
2024-07-12 19:21:04,0.074208
2024-07-12 19:21:05,0.059696
2024-07-12 19:21:06,0.029864
2024-07-12 19:21:07,0.05136
2024-07-12 19:21:08,0.030192
2024-07-12 19:21:09,0.024192
2024-07-12 19:21:10,0.031728
2024-07-12 19:21:11,0.034912
2024-07-12 19:21:12,0.028648
2024-07-12 19:21:13,0.013432
2024-07-12 19:21:14,0.013936
2024-07-12 19:21:15,0.023088
2024-07-12 19:21:16,0.025936
2024-07-12 19:21:17,0.030176
2024-07-12 19:21:18,0.016768
2024-07-12 19:21:19,0.045144
2024-07-12 19:21:20,0.017032
2024-07-12 19:21:21,0.037048
2024-07-12 19:21:22,0.045864
2024-07-12 19:21:23,0.03832
2024-07-12 19:21:24,0.0296
2024-07-12 19:21:25,0.01584
2024-07-12 19:21:26,0.020168
2024-07-12 19:21:27,0.022544
2024-07-12 19:21:28,0.025256
2024-07-12 19:21:29,0.14424
2024-07-12 19:21:30,0.147632
2024-07-12 19:21:31,0.0324
2024-07-12 19:21:32,0.067384
2024-07-12 19:21:33,0.035944
2024-07-12 19:21:34,0.034824
2024-07-12 19:21:35,0.076712
2024-07-12 19:21:36,0.106296
2024-07-12 19:21:37,0.088168
2024-07-12 19:21:38,0.160424
2024-07-12 19:21:39,0.178952
2024-07-12 19:21:40,0.180304
2024-07-12 19:21:41,0.219232
2024-07-12 19:21:42,0.197504
2024-07-12 19:21:43,0.193808
2024-07-12 19:21:44,0.22388
2024-07-12 19:21:45,0.153032
2024-07-12 19:21:46,0.151352
2024-07-12 19:21:47,0.142104
2024-07-12 19:21:48,0.165376
2024-07-12 19:21:49,0.170224
2024-07-12 19:21:50,0.128368
2024-07-12 19:21:51,0.134104
2024-07-12 19:21:52,0.110312
2024-07-12 19:21:53,0.092712
2024-07-12 19:21:54,0.131408
2024-07-12 19:21:55,0.134472
2024-07-12 19:21:56,0.05696
2024-07-12 19:21:57,0.04348
2024-07-12 19:21:58,0.045952
2024-07-12 19:21:59,0.030616
2024-07-12 19:22:00,0.038088
2024-07-12 19:22:01,0.020552
2024-07-12 19:22:02,0.03344
2024-07-12 19:22:03,0.242832
2024-07-12 19:22:04,0.062336
2024-07-12 19:22:05,0.222536
2024-07-12 19:22:06,0.098784
2024-07-12 19:22:07,0.036032
2024-07-12 19:22:08,0.057048
2024-07-12 19:22:09,0.021296
2024-07-12 19:22:10,0.12792
2024-07-12 19:22:11,0.097784
2024-07-12 19:22:12,0.16
2024-07-12 19:22:13,0.09976
2024-07-12 19:22:14,0.122112
2024-07-12 19:22:15,0.047
2024-07-12 19:22:16,0.079264
2024-07-12 19:22:17,0.063952
2024-07-12 19:22:18,0.060608
2024-07-12 19:22:19,0.02208
2024-07-12 19:22:20,0.061424
2024-07-12 19:22:21,0.07856
2024-07-12 19:22:22,0.02936
2024-07-12 19:22:23,0.084512
2024-07-12 19:22:24,0.04176
2024-07-12 19:22:25,0.034224
2024-07-12 19:22:26,0.04516
2024-07-12 19:22:27,0.044888
2024-07-12 19:22:28,0.067536
2024-07-12 19:22:29,0.044504
2024-07-12 19:22:30,0.029728
2024-07-12 19:22:31,0.05268
2024-07-12 19:22:32,0.023832
2024-07-12 19:22:33,0.042496
2024-07-12 19:22:34,0.050784
2024-07-12 19:22:35,0.040696
2024-07-12 19:22:36,0.025736
2024-07-12 19:22:37,0.029464
2024-07-12 19:22:38,0.038
2024-07-12 19:22:39,0.026896
2024-07-12 19:22:40,0.015344
2024-07-12 19:22:41,0.046104
2024-07-12 19:22:42,0.031544
2024-07-12 19:22:43,0.022648
2024-07-12 19:22:44,0.026
2024-07-12 19:22:45,0.035496
2024-07-12 19:22:46,0.03448
2024-07-12 19:22:47,0.020256
2024-07-12 19:22:48,0.030016
2024-07-12 19:22:49,0.094408
2024-07-12 19:22:50,0.185072
2024-07-12 19:22:51,0.054312
2024-07-12 19:22:52,0.016936
2024-07-12 19:22:53,0.080248
2024-07-12 19:22:54,0.044192
2024-07-12 19:22:55,0.058864
2024-07-12 19:22:56,0.139376
2024-07-12 19:22:57,0.114808
2024-07-12 19:22:58,0.119432
2024-07-12 19:22:59,0.16488
2024-07-12 19:23:00,0.222888
2024-07-12 19:23:01,0.213152
2024-07-12 19:23:02,0.234864
2024-07-12 19:23:03,0.204608
2024-07-12 19:23:04,0.280144
2024-07-12 19:23:05,0.224424
2024-07-12 19:23:06,0.176784
2024-07-12 19:23:07,0.15976
2024-07-12 19:23:08,0.179728
2024-07-12 19:23:09,0.171808
2024-07-12 19:23:10,0.167584
2024-07-12 19:23:11,0.170656
2024-07-12 19:23:12,0.131912
2024-07-12 19:23:13,0.161192
2024-07-12 19:23:14,0.143712
2024-07-12 19:23:15,0.133784
2024-07-12 19:23:16,0.116296
2024-07-12 19:23:17,0.124616
2024-07-12 19:23:18,0.099056
2024-07-12 19:23:19,0.07528
2024-07-12 19:23:20,0.059008
2024-07-12 19:23:21,0.049952
2024-07-12 19:23:22,0.044608
2024-07-12 19:23:23,0.04888
2024-07-12 19:23:24,0.043496
2024-07-12 19:23:25,0.04364
2024-07-12 19:23:26,0.054704
2024-07-12 19:23:27,0.053608
2024-07-12 19:23:28,0.06256
2024-07-12 19:23:29,0.02984
2024-07-12 19:23:30,0.05708
2024-07-12 19:23:31,0.26072
2024-07-12 19:23:32,0.049288
2024-07-12 19:23:33,0.300192
2024-07-12 19:23:34,0.113512
2024-07-12 19:23:35,0.0706
2024-07-12 19:23:36,0.073248
2024-07-12 19:23:37,0.039664
2024-07-12 19:23:38,0.052928
2024-07-12 19:23:39,0.042568
2024-07-12 19:23:40,0.048624
2024-07-12 19:23:41,0.051776
2024-07-12 19:23:42,0.028896
2024-07-12 19:23:43,0.044248
2024-07-12 19:23:44,0.020976
2024-07-12 19:23:45,0.026776
2024-07-12 19:23:46,0.018816
2024-07-12 19:23:47,0.02392
2024-07-12 19:23:48,0.019592
2024-07-12 19:23:49,0.02224
2024-07-12 19:23:50,0.028112
2024-07-12 19:23:51,0.024192
2024-07-12 19:23:52,0.028432
2024-07-12 19:23:53,0.163216
2024-07-12 19:23:54,0.042576
2024-07-12 19:23:55,0.029952
2024-07-12 19:23:56,0.116776
2024-07-12 19:23:57,0.133104
2024-07-12 19:23:58,0.159312
2024-07-12 19:23:59,0.203464
2024-07-12 19:24:00,0.254696
2024-07-12 19:24:01,0.27248
2024-07-12 19:24:02,0.302248
2024-07-12 19:24:03,0.256552
2024-07-12 19:24:04,0.192656
2024-07-12 19:24:05,0.130976
2024-07-12 19:24:06,0.29784
2024-07-12 19:24:07,0.224328
2024-07-12 19:24:08,0.232312
2024-07-12 19:24:09,0.083296
2024-07-12 19:24:10,0.069976
2024-07-12 19:24:11,0.064368
2024-07-12 19:24:12,0.072968
2024-07-12 19:24:13,0.039448
2024-07-12 19:24:14,0.05224
2024-07-12 19:24:15,0.077264
2024-07-12 19:24:16,0.075032
2024-07-12 19:24:17,0.0638
2024-07-12 19:24:18,0.04704
2024-07-12 19:24:19,0.02904
2024-07-12 19:24:20,0.056768
2024-07-12 19:24:21,0.046608
2024-07-12 19:24:22,0.03876
2024-07-12 19:24:23,0.025072
2024-07-12 19:24:24,0.069712
2024-07-12 19:24:25,0.014576
2024-07-12 19:24:26,0.02568
2024-07-12 19:24:27,0.056752
2024-07-12 19:24:28,0.046464
2024-07-12 19:24:29,0.015496
2024-07-12 19:24:30,0.02956
2024-07-12 19:24:31,0.013368
2024-07-12 19:24:32,0.019432
2024-07-12 19:24:33,0.031768
2024-07-12 19:24:34,0.0348
2024-07-12 19:24:35,0.063392
2024-07-12 19:24:36,0.01864
2024-07-12 19:24:37,0.157728
2024-07-12 19:24:38,0.15148
2024-07-12 19:24:39,0.029312
2024-07-12 19:24:40,0.061384
2024-07-12 19:24:41,0.042032
2024-07-12 19:24:42,0.03964
2024-07-12 19:24:43,0.117112
2024-07-12 19:24:44,0.120672
2024-07-12 19:24:45,0.113408
2024-07-12 19:24:46,0.132536
2024-07-12 19:24:47,0.18116
2024-07-12 19:24:48,0.193272
2024-07-12 19:24:49,0.204384
2024-07-12 19:24:50,0.251216
2024-07-12 19:24:51,0.243528
2024-07-12 19:24:52,0.231296
2024-07-12 19:24:53,0.182488
2024-07-12 19:24:54,0.186
2024-07-12 19:24:55,0.180752
2024-07-12 19:24:56,0.222432
2024-07-12 19:24:57,0.194624
2024-07-12 19:24:58,0.195816
2024-07-12 19:24:59,0.148976
2024-07-12 19:25:00,0.194664
2024-07-12 19:25:01,0.17116
2024-07-12 19:25:02,0.124192
2024-07-12 19:25:03,0.12616
2024-07-12 19:25:04,0.197464
2024-07-12 19:25:05,0.127544
2024-07-12 19:25:06,0.099728
2024-07-12 19:25:07,0.099192
2024-07-12 19:25:08,0.059448
2024-07-12 19:25:09,0.09188
2024-07-12 19:25:10,0.037496
2024-07-12 19:25:11,0.047584
2024-07-12 19:25:12,0.02512
2024-07-12 19:25:13,0.037912
2024-07-12 19:25:14,0.26836
2024-07-12 19:25:15,0.05448
2024-07-12 19:25:16,0.188192
2024-07-12 19:25:17,0.115856
2024-07-12 19:25:18,0.038888
2024-07-12 19:25:19,0.018728
2024-07-12 19:25:20,0.011768
2024-07-12 19:25:21,0.023344
2024-07-12 19:25:22,0.014704
2024-07-12 19:25:23,0.059352
2024-07-12 19:25:24,0.046168
2024-07-12 19:25:25,0.046
2024-07-12 19:25:26,0.028624
2024-07-12 19:25:27,0.026568
2024-07-12 19:25:28,0.02948
2024-07-12 19:25:29,0.030944
2024-07-12 19:25:30,0.037984
2024-07-12 19:25:31,0.065104
2024-07-12 19:25:32,0.040528
2024-07-12 19:25:33,0.036744
2024-07-12 19:25:34,0.065544
2024-07-12 19:25:35,0.037872
2024-07-12 19:25:36,0.014144
2024-07-12 19:25:37,0.045544
2024-07-12 19:25:38,0.044088
2024-07-12 19:25:39,0.048048
2024-07-12 19:25:40,0.059512
2024-07-12 19:25:41,0.04312
2024-07-12 19:25:42,0.07808
2024-07-12 19:25:43,0.046704
2024-07-12 19:25:44,0.06488
2024-07-12 19:25:45,0.039008
2024-07-12 19:25:46,0.024344
2024-07-12 19:25:47,0.044568
2024-07-12 19:25:48,0.015752
2024-07-12 19:25:49,0.0244
2024-07-12 19:25:50,0.04256
2024-07-12 19:25:51,0.035976
2024-07-12 19:25:52,0.023232
2024-07-12 19:25:53,0.01952
2024-07-12 19:25:54,0.012736
2024-07-12 19:25:55,0.018488
2024-07-12 19:25:56,0.027784
2024-07-12 19:25:57,0.060488
2024-07-12 19:25:58,0.0188
2024-07-12 19:25:59,0.019304
2024-07-12 19:26:00,0.028736
2024-07-12 19:26:01,0.03228
2024-07-12 19:26:02,0.028184
2024-07-12 19:26:03,0.02264
2024-07-12 19:26:04,0.016256
2024-07-12 19:26:05,0.03404
2024-07-12 19:26:06,0.135488
2024-07-12 19:26:07,0.094384
2024-07-12 19:26:08,0.124168
2024-07-12 19:26:09,0.01804
2024-07-12 19:26:10,0.073128
2024-07-12 19:26:11,0.03592
2024-07-12 19:26:12,0.023968
2024-07-12 19:26:13,0.174592
2024-07-12 19:26:14,0.193712
2024-07-12 19:26:15,0.189912
2024-07-12 19:26:16,0.23364
2024-07-12 19:26:17,0.239816
2024-07-12 19:26:18,0.267776
2024-07-12 19:26:19,0.29612
2024-07-12 19:26:20,0.299024
2024-07-12 19:26:21,0.298368
2024-07-12 19:26:22,0.240552
2024-07-12 19:26:23,0.227984
2024-07-12 19:26:24,0.19584
2024-07-12 19:26:25,0.234264
2024-07-12 19:26:26,0.154616
2024-07-12 19:26:27,0.205512
2024-07-12 19:26:28,0.23532
2024-07-12 19:26:29,0.220552
2024-07-12 19:26:30,0.253576
2024-07-12 19:26:31,0.136216
2024-07-12 19:26:32,0.133448
2024-07-12 19:26:33,0.110272
2024-07-12 19:26:34,0.139528
2024-07-12 19:26:35,0.119352
2024-07-12 19:26:36,0.07544
2024-07-12 19:26:37,0.067008
2024-07-12 19:26:38,0.056168
2024-07-12 19:26:39,0.046872
2024-07-12 19:26:40,0.04316
2024-07-12 19:26:41,0.049216
2024-07-12 19:26:42,0.056624
2024-07-12 19:26:43,0.029632
2024-07-12 19:26:44,0.041336
2024-07-12 19:26:45,0.278904
2024-07-12 19:26:46,0.030856
2024-07-12 19:26:47,0.224112
2024-07-12 19:26:48,0.039104
2024-07-12 19:26:49,0.031304
2024-07-12 19:26:50,0.023288
2024-07-12 19:26:51,0.039376
2024-07-12 19:26:52,0.032544
2024-07-12 19:26:53,0.019472
2024-07-12 19:26:54,0.033128
2024-07-12 19:26:55,0.03216
2024-07-12 19:26:56,0.048512
2024-07-12 19:26:57,0.01432
2024-07-12 19:26:58,0.032512
2024-07-12 19:26:59,0.04036
2024-07-12 19:27:00,0.049736
2024-07-12 19:27:01,0.02276
2024-07-12 19:27:02,0.023296
2024-07-12 19:27:03,0.026528
2024-07-12 19:27:04,0.015976
2024-07-12 19:27:05,0.019424
2024-07-12 19:27:06,0.01068
2024-07-12 19:27:07,0.017976
2024-07-12 19:27:08,0.023984
2024-07-12 19:27:09,0.029496
2024-07-12 19:27:10,0.020968
2024-07-12 19:27:11,0.02192
2024-07-12 19:27:12,0.014816
2024-07-12 19:27:13,0.016968
2024-07-12 19:27:14,0.024464
2024-07-12 19:27:15,0.016344
2024-07-12 19:27:16,0.043912
2024-07-12 19:27:17,0.196344
2024-07-12 19:27:18,0.126304
2024-07-12 19:27:19,0.029264
2024-07-12 19:27:20,0.037256
2024-07-12 19:27:21,0.03932
2024-07-12 19:27:22,0.04004
2024-07-12 19:27:23,0.084656
2024-07-12 19:27:24,0.13832
2024-07-12 19:27:25,0.140976
2024-07-12 19:27:26,0.212312
2024-07-12 19:27:27,0.243072
2024-07-12 19:27:28,0.29248
2024-07-12 19:27:29,0.286696
2024-07-12 19:27:30,0.382632
2024-07-12 19:27:31,0.312104
2024-07-12 19:27:32,0.358936
2024-07-12 19:27:33,0.277664
2024-07-12 19:27:34,0.229944
2024-07-12 19:27:35,0.260568
2024-07-12 19:27:36,0.254784
2024-07-12 19:27:37,0.224592
2024-07-12 19:27:38,0.222096
2024-07-12 19:27:39,0.249688
2024-07-12 19:27:40,0.18928
2024-07-12 19:27:41,0.197856
2024-07-12 19:27:42,0.181888
2024-07-12 19:27:43,0.188504
2024-07-12 19:27:44,0.138688
2024-07-12 19:27:45,0.14508
2024-07-12 19:27:46,0.129928
2024-07-12 19:27:47,0.127792
2024-07-12 19:27:48,0.139832
2024-07-12 19:27:49,0.098312
2024-07-12 19:27:50,0.06256
2024-07-12 19:27:51,0.06336
2024-07-12 19:27:52,0.063008
2024-07-12 19:27:53,0.01952
2024-07-12 19:27:54,0.042376
2024-07-12 19:27:55,0.013472
2024-07-12 19:27:56,0.04596
2024-07-12 19:27:57,0.273688
2024-07-12 19:27:58,0.042744
2024-07-12 19:27:59,0.088888
2024-07-12 19:28:00,0.049256
2024-07-12 19:28:01,0.041192
2024-07-12 19:28:02,0.02104
2024-07-12 19:28:03,0.024144
2024-07-12 19:28:04,0.019504
2024-07-12 19:28:05,0.029304
2024-07-12 19:28:06,0.034384
2024-07-12 19:28:07,0.050144
2024-07-12 19:28:08,0.0322
2024-07-12 19:28:09,0.035536
2024-07-12 19:28:10,0.037312
2024-07-12 19:28:11,0.063912
2024-07-12 19:28:12,0.056368
2024-07-12 19:28:13,0.064152
2024-07-12 19:28:14,0.054352
2024-07-12 19:28:15,0.065328
2024-07-12 19:28:16,0.052752
2024-07-12 19:28:17,0.059056
2024-07-12 19:28:18,0.05948
2024-07-12 19:28:19,0.067432
2024-07-12 19:28:20,0.058784
2024-07-12 19:28:21,0.068648
2024-07-12 19:28:22,0.0514
2024-07-12 19:28:23,0.05936
2024-07-12 19:28:24,0.055168
2024-07-12 19:28:25,0.059784
2024-07-12 19:28:26,0.057872
2024-07-12 19:28:27,0.051264
2024-07-12 19:28:28,0.055304
2024-07-12 19:28:29,0.055944
2024-07-12 19:28:30,0.052752
2024-07-12 19:28:31,0.051984
2024-07-12 19:28:32,0.091544
2024-07-12 19:28:33,0.038368
2024-07-12 19:28:34,0.106
2024-07-12 19:28:35,0.095472
2024-07-12 19:28:36,0.063464
2024-07-12 19:28:37,0.032664
2024-07-12 19:28:38,0.045224
2024-07-12 19:28:39,0.029448
2024-07-12 19:28:40,0.02456
2024-07-12 19:28:41,0.028496
2024-07-12 19:28:42,0.02904
2024-07-12 19:28:43,0.013976
2024-07-12 19:28:44,0.031568
2024-07-12 19:28:45,0.059144
2024-07-12 19:28:46,0.035824
2024-07-12 19:28:47,0.03212
2024-07-12 19:28:48,0.04676
2024-07-12 19:28:49,0.036384
2024-07-12 19:28:50,0.051696
2024-07-12 19:28:51,0.02964
2024-07-12 19:28:52,0.06776
2024-07-12 19:28:53,0.02952
2024-07-12 19:28:54,0.019904
2024-07-12 19:28:55,0.015488
2024-07-12 19:28:56,0.015808
2024-07-12 19:28:57,0.012424
2024-07-12 19:28:58,0.037496
2024-07-12 19:28:59,0.015688
2024-07-12 19:29:00,0.028608
2024-07-12 19:29:01,0.029288
2024-07-12 19:29:02,0.030656
2024-07-12 19:29:03,0.014904
2024-07-12 19:29:04,0.199416
2024-07-12 19:29:05,0.12656
2024-07-12 19:29:06,0.027536
2024-07-12 19:29:07,0.053376
2024-07-12 19:29:08,0.034032
2024-07-12 19:29:09,0.040144
2024-07-12 19:29:10,0.090688
2024-07-12 19:29:11,0.145096
2024-07-12 19:29:12,0.146984
2024-07-12 19:29:13,0.214776
2024-07-12 19:29:14,0.265056
2024-07-12 19:29:15,0.338344
2024-07-12 19:29:16,0.377288
2024-07-12 19:29:17,0.376632
2024-07-12 19:29:18,0.368912
2024-07-12 19:29:19,0.288424
2024-07-12 19:29:20,0.293048
2024-07-12 19:29:21,0.260968
2024-07-12 19:29:22,0.20612
2024-07-12 19:29:23,0.307688
2024-07-12 19:29:24,0.266512
2024-07-12 19:29:25,0.259992
2024-07-12 19:29:26,0.255416
2024-07-12 19:29:27,0.25696
2024-07-12 19:29:28,0.20928
2024-07-12 19:29:29,0.189192
2024-07-12 19:29:30,0.207696
2024-07-12 19:29:31,0.107792
2024-07-12 19:29:32,0.160032
2024-07-12 19:29:33,0.040616
2024-07-12 19:29:34,0.040712
2024-07-12 19:29:35,0.024944
2024-07-12 19:29:36,0.03828
2024-07-12 19:29:37,0.27852
2024-07-12 19:29:38,0.030296
2024-07-12 19:29:39,0.243008
2024-07-12 19:29:40,0.054208
2024-07-12 19:29:41,0.029624
2024-07-12 19:29:42,0.048832
2024-07-12 19:29:43,0.034536
2024-07-12 19:29:44,0.023144
2024-07-12 19:29:45,0.086248
2024-07-12 19:29:46,0.046096
2024-07-12 19:29:47,0.019552
2024-07-12 19:29:48,0.027864
2024-07-12 19:29:49,0.048704
2024-07-12 19:29:50,0.02412
2024-07-12 19:29:51,0.018104
2024-07-12 19:29:52,0.050392
2024-07-12 19:29:53,0.0382
2024-07-12 19:29:54,0.036792
2024-07-12 19:29:55,0.029432
2024-07-12 19:29:56,0.017624
2024-07-12 19:29:57,0.028616
2024-07-12 19:29:58,0.039976
2024-07-12 19:29:59,0.02076
2024-07-12 19:30:00,0.01068
2024-07-12 19:30:01,0.021912
2024-07-12 19:30:02,0.013624
2024-07-12 19:30:03,0.016552
2024-07-12 19:30:04,0.029296
2024-07-12 19:30:05,0.012008
2024-07-12 19:30:06,0.02496
2024-07-12 19:30:07,0.016176
2024-07-12 19:30:08,0.016288
2024-07-12 19:30:09,0.185128
2024-07-12 19:30:10,0.118632
2024-07-12 19:30:11,0.037664
2024-07-12 19:30:12,0.045968
2024-07-12 19:30:13,0.046648
2024-07-12 19:30:14,0.032816
2024-07-12 19:30:15,0.077208
2024-07-12 19:30:16,0.15304
2024-07-12 19:30:17,0.138416
2024-07-12 19:30:18,0.192152
2024-07-12 19:30:19,0.210672
2024-07-12 19:30:20,0.268368
2024-07-12 19:30:21,0.292728
2024-07-12 19:30:22,0.383528
2024-07-12 19:30:23,0.352584
2024-07-12 19:30:24,0.356128
2024-07-12 19:30:25,0.315296
2024-07-12 19:30:26,0.284384
2024-07-12 19:30:27,0.253056
2024-07-12 19:30:28,0.22972
2024-07-12 19:30:29,0.219824
2024-07-12 19:30:30,0.232128
2024-07-12 19:30:31,0.206176
2024-07-12 19:30:32,0.18956
2024-07-12 19:30:33,0.138856
2024-07-12 19:30:34,0.104832
2024-07-12 19:30:35,0.076744
2024-07-12 19:30:36,0.081616
2024-07-12 19:30:37,0.074432
2024-07-12 19:30:38,0.10588
2024-07-12 19:30:39,0.06028
2024-07-12 19:30:40,0.078904
2024-07-12 19:30:41,0.098312
2024-07-12 19:30:42,0.043992
2024-07-12 19:30:43,0.030728
2024-07-12 19:30:44,0.029504
2024-07-12 19:30:45,0.04712
2024-07-12 19:30:46,0.034256
2024-07-12 19:30:47,0.056232
2024-07-12 19:30:48,0.031808
2024-07-12 19:30:49,0.038784
2024-07-12 19:30:50,0.01564
2024-07-12 19:30:51,0.014744
2024-07-12 19:30:52,0.026304
2024-07-12 19:30:53,0.280728
2024-07-12 19:30:54,0.029192
2024-07-12 19:30:55,0.339248
2024-07-12 19:30:56,0.036088
2024-07-12 19:30:57,0.040392
2024-07-12 19:30:58,0.035672
2024-07-12 19:30:59,0.022096
2024-07-12 19:31:00,0.02068
2024-07-12 19:31:01,0.014144
2024-07-12 19:31:02,0.022552
2024-07-12 19:31:03,0.015896
2024-07-12 19:31:04,0.035976
2024-07-12 19:31:05,0.040504
2024-07-12 19:31:06,0.034152
2024-07-12 19:31:07,0.01484
2024-07-12 19:31:08,0.018456
2024-07-12 19:31:09,0.022432
2024-07-12 19:31:10,0.01068
2024-07-12 19:31:11,0.01132
2024-07-12 19:31:12,0.012416
2024-07-12 19:31:13,0.01068
2024-07-12 19:31:14,0.013056
2024-07-12 19:31:15,0.135672
2024-07-12 19:31:16,0.025184
2024-07-12 19:31:17,0.030352
2024-07-12 19:31:18,0.090776
2024-07-12 19:31:19,0.156744
2024-07-12 19:31:20,0.122592
2024-07-12 19:31:21,0.173056
2024-07-12 19:31:22,0.25132
2024-07-12 19:31:23,0.306576
2024-07-12 19:31:24,0.327984
2024-07-12 19:31:25,0.32312
2024-07-12 19:31:26,0.343296
2024-07-12 19:31:27,0.265576
2024-07-12 19:31:28,0.139808
2024-07-12 19:31:29,0.120176
2024-07-12 19:31:30,0.322624
2024-07-12 19:31:31,0.202472
2024-07-12 19:31:32,0.15952
2024-07-12 19:31:33,0.104328
2024-07-12 19:31:34,0.074792
2024-07-12 19:31:35,0.06152
2024-07-12 19:31:36,0.047808
2024-07-12 19:31:37,0.056104
2024-07-12 19:31:38,0.066896
2024-07-12 19:31:39,0.050656
2024-07-12 19:31:40,0.046928
2024-07-12 19:31:41,0.034776
2024-07-12 19:31:42,0.022072
2024-07-12 19:31:43,0.048824
2024-07-12 19:31:44,0.092152
2024-07-12 19:31:45,0.088512
2024-07-12 19:31:46,0.04988
2024-07-12 19:31:47,0.023136
2024-07-12 19:31:48,0.04292
2024-07-12 19:31:49,0.036152
2024-07-12 19:31:50,0.040704
2024-07-12 19:31:51,0.098536
2024-07-12 19:31:52,0.035224
2024-07-12 19:31:53,0.073712
2024-07-12 19:31:54,0.027912
2024-07-12 19:31:55,0.029984
2024-07-12 19:31:56,0.050136
2024-07-12 19:31:57,0.064336
2024-07-12 19:31:58,0.042328
2024-07-12 19:31:59,0.053032
2024-07-12 19:32:00,0.058488
2024-07-12 19:32:01,0.171496
2024-07-12 19:32:02,0.180008
2024-07-12 19:32:03,0.0676
2024-07-12 19:32:04,0.038456
2024-07-12 19:32:05,0.078728
2024-07-12 19:32:06,0.060944
2024-07-12 19:32:07,0.071016
2024-07-12 19:32:08,0.121688
2024-07-12 19:32:09,0.15664
2024-07-12 19:32:10,0.199816
2024-07-12 19:32:11,0.280832
2024-07-12 19:32:12,0.315872
2024-07-12 19:32:13,0.362096
2024-07-12 19:32:14,0.336392
2024-07-12 19:32:15,0.317856
2024-07-12 19:32:16,0.383328
2024-07-12 19:32:17,0.316352
2024-07-12 19:32:18,0.285576
2024-07-12 19:32:19,0.261
2024-07-12 19:32:20,0.262456
2024-07-12 19:32:21,0.257304
2024-07-12 19:32:22,0.246272
2024-07-12 19:32:23,0.258376
2024-07-12 19:32:24,0.174552
2024-07-12 19:32:25,0.23044
2024-07-12 19:32:26,0.13808
2024-07-12 19:32:27,0.098088
2024-07-12 19:32:28,0.068912
2024-07-12 19:32:29,0.034912
2024-07-12 19:32:30,0.076936
2024-07-12 19:32:31,0.294296
2024-07-12 19:32:32,0.03432
2024-07-12 19:32:33,0.246672
2024-07-12 19:32:34,0.04232
2024-07-12 19:32:35,0.052752
2024-07-12 19:32:36,0.0696
2024-07-12 19:32:37,0.02792
2024-07-12 19:32:38,0.024712
2024-07-12 19:32:39,0.023304
2024-07-12 19:32:40,0.030032
2024-07-12 19:32:41,0.020336
2024-07-12 19:32:42,0.037768
2024-07-12 19:32:43,0.04024
2024-07-12 19:32:44,0.03704
2024-07-12 19:32:45,0.04068
2024-07-12 19:32:46,0.0258
2024-07-12 19:32:47,0.03916
2024-07-12 19:32:48,0.02524
2024-07-12 19:32:49,0.027056
2024-07-12 19:32:50,0.01904
2024-07-12 19:32:51,0.0212
2024-07-12 19:32:52,0.035952
2024-07-12 19:32:53,0.049808
2024-07-12 19:32:54,0.046752
2024-07-12 19:32:55,0.030936
2024-07-12 19:32:56,0.019832
2024-07-12 19:32:57,0.022872
2024-07-12 19:32:58,0.024744
2024-07-12 19:32:59,0.015504
2024-07-12 19:33:00,0.022376
2024-07-12 19:33:01,0.011168
2024-07-12 19:33:02,0.013056
2024-07-12 19:33:03,0.192648
2024-07-12 19:33:04,0.15384
2024-07-12 19:33:05,0.033544
2024-07-12 19:33:06,0.066032
2024-07-12 19:33:07,0.031088
2024-07-12 19:33:08,0.028312
2024-07-12 19:33:09,0.103104
2024-07-12 19:33:10,0.138664
2024-07-12 19:33:11,0.143824
2024-07-12 19:33:12,0.222416
2024-07-12 19:33:13,0.31736
2024-07-12 19:33:14,0.387728
2024-07-12 19:33:15,0.375376
2024-07-12 19:33:16,0.359712
2024-07-12 19:33:17,0.263336
2024-07-12 19:33:18,0.35208
2024-07-12 19:33:19,0.277
2024-07-12 19:33:20,0.252328
2024-07-12 19:33:21,0.230736
2024-07-12 19:33:22,0.194
2024-07-12 19:33:23,0.16508
2024-07-12 19:33:24,0.1806
2024-07-12 19:33:25,0.206864
2024-07-12 19:33:26,0.200256
2024-07-12 19:33:27,0.166664
2024-07-12 19:33:28,0.113672
2024-07-12 19:33:29,0.114944
2024-07-12 19:33:30,0.093968
2024-07-12 19:33:31,0.10804
2024-07-12 19:33:32,0.079544
2024-07-12 19:33:33,0.10484
2024-07-12 19:33:34,0.155216
2024-07-12 19:33:35,0.033656
2024-07-12 19:33:36,0.035176
2024-07-12 19:33:37,0.026304
2024-07-12 19:33:38,0.046552
2024-07-12 19:33:39,0.276456
2024-07-12 19:33:40,0.068488
2024-07-12 19:33:41,0.207768
2024-07-12 19:33:42,0.09284
2024-07-12 19:33:43,0.07352
2024-07-12 19:33:44,0.031424
2024-07-12 19:33:45,0.0578
2024-07-12 19:33:46,0.021512
2024-07-12 19:33:47,0.028368
2024-07-12 19:33:48,0.039528
2024-07-12 19:33:49,0.026144
2024-07-12 19:33:50,0.012992
2024-07-12 19:33:51,0.026024
2024-07-12 19:33:52,0.016896
2024-07-12 19:33:53,0.032672
2024-07-12 19:33:54,0.012992
2024-07-12 19:33:55,0.01536
2024-07-12 19:33:56,0.023016
2024-07-12 19:33:57,0.013056
2024-07-12 19:33:58,0.01068
2024-07-12 19:33:59,0.017744
2024-07-12 19:34:00,0.01068
2024-07-12 19:34:01,0.01068
2024-07-12 19:34:02,0.013056
2024-07-12 19:34:03,0.01068
2024-07-12 19:34:04,0.013056
2024-07-12 19:34:05,0.015432
2024-07-12 19:34:06,0.020808
2024-07-12 19:34:07,0.012168
2024-07-12 19:34:08,0.013056
2024-07-12 19:34:09,0.01068
2024-07-12 19:34:10,0.013088
2024-07-12 19:34:11,0.115832
2024-07-12 19:34:12,0.102584
2024-07-12 19:34:13,0.155272
2024-07-12 19:34:14,0.021984
2024-07-12 19:34:15,0.072504
2024-07-12 19:34:16,0.03428
2024-07-12 19:34:17,0.022168
2024-07-12 19:34:18,0.172576
2024-07-12 19:34:19,0.223304
2024-07-12 19:34:20,0.294176
2024-07-12 19:34:21,0.304624
2024-07-12 19:34:22,0.310768
2024-07-12 19:34:23,0.400936
2024-07-12 19:34:24,0.423696
2024-07-12 19:34:25,0.347048
2024-07-12 19:34:26,0.311696
2024-07-12 19:34:27,0.33012
2024-07-12 19:34:28,0.34816
2024-07-12 19:34:29,0.252936
2024-07-12 19:34:30,0.283776
2024-07-12 19:34:31,0.322664
2024-07-12 19:34:32,0.269008
2024-07-12 19:34:33,0.270352
2024-07-12 19:34:34,0.286552
2024-07-12 19:34:35,0.251776
2024-07-12 19:34:36,0.175608
2024-07-12 19:34:37,0.177456
2024-07-12 19:34:38,0.213632
2024-07-12 19:34:39,0.179248
2024-07-12 19:34:40,0.176784
2024-07-12 19:34:41,0.059608
2024-07-12 19:34:42,0.072816
2024-07-12 19:34:43,0.065296
2024-07-12 19:34:44,0.051864
2024-07-12 19:34:45,0.045168
2024-07-12 19:34:46,0.059552
2024-07-12 19:34:47,0.250408
2024-07-12 19:34:48,0.032608
2024-07-12 19:34:49,0.084976
2024-07-12 19:34:50,0.04752
2024-07-12 19:34:51,0.042576
2024-07-12 19:34:52,0.032016
2024-07-12 19:34:53,0.047392
2024-07-12 19:34:54,0.033192
2024-07-12 19:34:55,0.040592
2024-07-12 19:34:56,0.045688
2024-07-12 19:34:57,0.056272
2024-07-12 19:34:58,0.041448
2024-07-12 19:34:59,0.04712
2024-07-12 19:35:00,0.058192
2024-07-12 19:35:01,0.060008
2024-07-12 19:35:02,0.053896
2024-07-12 19:35:03,0.055192
2024-07-12 19:35:04,0.063792
2024-07-12 19:35:05,0.060472
2024-07-12 19:35:06,0.042824
2024-07-12 19:35:07,0.055744
2024-07-12 19:35:08,0.0684
2024-07-12 19:35:09,0.058704
2024-07-12 19:35:10,0.07008
2024-07-12 19:35:11,0.058816
2024-07-12 19:35:12,0.051728
2024-07-12 19:35:13,0.051136
2024-07-12 19:35:14,0.04744
2024-07-12 19:35:15,0.049592
2024-07-12 19:35:16,0.09504
2024-07-12 19:35:17,0.031616
2024-07-12 19:35:18,0.098568
2024-07-12 19:35:19,0.080248
2024-07-12 19:35:20,0.042144
2024-07-12 19:35:21,0.039712
2024-07-12 19:35:22,0.039216
2024-07-12 19:35:23,0.032128
2024-07-12 19:35:24,0.017616
2024-07-12 19:35:25,0.013744
2024-07-12 19:35:26,0.015072
2024-07-12 19:35:27,0.013056
2024-07-12 19:35:28,0.015264
2024-07-12 19:35:29,0.029832
2024-07-12 19:35:30,0.013744
2024-07-12 19:35:31,0.01612
2024-07-12 19:35:32,0.024696
2024-07-12 19:35:33,0.013056
2024-07-12 19:35:34,0.01068
2024-07-12 19:35:35,0.032504
2024-07-12 19:35:36,0.026616
2024-07-12 19:35:37,0.01676
2024-07-12 19:35:38,0.034888
2024-07-12 19:35:39,0.030096
2024-07-12 19:35:40,0.031072
2024-07-12 19:35:41,0.026208
2024-07-12 19:35:42,0.018696
2024-07-12 19:35:43,0.0214
2024-07-12 19:35:44,0.01664
2024-07-12 19:35:45,0.032576
2024-07-12 19:35:46,0.041
2024-07-12 19:35:47,0.026472
2024-07-12 19:35:48,0.159576
2024-07-12 19:35:49,0.171264
2024-07-12 19:35:50,0.047464
2024-07-12 19:35:51,0.061488
2024-07-12 19:35:52,0.05196
2024-07-12 19:35:53,0.029232
2024-07-12 19:35:54,0.06948
2024-07-12 19:35:55,0.13392
2024-07-12 19:35:56,0.119408
2024-07-12 19:35:57,0.210992
2024-07-12 19:35:58,0.28664
2024-07-12 19:35:59,0.293152
2024-07-12 19:36:00,0.28144
2024-07-12 19:36:01,0.317488
2024-07-12 19:36:02,0.289136
2024-07-12 19:36:03,0.257104
2024-07-12 19:36:04,0.246
2024-07-12 19:36:05,0.229968
2024-07-12 19:36:06,0.214992
2024-07-12 19:36:07,0.231128
2024-07-12 19:36:08,0.254888
2024-07-12 19:36:09,0.262808
2024-07-12 19:36:10,0.20052
2024-07-12 19:36:11,0.225504
2024-07-12 19:36:12,0.190224
2024-07-12 19:36:13,0.103568
2024-07-12 19:36:14,0.10992
2024-07-12 19:36:15,0.078136
2024-07-12 19:36:16,0.136984
2024-07-12 19:36:17,0.079856
2024-07-12 19:36:18,0.058032
2024-07-12 19:36:19,0.040232
2024-07-12 19:36:20,0.064432
2024-07-12 19:36:21,0.054096
2024-07-12 19:36:22,0.0482
2024-07-12 19:36:23,0.069424
2024-07-12 19:36:24,0.045984
2024-07-12 19:36:25,0.037824
2024-07-12 19:36:26,0.065792
2024-07-12 19:36:27,0.043864
2024-07-12 19:36:28,0.030632
2024-07-12 19:36:29,0.083568
2024-07-12 19:36:30,0.227408
2024-07-12 19:36:31,0.044208
2024-07-12 19:36:32,0.210464
2024-07-12 19:36:33,0.056648
2024-07-12 19:36:34,0.069288
2024-07-12 19:36:35,0.02828
2024-07-12 19:36:36,0.044296
2024-07-12 19:36:37,0.0346
2024-07-12 19:36:38,0.029608
2024-07-12 19:36:39,0.041656
2024-07-12 19:36:40,0.037064
2024-07-12 19:36:41,0.030784
2024-07-12 19:36:42,0.03312
2024-07-12 19:36:43,0.02428
2024-07-12 19:36:44,0.029552
2024-07-12 19:36:45,0.029248
2024-07-12 19:36:46,0.013536
2024-07-12 19:36:47,0.015904
2024-07-12 19:36:48,0.024256
2024-07-12 19:36:49,0.014888
2024-07-12 19:36:50,0.012416
2024-07-12 19:36:51,0.01376
2024-07-12 19:36:52,0.013056
2024-07-12 19:36:53,0.01376
2024-07-12 19:36:54,0.026168
2024-07-12 19:36:55,0.013248
2024-07-12 19:36:56,0.016752
2024-07-12 19:36:57,0.01408
2024-07-12 19:36:58,0.018784
2024-07-12 19:36:59,0.01068
2024-07-12 19:37:00,0.013056
2024-07-12 19:37:01,0.01068
2024-07-12 19:37:02,0.163352
2024-07-12 19:37:03,0.109704
2024-07-12 19:37:04,0.026624
2024-07-12 19:37:05,0.039344
2024-07-12 19:37:06,0.054256
2024-07-12 19:37:07,0.015168
2024-07-12 19:37:08,0.064048
2024-07-12 19:37:09,0.149
2024-07-12 19:37:10,0.148464
2024-07-12 19:37:11,0.26796
2024-07-12 19:37:12,0.309128
2024-07-12 19:37:13,0.380112
2024-07-12 19:37:14,0.329216
2024-07-12 19:37:15,0.265088
2024-07-12 19:37:16,0.298376
2024-07-12 19:37:17,0.370032
2024-07-12 19:37:18,0.311344
2024-07-12 19:37:19,0.321816
2024-07-12 19:37:20,0.259984
2024-07-12 19:37:21,0.293312
2024-07-12 19:37:22,0.326592
2024-07-12 19:37:23,0.293736
2024-07-12 19:37:24,0.230544
2024-07-12 19:37:25,0.25528
2024-07-12 19:37:26,0.255824
2024-07-12 19:37:27,0.19404
2024-07-12 19:37:28,0.147112
2024-07-12 19:37:29,0.162024
2024-07-12 19:37:30,0.129352
2024-07-12 19:37:31,0.145864
2024-07-12 19:37:32,0.139416
2024-07-12 19:37:33,0.153304
2024-07-12 19:37:34,0.028048
2024-07-12 19:37:35,0.019624
2024-07-12 19:37:36,0.069576
2024-07-12 19:37:37,0.03216
2024-07-12 19:37:38,0.182696
2024-07-12 19:37:39,0.030984
2024-07-12 19:37:40,0.196928
2024-07-12 19:37:41,0.046536
2024-07-12 19:37:42,0.059616
2024-07-12 19:37:43,0.026624
2024-07-12 19:37:44,0.026048
2024-07-12 19:37:45,0.03068
2024-07-12 19:37:46,0.019384
2024-07-12 19:37:47,0.01416
2024-07-12 19:37:48,0.01068
2024-07-12 19:37:49,0.013056
2024-07-12 19:37:50,0.01068
2024-07-12 19:37:51,0.022656
2024-07-12 19:37:52,0.01068
2024-07-12 19:37:53,0.013056
2024-07-12 19:37:54,0.014312
2024-07-12 19:37:55,0.013408
2024-07-12 19:37:56,0.01068
2024-07-12 19:37:57,0.013056
2024-07-12 19:37:58,0.01068
2024-07-12 19:37:59,0.01132
2024-07-12 19:38:00,0.0378
2024-07-12 19:38:01,0.013392
2024-07-12 19:38:02,0.021384
2024-07-12 19:38:03,0.080544
2024-07-12 19:38:04,0.092424
2024-07-12 19:38:05,0.098056
2024-07-12 19:38:06,0.108264
2024-07-12 19:38:07,0.105808
2024-07-12 19:38:08,0.1414
2024-07-12 19:38:09,0.178848
2024-07-12 19:38:10,0.125304
2024-07-12 19:38:11,0.202432
2024-07-12 19:38:12,0.14548
2024-07-12 19:38:13,0.143936
2024-07-12 19:38:14,0.076664
2024-07-12 19:38:15,0.053088
2024-07-12 19:38:16,0.186464
2024-07-12 19:38:17,0.10452
2024-07-12 19:38:18,0.141832
2024-07-12 19:38:19,0.064552
2024-07-12 19:38:20,0.060832
2024-07-12 19:38:21,0.055376
2024-07-12 19:38:22,0.036328
2024-07-12 19:38:23,0.02272
2024-07-12 19:38:24,0.013392
2024-07-12 19:38:25,0.018256
2024-07-12 19:38:26,0.021096
2024-07-12 19:38:27,0.014408
2024-07-12 19:38:28,0.02236
2024-07-12 19:38:29,0.01596
2024-07-12 19:38:30,0.018456
2024-07-12 19:38:31,0.022888
2024-07-12 19:38:32,0.023912
2024-07-12 19:38:33,0.050656
2024-07-12 19:38:34,0.049008
2024-07-12 19:38:35,0.050696
2024-07-12 19:38:36,0.0838
2024-07-12 19:38:37,0.064536
2024-07-12 19:38:38,0.045144
2024-07-12 19:38:39,0.066848
2024-07-12 19:38:40,0.046128
2024-07-12 19:38:41,0.056848
2024-07-12 19:38:42,0.043568
2024-07-12 19:38:43,0.01348
2024-07-12 19:38:44,0.030384
2024-07-12 19:38:45,0.056552
2024-07-12 19:38:46,0.057984
2024-07-12 19:38:47,0.112744
2024-07-12 19:38:48,0.112416
2024-07-12 19:38:49,0.034024
2024-07-12 19:38:50,0.079656
2024-07-12 19:38:51,0.03984
2024-07-12 19:38:52,0.05144
2024-07-12 19:38:53,0.084968
2024-07-12 19:38:54,0.109488
2024-07-12 19:38:55,0.155304
2024-07-12 19:38:56,0.23144
2024-07-12 19:38:57,0.28272
2024-07-12 19:38:58,0.281048
2024-07-12 19:38:59,0.316424
2024-07-12 19:39:00,0.285632
2024-07-12 19:39:01,0.214144
2024-07-12 19:39:02,0.260624
2024-07-12 19:39:03,0.309456
2024-07-12 19:39:04,0.253712
2024-07-12 19:39:05,0.236416
2024-07-12 19:39:06,0.254808
2024-07-12 19:39:07,0.256312
2024-07-12 19:39:08,0.286904
2024-07-12 19:39:09,0.280888
2024-07-12 19:39:10,0.191056
2024-07-12 19:39:11,0.233712
2024-07-12 19:39:12,0.259368
2024-07-12 19:39:13,0.188072
2024-07-12 19:39:14,0.149472
2024-07-12 19:39:15,0.193824
2024-07-12 19:39:16,0.04536
2024-07-12 19:39:17,0.047648
2024-07-12 19:39:18,0.09028
2024-07-12 19:39:19,0.100328
2024-07-12 19:39:20,0.0324
2024-07-12 19:39:21,0.029296
2024-07-12 19:39:22,0.129896
2024-07-12 19:39:23,0.068104
2024-07-12 19:39:24,0.036968
2024-07-12 19:39:25,0.033568
2024-07-12 19:39:26,0.04064
2024-07-12 19:39:27,0.028528
2024-07-12 19:39:28,0.05988
2024-07-12 19:39:29,0.020944
2024-07-12 19:39:30,0.01948
2024-07-12 19:39:31,0.027656
2024-07-12 19:39:32,0.026504
2024-07-12 19:39:33,0.022464
2024-07-12 19:39:34,0.010808
2024-07-12 19:39:35,0.025128
2024-07-12 19:39:36,0.01068
2024-07-12 19:39:37,0.013056
2024-07-12 19:39:38,0.01068
2024-07-12 19:39:39,0.013056
2024-07-12 19:39:40,0.01068
2024-07-12 19:39:41,0.037176
2024-07-12 19:39:42,0.014272
2024-07-12 19:39:43,0.032896
2024-07-12 19:39:44,0.023784
2024-07-12 19:39:45,0.022208
2024-07-12 19:39:46,0.024648
2024-07-12 19:39:47,0.011328
2024-07-12 19:39:48,0.013056
2024-07-12 19:39:49,0.01068
2024-07-12 19:39:50,0.013056
2024-07-12 19:39:51,0.01068
2024-07-12 19:39:52,0.064768
2024-07-12 19:39:53,0.067008
2024-07-12 19:39:54,0.017664
2024-07-12 19:39:55,0.030616
2024-07-12 19:39:56,0.03468
2024-07-12 19:39:57,0.021224
2024-07-12 19:39:58,0.066112
2024-07-12 19:39:59,0.109536
2024-07-12 19:40:00,0.1484
2024-07-12 19:40:01,0.163224
2024-07-12 19:40:02,0.193248
2024-07-12 19:40:03,0.224184
2024-07-12 19:40:04,0.259872
2024-07-12 19:40:05,0.227816
2024-07-12 19:40:06,0.259368
2024-07-12 19:40:07,0.230176
2024-07-12 19:40:08,0.23556
2024-07-12 19:40:09,0.212272
2024-07-12 19:40:10,0.157096
2024-07-12 19:40:11,0.185272
2024-07-12 19:40:12,0.146632
2024-07-12 19:40:13,0.209808
2024-07-12 19:40:14,0.17808
2024-07-12 19:40:15,0.161976
2024-07-12 19:40:16,0.147496
2024-07-12 19:40:17,0.155968
2024-07-12 19:40:18,0.194912
2024-07-12 19:40:19,0.172104
2024-07-12 19:40:20,0.128824
2024-07-12 19:40:21,0.142896
2024-07-12 19:40:22,0.092888
2024-07-12 19:40:23,0.10036
2024-07-12 19:40:24,0.028024
2024-07-12 19:40:25,0.038944
2024-07-12 19:40:26,0.11176
2024-07-12 19:40:27,0.025696
2024-07-12 19:40:28,0.107056
2024-07-12 19:40:29,0.0514
2024-07-12 19:40:30,0.025376
2024-07-12 19:40:31,0.053392
2024-07-12 19:40:32,0.040624
2024-07-12 19:40:33,0.04264
2024-07-12 19:40:34,0.03672
2024-07-12 19:40:35,0.01536
2024-07-12 19:40:36,0.019728
2024-07-12 19:40:37,0.013056
2024-07-12 19:40:38,0.021432
2024-07-12 19:40:39,0.022856
2024-07-12 19:40:40,0.011656
2024-07-12 19:40:41,0.013056
2024-07-12 19:40:42,0.01068
2024-07-12 19:40:43,0.036312
2024-07-12 19:40:44,0.021056
2024-07-12 19:40:45,0.017944
2024-07-12 19:40:46,0.016336
2024-07-12 19:40:47,0.013056
2024-07-12 19:40:48,0.01068
2024-07-12 19:40:49,0.01132
2024-07-12 19:40:50,0.016312
2024-07-12 19:40:51,0.01068
2024-07-12 19:40:52,0.016648
2024-07-12 19:40:53,0.017496
2024-07-12 19:40:54,0.013056
2024-07-12 19:40:55,0.012008
2024-07-12 19:40:56,0.013056
2024-07-12 19:40:57,0.01068
2024-07-12 19:40:58,0.06448
2024-07-12 19:40:59,0.082824
2024-07-12 19:41:00,0.031192
2024-07-12 19:41:01,0.019096
2024-07-12 19:41:02,0.036208
2024-07-12 19:41:03,0.02284
2024-07-12 19:41:04,0.040024
2024-07-12 19:41:05,0.102456
2024-07-12 19:41:06,0.10256
2024-07-12 19:41:07,0.14816
2024-07-12 19:41:08,0.201752
2024-07-12 19:41:09,0.220584
2024-07-12 19:41:10,0.234768
2024-07-12 19:41:11,0.27228
2024-07-12 19:41:12,0.254488
2024-07-12 19:41:13,0.260632
2024-07-12 19:41:14,0.240752
2024-07-12 19:41:15,0.187904
2024-07-12 19:41:16,0.23948
2024-07-12 19:41:17,0.22144
2024-07-12 19:41:18,0.250616
2024-07-12 19:41:19,0.17832
2024-07-12 19:41:20,0.228136
2024-07-12 19:41:21,0.139576
2024-07-12 19:41:22,0.150872
2024-07-12 19:41:23,0.177504
2024-07-12 19:41:24,0.224952
2024-07-12 19:41:25,0.190936
2024-07-12 19:41:26,0.147608
2024-07-12 19:41:27,0.158432
2024-07-12 19:41:28,0.157152
2024-07-12 19:41:29,0.136024
2024-07-12 19:41:30,0.176912
2024-07-12 19:41:31,0.126304
2024-07-12 19:41:32,0.12568
2024-07-12 19:41:33,0.05004
2024-07-12 19:41:34,0.035472
2024-07-12 19:41:35,0.120904
2024-07-12 19:41:36,0.024488
2024-07-12 19:41:37,0.081312
2024-07-12 19:41:38,0.04624
2024-07-12 19:41:39,0.043424
2024-07-12 19:41:40,0.033256
2024-07-12 19:41:41,0.032592
2024-07-12 19:41:42,0.025096
2024-07-12 19:41:43,0.036448
2024-07-12 19:41:44,0.02912
2024-07-12 19:41:45,0.051584
2024-07-12 19:41:46,0.051112
2024-07-12 19:41:47,0.054432
2024-07-12 19:41:48,0.042592
2024-07-12 19:41:49,0.051064
2024-07-12 19:41:50,0.047616
2024-07-12 19:41:51,0.036328
2024-07-12 19:41:52,0.075488
2024-07-12 19:41:53,0.02932
2024-07-12 19:41:54,0.0598
2024-07-12 19:41:55,0.060336
2024-07-12 19:41:56,0.037936
2024-07-12 19:41:57,0.026904
2024-07-12 19:41:58,0.028696
2024-07-12 19:41:59,0.026152
2024-07-12 19:42:00,0.024496
2024-07-12 19:42:01,0.013448
2024-07-12 19:42:02,0.045368
2024-07-12 19:42:03,0.01416
2024-07-12 19:42:04,0.016048
2024-07-12 19:42:05,0.019744
2024-07-12 19:42:06,0.016376
2024-07-12 19:42:07,0.01068
2024-07-12 19:42:08,0.023512
2024-07-12 19:42:09,0.014408
2024-07-12 19:42:10,0.01844
2024-07-12 19:42:11,0.016584
2024-07-12 19:42:12,0.011056
2024-07-12 19:42:13,0.011928
2024-07-12 19:42:14,0.01068
2024-07-12 19:42:15,0.01536
2024-07-12 19:42:16,0.014264
2024-07-12 19:42:17,0.013056
2024-07-12 19:42:18,0.01432
2024-07-12 19:42:19,0.016448
2024-07-12 19:42:20,0.01068
2024-07-12 19:42:21,0.01432
2024-07-12 19:42:22,0.010024
2024-07-12 19:42:23,0.02728
2024-07-12 19:42:24,0.03496
2024-07-12 19:42:25,0.064152
2024-07-12 19:42:26,0.048656
2024-07-12 19:42:27,0.017392
2024-07-12 19:42:28,0.034736
2024-07-12 19:42:29,0.032888
2024-07-12 19:42:30,0.03368
2024-07-12 19:42:31,0.06864
2024-07-12 19:42:32,0.169968
2024-07-12 19:42:33,0.189936
2024-07-12 19:42:34,0.21856
2024-07-12 19:42:35,0.229536
2024-07-12 19:42:36,0.218048
2024-07-12 19:42:37,0.281976
2024-07-12 19:42:38,0.291944
2024-07-12 19:42:39,0.317544
2024-07-12 19:42:40,0.244152
2024-07-12 19:42:41,0.196128
2024-07-12 19:42:42,0.219976
2024-07-12 19:42:43,0.212432
2024-07-12 19:42:44,0.228288
2024-07-12 19:42:45,0.243776
2024-07-12 19:42:46,0.200936
2024-07-12 19:42:47,0.18244
2024-07-12 19:42:48,0.141296
2024-07-12 19:42:49,0.159024
2024-07-12 19:42:50,0.164328
2024-07-12 19:42:51,0.15428
2024-07-12 19:42:52,0.160424
2024-07-12 19:42:53,0.048616
2024-07-12 19:42:54,0.040696
2024-07-12 19:42:55,0.123072
2024-07-12 19:42:56,0.025496
2024-07-12 19:42:57,0.120048
2024-07-12 19:42:58,0.06612
2024-07-12 19:42:59,0.03848
2024-07-12 19:43:00,0.033912
2024-07-12 19:43:01,0.014144
2024-07-12 19:43:02,0.014992
2024-07-12 19:43:03,0.013712
2024-07-12 19:43:04,0.015576
2024-07-12 19:43:05,0.0454
2024-07-12 19:43:06,0.014752
2024-07-12 19:43:07,0.02048
2024-07-12 19:43:08,0.041424
2024-07-12 19:43:09,0.01068
2024-07-12 19:43:10,0.013056
2024-07-12 19:43:11,0.017664
2024-07-12 19:43:12,0.094088
2024-07-12 19:43:13,0.013568
2024-07-12 19:43:14,0.042232
2024-07-12 19:43:15,0.005272
2024-07-12 19:45:26,0.1434
2024-07-12 19:45:27,0.099488
2024-07-12 19:45:28,0.005952
2024-07-12 19:45:29,0.027408
2024-07-12 19:45:30,0.041432
2024-07-12 19:45:31,0.019376
2024-07-12 19:45:32,0.022704
2024-07-12 19:45:33,0.38736
2024-07-12 19:45:34,0.034344
2024-07-12 19:45:35,0.028456
2024-07-12 19:45:36,0.028392
2024-07-12 19:45:37,0.02628
2024-07-12 19:45:38,0.032968
2024-07-12 19:45:39,0.032992
2024-07-12 19:45:40,0.029272
2024-07-12 19:45:41,0.038296
2024-07-12 19:45:42,0.045032
2024-07-12 19:45:43,0.049112
2024-07-12 19:45:44,0.109608
2024-07-12 19:45:45,0.034456
2024-07-12 19:45:46,0.013496
2024-07-12 19:45:47,0.010128
2024-07-12 19:45:48,0.014832
2024-07-12 19:45:49,0.019488
2024-07-12 19:45:50,0.009344
2024-07-12 19:45:51,0.016848
2024-07-12 19:45:52,0.004088
2024-07-12 19:45:53,0.003736
2024-07-12 19:45:54,0.011432
2024-07-12 19:45:55,0.003736
2024-07-12 19:45:56,0.004576
2024-07-12 19:45:57,0.022208
2024-07-12 19:45:58,0.009144
2024-07-12 19:45:59,0.006224
2024-07-12 19:46:00,0.009136
2024-07-12 19:46:01,0.002216
2024-07-12 19:46:02,0.009144
2024-07-12 19:46:03,0.006784
2024-07-12 19:46:04,0.015496
2024-07-12 19:46:05,0.012392
2024-07-12 19:46:06,0.00964
2024-07-12 19:46:07,0.008496
2024-07-12 19:46:08,0.007312
2024-07-12 19:46:09,0.003248
2024-07-12 19:46:10,0.009184
2024-07-12 19:46:11,0.02596
2024-07-12 19:46:12,0.028504
2024-07-12 19:46:13,0.025112
2024-07-12 19:46:14,0.030776
2024-07-12 19:46:15,0.03536
2024-07-12 19:46:16,0.018032
2024-07-12 19:46:17,0.028784
2024-07-12 19:46:18,0.024264
2024-07-12 19:46:19,0.019912
2024-07-12 19:46:20,0.024296
2024-07-12 19:46:21,0.013664
2024-07-12 19:46:22,0.087992
2024-07-12 19:46:23,0.060944
2024-07-12 19:46:24,0.065032
2024-07-12 19:46:25,0.022256
2024-07-12 19:46:26,0.008992
2024-07-12 19:46:27,0.002704
2024-07-12 19:46:28,0.068184
2024-07-12 19:46:29,0.015608
2024-07-12 19:46:30,0.00968
2024-07-12 19:46:31,0.014112
2024-07-12 19:46:32,0.038688
2024-07-12 19:46:33,0.054136
2024-07-12 19:46:34,0.049104
2024-07-12 19:46:35,0.05204
2024-07-12 19:46:36,0.04792
2024-07-12 19:46:37,0.060648
2024-07-12 19:46:38,0.063096
2024-07-12 19:46:39,0.069384
2024-07-12 19:46:40,0.125112
2024-07-12 19:46:41,0.11552
2024-07-12 19:46:42,0.094672
2024-07-12 19:46:43,0.09596
2024-07-12 19:46:44,0.095944
2024-07-12 19:46:45,0.066784
2024-07-12 19:46:46,0.058464
2024-07-12 19:46:47,0.052936
2024-07-12 19:46:48,0.0676
2024-07-12 19:46:49,0.082392
2024-07-12 19:46:50,0.039688
2024-07-12 19:46:51,0.044904
2024-07-12 19:46:52,0.02416
2024-07-12 19:46:53,0.15364
2024-07-12 19:46:54,0.033232
2024-07-12 19:46:55,0.086792
2024-07-12 19:46:56,0.083688
2024-07-12 19:46:57,0.01096
2024-07-12 19:46:58,0.044216
2024-07-12 19:46:59,0.05136
2024-07-12 19:47:00,0.050816
2024-07-12 19:47:01,0.011048
2024-07-12 19:47:02,0.03608
2024-07-12 19:47:03,0.037136
2024-07-12 19:47:04,0.017752
2024-07-12 19:47:05,0.019488
2024-07-12 19:47:06,0.009648
2024-07-12 19:47:07,0.006232
2024-07-12 19:47:08,0.103664
2024-07-12 19:47:09,0.023544
2024-07-12 19:47:10,0.031056
2024-07-12 19:47:11,0.070176
2024-07-12 19:47:12,0.06304
2024-07-12 19:47:13,0.058144
2024-07-12 19:47:14,0.060824
2024-07-12 19:47:15,0.107432
2024-07-12 19:47:16,0.093936
2024-07-12 19:47:17,0.105312
2024-07-12 19:47:18,0.094
2024-07-12 19:47:19,0.105344
2024-07-12 19:47:20,0.113872
2024-07-12 19:47:21,0.0694
2024-07-12 19:47:22,0.062688
2024-07-12 19:47:23,0.052896
2024-07-12 19:47:24,0.049864
2024-07-12 19:47:25,0.038856
2024-07-12 19:47:26,0.094944
2024-07-12 19:47:27,0.171336
2024-07-12 19:47:28,0.065424
2024-07-12 19:47:29,0.071272
2024-07-12 19:47:30,0.0588
2024-07-12 19:47:31,0.028656
2024-07-12 19:47:32,0.07932
2024-07-12 19:47:33,0.03268
2024-07-12 19:47:34,0.035792
2024-07-12 19:47:35,0.044712
2024-07-12 19:47:36,0.028864
2024-07-12 19:47:37,0.017816
2024-07-12 19:47:38,0.030832
2024-07-12 19:47:39,0.051912
2024-07-12 19:47:40,0.019952
2024-07-12 19:47:41,0.024592
2024-07-12 19:47:42,0.016184
2024-07-12 19:47:43,0.013136
2024-07-12 19:47:44,0.018152
2024-07-12 19:47:45,0.0264
2024-07-12 19:47:46,0.03636
2024-07-12 19:47:47,0.139016
2024-07-12 19:47:48,0.033416
2024-07-12 19:47:49,0.024824
2024-07-12 19:47:50,0.058312
2024-07-12 19:47:51,0.068272
2024-07-12 19:47:52,0.0812
2024-07-12 19:47:53,0.086816
2024-07-12 19:47:54,0.091216
2024-07-12 19:47:55,0.112392
2024-07-12 19:47:56,0.156592
2024-07-12 19:47:57,0.137784
2024-07-12 19:47:58,0.127424
2024-07-12 19:47:59,0.085016
2024-07-12 19:48:00,0.094904
2024-07-12 19:48:01,0.06748
2024-07-12 19:48:02,0.144688
2024-07-12 19:48:03,0.077496
2024-07-12 19:48:04,0.083464
2024-07-12 19:48:05,0.018472
2024-07-12 19:48:06,0.015176
2024-07-12 19:48:07,0.011744
2024-07-12 19:48:08,0.014416
2024-07-12 19:48:09,0.014592
2024-07-12 19:48:10,0.015816
2024-07-12 19:48:11,0.01436
2024-07-12 19:48:12,0.038184
2024-07-12 19:48:13,0.053792
2024-07-12 19:48:14,0.04984
2024-07-12 19:48:15,0.047808
2024-07-12 19:48:16,0.029832
2024-07-12 19:48:17,0.022112
2024-07-12 19:48:18,0.033576
2024-07-12 19:48:19,0.030328
2024-07-12 19:48:20,0.021592
2024-07-12 19:48:21,0.013344
2024-07-12 19:48:22,0.011848
2024-07-12 19:48:23,0.01864
2024-07-12 19:48:24,0.0288
2024-07-12 19:48:25,0.037232
2024-07-12 19:48:26,0.019312
2024-07-12 19:48:27,0.059536
2024-07-12 19:48:28,0.044416
2024-07-12 19:48:29,0.074616
2024-07-12 19:48:30,0.034176
2024-07-12 19:48:31,0.041248
2024-07-12 19:48:32,0.045352
2024-07-12 19:48:33,0.01768
2024-07-12 19:48:34,0.022864
2024-07-12 19:48:35,0.029992
2024-07-12 19:48:36,0.039888
2024-07-12 19:48:37,0.020936
2024-07-12 19:48:38,0.031704
2024-07-12 19:48:39,0.018696
2024-07-12 19:48:40,0.02032
2024-07-12 19:48:41,0.01468
2024-07-12 19:48:42,0.046568
2024-07-12 19:48:43,0.021192
2024-07-12 19:48:44,0.022032
2024-07-12 19:48:45,0.019256
2024-07-12 19:48:46,0.041152
2024-07-12 19:48:47,0.031928
2024-07-12 19:48:48,0.043736
2024-07-12 19:48:49,0.057752
2024-07-12 19:48:50,0.019904
2024-07-12 19:48:51,0.02284
2024-07-12 19:48:52,0.02792
2024-07-12 19:48:53,0.113192
2024-07-12 19:48:54,0.082248
2024-07-12 19:48:55,0.03144
2024-07-12 19:48:56,0.047448
2024-07-12 19:48:57,0.04604
2024-07-12 19:48:58,0.029568
2024-07-12 19:48:59,0.084048
2024-07-12 19:49:00,0.061808
2024-07-12 19:49:01,0.081344
2024-07-12 19:49:02,0.088944
2024-07-12 19:49:03,0.08752
2024-07-12 19:49:04,0.093392
2024-07-12 19:49:05,0.125488
2024-07-12 19:49:06,0.16092
2024-07-12 19:49:07,0.13896
2024-07-12 19:49:08,0.124824
2024-07-12 19:49:09,0.103096
2024-07-12 19:49:10,0.101552
2024-07-12 19:49:11,0.097776
2024-07-12 19:49:12,0.106736
2024-07-12 19:49:13,0.055744
2024-07-12 19:49:14,0.069784
2024-07-12 19:49:15,0.067512
2024-07-12 19:49:16,0.107136
2024-07-12 19:49:17,0.080032
2024-07-12 19:49:18,0.110008
2024-07-12 19:49:19,0.039296
2024-07-12 19:49:20,0.065952
2024-07-12 19:49:21,0.171352
2024-07-12 19:49:22,0.046384
2024-07-12 19:49:23,0.155936
2024-07-12 19:49:24,0.055816
2024-07-12 19:49:25,0.036904
2024-07-12 19:49:26,0.051584
2024-07-12 19:49:27,0.017312
2024-07-12 19:49:28,0.025608
2024-07-12 19:49:29,0.03324
2024-07-12 19:49:30,0.020816
2024-07-12 19:49:31,0.019792
2024-07-12 19:49:32,0.03268
2024-07-12 19:49:33,0.041408
2024-07-12 19:49:34,0.048512
2024-07-12 19:49:35,0.061528
2024-07-12 19:49:36,0.095
2024-07-12 19:49:37,0.034912
2024-07-12 19:49:38,0.03772
2024-07-12 19:49:39,0.017448
2024-07-12 19:49:40,0.028816
2024-07-12 19:49:41,0.02044
2024-07-12 19:49:42,0.02128
2024-07-12 19:49:43,0.01364
2024-07-12 19:49:44,0.020824
2024-07-12 19:49:45,0.013688
2024-07-12 19:49:46,0.01208
2024-07-12 19:49:47,0.01432
2024-07-12 19:49:48,0.028952
2024-07-12 19:49:49,0.018232
2024-07-12 19:49:50,0.0182
2024-07-12 19:49:51,0.0234
2024-07-12 19:49:52,0.020496
2024-07-12 19:49:53,0.050608
2024-07-12 19:49:54,0.126624
2024-07-12 19:49:55,0.043976
2024-07-12 19:49:56,0.051552
2024-07-12 19:49:57,0.04276
2024-07-12 19:49:58,0.039968
2024-07-12 19:49:59,0.05292
2024-07-12 19:50:00,0.076928
2024-07-12 19:50:01,0.08188
2024-07-12 19:50:02,0.100496
2024-07-12 19:50:03,0.122328
2024-07-12 19:50:04,0.114928
2024-07-12 19:50:05,0.125104
2024-07-12 19:50:06,0.156752
2024-07-12 19:50:07,0.16364
2024-07-12 19:50:08,0.13256
2024-07-12 19:50:09,0.109848
2024-07-12 19:50:10,0.105064
2024-07-12 19:50:11,0.133576
2024-07-12 19:50:12,0.106408
2024-07-12 19:50:13,0.100272
2024-07-12 19:50:14,0.112744
2024-07-12 19:50:15,0.110832
2024-07-12 19:50:16,0.124464
2024-07-12 19:50:17,0.134848
2024-07-12 19:50:18,0.114048
2024-07-12 19:50:19,0.074176
2024-07-12 19:50:20,0.121912
2024-07-12 19:50:21,0.07164
2024-07-12 19:50:22,0.063544
2024-07-12 19:50:23,0.060864
2024-07-12 19:50:24,0.075152
2024-07-12 19:50:25,0.05028
2024-07-12 19:50:26,0.042896
2024-07-12 19:50:27,0.03
2024-07-12 19:50:28,0.041912
2024-07-12 19:50:29,0.031184
2024-07-12 19:50:30,0.0352
2024-07-12 19:50:31,0.02896
2024-07-12 19:50:32,0.032488
2024-07-12 19:50:33,0.037688
2024-07-12 19:50:34,0.055264
2024-07-12 19:50:35,0.02672
2024-07-12 19:50:36,0.023488
2024-07-12 19:50:37,0.020872
2024-07-12 19:50:38,0.06004
2024-07-12 19:50:39,0.164568
2024-07-12 19:50:40,0.034248
2024-07-12 19:50:41,0.17488
2024-07-12 19:50:42,0.045864
2024-07-12 19:50:43,0.047
2024-07-12 19:50:44,0.036672
2024-07-12 19:50:45,0.045496
2024-07-12 19:50:46,0.02372
2024-07-12 19:50:47,0.028696
2024-07-12 19:50:48,0.011776
2024-07-12 19:50:49,0.009936
2024-07-12 19:50:50,0.042928
2024-07-12 19:50:51,0.035544
2024-07-12 19:50:52,0.017056
2024-07-12 19:50:53,0.020272
2024-07-12 19:50:54,0.031704
2024-07-12 19:50:55,0.02572
2024-07-12 19:50:56,0.020944
2024-07-12 19:50:57,0.019104
2024-07-12 19:50:58,0.020608
2024-07-12 19:50:59,0.017
2024-07-12 19:51:00,0.01808
2024-07-12 19:51:01,0.017144
2024-07-12 19:51:02,0.013056
2024-07-12 19:51:03,0.01068
2024-07-12 19:51:04,0.022184
2024-07-12 19:51:05,0.01736
2024-07-12 19:51:06,0.021848
2024-07-12 19:51:07,0.012416
2024-07-12 19:51:08,0.015432
2024-07-12 19:51:09,0.0184
2024-07-12 19:51:10,0.013672
2024-07-12 19:51:11,0.105688
2024-07-12 19:51:12,0.096984
2024-07-12 19:51:13,0.036448
2024-07-12 19:51:14,0.042072
2024-07-12 19:51:15,0.049648
2024-07-12 19:51:16,0.024216
2024-07-12 19:51:17,0.084928
2024-07-12 19:51:18,0.069656
2024-07-12 19:51:19,0.091296
2024-07-12 19:51:20,0.106536
2024-07-12 19:51:21,0.122
2024-07-12 19:51:22,0.147024
2024-07-12 19:51:23,0.143064
2024-07-12 19:51:24,0.179968
2024-07-12 19:51:25,0.182856
2024-07-12 19:51:26,0.131128
2024-07-12 19:51:27,0.11792
2024-07-12 19:51:28,0.126448
2024-07-12 19:51:29,0.130376
2024-07-12 19:51:30,0.117144
2024-07-12 19:51:31,0.10532
2024-07-12 19:51:32,0.129
2024-07-12 19:51:33,0.104784
2024-07-12 19:51:34,0.07012
2024-07-12 19:51:35,0.07096
2024-07-12 19:51:36,0.07692
2024-07-12 19:51:37,0.057472
2024-07-12 19:51:38,0.061384
2024-07-12 19:51:39,0.079792
2024-07-12 19:51:40,0.062296
2024-07-12 19:51:41,0.074488
2024-07-12 19:51:42,0.059096
2024-07-12 19:51:43,0.024696
2024-07-12 19:51:44,0.045032
2024-07-12 19:51:45,0.030888
2024-07-12 19:51:46,0.041216
2024-07-12 19:51:47,0.190608
2024-07-12 19:51:48,0.030744
2024-07-12 19:51:49,0.089016
2024-07-12 19:51:50,0.043968
2024-07-12 19:51:51,0.042576
2024-07-12 19:51:52,0.020352
2024-07-12 19:51:53,0.024104
2024-07-12 19:51:54,0.029992
2024-07-12 19:51:55,0.028152
2024-07-12 19:51:56,0.029088
2024-07-12 19:51:57,0.045016
2024-07-12 19:51:58,0.04284
2024-07-12 19:51:59,0.038696
2024-07-12 19:52:00,0.040456
2024-07-12 19:52:01,0.054136
2024-07-12 19:52:02,0.052256
2024-07-12 19:52:03,0.055584
2024-07-12 19:52:04,0.0616
2024-07-12 19:52:05,0.051912
2024-07-12 19:52:06,0.06252
2024-07-12 19:52:07,0.070176
2024-07-12 19:52:08,0.058248
2024-07-12 19:52:09,0.067376
2024-07-12 19:52:10,0.056728
2024-07-12 19:52:11,0.0712
2024-07-12 19:52:12,0.061928
2024-07-12 19:52:13,0.059912
2024-07-12 19:52:14,0.073392
2024-07-12 19:52:15,0.077504
2024-07-12 19:52:16,0.066904
2024-07-12 19:52:17,0.060768
2024-07-12 19:52:18,0.056136
2024-07-12 19:52:19,0.066072
2024-07-12 19:52:20,0.05552
2024-07-12 19:52:21,0.056672
2024-07-12 19:52:22,0.090656
2024-07-12 19:52:23,0.053424
2024-07-12 19:52:24,0.115592
2024-07-12 19:52:25,0.074632
2024-07-12 19:52:26,0.04928
2024-07-12 19:52:27,0.048544
2024-07-12 19:52:28,0.036096
2024-07-12 19:52:29,0.039216
2024-07-12 19:52:30,0.038848
2024-07-12 19:52:31,0.067872
2024-07-12 19:52:32,0.048016
2024-07-12 19:52:33,0.015344
2024-07-12 19:52:34,0.03504
2024-07-12 19:52:35,0.035744
2024-07-12 19:52:36,0.030152
2024-07-12 19:52:37,0.025096
2024-07-12 19:52:38,0.02504
2024-07-12 19:52:39,0.039792
2024-07-12 19:52:40,0.021136
2024-07-12 19:52:41,0.02652
2024-07-12 19:52:42,0.024904
2024-07-12 19:52:43,0.02148
2024-07-12 19:52:44,0.031168
2024-07-12 19:52:45,0.01896
2024-07-12 19:52:46,0.021888
2024-07-12 19:52:47,0.02396
2024-07-12 19:52:48,0.020248
2024-07-12 19:52:49,0.040136
2024-07-12 19:52:50,0.024656
2024-07-12 19:52:51,0.04108
2024-07-12 19:52:52,0.029536
2024-07-12 19:52:53,0.017816
2024-07-12 19:52:54,0.115168
2024-07-12 19:52:55,0.100872
2024-07-12 19:52:56,0.030192
2024-07-12 19:52:57,0.0548
2024-07-12 19:52:58,0.0486
2024-07-12 19:52:59,0.022872
2024-07-12 19:53:00,0.088224
2024-07-12 19:53:01,0.106496
2024-07-12 19:53:02,0.13192
2024-07-12 19:53:03,0.164104
2024-07-12 19:53:04,0.160432
2024-07-12 19:53:05,0.14404
2024-07-12 19:53:06,0.159872
2024-07-12 19:53:07,0.176392
2024-07-12 19:53:08,0.173528
2024-07-12 19:53:09,0.16292
2024-07-12 19:53:10,0.171864
2024-07-12 19:53:11,0.117168
2024-07-12 19:53:12,0.120896
2024-07-12 19:53:13,0.10348
2024-07-12 19:53:14,0.142216
2024-07-12 19:53:15,0.084776
2024-07-12 19:53:16,0.093976
2024-07-12 19:53:17,0.073808
2024-07-12 19:53:18,0.061288
2024-07-12 19:53:19,0.062856
2024-07-12 19:53:20,0.067432
2024-07-12 19:53:21,0.067736
2024-07-12 19:53:22,0.069848
2024-07-12 19:53:23,0.065256
2024-07-12 19:53:24,0.064272
2024-07-12 19:53:25,0.076304
2024-07-12 19:53:26,0.048408
2024-07-12 19:53:27,0.053504
2024-07-12 19:53:28,0.033864
2024-07-12 19:53:29,0.03744
2024-07-12 19:53:30,0.192168
2024-07-12 19:53:31,0.051432
2024-07-12 19:53:32,0.16968
2024-07-12 19:53:33,0.06448
2024-07-12 19:53:34,0.033248
2024-07-12 19:53:35,0.056848
2024-07-12 19:53:36,0.018168
2024-07-12 19:53:37,0.047736
2024-07-12 19:53:38,0.030208
2024-07-12 19:53:39,0.02996
2024-07-12 19:53:40,0.01896
2024-07-12 19:53:41,0.013056
2024-07-12 19:53:42,0.023496
2024-07-12 19:53:43,0.024848
2024-07-12 19:53:44,0.03356
2024-07-12 19:53:45,0.050616
2024-07-12 19:53:46,0.04124
2024-07-12 19:53:47,0.05808
2024-07-12 19:53:48,0.034472
2024-07-12 19:53:49,0.02312
2024-07-12 19:53:50,0.033696
2024-07-12 19:53:51,0.02
2024-07-12 19:53:52,0.022912
2024-07-12 19:53:53,0.026384
2024-07-12 19:53:54,0.021344
2024-07-12 19:53:55,0.019
2024-07-12 19:53:56,0.013056
2024-07-12 19:53:57,0.019472
2024-07-12 19:53:58,0.013056
2024-07-12 19:53:59,0.023552
2024-07-12 19:54:00,0.01368
2024-07-12 19:54:01,0.011928
2024-07-12 19:54:02,0.05096
2024-07-12 19:54:03,0.108632
2024-07-12 19:54:04,0.07232
2024-07-12 19:54:05,0.045256
2024-07-12 19:54:06,0.049112
2024-07-12 19:54:07,0.039272
2024-07-12 19:54:08,0.019592
2024-07-12 19:54:09,0.110328
2024-07-12 19:54:10,0.08844
2024-07-12 19:54:11,0.115144
2024-07-12 19:54:12,0.132824
2024-07-12 19:54:13,0.1514
2024-07-12 19:54:14,0.128816
2024-07-12 19:54:15,0.1784
2024-07-12 19:54:16,0.188432
2024-07-12 19:54:17,0.210496
2024-07-12 19:54:18,0.154488
2024-07-12 19:54:19,0.115376
2024-07-12 19:54:20,0.14876
2024-07-12 19:54:21,0.12872
2024-07-12 19:54:22,0.111792
2024-07-12 19:54:23,0.115928
2024-07-12 19:54:24,0.176616
2024-07-12 19:54:25,0.131296
2024-07-12 19:54:26,0.118992
2024-07-12 19:54:27,0.105776
2024-07-12 19:54:28,0.104312
2024-07-12 19:54:29,0.090544
2024-07-12 19:54:30,0.067408
2024-07-12 19:54:31,0.102984
2024-07-12 19:54:32,0.080616
2024-07-12 19:54:33,0.052016
2024-07-12 19:54:34,0.05212
2024-07-12 19:54:35,0.043776
2024-07-12 19:54:36,0.050536
2024-07-12 19:54:37,0.043344
2024-07-12 19:54:38,0.035024
2024-07-12 19:54:39,0.05632
2024-07-12 19:54:40,0.017832
2024-07-12 19:54:41,0.02996
2024-07-12 19:54:42,0.036016
2024-07-12 19:54:43,0.182152
2024-07-12 19:54:44,0.039384
2024-07-12 19:54:45,0.280648
2024-07-12 19:54:46,0.040544
2024-07-12 19:54:47,0.03788
2024-07-12 19:54:48,0.038224
2024-07-12 19:54:49,0.089712
2024-07-12 19:54:50,0.034344
2024-07-12 19:54:51,0.037424
2024-07-12 19:54:52,0.02632
2024-07-12 19:54:53,0.043128
2024-07-12 19:54:54,0.032888
2024-07-12 19:54:55,0.017688
2024-07-12 19:54:56,0.041216
2024-07-12 19:54:57,0.030272
2024-07-12 19:54:58,0.022232
2024-07-12 19:54:59,0.026888
2024-07-12 19:55:00,0.019848
2024-07-12 19:55:01,0.014328
2024-07-12 19:55:02,0.027056
2024-07-12 19:55:03,0.021776
2024-07-12 19:55:04,0.015328
2024-07-12 19:55:05,0.099864
2024-07-12 19:55:06,0.020232
2024-07-12 19:55:07,0.026216
2024-07-12 19:55:08,0.092664
2024-07-12 19:55:09,0.097104
2024-07-12 19:55:10,0.0976
2024-07-12 19:55:11,0.120544
2024-07-12 19:55:12,0.145704
2024-07-12 19:55:13,0.15156
2024-07-12 19:55:14,0.168416
2024-07-12 19:55:15,0.22748
2024-07-12 19:55:16,0.246376
2024-07-12 19:55:17,0.236816
2024-07-12 19:55:18,0.25368
2024-07-12 19:55:19,0.161144
2024-07-12 19:55:20,0.180376
2024-07-12 19:55:21,0.196096
2024-07-12 19:55:22,0.192488
2024-07-12 19:55:23,0.122448
2024-07-12 19:55:24,0.132472
2024-07-12 19:55:25,0.147968
2024-07-12 19:55:26,0.08508
2024-07-12 19:55:27,0.082832
2024-07-12 19:55:28,0.069464
2024-07-12 19:55:29,0.071096
2024-07-12 19:55:30,0.208248
2024-07-12 19:55:31,0.106272
2024-07-12 19:55:32,0.152088
2024-07-12 19:55:33,0.03592
2024-07-12 19:55:34,0.050688
2024-07-12 19:55:35,0.025336
2024-07-12 19:55:36,0.048264
2024-07-12 19:55:37,0.020408
2024-07-12 19:55:38,0.060968
2024-07-12 19:55:39,0.044728
2024-07-12 19:55:40,0.0594
2024-07-12 19:55:41,0.050104
2024-07-12 19:55:42,0.026368
2024-07-12 19:55:43,0.029568
2024-07-12 19:55:44,0.039672
2024-07-12 19:55:45,0.01508
2024-07-12 19:55:46,0.033912
2024-07-12 19:55:47,0.0262
2024-07-12 19:55:48,0.017672
2024-07-12 19:55:49,0.03708
2024-07-12 19:55:50,0.02772
2024-07-12 19:55:51,0.0432
2024-07-12 19:55:52,0.064104
2024-07-12 19:55:53,0.013056
2024-07-12 19:55:54,0.047976
2024-07-12 19:55:55,0.02324
2024-07-12 19:55:56,0.016888
2024-07-12 19:55:57,0.03208
2024-07-12 19:55:58,0.013328
2024-07-12 19:55:59,0.038248
2024-07-12 19:56:00,0.039096
2024-07-12 19:56:01,0.13276
2024-07-12 19:56:02,0.124848
2024-07-12 19:56:03,0.039568
2024-07-12 19:56:04,0.054544
2024-07-12 19:56:05,0.074608
2024-07-12 19:56:06,0.041032
2024-07-12 19:56:07,0.089696
2024-07-12 19:56:08,0.1334
2024-07-12 19:56:09,0.12588
2024-07-12 19:56:10,0.141312
2024-07-12 19:56:11,0.18212
2024-07-12 19:56:12,0.183984
2024-07-12 19:56:13,0.219448
2024-07-12 19:56:14,0.239224
2024-07-12 19:56:15,0.22976
2024-07-12 19:56:16,0.237168
2024-07-12 19:56:17,0.204488
2024-07-12 19:56:18,0.186576
2024-07-12 19:56:19,0.150272
2024-07-12 19:56:20,0.142224
2024-07-12 19:56:21,0.151336
2024-07-12 19:56:22,0.177192
2024-07-12 19:56:23,0.161168
2024-07-12 19:56:24,0.149168
2024-07-12 19:56:25,0.151776
2024-07-12 19:56:26,0.102696
2024-07-12 19:56:27,0.1054
2024-07-12 19:56:28,0.048128
2024-07-12 19:56:29,0.057928
2024-07-12 19:56:30,0.06188
2024-07-12 19:56:31,0.227248
2024-07-12 19:56:32,0.051104
2024-07-12 19:56:33,0.183376
2024-07-12 19:56:34,0.071392
2024-07-12 19:56:35,0.028616
2024-07-12 19:56:36,0.030872
2024-07-12 19:56:37,0.01132
2024-07-12 19:56:38,0.012416
2024-07-12 19:56:39,0.010072
2024-07-12 19:56:40,0.011792
2024-07-12 19:56:41,0.018584
2024-07-12 19:56:42,0.01284
2024-07-12 19:56:43,0.010192
2024-07-12 19:56:44,0.034864
2024-07-12 19:56:45,0.03236
2024-07-12 19:56:46,0.030048
2024-07-12 19:56:47,0.02964
2024-07-12 19:56:48,0.056
2024-07-12 19:56:49,0.016256
2024-07-12 19:56:50,0.032488
2024-07-12 19:56:51,0.035784
2024-07-12 19:56:52,0.031448
2024-07-12 19:56:53,0.04696
2024-07-12 19:56:54,0.041048
2024-07-12 19:56:55,0.037856
2024-07-12 19:56:56,0.089232
2024-07-12 19:56:57,0.031432
2024-07-12 19:56:58,0.026608
2024-07-12 19:56:59,0.03336
2024-07-12 19:57:00,0.035248
2024-07-12 19:57:01,0.046664
2024-07-12 19:57:02,0.0574
2024-07-12 19:57:03,0.036512
2024-07-12 19:57:04,0.043736
2024-07-12 19:57:05,0.072272
2024-07-12 19:57:06,0.027856
2024-07-12 19:57:07,0.032968
2024-07-12 19:57:08,0.028824
2024-07-12 19:57:09,0.024392
2024-07-12 19:57:10,0.023448
2024-07-12 19:57:11,0.046816
2024-07-12 19:57:12,0.050656
2024-07-12 19:57:13,0.027648
2024-07-12 19:57:14,0.052184
2024-07-12 19:57:15,0.012416
2024-07-12 19:57:16,0.02272
2024-07-12 19:57:17,0.061248
2024-07-12 19:57:18,0.062376
2024-07-12 19:57:19,0.030136
2024-07-12 19:57:20,0.027432
2024-07-12 19:57:21,0.034848
2024-07-12 19:57:22,0.03088
2024-07-12 19:57:23,0.118488
2024-07-12 19:57:24,0.140024
2024-07-12 19:57:25,0.035712
2024-07-12 19:57:26,0.049816
2024-07-12 19:57:27,0.050744
2024-07-12 19:57:28,0.051064
2024-07-12 19:57:29,0.066496
2024-07-12 19:57:30,0.160504
2024-07-12 19:57:31,0.185704
2024-07-12 19:57:32,0.221304
2024-07-12 19:57:33,0.282488
2024-07-12 19:57:34,0.205592
2024-07-12 19:57:35,0.218944
2024-07-12 19:57:36,0.2352
2024-07-12 19:57:37,0.268056
2024-07-12 19:57:38,0.27632
2024-07-12 19:57:39,0.208624
2024-07-12 19:57:40,0.174744
2024-07-12 19:57:41,0.224584
2024-07-12 19:57:42,0.205664
2024-07-12 19:57:43,0.196024
2024-07-12 19:57:44,0.192536
2024-07-12 19:57:45,0.251552
2024-07-12 19:57:46,0.213416
2024-07-12 19:57:47,0.165296
2024-07-12 19:57:48,0.145792
2024-07-12 19:57:49,0.156648
2024-07-12 19:57:50,0.136496
2024-07-12 19:57:51,0.13376
2024-07-12 19:57:52,0.15312
2024-07-12 19:57:53,0.116792
2024-07-12 19:57:54,0.077456
2024-07-12 19:57:55,0.028248
2024-07-12 19:57:56,0.044872
2024-07-12 19:57:57,0.061048
2024-07-12 19:57:58,0.221768
2024-07-12 19:57:59,0.035664
2024-07-12 19:58:00,0.21112
2024-07-12 19:58:01,0.055344
2024-07-12 19:58:02,0.055152
2024-07-12 19:58:03,0.037056
2024-07-12 19:58:04,0.029072
2024-07-12 19:58:05,0.0328
2024-07-12 19:58:06,0.051632
2024-07-12 19:58:07,0.050328
2024-07-12 19:58:08,0.023208
2024-07-12 19:58:09,0.043376
2024-07-12 19:58:10,0.010072
2024-07-12 19:58:11,0.02188
2024-07-12 19:58:12,0.02804
2024-07-12 19:58:13,0.029176
2024-07-12 19:58:14,0.029032
2024-07-12 19:58:15,0.031648
2024-07-12 19:58:16,0.023032
2024-07-12 19:58:17,0.030544
2024-07-12 19:58:18,0.020768
2024-07-12 19:58:19,0.034968
2024-07-12 19:58:20,0.037424
2024-07-12 19:58:21,0.015664
2024-07-12 19:58:22,0.02616
2024-07-12 19:58:23,0.020048
2024-07-12 19:58:24,0.036672
2024-07-12 19:58:25,0.021664
2024-07-12 19:58:26,0.039336
2024-07-12 19:58:27,0.0288
2024-07-12 19:58:28,0.033296
2024-07-12 19:58:29,0.0134
2024-07-12 19:58:30,0.141464
2024-07-12 19:58:31,0.127368
2024-07-12 19:58:32,0.030832
2024-07-12 19:58:33,0.057488
2024-07-12 19:58:34,0.063064
2024-07-12 19:58:35,0.027152
2024-07-12 19:58:36,0.12452
2024-07-12 19:58:37,0.12576
2024-07-12 19:58:38,0.182208
2024-07-12 19:58:39,0.209864
2024-07-12 19:58:40,0.250624
2024-07-12 19:58:41,0.245344
2024-07-12 19:58:42,0.266856
2024-07-12 19:58:43,0.261768
2024-07-12 19:58:44,0.283912
2024-07-12 19:58:45,0.260784
2024-07-12 19:58:46,0.263216
2024-07-12 19:58:47,0.177688
2024-07-12 19:58:48,0.215072
2024-07-12 19:58:49,0.19508
2024-07-12 19:58:50,0.2248
2024-07-12 19:58:51,0.250256
2024-07-12 19:58:52,0.235968
2024-07-12 19:58:53,0.218136
2024-07-12 19:58:54,0.15812
2024-07-12 19:58:55,0.153808
2024-07-12 19:58:56,0.132616
2024-07-12 19:58:57,0.149856
2024-07-12 19:58:58,0.127128
2024-07-12 19:58:59,0.072848
2024-07-12 19:59:00,0.086304
2024-07-12 19:59:01,0.091168
2024-07-12 19:59:02,0.053936
2024-07-12 19:59:03,0.044168
2024-07-12 19:59:04,0.036552
2024-07-12 19:59:05,0.031536
2024-07-12 19:59:06,0.015968
2024-07-12 19:59:07,0.033496
2024-07-12 19:59:08,0.23292
2024-07-12 19:59:09,0.042912
2024-07-12 19:59:10,0.080872
2024-07-12 19:59:11,0.05304
2024-07-12 19:59:12,0.042392
2024-07-12 19:59:13,0.027776
2024-07-12 19:59:14,0.025
2024-07-12 19:59:15,0.027248
2024-07-12 19:59:16,0.04856
2024-07-12 19:59:17,0.051152
2024-07-12 19:59:18,0.0422
2024-07-12 19:59:19,0.046224
2024-07-12 19:59:20,0.05468
2024-07-12 19:59:21,0.059088
2024-07-12 19:59:22,0.057272
2024-07-12 19:59:23,0.061328
2024-07-12 19:59:24,0.061696
2024-07-12 19:59:25,0.047144
2024-07-12 19:59:26,0.044272
2024-07-12 19:59:27,0.044848
2024-07-12 19:59:28,0.05268
2024-07-12 19:59:29,0.052216
2024-07-12 19:59:30,0.0682
2024-07-12 19:59:31,0.055624
2024-07-12 19:59:32,0.056312
2024-07-12 19:59:33,0.045656
2024-07-12 19:59:34,0.056288
2024-07-12 19:59:35,0.051496
2024-07-12 19:59:36,0.057768
2024-07-12 19:59:37,0.05816
2024-07-12 19:59:38,0.037696
2024-07-12 19:59:39,0.054016
2024-07-12 19:59:40,0.053896
2024-07-12 19:59:41,0.049464
2024-07-12 19:59:42,0.054712
2024-07-12 19:59:43,0.111328
2024-07-12 19:59:44,0.034576
2024-07-12 19:59:45,0.088208
2024-07-12 19:59:46,0.08384
2024-07-12 19:59:47,0.037432
2024-07-12 19:59:48,0.05404
2024-07-12 19:59:49,0.059056
2024-07-12 19:59:50,0.052376
2024-07-12 19:59:51,0.037032
2024-07-12 19:59:52,0.064768
2024-07-12 19:59:53,0.053424
2024-07-12 19:59:54,0.049592
2024-07-12 19:59:55,0.085256
2024-07-12 19:59:56,0.04876
2024-07-12 19:59:57,0.052176
2024-07-12 19:59:58,0.035792
2024-07-12 19:59:59,0.02952
2024-07-12 20:00:00,0.036008
2024-07-12 20:00:01,0.019776
2024-07-12 20:00:02,0.013096
2024-07-12 20:00:03,0.042928
2024-07-12 20:00:04,0.021352
2024-07-12 20:00:05,0.032832
2024-07-12 20:00:06,0.031776
2024-07-12 20:00:07,0.032472
2024-07-12 20:00:08,0.019304
2024-07-12 20:00:09,0.023912
2024-07-12 20:00:10,0.024184
2024-07-12 20:00:11,0.017536
2024-07-12 20:00:12,0.020176
2024-07-12 20:00:13,0.018976
2024-07-12 20:00:14,0.01536
2024-07-12 20:00:15,0.081032
2024-07-12 20:00:16,0.181544
2024-07-12 20:00:17,0.045312
2024-07-12 20:00:18,0.063456
2024-07-12 20:00:19,0.057464
2024-07-12 20:00:20,0.04396
2024-07-12 20:00:21,0.086568
2024-07-12 20:00:22,0.135136
2024-07-12 20:00:23,0.156712
2024-07-12 20:00:24,0.193752
2024-07-12 20:00:25,0.209096
2024-07-12 20:00:26,0.272544
2024-07-12 20:00:27,0.289352
2024-07-12 20:00:28,0.287624
2024-07-12 20:00:29,0.265384
2024-07-12 20:00:30,0.264824
2024-07-12 20:00:31,0.259544
2024-07-12 20:00:32,0.224016
2024-07-12 20:00:33,0.205424
2024-07-12 20:00:34,0.203688
2024-07-12 20:00:35,0.244904
2024-07-12 20:00:36,0.182448
2024-07-12 20:00:37,0.22928
2024-07-12 20:00:38,0.260264
2024-07-12 20:00:39,0.243608
2024-07-12 20:00:40,0.157712
2024-07-12 20:00:41,0.102488
2024-07-12 20:00:42,0.124392
2024-07-12 20:00:43,0.163696
2024-07-12 20:00:44,0.113424
2024-07-12 20:00:45,0.063392
2024-07-12 20:00:46,0.035176
2024-07-12 20:00:47,0.038792
2024-07-12 20:00:48,0.072064
2024-07-12 20:00:49,0.065208
2024-07-12 20:00:50,0.034016
2024-07-12 20:00:51,0.067968
2024-07-12 20:00:52,0.244248
2024-07-12 20:00:53,0.031576
2024-07-12 20:00:54,0.256456
2024-07-12 20:00:55,0.049952
2024-07-12 20:00:56,0.048528
2024-07-12 20:00:57,0.043456
2024-07-12 20:00:58,0.0198
2024-07-12 20:00:59,0.030424
2024-07-12 20:01:00,0.0198
2024-07-12 20:01:01,0.023696
2024-07-12 20:01:02,0.02424
2024-07-12 20:01:03,0.018296
2024-07-12 20:01:04,0.016648
2024-07-12 20:01:05,0.01672
2024-07-12 20:01:06,0.025328
2024-07-12 20:01:07,0.01672
2024-07-12 20:01:08,0.016936
2024-07-12 20:01:09,0.028368
2024-07-12 20:01:10,0.01628
2024-07-12 20:01:11,0.018656
2024-07-12 20:01:12,0.01628
2024-07-12 20:01:13,0.044448
2024-07-12 20:01:14,0.04804
2024-07-12 20:01:15,0.036752
2024-07-12 20:01:16,0.047328
2024-07-12 20:01:17,0.052584
2024-07-12 20:01:18,0.055832
2024-07-12 20:01:19,0.054192
2024-07-12 20:01:20,0.034352
2024-07-12 20:01:21,0.033056
2024-07-12 20:01:22,0.031736
2024-07-12 20:01:23,0.031072
2024-07-12 20:01:24,0.021472
2024-07-12 20:01:25,0.034904
2024-07-12 20:01:26,0.03052
2024-07-12 20:01:27,0.02996
2024-07-12 20:01:28,0.04968
2024-07-12 20:01:29,0.060264
2024-07-12 20:01:30,0.043768
2024-07-12 20:01:31,0.017864
2024-07-12 20:01:32,0.029104
2024-07-12 20:01:33,0.02292
2024-07-12 20:01:34,0.029016
2024-07-12 20:01:35,0.02352
2024-07-12 20:01:36,0.031856
2024-07-12 20:01:37,0.026112
2024-07-12 20:01:38,0.142104
2024-07-12 20:01:39,0.161464
2024-07-12 20:01:40,0.031408
2024-07-12 20:01:41,0.056672
2024-07-12 20:01:42,0.05452
2024-07-12 20:01:43,0.04828
2024-07-12 20:01:44,0.127648
2024-07-12 20:01:45,0.142336
2024-07-12 20:01:46,0.18344
2024-07-12 20:01:47,0.256776
2024-07-12 20:01:48,0.254688
2024-07-12 20:01:49,0.281064
2024-07-12 20:01:50,0.346936
2024-07-12 20:01:51,0.331072
2024-07-12 20:01:52,0.316072
2024-07-12 20:01:53,0.333816
2024-07-12 20:01:54,0.267536
2024-07-12 20:01:55,0.25176
2024-07-12 20:01:56,0.266056
2024-07-12 20:01:57,0.268832
2024-07-12 20:01:58,0.262216
2024-07-12 20:01:59,0.295664
2024-07-12 20:02:00,0.363912
2024-07-12 20:02:01,0.255352
2024-07-12 20:02:02,0.222816
2024-07-12 20:02:03,0.172848
2024-07-12 20:02:04,0.166888
2024-07-12 20:02:05,0.248912
2024-07-12 20:02:06,0.229136
2024-07-12 20:02:07,0.169672
2024-07-12 20:02:08,0.148416
2024-07-12 20:02:09,0.088616
2024-07-12 20:02:10,0.072328
2024-07-12 20:02:11,0.050704
2024-07-12 20:02:12,0.03332
2024-07-12 20:02:13,0.050584
2024-07-12 20:02:14,0.050408
2024-07-12 20:02:15,0.027184
2024-07-12 20:02:16,0.040944
2024-07-12 20:02:17,0.040512
2024-07-12 20:02:18,0.248744
2024-07-12 20:02:19,0.03876
2024-07-12 20:02:20,0.368672
2024-07-12 20:02:21,0.051736
2024-07-12 20:02:22,0.050472
2024-07-12 20:02:23,0.04872
2024-07-12 20:02:24,0.025272
2024-07-12 20:02:25,0.050504
2024-07-12 20:02:26,0.022792
2024-07-12 20:02:27,0.018432
2024-07-12 20:02:28,0.034848
2024-07-12 20:02:29,0.045728
2024-07-12 20:02:30,0.02132
2024-07-12 20:02:31,0.013496
2024-07-12 20:02:32,0.018096
2024-07-12 20:02:33,0.020192
2024-07-12 20:02:34,0.022808
2024-07-12 20:02:35,0.012544
2024-07-12 20:02:36,0.02756
2024-07-12 20:02:37,0.013744
2024-07-12 20:02:38,0.015584
2024-07-12 20:02:39,0.023712
2024-07-12 20:02:40,0.148032
2024-07-12 20:02:41,0.019328
2024-07-12 20:02:42,0.020808
2024-07-12 20:02:43,0.166448
2024-07-12 20:02:44,0.193136
2024-07-12 20:02:45,0.221616
2024-07-12 20:02:46,0.281024
2024-07-12 20:02:47,0.256368
2024-07-12 20:02:48,0.32688
2024-07-12 20:02:49,0.294144
2024-07-12 20:02:50,0.154352
2024-07-12 20:02:51,0.125008
2024-07-12 20:02:52,0.350232
2024-07-12 20:02:53,0.18432
2024-07-12 20:02:54,0.209736
2024-07-12 20:02:55,0.079944
2024-07-12 20:02:56,0.059312
2024-07-12 20:02:57,0.056448
2024-07-12 20:02:58,0.029952
2024-07-12 20:02:59,0.022776
2024-07-12 20:03:00,0.060104
2024-07-12 20:03:01,0.047032
2024-07-12 20:03:02,0.025536
2024-07-12 20:03:03,0.074712
2024-07-12 20:03:04,0.05356
2024-07-12 20:03:05,0.030912
2024-07-12 20:03:06,0.02848
2024-07-12 20:03:07,0.052632
2024-07-12 20:03:08,0.03284
2024-07-12 20:03:09,0.028968
2024-07-12 20:03:10,0.047288
2024-07-12 20:03:11,0.049592
2024-07-12 20:03:12,0.030624
2024-07-12 20:03:13,0.03608
2024-07-12 20:03:14,0.034672
2024-07-12 20:03:15,0.050168
2024-07-12 20:03:16,0.0284
2024-07-12 20:03:17,0.065728
2024-07-12 20:03:18,0.034056
2024-07-12 20:03:19,0.04304
2024-07-12 20:03:20,0.029152
2024-07-12 20:03:21,0.049384
2024-07-12 20:03:22,0.046656
2024-07-12 20:03:23,0.153408
2024-07-12 20:03:24,0.16352
2024-07-12 20:03:25,0.035984
2024-07-12 20:03:26,0.064024
2024-07-12 20:03:27,0.077856
2024-07-12 20:03:28,0.041064
2024-07-12 20:03:29,0.139824
2024-07-12 20:03:30,0.162312
2024-07-12 20:03:31,0.176352
2024-07-12 20:03:32,0.30952
2024-07-12 20:03:33,0.295168
2024-07-12 20:03:34,0.352664
2024-07-12 20:03:35,0.282224
2024-07-12 20:03:36,0.392976
2024-07-12 20:03:37,0.375528
2024-07-12 20:03:38,0.341664
2024-07-12 20:03:39,0.261968
2024-07-12 20:03:40,0.258168
2024-07-12 20:03:41,0.250672
2024-07-12 20:03:42,0.316728
2024-07-12 20:03:43,0.319688
2024-07-12 20:03:44,0.244128
2024-07-12 20:03:45,0.219912
2024-07-12 20:03:46,0.270328
2024-07-12 20:03:47,0.23676
2024-07-12 20:03:48,0.2184
2024-07-12 20:03:49,0.181568
2024-07-12 20:03:50,0.178496
2024-07-12 20:03:51,0.15728
2024-07-12 20:03:52,0.106512
2024-07-12 20:03:53,0.098928
2024-07-12 20:03:54,0.090584
2024-07-12 20:03:55,0.053776
2024-07-12 20:03:56,0.0472
2024-07-12 20:03:57,0.035472
2024-07-12 20:03:58,0.04536
2024-07-12 20:03:59,0.02328
2024-07-12 20:04:00,0.09088
2024-07-12 20:04:01,0.265704
2024-07-12 20:04:02,0.038592
2024-07-12 20:04:03,0.277016
2024-07-12 20:04:04,0.0448
2024-07-12 20:04:05,0.022016
2024-07-12 20:04:06,0.036984
2024-07-12 20:04:07,0.01752
2024-07-12 20:04:08,0.01424
2024-07-12 20:04:09,0.01068
2024-07-12 20:04:10,0.013056
2024-07-12 20:04:11,0.023088
2024-07-12 20:04:12,0.015176
2024-07-12 20:04:13,0.027176
2024-07-12 20:04:14,0.017104
2024-07-12 20:04:15,0.067968
2024-07-12 20:04:16,0.02976
2024-07-12 20:04:17,0.041064
2024-07-12 20:04:18,0.037208
2024-07-12 20:04:19,0.040352
2024-07-12 20:04:20,0.039912
2024-07-12 20:04:21,0.022632
2024-07-12 20:04:22,0.056912
2024-07-12 20:04:23,0.051584
2024-07-12 20:04:24,0.074984
2024-07-12 20:04:25,0.02048
2024-07-12 20:04:26,0.067296
2024-07-12 20:04:27,0.057544
2024-07-12 20:04:28,0.030768
2024-07-12 20:04:29,0.01328
2024-07-12 20:04:30,0.016768
2024-07-12 20:04:31,0.036288
2024-07-12 20:04:32,0.028104
2024-07-12 20:04:33,0.02028
2024-07-12 20:04:34,0.028432
2024-07-12 20:04:35,0.026576
2024-07-12 20:04:36,0.040832
2024-07-12 20:04:37,0.048936
2024-07-12 20:04:38,0.046656
2024-07-12 20:04:39,0.04264
2024-07-12 20:04:40,0.035816
2024-07-12 20:04:41,0.07608
2024-07-12 20:04:42,0.06552
2024-07-12 20:04:43,0.044688
2024-07-12 20:04:44,0.058032
2024-07-12 20:04:45,0.05172
2024-07-12 20:04:46,0.039296
2024-07-12 20:04:47,0.029712
2024-07-12 20:04:48,0.034592
2024-07-12 20:04:49,0.01456
2024-07-12 20:04:50,0.031752
2024-07-12 20:04:51,0.03176
2024-07-12 20:04:52,0.05464
2024-07-12 20:04:53,0.166696
2024-07-12 20:04:54,0.186656
2024-07-12 20:04:55,0.031544
2024-07-12 20:04:56,0.068632
2024-07-12 20:04:57,0.09272
2024-07-12 20:04:58,0.057736
2024-07-12 20:04:59,0.123168
2024-07-12 20:05:00,0.18188
2024-07-12 20:05:01,0.22952
2024-07-12 20:05:02,0.247304
2024-07-12 20:05:03,0.310624
2024-07-12 20:05:04,0.365208
2024-07-12 20:05:05,0.390136
2024-07-12 20:05:06,0.370208
2024-07-12 20:05:07,0.407936
2024-07-12 20:05:08,0.352464
2024-07-12 20:05:09,0.29084
2024-07-12 20:05:10,0.278344
2024-07-12 20:05:11,0.318056
2024-07-12 20:05:12,0.332192
2024-07-12 20:05:13,0.263504
2024-07-12 20:05:14,0.384184
2024-07-12 20:05:15,0.27064
2024-07-12 20:05:16,0.276112
2024-07-12 20:05:17,0.293928
2024-07-12 20:05:18,0.234104
2024-07-12 20:05:19,0.314432
2024-07-12 20:05:20,0.229928
2024-07-12 20:05:21,0.160192
2024-07-12 20:05:22,0.194312
2024-07-12 20:05:23,0.106712
2024-07-12 20:05:24,0.108576
2024-07-12 20:05:25,0.13772
2024-07-12 20:05:26,0.02932
2024-07-12 20:05:27,0.040632
2024-07-12 20:05:28,0.026544
2024-07-12 20:05:29,0.012736
2024-07-12 20:05:30,0.02728
2024-07-12 20:05:31,0.243976
2024-07-12 20:05:32,0.074888
2024-07-12 20:05:33,0.045112
2024-07-12 20:05:34,0.309552
2024-07-12 20:05:35,0.033544
2024-07-12 20:05:36,0.063376
2024-07-12 20:05:37,0.02804
2024-07-12 20:05:38,0.02952
2024-07-12 20:05:39,0.02776
2024-07-12 20:05:40,0.040672
2024-07-12 20:05:41,0.028544
2024-07-12 20:05:42,0.02264
2024-07-12 20:05:43,0.066072
2024-07-12 20:05:44,0.063104
2024-07-12 20:05:45,0.040936
2024-07-12 20:05:46,0.032968
2024-07-12 20:05:47,0.06148
2024-07-12 20:05:48,0.0486
2024-07-12 20:05:49,0.021608
2024-07-12 20:05:50,0.044464
2024-07-12 20:05:51,0.029832
2024-07-12 20:05:52,0.056216
2024-07-12 20:05:53,0.041992
2024-07-12 20:05:54,0.058816
2024-07-12 20:05:55,0.038752
2024-07-12 20:05:56,0.024544
2024-07-12 20:05:57,0.021952
2024-07-12 20:05:58,0.05604
2024-07-12 20:05:59,0.016216
2024-07-12 20:06:00,0.029
2024-07-12 20:06:01,0.025208
2024-07-12 20:06:02,0.03364
2024-07-12 20:06:03,0.026856
2024-07-12 20:06:04,0.028216
2024-07-12 20:06:05,0.012416
2024-07-12 20:06:06,0.025352
2024-07-12 20:06:07,0.02152
2024-07-12 20:06:08,0.03556
2024-07-12 20:06:09,0.047192
2024-07-12 20:06:10,0.047424
2024-07-12 20:06:11,0.042184
2024-07-12 20:06:12,0.021472
2024-07-12 20:06:13,0.025496
2024-07-12 20:06:14,0.019936
2024-07-12 20:06:15,0.016464
2024-07-12 20:06:16,0.01536
2024-07-12 20:06:17,0.019736
2024-07-12 20:06:18,0.165688
2024-07-12 20:06:19,0.190008
2024-07-12 20:06:20,0.0188
2024-07-12 20:06:21,0.08612
2024-07-12 20:06:22,0.050768
2024-07-12 20:06:23,0.027272
2024-07-12 20:06:24,0.191928
2024-07-12 20:06:25,0.176632
2024-07-12 20:06:26,0.239416
2024-07-12 20:06:27,0.323296
2024-07-12 20:06:28,0.390664
2024-07-12 20:06:29,0.336328
2024-07-12 20:06:30,0.329424
2024-07-12 20:06:31,0.427328
2024-07-12 20:06:32,0.419744
2024-07-12 20:06:33,0.364008
2024-07-12 20:06:34,0.33064
2024-07-12 20:06:35,0.346808
2024-07-12 20:06:36,0.372848
2024-07-12 20:06:37,0.394536
2024-07-12 20:06:38,0.40128
2024-07-12 20:06:39,0.382344
2024-07-12 20:06:40,0.399024
2024-07-12 20:06:41,0.223912
2024-07-12 20:06:42,0.255824
2024-07-12 20:06:43,0.218856
2024-07-12 20:06:44,0.246768
2024-07-12 20:06:45,0.193416
2024-07-12 20:06:46,0.067952
2024-07-12 20:06:47,0.099576
2024-07-12 20:06:48,0.094752
2024-07-12 20:06:49,0.068336
2024-07-12 20:06:50,0.057424
2024-07-12 20:06:51,0.080352
2024-07-12 20:06:52,0.059056
2024-07-12 20:06:53,0.023256
2024-07-12 20:06:54,0.101856
2024-07-12 20:06:55,0.28496
2024-07-12 20:06:56,0.048896
2024-07-12 20:06:57,0.08084
2024-07-12 20:06:58,0.0554
2024-07-12 20:06:59,0.037352
2024-07-12 20:07:00,0.022376
2024-07-12 20:07:01,0.033576
2024-07-12 20:07:02,0.028944
2024-07-12 20:07:03,0.041096
2024-07-12 20:07:04,0.041592
2024-07-12 20:07:05,0.02328
2024-07-12 20:07:06,0.047264
2024-07-12 20:07:07,0.05556
2024-07-12 20:07:08,0.055704
2024-07-12 20:07:09,0.063608
2024-07-12 20:07:10,0.053304
2024-07-12 20:07:11,0.048912
2024-07-12 20:07:12,0.05324
2024-07-12 20:07:13,0.056472
2024-07-12 20:07:14,0.06716
2024-07-12 20:07:15,0.070016
2024-07-12 20:07:16,0.063976
2024-07-12 20:07:17,0.062584
2024-07-12 20:07:18,0.039968
2024-07-12 20:07:19,0.060104
2024-07-12 20:07:20,0.0502
2024-07-12 20:07:21,0.060384
2024-07-12 20:07:22,0.0538
2024-07-12 20:07:23,0.06028
2024-07-12 20:07:24,0.065456
2024-07-12 20:07:25,0.0654
2024-07-12 20:07:26,0.06516
2024-07-12 20:07:27,0.063
2024-07-12 20:07:28,0.04948
2024-07-12 20:07:29,0.052912
2024-07-12 20:07:30,0.094648
2024-07-12 20:07:31,0.038864
2024-07-12 20:07:32,0.104472
2024-07-12 20:07:33,0.102744
2024-07-12 20:07:34,0.106296
2024-07-12 20:07:35,0.08752
2024-07-12 20:07:36,0.061536
2024-07-12 20:07:37,0.038352
2024-07-12 20:07:38,0.040464
2024-07-12 20:07:39,0.031376
2024-07-12 20:07:40,0.032872
2024-07-12 20:07:41,0.02352
2024-07-12 20:07:42,0.037752
2024-07-12 20:07:43,0.045176
2024-07-12 20:07:44,0.036272
2024-07-12 20:07:45,0.087256
2024-07-12 20:07:46,0.024336
2024-07-12 20:07:47,0.03196
2024-07-12 20:07:48,0.03168
2024-07-12 20:07:49,0.056832
2024-07-12 20:07:50,0.022176
2024-07-12 20:07:51,0.047384
2024-07-12 20:07:52,0.039968
2024-07-12 20:07:53,0.025672
2024-07-12 20:07:54,0.056512
2024-07-12 20:07:55,0.025512
2024-07-12 20:07:56,0.02736
2024-07-12 20:07:57,0.048224
2024-07-12 20:07:58,0.040152
2024-07-12 20:07:59,0.059344
2024-07-12 20:08:00,0.020552
2024-07-12 20:08:01,0.024888
2024-07-12 20:08:02,0.149992
2024-07-12 20:08:03,0.174424
2024-07-12 20:08:04,0.038512
2024-07-12 20:08:05,0.05528
2024-07-12 20:08:06,0.090304
2024-07-12 20:08:07,0.038128
2024-07-12 20:08:08,0.106992
2024-07-12 20:08:09,0.18172
2024-07-12 20:08:10,0.190312
2024-07-12 20:08:11,0.262296
2024-07-12 20:08:12,0.273864
2024-07-12 20:08:13,0.426128
2024-07-12 20:08:14,0.367128
2024-07-12 20:08:15,0.364528
2024-07-12 20:08:16,0.359992
2024-07-12 20:08:17,0.353464
2024-07-12 20:08:18,0.387944
2024-07-12 20:08:19,0.300952
2024-07-12 20:08:20,0.325648
2024-07-12 20:08:21,0.337712
2024-07-12 20:08:22,0.277104
2024-07-12 20:08:23,0.371424
2024-07-12 20:08:24,0.339216
2024-07-12 20:08:25,0.34356
2024-07-12 20:08:26,0.317536
2024-07-12 20:08:27,0.278912
2024-07-12 20:08:28,0.164208
2024-07-12 20:08:29,0.18452
2024-07-12 20:08:30,0.239176
2024-07-12 20:08:31,0.14884
2024-07-12 20:08:32,0.16676
2024-07-12 20:08:33,0.241456
2024-07-12 20:08:34,0.092616
2024-07-12 20:08:35,0.031936
2024-07-12 20:08:36,0.07832
2024-07-12 20:08:37,0.287288
2024-07-12 20:08:38,0.040792
2024-07-12 20:08:39,0.278992
2024-07-12 20:08:40,0.051424
2024-07-12 20:08:41,0.079648
2024-07-12 20:08:42,0.042744
2024-07-12 20:08:43,0.023144
2024-07-12 20:08:44,0.040008
2024-07-12 20:08:45,0.039952
2024-07-12 20:08:46,0.037432
2024-07-12 20:08:47,0.029344
2024-07-12 20:08:48,0.060776
2024-07-12 20:08:49,0.03596
2024-07-12 20:08:50,0.046744
2024-07-12 20:08:51,0.023392
2024-07-12 20:08:52,0.035648
2024-07-12 20:08:53,0.019376
2024-07-12 20:08:54,0.021472
2024-07-12 20:08:55,0.046296
2024-07-12 20:08:56,0.027368
2024-07-12 20:08:57,0.02992
2024-07-12 20:08:58,0.045328
2024-07-12 20:08:59,0.027696
2024-07-12 20:09:00,0.02468
2024-07-12 20:09:01,0.017976
2024-07-12 20:09:02,0.030424
2024-07-12 20:09:03,0.054944
2024-07-12 20:09:04,0.055616
2024-07-12 20:09:05,0.045688
2024-07-12 20:09:06,0.039384
2024-07-12 20:09:07,0.05168
2024-07-12 20:09:08,0.025952
2024-07-12 20:09:09,0.164696
2024-07-12 20:09:10,0.169344
2024-07-12 20:09:11,0.029464
2024-07-12 20:09:12,0.075456
2024-07-12 20:09:13,0.073544
2024-07-12 20:09:14,0.032128
2024-07-12 20:09:15,0.141232
2024-07-12 20:09:16,0.150792
2024-07-12 20:09:17,0.238752
2024-07-12 20:09:18,0.276776
2024-07-12 20:09:19,0.310032
2024-07-12 20:09:20,0.3948
2024-07-12 20:09:21,0.366928
2024-07-12 20:09:22,0.370224
2024-07-12 20:09:23,0.399296
2024-07-12 20:09:24,0.40712
2024-07-12 20:09:25,0.387992
2024-07-12 20:09:26,0.324968
2024-07-12 20:09:27,0.371768
2024-07-12 20:09:28,0.285872
2024-07-12 20:09:29,0.269776
2024-07-12 20:09:30,0.398544
2024-07-12 20:09:31,0.272728
2024-07-12 20:09:32,0.181088
2024-07-12 20:09:33,0.211528
2024-07-12 20:09:34,0.187824
2024-07-12 20:09:35,0.14236
2024-07-12 20:09:36,0.120592
2024-07-12 20:09:37,0.1124
2024-07-12 20:09:38,0.078136
2024-07-12 20:09:39,0.082752
2024-07-12 20:09:40,0.060512
2024-07-12 20:09:41,0.090224
2024-07-12 20:09:42,0.049192
2024-07-12 20:09:43,0.03236
2024-07-12 20:09:44,0.076944
2024-07-12 20:09:45,0.299376
2024-07-12 20:09:46,0.030496
2024-07-12 20:09:47,0.387232
2024-07-12 20:09:48,0.077272
2024-07-12 20:09:49,0.038376
2024-07-12 20:09:50,0.069952
2024-07-12 20:09:51,0.030208
2024-07-12 20:09:52,0.027696
2024-07-12 20:09:53,0.038656
2024-07-12 20:09:54,0.025552
2024-07-12 20:09:55,0.042088
2024-07-12 20:09:56,0.018064
2024-07-12 20:09:57,0.043488
2024-07-12 20:09:58,0.028424
2024-07-12 20:09:59,0.0328
2024-07-12 20:10:00,0.016704
2024-07-12 20:10:01,0.025144
2024-07-12 20:10:02,0.01132
2024-07-12 20:10:03,0.018272
2024-07-12 20:10:04,0.036912
2024-07-12 20:10:05,0.041776
2024-07-12 20:10:06,0.048456
2024-07-12 20:10:07,0.16632
2024-07-12 20:10:08,0.033816
2024-07-12 20:10:09,0.035816
2024-07-12 20:10:10,0.13168
2024-07-12 20:10:11,0.190048
2024-07-12 20:10:12,0.18316
2024-07-12 20:10:13,0.250928
2024-07-12 20:10:14,0.28008
2024-07-12 20:10:15,0.372736
2024-07-12 20:10:16,0.471984
2024-07-12 20:10:17,0.433512
2024-07-12 20:10:18,0.443216
2024-07-12 20:10:19,0.237744
2024-07-12 20:10:20,0.159696
2024-07-12 20:10:21,0.377456
2024-07-12 20:10:22,0.257984
2024-07-12 20:10:23,0.236944
2024-07-12 20:10:24,0.10052
2024-07-12 20:10:25,0.087032
2024-07-12 20:10:26,0.04052
2024-07-12 20:10:27,0.040624
2024-07-12 20:10:28,0.060232
2024-07-12 20:10:29,0.087304
2024-07-12 20:10:30,0.062672
2024-07-12 20:10:31,0.050376
2024-07-12 20:10:32,0.04784
2024-07-12 20:10:33,0.031088
2024-07-12 20:10:34,0.056128
2024-07-12 20:10:35,0.02912
2024-07-12 20:10:36,0.015296
2024-07-12 20:10:37,0.041552
2024-07-12 20:10:38,0.026288
2024-07-12 20:10:39,0.058816
2024-07-12 20:10:40,0.077232
2024-07-12 20:10:41,0.026872
2024-07-12 20:10:42,0.031552
2024-07-12 20:10:43,0.051816
2024-07-12 20:10:44,0.050448
2024-07-12 20:10:45,0.084856
2024-07-12 20:10:46,0.0498
2024-07-12 20:10:47,0.054408
2024-07-12 20:10:48,0.047808
2024-07-12 20:10:49,0.075712
2024-07-12 20:10:50,0.02688
2024-07-12 20:10:51,0.031048
2024-07-12 20:10:52,0.080648
2024-07-12 20:10:53,0.227248
2024-07-12 20:10:54,0.077312
2024-07-12 20:10:55,0.074368
2024-07-12 20:10:56,0.07752
2024-07-12 20:10:57,0.077536
2024-07-12 20:10:58,0.097464
2024-07-12 20:10:59,0.176568
2024-07-12 20:11:00,0.203808
2024-07-12 20:11:01,0.235608
2024-07-12 20:11:02,0.326088
2024-07-12 20:11:03,0.340688
2024-07-12 20:11:04,0.423344
2024-07-12 20:11:05,0.480848
2024-07-12 20:11:06,0.439784
2024-07-12 20:11:07,0.367728
2024-07-12 20:11:08,0.35052
2024-07-12 20:11:09,0.369624
2024-07-12 20:11:10,0.32248
2024-07-12 20:11:11,0.399144
2024-07-12 20:11:12,0.387816
2024-07-12 20:11:13,0.445336
2024-07-12 20:11:14,0.337976
2024-07-12 20:11:15,0.3752
2024-07-12 20:11:16,0.25984
2024-07-12 20:11:17,0.274888
2024-07-12 20:11:18,0.251248
2024-07-12 20:11:19,0.25408
2024-07-12 20:11:20,0.279368
2024-07-12 20:11:21,0.17324
2024-07-12 20:11:22,0.108912
2024-07-12 20:11:23,0.122
2024-07-12 20:11:24,0.115464
2024-07-12 20:11:25,0.153424
2024-07-12 20:11:26,0.092072
2024-07-12 20:11:27,0.117176
2024-07-12 20:11:28,0.029032
2024-07-12 20:11:29,0.03564
2024-07-12 20:11:30,0.014056
2024-07-12 20:11:31,0.07352
2024-07-12 20:11:32,0.292512
2024-07-12 20:11:33,0.034432
2024-07-12 20:11:34,0.317304
2024-07-12 20:11:35,0.051344
2024-07-12 20:11:36,0.027368
2024-07-12 20:11:37,0.075416
2024-07-12 20:11:38,0.034624
2024-07-12 20:11:39,0.044456
2024-07-12 20:11:40,0.061712
2024-07-12 20:11:41,0.055064
2024-07-12 20:11:42,0.047016
2024-07-12 20:11:43,0.074976
2024-07-12 20:11:44,0.035368
2024-07-12 20:11:45,0.060576
2024-07-12 20:11:46,0.050416
2024-07-12 20:11:47,0.047392
2024-07-12 20:11:48,0.040336
2024-07-12 20:11:49,0.066528
2024-07-12 20:11:50,0.062528
2024-07-12 20:11:51,0.0676
2024-07-12 20:11:52,0.069344
2024-07-12 20:11:53,0.070008
2024-07-12 20:11:54,0.063712
2024-07-12 20:11:55,0.104104
2024-07-12 20:11:56,0.061304
2024-07-12 20:11:57,0.10036
2024-07-12 20:11:58,0.051072
2024-07-12 20:11:59,0.04856
2024-07-12 20:12:00,0.063872
2024-07-12 20:12:01,0.060272
2024-07-12 20:12:02,0.08236
2024-07-12 20:12:03,0.034
2024-07-12 20:12:04,0.045576
2024-07-12 20:12:05,0.047376
2024-07-12 20:12:06,0.035856
2024-07-12 20:12:07,0.053352
2024-07-12 20:12:08,0.035296
2024-07-12 20:12:09,0.031376
2024-07-12 20:12:10,0.047032
2024-07-12 20:12:11,0.058848
2024-07-12 20:12:12,0.072008
2024-07-12 20:12:13,0.060232
2024-07-12 20:12:14,0.042296
2024-07-12 20:12:15,0.07164
2024-07-12 20:12:16,0.058424
2024-07-12 20:12:17,0.055584
2024-07-12 20:12:18,0.158168
2024-07-12 20:12:19,0.19868
2024-07-12 20:12:20,0.031744
2024-07-12 20:12:21,0.09764
2024-07-12 20:12:22,0.070552
2024-07-12 20:12:23,0.03936
2024-07-12 20:12:24,0.129056
2024-07-12 20:12:25,0.195744
2024-07-12 20:12:26,0.284376
2024-07-12 20:12:27,0.373608
2024-07-12 20:12:28,0.480512
2024-07-12 20:12:29,0.466384
2024-07-12 20:12:30,0.55692
2024-07-12 20:12:31,0.607744
2024-07-12 20:12:32,0.566096
2024-07-12 20:12:33,0.369776
2024-07-12 20:12:34,0.513272
2024-07-12 20:12:35,0.60492
2024-07-12 20:12:36,0.548616
2024-07-12 20:12:37,0.476088
2024-07-12 20:12:38,0.366496
2024-07-12 20:12:39,0.489696
2024-07-12 20:12:40,0.337904
2024-07-12 20:12:41,0.30752
2024-07-12 20:12:42,0.274992
2024-07-12 20:12:43,0.317208
2024-07-12 20:12:44,0.271432
2024-07-12 20:12:45,0.222584
2024-07-12 20:12:46,0.111272
2024-07-12 20:12:47,0.104248
2024-07-12 20:12:48,0.040864
2024-07-12 20:12:49,0.102008
2024-07-12 20:12:50,0.260584
2024-07-12 20:12:51,0.060616
2024-07-12 20:12:52,0.219256
2024-07-12 20:12:53,0.11724
2024-07-12 20:12:54,0.040896
2024-07-12 20:12:55,0.057536
2024-07-12 20:12:56,0.046032
2024-07-12 20:12:57,0.048448
2024-07-12 20:12:58,0.04604
2024-07-12 20:12:59,0.040272
2024-07-12 20:13:00,0.02616
2024-07-12 20:13:01,0.031944
2024-07-12 20:13:02,0.052256
2024-07-12 20:13:03,0.047992
2024-07-12 20:13:04,0.047792
2024-07-12 20:13:05,0.032152
2024-07-12 20:13:06,0.051416
2024-07-12 20:13:07,0.046888
2024-07-12 20:13:08,0.052504
2024-07-12 20:13:09,0.058128
2024-07-12 20:13:10,0.03604
2024-07-12 20:13:11,0.037328
2024-07-12 20:13:12,0.0312
2024-07-12 20:13:13,0.030424
2024-07-12 20:13:14,0.036088
2024-07-12 20:13:15,0.025584
2024-07-12 20:13:16,0.043208
2024-07-12 20:13:17,0.048504
2024-07-12 20:13:18,0.029744
2024-07-12 20:13:19,0.035744
2024-07-12 20:13:20,0.026704
2024-07-12 20:13:21,0.015712
2024-07-12 20:13:22,0.184232
2024-07-12 20:13:23,0.1648
2024-07-12 20:13:24,0.045576
2024-07-12 20:13:25,0.041248
2024-07-12 20:13:26,0.067992
2024-07-12 20:13:27,0.065016
2024-07-12 20:13:28,0.117728
2024-07-12 20:13:29,0.25356
2024-07-12 20:13:30,0.337952
2024-07-12 20:13:31,0.373072
2024-07-12 20:13:32,0.364408
2024-07-12 20:13:33,0.485376
2024-07-12 20:13:34,0.533464
2024-07-12 20:13:35,0.622312
2024-07-12 20:13:36,0.500096
2024-07-12 20:13:37,0.452936
2024-07-12 20:13:38,0.47288
2024-07-12 20:13:39,0.43392
2024-07-12 20:13:40,0.506096
2024-07-12 20:13:41,0.444504
2024-07-12 20:13:42,0.505328
2024-07-12 20:13:43,0.386936
2024-07-12 20:13:44,0.265376
2024-07-12 20:13:45,0.220776
2024-07-12 20:13:46,0.155688
2024-07-12 20:13:47,0.170368
2024-07-12 20:13:48,0.1628
2024-07-12 20:13:49,0.07664
2024-07-12 20:13:50,0.066968
2024-07-12 20:13:51,0.077464
2024-07-12 20:13:52,0.079976
2024-07-12 20:13:53,0.026536
2024-07-12 20:13:54,0.137536
2024-07-12 20:13:55,0.254776
2024-07-12 20:13:56,0.053896
2024-07-12 20:13:57,0.085216
2024-07-12 20:13:58,0.047968
2024-07-12 20:13:59,0.04688
2024-07-12 20:14:00,0.023416
2024-07-12 20:14:01,0.022312
2024-07-12 20:14:02,0.025184
2024-07-12 20:14:03,0.041088
2024-07-12 20:14:04,0.045408
2024-07-12 20:14:05,0.044016
2024-07-12 20:14:06,0.037664
2024-07-12 20:14:07,0.054248
2024-07-12 20:14:08,0.06244
2024-07-12 20:14:09,0.05856
2024-07-12 20:14:10,0.052056
2024-07-12 20:14:11,0.05432
2024-07-12 20:14:12,0.063736
2024-07-12 20:14:13,0.043592
2024-07-12 20:14:14,0.052528
2024-07-12 20:14:15,0.052512
2024-07-12 20:14:16,0.04844
2024-07-12 20:14:17,0.048832
2024-07-12 20:14:18,0.061256
2024-07-12 20:14:19,0.060752
2024-07-12 20:14:20,0.056072
2024-07-12 20:14:21,0.056584
2024-07-12 20:14:22,0.054128
2024-07-12 20:14:23,0.053208
2024-07-12 20:14:24,0.084504
2024-07-12 20:14:25,0.03084
2024-07-12 20:14:26,0.09492
2024-07-12 20:14:27,0.117872
2024-07-12 20:14:28,0.039992
2024-07-12 20:14:29,0.058224
2024-07-12 20:14:30,0.031296
2024-07-12 20:14:31,0.03004
2024-07-12 20:14:32,0.013392
2024-07-12 20:14:33,0.055952
2024-07-12 20:14:34,0.034664
2024-07-12 20:14:35,0.03852
2024-07-12 20:14:36,0.01336
2024-07-12 20:14:37,0.026432
2024-07-12 20:14:38,0.02044
2024-07-12 20:14:39,0.038808
2024-07-12 20:14:40,0.033112
2024-07-12 20:14:41,0.018776
2024-07-12 20:14:42,0.029208
2024-07-12 20:14:43,0.028624
2024-07-12 20:14:44,0.048136
2024-07-12 20:14:45,0.033272
2024-07-12 20:14:46,0.045144
2024-07-12 20:14:47,0.025784
2024-07-12 20:14:48,0.01916
2024-07-12 20:14:49,0.021544
2024-07-12 20:14:50,0.02248
2024-07-12 20:14:51,0.058096
2024-07-12 20:14:52,0.038608
2024-07-12 20:14:53,0.018208
2024-07-12 20:14:54,0.027648
2024-07-12 20:14:55,0.016168
2024-07-12 20:14:56,0.12876
2024-07-12 20:14:57,0.16732
2024-07-12 20:14:58,0.036168
2024-07-12 20:14:59,0.047984
2024-07-12 20:15:00,0.061656
2024-07-12 20:15:01,0.032792
2024-07-12 20:15:02,0.090752
2024-07-12 20:15:03,0.209544
2024-07-12 20:15:04,0.25524
2024-07-12 20:15:05,0.30308
2024-07-12 20:15:06,0.334888
2024-07-12 20:15:07,0.424328
2024-07-12 20:15:08,0.453088
2024-07-12 20:15:09,0.478912
2024-07-12 20:15:10,0.483816
2024-07-12 20:15:11,0.34088
2024-07-12 20:15:12,0.410048
2024-07-12 20:15:13,0.365392
2024-07-12 20:15:14,0.359792
2024-07-12 20:15:15,0.404024
2024-07-12 20:15:16,0.35728
2024-07-12 20:15:17,0.341072
2024-07-12 20:15:18,0.429576
2024-07-12 20:15:19,0.342592
2024-07-12 20:15:20,0.39816
2024-07-12 20:15:21,0.22012
2024-07-12 20:15:22,0.21892
2024-07-12 20:15:23,0.169168
2024-07-12 20:15:24,0.221976
2024-07-12 20:15:25,0.185608
2024-07-12 20:15:26,0.178888
2024-07-12 20:15:27,0.069784
2024-07-12 20:15:28,0.032064
2024-07-12 20:15:29,0.042864
2024-07-12 20:15:30,0.213096
2024-07-12 20:15:31,0.064496
2024-07-12 20:15:32,0.037544
2024-07-12 20:15:33,0.223208
2024-07-12 20:15:34,0.0776
2024-07-12 20:15:35,0.04232
2024-07-12 20:15:36,0.0206
2024-07-12 20:15:37,0.01868
2024-07-12 20:15:38,0.037784
2024-07-12 20:15:39,0.033944
2024-07-12 20:15:40,0.052032
2024-07-12 20:15:41,0.019552
2024-07-12 20:15:42,0.058152
2024-07-12 20:15:43,0.03848
2024-07-12 20:15:44,0.024368
2024-07-12 20:15:45,0.03356
2024-07-12 20:15:46,0.020368
2024-07-12 20:15:47,0.033856
2024-07-12 20:15:48,0.030112
2024-07-12 20:15:49,0.022352
2024-07-12 20:15:50,0.018064
2024-07-12 20:15:51,0.018952
2024-07-12 20:15:52,0.017008
2024-07-12 20:15:53,0.033208
2024-07-12 20:15:54,0.036072
2024-07-12 20:15:55,0.047296
2024-07-12 20:15:56,0.016776
2024-07-12 20:15:57,0.026504
2024-07-12 20:15:58,0.02464
2024-07-12 20:15:59,0.02192
2024-07-12 20:16:00,0.039368
2024-07-12 20:16:01,0.024
2024-07-12 20:16:02,0.05696
2024-07-12 20:16:03,0.084264
2024-07-12 20:16:04,0.14872
2024-07-12 20:16:05,0.016112
2024-07-12 20:16:06,0.077096
2024-07-12 20:16:07,0.039752
2024-07-12 20:16:08,0.02108
2024-07-12 20:16:09,0.20888
2024-07-12 20:16:10,0.277232
2024-07-12 20:16:11,0.296576
2024-07-12 20:16:12,0.376664
2024-07-12 20:16:13,0.457648
2024-07-12 20:16:14,0.49076
2024-07-12 20:16:15,0.469632
2024-07-12 20:16:16,0.42508
2024-07-12 20:16:17,0.368328
2024-07-12 20:16:18,0.366152
2024-07-12 20:16:19,0.514904
2024-07-12 20:16:20,0.42352
2024-07-12 20:16:21,0.551152
2024-07-12 20:16:22,0.497832
2024-07-12 20:16:23,0.490448
2024-07-12 20:16:24,0.53884
2024-07-12 20:16:25,0.431736
2024-07-12 20:16:26,0.2744
2024-07-12 20:16:27,0.124552
2024-07-12 20:16:28,0.122648
2024-07-12 20:16:29,0.085128
2024-07-12 20:16:30,0.082448
2024-07-12 20:16:31,0.075576
2024-07-12 20:16:32,0.064168
2024-07-12 20:16:33,0.065216
2024-07-12 20:16:34,0.050664
2024-07-12 20:16:35,0.0542
2024-07-12 20:16:36,0.073272
2024-07-12 20:16:37,0.049768
2024-07-12 20:16:38,0.013168
2024-07-12 20:16:39,0.097184
2024-07-12 20:16:40,0.21036
2024-07-12 20:16:41,0.025152
2024-07-12 20:16:42,0.230824
2024-07-12 20:16:43,0.06468
2024-07-12 20:16:44,0.042704
2024-07-12 20:16:45,0.040528
2024-07-12 20:16:46,0.013
2024-07-12 20:16:47,0.014144
2024-07-12 20:16:48,0.011784
2024-07-12 20:16:49,0.013056
2024-07-12 20:16:50,0.01068
2024-07-12 20:16:51,0.013056
2024-07-12 20:16:52,0.01068
2024-07-12 20:16:53,0.013056
2024-07-12 20:16:54,0.01388
2024-07-12 20:16:55,0.013056
2024-07-12 20:16:56,0.012456
2024-07-12 20:16:57,0.022648
2024-07-12 20:16:58,0.017416
2024-07-12 20:16:59,0.01696
2024-07-12 20:17:00,0.017432
2024-07-12 20:17:01,0.017576
2024-07-12 20:17:02,0.04156
2024-07-12 20:17:03,0.024744
2024-07-12 20:17:04,0.027856
2024-07-12 20:17:05,0.098704
2024-07-12 20:17:06,0.149616
2024-07-12 20:17:07,0.18056
2024-07-12 20:17:08,0.196056
2024-07-12 20:17:09,0.284512
2024-07-12 20:17:10,0.294056
2024-07-12 20:17:11,0.269208
2024-07-12 20:17:12,0.296328
2024-07-12 20:17:13,0.252464
2024-07-12 20:17:14,0.172472
2024-07-12 20:17:15,0.09616
2024-07-12 20:17:16,0.103824
2024-07-12 20:17:17,0.279856
2024-07-12 20:17:18,0.126016
2024-07-12 20:17:19,0.145088
2024-07-12 20:17:20,0.072032
2024-07-12 20:17:21,0.059624
2024-07-12 20:17:22,0.036904
2024-07-12 20:17:23,0.028792
2024-07-12 20:17:24,0.014872
2024-07-12 20:17:25,0.045808
2024-07-12 20:17:26,0.038544
2024-07-12 20:17:27,0.060664
2024-07-12 20:17:28,0.025248
2024-07-12 20:17:29,0.020456
2024-07-12 20:17:30,0.025272
2024-07-12 20:17:31,0.028384
2024-07-12 20:17:32,0.075512
2024-07-12 20:17:33,0.058152
2024-07-12 20:17:34,0.062696
2024-07-12 20:17:35,0.042568
2024-07-12 20:17:36,0.033248
2024-07-12 20:17:37,0.055256
2024-07-12 20:17:38,0.036176
2024-07-12 20:17:39,0.032856
2024-07-12 20:17:40,0.03244
2024-07-12 20:17:41,0.022304
2024-07-12 20:17:42,0.024496
2024-07-12 20:17:43,0.019024
2024-07-12 20:17:44,0.018328
2024-07-12 20:17:45,0.05228
2024-07-12 20:17:46,0.044424
2024-07-12 20:17:47,0.026352
2024-07-12 20:17:48,0.174696
2024-07-12 20:17:49,0.10984
2024-07-12 20:17:50,0.043544
2024-07-12 20:17:51,0.052816
2024-07-12 20:17:52,0.04852
2024-07-12 20:17:53,0.026312
2024-07-12 20:17:54,0.163032
2024-07-12 20:17:55,0.204392
2024-07-12 20:17:56,0.27536
2024-07-12 20:17:57,0.296608
2024-07-12 20:17:58,0.360952
2024-07-12 20:17:59,0.44452
2024-07-12 20:18:00,0.389376
2024-07-12 20:18:01,0.314328
2024-07-12 20:18:02,0.385248
2024-07-12 20:18:03,0.328624
2024-07-12 20:18:04,0.294952
2024-07-12 20:18:05,0.3786
2024-07-12 20:18:06,0.363696
2024-07-12 20:18:07,0.162544
2024-07-12 20:18:08,0.154912
2024-07-12 20:18:09,0.181552
2024-07-12 20:18:10,0.230104
2024-07-12 20:18:11,0.165096
2024-07-12 20:18:12,0.182728
2024-07-12 20:18:13,0.109064
2024-07-12 20:18:14,0.123808
2024-07-12 20:18:15,0.1042
2024-07-12 20:18:16,0.04252
2024-07-12 20:18:17,0.11948
2024-07-12 20:18:18,0.16072
2024-07-12 20:18:19,0.025544
2024-07-12 20:18:20,0.128784
2024-07-12 20:18:21,0.053528
2024-07-12 20:18:22,0.05448
2024-07-12 20:18:23,0.028832
2024-07-12 20:18:24,0.017576
2024-07-12 20:18:25,0.033832
2024-07-12 20:18:26,0.057032
2024-07-12 20:18:27,0.015088
2024-07-12 20:18:28,0.022488
2024-07-12 20:18:29,0.034464
2024-07-12 20:18:30,0.015216
2024-07-12 20:18:31,0.015024
2024-07-12 20:18:32,0.01068
2024-07-12 20:18:33,0.013056
2024-07-12 20:18:34,0.02264
2024-07-12 20:18:35,0.024784
2024-07-12 20:18:36,0.012568
2024-07-12 20:18:37,0.021264
2024-07-12 20:18:38,0.02432
2024-07-12 20:18:39,0.015416
2024-07-12 20:18:40,0.028104
2024-07-12 20:18:41,0.0314
2024-07-12 20:18:42,0.01636
2024-07-12 20:18:43,0.02884
2024-07-12 20:18:44,0.02308
2024-07-12 20:18:45,0.047976
2024-07-12 20:18:46,0.024232
2024-07-12 20:18:47,0.01428
2024-07-12 20:18:48,0.025744
2024-07-12 20:18:49,0.031448
2024-07-12 20:18:50,0.12068
2024-07-12 20:18:51,0.111208
2024-07-12 20:18:52,0.06764
2024-07-12 20:18:53,0.0614
2024-07-12 20:18:54,0.042552
2024-07-12 20:18:55,0.019992
2024-07-12 20:18:56,0.012368
2024-07-12 20:18:57,0.199032
2024-07-12 20:18:58,0.284416
2024-07-12 20:18:59,0.316664
2024-07-12 20:19:00,0.410608
2024-07-12 20:19:01,0.394064
2024-07-12 20:19:02,0.439848
2024-07-12 20:19:03,0.546072
2024-07-12 20:19:04,0.526664
2024-07-12 20:19:05,0.489512
2024-07-12 20:19:06,0.409176
2024-07-12 20:19:07,0.454032
2024-07-12 20:19:08,0.651856
2024-07-12 20:19:09,0.56288
2024-07-12 20:19:10,0.479264
2024-07-12 20:19:11,0.37684
2024-07-12 20:19:12,0.475336
2024-07-12 20:19:13,0.464584
2024-07-12 20:19:14,0.367744
2024-07-12 20:19:15,0.311544
2024-07-12 20:19:16,0.375496
2024-07-12 20:19:17,0.269528
2024-07-12 20:19:18,0.270752
2024-07-12 20:19:19,0.33872
2024-07-12 20:19:20,0.169816
2024-07-12 20:19:21,0.1388
2024-07-12 20:19:22,0.166536
2024-07-12 20:19:23,0.101184
2024-07-12 20:19:24,0.120008
2024-07-12 20:19:25,0.12844
2024-07-12 20:19:26,0.098296
2024-07-12 20:19:27,0.080136
2024-07-12 20:19:28,0.103848
2024-07-12 20:19:29,0.131112
2024-07-12 20:19:30,0.181232
2024-07-12 20:19:31,0.044744
2024-07-12 20:19:32,0.076288
2024-07-12 20:19:33,0.07864
2024-07-12 20:19:34,0.081744
2024-07-12 20:19:35,0.058176
