time,mbps
2024-07-13 16:39:45,0.004488
2024-07-13 16:39:46,0.234576
2024-07-13 16:39:47,0.005304
2024-07-13 16:39:48,0.0376
2024-07-13 16:39:49,0.054864
2024-07-13 16:39:50,0.051288
2024-07-13 16:39:51,0.395384
2024-07-13 16:39:52,0.048016
2024-07-13 16:39:53,0.029232
2024-07-13 16:39:54,0.02316
2024-07-13 16:39:55,0.02536
2024-07-13 16:39:56,0.059752
2024-07-13 16:39:57,0.088776
2024-07-13 16:39:58,0.009552
2024-07-13 16:39:59,0.011952
2024-07-13 16:40:00,0.01584
2024-07-13 16:40:01,0.016888
2024-07-13 16:40:02,0.021048
2024-07-13 16:40:03,0.022464
2024-07-13 16:40:04,0.01916
2024-07-13 16:40:05,0.011736
2024-07-13 16:40:06,0.014248
2024-07-13 16:40:07,0.016184
2024-07-13 16:40:08,0.012616
2024-07-13 16:40:09,0.018248
2024-07-13 16:40:10,0.024224
2024-07-13 16:40:11,0.020312
2024-07-13 16:40:12,0.008984
2024-07-13 16:40:13,0.025816
2024-07-13 16:40:14,0.01796
2024-07-13 16:40:15,0.006824
2024-07-13 16:40:16,0.004
2024-07-13 16:40:17,0.006096
2024-07-13 16:40:18,0.002216
2024-07-13 16:40:19,0.006848
2024-07-13 16:40:20,0.002216
2024-07-13 16:40:21,0.004576
2024-07-13 16:40:22,0.004984
2024-07-13 16:40:23,0.021432
2024-07-13 16:40:24,0.018184
2024-07-13 16:40:25,0.021064
2024-07-13 16:40:26,0.025168
2024-07-13 16:40:27,0.01088
2024-07-13 16:40:28,0.015936
2024-07-13 16:40:29,0.015184
2024-07-13 16:40:30,0.004984
2024-07-13 16:40:31,0.005608
2024-07-13 16:40:32,0.017328
2024-07-13 16:40:33,0.021584
2024-07-13 16:40:34,0.022216
2024-07-13 16:40:35,0.113496
2024-07-13 16:40:36,0.028056
2024-07-13 16:40:37,0.071056
2024-07-13 16:40:38,0.011768
2024-07-13 16:40:39,0.006096
2024-07-13 16:40:40,0.011104
2024-07-13 16:40:41,0.075712
2024-07-13 16:40:42,0.015528
2024-07-13 16:40:43,0.01392
2024-07-13 16:40:44,0.046384
2024-07-13 16:40:45,0.04776
2024-07-13 16:40:46,0.047896
2024-07-13 16:40:47,0.051656
2024-07-13 16:40:48,0.061016
2024-07-13 16:40:49,0.06744
2024-07-13 16:40:50,0.081248
2024-07-13 16:40:51,0.109792
2024-07-13 16:40:52,0.10936
2024-07-13 16:40:53,0.061632
2024-07-13 16:40:54,0.07108
2024-07-13 16:40:55,0.098736
2024-07-13 16:40:56,0.105888
2024-07-13 16:40:57,0.08644
2024-07-13 16:40:58,0.074104
2024-07-13 16:40:59,0.060296
2024-07-13 16:41:00,0.0266
2024-07-13 16:41:01,0.018656
2024-07-13 16:41:02,0.015328
2024-07-13 16:41:03,0.025576
2024-07-13 16:41:04,0.013784
2024-07-13 16:41:05,0.049088
2024-07-13 16:41:06,0.157648
2024-07-13 16:41:07,0.043824
2024-07-13 16:41:08,0.06364
2024-07-13 16:41:09,0.059896
2024-07-13 16:41:10,0.029776
2024-07-13 16:41:11,0.050824
2024-07-13 16:41:12,0.063208
2024-07-13 16:41:13,0.03348
2024-07-13 16:41:14,0.024944
2024-07-13 16:41:15,0.040032
2024-07-13 16:41:16,0.024872
2024-07-13 16:41:17,0.027104
2024-07-13 16:41:18,0.018248
2024-07-13 16:41:19,0.060512
2024-07-13 16:41:20,0.031176
2024-07-13 16:41:21,0.11992
2024-07-13 16:41:22,0.027584
2024-07-13 16:41:23,0.01932
2024-07-13 16:41:24,0.075856
2024-07-13 16:41:25,0.068232
2024-07-13 16:41:26,0.062992
2024-07-13 16:41:27,0.06736
2024-07-13 16:41:28,0.092832
2024-07-13 16:41:29,0.115008
2024-07-13 16:41:30,0.11932
2024-07-13 16:41:31,0.173776
2024-07-13 16:41:32,0.157104
2024-07-13 16:41:33,0.138808
2024-07-13 16:41:34,0.075432
2024-07-13 16:41:35,0.070616
2024-07-13 16:41:36,0.1054
2024-07-13 16:41:37,0.18872
2024-07-13 16:41:38,0.082104
2024-07-13 16:41:39,0.047704
2024-07-13 16:41:40,0.04016
2024-07-13 16:41:41,0.025144
2024-07-13 16:41:42,0.031944
2024-07-13 16:41:43,0.027592
2024-07-13 16:41:44,0.021328
2024-07-13 16:41:45,0.016456
2024-07-13 16:41:46,0.040848
2024-07-13 16:41:47,0.043632
2024-07-13 16:41:48,0.027376
2024-07-13 16:41:49,0.035984
2024-07-13 16:41:50,0.03084
2024-07-13 16:41:51,0.042392
2024-07-13 16:41:52,0.01952
2024-07-13 16:41:53,0.046632
2024-07-13 16:41:54,0.032592
2024-07-13 16:41:55,0.053856
2024-07-13 16:41:56,0.042768
2024-07-13 16:41:57,0.15324
2024-07-13 16:41:58,0.049624
2024-07-13 16:41:59,0.045344
2024-07-13 16:42:00,0.058752
2024-07-13 16:42:01,0.078088
2024-07-13 16:42:02,0.0874
2024-07-13 16:42:03,0.086184
2024-07-13 16:42:04,0.1046
2024-07-13 16:42:05,0.120392
2024-07-13 16:42:06,0.128432
2024-07-13 16:42:07,0.170512
2024-07-13 16:42:08,0.216504
2024-07-13 16:42:09,0.102352
2024-07-13 16:42:10,0.094696
2024-07-13 16:42:11,0.062984
2024-07-13 16:42:12,0.167648
2024-07-13 16:42:13,0.095888
2024-07-13 16:42:14,0.086776
2024-07-13 16:42:15,0.014584
2024-07-13 16:42:16,0.017144
2024-07-13 16:42:17,0.017312
2024-07-13 16:42:18,0.01936
2024-07-13 16:42:19,0.020336
2024-07-13 16:42:20,0.019112
2024-07-13 16:42:21,0.02208
2024-07-13 16:42:22,0.0178
2024-07-13 16:42:23,0.055432
2024-07-13 16:42:24,0.048264
2024-07-13 16:42:25,0.048536
2024-07-13 16:42:26,0.039328
2024-07-13 16:42:27,0.049424
2024-07-13 16:42:28,0.023136
2024-07-13 16:42:29,0.060088
2024-07-13 16:42:30,0.028736
2024-07-13 16:42:31,0.054736
2024-07-13 16:42:32,0.038888
2024-07-13 16:42:33,0.074728
2024-07-13 16:42:34,0.063256
2024-07-13 16:42:35,0.055904
2024-07-13 16:42:36,0.07288
2024-07-13 16:42:37,0.025576
2024-07-13 16:42:38,0.030696
2024-07-13 16:42:39,0.04312
2024-07-13 16:42:40,0.046256
2024-07-13 16:42:41,0.047896
2024-07-13 16:42:42,0.06752
2024-07-13 16:42:43,0.054248
2024-07-13 16:42:44,0.043576
2024-07-13 16:42:45,0.041096
2024-07-13 16:42:46,0.061528
2024-07-13 16:42:47,0.03812
2024-07-13 16:42:48,0.03548
2024-07-13 16:42:49,0.035824
2024-07-13 16:42:50,0.0364
2024-07-13 16:42:51,0.03936
2024-07-13 16:42:52,0.031352
2024-07-13 16:42:53,0.054184
2024-07-13 16:42:54,0.052624
2024-07-13 16:42:55,0.0176
2024-07-13 16:42:56,0.030592
2024-07-13 16:42:57,0.02076
2024-07-13 16:42:58,0.0322
2024-07-13 16:42:59,0.025312
2024-07-13 16:43:00,0.01068
2024-07-13 16:43:01,0.022016
2024-07-13 16:43:02,0.01512
2024-07-13 16:43:03,0.117536
2024-07-13 16:43:04,0.083488
2024-07-13 16:43:05,0.033504
2024-07-13 16:43:06,0.028904
2024-07-13 16:43:07,0.04252
2024-07-13 16:43:08,0.04056
2024-07-13 16:43:09,0.032248
2024-07-13 16:43:10,0.06768
2024-07-13 16:43:11,0.075544
2024-07-13 16:43:12,0.078704
2024-07-13 16:43:13,0.097104
2024-07-13 16:43:14,0.13204
2024-07-13 16:43:15,0.108048
2024-07-13 16:43:16,0.093216
2024-07-13 16:43:17,0.090744
2024-07-13 16:43:18,0.152456
2024-07-13 16:43:19,0.089072
2024-07-13 16:43:20,0.077784
2024-07-13 16:43:21,0.071888
2024-07-13 16:43:22,0.093904
2024-07-13 16:43:23,0.0786
2024-07-13 16:43:24,0.072744
2024-07-13 16:43:25,0.076536
2024-07-13 16:43:26,0.12336
2024-07-13 16:43:27,0.071176
2024-07-13 16:43:28,0.058032
2024-07-13 16:43:29,0.05308
2024-07-13 16:43:30,0.043512
2024-07-13 16:43:31,0.060448
2024-07-13 16:43:32,0.074712
2024-07-13 16:43:33,0.041544
2024-07-13 16:43:34,0.035632
2024-07-13 16:43:35,0.042752
2024-07-13 16:43:36,0.206416
2024-07-13 16:43:37,0.035768
2024-07-13 16:43:38,0.03328
2024-07-13 16:43:39,0.026184
2024-07-13 16:43:40,0.024736
2024-07-13 16:43:41,0.021616
2024-07-13 16:43:42,0.0264
2024-07-13 16:43:43,0.022208
2024-07-13 16:43:44,0.017264
2024-07-13 16:43:45,0.016424
2024-07-13 16:43:46,0.01856
2024-07-13 16:43:47,0.012952
2024-07-13 16:43:48,0.019904
2024-07-13 16:43:49,0.012952
2024-07-13 16:43:50,0.022312
2024-07-13 16:43:51,0.0366
2024-07-13 16:43:52,0.049952
2024-07-13 16:43:53,0.038696
2024-07-13 16:43:54,0.037784
2024-07-13 16:43:55,0.035952
2024-07-13 16:43:56,0.086688
2024-07-13 16:43:57,0.049432
2024-07-13 16:43:58,0.04364
2024-07-13 16:43:59,0.02856
2024-07-13 16:44:00,0.02272
2024-07-13 16:44:01,0.035608
2024-07-13 16:44:02,0.043288
2024-07-13 16:44:03,0.05324
2024-07-13 16:44:04,0.055504
2024-07-13 16:44:05,0.039176
2024-07-13 16:44:06,0.0162
2024-07-13 16:44:07,0.044888
2024-07-13 16:44:08,0.034392
2024-07-13 16:44:09,0.035904
2024-07-13 16:44:10,0.015
2024-07-13 16:44:11,0.019504
2024-07-13 16:44:12,0.03568
2024-07-13 16:44:13,0.04036
2024-07-13 16:44:14,0.030416
2024-07-13 16:44:15,0.033912
2024-07-13 16:44:16,0.0392
2024-07-13 16:44:17,0.042816
2024-07-13 16:44:18,0.034848
2024-07-13 16:44:19,0.024656
2024-07-13 16:44:20,0.023952
2024-07-13 16:44:21,0.029656
2024-07-13 16:44:22,0.03532
2024-07-13 16:44:23,0.036992
2024-07-13 16:44:24,0.036984
2024-07-13 16:44:25,0.036312
2024-07-13 16:44:26,0.126656
2024-07-13 16:44:27,0.092016
2024-07-13 16:44:28,0.032472
2024-07-13 16:44:29,0.054144
2024-07-13 16:44:30,0.048336
2024-07-13 16:44:31,0.029888
2024-07-13 16:44:32,0.049968
2024-07-13 16:44:33,0.059856
2024-07-13 16:44:34,0.066136
2024-07-13 16:44:35,0.089024
2024-07-13 16:44:36,0.083072
2024-07-13 16:44:37,0.074808
2024-07-13 16:44:38,0.085544
2024-07-13 16:44:39,0.096656
2024-07-13 16:44:40,0.123496
2024-07-13 16:44:41,0.116688
2024-07-13 16:44:42,0.07956
2024-07-13 16:44:43,0.0718
2024-07-13 16:44:44,0.06392
2024-07-13 16:44:45,0.06404
2024-07-13 16:44:46,0.067696
2024-07-13 16:44:47,0.052696
2024-07-13 16:44:48,0.064072
2024-07-13 16:44:49,0.06092
2024-07-13 16:44:50,0.050048
2024-07-13 16:44:51,0.041688
2024-07-13 16:44:52,0.031072
2024-07-13 16:44:53,0.023632
2024-07-13 16:44:54,0.021616
2024-07-13 16:44:55,0.032552
2024-07-13 16:44:56,0.053048
2024-07-13 16:44:57,0.025184
2024-07-13 16:44:58,0.020864
2024-07-13 16:44:59,0.055224
2024-07-13 16:45:00,0.20328
2024-07-13 16:45:01,0.036344
2024-07-13 16:45:02,0.166792
2024-07-13 16:45:03,0.062144
2024-07-13 16:45:04,0.03196
2024-07-13 16:45:05,0.04648
2024-07-13 16:45:06,0.04376
2024-07-13 16:45:07,0.044464
2024-07-13 16:45:08,0.036144
2024-07-13 16:45:09,0.0282
2024-07-13 16:45:10,0.016656
2024-07-13 16:45:11,0.017584
2024-07-13 16:45:12,0.013864
2024-07-13 16:45:13,0.040424
2024-07-13 16:45:14,0.029696
2024-07-13 16:45:15,0.021992
2024-07-13 16:45:16,0.016976
2024-07-13 16:45:17,0.02028
2024-07-13 16:45:18,0.017456
2024-07-13 16:45:19,0.01976
2024-07-13 16:45:20,0.021408
2024-07-13 16:45:21,0.041424
2024-07-13 16:45:22,0.01724
2024-07-13 16:45:23,0.025056
2024-07-13 16:45:24,0.012416
2024-07-13 16:45:25,0.016888
2024-07-13 16:45:26,0.019064
2024-07-13 16:45:27,0.0194
2024-07-13 16:45:28,0.019232
2024-07-13 16:45:29,0.019216
2024-07-13 16:45:30,0.015656
2024-07-13 16:45:31,0.01536
2024-07-13 16:45:32,0.138152
2024-07-13 16:45:33,0.082776
2024-07-13 16:45:34,0.027856
2024-07-13 16:45:35,0.039424
2024-07-13 16:45:36,0.045544
2024-07-13 16:45:37,0.02008
2024-07-13 16:45:38,0.071424
2024-07-13 16:45:39,0.065248
2024-07-13 16:45:40,0.069944
2024-07-13 16:45:41,0.094664
2024-07-13 16:45:42,0.101912
2024-07-13 16:45:43,0.11136
2024-07-13 16:45:44,0.108208
2024-07-13 16:45:45,0.133528
2024-07-13 16:45:46,0.159456
2024-07-13 16:45:47,0.122736
2024-07-13 16:45:48,0.084272
2024-07-13 16:45:49,0.078376
2024-07-13 16:45:50,0.090776
2024-07-13 16:45:51,0.098856
2024-07-13 16:45:52,0.104296
2024-07-13 16:45:53,0.105184
2024-07-13 16:45:54,0.093256
2024-07-13 16:45:55,0.09288
2024-07-13 16:45:56,0.086848
2024-07-13 16:45:57,0.055344
2024-07-13 16:45:58,0.086152
2024-07-13 16:45:59,0.072744
2024-07-13 16:46:00,0.080416
2024-07-13 16:46:01,0.059432
2024-07-13 16:46:02,0.062
2024-07-13 16:46:03,0.075104
2024-07-13 16:46:04,0.04912
2024-07-13 16:46:05,0.037784
2024-07-13 16:46:06,0.038
2024-07-13 16:46:07,0.029704
2024-07-13 16:46:08,0.062088
2024-07-13 16:46:09,0.050168
2024-07-13 16:46:10,0.053152
2024-07-13 16:46:11,0.021704
2024-07-13 16:46:12,0.039888
2024-07-13 16:46:13,0.205248
2024-07-13 16:46:14,0.049184
2024-07-13 16:46:15,0.078944
2024-07-13 16:46:16,0.052944
2024-07-13 16:46:17,0.050264
2024-07-13 16:46:18,0.03816
2024-07-13 16:46:19,0.042616
2024-07-13 16:46:20,0.028928
2024-07-13 16:46:21,0.029856
2024-07-13 16:46:22,0.037912
2024-07-13 16:46:23,0.044104
2024-07-13 16:46:24,0.062552
2024-07-13 16:46:25,0.051936
2024-07-13 16:46:26,0.048136
2024-07-13 16:46:27,0.054728
2024-07-13 16:46:28,0.05232
2024-07-13 16:46:29,0.060376
2024-07-13 16:46:30,0.056712
2024-07-13 16:46:31,0.052784
2024-07-13 16:46:32,0.070392
2024-07-13 16:46:33,0.0592
2024-07-13 16:46:34,0.056624
2024-07-13 16:46:35,0.053344
2024-07-13 16:46:36,0.080136
2024-07-13 16:46:37,0.05976
2024-07-13 16:46:38,0.054696
2024-07-13 16:46:39,0.064344
2024-07-13 16:46:40,0.062928
2024-07-13 16:46:41,0.063128
2024-07-13 16:46:42,0.071552
2024-07-13 16:46:43,0.07368
2024-07-13 16:46:44,0.061528
2024-07-13 16:46:45,0.060232
2024-07-13 16:46:46,0.058392
2024-07-13 16:46:47,0.055248
2024-07-13 16:46:48,0.1012
2024-07-13 16:46:49,0.031888
2024-07-13 16:46:50,0.02588
2024-07-13 16:46:51,0.129144
2024-07-13 16:46:52,0.069312
2024-07-13 16:46:53,0.0686
2024-07-13 16:46:54,0.064848
2024-07-13 16:46:55,0.06308
2024-07-13 16:46:56,0.0524
2024-07-13 16:46:57,0.024192
2024-07-13 16:46:58,0.024224
2024-07-13 16:46:59,0.090736
2024-07-13 16:47:00,0.037824
2024-07-13 16:47:01,0.039856
2024-07-13 16:47:02,0.037648
2024-07-13 16:47:03,0.04256
2024-07-13 16:47:04,0.045488
2024-07-13 16:47:05,0.043504
2024-07-13 16:47:06,0.036248
2024-07-13 16:47:07,0.01752
2024-07-13 16:47:08,0.017776
2024-07-13 16:47:09,0.01068
2024-07-13 16:47:10,0.046928
2024-07-13 16:47:11,0.029776
2024-07-13 16:47:12,0.018752
2024-07-13 16:47:13,0.018352
2024-07-13 16:47:14,0.025568
2024-07-13 16:47:15,0.040096
2024-07-13 16:47:16,0.041824
2024-07-13 16:47:17,0.033344
2024-07-13 16:47:18,0.040664
2024-07-13 16:47:19,0.031384
2024-07-13 16:47:20,0.031256
2024-07-13 16:47:21,0.140072
2024-07-13 16:47:22,0.102424
2024-07-13 16:47:23,0.02208
2024-07-13 16:47:24,0.050144
2024-07-13 16:47:25,0.041592
2024-07-13 16:47:26,0.020968
2024-07-13 16:47:27,0.059496
2024-07-13 16:47:28,0.083968
2024-07-13 16:47:29,0.088776
2024-07-13 16:47:30,0.078432
2024-07-13 16:47:31,0.11216
2024-07-13 16:47:32,0.109536
2024-07-13 16:47:33,0.124816
2024-07-13 16:47:34,0.157376
2024-07-13 16:47:35,0.163248
2024-07-13 16:47:36,0.15968
2024-07-13 16:47:37,0.132
2024-07-13 16:47:38,0.230416
2024-07-13 16:47:39,0.106208
2024-07-13 16:47:40,0.099984
2024-07-13 16:47:41,0.102248
2024-07-13 16:47:42,0.117352
2024-07-13 16:47:43,0.096336
2024-07-13 16:47:44,0.095912
2024-07-13 16:47:45,0.1144
2024-07-13 16:47:46,0.056856
2024-07-13 16:47:47,0.069184
2024-07-13 16:47:48,0.076888
2024-07-13 16:47:49,0.070384
2024-07-13 16:47:50,0.061488
2024-07-13 16:47:51,0.051216
2024-07-13 16:47:52,0.070136
2024-07-13 16:47:53,0.05152
2024-07-13 16:47:54,0.048016
2024-07-13 16:47:55,0.049344
2024-07-13 16:47:56,0.050008
2024-07-13 16:47:57,0.068576
2024-07-13 16:47:58,0.035056
2024-07-13 16:47:59,0.032496
2024-07-13 16:48:00,0.034016
2024-07-13 16:48:01,0.238856
2024-07-13 16:48:02,0.040224
2024-07-13 16:48:03,0.179752
2024-07-13 16:48:04,0.043744
2024-07-13 16:48:05,0.033448
2024-07-13 16:48:06,0.05248
2024-07-13 16:48:07,0.049216
2024-07-13 16:48:08,0.050648
2024-07-13 16:48:09,0.03516
2024-07-13 16:48:10,0.017776
2024-07-13 16:48:11,0.01472
2024-07-13 16:48:12,0.022128
2024-07-13 16:48:13,0.018608
2024-07-13 16:48:14,0.014432
2024-07-13 16:48:15,0.031976
2024-07-13 16:48:16,0.016544
2024-07-13 16:48:17,0.033584
2024-07-13 16:48:18,0.017528
2024-07-13 16:48:19,0.039672
2024-07-13 16:48:20,0.02376
2024-07-13 16:48:21,0.01708
2024-07-13 16:48:22,0.018288
2024-07-13 16:48:23,0.017536
2024-07-13 16:48:24,0.01068
2024-07-13 16:48:25,0.013056
2024-07-13 16:48:26,0.016976
2024-07-13 16:48:27,0.016648
2024-07-13 16:48:28,0.016848
2024-07-13 16:48:29,0.015344
2024-07-13 16:48:30,0.021784
2024-07-13 16:48:31,0.022008
2024-07-13 16:48:32,0.021896
2024-07-13 16:48:33,0.137768
2024-07-13 16:48:34,0.107096
2024-07-13 16:48:35,0.018368
2024-07-13 16:48:36,0.058136
2024-07-13 16:48:37,0.034856
2024-07-13 16:48:38,0.024688
2024-07-13 16:48:39,0.053184
2024-07-13 16:48:40,0.098552
2024-07-13 16:48:41,0.090136
2024-07-13 16:48:42,0.08404
2024-07-13 16:48:43,0.119792
2024-07-13 16:48:44,0.122544
2024-07-13 16:48:45,0.128192
2024-07-13 16:48:46,0.170504
2024-07-13 16:48:47,0.170968
2024-07-13 16:48:48,0.136888
2024-07-13 16:48:49,0.1336
2024-07-13 16:48:50,0.142248
2024-07-13 16:48:51,0.103584
2024-07-13 16:48:52,0.1258
2024-07-13 16:48:53,0.13616
2024-07-13 16:48:54,0.105104
2024-07-13 16:48:55,0.133272
2024-07-13 16:48:56,0.108016
2024-07-13 16:48:57,0.08828
2024-07-13 16:48:58,0.098464
2024-07-13 16:48:59,0.082992
2024-07-13 16:49:00,0.062256
2024-07-13 16:49:01,0.065632
2024-07-13 16:49:02,0.061456
2024-07-13 16:49:03,0.057664
2024-07-13 16:49:04,0.046984
2024-07-13 16:49:05,0.038768
2024-07-13 16:49:06,0.038584
2024-07-13 16:49:07,0.076576
2024-07-13 16:49:08,0.021984
2024-07-13 16:49:09,0.033064
2024-07-13 16:49:10,0.040664
2024-07-13 16:49:11,0.237768
2024-07-13 16:49:12,0.027048
2024-07-13 16:49:13,0.218048
2024-07-13 16:49:14,0.074416
2024-07-13 16:49:15,0.059752
2024-07-13 16:49:16,0.059816
2024-07-13 16:49:17,0.037496
2024-07-13 16:49:18,0.040664
2024-07-13 16:49:19,0.03228
2024-07-13 16:49:20,0.034472
2024-07-13 16:49:21,0.055512
2024-07-13 16:49:22,0.030648
2024-07-13 16:49:23,0.036712
2024-07-13 16:49:24,0.020144
2024-07-13 16:49:25,0.027008
2024-07-13 16:49:26,0.026704
2024-07-13 16:49:27,0.023496
2024-07-13 16:49:28,0.03412
2024-07-13 16:49:29,0.013544
2024-07-13 16:49:30,0.040312
2024-07-13 16:49:31,0.020136
2024-07-13 16:49:32,0.02816
2024-07-13 16:49:33,0.104224
2024-07-13 16:49:34,0.02992
2024-07-13 16:49:35,0.024608
2024-07-13 16:49:36,0.047992
2024-07-13 16:49:37,0.104168
2024-07-13 16:49:38,0.092024
2024-07-13 16:49:39,0.0916
2024-07-13 16:49:40,0.09676
2024-07-13 16:49:41,0.1598
2024-07-13 16:49:42,0.168832
2024-07-13 16:49:43,0.179296
2024-07-13 16:49:44,0.212384
2024-07-13 16:49:45,0.197744
2024-07-13 16:49:46,0.183976
2024-07-13 16:49:47,0.15884
2024-07-13 16:49:48,0.152336
2024-07-13 16:49:49,0.138256
2024-07-13 16:49:50,0.148888
2024-07-13 16:49:51,0.172152
2024-07-13 16:49:52,0.165728
2024-07-13 16:49:53,0.147624
2024-07-13 16:49:54,0.171464
2024-07-13 16:49:55,0.130928
2024-07-13 16:49:56,0.139512
2024-07-13 16:49:57,0.12552
2024-07-13 16:49:58,0.083056
2024-07-13 16:49:59,0.104312
2024-07-13 16:50:00,0.07728
2024-07-13 16:50:01,0.059624
2024-07-13 16:50:02,0.056872
2024-07-13 16:50:03,0.058392
2024-07-13 16:50:04,0.054904
2024-07-13 16:50:05,0.047344
2024-07-13 16:50:06,0.178904
2024-07-13 16:50:07,0.096104
2024-07-13 16:50:08,0.122736
2024-07-13 16:50:09,0.058632
2024-07-13 16:50:10,0.073608
2024-07-13 16:50:11,0.050368
2024-07-13 16:50:12,0.053152
2024-07-13 16:50:13,0.04744
2024-07-13 16:50:14,0.03
2024-07-13 16:50:15,0.02176
2024-07-13 16:50:16,0.041232
2024-07-13 16:50:17,0.043784
2024-07-13 16:50:18,0.040976
2024-07-13 16:50:19,0.03776
2024-07-13 16:50:20,0.025144
2024-07-13 16:50:21,0.031632
2024-07-13 16:50:22,0.013056
2024-07-13 16:50:23,0.025064
2024-07-13 16:50:24,0.030328
2024-07-13 16:50:25,0.026632
2024-07-13 16:50:26,0.03776
2024-07-13 16:50:27,0.043856
2024-07-13 16:50:28,0.035312
2024-07-13 16:50:29,0.035968
2024-07-13 16:50:30,0.033368
2024-07-13 16:50:31,0.02424
2024-07-13 16:50:32,0.03648
2024-07-13 16:50:33,0.023024
2024-07-13 16:50:34,0.036688
2024-07-13 16:50:35,0.024696
2024-07-13 16:50:36,0.023576
2024-07-13 16:50:37,0.136792
2024-07-13 16:50:38,0.133736
2024-07-13 16:50:39,0.062352
2024-07-13 16:50:40,0.048848
2024-07-13 16:50:41,0.05868
2024-07-13 16:50:42,0.0366
2024-07-13 16:50:43,0.054032
2024-07-13 16:50:44,0.097792
2024-07-13 16:50:45,0.106312
2024-07-13 16:50:46,0.126368
2024-07-13 16:50:47,0.167448
2024-07-13 16:50:48,0.1846
2024-07-13 16:50:49,0.171432
2024-07-13 16:50:50,0.191592
2024-07-13 16:50:51,0.214216
2024-07-13 16:50:52,0.246768
2024-07-13 16:50:53,0.185392
2024-07-13 16:50:54,0.199504
2024-07-13 16:50:55,0.134104
2024-07-13 16:50:56,0.206416
2024-07-13 16:50:57,0.178352
2024-07-13 16:50:58,0.141224
2024-07-13 16:50:59,0.146072
2024-07-13 16:51:00,0.154016
2024-07-13 16:51:01,0.123744
2024-07-13 16:51:02,0.14652
2024-07-13 16:51:03,0.141504
2024-07-13 16:51:04,0.166272
2024-07-13 16:51:05,0.153976
2024-07-13 16:51:06,0.099288
2024-07-13 16:51:07,0.064968
2024-07-13 16:51:08,0.088672
2024-07-13 16:51:09,0.060032
2024-07-13 16:51:10,0.037504
2024-07-13 16:51:11,0.049784
2024-07-13 16:51:12,0.022656
2024-07-13 16:51:13,0.0614
2024-07-13 16:51:14,0.255872
2024-07-13 16:51:15,0.036992
2024-07-13 16:51:16,0.208032
2024-07-13 16:51:17,0.042312
2024-07-13 16:51:18,0.017848
2024-07-13 16:51:19,0.014776
2024-07-13 16:51:20,0.014408
2024-07-13 16:51:21,0.019752
2024-07-13 16:51:22,0.013848
2024-07-13 16:51:23,0.019464
2024-07-13 16:51:24,0.032856
2024-07-13 16:51:25,0.030576
2024-07-13 16:51:26,0.05772
2024-07-13 16:51:27,0.027984
2024-07-13 16:51:28,0.087696
2024-07-13 16:51:29,0.036952
2024-07-13 16:51:30,0.080008
2024-07-13 16:51:31,0.0476
2024-07-13 16:51:32,0.04328
2024-07-13 16:51:33,0.043872
2024-07-13 16:51:34,0.074248
2024-07-13 16:51:35,0.062296
2024-07-13 16:51:36,0.065936
2024-07-13 16:51:37,0.043352
2024-07-13 16:51:38,0.04512
2024-07-13 16:51:39,0.03848
2024-07-13 16:51:40,0.022544
2024-07-13 16:51:41,0.017376
2024-07-13 16:51:42,0.027496
2024-07-13 16:51:43,0.03448
2024-07-13 16:51:44,0.044312
2024-07-13 16:51:45,0.030848
2024-07-13 16:51:46,0.059912
2024-07-13 16:51:47,0.024032
2024-07-13 16:51:48,0.047768
2024-07-13 16:51:49,0.04416
2024-07-13 16:51:50,0.052608
2024-07-13 16:51:51,0.026136
2024-07-13 16:51:52,0.047224
2024-07-13 16:51:53,0.029816
2024-07-13 16:51:54,0.038192
2024-07-13 16:51:55,0.027704
2024-07-13 16:51:56,0.034264
2024-07-13 16:51:57,0.0346
2024-07-13 16:51:58,0.031312
2024-07-13 16:51:59,0.059064
2024-07-13 16:52:00,0.038104
2024-07-13 16:52:01,0.044184
2024-07-13 16:52:02,0.035816
2024-07-13 16:52:03,0.021672
2024-07-13 16:52:04,0.041112
2024-07-13 16:52:05,0.023928
2024-07-13 16:52:06,0.157864
2024-07-13 16:52:07,0.137104
2024-07-13 16:52:08,0.031256
2024-07-13 16:52:09,0.062744
2024-07-13 16:52:10,0.038024
2024-07-13 16:52:11,0.041
2024-07-13 16:52:12,0.078456
2024-07-13 16:52:13,0.133992
2024-07-13 16:52:14,0.162656
2024-07-13 16:52:15,0.17712
2024-07-13 16:52:16,0.23272
2024-07-13 16:52:17,0.226944
2024-07-13 16:52:18,0.229248
2024-07-13 16:52:19,0.231568
2024-07-13 16:52:20,0.212304
2024-07-13 16:52:21,0.206656
2024-07-13 16:52:22,0.206616
2024-07-13 16:52:23,0.1766
2024-07-13 16:52:24,0.185816
2024-07-13 16:52:25,0.209104
2024-07-13 16:52:26,0.253672
2024-07-13 16:52:27,0.19404
2024-07-13 16:52:28,0.1454
2024-07-13 16:52:29,0.135184
2024-07-13 16:52:30,0.159448
2024-07-13 16:52:31,0.16768
2024-07-13 16:52:32,0.173528
2024-07-13 16:52:33,0.086176
2024-07-13 16:52:34,0.076512
2024-07-13 16:52:35,0.090048
2024-07-13 16:52:36,0.085096
2024-07-13 16:52:37,0.067864
2024-07-13 16:52:38,0.049408
2024-07-13 16:52:39,0.044368
2024-07-13 16:52:40,0.059056
2024-07-13 16:52:41,0.052048
2024-07-13 16:52:42,0.018664
2024-07-13 16:52:43,0.030472
2024-07-13 16:52:44,0.056784
2024-07-13 16:52:45,0.27272
2024-07-13 16:52:46,0.038712
2024-07-13 16:52:47,0.218488
2024-07-13 16:52:48,0.080568
2024-07-13 16:52:49,0.087952
2024-07-13 16:52:50,0.035016
2024-07-13 16:52:51,0.071808
2024-07-13 16:52:52,0.05072
2024-07-13 16:52:53,0.03808
2024-07-13 16:52:54,0.036488
2024-07-13 16:52:55,0.043928
2024-07-13 16:52:56,0.049992
2024-07-13 16:52:57,0.035288
2024-07-13 16:52:58,0.022512
2024-07-13 16:52:59,0.048512
2024-07-13 16:53:00,0.044184
2024-07-13 16:53:01,0.056208
2024-07-13 16:53:02,0.03756
2024-07-13 16:53:03,0.060504
2024-07-13 16:53:04,0.037888
2024-07-13 16:53:05,0.033128
2024-07-13 16:53:06,0.050952
2024-07-13 16:53:07,0.030448
2024-07-13 16:53:08,0.032032
2024-07-13 16:53:09,0.01068
2024-07-13 16:53:10,0.037824
2024-07-13 16:53:11,0.032848
2024-07-13 16:53:12,0.030792
2024-07-13 16:53:13,0.01068
2024-07-13 16:53:14,0.056824
2024-07-13 16:53:15,0.037784
2024-07-13 16:53:16,0.031784
2024-07-13 16:53:17,0.176552
2024-07-13 16:53:18,0.16164
2024-07-13 16:53:19,0.053768
2024-07-13 16:53:20,0.089208
2024-07-13 16:53:21,0.058424
2024-07-13 16:53:22,0.030928
2024-07-13 16:53:23,0.107576
2024-07-13 16:53:24,0.127224
2024-07-13 16:53:25,0.111752
2024-07-13 16:53:26,0.157512
2024-07-13 16:53:27,0.203592
2024-07-13 16:53:28,0.259536
2024-07-13 16:53:29,0.229024
2024-07-13 16:53:30,0.243824
2024-07-13 16:53:31,0.229536
2024-07-13 16:53:32,0.251664
2024-07-13 16:53:33,0.210504
2024-07-13 16:53:34,0.168928
2024-07-13 16:53:35,0.173976
2024-07-13 16:53:36,0.18112
2024-07-13 16:53:37,0.214592
2024-07-13 16:53:38,0.188816
2024-07-13 16:53:39,0.125312
2024-07-13 16:53:40,0.156616
2024-07-13 16:53:41,0.18152
2024-07-13 16:53:42,0.173896
2024-07-13 16:53:43,0.14468
2024-07-13 16:53:44,0.131632
2024-07-13 16:53:45,0.09352
2024-07-13 16:53:46,0.059976
2024-07-13 16:53:47,0.089088
2024-07-13 16:53:48,0.094992
2024-07-13 16:53:49,0.063856
2024-07-13 16:53:50,0.100488
2024-07-13 16:53:51,0.09584
2024-07-13 16:53:52,0.029056
2024-07-13 16:53:53,0.045752
2024-07-13 16:53:54,0.04192
2024-07-13 16:53:55,0.276808
2024-07-13 16:53:56,0.048856
2024-07-13 16:53:57,0.082952
2024-07-13 16:53:58,0.0488
2024-07-13 16:53:59,0.043416
2024-07-13 16:54:00,0.040568
2024-07-13 16:54:01,0.036008
2024-07-13 16:54:02,0.027288
2024-07-13 16:54:03,0.038184
2024-07-13 16:54:04,0.03812
2024-07-13 16:54:05,0.045688
2024-07-13 16:54:06,0.05216
2024-07-13 16:54:07,0.057208
2024-07-13 16:54:08,0.051296
2024-07-13 16:54:09,0.057632
2024-07-13 16:54:10,0.047912
2024-07-13 16:54:11,0.05372
2024-07-13 16:54:12,0.053272
2024-07-13 16:54:13,0.061976
2024-07-13 16:54:14,0.051648
2024-07-13 16:54:15,0.06336
2024-07-13 16:54:16,0.066392
2024-07-13 16:54:17,0.060672
2024-07-13 16:54:18,0.057184
2024-07-13 16:54:19,0.053128
2024-07-13 16:54:20,0.05884
2024-07-13 16:54:21,0.056256
2024-07-13 16:54:22,0.059976
2024-07-13 16:54:23,0.063176
2024-07-13 16:54:24,0.067888
2024-07-13 16:54:25,0.057544
2024-07-13 16:54:26,0.060408
2024-07-13 16:54:27,0.063168
2024-07-13 16:54:28,0.051032
2024-07-13 16:54:29,0.049752
2024-07-13 16:54:30,0.09588
2024-07-13 16:54:31,0.037632
2024-07-13 16:54:32,0.089024
2024-07-13 16:54:33,0.097632
2024-07-13 16:54:34,0.096104
2024-07-13 16:54:35,0.068888
2024-07-13 16:54:36,0.048968
2024-07-13 16:54:37,0.05732
2024-07-13 16:54:38,0.037256
2024-07-13 16:54:39,0.051904
2024-07-13 16:54:40,0.053264
2024-07-13 16:54:41,0.033648
2024-07-13 16:54:42,0.028864
2024-07-13 16:54:43,0.071552
2024-07-13 16:54:44,0.046128
2024-07-13 16:54:45,0.04044
2024-07-13 16:54:46,0.044496
2024-07-13 16:54:47,0.040192
2024-07-13 16:54:48,0.033008
2024-07-13 16:54:49,0.012632
2024-07-13 16:54:50,0.049528
2024-07-13 16:54:51,0.023016
2024-07-13 16:54:52,0.04984
2024-07-13 16:54:53,0.042504
2024-07-13 16:54:54,0.035016
2024-07-13 16:54:55,0.03324
2024-07-13 16:54:56,0.047352
2024-07-13 16:54:57,0.028984
2024-07-13 16:54:58,0.020712
2024-07-13 16:54:59,0.017768
2024-07-13 16:55:00,0.02004
2024-07-13 16:55:01,0.017696
2024-07-13 16:55:02,0.145256
2024-07-13 16:55:03,0.154184
2024-07-13 16:55:04,0.04084
2024-07-13 16:55:05,0.037456
2024-07-13 16:55:06,0.060072
2024-07-13 16:55:07,0.04396
2024-07-13 16:55:08,0.06648
2024-07-13 16:55:09,0.127216
2024-07-13 16:55:10,0.124072
2024-07-13 16:55:11,0.18072
2024-07-13 16:55:12,0.208728
2024-07-13 16:55:13,0.260528
2024-07-13 16:55:14,0.316584
2024-07-13 16:55:15,0.342048
2024-07-13 16:55:16,0.320464
2024-07-13 16:55:17,0.282152
2024-07-13 16:55:18,0.286264
2024-07-13 16:55:19,0.237344
2024-07-13 16:55:20,0.24412
2024-07-13 16:55:21,0.273032
2024-07-13 16:55:22,0.241
2024-07-13 16:55:23,0.18368
2024-07-13 16:55:24,0.266664
2024-07-13 16:55:25,0.177592
2024-07-13 16:55:26,0.203352
2024-07-13 16:55:27,0.193064
2024-07-13 16:55:28,0.191328
2024-07-13 16:55:29,0.139152
2024-07-13 16:55:30,0.131336
2024-07-13 16:55:31,0.133536
2024-07-13 16:55:32,0.163648
2024-07-13 16:55:33,0.138392
2024-07-13 16:55:34,0.11188
2024-07-13 16:55:35,0.077136
2024-07-13 16:55:36,0.039208
2024-07-13 16:55:37,0.071936
2024-07-13 16:55:38,0.27708
2024-07-13 16:55:39,0.066008
2024-07-13 16:55:40,0.243072
2024-07-13 16:55:41,0.04156
2024-07-13 16:55:42,0.050824
2024-07-13 16:55:43,0.023888
2024-07-13 16:55:44,0.022912
2024-07-13 16:55:45,0.021144
2024-07-13 16:55:46,0.020696
2024-07-13 16:55:47,0.0216
2024-07-13 16:55:48,0.035096
2024-07-13 16:55:49,0.088952
2024-07-13 16:55:50,0.082328
2024-07-13 16:55:51,0.039088
2024-07-13 16:55:52,0.026872
2024-07-13 16:55:53,0.057992
2024-07-13 16:55:54,0.047928
2024-07-13 16:55:55,0.046792
2024-07-13 16:55:56,0.0756
2024-07-13 16:55:57,0.045328
2024-07-13 16:55:58,0.041104
2024-07-13 16:55:59,0.055008
2024-07-13 16:56:00,0.039992
2024-07-13 16:56:01,0.051912
2024-07-13 16:56:02,0.035552
2024-07-13 16:56:03,0.028424
2024-07-13 16:56:04,0.034944
2024-07-13 16:56:05,0.033616
2024-07-13 16:56:06,0.032184
2024-07-13 16:56:07,0.028696
2024-07-13 16:56:08,0.031944
2024-07-13 16:56:09,0.021168
2024-07-13 16:56:10,0.022128
2024-07-13 16:56:11,0.024536
2024-07-13 16:56:12,0.042728
2024-07-13 16:56:13,0.02444
2024-07-13 16:56:14,0.030832
2024-07-13 16:56:15,0.031184
2024-07-13 16:56:16,0.022344
2024-07-13 16:56:17,0.017744
2024-07-13 16:56:18,0.029912
2024-07-13 16:56:19,0.031504
2024-07-13 16:56:20,0.046416
2024-07-13 16:56:21,0.024384
2024-07-13 16:56:22,0.030304
2024-07-13 16:56:23,0.024832
2024-07-13 16:56:24,0.163928
2024-07-13 16:56:25,0.139456
2024-07-13 16:56:26,0.027552
2024-07-13 16:56:27,0.061728
2024-07-13 16:56:28,0.045696
2024-07-13 16:56:29,0.03684
2024-07-13 16:56:30,0.128832
2024-07-13 16:56:31,0.139424
2024-07-13 16:56:32,0.186288
2024-07-13 16:56:33,0.204232
2024-07-13 16:56:34,0.2288
2024-07-13 16:56:35,0.233576
2024-07-13 16:56:36,0.382136
2024-07-13 16:56:37,0.389912
2024-07-13 16:56:38,0.344304
2024-07-13 16:56:39,0.32988
2024-07-13 16:56:40,0.270568
2024-07-13 16:56:41,0.272072
2024-07-13 16:56:42,0.226224
2024-07-13 16:56:43,0.251352
2024-07-13 16:56:44,0.304928
2024-07-13 16:56:45,0.333328
2024-07-13 16:56:46,0.243864
2024-07-13 16:56:47,0.267464
2024-07-13 16:56:48,0.207248
2024-07-13 16:56:49,0.1672
2024-07-13 16:56:50,0.187768
2024-07-13 16:56:51,0.143944
2024-07-13 16:56:52,0.109904
2024-07-13 16:56:53,0.148592
2024-07-13 16:56:54,0.107888
2024-07-13 16:56:55,0.121176
2024-07-13 16:56:56,0.043512
2024-07-13 16:56:57,0.058848
2024-07-13 16:56:58,0.261536
2024-07-13 16:56:59,0.077264
2024-07-13 16:57:00,0.0656
2024-07-13 16:57:01,0.337816
2024-07-13 16:57:02,0.074896
2024-07-13 16:57:03,0.066208
2024-07-13 16:57:04,0.074672
2024-07-13 16:57:05,0.050344
2024-07-13 16:57:06,0.06584
2024-07-13 16:57:07,0.056456
2024-07-13 16:57:08,0.068344
2024-07-13 16:57:09,0.064968
2024-07-13 16:57:10,0.070896
2024-07-13 16:57:11,0.021064
2024-07-13 16:57:12,0.020128
2024-07-13 16:57:13,0.027912
2024-07-13 16:57:14,0.018896
2024-07-13 16:57:15,0.016888
2024-07-13 16:57:16,0.017952
2024-07-13 16:57:17,0.022584
2024-07-13 16:57:18,0.028984
2024-07-13 16:57:19,0.047784
2024-07-13 16:57:20,0.025352
2024-07-13 16:57:21,0.165904
2024-07-13 16:57:22,0.037016
2024-07-13 16:57:23,0.026896
2024-07-13 16:57:24,0.159808
2024-07-13 16:57:25,0.171448
2024-07-13 16:57:26,0.189216
2024-07-13 16:57:27,0.277664
2024-07-13 16:57:28,0.279408
2024-07-13 16:57:29,0.351968
2024-07-13 16:57:30,0.313192
2024-07-13 16:57:31,0.17916
2024-07-13 16:57:32,0.14136
2024-07-13 16:57:33,0.134896
2024-07-13 16:57:34,0.077376
2024-07-13 16:57:35,0.066424
2024-07-13 16:57:36,0.071184
2024-07-13 16:57:37,0.293336
2024-07-13 16:57:38,0.138048
2024-07-13 16:57:39,0.213232
2024-07-13 16:57:40,0.082656
2024-07-13 16:57:41,0.052152
2024-07-13 16:57:42,0.052232
2024-07-13 16:57:43,0.069824
2024-07-13 16:57:44,0.05784
2024-07-13 16:57:45,0.06132
2024-07-13 16:57:46,0.0588
2024-07-13 16:57:47,0.056312
2024-07-13 16:57:48,0.045568
2024-07-13 16:57:49,0.027408
2024-07-13 16:57:50,0.048288
2024-07-13 16:57:51,0.049488
2024-07-13 16:57:52,0.021136
2024-07-13 16:57:53,0.034376
2024-07-13 16:57:54,0.08352
2024-07-13 16:57:55,0.040856
2024-07-13 16:57:56,0.046024
2024-07-13 16:57:57,0.036472
2024-07-13 16:57:58,0.046992
2024-07-13 16:57:59,0.032432
2024-07-13 16:58:00,0.045112
2024-07-13 16:58:01,0.030552
2024-07-13 16:58:02,0.057504
2024-07-13 16:58:03,0.04972
2024-07-13 16:58:04,0.02732
2024-07-13 16:58:05,0.043176
2024-07-13 16:58:06,0.051608
2024-07-13 16:58:07,0.04812
2024-07-13 16:58:08,0.20168
2024-07-13 16:58:09,0.157384
2024-07-13 16:58:10,0.048648
2024-07-13 16:58:11,0.0682
2024-07-13 16:58:12,0.057392
2024-07-13 16:58:13,0.03088
2024-07-13 16:58:14,0.15948
2024-07-13 16:58:15,0.20268
2024-07-13 16:58:16,0.22536
2024-07-13 16:58:17,0.2358
2024-07-13 16:58:18,0.290128
2024-07-13 16:58:19,0.316584
2024-07-13 16:58:20,0.398472
2024-07-13 16:58:21,0.418168
2024-07-13 16:58:22,0.357432
2024-07-13 16:58:23,0.306872
2024-07-13 16:58:24,0.343248
2024-07-13 16:58:25,0.277488
2024-07-13 16:58:26,0.258776
2024-07-13 16:58:27,0.308904
2024-07-13 16:58:28,0.339096
2024-07-13 16:58:29,0.246032
2024-07-13 16:58:30,0.23228
2024-07-13 16:58:31,0.248736
2024-07-13 16:58:32,0.201128
2024-07-13 16:58:33,0.2556
2024-07-13 16:58:34,0.220472
2024-07-13 16:58:35,0.150576
2024-07-13 16:58:36,0.13816
2024-07-13 16:58:37,0.118888
2024-07-13 16:58:38,0.133264
2024-07-13 16:58:39,0.062544
2024-07-13 16:58:40,0.075368
2024-07-13 16:58:41,0.029104
2024-07-13 16:58:42,0.057936
2024-07-13 16:58:43,0.059584
2024-07-13 16:58:44,0.307976
2024-07-13 16:58:45,0.042168
2024-07-13 16:58:46,0.237816
2024-07-13 16:58:47,0.087344
2024-07-13 16:58:48,0.015136
2024-07-13 16:58:49,0.015576
2024-07-13 16:58:50,0.022136
2024-07-13 16:58:51,0.022488
2024-07-13 16:58:52,0.028608
2024-07-13 16:58:53,0.049288
2024-07-13 16:58:54,0.101792
2024-07-13 16:58:55,0.113024
2024-07-13 16:58:56,0.049784
2024-07-13 16:58:57,0.051016
2024-07-13 16:58:58,0.049952
2024-07-13 16:58:59,0.06236
2024-07-13 16:59:00,0.068032
2024-07-13 16:59:01,0.027368
2024-07-13 16:59:02,0.020096
2024-07-13 16:59:03,0.046808
2024-07-13 16:59:04,0.054104
2024-07-13 16:59:05,0.022592
2024-07-13 16:59:06,0.05924
2024-07-13 16:59:07,0.083624
2024-07-13 16:59:08,0.051608
2024-07-13 16:59:09,0.023064
2024-07-13 16:59:10,0.03244
2024-07-13 16:59:11,0.02388
2024-07-13 16:59:12,0.02132
2024-07-13 16:59:13,0.028336
2024-07-13 16:59:14,0.013736
2024-07-13 16:59:15,0.033952
2024-07-13 16:59:16,0.02472
2024-07-13 16:59:17,0.036976
2024-07-13 16:59:18,0.024096
2024-07-13 16:59:19,0.03316
2024-07-13 16:59:20,0.035232
2024-07-13 16:59:21,0.02372
2024-07-13 16:59:22,0.029712
2024-07-13 16:59:23,0.053072
2024-07-13 16:59:24,0.029688
2024-07-13 16:59:25,0.054984
2024-07-13 16:59:26,0.032608
2024-07-13 16:59:27,0.038984
2024-07-13 16:59:28,0.050304
2024-07-13 16:59:29,0.036576
2024-07-13 16:59:30,0.055928
2024-07-13 16:59:31,0.0462
2024-07-13 16:59:32,0.080544
2024-07-13 16:59:33,0.052144
2024-07-13 16:59:34,0.024872
2024-07-13 16:59:35,0.02784
2024-07-13 16:59:36,0.178488
2024-07-13 16:59:37,0.179608
2024-07-13 16:59:38,0.03812
2024-07-13 16:59:39,0.059104
2024-07-13 16:59:40,0.061224
2024-07-13 16:59:41,0.048696
2024-07-13 16:59:42,0.086816
2024-07-13 16:59:43,0.180832
2024-07-13 16:59:44,0.169576
2024-07-13 16:59:45,0.20704
2024-07-13 16:59:46,0.21384
2024-07-13 16:59:47,0.352104
2024-07-13 16:59:48,0.398496
2024-07-13 16:59:49,0.485448
2024-07-13 16:59:50,0.396248
2024-07-13 16:59:51,0.353512
2024-07-13 16:59:52,0.353176
2024-07-13 16:59:53,0.317368
2024-07-13 16:59:54,0.328384
2024-07-13 16:59:55,0.246896
2024-07-13 16:59:56,0.350312
2024-07-13 16:59:57,0.366904
2024-07-13 16:59:58,0.220728
2024-07-13 16:59:59,0.183056
2024-07-13 17:00:00,0.121928
2024-07-13 17:00:01,0.090928
2024-07-13 17:00:02,0.099048
2024-07-13 17:00:03,0.091184
2024-07-13 17:00:04,0.047048
2024-07-13 17:00:05,0.040912
2024-07-13 17:00:06,0.087808
2024-07-13 17:00:07,0.31368
2024-07-13 17:00:08,0.033544
2024-07-13 17:00:09,0.264528
2024-07-13 17:00:10,0.065616
2024-07-13 17:00:11,0.118048
2024-07-13 17:00:12,0.083928
2024-07-13 17:00:13,0.048128
2024-07-13 17:00:14,0.03316
2024-07-13 17:00:15,0.043752
2024-07-13 17:00:16,0.033088
2024-07-13 17:00:17,0.069616
2024-07-13 17:00:18,0.047672
2024-07-13 17:00:19,0.046272
2024-07-13 17:00:20,0.04056
2024-07-13 17:00:21,0.064552
2024-07-13 17:00:22,0.041032
2024-07-13 17:00:23,0.018576
2024-07-13 17:00:24,0.021672
2024-07-13 17:00:25,0.03712
2024-07-13 17:00:26,0.03528
2024-07-13 17:00:27,0.028936
2024-07-13 17:00:28,0.024576
2024-07-13 17:00:29,0.033496
2024-07-13 17:00:30,0.030712
2024-07-13 17:00:31,0.056376
2024-07-13 17:00:32,0.057552
2024-07-13 17:00:33,0.02676
2024-07-13 17:00:34,0.019416
2024-07-13 17:00:35,0.038624
2024-07-13 17:00:36,0.037984
2024-07-13 17:00:37,0.03672
2024-07-13 17:00:38,0.037344
2024-07-13 17:00:39,0.1854
2024-07-13 17:00:40,0.177504
2024-07-13 17:00:41,0.028008
2024-07-13 17:00:42,0.08188
2024-07-13 17:00:43,0.06748
2024-07-13 17:00:44,0.037896
2024-07-13 17:00:45,0.11572
2024-07-13 17:00:46,0.145024
2024-07-13 17:00:47,0.169584
2024-07-13 17:00:48,0.228816
2024-07-13 17:00:49,0.268368
2024-07-13 17:00:50,0.340016
2024-07-13 17:00:51,0.427424
2024-07-13 17:00:52,0.472672
2024-07-13 17:00:53,0.38228
2024-07-13 17:00:54,0.35636
2024-07-13 17:00:55,0.313888
2024-07-13 17:00:56,0.291544
2024-07-13 17:00:57,0.3042
2024-07-13 17:00:58,0.229896
2024-07-13 17:00:59,0.323472
2024-07-13 17:01:00,0.220808
2024-07-13 17:01:01,0.17216
2024-07-13 17:01:02,0.151032
2024-07-13 17:01:03,0.071248
2024-07-13 17:01:04,0.095672
2024-07-13 17:01:05,0.102744
2024-07-13 17:01:06,0.086696
2024-07-13 17:01:07,0.039624
2024-07-13 17:01:08,0.021912
2024-07-13 17:01:09,0.057464
2024-07-13 17:01:10,0.287472
2024-07-13 17:01:11,0.044864
2024-07-13 17:01:12,0.063864
2024-07-13 17:01:13,0.017736
2024-07-13 17:01:14,0.025472
2024-07-13 17:01:15,0.06844
2024-07-13 17:01:16,0.048
2024-07-13 17:01:17,0.041912
2024-07-13 17:01:18,0.034392
2024-07-13 17:01:19,0.024088
2024-07-13 17:01:20,0.01844
2024-07-13 17:01:21,0.029064
2024-07-13 17:01:22,0.022552
2024-07-13 17:01:23,0.019232
2024-07-13 17:01:24,0.032424
2024-07-13 17:01:25,0.033312
2024-07-13 17:01:26,0.033672
2024-07-13 17:01:27,0.05876
2024-07-13 17:01:28,0.033224
2024-07-13 17:01:29,0.038336
2024-07-13 17:01:30,0.057648
2024-07-13 17:01:31,0.055576
2024-07-13 17:01:32,0.056576
2024-07-13 17:01:33,0.068328
2024-07-13 17:01:34,0.045704
2024-07-13 17:01:35,0.057888
2024-07-13 17:01:36,0.052224
2024-07-13 17:01:37,0.056616
2024-07-13 17:01:38,0.042528
2024-07-13 17:01:39,0.051408
2024-07-13 17:01:40,0.054488
2024-07-13 17:01:41,0.053344
2024-07-13 17:01:42,0.046664
2024-07-13 17:01:43,0.050088
2024-07-13 17:01:44,0.051728
2024-07-13 17:01:45,0.038792
2024-07-13 17:01:46,0.041792
2024-07-13 17:01:47,0.03928
2024-07-13 17:01:48,0.088736
2024-07-13 17:01:49,0.02976
2024-07-13 17:01:50,0.095248
2024-07-13 17:01:51,0.089072
2024-07-13 17:01:52,0.148744
2024-07-13 17:01:53,0.095704
2024-07-13 17:01:54,0.055456
2024-07-13 17:01:55,0.036312
2024-07-13 17:01:56,0.046168
2024-07-13 17:01:57,0.057832
2024-07-13 17:01:58,0.044352
2024-07-13 17:01:59,0.042912
2024-07-13 17:02:00,0.047528
2024-07-13 17:02:01,0.072464
2024-07-13 17:02:02,0.034072
2024-07-13 17:02:03,0.059944
2024-07-13 17:02:04,0.044488
2024-07-13 17:02:05,0.04592
2024-07-13 17:02:06,0.061344
2024-07-13 17:02:07,0.042456
2024-07-13 17:02:08,0.028152
2024-07-13 17:02:09,0.027784
2024-07-13 17:02:10,0.015192
2024-07-13 17:02:11,0.037984
2024-07-13 17:02:12,0.018984
2024-07-13 17:02:13,0.045112
2024-07-13 17:02:14,0.038656
2024-07-13 17:02:15,0.0308
2024-07-13 17:02:16,0.022896
2024-07-13 17:02:17,0.022912
2024-07-13 17:02:18,0.023848
2024-07-13 17:02:19,0.024016
2024-07-13 17:02:20,0.169728
2024-07-13 17:02:21,0.107432
2024-07-13 17:02:22,0.138104
2024-07-13 17:02:23,0.01748
2024-07-13 17:02:24,0.079608
2024-07-13 17:02:25,0.036928
2024-07-13 17:02:26,0.018024
2024-07-13 17:02:27,0.153296
2024-07-13 17:02:28,0.148872
2024-07-13 17:02:29,0.15472
2024-07-13 17:02:30,0.247088
2024-07-13 17:02:31,0.36684
2024-07-13 17:02:32,0.387656
2024-07-13 17:02:33,0.444328
2024-07-13 17:02:34,0.431608
2024-07-13 17:02:35,0.332776
2024-07-13 17:02:36,0.282704
2024-07-13 17:02:37,0.221344
2024-07-13 17:02:38,0.33376
2024-07-13 17:02:39,0.307472
2024-07-13 17:02:40,0.26456
2024-07-13 17:02:41,0.37544
2024-07-13 17:02:42,0.297936
2024-07-13 17:02:43,0.208464
2024-07-13 17:02:44,0.193928
2024-07-13 17:02:45,0.269944
2024-07-13 17:02:46,0.204016
2024-07-13 17:02:47,0.163648
2024-07-13 17:02:48,0.137256
2024-07-13 17:02:49,0.093432
2024-07-13 17:02:50,0.099344
2024-07-13 17:02:51,0.058856
2024-07-13 17:02:52,0.06212
2024-07-13 17:02:53,0.03804
2024-07-13 17:02:54,0.057256
2024-07-13 17:02:55,0.057224
2024-07-13 17:02:56,0.05652
2024-07-13 17:02:57,0.058832
2024-07-13 17:02:58,0.04292
2024-07-13 17:02:59,0.030256
2024-07-13 17:03:00,0.021384
2024-07-13 17:03:01,0.066048
2024-07-13 17:03:02,0.299288
2024-07-13 17:03:03,0.032784
2024-07-13 17:03:04,0.227928
2024-07-13 17:03:05,0.052184
2024-07-13 17:03:06,0.11532
2024-07-13 17:03:07,0.09504
2024-07-13 17:03:08,0.049328
2024-07-13 17:03:09,0.05176
2024-07-13 17:03:10,0.055536
2024-07-13 17:03:11,0.051608
2024-07-13 17:03:12,0.058136
2024-07-13 17:03:13,0.03224
2024-07-13 17:03:14,0.029744
2024-07-13 17:03:15,0.049048
2024-07-13 17:03:16,0.051904
2024-07-13 17:03:17,0.047944
2024-07-13 17:03:18,0.04876
2024-07-13 17:03:19,0.02984
2024-07-13 17:03:20,0.026128
2024-07-13 17:03:21,0.03484
2024-07-13 17:03:22,0.038496
2024-07-13 17:03:23,0.026992
2024-07-13 17:03:24,0.023496
2024-07-13 17:03:25,0.028408
2024-07-13 17:03:26,0.025136
2024-07-13 17:03:27,0.013712
2024-07-13 17:03:28,0.030608
2024-07-13 17:03:29,0.014744
2024-07-13 17:03:30,0.018072
2024-07-13 17:03:31,0.015008
2024-07-13 17:03:32,0.026224
2024-07-13 17:03:33,0.02308
2024-07-13 17:03:34,0.207536
2024-07-13 17:03:35,0.13684
2024-07-13 17:03:36,0.031936
2024-07-13 17:03:37,0.049256
2024-07-13 17:03:38,0.053792
2024-07-13 17:03:39,0.036528
2024-07-13 17:03:40,0.085128
2024-07-13 17:03:41,0.145016
2024-07-13 17:03:42,0.133096
2024-07-13 17:03:43,0.17444
2024-07-13 17:03:44,0.294208
2024-07-13 17:03:45,0.363312
2024-07-13 17:03:46,0.442192
2024-07-13 17:03:47,0.485624
2024-07-13 17:03:48,0.471368
2024-07-13 17:03:49,0.344144
2024-07-13 17:03:50,0.369352
2024-07-13 17:03:51,0.339384
2024-07-13 17:03:52,0.29008
2024-07-13 17:03:53,0.305864
2024-07-13 17:03:54,0.237704
2024-07-13 17:03:55,0.256368
2024-07-13 17:03:56,0.35644
2024-07-13 17:03:57,0.389512
2024-07-13 17:03:58,0.362152
2024-07-13 17:03:59,0.265528
2024-07-13 17:04:00,0.241336
2024-07-13 17:04:01,0.246584
2024-07-13 17:04:02,0.183544
2024-07-13 17:04:03,0.15832
2024-07-13 17:04:04,0.166416
2024-07-13 17:04:05,0.169152
2024-07-13 17:04:06,0.07516
2024-07-13 17:04:07,0.015568
2024-07-13 17:04:08,0.07232
2024-07-13 17:04:09,0.291816
2024-07-13 17:04:10,0.036232
2024-07-13 17:04:11,0.34252
2024-07-13 17:04:12,0.058192
2024-07-13 17:04:13,0.056512
2024-07-13 17:04:14,0.036432
2024-07-13 17:04:15,0.0614
2024-07-13 17:04:16,0.054512
2024-07-13 17:04:17,0.032344
2024-07-13 17:04:18,0.067312
2024-07-13 17:04:19,0.034776
2024-07-13 17:04:20,0.0314
2024-07-13 17:04:21,0.047512
2024-07-13 17:04:22,0.040024
2024-07-13 17:04:23,0.026056
2024-07-13 17:04:24,0.025408
2024-07-13 17:04:25,0.02856
2024-07-13 17:04:26,0.01912
2024-07-13 17:04:27,0.025128
2024-07-13 17:04:28,0.019704
2024-07-13 17:04:29,0.01844
2024-07-13 17:04:30,0.019536
2024-07-13 17:04:31,0.150352
2024-07-13 17:04:32,0.04032
2024-07-13 17:04:33,0.0258
2024-07-13 17:04:34,0.127184
2024-07-13 17:04:35,0.142008
2024-07-13 17:04:36,0.14384
2024-07-13 17:04:37,0.196144
2024-07-13 17:04:38,0.31564
2024-07-13 17:04:39,0.28496
2024-07-13 17:04:40,0.38104
2024-07-13 17:04:41,0.419752
2024-07-13 17:04:42,0.293192
2024-07-13 17:04:43,0.256144
2024-07-13 17:04:44,0.265656
2024-07-13 17:04:45,0.122456
2024-07-13 17:04:46,0.10272
2024-07-13 17:04:47,0.288576
2024-07-13 17:04:48,0.1186
2024-07-13 17:04:49,0.15628
2024-07-13 17:04:50,0.041488
2024-07-13 17:04:51,0.040136
2024-07-13 17:04:52,0.023656
2024-07-13 17:04:53,0.035112
2024-07-13 17:04:54,0.019832
2024-07-13 17:04:55,0.027616
2024-07-13 17:04:56,0.036248
2024-07-13 17:04:57,0.037584
2024-07-13 17:04:58,0.03152
2024-07-13 17:04:59,0.020328
2024-07-13 17:05:00,0.03304
2024-07-13 17:05:01,0.034336
2024-07-13 17:05:02,0.016064
2024-07-13 17:05:03,0.050184
2024-07-13 17:05:04,0.023976
2024-07-13 17:05:05,0.042248
2024-07-13 17:05:06,0.037928
2024-07-13 17:05:07,0.031904
2024-07-13 17:05:08,0.035944
2024-07-13 17:05:09,0.041504
2024-07-13 17:05:10,0.041168
2024-07-13 17:05:11,0.034392
2024-07-13 17:05:12,0.029616
2024-07-13 17:05:13,0.02428
2024-07-13 17:05:14,0.030832
2024-07-13 17:05:15,0.051992
2024-07-13 17:05:16,0.041728
2024-07-13 17:05:17,0.051608
2024-07-13 17:05:18,0.23888
2024-07-13 17:05:19,0.148432
2024-07-13 17:05:20,0.037776
2024-07-13 17:05:21,0.068656
2024-07-13 17:05:22,0.05408
2024-07-13 17:05:23,0.050808
2024-07-13 17:05:24,0.13808
2024-07-13 17:05:25,0.154128
2024-07-13 17:05:26,0.18812
2024-07-13 17:05:27,0.242672
2024-07-13 17:05:28,0.315056
2024-07-13 17:05:29,0.379352
2024-07-13 17:05:30,0.502536
2024-07-13 17:05:31,0.457688
2024-07-13 17:05:32,0.396616
2024-07-13 17:05:33,0.365208
2024-07-13 17:05:34,0.285528
2024-07-13 17:05:35,0.398032
2024-07-13 17:05:36,0.319216
2024-07-13 17:05:37,0.334488
2024-07-13 17:05:38,0.327104
2024-07-13 17:05:39,0.402288
2024-07-13 17:05:40,0.395
2024-07-13 17:05:41,0.311528
2024-07-13 17:05:42,0.21572
2024-07-13 17:05:43,0.228992
2024-07-13 17:05:44,0.132776
2024-07-13 17:05:45,0.13228
2024-07-13 17:05:46,0.102432
2024-07-13 17:05:47,0.137168
2024-07-13 17:05:48,0.075888
2024-07-13 17:05:49,0.039064
2024-07-13 17:05:50,0.044656
2024-07-13 17:05:51,0.014288
2024-07-13 17:05:52,0.015728
2024-07-13 17:05:53,0.091952
2024-07-13 17:05:54,0.25692
2024-07-13 17:05:55,0.033592
2024-07-13 17:05:56,0.23108
2024-07-13 17:05:57,0.069776
2024-07-13 17:05:58,0.05488
2024-07-13 17:05:59,0.067728
2024-07-13 17:06:00,0.036848
2024-07-13 17:06:01,0.080064
2024-07-13 17:06:02,0.036248
2024-07-13 17:06:03,0.047936
2024-07-13 17:06:04,0.03604
2024-07-13 17:06:05,0.037312
2024-07-13 17:06:06,0.042728
2024-07-13 17:06:07,0.036488
2024-07-13 17:06:08,0.057032
2024-07-13 17:06:09,0.05952
2024-07-13 17:06:10,0.043952
2024-07-13 17:06:11,0.02808
2024-07-13 17:06:12,0.038616
2024-07-13 17:06:13,0.022632
2024-07-13 17:06:14,0.024888
2024-07-13 17:06:15,0.062288
2024-07-13 17:06:16,0.044944
2024-07-13 17:06:17,0.013248
2024-07-13 17:06:18,0.024912
2024-07-13 17:06:19,0.01908
2024-07-13 17:06:20,0.03736
2024-07-13 17:06:21,0.032264
2024-07-13 17:06:22,0.025664
2024-07-13 17:06:23,0.048776
2024-07-13 17:06:24,0.025896
2024-07-13 17:06:25,0.033368
2024-07-13 17:06:26,0.166312
2024-07-13 17:06:27,0.155128
2024-07-13 17:06:28,0.029432
2024-07-13 17:06:29,0.08596
2024-07-13 17:06:30,0.05716
2024-07-13 17:06:31,0.027408
2024-07-13 17:06:32,0.127648
2024-07-13 17:06:33,0.167784
2024-07-13 17:06:34,0.151488
2024-07-13 17:06:35,0.258576
2024-07-13 17:06:36,0.290592
2024-07-13 17:06:37,0.394936
2024-07-13 17:06:38,0.447744
2024-07-13 17:06:39,0.420864
2024-07-13 17:06:40,0.340416
2024-07-13 17:06:41,0.317648
2024-07-13 17:06:42,0.2884
2024-07-13 17:06:43,0.272016
2024-07-13 17:06:44,0.313392
2024-07-13 17:06:45,0.298152
2024-07-13 17:06:46,0.358464
2024-07-13 17:06:47,0.323984
2024-07-13 17:06:48,0.163072
2024-07-13 17:06:49,0.154216
2024-07-13 17:06:50,0.19716
2024-07-13 17:06:51,0.227568
2024-07-13 17:06:52,0.206432
2024-07-13 17:06:53,0.221992
2024-07-13 17:06:54,0.188592
2024-07-13 17:06:55,0.178208
2024-07-13 17:06:56,0.169536
2024-07-13 17:06:57,0.115824
2024-07-13 17:06:58,0.070336
2024-07-13 17:06:59,0.056992
2024-07-13 17:07:00,0.065752
2024-07-13 17:07:01,0.057896
2024-07-13 17:07:02,0.076696
2024-07-13 17:07:03,0.056648
2024-07-13 17:07:04,0.048984
2024-07-13 17:07:05,0.03996
2024-07-13 17:07:06,0.034392
2024-07-13 17:07:07,0.018088
2024-07-13 17:07:08,0.0178
2024-07-13 17:07:09,0.054792
2024-07-13 17:07:10,0.280816
2024-07-13 17:07:11,0.030848
2024-07-13 17:07:12,0.219328
2024-07-13 17:07:13,0.041696
2024-07-13 17:07:14,0.069336
2024-07-13 17:07:15,0.069904
2024-07-13 17:07:16,0.035232
2024-07-13 17:07:17,0.040864
2024-07-13 17:07:18,0.039024
2024-07-13 17:07:19,0.025824
2024-07-13 17:07:20,0.03668
2024-07-13 17:07:21,0.054192
2024-07-13 17:07:22,0.030064
2024-07-13 17:07:23,0.046056
2024-07-13 17:07:24,0.050144
2024-07-13 17:07:25,0.029056
2024-07-13 17:07:26,0.05636
2024-07-13 17:07:27,0.029104
2024-07-13 17:07:28,0.032576
2024-07-13 17:07:29,0.03388
2024-07-13 17:07:30,0.026744
2024-07-13 17:07:31,0.01472
2024-07-13 17:07:32,0.020552
2024-07-13 17:07:33,0.013736
2024-07-13 17:07:34,0.018136
2024-07-13 17:07:35,0.02844
2024-07-13 17:07:36,0.032176
2024-07-13 17:07:37,0.027496
2024-07-13 17:07:38,0.02152
2024-07-13 17:07:39,0.022128
2024-07-13 17:07:40,0.019752
2024-07-13 17:07:41,0.022128
2024-07-13 17:07:42,0.147184
2024-07-13 17:07:43,0.156464
2024-07-13 17:07:44,0.024032
2024-07-13 17:07:45,0.062296
2024-07-13 17:07:46,0.042736
2024-07-13 17:07:47,0.041584
2024-07-13 17:07:48,0.074624
2024-07-13 17:07:49,0.145656
2024-07-13 17:07:50,0.14932
2024-07-13 17:07:51,0.212064
2024-07-13 17:07:52,0.307192
2024-07-13 17:07:53,0.370784
2024-07-13 17:07:54,0.428248
2024-07-13 17:07:55,0.44164
2024-07-13 17:07:56,0.44896
2024-07-13 17:07:57,0.415664
2024-07-13 17:07:58,0.377248
2024-07-13 17:07:59,0.352016
2024-07-13 17:08:00,0.240784
2024-07-13 17:08:01,0.392656
2024-07-13 17:08:02,0.40012
2024-07-13 17:08:03,0.363784
2024-07-13 17:08:04,0.239744
2024-07-13 17:08:05,0.1726
2024-07-13 17:08:06,0.143056
2024-07-13 17:08:07,0.147552
2024-07-13 17:08:08,0.070576
2024-07-13 17:08:09,0.0718
2024-07-13 17:08:10,0.056144
2024-07-13 17:08:11,0.079832
2024-07-13 17:08:12,0.066256
2024-07-13 17:08:13,0.072368
2024-07-13 17:08:14,0.050096
2024-07-13 17:08:15,0.059912
2024-07-13 17:08:16,0.03844
2024-07-13 17:08:17,0.036832
2024-07-13 17:08:18,0.033992
2024-07-13 17:08:19,0.060432
2024-07-13 17:08:20,0.071728
2024-07-13 17:08:21,0.047896
2024-07-13 17:08:22,0.049176
2024-07-13 17:08:23,0.046416
2024-07-13 17:08:24,0.026464
2024-07-13 17:08:25,0.066456
2024-07-13 17:08:26,0.234608
2024-07-13 17:08:27,0.03188
2024-07-13 17:08:28,0.089384
2024-07-13 17:08:29,0.055048
2024-07-13 17:08:30,0.045688
2024-07-13 17:08:31,0.033512
2024-07-13 17:08:32,0.029576
2024-07-13 17:08:33,0.030464
2024-07-13 17:08:34,0.04784
2024-07-13 17:08:35,0.03996
2024-07-13 17:08:36,0.03712
2024-07-13 17:08:37,0.032272
2024-07-13 17:08:38,0.036864
2024-07-13 17:08:39,0.038912
2024-07-13 17:08:40,0.060664
2024-07-13 17:08:41,0.05548
2024-07-13 17:08:42,0.05392
2024-07-13 17:08:43,0.055808
2024-07-13 17:08:44,0.044192
2024-07-13 17:08:45,0.042312
2024-07-13 17:08:46,0.036104
2024-07-13 17:08:47,0.036144
2024-07-13 17:08:48,0.034976
2024-07-13 17:08:49,0.044952
2024-07-13 17:08:50,0.045296
2024-07-13 17:08:51,0.055168
2024-07-13 17:08:52,0.044632
2024-07-13 17:08:53,0.041288
2024-07-13 17:08:54,0.037224
2024-07-13 17:08:55,0.079896
2024-07-13 17:08:56,0.030736
2024-07-13 17:08:57,0.10916
2024-07-13 17:08:58,0.093216
2024-07-13 17:08:59,0.05652
2024-07-13 17:09:00,0.038328
2024-07-13 17:09:01,0.071576
2024-07-13 17:09:02,0.025304
2024-07-13 17:09:03,0.044368
2024-07-13 17:09:04,0.05048
2024-07-13 17:09:05,0.025256
2024-07-13 17:09:06,0.025696
2024-07-13 17:09:07,0.013864
2024-07-13 17:09:08,0.014144
2024-07-13 17:09:09,0.020168
2024-07-13 17:09:10,0.015344
2024-07-13 17:09:11,0.01068
2024-07-13 17:09:12,0.013056
2024-07-13 17:09:13,0.01068
2024-07-13 17:09:14,0.015664
2024-07-13 17:09:15,0.01068
2024-07-13 17:09:16,0.032
2024-07-13 17:09:17,0.01232
2024-07-13 17:09:18,0.015344
2024-07-13 17:09:19,0.01068
2024-07-13 17:09:20,0.01132
2024-07-13 17:09:21,0.021424
2024-07-13 17:09:22,0.027
2024-07-13 17:09:23,0.013544
2024-07-13 17:09:24,0.01068
2024-07-13 17:09:25,0.019712
2024-07-13 17:09:26,0.011344
2024-07-13 17:09:27,0.16688
2024-07-13 17:09:28,0.112104
2024-07-13 17:09:29,0.0344
2024-07-13 17:09:30,0.059848
2024-07-13 17:09:31,0.039688
2024-07-13 17:09:32,0.039488
2024-07-13 17:09:33,0.109608
2024-07-13 17:09:34,0.129456
2024-07-13 17:09:35,0.139464
2024-07-13 17:09:36,0.200328
2024-07-13 17:09:37,0.278216
2024-07-13 17:09:38,0.370552
2024-07-13 17:09:39,0.337536
2024-07-13 17:09:40,0.361432
2024-07-13 17:09:41,0.351552
2024-07-13 17:09:42,0.328208
2024-07-13 17:09:43,0.297488
2024-07-13 17:09:44,0.267632
2024-07-13 17:09:45,0.28532
2024-07-13 17:09:46,0.367088
2024-07-13 17:09:47,0.332976
2024-07-13 17:09:48,0.258952
2024-07-13 17:09:49,0.194184
2024-07-13 17:09:50,0.212536
2024-07-13 17:09:51,0.224168
2024-07-13 17:09:52,0.212048
2024-07-13 17:09:53,0.149168
2024-07-13 17:09:54,0.185688
2024-07-13 17:09:55,0.070952
2024-07-13 17:09:56,0.120368
2024-07-13 17:09:57,0.11772
2024-07-13 17:09:58,0.02556
2024-07-13 17:09:59,0.064568
2024-07-13 17:10:00,0.081864
2024-07-13 17:10:01,0.227472
2024-07-13 17:10:02,0.06784
2024-07-13 17:10:03,0.203744
2024-07-13 17:10:04,0.072576
2024-07-13 17:10:05,0.022288
2024-07-13 17:10:06,0.05644
2024-07-13 17:10:07,0.023264
2024-07-13 17:10:08,0.139096
2024-07-13 17:10:09,0.09964
2024-07-13 17:10:10,0.129144
2024-07-13 17:10:11,0.1182
2024-07-13 17:10:12,0.0678
2024-07-13 17:10:13,0.022304
2024-07-13 17:10:14,0.030968
2024-07-13 17:10:15,0.053704
2024-07-13 17:10:16,0.022808
2024-07-13 17:10:17,0.022944
2024-07-13 17:10:18,0.019144
2024-07-13 17:10:19,0.021152
2024-07-13 17:10:20,0.026144
2024-07-13 17:10:21,0.021864
2024-07-13 17:10:22,0.020864
2024-07-13 17:10:23,0.02072
2024-07-13 17:10:24,0.03932
2024-07-13 17:10:25,0.023544
2024-07-13 17:10:26,0.034872
2024-07-13 17:10:27,0.025672
2024-07-13 17:10:28,0.028104
2024-07-13 17:10:29,0.026344
2024-07-13 17:10:30,0.02508
2024-07-13 17:10:31,0.015408
2024-07-13 17:10:32,0.032184
2024-07-13 17:10:33,0.018224
2024-07-13 17:10:34,0.027848
2024-07-13 17:10:35,0.03556
2024-07-13 17:10:36,0.021488
2024-07-13 17:10:37,0.038096
2024-07-13 17:10:38,0.044016
2024-07-13 17:10:39,0.03264
2024-07-13 17:10:40,0.03636
2024-07-13 17:10:41,0.040032
2024-07-13 17:10:42,0.035712
2024-07-13 17:10:43,0.044304
2024-07-13 17:10:44,0.020784
2024-07-13 17:10:45,0.011808
2024-07-13 17:10:46,0.020304
2024-07-13 17:10:47,0.109584
2024-07-13 17:10:48,0.1228
2024-07-13 17:10:49,0.03876
2024-07-13 17:10:50,0.045656
2024-07-13 17:10:51,0.049352
2024-07-13 17:10:52,0.031912
2024-07-13 17:10:53,0.084488
2024-07-13 17:10:54,0.121344
2024-07-13 17:10:55,0.15184
2024-07-13 17:10:56,0.148472
2024-07-13 17:10:57,0.254968
2024-07-13 17:10:58,0.273896
2024-07-13 17:10:59,0.265872
2024-07-13 17:11:00,0.347632
2024-07-13 17:11:01,0.345368
2024-07-13 17:11:02,0.30448
2024-07-13 17:11:03,0.295816
2024-07-13 17:11:04,0.226664
2024-07-13 17:11:05,0.288968
2024-07-13 17:11:06,0.327312
2024-07-13 17:11:07,0.343336
2024-07-13 17:11:08,0.325896
2024-07-13 17:11:09,0.329384
2024-07-13 17:11:10,0.238344
2024-07-13 17:11:11,0.198688
2024-07-13 17:11:12,0.217656
2024-07-13 17:11:13,0.266424
2024-07-13 17:11:14,0.199328
2024-07-13 17:11:15,0.185624
2024-07-13 17:11:16,0.23008
2024-07-13 17:11:17,0.11428
2024-07-13 17:11:18,0.115632
2024-07-13 17:11:19,0.117064
2024-07-13 17:11:20,0.085584
2024-07-13 17:11:21,0.076256
2024-07-13 17:11:22,0.103248
2024-07-13 17:11:23,0.048952
2024-07-13 17:11:24,0.08352
2024-07-13 17:11:25,0.018344
2024-07-13 17:11:26,0.029184
2024-07-13 17:11:27,0.037208
2024-07-13 17:11:28,0.20532
2024-07-13 17:11:29,0.0456
2024-07-13 17:11:30,0.040272
2024-07-13 17:11:31,0.193816
2024-07-13 17:11:32,0.08128
2024-07-13 17:11:33,0.026312
2024-07-13 17:11:34,0.022232
2024-07-13 17:11:35,0.028504
2024-07-13 17:11:36,0.015912
2024-07-13 17:11:37,0.016936
2024-07-13 17:11:38,0.011184
2024-07-13 17:11:39,0.013056
2024-07-13 17:11:40,0.012768
2024-07-13 17:11:41,0.018128
2024-07-13 17:11:42,0.015752
2024-07-13 17:11:43,0.024032
2024-07-13 17:11:44,0.017224
2024-07-13 17:11:45,0.020776
2024-07-13 17:11:46,0.016416
2024-07-13 17:11:47,0.01684
2024-07-13 17:11:48,0.012176
2024-07-13 17:11:49,0.013056
2024-07-13 17:11:50,0.01068
2024-07-13 17:11:51,0.040176
2024-07-13 17:11:52,0.02404
2024-07-13 17:11:53,0.016432
2024-07-13 17:11:54,0.113672
2024-07-13 17:11:55,0.102568
2024-07-13 17:11:56,0.11504
2024-07-13 17:11:57,0.199064
2024-07-13 17:11:58,0.169712
2024-07-13 17:11:59,0.172632
2024-07-13 17:12:00,0.186408
2024-07-13 17:12:01,0.170776
2024-07-13 17:12:02,0.23152
2024-07-13 17:12:03,0.178072
2024-07-13 17:12:04,0.101824
2024-07-13 17:12:05,0.074256
2024-07-13 17:12:06,0.224072
2024-07-13 17:12:07,0.109544
2024-07-13 17:12:08,0.11532
2024-07-13 17:12:09,0.059552
2024-07-13 17:12:10,0.03116
2024-07-13 17:12:11,0.028312
2024-07-13 17:12:12,0.029832
2024-07-13 17:12:13,0.035016
2024-07-13 17:12:14,0.047432
2024-07-13 17:12:15,0.040216
2024-07-13 17:12:16,0.049136
2024-07-13 17:12:17,0.020384
2024-07-13 17:12:18,0.042928
2024-07-13 17:12:19,0.059456
2024-07-13 17:12:20,0.032096
2024-07-13 17:12:21,0.026056
2024-07-13 17:12:22,0.030952
2024-07-13 17:12:23,0.041392
2024-07-13 17:12:24,0.035896
2024-07-13 17:12:25,0.035152
2024-07-13 17:12:26,0.035912
2024-07-13 17:12:27,0.04284
2024-07-13 17:12:28,0.054192
2024-07-13 17:12:29,0.02208
2024-07-13 17:12:30,0.030576
2024-07-13 17:12:31,0.016272
2024-07-13 17:12:32,0.017456
2024-07-13 17:12:33,0.0154
2024-07-13 17:12:34,0.013056
2024-07-13 17:12:35,0.021968
2024-07-13 17:12:36,0.027104
2024-07-13 17:12:37,0.110256
2024-07-13 17:12:38,0.12292
2024-07-13 17:12:39,0.034288
2024-07-13 17:12:40,0.061584
2024-07-13 17:12:41,0.043288
2024-07-13 17:12:42,0.043528
2024-07-13 17:12:43,0.125096
2024-07-13 17:12:44,0.124008
2024-07-13 17:12:45,0.118496
2024-07-13 17:12:46,0.233888
2024-07-13 17:12:47,0.249656
2024-07-13 17:12:48,0.311528
2024-07-13 17:12:49,0.294088
2024-07-13 17:12:50,0.279008
2024-07-13 17:12:51,0.293448
2024-07-13 17:12:52,0.29552
2024-07-13 17:12:53,0.235392
2024-07-13 17:12:54,0.236864
2024-07-13 17:12:55,0.27216
2024-07-13 17:12:56,0.285728
2024-07-13 17:12:57,0.216048
2024-07-13 17:12:58,0.251088
2024-07-13 17:12:59,0.216544
2024-07-13 17:13:00,0.268624
2024-07-13 17:13:01,0.253104
2024-07-13 17:13:02,0.200936
2024-07-13 17:13:03,0.176192
2024-07-13 17:13:04,0.084872
2024-07-13 17:13:05,0.098032
2024-07-13 17:13:06,0.059976
2024-07-13 17:13:07,0.083536
2024-07-13 17:13:08,0.084792
2024-07-13 17:13:09,0.10296
2024-07-13 17:13:10,0.062176
2024-07-13 17:13:11,0.069048
2024-07-13 17:13:12,0.057592
2024-07-13 17:13:13,0.056536
2024-07-13 17:13:14,0.054448
2024-07-13 17:13:15,0.057856
2024-07-13 17:13:16,0.06124
2024-07-13 17:13:17,0.069056
2024-07-13 17:13:18,0.035296
2024-07-13 17:13:19,0.032568
2024-07-13 17:13:20,0.027864
2024-07-13 17:13:21,0.017456
2024-07-13 17:13:22,0.02552
2024-07-13 17:13:23,0.047912
2024-07-13 17:13:24,0.207968
2024-07-13 17:13:25,0.039536
2024-07-13 17:13:26,0.181944
2024-07-13 17:13:27,0.03464
2024-07-13 17:13:28,0.019992
2024-07-13 17:13:29,0.038424
2024-07-13 17:13:30,0.021568
2024-07-13 17:13:31,0.020176
2024-07-13 17:13:32,0.022848
2024-07-13 17:13:33,0.016232
2024-07-13 17:13:34,0.012968
2024-07-13 17:13:35,0.0162
2024-07-13 17:13:36,0.01068
2024-07-13 17:13:37,0.013624
2024-07-13 17:13:38,0.016504
2024-07-13 17:13:39,0.01068
2024-07-13 17:13:40,0.025072
2024-07-13 17:13:41,0.01068
2024-07-13 17:13:42,0.014856
2024-07-13 17:13:43,0.02496
2024-07-13 17:13:44,0.014456
2024-07-13 17:13:45,0.01068
2024-07-13 17:13:46,0.016216
2024-07-13 17:13:47,0.015144
2024-07-13 17:13:48,0.016072
2024-07-13 17:13:49,0.015856
2024-07-13 17:13:50,0.03104
2024-07-13 17:13:51,0.016008
2024-07-13 17:13:52,0.016152
2024-07-13 17:13:53,0.01068
2024-07-13 17:13:54,0.017856
2024-07-13 17:13:55,0.01068
2024-07-13 17:13:56,0.1132
2024-07-13 17:13:57,0.131608
2024-07-13 17:13:58,0.021456
2024-07-13 17:13:59,0.061776
2024-07-13 17:14:00,0.03564
2024-07-13 17:14:01,0.028616
2024-07-13 17:14:02,0.119552
2024-07-13 17:14:03,0.14968
2024-07-13 17:14:04,0.18596
2024-07-13 17:14:05,0.237512
2024-07-13 17:14:06,0.249544
2024-07-13 17:14:07,0.336512
2024-07-13 17:14:08,0.276056
2024-07-13 17:14:09,0.308696
2024-07-13 17:14:10,0.275008
2024-07-13 17:14:11,0.23496
2024-07-13 17:14:12,0.262072
2024-07-13 17:14:13,0.292944
2024-07-13 17:14:14,0.32008
2024-07-13 17:14:15,0.315336
2024-07-13 17:14:16,0.252368
2024-07-13 17:14:17,0.269152
2024-07-13 17:14:18,0.207912
2024-07-13 17:14:19,0.222336
2024-07-13 17:14:20,0.17864
2024-07-13 17:14:21,0.187248
2024-07-13 17:14:22,0.181768
2024-07-13 17:14:23,0.16108
2024-07-13 17:14:24,0.21904
2024-07-13 17:14:25,0.07088
2024-07-13 17:14:26,0.081312
2024-07-13 17:14:27,0.082352
2024-07-13 17:14:28,0.096496
2024-07-13 17:14:29,0.069784
2024-07-13 17:14:30,0.089448
2024-07-13 17:14:31,0.0862
2024-07-13 17:14:32,0.097208
2024-07-13 17:14:33,0.0342
2024-07-13 17:14:34,0.035744
2024-07-13 17:14:35,0.026192
2024-07-13 17:14:36,0.222704
2024-07-13 17:14:37,0.041736
2024-07-13 17:14:38,0.175744
2024-07-13 17:14:39,0.040592
2024-07-13 17:14:40,0.024304
2024-07-13 17:14:41,0.030464
2024-07-13 17:14:42,0.01912
2024-07-13 17:14:43,0.022072
2024-07-13 17:14:44,0.020808
2024-07-13 17:14:45,0.019944
2024-07-13 17:14:46,0.013824
2024-07-13 17:14:47,0.012008
2024-07-13 17:14:48,0.026792
2024-07-13 17:14:49,0.041296
2024-07-13 17:14:50,0.031944
2024-07-13 17:14:51,0.02208
2024-07-13 17:14:52,0.032264
2024-07-13 17:14:53,0.022176
2024-07-13 17:14:54,0.027
2024-07-13 17:14:55,0.019936
2024-07-13 17:14:56,0.02644
2024-07-13 17:14:57,0.03104
2024-07-13 17:14:58,0.036464
2024-07-13 17:14:59,0.016824
2024-07-13 17:15:00,0.035576
2024-07-13 17:15:01,0.023768
2024-07-13 17:15:02,0.031328
2024-07-13 17:15:03,0.0182
2024-07-13 17:15:04,0.052416
2024-07-13 17:15:05,0.029848
2024-07-13 17:15:06,0.023304
2024-07-13 17:15:07,0.016
2024-07-13 17:15:08,0.109792
2024-07-13 17:15:09,0.118624
2024-07-13 17:15:10,0.023392
2024-07-13 17:15:11,0.052808
2024-07-13 17:15:12,0.046688
2024-07-13 17:15:13,0.02636
2024-07-13 17:15:14,0.128448
2024-07-13 17:15:15,0.1464
2024-07-13 17:15:16,0.162688
2024-07-13 17:15:17,0.188096
2024-07-13 17:15:18,0.305744
2024-07-13 17:15:19,0.262856
2024-07-13 17:15:20,0.2816
2024-07-13 17:15:21,0.307312
2024-07-13 17:15:22,0.328168
2024-07-13 17:15:23,0.270792
2024-07-13 17:15:24,0.31128
2024-07-13 17:15:25,0.247152
2024-07-13 17:15:26,0.279304
2024-07-13 17:15:27,0.232624
2024-07-13 17:15:28,0.29912
2024-07-13 17:15:29,0.236688
2024-07-13 17:15:30,0.252992
2024-07-13 17:15:31,0.161176
2024-07-13 17:15:32,0.247792
2024-07-13 17:15:33,0.241104
2024-07-13 17:15:34,0.17856
2024-07-13 17:15:35,0.208808
2024-07-13 17:15:36,0.176552
2024-07-13 17:15:37,0.162576
2024-07-13 17:15:38,0.172352
2024-07-13 17:15:39,0.19436
2024-07-13 17:15:40,0.192168
2024-07-13 17:15:41,0.238928
2024-07-13 17:15:42,0.237432
2024-07-13 17:15:43,0.199248
2024-07-13 17:15:44,0.253008
2024-07-13 17:15:45,0.04308
2024-07-13 17:15:46,0.067944
2024-07-13 17:15:47,0.04348
2024-07-13 17:15:48,0.154816
2024-07-13 17:15:49,0.051192
2024-07-13 17:15:50,0.035736
2024-07-13 17:15:51,0.097944
2024-07-13 17:15:52,0.045624
2024-07-13 17:15:53,0.034776
2024-07-13 17:15:54,0.03268
2024-07-13 17:15:55,0.02428
2024-07-13 17:15:56,0.02588
2024-07-13 17:15:57,0.039336
2024-07-13 17:15:58,0.040416
2024-07-13 17:15:59,0.04992
2024-07-13 17:16:00,0.048056
2024-07-13 17:16:01,0.047368
2024-07-13 17:16:02,0.05068
2024-07-13 17:16:03,0.05292
2024-07-13 17:16:04,0.044424
2024-07-13 17:16:05,0.045528
2024-07-13 17:16:06,0.047288
2024-07-13 17:16:07,0.047168
2024-07-13 17:16:08,0.04352
2024-07-13 17:16:09,0.035336
2024-07-13 17:16:10,0.037392
2024-07-13 17:16:11,0.038024
2024-07-13 17:16:12,0.053568
2024-07-13 17:16:13,0.03104
2024-07-13 17:16:14,0.096656
2024-07-13 17:16:15,0.037224
2024-07-13 17:16:16,0.035272
2024-07-13 17:16:17,0.05496
2024-07-13 17:16:18,0.01624
2024-07-13 17:16:19,0.024936
2024-07-13 17:16:20,0.036208
2024-07-13 17:16:21,0.036664
2024-07-13 17:16:22,0.0244
2024-07-13 17:16:23,0.027992
2024-07-13 17:16:24,0.017464
2024-07-13 17:16:25,0.025792
2024-07-13 17:16:26,0.025968
2024-07-13 17:16:27,0.023144
2024-07-13 17:16:28,0.01068
2024-07-13 17:16:29,0.016208
2024-07-13 17:16:30,0.02068
2024-07-13 17:16:31,0.025384
2024-07-13 17:16:32,0.017816
2024-07-13 17:16:33,0.01068
2024-07-13 17:16:34,0.02128
2024-07-13 17:16:35,0.021792
2024-07-13 17:16:36,0.015024
2024-07-13 17:16:37,0.02192
2024-07-13 17:16:38,0.022304
2024-07-13 17:16:39,0.016232
2024-07-13 17:16:40,0.01836
2024-07-13 17:16:41,0.013728
2024-07-13 17:16:42,0.015288
2024-07-13 17:16:43,0.012904
2024-07-13 17:16:44,0.1414
2024-07-13 17:16:45,0.068904
2024-07-13 17:16:46,0.020992
2024-07-13 17:16:47,0.0458
2024-07-13 17:16:48,0.024416
2024-07-13 17:16:49,0.02116
2024-07-13 17:16:50,0.102984
2024-07-13 17:16:51,0.166056
2024-07-13 17:16:52,0.224688
2024-07-13 17:16:53,0.277048
2024-07-13 17:16:54,0.30372
2024-07-13 17:16:55,0.334064
2024-07-13 17:16:56,0.375696
2024-07-13 17:16:57,0.390904
2024-07-13 17:16:58,0.377368
2024-07-13 17:16:59,0.358656
2024-07-13 17:17:00,0.327712
2024-07-13 17:17:01,0.294552
2024-07-13 17:17:02,0.403616
2024-07-13 17:17:03,0.364696
2024-07-13 17:17:04,0.285328
2024-07-13 17:17:05,0.28312
2024-07-13 17:17:06,0.245928
2024-07-13 17:17:07,0.23184
2024-07-13 17:17:08,0.269056
2024-07-13 17:17:09,0.155216
2024-07-13 17:17:10,0.281016
2024-07-13 17:17:11,0.321976
2024-07-13 17:17:12,0.105816
2024-07-13 17:17:13,0.046952
2024-07-13 17:17:14,0.046168
2024-07-13 17:17:15,0.036896
2024-07-13 17:17:16,0.170704
2024-07-13 17:17:17,0.034368
2024-07-13 17:17:18,0.151536
2024-07-13 17:17:19,0.052672
2024-07-13 17:17:20,0.022248
2024-07-13 17:17:21,0.013848
2024-07-13 17:17:22,0.012112
2024-07-13 17:17:23,0.022896
2024-07-13 17:17:24,0.013584
2024-07-13 17:17:25,0.013544
2024-07-13 17:17:26,0.017536
2024-07-13 17:17:27,0.031032
2024-07-13 17:17:28,0.01384
2024-07-13 17:17:29,0.015256
2024-07-13 17:17:30,0.017512
2024-07-13 17:17:31,0.020728
2024-07-13 17:17:32,0.0138
2024-07-13 17:17:33,0.018504
2024-07-13 17:17:34,0.01068
2024-07-13 17:17:35,0.013056
2024-07-13 17:17:36,0.026568
2024-07-13 17:17:37,0.018768
2024-07-13 17:17:38,0.013008
2024-07-13 17:17:39,0.027728
2024-07-13 17:17:40,0.026224
2024-07-13 17:17:41,0.013296
2024-07-13 17:17:42,0.021912
2024-07-13 17:17:43,0.024696
2024-07-13 17:17:44,0.013056
2024-07-13 17:17:45,0.024672
2024-07-13 17:17:46,0.022776
2024-07-13 17:17:47,0.0176
2024-07-13 17:17:48,0.162824
2024-07-13 17:17:49,0.087992
2024-07-13 17:17:50,0.023704
2024-07-13 17:17:51,0.050456
2024-07-13 17:17:52,0.021056
2024-07-13 17:17:53,0.012248
2024-07-13 17:17:54,0.095304
2024-07-13 17:17:55,0.15464
2024-07-13 17:17:56,0.166592
2024-07-13 17:17:57,0.287952
2024-07-13 17:17:58,0.247288
2024-07-13 17:17:59,0.23152
2024-07-13 17:18:00,0.225328
2024-07-13 17:18:01,0.280376
2024-07-13 17:18:02,0.292016
2024-07-13 17:18:03,0.239472
2024-07-13 17:18:04,0.226944
2024-07-13 17:18:05,0.209656
2024-07-13 17:18:06,0.280232
2024-07-13 17:18:07,0.254168
2024-07-13 17:18:08,0.231016
2024-07-13 17:18:09,0.21092
2024-07-13 17:18:10,0.241456
2024-07-13 17:18:11,0.219408
2024-07-13 17:18:12,0.232632
2024-07-13 17:18:13,0.152632
2024-07-13 17:18:14,0.12288
2024-07-13 17:18:15,0.146016
2024-07-13 17:18:16,0.102984
2024-07-13 17:18:17,0.033768
2024-07-13 17:18:18,0.146856
2024-07-13 17:18:19,0.030616
2024-07-13 17:18:20,0.048616
2024-07-13 17:18:21,0.006224
2024-07-13 17:19:53,0.24292
2024-07-13 17:19:54,0.004568
2024-07-13 17:19:55,0.006552
2024-07-13 17:19:56,0.048456
2024-07-13 17:19:57,0.013584
2024-07-13 17:19:58,0.371744
2024-07-13 17:19:59,0.078224
2024-07-13 17:20:00,0.025192
2024-07-13 17:20:01,0.024392
2024-07-13 17:20:02,0.023712
2024-07-13 17:20:03,0.027568
2024-07-13 17:20:04,0.037536
2024-07-13 17:20:05,0.05712
2024-07-13 17:20:06,0.025016
2024-07-13 17:20:07,0.030376
2024-07-13 17:20:08,0.028848
2024-07-13 17:20:09,0.030704
2024-07-13 17:20:10,0.035968
2024-07-13 17:20:11,0.033384
2024-07-13 17:20:12,0.04672
2024-07-13 17:20:13,0.03012
2024-07-13 17:20:14,0.026568
2024-07-13 17:20:15,0.028816
2024-07-13 17:20:16,0.01908
2024-07-13 17:20:17,0.02176
2024-07-13 17:20:18,0.019496
2024-07-13 17:20:19,0.021048
2024-07-13 17:20:20,0.017592
2024-07-13 17:20:21,0.018952
2024-07-13 17:20:22,0.015496
2024-07-13 17:20:23,0.017848
2024-07-13 17:20:24,0.016696
2024-07-13 17:20:25,0.018752
2024-07-13 17:20:26,0.016584
2024-07-13 17:20:27,0.020752
2024-07-13 17:20:28,0.017528
2024-07-13 17:20:29,0.023048
2024-07-13 17:20:30,0.020592
2024-07-13 17:20:31,0.022464
2024-07-13 17:20:32,0.020592
2024-07-13 17:20:33,0.020952
2024-07-13 17:20:34,0.018592
2024-07-13 17:20:35,0.021952
2024-07-13 17:20:36,0.018592
2024-07-13 17:20:37,0.019856
2024-07-13 17:20:38,0.016496
2024-07-13 17:20:39,0.019952
2024-07-13 17:20:40,0.016592
2024-07-13 17:20:41,0.018352
2024-07-13 17:20:42,0.018592
2024-07-13 17:20:43,0.01792
2024-07-13 17:20:44,0.015552
2024-07-13 17:20:45,0.018952
2024-07-13 17:20:46,0.01656
2024-07-13 17:20:47,0.020952
2024-07-13 17:20:48,0.019592
2024-07-13 17:20:49,0.021856
2024-07-13 17:20:50,0.020592
2024-07-13 17:20:51,0.022952
2024-07-13 17:20:52,0.032464
2024-07-13 17:20:53,0.020664
2024-07-13 17:20:54,0.017304
2024-07-13 17:20:55,0.104872
2024-07-13 17:20:56,0.013632
2024-07-13 17:20:57,0.005608
2024-07-13 17:20:58,0.003552
2024-07-13 17:20:59,0.0072
2024-07-13 17:21:00,0.0232
2024-07-13 17:21:01,0.010768
2024-07-13 17:21:02,0.00344
2024-07-13 17:21:03,0.007928
2024-07-13 17:21:04,0.003248
2024-07-13 17:21:05,0.01496
2024-07-13 17:21:06,0.004016
2024-07-13 17:21:07,0.007352
2024-07-13 17:21:08,0.012104
2024-07-13 17:21:09,0.013136
2024-07-13 17:21:10,0.00732
2024-07-13 17:21:11,0.017288
2024-07-13 17:21:12,0.006224
2024-07-13 17:21:13,0.009136
2024-07-13 17:21:14,0.006296
2024-07-13 17:21:15,0.010856
2024-07-13 17:21:16,0.002216
2024-07-13 17:21:17,0.004576
2024-07-13 17:21:18,0.002216
2024-07-13 17:21:19,0.004576
2024-07-13 17:21:20,0.002216
2024-07-13 17:21:21,0.006856
2024-07-13 17:21:22,0.014208
2024-07-13 17:21:23,0.020736
2024-07-13 17:21:24,0.019144
2024-07-13 17:21:25,0.02072
2024-07-13 17:21:26,0.019776
2024-07-13 17:21:27,0.012768
2024-07-13 17:21:28,0.013248
2024-07-13 17:21:29,0.013536
2024-07-13 17:21:30,0.01456
2024-07-13 17:21:31,0.031536
2024-07-13 17:21:32,0.018992
2024-07-13 17:21:33,0.07668
2024-07-13 17:21:34,0.065384
2024-07-13 17:21:35,0.062712
2024-07-13 17:21:36,0.013272
2024-07-13 17:21:37,0.010232
2024-07-13 17:21:38,0.005832
2024-07-13 17:21:39,0.087824
2024-07-13 17:21:40,0.015184
2024-07-13 17:21:41,0.017432
2024-07-13 17:21:42,0.017936
2024-07-13 17:21:43,0.053784
2024-07-13 17:21:44,0.05664
2024-07-13 17:21:45,0.05176
2024-07-13 17:21:46,0.0478
2024-07-13 17:21:47,0.053968
2024-07-13 17:21:48,0.062664
2024-07-13 17:21:49,0.064696
2024-07-13 17:21:50,0.056576
2024-07-13 17:21:51,0.09052
2024-07-13 17:21:52,0.089728
2024-07-13 17:21:53,0.09288
2024-07-13 17:21:54,0.057296
2024-07-13 17:21:55,0.066584
2024-07-13 17:21:56,0.05988
2024-07-13 17:21:57,0.059664
2024-07-13 17:21:58,0.052528
2024-07-13 17:21:59,0.045072
2024-07-13 17:22:00,0.038712
2024-07-13 17:22:01,0.043
2024-07-13 17:22:02,0.077728
2024-07-13 17:22:03,0.150712
2024-07-13 17:22:04,0.04452
2024-07-13 17:22:05,0.040888
2024-07-13 17:22:06,0.03492
2024-07-13 17:22:07,0.045248
2024-07-13 17:22:08,0.044216
2024-07-13 17:22:09,0.061008
2024-07-13 17:22:10,0.058312
2024-07-13 17:22:11,0.03992
2024-07-13 17:22:12,0.049472
2024-07-13 17:22:13,0.02004
2024-07-13 17:22:14,0.036808
2024-07-13 17:22:15,0.025464
2024-07-13 17:22:16,0.011952
2024-07-13 17:22:17,0.032112
2024-07-13 17:22:18,0.106832
2024-07-13 17:22:19,0.042744
2024-07-13 17:22:20,0.02836
2024-07-13 17:22:21,0.016768
2024-07-13 17:22:22,0.062464
2024-07-13 17:22:23,0.068672
2024-07-13 17:22:24,0.06456
2024-07-13 17:22:25,0.063968
2024-07-13 17:22:26,0.079608
2024-07-13 17:22:27,0.090528
2024-07-13 17:22:28,0.126888
2024-07-13 17:22:29,0.108728
2024-07-13 17:22:30,0.09908
2024-07-13 17:22:31,0.110976
2024-07-13 17:22:32,0.082168
2024-07-13 17:22:33,0.082328
2024-07-13 17:22:34,0.06772
2024-07-13 17:22:35,0.057648
2024-07-13 17:22:36,0.067576
2024-07-13 17:22:37,0.037096
2024-07-13 17:22:38,0.019616
2024-07-13 17:22:39,0.029752
2024-07-13 17:22:40,0.023856
2024-07-13 17:22:41,0.01196
2024-07-13 17:22:42,0.07096
2024-07-13 17:22:43,0.183728
2024-07-13 17:22:44,0.059616
2024-07-13 17:22:45,0.044832
2024-07-13 17:22:46,0.025504
2024-07-13 17:22:47,0.016872
2024-07-13 17:22:48,0.017608
2024-07-13 17:22:49,0.0306
2024-07-13 17:22:50,0.04728
2024-07-13 17:22:51,0.06176
2024-07-13 17:22:52,0.031024
2024-07-13 17:22:53,0.035144
2024-07-13 17:22:54,0.04364
2024-07-13 17:22:55,0.04536
2024-07-13 17:22:56,0.024912
2024-07-13 17:22:57,0.027432
2024-07-13 17:22:58,0.026336
2024-07-13 17:22:59,0.030968
2024-07-13 17:23:00,0.025216
2024-07-13 17:23:01,0.028952
2024-07-13 17:23:02,0.019456
2024-07-13 17:23:03,0.136184
2024-07-13 17:23:04,0.03496
2024-07-13 17:23:05,0.03452
2024-07-13 17:23:06,0.07716
2024-07-13 17:23:07,0.072624
2024-07-13 17:23:08,0.063208
2024-07-13 17:23:09,0.100512
2024-07-13 17:23:10,0.117288
2024-07-13 17:23:11,0.141856
2024-07-13 17:23:12,0.159032
2024-07-13 17:23:13,0.137976
2024-07-13 17:23:14,0.090576
2024-07-13 17:23:15,0.087424
2024-07-13 17:23:16,0.057904
2024-07-13 17:23:17,0.052672
2024-07-13 17:23:18,0.04272
2024-07-13 17:23:19,0.054528
2024-07-13 17:23:20,0.040168
2024-07-13 17:23:21,0.033184
2024-07-13 17:23:22,0.109536
2024-07-13 17:23:23,0.072144
2024-07-13 17:23:24,0.06996
2024-07-13 17:23:25,0.016496
2024-07-13 17:23:26,0.01304
2024-07-13 17:23:27,0.01068
2024-07-13 17:23:28,0.01304
2024-07-13 17:23:29,0.015072
2024-07-13 17:23:30,0.01304
2024-07-13 17:23:31,0.018616
2024-07-13 17:23:32,0.018424
2024-07-13 17:23:33,0.056552
2024-07-13 17:23:34,0.05636
2024-07-13 17:23:35,0.047232
2024-07-13 17:23:36,0.06052
2024-07-13 17:23:37,0.055344
2024-07-13 17:23:38,0.039464
2024-07-13 17:23:39,0.023728
2024-07-13 17:23:40,0.030504
2024-07-13 17:23:41,0.036672
2024-07-13 17:23:42,0.036096
2024-07-13 17:23:43,0.030112
2024-07-13 17:23:44,0.026544
2024-07-13 17:23:45,0.033536
2024-07-13 17:23:46,0.034576
2024-07-13 17:23:47,0.028008
2024-07-13 17:23:48,0.025144
2024-07-13 17:23:49,0.025528
2024-07-13 17:23:50,0.03964
2024-07-13 17:23:51,0.037984
2024-07-13 17:23:52,0.025832
2024-07-13 17:23:53,0.017064
2024-07-13 17:23:54,0.011168
2024-07-13 17:23:55,0.022768
2024-07-13 17:23:56,0.031768
2024-07-13 17:23:57,0.024952
2024-07-13 17:23:58,0.015344
2024-07-13 17:23:59,0.013944
2024-07-13 17:24:00,0.03224
2024-07-13 17:24:01,0.021976
2024-07-13 17:24:02,0.031008
2024-07-13 17:24:03,0.01792
2024-07-13 17:24:04,0.026184
2024-07-13 17:24:05,0.019424
2024-07-13 17:24:06,0.032176
2024-07-13 17:24:07,0.029816
2024-07-13 17:24:08,0.035136
2024-07-13 17:24:09,0.031688
2024-07-13 17:24:10,0.04844
2024-07-13 17:24:11,0.01876
2024-07-13 17:24:12,0.044904
2024-07-13 17:24:13,0.168152
2024-07-13 17:24:14,0.139112
2024-07-13 17:24:15,0.056864
2024-07-13 17:24:16,0.111096
2024-07-13 17:24:17,0.060136
2024-07-13 17:24:18,0.034064
2024-07-13 17:24:19,0.086384
2024-07-13 17:24:20,0.064264
2024-07-13 17:24:21,0.084032
2024-07-13 17:24:22,0.081216
2024-07-13 17:24:23,0.105664
2024-07-13 17:24:24,0.114912
2024-07-13 17:24:25,0.094952
2024-07-13 17:24:26,0.081024
2024-07-13 17:24:27,0.0936
2024-07-13 17:24:28,0.095992
2024-07-13 17:24:29,0.070904
2024-07-13 17:24:30,0.070872
2024-07-13 17:24:31,0.075224
2024-07-13 17:24:32,0.068384
2024-07-13 17:24:33,0.063112
2024-07-13 17:24:34,0.068288
2024-07-13 17:24:35,0.083304
2024-07-13 17:24:36,0.079264
2024-07-13 17:24:37,0.061152
2024-07-13 17:24:38,0.072448
2024-07-13 17:24:39,0.07448
2024-07-13 17:24:40,0.063224
2024-07-13 17:24:41,0.066576
2024-07-13 17:24:42,0.061368
2024-07-13 17:24:43,0.052232
2024-07-13 17:24:44,0.061048
2024-07-13 17:24:45,0.049344
2024-07-13 17:24:46,0.034456
2024-07-13 17:24:47,0.053936
2024-07-13 17:24:48,0.047896
2024-07-13 17:24:49,0.057024
2024-07-13 17:24:50,0.031568
2024-07-13 17:24:51,0.034616
2024-07-13 17:24:52,0.225248
2024-07-13 17:24:53,0.058656
2024-07-13 17:24:54,0.033512
2024-07-13 17:24:55,0.14856
2024-07-13 17:24:56,0.039368
2024-07-13 17:24:57,0.040424
2024-07-13 17:24:58,0.066968
2024-07-13 17:24:59,0.05544
2024-07-13 17:25:00,0.02852
2024-07-13 17:25:01,0.054632
2024-07-13 17:25:02,0.057464
2024-07-13 17:25:03,0.018088
2024-07-13 17:25:04,0.01828
2024-07-13 17:25:05,0.020376
2024-07-13 17:25:06,0.019264
2024-07-13 17:25:07,0.06764
2024-07-13 17:25:08,0.042792
2024-07-13 17:25:09,0.052112
2024-07-13 17:25:10,0.0394
2024-07-13 17:25:11,0.046664
2024-07-13 17:25:12,0.029144
2024-07-13 17:25:13,0.034632
2024-07-13 17:25:14,0.050824
2024-07-13 17:25:15,0.041632
2024-07-13 17:25:16,0.035096
2024-07-13 17:25:17,0.029088
2024-07-13 17:25:18,0.017216
2024-07-13 17:25:19,0.035848
2024-07-13 17:25:20,0.033496
2024-07-13 17:25:21,0.015664
2024-07-13 17:25:22,0.011808
2024-07-13 17:25:23,0.028752
2024-07-13 17:25:24,0.041576
2024-07-13 17:25:25,0.141576
2024-07-13 17:25:26,0.095776
2024-07-13 17:25:27,0.026368
2024-07-13 17:25:28,0.05644
2024-07-13 17:25:29,0.04608
2024-07-13 17:25:30,0.014288
2024-07-13 17:25:31,0.08164
2024-07-13 17:25:32,0.077288
2024-07-13 17:25:33,0.083912
2024-07-13 17:25:34,0.084888
2024-07-13 17:25:35,0.129144
2024-07-13 17:25:36,0.1116
2024-07-13 17:25:37,0.130648
2024-07-13 17:25:38,0.157592
2024-07-13 17:25:39,0.146088
2024-07-13 17:25:40,0.139856
2024-07-13 17:25:41,0.119232
2024-07-13 17:25:42,0.103736
2024-07-13 17:25:43,0.102552
2024-07-13 17:25:44,0.108088
2024-07-13 17:25:45,0.084856
2024-07-13 17:25:46,0.079968
2024-07-13 17:25:47,0.093896
2024-07-13 17:25:48,0.091576
2024-07-13 17:25:49,0.078368
2024-07-13 17:25:50,0.07044
2024-07-13 17:25:51,0.063776
2024-07-13 17:25:52,0.071144
2024-07-13 17:25:53,0.051176
2024-07-13 17:25:54,0.039472
2024-07-13 17:25:55,0.037088
2024-07-13 17:25:56,0.048536
2024-07-13 17:25:57,0.041032
2024-07-13 17:25:58,0.045816
2024-07-13 17:25:59,0.035832
2024-07-13 17:26:00,0.024704
2024-07-13 17:26:01,0.028904
2024-07-13 17:26:02,0.046408
2024-07-13 17:26:03,0.033016
2024-07-13 17:26:04,0.036936
2024-07-13 17:26:05,0.05204
2024-07-13 17:26:06,0.029
2024-07-13 17:26:07,0.049632
2024-07-13 17:26:08,0.21464
2024-07-13 17:26:09,0.035184
2024-07-13 17:26:10,0.189072
2024-07-13 17:26:11,0.070504
2024-07-13 17:26:12,0.085784
2024-07-13 17:26:13,0.048128
2024-07-13 17:26:14,0.038064
2024-07-13 17:26:15,0.030112
2024-07-13 17:26:16,0.039536
2024-07-13 17:26:17,0.025176
2024-07-13 17:26:18,0.02952
2024-07-13 17:26:19,0.030608
2024-07-13 17:26:20,0.059808
2024-07-13 17:26:21,0.0542
2024-07-13 17:26:22,0.037648
2024-07-13 17:26:23,0.041056
2024-07-13 17:26:24,0.08488
2024-07-13 17:26:25,0.057424
2024-07-13 17:26:26,0.065392
2024-07-13 17:26:27,0.065248
2024-07-13 17:26:28,0.0472
2024-07-13 17:26:29,0.064928
2024-07-13 17:26:30,0.055544
2024-07-13 17:26:31,0.042216
2024-07-13 17:26:32,0.060608
2024-07-13 17:26:33,0.055864
2024-07-13 17:26:34,0.053456
2024-07-13 17:26:35,0.064424
2024-07-13 17:26:36,0.035144
2024-07-13 17:26:37,0.024744
2024-07-13 17:26:38,0.028904
2024-07-13 17:26:39,0.051368
2024-07-13 17:26:40,0.036976
2024-07-13 17:26:41,0.02208
2024-07-13 17:26:42,0.0312
2024-07-13 17:26:43,0.03636
2024-07-13 17:26:44,0.037368
2024-07-13 17:26:45,0.021608
2024-07-13 17:26:46,0.01068
2024-07-13 17:26:47,0.018352
2024-07-13 17:26:48,0.03464
2024-07-13 17:26:49,0.034216
2024-07-13 17:26:50,0.044648
2024-07-13 17:26:51,0.035952
2024-07-13 17:26:52,0.026928
2024-07-13 17:26:53,0.028288
2024-07-13 17:26:54,0.136792
2024-07-13 17:26:55,0.109264
2024-07-13 17:26:56,0.019864
2024-07-13 17:26:57,0.048504
2024-07-13 17:26:58,0.033616
2024-07-13 17:26:59,0.025512
2024-07-13 17:27:00,0.066192
2024-07-13 17:27:01,0.100648
2024-07-13 17:27:02,0.125272
2024-07-13 17:27:03,0.141472
2024-07-13 17:27:04,0.155176
2024-07-13 17:27:05,0.13216
2024-07-13 17:27:06,0.140912
2024-07-13 17:27:07,0.154704
2024-07-13 17:27:08,0.173304
2024-07-13 17:27:09,0.133576
2024-07-13 17:27:10,0.150056
2024-07-13 17:27:11,0.109904
2024-07-13 17:27:12,0.115368
2024-07-13 17:27:13,0.121944
2024-07-13 17:27:14,0.10332
2024-07-13 17:27:15,0.09736
2024-07-13 17:27:16,0.15104
2024-07-13 17:27:17,0.121176
2024-07-13 17:27:18,0.103448
2024-07-13 17:27:19,0.076256
2024-07-13 17:27:20,0.095824
2024-07-13 17:27:21,0.119512
2024-07-13 17:27:22,0.049272
2024-07-13 17:27:23,0.062472
2024-07-13 17:27:24,0.042872
2024-07-13 17:27:25,0.065496
2024-07-13 17:27:26,0.049384
2024-07-13 17:27:27,0.041264
2024-07-13 17:27:28,0.039968
2024-07-13 17:27:29,0.037056
2024-07-13 17:27:30,0.09184
2024-07-13 17:27:31,0.042624
2024-07-13 17:27:32,0.028392
2024-07-13 17:27:33,0.042
2024-07-13 17:27:34,0.030192
2024-07-13 17:27:35,0.054888
2024-07-13 17:27:36,0.236424
2024-07-13 17:27:37,0.033064
2024-07-13 17:27:38,0.092776
2024-07-13 17:27:39,0.061464
2024-07-13 17:27:40,0.04452
2024-07-13 17:27:41,0.034288
2024-07-13 17:27:42,0.02884
2024-07-13 17:27:43,0.030128
2024-07-13 17:27:44,0.048312
2024-07-13 17:27:45,0.053664
2024-07-13 17:27:46,0.057936
2024-07-13 17:27:47,0.053112
2024-07-13 17:27:48,0.039792
2024-07-13 17:27:49,0.04924
2024-07-13 17:27:50,0.048856
2024-07-13 17:27:51,0.05096
2024-07-13 17:27:52,0.055704
2024-07-13 17:27:53,0.050696
2024-07-13 17:27:54,0.051144
2024-07-13 17:27:55,0.065536
2024-07-13 17:27:56,0.058528
2024-07-13 17:27:57,0.053808
2024-07-13 17:27:58,0.05448
2024-07-13 17:27:59,0.064872
2024-07-13 17:28:00,0.065328
2024-07-13 17:28:01,0.053696
2024-07-13 17:28:02,0.061808
2024-07-13 17:28:03,0.059528
2024-07-13 17:28:04,0.0638
2024-07-13 17:28:05,0.061784
2024-07-13 17:28:06,0.063584
2024-07-13 17:28:07,0.053312
2024-07-13 17:28:08,0.060128
2024-07-13 17:28:09,0.065448
2024-07-13 17:28:10,0.059192
2024-07-13 17:28:11,0.10484
2024-07-13 17:28:12,0.024568
2024-07-13 17:28:13,0.084832
2024-07-13 17:28:14,0.084832
2024-07-13 17:28:15,0.053456
2024-07-13 17:28:16,0.032672
2024-07-13 17:28:17,0.081416
2024-07-13 17:28:18,0.027336
2024-07-13 17:28:19,0.034248
2024-07-13 17:28:20,0.026936
2024-07-13 17:28:21,0.044336
2024-07-13 17:28:22,0.034808
2024-07-13 17:28:23,0.036168
2024-07-13 17:28:24,0.020088
2024-07-13 17:28:25,0.034808
2024-07-13 17:28:26,0.021152
2024-07-13 17:28:27,0.01468
2024-07-13 17:28:28,0.01068
2024-07-13 17:28:29,0.031152
2024-07-13 17:28:30,0.0322
2024-07-13 17:28:31,0.021344
2024-07-13 17:28:32,0.022272
2024-07-13 17:28:33,0.02588
2024-07-13 17:28:34,0.014976
2024-07-13 17:28:35,0.014976
2024-07-13 17:28:36,0.015512
2024-07-13 17:28:37,0.013336
2024-07-13 17:28:38,0.021128
2024-07-13 17:28:39,0.015216
2024-07-13 17:28:40,0.013056
2024-07-13 17:28:41,0.01068
2024-07-13 17:28:42,0.013544
2024-07-13 17:28:43,0.088176
2024-07-13 17:28:44,0.1288
2024-07-13 17:28:45,0.045448
2024-07-13 17:28:46,0.019736
2024-07-13 17:28:47,0.062312
2024-07-13 17:28:48,0.025504
2024-07-13 17:28:49,0.03488
2024-07-13 17:28:50,0.109072
2024-07-13 17:28:51,0.130632
2024-07-13 17:28:52,0.137752
2024-07-13 17:28:53,0.165944
2024-07-13 17:28:54,0.149896
2024-07-13 17:28:55,0.179264
2024-07-13 17:28:56,0.195232
2024-07-13 17:28:57,0.162664
2024-07-13 17:28:58,0.124968
2024-07-13 17:28:59,0.156992
2024-07-13 17:29:00,0.119304
2024-07-13 17:29:01,0.135048
2024-07-13 17:29:02,0.113208
2024-07-13 17:29:03,0.172104
2024-07-13 17:29:04,0.122152
2024-07-13 17:29:05,0.118232
2024-07-13 17:29:06,0.096112
2024-07-13 17:29:07,0.065688
2024-07-13 17:29:08,0.071368
2024-07-13 17:29:09,0.04548
2024-07-13 17:29:10,0.033664
2024-07-13 17:29:11,0.028232
2024-07-13 17:29:12,0.051024
2024-07-13 17:29:13,0.054456
2024-07-13 17:29:14,0.054672
2024-07-13 17:29:15,0.022304
2024-07-13 17:29:16,0.062896
2024-07-13 17:29:17,0.237752
2024-07-13 17:29:18,0.034536
2024-07-13 17:29:19,0.189768
2024-07-13 17:29:20,0.042848
2024-07-13 17:29:21,0.076384
2024-07-13 17:29:22,0.068168
2024-07-13 17:29:23,0.03132
2024-07-13 17:29:24,0.01132
2024-07-13 17:29:25,0.02048
2024-07-13 17:29:26,0.029552
2024-07-13 17:29:27,0.026784
2024-07-13 17:29:28,0.01592
2024-07-13 17:29:29,0.0142
2024-07-13 17:29:30,0.01444
2024-07-13 17:29:31,0.021496
2024-07-13 17:29:32,0.014056
2024-07-13 17:29:33,0.026376
2024-07-13 17:29:34,0.038632
2024-07-13 17:29:35,0.027728
2024-07-13 17:29:36,0.021504
2024-07-13 17:29:37,0.027056
2024-07-13 17:29:38,0.02192
2024-07-13 17:29:39,0.01968
2024-07-13 17:29:40,0.015216
2024-07-13 17:29:41,0.016832
2024-07-13 17:29:42,0.011928
2024-07-13 17:29:43,0.014336
2024-07-13 17:29:44,0.017328
2024-07-13 17:29:45,0.024224
2024-07-13 17:29:46,0.020208
2024-07-13 17:29:47,0.01328
2024-07-13 17:29:48,0.031544
2024-07-13 17:29:49,0.133888
2024-07-13 17:29:50,0.111064
2024-07-13 17:29:51,0.020544
2024-07-13 17:29:52,0.05704
2024-07-13 17:29:53,0.03896
2024-07-13 17:29:54,0.022736
2024-07-13 17:29:55,0.08664
2024-07-13 17:29:56,0.116704
2024-07-13 17:29:57,0.147288
2024-07-13 17:29:58,0.144232
2024-07-13 17:29:59,0.157032
2024-07-13 17:30:00,0.126048
2024-07-13 17:30:01,0.166
2024-07-13 17:30:02,0.200624
2024-07-13 17:30:03,0.151568
2024-07-13 17:30:04,0.199728
2024-07-13 17:30:05,0.136568
2024-07-13 17:30:06,0.135728
2024-07-13 17:30:07,0.130168
2024-07-13 17:30:08,0.148584
2024-07-13 17:30:09,0.147392
2024-07-13 17:30:10,0.121184
2024-07-13 17:30:11,0.127696
2024-07-13 17:30:12,0.079872
2024-07-13 17:30:13,0.098408
2024-07-13 17:30:14,0.073856
2024-07-13 17:30:15,0.0578
2024-07-13 17:30:16,0.05912
2024-07-13 17:30:17,0.073392
2024-07-13 17:30:18,0.05548
2024-07-13 17:30:19,0.06696
2024-07-13 17:30:20,0.083256
2024-07-13 17:30:21,0.049952
2024-07-13 17:30:22,0.071816
2024-07-13 17:30:23,0.046736
2024-07-13 17:30:24,0.042344
2024-07-13 17:30:25,0.053208
2024-07-13 17:30:26,0.058464
2024-07-13 17:30:27,0.028032
2024-07-13 17:30:28,0.036584
2024-07-13 17:30:29,0.232488
2024-07-13 17:30:30,0.054968
2024-07-13 17:30:31,0.266576
2024-07-13 17:30:32,0.03976
2024-07-13 17:30:33,0.032816
2024-07-13 17:30:34,0.061296
2024-07-13 17:30:35,0.046528
2024-07-13 17:30:36,0.02896
2024-07-13 17:30:37,0.027704
2024-07-13 17:30:38,0.03016
2024-07-13 17:30:39,0.02068
2024-07-13 17:30:40,0.033352
2024-07-13 17:30:41,0.018536
2024-07-13 17:30:42,0.024936
2024-07-13 17:30:43,0.02308
2024-07-13 17:30:44,0.014616
2024-07-13 17:30:45,0.03616
2024-07-13 17:30:46,0.039608
2024-07-13 17:30:47,0.04516
2024-07-13 17:30:48,0.017448
2024-07-13 17:30:49,0.017792
2024-07-13 17:30:50,0.022184
2024-07-13 17:30:51,0.09956
2024-07-13 17:30:52,0.01972
2024-07-13 17:30:53,0.01776
2024-07-13 17:30:54,0.08672
2024-07-13 17:30:55,0.11892
2024-07-13 17:30:56,0.108824
2024-07-13 17:30:57,0.113816
2024-07-13 17:30:58,0.154024
2024-07-13 17:30:59,0.16132
2024-07-13 17:31:00,0.204472
2024-07-13 17:31:01,0.177352
2024-07-13 17:31:02,0.183304
2024-07-13 17:31:03,0.182696
2024-07-13 17:31:04,0.188456
2024-07-13 17:31:05,0.160336
2024-07-13 17:31:06,0.138056
2024-07-13 17:31:07,0.175952
2024-07-13 17:31:08,0.13916
2024-07-13 17:31:09,0.151512
2024-07-13 17:31:10,0.131072
2024-07-13 17:31:11,0.1548
2024-07-13 17:31:12,0.115976
2024-07-13 17:31:13,0.079792
2024-07-13 17:31:14,0.075432
2024-07-13 17:31:15,0.075512
2024-07-13 17:31:16,0.048816
2024-07-13 17:31:17,0.047552
2024-07-13 17:31:18,0.04516
2024-07-13 17:31:19,0.033392
2024-07-13 17:31:20,0.166152
2024-07-13 17:31:21,0.09764
2024-07-13 17:31:22,0.170944
2024-07-13 17:31:23,0.041304
2024-07-13 17:31:24,0.03644
2024-07-13 17:31:25,0.036696
2024-07-13 17:31:26,0.016168
2024-07-13 17:31:27,0.016392
2024-07-13 17:31:28,0.018016
2024-07-13 17:31:29,0.027112
2024-07-13 17:31:30,0.065016
2024-07-13 17:31:31,0.04068
2024-07-13 17:31:32,0.023888
2024-07-13 17:31:33,0.020768
2024-07-13 17:31:34,0.031328
2024-07-13 17:31:35,0.031536
2024-07-13 17:31:36,0.015424
2024-07-13 17:31:37,0.01764
2024-07-13 17:31:38,0.026832
2024-07-13 17:31:39,0.018104
2024-07-13 17:31:40,0.021472
2024-07-13 17:31:41,0.0144
2024-07-13 17:31:42,0.03076
2024-07-13 17:31:43,0.029432
2024-07-13 17:31:44,0.015384
2024-07-13 17:31:45,0.025744
2024-07-13 17:31:46,0.032448
2024-07-13 17:31:47,0.023208
2024-07-13 17:31:48,0.013656
2024-07-13 17:31:49,0.016032
2024-07-13 17:31:50,0.011104
2024-07-13 17:31:51,0.142936
2024-07-13 17:31:52,0.120984
2024-07-13 17:31:53,0.027064
2024-07-13 17:31:54,0.058072
2024-07-13 17:31:55,0.054344
2024-07-13 17:31:56,0.040144
2024-07-13 17:31:57,0.083896
2024-07-13 17:31:58,0.08976
2024-07-13 17:31:59,0.114576
2024-07-13 17:32:00,0.123032
2024-07-13 17:32:01,0.156088
2024-07-13 17:32:02,0.196424
2024-07-13 17:32:03,0.181512
2024-07-13 17:32:04,0.163328
2024-07-13 17:32:05,0.200648
2024-07-13 17:32:06,0.14896
2024-07-13 17:32:07,0.144264
2024-07-13 17:32:08,0.106752
2024-07-13 17:32:09,0.105984
2024-07-13 17:32:10,0.130584
2024-07-13 17:32:11,0.117616
2024-07-13 17:32:12,0.105896
2024-07-13 17:32:13,0.098208
2024-07-13 17:32:14,0.118496
2024-07-13 17:32:15,0.115552
2024-07-13 17:32:16,0.119656
2024-07-13 17:32:17,0.056736
2024-07-13 17:32:18,0.046392
2024-07-13 17:32:19,0.054528
2024-07-13 17:32:20,0.049232
2024-07-13 17:32:21,0.032208
2024-07-13 17:32:22,0.034864
2024-07-13 17:32:23,0.067832
2024-07-13 17:32:24,0.03456
2024-07-13 17:32:25,0.01536
2024-07-13 17:32:26,0.063688
2024-07-13 17:32:27,0.233032
2024-07-13 17:32:28,0.038976
2024-07-13 17:32:29,0.183752
2024-07-13 17:32:30,0.029632
2024-07-13 17:32:31,0.01572
2024-07-13 17:32:32,0.01068
2024-07-13 17:32:33,0.012408
2024-07-13 17:32:34,0.012904
2024-07-13 17:32:35,0.012984
2024-07-13 17:32:36,0.019664
2024-07-13 17:32:37,0.013936
2024-07-13 17:32:38,0.021032
2024-07-13 17:32:39,0.02272
2024-07-13 17:32:40,0.035424
2024-07-13 17:32:41,0.033816
2024-07-13 17:32:42,0.029216
2024-07-13 17:32:43,0.036408
2024-07-13 17:32:44,0.039248
2024-07-13 17:32:45,0.014088
2024-07-13 17:32:46,0.0342
2024-07-13 17:32:47,0.016952
2024-07-13 17:32:48,0.065712
2024-07-13 17:32:49,0.049952
2024-07-13 17:32:50,0.022888
2024-07-13 17:32:51,0.018008
2024-07-13 17:32:52,0.020512
2024-07-13 17:32:53,0.020072
2024-07-13 17:32:54,0.016552
2024-07-13 17:32:55,0.028936
2024-07-13 17:32:56,0.017432
2024-07-13 17:32:57,0.0148
2024-07-13 17:32:58,0.011168
2024-07-13 17:32:59,0.023536
2024-07-13 17:33:00,0.013376
2024-07-13 17:33:01,0.020624
2024-07-13 17:33:02,0.011168
2024-07-13 17:33:03,0.013056
2024-07-13 17:33:04,0.018568
2024-07-13 17:33:05,0.014872
2024-07-13 17:33:06,0.019024
2024-07-13 17:33:07,0.013056
2024-07-13 17:33:08,0.01068
2024-07-13 17:33:09,0.011808
2024-07-13 17:33:10,0.012416
2024-07-13 17:33:11,0.01068
2024-07-13 17:33:12,0.013056
2024-07-13 17:33:13,0.013376
2024-07-13 17:33:14,0.024392
2024-07-13 17:33:15,0.021448
2024-07-13 17:33:16,0.028072
2024-07-13 17:33:17,0.013304
2024-07-13 17:33:18,0.016464
2024-07-13 17:33:19,0.184664
2024-07-13 17:33:20,0.094632
2024-07-13 17:33:21,0.028
2024-07-13 17:33:22,0.057528
2024-07-13 17:33:23,0.03288
2024-07-13 17:33:24,0.020128
2024-07-13 17:33:25,0.123592
2024-07-13 17:33:26,0.123144
2024-07-13 17:33:27,0.160672
2024-07-13 17:33:28,0.192944
2024-07-13 17:33:29,0.203944
2024-07-13 17:33:30,0.245848
2024-07-13 17:33:31,0.239112
2024-07-13 17:33:32,0.243048
2024-07-13 17:33:33,0.274768
2024-07-13 17:33:34,0.183248
2024-07-13 17:33:35,0.180096
2024-07-13 17:33:36,0.174656
2024-07-13 17:33:37,0.167784
2024-07-13 17:33:38,0.19288
2024-07-13 17:33:39,0.161736
2024-07-13 17:33:40,0.135632
2024-07-13 17:33:41,0.116816
2024-07-13 17:33:42,0.130368
2024-07-13 17:33:43,0.134168
2024-07-13 17:33:44,0.113288
2024-07-13 17:33:45,0.065544
2024-07-13 17:33:46,0.081928
2024-07-13 17:33:47,0.051664
2024-07-13 17:33:48,0.01992
2024-07-13 17:33:49,0.0326
2024-07-13 17:33:50,0.024584
2024-07-13 17:33:51,0.036872
2024-07-13 17:33:52,0.236536
2024-07-13 17:33:53,0.033888
2024-07-13 17:33:54,0.200952
2024-07-13 17:33:55,0.059568
2024-07-13 17:33:56,0.019392
2024-07-13 17:33:57,0.023464
2024-07-13 17:33:58,0.028248
2024-07-13 17:33:59,0.016176
2024-07-13 17:34:00,0.019656
2024-07-13 17:34:01,0.063784
2024-07-13 17:34:02,0.020952
2024-07-13 17:34:03,0.015848
2024-07-13 17:34:04,0.013896
2024-07-13 17:34:05,0.026544
2024-07-13 17:34:06,0.012888
2024-07-13 17:34:07,0.029344
2024-07-13 17:34:08,0.023328
2024-07-13 17:34:09,0.015984
2024-07-13 17:34:10,0.015256
2024-07-13 17:34:11,0.015368
2024-07-13 17:34:12,0.015288
2024-07-13 17:34:13,0.024456
2024-07-13 17:34:14,0.0228
2024-07-13 17:34:15,0.028632
2024-07-13 17:34:16,0.037408
2024-07-13 17:34:17,0.020864
2024-07-13 17:34:18,0.027344
2024-07-13 17:34:19,0.035368
2024-07-13 17:34:20,0.020648
2024-07-13 17:34:21,0.01596
2024-07-13 17:34:22,0.016672
2024-07-13 17:34:23,0.018544
2024-07-13 17:34:24,0.181592
2024-07-13 17:34:25,0.117184
2024-07-13 17:34:26,0.026096
2024-07-13 17:34:27,0.047048
2024-07-13 17:34:28,0.040744
2024-07-13 17:34:29,0.038288
2024-07-13 17:34:30,0.077
2024-07-13 17:34:31,0.11372
2024-07-13 17:34:32,0.129952
2024-07-13 17:34:33,0.155312
2024-07-13 17:34:34,0.156424
2024-07-13 17:34:35,0.15848
2024-07-13 17:34:36,0.206336
2024-07-13 17:34:37,0.276656
2024-07-13 17:34:38,0.190936
2024-07-13 17:34:39,0.211144
2024-07-13 17:34:40,0.195616
2024-07-13 17:34:41,0.159008
2024-07-13 17:34:42,0.17596
2024-07-13 17:34:43,0.160184
2024-07-13 17:34:44,0.106424
2024-07-13 17:34:45,0.135384
2024-07-13 17:34:46,0.119744
2024-07-13 17:34:47,0.119856
2024-07-13 17:34:48,0.14176
2024-07-13 17:34:49,0.082464
2024-07-13 17:34:50,0.07404
2024-07-13 17:34:51,0.055848
2024-07-13 17:34:52,0.04616
2024-07-13 17:34:53,0.043344
2024-07-13 17:34:54,0.035928
2024-07-13 17:34:55,0.054552
2024-07-13 17:34:56,0.074328
2024-07-13 17:34:57,0.035488
2024-07-13 17:34:58,0.039648
2024-07-13 17:34:59,0.242536
2024-07-13 17:35:00,0.056424
2024-07-13 17:35:01,0.084312
2024-07-13 17:35:02,0.048384
2024-07-13 17:35:03,0.049048
2024-07-13 17:35:04,0.0432
2024-07-13 17:35:05,0.038608
2024-07-13 17:35:06,0.03504
2024-07-13 17:35:07,0.040664
2024-07-13 17:35:08,0.044736
2024-07-13 17:35:09,0.058056
2024-07-13 17:35:10,0.046944
2024-07-13 17:35:11,0.047944
2024-07-13 17:35:12,0.040432
2024-07-13 17:35:13,0.049736
2024-07-13 17:35:14,0.041272
2024-07-13 17:35:15,0.054472
2024-07-13 17:35:16,0.0416
2024-07-13 17:35:17,0.0462
2024-07-13 17:35:18,0.044072
2024-07-13 17:35:19,0.04964
2024-07-13 17:35:20,0.051064
2024-07-13 17:35:21,0.04792
2024-07-13 17:35:22,0.050504
2024-07-13 17:35:23,0.052152
2024-07-13 17:35:24,0.040128
2024-07-13 17:35:25,0.048344
2024-07-13 17:35:26,0.036568
2024-07-13 17:35:27,0.032856
2024-07-13 17:35:28,0.041992
2024-07-13 17:35:29,0.033232
2024-07-13 17:35:30,0.037536
2024-07-13 17:35:31,0.043592
2024-07-13 17:35:32,0.045576
2024-07-13 17:35:33,0.041504
2024-07-13 17:35:34,0.08876
2024-07-13 17:35:35,0.030712
2024-07-13 17:35:36,0.03448
2024-07-13 17:35:37,0.142688
2024-07-13 17:35:38,0.074552
2024-07-13 17:35:39,0.0616
2024-07-13 17:35:40,0.050976
2024-07-13 17:35:41,0.024784
2024-07-13 17:35:42,0.026152
2024-07-13 17:35:43,0.033088
2024-07-13 17:35:44,0.037304
2024-07-13 17:35:45,0.024416
2024-07-13 17:35:46,0.04996
2024-07-13 17:35:47,0.057656
2024-07-13 17:35:48,0.031168
2024-07-13 17:35:49,0.041064
2024-07-13 17:35:50,0.0356
2024-07-13 17:35:51,0.032328
2024-07-13 17:35:52,0.028696
2024-07-13 17:35:53,0.03672
2024-07-13 17:35:54,0.031184
2024-07-13 17:35:55,0.046584
2024-07-13 17:35:56,0.036496
2024-07-13 17:35:57,0.034832
2024-07-13 17:35:58,0.011296
2024-07-13 17:35:59,0.01972
2024-07-13 17:36:00,0.030688
2024-07-13 17:36:01,0.024952
2024-07-13 17:36:02,0.021872
2024-07-13 17:36:03,0.013696
2024-07-13 17:36:04,0.013056
2024-07-13 17:36:05,0.022568
2024-07-13 17:36:06,0.016592
2024-07-13 17:36:07,0.18216
2024-07-13 17:36:08,0.10776
2024-07-13 17:36:09,0.019624
2024-07-13 17:36:10,0.073224
2024-07-13 17:36:11,0.029664
2024-07-13 17:36:12,0.018352
2024-07-13 17:36:13,0.14772
2024-07-13 17:36:14,0.20452
2024-07-13 17:36:15,0.204808
2024-07-13 17:36:16,0.262376
2024-07-13 17:36:17,0.215128
2024-07-13 17:36:18,0.236016
2024-07-13 17:36:19,0.226304
2024-07-13 17:36:20,0.249984
2024-07-13 17:36:21,0.235
2024-07-13 17:36:22,0.198376
2024-07-13 17:36:23,0.188352
2024-07-13 17:36:24,0.148208
2024-07-13 17:36:25,0.177704
2024-07-13 17:36:26,0.1922
2024-07-13 17:36:27,0.180496
2024-07-13 17:36:28,0.132168
2024-07-13 17:36:29,0.134848
2024-07-13 17:36:30,0.090832
2024-07-13 17:36:31,0.10276
2024-07-13 17:36:32,0.1348
2024-07-13 17:36:33,0.105656
2024-07-13 17:36:34,0.077016
2024-07-13 17:36:35,0.06436
2024-07-13 17:36:36,0.055632
2024-07-13 17:36:37,0.051992
2024-07-13 17:36:38,0.09836
2024-07-13 17:36:39,0.047064
2024-07-13 17:36:40,0.03048
2024-07-13 17:36:41,0.068184
2024-07-13 17:36:42,0.25504
2024-07-13 17:36:43,0.03604
2024-07-13 17:36:44,0.215744
2024-07-13 17:36:45,0.062544
2024-07-13 17:36:46,0.079472
2024-07-13 17:36:47,0.048408
2024-07-13 17:36:48,0.034064
2024-07-13 17:36:49,0.017072
2024-07-13 17:36:50,0.023536
2024-07-13 17:36:51,0.019272
2024-07-13 17:36:52,0.024096
2024-07-13 17:36:53,0.028008
2024-07-13 17:36:54,0.01696
2024-07-13 17:36:55,0.027544
2024-07-13 17:36:56,0.02192
2024-07-13 17:36:57,0.012568
2024-07-13 17:36:58,0.01068
2024-07-13 17:36:59,0.013056
2024-07-13 17:37:00,0.017448
2024-07-13 17:37:01,0.03168
2024-07-13 17:37:02,0.011168
2024-07-13 17:37:03,0.013056
2024-07-13 17:37:04,0.021952
2024-07-13 17:37:05,0.01436
2024-07-13 17:37:06,0.013144
2024-07-13 17:37:07,0.01536
2024-07-13 17:37:08,0.016568
2024-07-13 17:37:09,0.018096
2024-07-13 17:37:10,0.013464
2024-07-13 17:37:11,0.011808
2024-07-13 17:37:12,0.018696
2024-07-13 17:37:13,0.01068
2024-07-13 17:37:14,0.195488
2024-07-13 17:37:15,0.141312
2024-07-13 17:37:16,0.023728
2024-07-13 17:37:17,0.073936
2024-07-13 17:37:18,0.053232
2024-07-13 17:37:19,0.019776
2024-07-13 17:37:20,0.118768
2024-07-13 17:37:21,0.182792
2024-07-13 17:37:22,0.200264
2024-07-13 17:37:23,0.24776
2024-07-13 17:37:24,0.253288
2024-07-13 17:37:25,0.214944
2024-07-13 17:37:26,0.28432
2024-07-13 17:37:27,0.259944
2024-07-13 17:37:28,0.253896
2024-07-13 17:37:29,0.231448
2024-07-13 17:37:30,0.207448
2024-07-13 17:37:31,0.18708
2024-07-13 17:37:32,0.21828
2024-07-13 17:37:33,0.181272
2024-07-13 17:37:34,0.173152
2024-07-13 17:37:35,0.179688
2024-07-13 17:37:36,0.167512
2024-07-13 17:37:37,0.22432
2024-07-13 17:37:38,0.145056
2024-07-13 17:37:39,0.101136
2024-07-13 17:37:40,0.122816
2024-07-13 17:37:41,0.143864
2024-07-13 17:37:42,0.086288
2024-07-13 17:37:43,0.078776
2024-07-13 17:37:44,0.066896
2024-07-13 17:37:45,0.065296
2024-07-13 17:37:46,0.0516
2024-07-13 17:37:47,0.044912
2024-07-13 17:37:48,0.049072
2024-07-13 17:37:49,0.022136
2024-07-13 17:37:50,0.07248
2024-07-13 17:37:51,0.260888
2024-07-13 17:37:52,0.058864
2024-07-13 17:37:53,0.28276
2024-07-13 17:37:54,0.131
2024-07-13 17:37:55,0.055144
2024-07-13 17:37:56,0.062632
2024-07-13 17:37:57,0.039064
2024-07-13 17:37:58,0.052264
2024-07-13 17:37:59,0.034536
2024-07-13 17:38:00,0.0486
2024-07-13 17:38:01,0.059088
2024-07-13 17:38:02,0.034032
2024-07-13 17:38:03,0.047216
2024-07-13 17:38:04,0.055352
2024-07-13 17:38:05,0.039672
2024-07-13 17:38:06,0.044568
2024-07-13 17:38:07,0.037544
2024-07-13 17:38:08,0.024496
2024-07-13 17:38:09,0.040888
2024-07-13 17:38:10,0.03704
2024-07-13 17:38:11,0.023488
2024-07-13 17:38:12,0.0272
2024-07-13 17:38:13,0.141952
2024-07-13 17:38:14,0.018184
2024-07-13 17:38:15,0.02404
2024-07-13 17:38:16,0.095016
2024-07-13 17:38:17,0.121776
2024-07-13 17:38:18,0.15832
2024-07-13 17:38:19,0.195392
2024-07-13 17:38:20,0.261856
2024-07-13 17:38:21,0.23124
2024-07-13 17:38:22,0.256408
2024-07-13 17:38:23,0.238136
2024-07-13 17:38:24,0.171872
2024-07-13 17:38:25,0.097184
2024-07-13 17:38:26,0.266424
2024-07-13 17:38:27,0.16536
2024-07-13 17:38:28,0.187408
2024-07-13 17:38:29,0.05268
2024-07-13 17:38:30,0.043456
2024-07-13 17:38:31,0.042736
2024-07-13 17:38:32,0.040376
2024-07-13 17:38:33,0.05524
2024-07-13 17:38:34,0.066768
2024-07-13 17:38:35,0.08452
2024-07-13 17:38:36,0.05484
2024-07-13 17:38:37,0.039456
2024-07-13 17:38:38,0.053832
2024-07-13 17:38:39,0.022736
2024-07-13 17:38:40,0.04708
2024-07-13 17:38:41,0.034304
2024-07-13 17:38:42,0.068888
2024-07-13 17:38:43,0.029216
2024-07-13 17:38:44,0.035184
2024-07-13 17:38:45,0.043064
2024-07-13 17:38:46,0.029312
2024-07-13 17:38:47,0.065384
2024-07-13 17:38:48,0.042176
2024-07-13 17:38:49,0.01648
2024-07-13 17:38:50,0.026856
2024-07-13 17:38:51,0.026608
2024-07-13 17:38:52,0.018888
2024-07-13 17:38:53,0.017704
2024-07-13 17:38:54,0.035736
2024-07-13 17:38:55,0.032664
2024-07-13 17:38:56,0.035736
2024-07-13 17:38:57,0.218288
2024-07-13 17:38:58,0.182936
2024-07-13 17:38:59,0.03908
2024-07-13 17:39:00,0.071296
2024-07-13 17:39:01,0.069296
2024-07-13 17:39:02,0.07216
2024-07-13 17:39:03,0.124392
2024-07-13 17:39:04,0.150296
2024-07-13 17:39:05,0.14652
2024-07-13 17:39:06,0.185128
2024-07-13 17:39:07,0.241096
2024-07-13 17:39:08,0.29524
2024-07-13 17:39:09,0.296736
2024-07-13 17:39:10,0.322928
2024-07-13 17:39:11,0.264096
2024-07-13 17:39:12,0.254176
2024-07-13 17:39:13,0.268048
2024-07-13 17:39:14,0.20916
2024-07-13 17:39:15,0.247
2024-07-13 17:39:16,0.269384
2024-07-13 17:39:17,0.235544
2024-07-13 17:39:18,0.270384
2024-07-13 17:39:19,0.213128
2024-07-13 17:39:20,0.183344
2024-07-13 17:39:21,0.170552
2024-07-13 17:39:22,0.160152
2024-07-13 17:39:23,0.193728
2024-07-13 17:39:24,0.155592
2024-07-13 17:39:25,0.152736
2024-07-13 17:39:26,0.176752
2024-07-13 17:39:27,0.185656
2024-07-13 17:39:28,0.14084
2024-07-13 17:39:29,0.06716
2024-07-13 17:39:30,0.078032
2024-07-13 17:39:31,0.051392
2024-07-13 17:39:32,0.058736
2024-07-13 17:39:33,0.020384
2024-07-13 17:39:34,0.050088
2024-07-13 17:39:35,0.276656
2024-07-13 17:39:36,0.033152
2024-07-13 17:39:37,0.223304
2024-07-13 17:39:38,0.034776
2024-07-13 17:39:39,0.027848
2024-07-13 17:39:40,0.035176
2024-07-13 17:39:41,0.01128
2024-07-13 17:39:42,0.018776
2024-07-13 17:39:43,0.029448
2024-07-13 17:39:44,0.02368
2024-07-13 17:39:45,0.037256
2024-07-13 17:39:46,0.079328
2024-07-13 17:39:47,0.10136
2024-07-13 17:39:48,0.025976
2024-07-13 17:39:49,0.023304
2024-07-13 17:39:50,0.042544
2024-07-13 17:39:51,0.032656
2024-07-13 17:39:52,0.012824
2024-07-13 17:39:53,0.023664
2024-07-13 17:39:54,0.021528
2024-07-13 17:39:55,0.063088
2024-07-13 17:39:56,0.020576
2024-07-13 17:39:57,0.033712
2024-07-13 17:39:58,0.041656
2024-07-13 17:39:59,0.048568
2024-07-13 17:40:00,0.044856
2024-07-13 17:40:01,0.066848
2024-07-13 17:40:02,0.03176
2024-07-13 17:40:03,0.04856
2024-07-13 17:40:04,0.062896
2024-07-13 17:40:05,0.037352
2024-07-13 17:40:06,0.0574
2024-07-13 17:40:07,0.040784
2024-07-13 17:40:08,0.016864
2024-07-13 17:40:09,0.023192
2024-07-13 17:40:10,0.022304
2024-07-13 17:40:11,0.016808
2024-07-13 17:40:12,0.03504
2024-07-13 17:40:13,0.036768
2024-07-13 17:40:14,0.036904
2024-07-13 17:40:15,0.020856
2024-07-13 17:40:16,0.033656
2024-07-13 17:40:17,0.041792
2024-07-13 17:40:18,0.016768
2024-07-13 17:40:19,0.030712
2024-07-13 17:40:20,0.041624
2024-07-13 17:40:21,0.059896
2024-07-13 17:40:22,0.02028
2024-07-13 17:40:23,0.030512
2024-07-13 17:40:24,0.051536
2024-07-13 17:40:25,0.022256
2024-07-13 17:40:26,0.03832
2024-07-13 17:40:27,0.185512
2024-07-13 17:40:28,0.136112
2024-07-13 17:40:29,0.038048
2024-07-13 17:40:30,0.043384
2024-07-13 17:40:31,0.06864
2024-07-13 17:40:32,0.012608
2024-07-13 17:40:33,0.074576
2024-07-13 17:40:34,0.160672
2024-07-13 17:40:35,0.147768
2024-07-13 17:40:36,0.272968
2024-07-13 17:40:37,0.305296
2024-07-13 17:40:38,0.357264
2024-07-13 17:40:39,0.320376
2024-07-13 17:40:40,0.341936
2024-07-13 17:40:41,0.314376
2024-07-13 17:40:42,0.316448
2024-07-13 17:40:43,0.289952
2024-07-13 17:40:44,0.336968
2024-07-13 17:40:45,0.30896
2024-07-13 17:40:46,0.300408
2024-07-13 17:40:47,0.340736
2024-07-13 17:40:48,0.291784
2024-07-13 17:40:49,0.27728
2024-07-13 17:40:50,0.282512
2024-07-13 17:40:51,0.197224
2024-07-13 17:40:52,0.215456
2024-07-13 17:40:53,0.154432
2024-07-13 17:40:54,0.126904
2024-07-13 17:40:55,0.157824
2024-07-13 17:40:56,0.150008
2024-07-13 17:40:57,0.166776
2024-07-13 17:40:58,0.093024
2024-07-13 17:40:59,0.155128
2024-07-13 17:41:00,0.07984
2024-07-13 17:41:01,0.07044
2024-07-13 17:41:02,0.08452
2024-07-13 17:41:03,0.061552
2024-07-13 17:41:04,0.062856
2024-07-13 17:41:05,0.054472
2024-07-13 17:41:06,0.063352
2024-07-13 17:41:07,0.090312
2024-07-13 17:41:08,0.03224
2024-07-13 17:41:09,0.037528
2024-07-13 17:41:10,0.25704
2024-07-13 17:41:11,0.071856
2024-07-13 17:41:12,0.035048
2024-07-13 17:41:13,0.25064
2024-07-13 17:41:14,0.041632
2024-07-13 17:41:15,0.070528
2024-07-13 17:41:16,0.069376
2024-07-13 17:41:17,0.02648
2024-07-13 17:41:18,0.034224
2024-07-13 17:41:19,0.042752
2024-07-13 17:41:20,0.037304
2024-07-13 17:41:21,0.031944
2024-07-13 17:41:22,0.027912
2024-07-13 17:41:23,0.052768
2024-07-13 17:41:24,0.044016
2024-07-13 17:41:25,0.014576
2024-07-13 17:41:26,0.033544
2024-07-13 17:41:27,0.054416
2024-07-13 17:41:28,0.043568
2024-07-13 17:41:29,0.031768
2024-07-13 17:41:30,0.019224
2024-07-13 17:41:31,0.028488
2024-07-13 17:41:32,0.013432
2024-07-13 17:41:33,0.0198
2024-07-13 17:41:34,0.046032
2024-07-13 17:41:35,0.025128
2024-07-13 17:41:36,0.013872
2024-07-13 17:41:37,0.034856
2024-07-13 17:41:38,0.02128
2024-07-13 17:41:39,0.034752
2024-07-13 17:41:40,0.025144
2024-07-13 17:41:41,0.028832
2024-07-13 17:41:42,0.02856
2024-07-13 17:41:43,0.214768
2024-07-13 17:41:44,0.13532
2024-07-13 17:41:45,0.063152
2024-07-13 17:41:46,0.04708
2024-07-13 17:41:47,0.044952
2024-07-13 17:41:48,0.023464
2024-07-13 17:41:49,0.183824
2024-07-13 17:41:50,0.21192
2024-07-13 17:41:51,0.2384
2024-07-13 17:41:52,0.27568
2024-07-13 17:41:53,0.32424
2024-07-13 17:41:54,0.331832
2024-07-13 17:41:55,0.343736
2024-07-13 17:41:56,0.413872
2024-07-13 17:41:57,0.640808
2024-07-13 17:41:58,0.473608
2024-07-13 17:41:59,0.3192
2024-07-13 17:42:00,0.293512
2024-07-13 17:42:01,0.251272
2024-07-13 17:42:02,0.307944
2024-07-13 17:42:03,0.299544
2024-07-13 17:42:04,0.254392
2024-07-13 17:42:05,0.212568
2024-07-13 17:42:06,0.091888
2024-07-13 17:42:07,0.103352
2024-07-13 17:42:08,0.087128
2024-07-13 17:42:09,0.08624
2024-07-13 17:42:10,0.073808
2024-07-13 17:42:11,0.07464
2024-07-13 17:42:12,0.08272
2024-07-13 17:42:13,0.082024
2024-07-13 17:42:14,0.037344
2024-07-13 17:42:15,0.082152
2024-07-13 17:42:16,0.28436
2024-07-13 17:42:17,0.046176
2024-07-13 17:42:18,0.08732
2024-07-13 17:42:19,0.054688
2024-07-13 17:42:20,0.046784
2024-07-13 17:42:21,0.0376
2024-07-13 17:42:22,0.029232
2024-07-13 17:42:23,0.026984
2024-07-13 17:42:24,0.039
2024-07-13 17:42:25,0.042512
2024-07-13 17:42:26,0.06544
2024-07-13 17:42:27,0.057344
2024-07-13 17:42:28,0.04236
2024-07-13 17:42:29,0.045256
2024-07-13 17:42:30,0.049488
2024-07-13 17:42:31,0.05352
2024-07-13 17:42:32,0.064608
2024-07-13 17:42:33,0.050968
2024-07-13 17:42:34,0.05248
2024-07-13 17:42:35,0.048768
2024-07-13 17:42:36,0.046584
2024-07-13 17:42:37,0.053824
2024-07-13 17:42:38,0.043192
2024-07-13 17:42:39,0.053776
2024-07-13 17:42:40,0.048056
2024-07-13 17:42:41,0.044232
2024-07-13 17:42:42,0.048256
2024-07-13 17:42:43,0.051232
2024-07-13 17:42:44,0.056536
2024-07-13 17:42:45,0.057576
2024-07-13 17:42:46,0.034136
2024-07-13 17:42:47,0.043496
2024-07-13 17:42:48,0.044904
2024-07-13 17:42:49,0.043264
2024-07-13 17:42:50,0.04372
2024-07-13 17:42:51,0.08664
2024-07-13 17:42:52,0.025224
2024-07-13 17:42:53,0.105552
2024-07-13 17:42:54,0.107688
2024-07-13 17:42:55,0.057744
2024-07-13 17:42:56,0.057656
2024-07-13 17:42:57,0.037528
2024-07-13 17:42:58,0.047432
2024-07-13 17:42:59,0.03424
2024-07-13 17:43:00,0.028784
2024-07-13 17:43:01,0.03004
2024-07-13 17:43:02,0.027432
2024-07-13 17:43:03,0.034144
2024-07-13 17:43:04,0.021216
2024-07-13 17:43:05,0.031832
2024-07-13 17:43:06,0.029088
2024-07-13 17:43:07,0.021648
2024-07-13 17:43:08,0.022784
2024-07-13 17:43:09,0.028408
2024-07-13 17:43:10,0.044224
2024-07-13 17:43:11,0.018832
2024-07-13 17:43:12,0.02704
2024-07-13 17:43:13,0.04356
2024-07-13 17:43:14,0.030304
2024-07-13 17:43:15,0.042856
2024-07-13 17:43:16,0.027392
2024-07-13 17:43:17,0.01804
2024-07-13 17:43:18,0.023872
2024-07-13 17:43:19,0.020312
2024-07-13 17:43:20,0.032752
2024-07-13 17:43:21,0.026448
2024-07-13 17:43:22,0.0512
2024-07-13 17:43:23,0.169992
2024-07-13 17:43:24,0.182912
2024-07-13 17:43:25,0.051144
2024-07-13 17:43:26,0.051024
2024-07-13 17:43:27,0.049768
2024-07-13 17:43:28,0.059216
2024-07-13 17:43:29,0.082568
2024-07-13 17:43:30,0.197368
2024-07-13 17:43:31,0.274776
2024-07-13 17:43:32,0.40184
2024-07-13 17:43:33,0.366856
2024-07-13 17:43:34,0.459448
2024-07-13 17:43:35,0.375536
2024-07-13 17:43:36,0.459072
2024-07-13 17:43:37,0.529168
2024-07-13 17:43:38,0.639696
2024-07-13 17:43:39,0.55252
2024-07-13 17:43:40,0.314824
2024-07-13 17:43:41,0.339672
2024-07-13 17:43:42,0.463
2024-07-13 17:43:43,0.380464
2024-07-13 17:43:44,0.27556
2024-07-13 17:43:45,0.127096
2024-07-13 17:43:46,0.117208
2024-07-13 17:43:47,0.138
2024-07-13 17:43:48,0.08132
2024-07-13 17:43:49,0.060096
2024-07-13 17:43:50,0.053056
2024-07-13 17:43:51,0.055088
2024-07-13 17:43:52,0.044024
2024-07-13 17:43:53,0.061432
2024-07-13 17:43:54,0.065296
2024-07-13 17:43:55,0.03776
2024-07-13 17:43:56,0.074832
2024-07-13 17:43:57,0.299624
2024-07-13 17:43:58,0.037112
2024-07-13 17:43:59,0.27996
2024-07-13 17:44:00,0.058312
2024-07-13 17:44:01,0.078912
2024-07-13 17:44:02,0.046792
2024-07-13 17:44:03,0.03232
2024-07-13 17:44:04,0.03296
2024-07-13 17:44:05,0.029304
2024-07-13 17:44:06,0.034928
2024-07-13 17:44:07,0.02228
2024-07-13 17:44:08,0.019352
2024-07-13 17:44:09,0.0404
2024-07-13 17:44:10,0.055744
2024-07-13 17:44:11,0.03144
2024-07-13 17:44:12,0.083288
2024-07-13 17:44:13,0.03392
2024-07-13 17:44:14,0.042056
2024-07-13 17:44:15,0.033664
2024-07-13 17:44:16,0.04308
2024-07-13 17:44:17,0.034104
2024-07-13 17:44:18,0.017608
2024-07-13 17:44:19,0.02772
2024-07-13 17:44:20,0.028824
2024-07-13 17:44:21,0.030752
2024-07-13 17:44:22,0.022568
2024-07-13 17:44:23,0.023768
2024-07-13 17:44:24,0.029784
2024-07-13 17:44:25,0.03292
2024-07-13 17:44:26,0.027768
2024-07-13 17:44:27,0.026976
2024-07-13 17:44:28,0.023288
2024-07-13 17:44:29,0.01944
2024-07-13 17:44:30,0.024656
2024-07-13 17:44:31,0.011928
2024-07-13 17:44:32,0.04188
2024-07-13 17:44:33,0.03736
2024-07-13 17:44:34,0.030336
2024-07-13 17:44:35,0.032632
2024-07-13 17:44:36,0.026584
2024-07-13 17:44:37,0.026056
2024-07-13 17:44:38,0.02572
2024-07-13 17:44:39,0.019472
2024-07-13 17:44:40,0.021256
2024-07-13 17:44:41,0.01732
2024-07-13 17:44:42,0.023888
2024-07-13 17:44:43,0.21716
2024-07-13 17:44:44,0.13964
2024-07-13 17:44:45,0.027952
2024-07-13 17:44:46,0.0654
2024-07-13 17:44:47,0.039184
2024-07-13 17:44:48,0.02272
2024-07-13 17:44:49,0.144256
2024-07-13 17:44:50,0.200864
2024-07-13 17:44:51,0.21972
2024-07-13 17:44:52,0.292184
2024-07-13 17:44:53,0.30428
2024-07-13 17:44:54,0.388552
2024-07-13 17:44:55,0.387888
2024-07-13 17:44:56,0.479984
2024-07-13 17:44:57,0.515872
2024-07-13 17:44:58,0.590424
2024-07-13 17:44:59,0.382112
2024-07-13 17:45:00,0.347248
2024-07-13 17:45:01,0.27068
2024-07-13 17:45:02,0.438024
2024-07-13 17:45:03,0.292384
2024-07-13 17:45:04,0.329512
2024-07-13 17:45:05,0.295784
2024-07-13 17:45:06,0.217872
2024-07-13 17:45:07,0.194288
2024-07-13 17:45:08,0.1868
2024-07-13 17:45:09,0.249808
2024-07-13 17:45:10,0.143248
2024-07-13 17:45:11,0.12344
2024-07-13 17:45:12,0.080784
2024-07-13 17:45:13,0.055816
2024-07-13 17:45:14,0.0634
2024-07-13 17:45:15,0.049152
2024-07-13 17:45:16,0.303184
2024-07-13 17:45:17,0.056248
2024-07-13 17:45:18,0.359544
2024-07-13 17:45:19,0.055032
2024-07-13 17:45:20,0.061744
2024-07-13 17:45:21,0.07988
2024-07-13 17:45:22,0.02868
2024-07-13 17:45:23,0.022176
2024-07-13 17:45:24,0.033568
2024-07-13 17:45:25,0.047224
2024-07-13 17:45:26,0.01412
2024-07-13 17:45:27,0.018744
2024-07-13 17:45:28,0.023512
2024-07-13 17:45:29,0.026424
2024-07-13 17:45:30,0.02984
2024-07-13 17:45:31,0.019728
2024-07-13 17:45:32,0.022696
2024-07-13 17:45:33,0.0232
2024-07-13 17:45:34,0.014208
2024-07-13 17:45:35,0.016632
2024-07-13 17:45:36,0.023568
2024-07-13 17:45:37,0.024288
2024-07-13 17:45:38,0.139576
2024-07-13 17:45:39,0.020408
2024-07-13 17:45:40,0.022744
2024-07-13 17:45:41,0.187624
2024-07-13 17:45:42,0.195768
2024-07-13 17:45:43,0.195768
2024-07-13 17:45:44,0.305928
2024-07-13 17:45:45,0.283528
2024-07-13 17:45:46,0.307632
2024-07-13 17:45:47,0.373032
2024-07-13 17:45:48,0.453752
2024-07-13 17:45:49,0.461352
2024-07-13 17:45:50,0.223752
2024-07-13 17:45:51,0.167552
2024-07-13 17:45:52,0.0916
2024-07-13 17:45:53,0.280864
2024-07-13 17:45:54,0.133776
2024-07-13 17:45:55,0.208456
2024-07-13 17:45:56,0.081032
2024-07-13 17:45:57,0.051336
2024-07-13 17:45:58,0.054376
2024-07-13 17:45:59,0.039832
2024-07-13 17:46:00,0.041456
2024-07-13 17:46:01,0.028768
2024-07-13 17:46:02,0.032664
2024-07-13 17:46:03,0.040184
2024-07-13 17:46:04,0.034104
2024-07-13 17:46:05,0.027792
2024-07-13 17:46:06,0.02192
2024-07-13 17:46:07,0.03224
2024-07-13 17:46:08,0.072336
2024-07-13 17:46:09,0.05108
2024-07-13 17:46:10,0.03484
2024-07-13 17:46:11,0.034216
2024-07-13 17:46:12,0.047784
2024-07-13 17:46:13,0.017736
2024-07-13 17:46:14,0.020112
2024-07-13 17:46:15,0.037616
2024-07-13 17:46:16,0.05824
2024-07-13 17:46:17,0.043104
2024-07-13 17:46:18,0.03048
2024-07-13 17:46:19,0.034528
2024-07-13 17:46:20,0.02864
2024-07-13 17:46:21,0.034112
2024-07-13 17:46:22,0.034752
2024-07-13 17:46:23,0.039864
2024-07-13 17:46:24,0.208448
2024-07-13 17:46:25,0.133104
2024-07-13 17:46:26,0.03212
2024-07-13 17:46:27,0.060832
2024-07-13 17:46:28,0.055016
2024-07-13 17:46:29,0.02764
2024-07-13 17:46:30,0.1496
2024-07-13 17:46:31,0.213248
2024-07-13 17:46:32,0.261776
2024-07-13 17:46:33,0.353304
2024-07-13 17:46:34,0.38416
2024-07-13 17:46:35,0.382136
2024-07-13 17:46:36,0.487048
2024-07-13 17:46:37,0.553648
2024-07-13 17:46:38,0.538352
2024-07-13 17:46:39,0.465872
2024-07-13 17:46:40,0.387896
2024-07-13 17:46:41,0.409552
2024-07-13 17:46:42,0.405912
2024-07-13 17:46:43,0.446032
2024-07-13 17:46:44,0.368696
2024-07-13 17:46:45,0.25652
2024-07-13 17:46:46,0.193088
2024-07-13 17:46:47,0.227544
2024-07-13 17:46:48,0.16508
2024-07-13 17:46:49,0.142192
2024-07-13 17:46:50,0.073856
2024-07-13 17:46:51,0.060952
2024-07-13 17:46:52,0.071552
2024-07-13 17:46:53,0.087144
2024-07-13 17:46:54,0.046008
2024-07-13 17:46:55,0.053032
2024-07-13 17:46:56,0.034184
2024-07-13 17:46:57,0.312664
2024-07-13 17:46:58,0.06556
2024-07-13 17:46:59,0.237464
2024-07-13 17:47:00,0.077208
2024-07-13 17:47:01,0.071208
2024-07-13 17:47:02,0.040248
2024-07-13 17:47:03,0.018528
2024-07-13 17:47:04,0.027952
2024-07-13 17:47:05,0.048312
2024-07-13 17:47:06,0.044872
2024-07-13 17:47:07,0.035552
2024-07-13 17:47:08,0.01316
2024-07-13 17:47:09,0.054976
2024-07-13 17:47:10,0.040736
2024-07-13 17:47:11,0.032648
2024-07-13 17:47:12,0.050848
2024-07-13 17:47:13,0.028216
2024-07-13 17:47:14,0.029008
2024-07-13 17:47:15,0.04548
2024-07-13 17:47:16,0.041536
2024-07-13 17:47:17,0.054032
2024-07-13 17:47:18,0.053232
2024-07-13 17:47:19,0.043448
2024-07-13 17:47:20,0.017648
2024-07-13 17:47:21,0.033632
2024-07-13 17:47:22,0.044184
2024-07-13 17:47:23,0.02684
2024-07-13 17:47:24,0.05792
2024-07-13 17:47:25,0.036664
2024-07-13 17:47:26,0.029384
2024-07-13 17:47:27,0.036736
2024-07-13 17:47:28,0.026952
2024-07-13 17:47:29,0.21548
2024-07-13 17:47:30,0.141296
2024-07-13 17:47:31,0.02572
2024-07-13 17:47:32,0.07444
2024-07-13 17:47:33,0.031128
2024-07-13 17:47:34,0.02624
2024-07-13 17:47:35,0.217528
2024-07-13 17:47:36,0.277744
2024-07-13 17:47:37,0.355088
2024-07-13 17:47:38,0.439168
2024-07-13 17:47:39,0.483232
2024-07-13 17:47:40,0.465608
2024-07-13 17:47:41,0.490768
2024-07-13 17:47:42,0.512976
2024-07-13 17:47:43,0.560808
2024-07-13 17:47:44,0.565728
2024-07-13 17:47:45,0.581672
2024-07-13 17:47:46,0.37128
2024-07-13 17:47:47,0.391312
2024-07-13 17:47:48,0.518496
2024-07-13 17:47:49,0.294888
2024-07-13 17:47:50,0.165336
2024-07-13 17:47:51,0.200648
2024-07-13 17:47:52,0.13048
2024-07-13 17:47:53,0.176968
2024-07-13 17:47:54,0.111208
2024-07-13 17:47:55,0.095736
2024-07-13 17:47:56,0.065296
2024-07-13 17:47:57,0.072504
2024-07-13 17:47:58,0.066312
2024-07-13 17:47:59,0.086352
2024-07-13 17:48:00,0.051848
2024-07-13 17:48:01,0.064648
2024-07-13 17:48:02,0.030832
2024-07-13 17:48:03,0.017816
2024-07-13 17:48:04,0.10148
2024-07-13 17:48:05,0.272472
2024-07-13 17:48:06,0.034856
2024-07-13 17:48:07,0.229344
2024-07-13 17:48:08,0.048272
2024-07-13 17:48:09,0.067384
2024-07-13 17:48:10,0.06288
2024-07-13 17:48:11,0.028216
2024-07-13 17:48:12,0.032768
2024-07-13 17:48:13,0.023576
2024-07-13 17:48:14,0.020048
2024-07-13 17:48:15,0.017016
2024-07-13 17:48:16,0.019952
2024-07-13 17:48:17,0.025248
2024-07-13 17:48:18,0.0246
2024-07-13 17:48:19,0.02848
2024-07-13 17:48:20,0.01372
2024-07-13 17:48:21,0.026048
2024-07-13 17:48:22,0.0334
2024-07-13 17:48:23,0.042064
2024-07-13 17:48:24,0.038496
2024-07-13 17:48:25,0.029104
2024-07-13 17:48:26,0.030176
2024-07-13 17:48:27,0.027512
2024-07-13 17:48:28,0.015776
2024-07-13 17:48:29,0.01132
2024-07-13 17:48:30,0.017176
2024-07-13 17:48:31,0.016936
2024-07-13 17:48:32,0.017912
2024-07-13 17:48:33,0.015512
2024-07-13 17:48:34,0.023136
2024-07-13 17:48:35,0.032248
2024-07-13 17:48:36,0.020336
2024-07-13 17:48:37,0.156064
2024-07-13 17:48:38,0.172448
2024-07-13 17:48:39,0.030368
2024-07-13 17:48:40,0.086472
2024-07-13 17:48:41,0.047328
2024-07-13 17:48:42,0.036072
2024-07-13 17:48:43,0.146128
2024-07-13 17:48:44,0.18764
2024-07-13 17:48:45,0.245592
2024-07-13 17:48:46,0.313728
2024-07-13 17:48:47,0.485712
2024-07-13 17:48:48,0.378968
2024-07-13 17:48:49,0.362752
2024-07-13 17:48:50,0.448896
2024-07-13 17:48:51,0.367456
2024-07-13 17:48:52,0.376816
2024-07-13 17:48:53,0.313664
2024-07-13 17:48:54,0.345672
2024-07-13 17:48:55,0.399456
2024-07-13 17:48:56,0.34888
2024-07-13 17:48:57,0.251264
2024-07-13 17:48:58,0.211048
2024-07-13 17:48:59,0.238336
2024-07-13 17:49:00,0.10032
2024-07-13 17:49:01,0.153864
2024-07-13 17:49:02,0.097576
2024-07-13 17:49:03,0.083168
2024-07-13 17:49:04,0.080888
2024-07-13 17:49:05,0.114752
2024-07-13 17:49:06,0.031376
2024-07-13 17:49:07,0.14628
2024-07-13 17:49:08,0.208736
2024-07-13 17:49:09,0.035808
2024-07-13 17:49:10,0.087304
2024-07-13 17:49:11,0.057568
2024-07-13 17:49:12,0.042704
2024-07-13 17:49:13,0.0312
2024-07-13 17:49:14,0.029088
2024-07-13 17:49:15,0.04176
2024-07-13 17:49:16,0.056464
2024-07-13 17:49:17,0.05872
2024-07-13 17:49:18,0.059592
2024-07-13 17:49:19,0.05244
2024-07-13 17:49:20,0.058976
2024-07-13 17:49:21,0.05168
2024-07-13 17:49:22,0.048456
2024-07-13 17:49:23,0.055304
2024-07-13 17:49:24,0.04932
2024-07-13 17:49:25,0.055472
2024-07-13 17:49:26,0.057992
2024-07-13 17:49:27,0.057776
2024-07-13 17:49:28,0.051848
2024-07-13 17:49:29,0.052552
2024-07-13 17:49:30,0.052912
2024-07-13 17:49:31,0.080304
2024-07-13 17:49:32,0.03016
2024-07-13 17:49:33,0.076696
2024-07-13 17:49:34,0.08884
2024-07-13 17:49:35,0.05984
2024-07-13 17:49:36,0.041024
2024-07-13 17:49:37,0.021848
2024-07-13 17:49:38,0.044648
2024-07-13 17:49:39,0.023416
2024-07-13 17:49:40,0.032776
2024-07-13 17:49:41,0.013096
2024-07-13 17:49:42,0.07376
2024-07-13 17:49:43,0.015816
2024-07-13 17:49:44,0.016424
2024-07-13 17:49:45,0.022112
2024-07-13 17:49:46,0.04216
2024-07-13 17:49:47,0.011952
2024-07-13 17:49:48,0.020368
2024-07-13 17:49:49,0.018328
2024-07-13 17:49:50,0.015624
2024-07-13 17:49:51,0.02424
2024-07-13 17:49:52,0.013056
2024-07-13 17:49:53,0.01068
2024-07-13 17:49:54,0.015864
2024-07-13 17:49:55,0.031856
2024-07-13 17:49:56,0.014864
2024-07-13 17:49:57,0.016704
2024-07-13 17:49:58,0.038248
2024-07-13 17:49:59,0.040368
2024-07-13 17:50:00,0.024328
2024-07-13 17:50:01,0.024856
2024-07-13 17:50:02,0.017096
2024-07-13 17:50:03,0.105136
2024-07-13 17:50:04,0.111064
2024-07-13 17:50:05,0.029896
2024-07-13 17:50:06,0.041528
2024-07-13 17:50:07,0.043888
2024-07-13 17:50:08,0.020928
2024-07-13 17:50:09,0.086184
2024-07-13 17:50:10,0.178248
2024-07-13 17:50:11,0.254856
2024-07-13 17:50:12,0.285352
2024-07-13 17:50:13,0.32824
2024-07-13 17:50:14,0.372672
2024-07-13 17:50:15,0.387872
2024-07-13 17:50:16,0.338584
2024-07-13 17:50:17,0.471176
2024-07-13 17:50:18,0.449712
2024-07-13 17:50:19,0.355664
2024-07-13 17:50:20,0.433736
2024-07-13 17:50:21,0.324056
2024-07-13 17:50:22,0.309608
2024-07-13 17:50:23,0.260072
2024-07-13 17:50:24,0.268032
2024-07-13 17:50:25,0.26644
2024-07-13 17:50:26,0.1556
2024-07-13 17:50:27,0.172464
2024-07-13 17:50:28,0.140048
2024-07-13 17:50:29,0.049064
2024-07-13 17:50:30,0.0314
2024-07-13 17:50:31,0.035784
2024-07-13 17:50:32,0.206192
2024-07-13 17:50:33,0.03232
2024-07-13 17:50:34,0.15936
2024-07-13 17:50:35,0.064544
2024-07-13 17:50:36,0.036528
2024-07-13 17:50:37,0.026688
2024-07-13 17:50:38,0.01824
2024-07-13 17:50:39,0.019416
2024-07-13 17:50:40,0.016072
2024-07-13 17:50:41,0.027712
2024-07-13 17:50:42,0.014912
2024-07-13 17:50:43,0.015656
2024-07-13 17:50:44,0.022496
2024-07-13 17:50:45,0.023888
2024-07-13 17:50:46,0.025624
2024-07-13 17:50:47,0.030032
2024-07-13 17:50:48,0.02192
2024-07-13 17:50:49,0.024136
2024-07-13 17:50:50,0.033496
2024-07-13 17:50:51,0.022032
2024-07-13 17:50:52,0.02124
2024-07-13 17:50:53,0.013376
2024-07-13 17:50:54,0.034616
2024-07-13 17:50:55,0.029072
2024-07-13 17:50:56,0.015944
2024-07-13 17:50:57,0.017928
2024-07-13 17:50:58,0.043296
2024-07-13 17:50:59,0.06232
2024-07-13 17:51:00,0.040984
2024-07-13 17:51:01,0.01804
2024-07-13 17:51:02,0.018104
2024-07-13 17:51:03,0.0196
2024-07-13 17:51:04,0.067904
2024-07-13 17:51:05,0.15376
2024-07-13 17:51:06,0.045
2024-07-13 17:51:07,0.036512
2024-07-13 17:51:08,0.040312
2024-07-13 17:51:09,0.038232
2024-07-13 17:51:10,0.069104
2024-07-13 17:51:11,0.166784
2024-07-13 17:51:12,0.220392
2024-07-13 17:51:13,0.295016
2024-07-13 17:51:14,0.318624
2024-07-13 17:51:15,0.350072
2024-07-13 17:51:16,0.355664
2024-07-13 17:51:17,0.363888
2024-07-13 17:51:18,0.459392
2024-07-13 17:51:19,0.433
2024-07-13 17:51:20,0.3048
2024-07-13 17:51:21,0.276808
2024-07-13 17:51:22,0.347856
2024-07-13 17:51:23,0.238824
2024-07-13 17:51:24,0.173632
2024-07-13 17:51:25,0.164544
2024-07-13 17:51:26,0.16184
2024-07-13 17:51:27,0.201328
2024-07-13 17:51:28,0.148088
2024-07-13 17:51:29,0.060544
2024-07-13 17:51:30,0.088864
2024-07-13 17:51:31,0.031088
2024-07-13 17:51:32,0.090688
2024-07-13 17:51:33,0.179104
2024-07-13 17:51:34,0.026224
2024-07-13 17:51:35,0.155008
2024-07-13 17:51:36,0.060208
2024-07-13 17:51:37,0.034704
2024-07-13 17:51:38,0.05032
2024-07-13 17:51:39,0.029072
2024-07-13 17:51:40,0.026504
2024-07-13 17:51:41,0.017664
2024-07-13 17:51:42,0.01332
2024-07-13 17:51:43,0.023688
2024-07-13 17:51:44,0.02428
2024-07-13 17:51:45,0.028376
2024-07-13 17:51:46,0.015208
2024-07-13 17:51:47,0.013056
2024-07-13 17:51:48,0.01068
2024-07-13 17:51:49,0.015216
2024-07-13 17:51:50,0.011168
2024-07-13 17:51:51,0.01732
2024-07-13 17:51:52,0.01068
2024-07-13 17:51:53,0.013056
2024-07-13 17:51:54,0.01068
2024-07-13 17:51:55,0.041032
2024-07-13 17:51:56,0.01788
2024-07-13 17:51:57,0.021344
2024-07-13 17:51:58,0.0474
2024-07-13 17:51:59,0.082528
2024-07-13 17:52:00,0.118776
2024-07-13 17:52:01,0.095008
2024-07-13 17:52:02,0.14672
2024-07-13 17:52:03,0.141936
2024-07-13 17:52:04,0.17972
2024-07-13 17:52:05,0.183608
2024-07-13 17:52:06,0.20332
2024-07-13 17:52:07,0.118832
2024-07-13 17:52:08,0.109896
2024-07-13 17:52:09,0.06496
2024-07-13 17:52:10,0.200056
2024-07-13 17:52:11,0.14836
2024-07-13 17:52:12,0.113664
2024-07-13 17:52:13,0.04936
2024-07-13 17:52:14,0.019088
2024-07-13 17:52:15,0.048064
2024-07-13 17:52:16,0.019896
2024-07-13 17:52:17,0.035328
2024-07-13 17:52:18,0.05524
2024-07-13 17:52:19,0.043344
2024-07-13 17:52:20,0.024776
2024-07-13 17:52:21,0.025752
2024-07-13 17:52:22,0.02212
2024-07-13 17:52:23,0.0156
2024-07-13 17:52:24,0.024144
2024-07-13 17:52:25,0.040184
2024-07-13 17:52:26,0.01908
2024-07-13 17:52:27,0.021576
2024-07-13 17:52:28,0.013376
2024-07-13 17:52:29,0.016824
2024-07-13 17:52:30,0.0162
2024-07-13 17:52:31,0.010832
2024-07-13 17:52:32,0.039472
2024-07-13 17:52:33,0.032384
2024-07-13 17:52:34,0.026824
2024-07-13 17:52:35,0.045992
2024-07-13 17:52:36,0.038864
2024-07-13 17:52:37,0.046616
2024-07-13 17:52:38,0.070464
2024-07-13 17:52:39,0.053088
2024-07-13 17:52:40,0.05636
2024-07-13 17:52:41,0.163648
2024-07-13 17:52:42,0.075928
2024-07-13 17:52:43,0.021928
2024-07-13 17:52:44,0.050656
2024-07-13 17:52:45,0.029632
2024-07-13 17:52:46,0.026768
2024-07-13 17:52:47,0.119208
2024-07-13 17:52:48,0.19776
2024-07-13 17:52:49,0.230152
2024-07-13 17:52:50,0.275536
2024-07-13 17:52:51,0.29156
2024-07-13 17:52:52,0.276568
2024-07-13 17:52:53,0.400088
2024-07-13 17:52:54,0.476024
2024-07-13 17:52:55,0.325392
2024-07-13 17:52:56,0.286384
2024-07-13 17:52:57,0.284872
2024-07-13 17:52:58,0.251312
2024-07-13 17:52:59,0.15284
2024-07-13 17:53:00,0.096144
2024-07-13 17:53:01,0.112392
2024-07-13 17:53:02,0.118104
2024-07-13 17:53:03,0.039216
2024-07-13 17:53:04,0.030584
2024-07-13 17:53:05,0.049808
2024-07-13 17:53:06,0.175952
2024-07-13 17:53:07,0.036264
2024-07-13 17:53:08,0.154368
2024-07-13 17:53:09,0.04468
2024-07-13 17:53:10,0.027928
2024-07-13 17:53:11,0.029416
2024-07-13 17:53:12,0.01932
2024-07-13 17:53:13,0.012624
2024-07-13 17:53:14,0.020272
2024-07-13 17:53:15,0.014072
2024-07-13 17:53:16,0.014832
2024-07-13 17:53:17,0.013432
2024-07-13 17:53:18,0.015112
2024-07-13 17:53:19,0.017152
2024-07-13 17:53:20,0.015368
2024-07-13 17:53:21,0.012704
2024-07-13 17:53:22,0.013352
2024-07-13 17:53:23,0.012416
2024-07-13 17:53:24,0.013688
2024-07-13 17:53:25,0.019272
2024-07-13 17:53:26,0.033048
2024-07-13 17:53:27,0.016096
2024-07-13 17:53:28,0.027584
2024-07-13 17:53:29,0.016016
2024-07-13 17:53:30,0.017504
2024-07-13 17:53:31,0.01552
2024-07-13 17:53:32,0.01296
2024-07-13 17:53:33,0.0202
2024-07-13 17:53:34,0.015944
2024-07-13 17:53:35,0.021904
2024-07-13 17:53:36,0.016912
2024-07-13 17:53:37,0.013056
2024-07-13 17:53:38,0.132472
2024-07-13 17:53:39,0.086416
2024-07-13 17:53:40,0.021536
2024-07-13 17:53:41,0.035768
2024-07-13 17:53:42,0.03688
2024-07-13 17:53:43,0.023224
2024-07-13 17:53:44,0.104168
2024-07-13 17:53:45,0.230136
2024-07-13 17:53:46,0.288664
2024-07-13 17:53:47,0.330056
2024-07-13 17:53:48,0.327088
2024-07-13 17:53:49,0.393848
2024-07-13 17:53:50,0.456896
2024-07-13 17:53:51,0.411496
2024-07-13 17:53:52,0.471896
2024-07-13 17:53:53,0.36272
2024-07-13 17:53:54,0.350176
2024-07-13 17:53:55,0.381888
2024-07-13 17:53:56,0.375488
2024-07-13 17:53:57,0.302672
2024-07-13 17:53:58,0.254152
2024-07-13 17:53:59,0.312368
2024-07-13 17:54:00,0.097896
2024-07-13 17:54:01,0.11092
2024-07-13 17:54:02,0.092904
2024-07-13 17:54:03,0.071432
2024-07-13 17:54:04,0.047872
2024-07-13 17:54:05,0.019112
2024-07-13 17:54:06,0.057768
2024-07-13 17:54:07,0.131336
2024-07-13 17:54:08,0.025264
2024-07-13 17:54:09,0.108016
2024-07-13 17:54:10,0.030296
2024-07-13 17:54:11,0.055416
2024-07-13 17:54:12,0.022696
2024-07-13 17:54:13,0.024032
2024-07-13 17:54:14,0.028176
2024-07-13 17:54:15,0.024424
2024-07-13 17:54:16,0.024016
2024-07-13 17:54:17,0.011168
2024-07-13 17:54:18,0.013056
2024-07-13 17:54:19,0.01068
2024-07-13 17:54:20,0.023408
2024-07-13 17:54:21,0.01068
2024-07-13 17:54:22,0.013056
2024-07-13 17:54:23,0.01068
2024-07-13 17:54:24,0.027056
2024-07-13 17:54:25,0.020776
2024-07-13 17:54:26,0.01208
2024-07-13 17:54:27,0.01068
2024-07-13 17:54:28,0.013056
2024-07-13 17:54:29,0.016488
2024-07-13 17:54:30,0.013496
2024-07-13 17:54:31,0.027504
2024-07-13 17:54:32,0.017584
2024-07-13 17:54:33,0.018128
2024-07-13 17:54:34,0.01344
2024-07-13 17:54:35,0.014384
2024-07-13 17:54:36,0.01068
2024-07-13 17:54:37,0.014152
2024-07-13 17:54:38,0.016016
2024-07-13 17:54:39,0.073128
2024-07-13 17:54:40,0.078688
2024-07-13 17:54:41,0.021064
2024-07-13 17:54:42,0.03944
2024-07-13 17:54:43,0.035544
2024-07-13 17:54:44,0.019504
2024-07-13 17:54:45,0.062288
2024-07-13 17:54:46,0.151248
2024-07-13 17:54:47,0.199328
2024-07-13 17:54:48,0.222328
2024-07-13 17:54:49,0.285536
2024-07-13 17:54:50,0.29516
2024-07-13 17:54:51,0.287096
2024-07-13 17:54:52,0.339056
2024-07-13 17:54:53,0.401128
2024-07-13 17:54:54,0.298536
2024-07-13 17:54:55,0.23516
2024-07-13 17:54:56,0.286424
2024-07-13 17:54:57,0.23272
2024-07-13 17:54:58,0.225656
2024-07-13 17:54:59,0.187368
2024-07-13 17:55:00,0.16064
2024-07-13 17:55:01,0.236408
2024-07-13 17:55:02,0.08668
2024-07-13 17:55:03,0.095416
2024-07-13 17:55:04,0.04624
2024-07-13 17:55:05,0.029616
2024-07-13 17:55:06,0.026104
2024-07-13 17:55:07,0.012024
