time,mbps
2024-07-14 13:28:51,0.239488
2024-07-14 13:28:52,0.011008
2024-07-14 13:28:53,0.027992
2024-07-14 13:28:54,0.034144
2024-07-14 13:28:55,0.016448
2024-07-14 13:28:56,0.040104
2024-07-14 13:28:57,0.394824
2024-07-14 13:28:58,0.030872
2024-07-14 13:28:59,0.069792
2024-07-14 13:29:00,0.044048
2024-07-14 13:29:01,0.02568
2024-07-14 13:29:02,0.048016
2024-07-14 13:29:03,0.028192
2024-07-14 13:29:04,0.031816
2024-07-14 13:29:05,0.031664
2024-07-14 13:29:06,0.032704
2024-07-14 13:29:07,0.034928
2024-07-14 13:29:08,0.034008
2024-07-14 13:29:09,0.032584
2024-07-14 13:29:10,0.03004
2024-07-14 13:29:11,0.02532
2024-07-14 13:29:12,0.029744
2024-07-14 13:29:13,0.022096
2024-07-14 13:29:14,0.021952
2024-07-14 13:29:15,0.019592
2024-07-14 13:29:16,0.021856
2024-07-14 13:29:17,0.017296
2024-07-14 13:29:18,0.021952
2024-07-14 13:29:19,0.020104
2024-07-14 13:29:20,0.022856
2024-07-14 13:29:21,0.018592
2024-07-14 13:29:22,0.022952
2024-07-14 13:29:23,0.023592
2024-07-14 13:29:24,0.022952
2024-07-14 13:29:25,0.020496
2024-07-14 13:29:26,0.022856
2024-07-14 13:29:27,0.018592
2024-07-14 13:29:28,0.022952
2024-07-14 13:29:29,0.022496
2024-07-14 13:29:30,0.022856
2024-07-14 13:29:31,0.018592
2024-07-14 13:29:32,0.022952
2024-07-14 13:29:33,0.021496
2024-07-14 13:29:34,0.023952
2024-07-14 13:29:35,0.022496
2024-07-14 13:29:36,0.022952
2024-07-14 13:29:37,0.021496
2024-07-14 13:29:38,0.023952
2024-07-14 13:29:39,0.020496
2024-07-14 13:29:40,0.022856
2024-07-14 13:29:41,0.020896
2024-07-14 13:29:42,0.024856
2024-07-14 13:29:43,0.022592
2024-07-14 13:29:44,0.023952
2024-07-14 13:29:45,0.0214
2024-07-14 13:29:46,0.024464
2024-07-14 13:29:47,0.020592
2024-07-14 13:29:48,0.023952
2024-07-14 13:29:49,0.021496
2024-07-14 13:29:50,0.023952
2024-07-14 13:29:51,0.022592
2024-07-14 13:29:52,0.023856
2024-07-14 13:29:53,0.0214
2024-07-14 13:29:54,0.022952
2024-07-14 13:29:55,0.021592
2024-07-14 13:29:56,0.020952
2024-07-14 13:29:57,0.0204
2024-07-14 13:29:58,0.024952
2024-07-14 13:29:59,0.019992
2024-07-14 13:30:00,0.018952
2024-07-14 13:30:01,0.016592
2024-07-14 13:30:02,0.02176
2024-07-14 13:30:03,0.019496
2024-07-14 13:30:04,0.019856
2024-07-14 13:30:05,0.019496
2024-07-14 13:30:06,0.022952
2024-07-14 13:30:07,0.021592
2024-07-14 13:30:08,0.021048
2024-07-14 13:30:09,0.0184
2024-07-14 13:30:10,0.023048
2024-07-14 13:30:11,0.0194
2024-07-14 13:30:12,0.017856
2024-07-14 13:30:13,0.017496
2024-07-14 13:30:14,0.023952
2024-07-14 13:30:15,0.022496
2024-07-14 13:30:16,0.021952
2024-07-14 13:30:17,0.018496
2024-07-14 13:30:18,0.022952
2024-07-14 13:30:19,0.031248
2024-07-14 13:30:20,0.022664
2024-07-14 13:30:21,0.020304
2024-07-14 13:30:22,0.0428
2024-07-14 13:30:23,0.074496
2024-07-14 13:30:24,0.005608
2024-07-14 13:30:25,0.002216
2024-07-14 13:30:26,0.01052
2024-07-14 13:30:27,0.004208
2024-07-14 13:30:28,0.009272
2024-07-14 13:30:29,0.006776
2024-07-14 13:30:30,0.008664
2024-07-14 13:30:31,0.011336
2024-07-14 13:30:32,0.015432
2024-07-14 13:30:33,0.007808
2024-07-14 13:30:34,0.00816
2024-07-14 13:30:35,0.020168
2024-07-14 13:30:36,0.018792
2024-07-14 13:30:37,0.006784
2024-07-14 13:30:38,0.01188
2024-07-14 13:30:39,0.01028
2024-07-14 13:30:40,0.017344
2024-07-14 13:30:41,0.012048
2024-07-14 13:30:42,0.031888
2024-07-14 13:30:43,0.031808
2024-07-14 13:30:44,0.019968
2024-07-14 13:30:45,0.020792
2024-07-14 13:30:46,0.026344
2024-07-14 13:30:47,0.010944
2024-07-14 13:30:48,0.030344
2024-07-14 13:30:49,0.03804
2024-07-14 13:30:50,0.037696
2024-07-14 13:30:51,0.033528
2024-07-14 13:30:52,0.026384
2024-07-14 13:30:53,0.017704
2024-07-14 13:30:54,0.015424
2024-07-14 13:30:55,0.008808
2024-07-14 13:30:56,0.008856
2024-07-14 13:30:57,0.003736
2024-07-14 13:30:58,0.023648
2024-07-14 13:30:59,0.018712
2024-07-14 13:31:00,0.0214
2024-07-14 13:31:01,0.169512
2024-07-14 13:31:02,0.05292
2024-07-14 13:31:03,0.072168
2024-07-14 13:31:04,0.073736
2024-07-14 13:31:05,0.065312
2024-07-14 13:31:06,0.05296
2024-07-14 13:31:07,0.099984
2024-07-14 13:31:08,0.045848
2024-07-14 13:31:09,0.035568
2024-07-14 13:31:10,0.055064
2024-07-14 13:31:11,0.06376
2024-07-14 13:31:12,0.05692
2024-07-14 13:31:13,0.070624
2024-07-14 13:31:14,0.055016
2024-07-14 13:31:15,0.062096
2024-07-14 13:31:16,0.057816
2024-07-14 13:31:17,0.093312
2024-07-14 13:31:18,0.112112
2024-07-14 13:31:19,0.153136
2024-07-14 13:31:20,0.077488
2024-07-14 13:31:21,0.081576
2024-07-14 13:31:22,0.0876
2024-07-14 13:31:23,0.069568
2024-07-14 13:31:24,0.059136
2024-07-14 13:31:25,0.067072
2024-07-14 13:31:26,0.06732
2024-07-14 13:31:27,0.032936
2024-07-14 13:31:28,0.02476
2024-07-14 13:31:29,0.056496
2024-07-14 13:31:30,0.097008
2024-07-14 13:31:31,0.050336
2024-07-14 13:31:32,0.152216
2024-07-14 13:31:33,0.046336
2024-07-14 13:31:34,0.020752
2024-07-14 13:31:35,0.009624
2024-07-14 13:31:36,0.012032
2024-07-14 13:31:37,0.012608
2024-07-14 13:31:38,0.014632
2024-07-14 13:31:39,0.027368
2024-07-14 13:31:40,0.016256
2024-07-14 13:31:41,0.023224
2024-07-14 13:31:42,0.030904
2024-07-14 13:31:43,0.024152
2024-07-14 13:31:44,0.020712
2024-07-14 13:31:45,0.02824
2024-07-14 13:31:46,0.013448
2024-07-14 13:31:47,0.056888
2024-07-14 13:31:48,0.0256
2024-07-14 13:31:49,0.027232
2024-07-14 13:31:50,0.03956
2024-07-14 13:31:51,0.011616
2024-07-14 13:31:52,0.009864
2024-07-14 13:31:53,0.040536
2024-07-14 13:31:54,0.032624
2024-07-14 13:31:55,0.03044
2024-07-14 13:31:56,0.017272
2024-07-14 13:31:57,0.038368
2024-07-14 13:31:58,0.050632
2024-07-14 13:31:59,0.020328
2024-07-14 13:32:00,0.050792
2024-07-14 13:32:01,0.032632
2024-07-14 13:32:02,0.11936
2024-07-14 13:32:03,0.01528
2024-07-14 13:32:04,0.034648
2024-07-14 13:32:05,0.080152
2024-07-14 13:32:06,0.0948
2024-07-14 13:32:07,0.092896
2024-07-14 13:32:08,0.11152
2024-07-14 13:32:09,0.146744
2024-07-14 13:32:10,0.100448
2024-07-14 13:32:11,0.121104
2024-07-14 13:32:12,0.152392
2024-07-14 13:32:13,0.128544
2024-07-14 13:32:14,0.084088
2024-07-14 13:32:15,0.051072
2024-07-14 13:32:16,0.135216
2024-07-14 13:32:17,0.179696
2024-07-14 13:32:18,0.116936
2024-07-14 13:32:19,0.042552
2024-07-14 13:32:20,0.056672
2024-07-14 13:32:21,0.059944
2024-07-14 13:32:22,0.060136
2024-07-14 13:32:23,0.04952
2024-07-14 13:32:24,0.037768
2024-07-14 13:32:25,0.018352
2024-07-14 13:32:26,0.039776
2024-07-14 13:32:27,0.04308
2024-07-14 13:32:28,0.020392
2024-07-14 13:32:29,0.01792
2024-07-14 13:32:30,0.036664
2024-07-14 13:32:31,0.037048
2024-07-14 13:32:32,0.0474
2024-07-14 13:32:33,0.030384
2024-07-14 13:32:34,0.01068
2024-07-14 13:32:35,0.015552
2024-07-14 13:32:36,0.016632
2024-07-14 13:32:37,0.12904
2024-07-14 13:32:38,0.029944
2024-07-14 13:32:39,0.039408
2024-07-14 13:32:40,0.076072
2024-07-14 13:32:41,0.091384
2024-07-14 13:32:42,0.102496
2024-07-14 13:32:43,0.13
2024-07-14 13:32:44,0.146488
2024-07-14 13:32:45,0.123024
2024-07-14 13:32:46,0.159632
2024-07-14 13:32:47,0.158712
2024-07-14 13:32:48,0.14488
2024-07-14 13:32:49,0.117584
2024-07-14 13:32:50,0.091352
2024-07-14 13:32:51,0.054424
2024-07-14 13:32:52,0.162016
2024-07-14 13:32:53,0.07696
2024-07-14 13:32:54,0.110624
2024-07-14 13:32:55,0.025184
2024-07-14 13:32:56,0.0134
2024-07-14 13:32:57,0.02784
2024-07-14 13:32:58,0.030688
2024-07-14 13:32:59,0.070896
2024-07-14 13:33:00,0.028448
2024-07-14 13:33:01,0.026848
2024-07-14 13:33:02,0.024008
2024-07-14 13:33:03,0.029464
2024-07-14 13:33:04,0.029024
2024-07-14 13:33:05,0.0356
2024-07-14 13:33:06,0.02912
2024-07-14 13:33:07,0.030104
2024-07-14 13:33:08,0.026096
2024-07-14 13:33:09,0.032128
2024-07-14 13:33:10,0.033504
2024-07-14 13:33:11,0.048248
2024-07-14 13:33:12,0.046
2024-07-14 13:33:13,0.028552
2024-07-14 13:33:14,0.040168
2024-07-14 13:33:15,0.065944
2024-07-14 13:33:16,0.062448
2024-07-14 13:33:17,0.038464
2024-07-14 13:33:18,0.063848
2024-07-14 13:33:19,0.058768
2024-07-14 13:33:20,0.121784
2024-07-14 13:33:21,0.06104
2024-07-14 13:33:22,0.035088
2024-07-14 13:33:23,0.054736
2024-07-14 13:33:24,0.044104
2024-07-14 13:33:25,0.051344
2024-07-14 13:33:26,0.041408
2024-07-14 13:33:27,0.018688
2024-07-14 13:33:28,0.011752
2024-07-14 13:33:29,0.020232
2024-07-14 13:33:30,0.020632
2024-07-14 13:33:31,0.014312
2024-07-14 13:33:32,0.029848
2024-07-14 13:33:33,0.019688
2024-07-14 13:33:34,0.025104
2024-07-14 13:33:35,0.02388
2024-07-14 13:33:36,0.024496
2024-07-14 13:33:37,0.02504
2024-07-14 13:33:38,0.026856
2024-07-14 13:33:39,0.020176
2024-07-14 13:33:40,0.017728
2024-07-14 13:33:41,0.024832
2024-07-14 13:33:42,0.03996
2024-07-14 13:33:43,0.142176
2024-07-14 13:33:44,0.117304
2024-07-14 13:33:45,0.047224
2024-07-14 13:33:46,0.063416
2024-07-14 13:33:47,0.064824
2024-07-14 13:33:48,0.07068
2024-07-14 13:33:49,0.071712
2024-07-14 13:33:50,0.100272
2024-07-14 13:33:51,0.11188
2024-07-14 13:33:52,0.126264
2024-07-14 13:33:53,0.1248
2024-07-14 13:33:54,0.159352
2024-07-14 13:33:55,0.147296
2024-07-14 13:33:56,0.143272
2024-07-14 13:33:57,0.267896
2024-07-14 13:33:58,0.267712
2024-07-14 13:33:59,0.209952
2024-07-14 13:34:00,0.112096
2024-07-14 13:34:01,0.12
2024-07-14 13:34:02,0.126096
2024-07-14 13:34:03,0.103152
2024-07-14 13:34:04,0.126336
2024-07-14 13:34:05,0.114032
2024-07-14 13:34:06,0.153384
2024-07-14 13:34:07,0.114432
2024-07-14 13:34:08,0.145512
2024-07-14 13:34:09,0.124952
2024-07-14 13:34:10,0.057416
2024-07-14 13:34:11,0.044416
2024-07-14 13:34:12,0.048352
2024-07-14 13:34:13,0.048376
2024-07-14 13:34:14,0.046136
2024-07-14 13:34:15,0.050904
2024-07-14 13:34:16,0.053712
2024-07-14 13:34:17,0.05212
2024-07-14 13:34:18,0.06052
2024-07-14 13:34:19,0.0374
2024-07-14 13:34:20,0.05368
2024-07-14 13:34:21,0.206544
2024-07-14 13:34:22,0.086168
2024-07-14 13:34:23,0.036472
2024-07-14 13:34:24,0.200496
2024-07-14 13:34:25,0.085968
2024-07-14 13:34:26,0.056912
2024-07-14 13:34:27,0.053152
2024-07-14 13:34:28,0.039656
2024-07-14 13:34:29,0.050392
2024-07-14 13:34:30,0.022824
2024-07-14 13:34:31,0.032456
2024-07-14 13:34:32,0.04164
2024-07-14 13:34:33,0.036488
2024-07-14 13:34:34,0.039584
2024-07-14 13:34:35,0.027904
2024-07-14 13:34:36,0.051072
2024-07-14 13:34:37,0.028048
2024-07-14 13:34:38,0.021112
2024-07-14 13:34:39,0.030208
2024-07-14 13:34:40,0.033184
2024-07-14 13:34:41,0.033488
2024-07-14 13:34:42,0.019488
2024-07-14 13:34:43,0.01672
2024-07-14 13:34:44,0.015072
2024-07-14 13:34:45,0.016128
2024-07-14 13:34:46,0.030408
2024-07-14 13:34:47,0.021144
2024-07-14 13:34:48,0.027152
2024-07-14 13:34:49,0.019704
2024-07-14 13:34:50,0.01572
2024-07-14 13:34:51,0.025776
2024-07-14 13:34:52,0.020072
2024-07-14 13:34:53,0.021936
2024-07-14 13:34:54,0.13512
2024-07-14 13:34:55,0.121432
2024-07-14 13:34:56,0.020608
2024-07-14 13:34:57,0.070056
2024-07-14 13:34:58,0.06504
2024-07-14 13:34:59,0.043288
2024-07-14 13:35:00,0.095648
2024-07-14 13:35:01,0.099736
2024-07-14 13:35:02,0.107368
2024-07-14 13:35:03,0.140912
2024-07-14 13:35:04,0.163336
2024-07-14 13:35:05,0.137616
2024-07-14 13:35:06,0.145408
2024-07-14 13:35:07,0.260072
2024-07-14 13:35:08,0.316976
2024-07-14 13:35:09,0.231632
2024-07-14 13:35:10,0.138
2024-07-14 13:35:11,0.11504
2024-07-14 13:35:12,0.109952
2024-07-14 13:35:13,0.140904
2024-07-14 13:35:14,0.122512
2024-07-14 13:35:15,0.23668
2024-07-14 13:35:16,0.237376
2024-07-14 13:35:17,0.150384
2024-07-14 13:35:18,0.079352
2024-07-14 13:35:19,0.066352
2024-07-14 13:35:20,0.059544
2024-07-14 13:35:21,0.099736
2024-07-14 13:35:22,0.065064
2024-07-14 13:35:23,0.064688
2024-07-14 13:35:24,0.063816
2024-07-14 13:35:25,0.052944
2024-07-14 13:35:26,0.06268
2024-07-14 13:35:27,0.083592
2024-07-14 13:35:28,0.051496
2024-07-14 13:35:29,0.044472
2024-07-14 13:35:30,0.069576
2024-07-14 13:35:31,0.0488
2024-07-14 13:35:32,0.051976
2024-07-14 13:35:33,0.03896
2024-07-14 13:35:34,0.041384
2024-07-14 13:35:35,0.0412
2024-07-14 13:35:36,0.042488
2024-07-14 13:35:37,0.060144
2024-07-14 13:35:38,0.072936
2024-07-14 13:35:39,0.038776
2024-07-14 13:35:40,0.025168
2024-07-14 13:35:41,0.069408
2024-07-14 13:35:42,0.238488
2024-07-14 13:35:43,0.035896
2024-07-14 13:35:44,0.202936
2024-07-14 13:35:45,0.043392
2024-07-14 13:35:46,0.03268
2024-07-14 13:35:47,0.045856
2024-07-14 13:35:48,0.037192
2024-07-14 13:35:49,0.025776
2024-07-14 13:35:50,0.030112
2024-07-14 13:35:51,0.042488
2024-07-14 13:35:52,0.01948
2024-07-14 13:35:53,0.017984
2024-07-14 13:35:54,0.017736
2024-07-14 13:35:55,0.031544
2024-07-14 13:35:56,0.027072
2024-07-14 13:35:57,0.025
2024-07-14 13:35:58,0.01068
2024-07-14 13:35:59,0.021352
2024-07-14 13:36:00,0.014912
2024-07-14 13:36:01,0.030008
2024-07-14 13:36:02,0.015288
2024-07-14 13:36:03,0.020816
2024-07-14 13:36:04,0.017584
2024-07-14 13:36:05,0.01068
2024-07-14 13:36:06,0.013056
2024-07-14 13:36:07,0.01068
2024-07-14 13:36:08,0.017168
2024-07-14 13:36:09,0.025928
2024-07-14 13:36:10,0.017112
2024-07-14 13:36:11,0.022024
2024-07-14 13:36:12,0.021664
2024-07-14 13:36:13,0.042816
2024-07-14 13:36:14,0.154776
2024-07-14 13:36:15,0.121752
2024-07-14 13:36:16,0.026936
2024-07-14 13:36:17,0.059176
2024-07-14 13:36:18,0.049168
2024-07-14 13:36:19,0.040904
2024-07-14 13:36:20,0.082432
2024-07-14 13:36:21,0.098512
2024-07-14 13:36:22,0.124616
2024-07-14 13:36:23,0.137608
2024-07-14 13:36:24,0.147328
2024-07-14 13:36:25,0.161576
2024-07-14 13:36:26,0.179872
2024-07-14 13:36:27,0.288232
2024-07-14 13:36:28,0.347296
2024-07-14 13:36:29,0.325696
2024-07-14 13:36:30,0.193448
2024-07-14 13:36:31,0.17548
2024-07-14 13:36:32,0.15884
2024-07-14 13:36:33,0.146568
2024-07-14 13:36:34,0.160568
2024-07-14 13:36:35,0.16592
2024-07-14 13:36:36,0.129296
2024-07-14 13:36:37,0.121728
2024-07-14 13:36:38,0.148856
2024-07-14 13:36:39,0.228024
2024-07-14 13:36:40,0.185376
2024-07-14 13:36:41,0.1226
2024-07-14 13:36:42,0.098016
2024-07-14 13:36:43,0.121704
2024-07-14 13:36:44,0.08752
2024-07-14 13:36:45,0.085008
2024-07-14 13:36:46,0.05572
2024-07-14 13:36:47,0.063752
2024-07-14 13:36:48,0.057584
2024-07-14 13:36:49,0.074736
2024-07-14 13:36:50,0.084816
2024-07-14 13:36:51,0.050064
2024-07-14 13:36:52,0.068256
2024-07-14 13:36:53,0.066088
2024-07-14 13:36:54,0.061336
2024-07-14 13:36:55,0.026832
2024-07-14 13:36:56,0.065928
2024-07-14 13:36:57,0.255432
2024-07-14 13:36:58,0.034648
2024-07-14 13:36:59,0.049736
2024-07-14 13:37:00,0.021488
2024-07-14 13:37:01,0.02548
2024-07-14 13:37:02,0.058488
2024-07-14 13:37:03,0.040944
2024-07-14 13:37:04,0.03832
2024-07-14 13:37:05,0.0334
2024-07-14 13:37:06,0.031792
2024-07-14 13:37:07,0.035848
2024-07-14 13:37:08,0.047152
2024-07-14 13:37:09,0.040528
2024-07-14 13:37:10,0.047112
2024-07-14 13:37:11,0.051344
2024-07-14 13:37:12,0.051512
2024-07-14 13:37:13,0.057504
2024-07-14 13:37:14,0.060928
2024-07-14 13:37:15,0.05504
2024-07-14 13:37:16,0.055744
2024-07-14 13:37:17,0.066848
2024-07-14 13:37:18,0.052288
2024-07-14 13:37:19,0.05224
2024-07-14 13:37:20,0.065448
2024-07-14 13:37:21,0.061024
2024-07-14 13:37:22,0.083888
2024-07-14 13:37:23,0.06428
2024-07-14 13:37:24,0.07068
2024-07-14 13:37:25,0.056576
2024-07-14 13:37:26,0.065
2024-07-14 13:37:27,0.067448
2024-07-14 13:37:28,0.055016
2024-07-14 13:37:29,0.067568
2024-07-14 13:37:30,0.051232
2024-07-14 13:37:31,0.060184
2024-07-14 13:37:32,0.05932
2024-07-14 13:37:33,0.061416
2024-07-14 13:37:34,0.055648
2024-07-14 13:37:35,0.104128
2024-07-14 13:37:36,0.040104
2024-07-14 13:37:37,0.11936
2024-07-14 13:37:38,0.130368
2024-07-14 13:37:39,0.057336
2024-07-14 13:37:40,0.048328
2024-07-14 13:37:41,0.051544
2024-07-14 13:37:42,0.024104
2024-07-14 13:37:43,0.028136
2024-07-14 13:37:44,0.03872
2024-07-14 13:37:45,0.022728
2024-07-14 13:37:46,0.019632
2024-07-14 13:37:47,0.022368
2024-07-14 13:37:48,0.0172
2024-07-14 13:37:49,0.023104
2024-07-14 13:37:50,0.035824
2024-07-14 13:37:51,0.0486
2024-07-14 13:37:52,0.0312
2024-07-14 13:37:53,0.02764
2024-07-14 13:37:54,0.042688
2024-07-14 13:37:55,0.021672
2024-07-14 13:37:56,0.03636
2024-07-14 13:37:57,0.014904
2024-07-14 13:37:58,0.024888
2024-07-14 13:37:59,0.046264
2024-07-14 13:38:00,0.052472
2024-07-14 13:38:01,0.022112
2024-07-14 13:38:02,0.033616
2024-07-14 13:38:03,0.054768
2024-07-14 13:38:04,0.043984
2024-07-14 13:38:05,0.020632
2024-07-14 13:38:06,0.064976
2024-07-14 13:38:07,0.030672
2024-07-14 13:38:08,0.036384
2024-07-14 13:38:09,0.037872
2024-07-14 13:38:10,0.032024
2024-07-14 13:38:11,0.033792
2024-07-14 13:38:12,0.039112
2024-07-14 13:38:13,0.049512
2024-07-14 13:38:14,0.033208
2024-07-14 13:38:15,0.047816
2024-07-14 13:38:16,0.03412
2024-07-14 13:38:17,0.1592
2024-07-14 13:38:18,0.14524
2024-07-14 13:38:19,0.033512
2024-07-14 13:38:20,0.049112
2024-07-14 13:38:21,0.05296
2024-07-14 13:38:22,0.066824
2024-07-14 13:38:23,0.103952
2024-07-14 13:38:24,0.146576
2024-07-14 13:38:25,0.139088
2024-07-14 13:38:26,0.18152
2024-07-14 13:38:27,0.219296
2024-07-14 13:38:28,0.199712
2024-07-14 13:38:29,0.218176
2024-07-14 13:38:30,0.335592
2024-07-14 13:38:31,0.379088
2024-07-14 13:38:32,0.23764
2024-07-14 13:38:33,0.2014
2024-07-14 13:38:34,0.191864
2024-07-14 13:38:35,0.274648
2024-07-14 13:38:36,0.176656
2024-07-14 13:38:37,0.18144
2024-07-14 13:38:38,0.14368
2024-07-14 13:38:39,0.243536
2024-07-14 13:38:40,0.207112
2024-07-14 13:38:41,0.085144
2024-07-14 13:38:42,0.149376
2024-07-14 13:38:43,0.103856
2024-07-14 13:38:44,0.069688
2024-07-14 13:38:45,0.119272
2024-07-14 13:38:46,0.120992
2024-07-14 13:38:47,0.073912
2024-07-14 13:38:48,0.076416
2024-07-14 13:38:49,0.084352
2024-07-14 13:38:50,0.074032
2024-07-14 13:38:51,0.130976
2024-07-14 13:38:52,0.059288
2024-07-14 13:38:53,0.061472
2024-07-14 13:38:54,0.066184
2024-07-14 13:38:55,0.072144
2024-07-14 13:38:56,0.042864
2024-07-14 13:38:57,0.051712
2024-07-14 13:38:58,0.06872
2024-07-14 13:38:59,0.040752
2024-07-14 13:39:00,0.063256
2024-07-14 13:39:01,0.286312
2024-07-14 13:39:02,0.052336
2024-07-14 13:39:03,0.209296
2024-07-14 13:39:04,0.1012
2024-07-14 13:39:05,0.09572
2024-07-14 13:39:06,0.0526
2024-07-14 13:39:07,0.02536
2024-07-14 13:39:08,0.032832
2024-07-14 13:39:09,0.024504
2024-07-14 13:39:10,0.029744
2024-07-14 13:39:11,0.02812
2024-07-14 13:39:12,0.030136
2024-07-14 13:39:13,0.02056
2024-07-14 13:39:14,0.016928
2024-07-14 13:39:15,0.017504
2024-07-14 13:39:16,0.03
2024-07-14 13:39:17,0.026536
2024-07-14 13:39:18,0.024856
2024-07-14 13:39:19,0.026048
2024-07-14 13:39:20,0.026808
2024-07-14 13:39:21,0.020824
2024-07-14 13:39:22,0.03068
2024-07-14 13:39:23,0.023816
2024-07-14 13:39:24,0.015504
2024-07-14 13:39:25,0.027176
2024-07-14 13:39:26,0.017112
2024-07-14 13:39:27,0.048248
2024-07-14 13:39:28,0.033184
2024-07-14 13:39:29,0.015016
2024-07-14 13:39:30,0.01516
2024-07-14 13:39:31,0.01576
2024-07-14 13:39:32,0.020488
2024-07-14 13:39:33,0.14092
2024-07-14 13:39:34,0.166416
2024-07-14 13:39:35,0.0476
2024-07-14 13:39:36,0.047056
2024-07-14 13:39:37,0.059416
2024-07-14 13:39:38,0.058304
2024-07-14 13:39:39,0.08672
2024-07-14 13:39:40,0.15252
2024-07-14 13:39:41,0.135072
2024-07-14 13:39:42,0.195712
2024-07-14 13:39:43,0.19048
2024-07-14 13:39:44,0.229632
2024-07-14 13:39:45,0.263856
2024-07-14 13:39:46,0.407592
2024-07-14 13:39:47,0.39032
2024-07-14 13:39:48,0.429224
2024-07-14 13:39:49,0.228272
2024-07-14 13:39:50,0.18636
2024-07-14 13:39:51,0.224408
2024-07-14 13:39:52,0.284904
2024-07-14 13:39:53,0.157664
2024-07-14 13:39:54,0.130952
2024-07-14 13:39:55,0.116232
2024-07-14 13:39:56,0.104856
2024-07-14 13:39:57,0.13148
2024-07-14 13:39:58,0.098008
2024-07-14 13:39:59,0.062808
2024-07-14 13:40:00,0.053776
2024-07-14 13:40:01,0.079504
2024-07-14 13:40:02,0.055152
2024-07-14 13:40:03,0.051616
2024-07-14 13:40:04,0.040368
2024-07-14 13:40:05,0.050304
2024-07-14 13:40:06,0.055928
2024-07-14 13:40:07,0.056536
2024-07-14 13:40:08,0.05448
2024-07-14 13:40:09,0.063184
2024-07-14 13:40:10,0.060504
2024-07-14 13:40:11,0.071272
2024-07-14 13:40:12,0.057664
2024-07-14 13:40:13,0.054896
2024-07-14 13:40:14,0.052056
2024-07-14 13:40:15,0.056368
2024-07-14 13:40:16,0.078056
2024-07-14 13:40:17,0.063064
2024-07-14 13:40:18,0.071224
2024-07-14 13:40:19,0.065872
2024-07-14 13:40:20,0.033448
2024-07-14 13:40:21,0.047072
2024-07-14 13:40:22,0.042048
2024-07-14 13:40:23,0.06652
2024-07-14 13:40:24,0.295664
2024-07-14 13:40:25,0.083248
2024-07-14 13:40:26,0.331224
2024-07-14 13:40:27,0.066872
2024-07-14 13:40:28,0.076648
2024-07-14 13:40:29,0.036256
2024-07-14 13:40:30,0.042952
2024-07-14 13:40:31,0.045832
2024-07-14 13:40:32,0.025936
2024-07-14 13:40:33,0.032216
2024-07-14 13:40:34,0.027008
2024-07-14 13:40:35,0.039456
2024-07-14 13:40:36,0.028104
2024-07-14 13:40:37,0.023184
2024-07-14 13:40:38,0.020512
2024-07-14 13:40:39,0.023824
2024-07-14 13:40:40,0.02396
2024-07-14 13:40:41,0.016992
2024-07-14 13:40:42,0.020624
2024-07-14 13:40:43,0.018608
2024-07-14 13:40:44,0.042528
2024-07-14 13:40:45,0.018992
2024-07-14 13:40:46,0.109568
2024-07-14 13:40:47,0.018904
2024-07-14 13:40:48,0.04528
2024-07-14 13:40:49,0.118776
2024-07-14 13:40:50,0.168088
2024-07-14 13:40:51,0.16196
2024-07-14 13:40:52,0.16768
2024-07-14 13:40:53,0.180424
2024-07-14 13:40:54,0.256744
2024-07-14 13:40:55,0.211808
2024-07-14 13:40:56,0.365784
2024-07-14 13:40:57,0.39484
2024-07-14 13:40:58,0.385792
2024-07-14 13:40:59,0.225664
2024-07-14 13:41:00,0.189232
2024-07-14 13:41:01,0.161488
2024-07-14 13:41:02,0.14484
2024-07-14 13:41:03,0.140592
2024-07-14 13:41:04,0.10124
2024-07-14 13:41:05,0.242696
2024-07-14 13:41:06,0.211528
2024-07-14 13:41:07,0.177704
2024-07-14 13:41:08,0.1382
2024-07-14 13:41:09,0.082472
2024-07-14 13:41:10,0.067032
2024-07-14 13:41:11,0.054464
2024-07-14 13:41:12,0.029856
2024-07-14 13:41:13,0.033776
2024-07-14 13:41:14,0.046464
2024-07-14 13:41:15,0.053632
2024-07-14 13:41:16,0.059464
2024-07-14 13:41:17,0.050752
2024-07-14 13:41:18,0.03644
2024-07-14 13:41:19,0.071848
2024-07-14 13:41:20,0.077976
2024-07-14 13:41:21,0.030336
2024-07-14 13:41:22,0.041392
2024-07-14 13:41:23,0.05184
2024-07-14 13:41:24,0.03316
2024-07-14 13:41:25,0.032744
2024-07-14 13:41:26,0.04164
2024-07-14 13:41:27,0.05808
2024-07-14 13:41:28,0.063712
2024-07-14 13:41:29,0.031488
2024-07-14 13:41:30,0.043352
2024-07-14 13:41:31,0.03572
2024-07-14 13:41:32,0.035192
2024-07-14 13:41:33,0.032984
2024-07-14 13:41:34,0.032848
2024-07-14 13:41:35,0.03132
2024-07-14 13:41:36,0.095568
2024-07-14 13:41:37,0.215944
2024-07-14 13:41:38,0.060408
2024-07-14 13:41:39,0.03328
2024-07-14 13:41:40,0.089552
2024-07-14 13:41:41,0.075592
2024-07-14 13:41:42,0.086832
2024-07-14 13:41:43,0.18324
2024-07-14 13:41:44,0.200392
2024-07-14 13:41:45,0.209744
2024-07-14 13:41:46,0.222032
2024-07-14 13:41:47,0.270024
2024-07-14 13:41:48,0.294984
2024-07-14 13:41:49,0.446232
2024-07-14 13:41:50,0.429856
2024-07-14 13:41:51,0.306336
2024-07-14 13:41:52,0.23044
2024-07-14 13:41:53,0.22616
2024-07-14 13:41:54,0.23524
2024-07-14 13:41:55,0.18424
2024-07-14 13:41:56,0.250304
2024-07-14 13:41:57,0.346216
2024-07-14 13:41:58,0.246768
2024-07-14 13:41:59,0.240672
2024-07-14 13:42:00,0.202576
2024-07-14 13:42:01,0.151768
2024-07-14 13:42:02,0.166544
2024-07-14 13:42:03,0.105848
2024-07-14 13:42:04,0.076128
2024-07-14 13:42:05,0.044528
2024-07-14 13:42:06,0.073048
2024-07-14 13:42:07,0.043504
2024-07-14 13:42:08,0.047816
2024-07-14 13:42:09,0.043712
2024-07-14 13:42:10,0.04864
2024-07-14 13:42:11,0.317688
2024-07-14 13:42:12,0.06444
2024-07-14 13:42:13,0.218944
2024-07-14 13:42:14,0.106072
2024-07-14 13:42:15,0.03484
2024-07-14 13:42:16,0.052168
2024-07-14 13:42:17,0.022968
2024-07-14 13:42:18,0.0342
2024-07-14 13:42:19,0.052304
2024-07-14 13:42:20,0.056448
2024-07-14 13:42:21,0.076096
2024-07-14 13:42:22,0.043648
2024-07-14 13:42:23,0.039576
2024-07-14 13:42:24,0.052008
2024-07-14 13:42:25,0.043736
2024-07-14 13:42:26,0.049328
2024-07-14 13:42:27,0.03896
2024-07-14 13:42:28,0.028056
2024-07-14 13:42:29,0.039328
2024-07-14 13:42:30,0.071432
2024-07-14 13:42:31,0.046408
2024-07-14 13:42:32,0.042104
2024-07-14 13:42:33,0.032784
2024-07-14 13:42:34,0.05964
2024-07-14 13:42:35,0.036936
2024-07-14 13:42:36,0.055904
2024-07-14 13:42:37,0.042944
2024-07-14 13:42:38,0.032456
2024-07-14 13:42:39,0.021976
2024-07-14 13:42:40,0.020216
2024-07-14 13:42:41,0.026584
2024-07-14 13:42:42,0.044744
2024-07-14 13:42:43,0.039528
2024-07-14 13:42:44,0.027016
2024-07-14 13:42:45,0.022464
2024-07-14 13:42:46,0.023128
2024-07-14 13:42:47,0.036512
2024-07-14 13:42:48,0.032296
2024-07-14 13:42:49,0.040776
2024-07-14 13:42:50,0.060224
2024-07-14 13:42:51,0.047416
2024-07-14 13:42:52,0.028752
2024-07-14 13:42:53,0.038696
2024-07-14 13:42:54,0.04556
2024-07-14 13:42:55,0.03172
2024-07-14 13:42:56,0.033776
2024-07-14 13:42:57,0.029264
2024-07-14 13:42:58,0.035608
2024-07-14 13:42:59,0.031232
2024-07-14 13:43:00,0.016352
2024-07-14 13:43:01,0.032232
2024-07-14 13:43:02,0.04076
2024-07-14 13:43:03,0.165272
2024-07-14 13:43:04,0.185096
2024-07-14 13:43:05,0.04812
2024-07-14 13:43:06,0.071464
2024-07-14 13:43:07,0.061016
2024-07-14 13:43:08,0.071176
2024-07-14 13:43:09,0.111208
2024-07-14 13:43:10,0.165976
2024-07-14 13:43:11,0.21224
2024-07-14 13:43:12,0.248704
2024-07-14 13:43:13,0.31788
2024-07-14 13:43:14,0.36644
2024-07-14 13:43:15,0.466344
2024-07-14 13:43:16,0.584928
2024-07-14 13:43:17,0.405336
2024-07-14 13:43:18,0.433872
2024-07-14 13:43:19,0.263584
2024-07-14 13:43:20,0.213776
2024-07-14 13:43:21,0.30704
2024-07-14 13:43:22,0.396152
2024-07-14 13:43:23,0.340448
2024-07-14 13:43:24,0.241032
2024-07-14 13:43:25,0.3408
2024-07-14 13:43:26,0.229696
2024-07-14 13:43:27,0.101264
2024-07-14 13:43:28,0.10988
2024-07-14 13:43:29,0.104712
2024-07-14 13:43:30,0.151688
2024-07-14 13:43:31,0.127376
2024-07-14 13:43:32,0.102432
2024-07-14 13:43:33,0.090808
2024-07-14 13:43:34,0.106208
2024-07-14 13:43:35,0.083112
2024-07-14 13:43:36,0.114152
2024-07-14 13:43:37,0.067784
2024-07-14 13:43:38,0.058808
2024-07-14 13:43:39,0.07728
2024-07-14 13:43:40,0.052696
2024-07-14 13:43:41,0.05336
2024-07-14 13:43:42,0.023784
2024-07-14 13:43:43,0.038328
2024-07-14 13:43:44,0.017768
2024-07-14 13:43:45,0.058352
2024-07-14 13:43:46,0.320928
2024-07-14 13:43:47,0.047424
2024-07-14 13:43:48,0.285416
2024-07-14 13:43:49,0.075176
2024-07-14 13:43:50,0.053696
2024-07-14 13:43:51,0.03904
2024-07-14 13:43:52,0.042064
2024-07-14 13:43:53,0.050616
2024-07-14 13:43:54,0.042424
2024-07-14 13:43:55,0.04248
2024-07-14 13:43:56,0.03352
2024-07-14 13:43:57,0.05704
2024-07-14 13:43:58,0.04132
2024-07-14 13:43:59,0.04676
2024-07-14 13:44:00,0.03388
2024-07-14 13:44:01,0.045696
2024-07-14 13:44:02,0.047728
2024-07-14 13:44:03,0.026784
2024-07-14 13:44:04,0.046496
2024-07-14 13:44:05,0.041384
2024-07-14 13:44:06,0.033616
2024-07-14 13:44:07,0.028096
2024-07-14 13:44:08,0.039192
2024-07-14 13:44:09,0.022648
2024-07-14 13:44:10,0.027248
2024-07-14 13:44:11,0.030816
2024-07-14 13:44:12,0.033032
2024-07-14 13:44:13,0.021728
2024-07-14 13:44:14,0.023472
2024-07-14 13:44:15,0.0204
2024-07-14 13:44:16,0.02004
2024-07-14 13:44:17,0.03848
2024-07-14 13:44:18,0.174064
2024-07-14 13:44:19,0.166872
2024-07-14 13:44:20,0.037528
2024-07-14 13:44:21,0.089048
2024-07-14 13:44:22,0.074344
2024-07-14 13:44:23,0.049616
2024-07-14 13:44:24,0.177584
2024-07-14 13:44:25,0.19228
2024-07-14 13:44:26,0.20292
2024-07-14 13:44:27,0.268752
2024-07-14 13:44:28,0.263976
2024-07-14 13:44:29,0.305736
2024-07-14 13:44:30,0.475312
2024-07-14 13:44:31,0.610088
2024-07-14 13:44:32,0.499328
2024-07-14 13:44:33,0.405504
2024-07-14 13:44:34,0.357328
2024-07-14 13:44:35,0.310752
2024-07-14 13:44:36,0.257544
2024-07-14 13:44:37,0.237104
2024-07-14 13:44:38,0.175376
2024-07-14 13:44:39,0.3486
2024-07-14 13:44:40,0.292072
2024-07-14 13:44:41,0.177976
2024-07-14 13:44:42,0.144568
2024-07-14 13:44:43,0.170728
2024-07-14 13:44:44,0.094056
2024-07-14 13:44:45,0.074136
2024-07-14 13:44:46,0.063096
2024-07-14 13:44:47,0.079552
2024-07-14 13:44:48,0.038008
2024-07-14 13:44:49,0.064424
2024-07-14 13:44:50,0.333704
2024-07-14 13:44:51,0.088824
2024-07-14 13:44:52,0.05872
2024-07-14 13:44:53,0.0248
2024-07-14 13:44:54,0.02044
2024-07-14 13:44:55,0.071312
2024-07-14 13:44:56,0.044376
2024-07-14 13:44:57,0.043912
2024-07-14 13:44:58,0.029768
2024-07-14 13:44:59,0.026824
2024-07-14 13:45:00,0.038688
2024-07-14 13:45:01,0.047664
2024-07-14 13:45:02,0.049176
2024-07-14 13:45:03,0.047048
2024-07-14 13:45:04,0.04668
2024-07-14 13:45:05,0.039048
2024-07-14 13:45:06,0.054352
2024-07-14 13:45:07,0.066688
2024-07-14 13:45:08,0.053544
2024-07-14 13:45:09,0.0574
2024-07-14 13:45:10,0.062792
2024-07-14 13:45:11,0.064616
2024-07-14 13:45:12,0.05688
2024-07-14 13:45:13,0.059344
2024-07-14 13:45:14,0.053728
2024-07-14 13:45:15,0.05048
2024-07-14 13:45:16,0.055232
2024-07-14 13:45:17,0.051112
2024-07-14 13:45:18,0.059632
2024-07-14 13:45:19,0.060312
2024-07-14 13:45:20,0.059
2024-07-14 13:45:21,0.047312
2024-07-14 13:45:22,0.066056
2024-07-14 13:45:23,0.045912
2024-07-14 13:45:24,0.046344
2024-07-14 13:45:25,0.039416
2024-07-14 13:45:26,0.042632
2024-07-14 13:45:27,0.044408
2024-07-14 13:45:28,0.094984
2024-07-14 13:45:29,0.041184
2024-07-14 13:45:30,0.118608
2024-07-14 13:45:31,0.119504
2024-07-14 13:45:32,0.067104
2024-07-14 13:45:33,0.042776
2024-07-14 13:45:34,0.043224
2024-07-14 13:45:35,0.051816
2024-07-14 13:45:36,0.048
2024-07-14 13:45:37,0.040736
2024-07-14 13:45:38,0.071296
2024-07-14 13:45:39,0.034288
2024-07-14 13:45:40,0.044232
2024-07-14 13:45:41,0.069248
2024-07-14 13:45:42,0.039416
2024-07-14 13:45:43,0.06072
2024-07-14 13:45:44,0.03276
2024-07-14 13:45:45,0.033848
2024-07-14 13:45:46,0.057912
2024-07-14 13:45:47,0.04292
2024-07-14 13:45:48,0.032104
2024-07-14 13:45:49,0.067848
2024-07-14 13:45:50,0.071816
2024-07-14 13:45:51,0.031104
2024-07-14 13:45:52,0.05544
2024-07-14 13:45:53,0.042792
2024-07-14 13:45:54,0.023544
2024-07-14 13:45:55,0.041864
2024-07-14 13:45:56,0.036208
2024-07-14 13:45:57,0.018296
2024-07-14 13:45:58,0.04632
2024-07-14 13:45:59,0.05024
2024-07-14 13:46:00,0.032064
2024-07-14 13:46:01,0.025008
2024-07-14 13:46:02,0.026336
2024-07-14 13:46:03,0.021568
2024-07-14 13:46:04,0.032216
2024-07-14 13:46:05,0.033952
2024-07-14 13:46:06,0.03408
2024-07-14 13:46:07,0.023
2024-07-14 13:46:08,0.022408
2024-07-14 13:46:09,0.022992
2024-07-14 13:46:10,0.16092
2024-07-14 13:46:11,0.186624
2024-07-14 13:46:12,0.051536
2024-07-14 13:46:13,0.071632
2024-07-14 13:46:14,0.080208
2024-07-14 13:46:15,0.076064
2024-07-14 13:46:16,0.11036
2024-07-14 13:46:17,0.228432
2024-07-14 13:46:18,0.285152
2024-07-14 13:46:19,0.348872
2024-07-14 13:46:20,0.32616
2024-07-14 13:46:21,0.282248
2024-07-14 13:46:22,0.414664
2024-07-14 13:46:23,0.6292
2024-07-14 13:46:24,0.529648
2024-07-14 13:46:25,0.524056
2024-07-14 13:46:26,0.29384
2024-07-14 13:46:27,0.273584
2024-07-14 13:46:28,0.27356
2024-07-14 13:46:29,0.215144
2024-07-14 13:46:30,0.302056
2024-07-14 13:46:31,0.212512
2024-07-14 13:46:32,0.178848
2024-07-14 13:46:33,0.171648
2024-07-14 13:46:34,0.171536
2024-07-14 13:46:35,0.12328
2024-07-14 13:46:36,0.14136
2024-07-14 13:46:37,0.105592
2024-07-14 13:46:38,0.085792
2024-07-14 13:46:39,0.074704
2024-07-14 13:46:40,0.127336
2024-07-14 13:46:41,0.16104
2024-07-14 13:46:42,0.073768
2024-07-14 13:46:43,0.067288
2024-07-14 13:46:44,0.101168
2024-07-14 13:46:45,0.047008
2024-07-14 13:46:46,0.025312
2024-07-14 13:46:47,0.081464
2024-07-14 13:46:48,0.331664
2024-07-14 13:46:49,0.044776
2024-07-14 13:46:50,0.293184
2024-07-14 13:46:51,0.090152
2024-07-14 13:46:52,0.056936
2024-07-14 13:46:53,0.053808
2024-07-14 13:46:54,0.0248
2024-07-14 13:46:55,0.04672
2024-07-14 13:46:56,0.060512
2024-07-14 13:46:57,0.067072
2024-07-14 13:46:58,0.03256
2024-07-14 13:46:59,0.045744
2024-07-14 13:47:00,0.05236
2024-07-14 13:47:01,0.027224
2024-07-14 13:47:02,0.037256
2024-07-14 13:47:03,0.023584
2024-07-14 13:47:04,0.030056
2024-07-14 13:47:05,0.026896
2024-07-14 13:47:06,0.031864
2024-07-14 13:47:07,0.032312
2024-07-14 13:47:08,0.030392
2024-07-14 13:47:09,0.041616
2024-07-14 13:47:10,0.039392
2024-07-14 13:47:11,0.025184
2024-07-14 13:47:12,0.0474
2024-07-14 13:47:13,0.069464
2024-07-14 13:47:14,0.064144
2024-07-14 13:47:15,0.04992
2024-07-14 13:47:16,0.02444
2024-07-14 13:47:17,0.082
2024-07-14 13:47:18,0.045624
2024-07-14 13:47:19,0.05612
2024-07-14 13:47:20,0.198456
2024-07-14 13:47:21,0.1686
2024-07-14 13:47:22,0.040016
2024-07-14 13:47:23,0.078264
2024-07-14 13:47:24,0.053888
2024-07-14 13:47:25,0.058776
2024-07-14 13:47:26,0.208472
2024-07-14 13:47:27,0.297144
2024-07-14 13:47:28,0.315448
2024-07-14 13:47:29,0.296728
2024-07-14 13:47:30,0.349216
2024-07-14 13:47:31,0.31012
2024-07-14 13:47:32,0.515088
2024-07-14 13:47:33,0.630776
2024-07-14 13:47:34,0.528728
2024-07-14 13:47:35,0.428768
2024-07-14 13:47:36,0.352768
2024-07-14 13:47:37,0.355568
2024-07-14 13:47:38,0.313032
2024-07-14 13:47:39,0.293312
2024-07-14 13:47:40,0.409048
2024-07-14 13:47:41,0.308216
2024-07-14 13:47:42,0.193424
2024-07-14 13:47:43,0.15628
2024-07-14 13:47:44,0.163288
2024-07-14 13:47:45,0.164584
2024-07-14 13:47:46,0.180448
2024-07-14 13:47:47,0.124008
2024-07-14 13:47:48,0.123192
2024-07-14 13:47:49,0.119456
2024-07-14 13:47:50,0.096288
2024-07-14 13:47:51,0.12556
2024-07-14 13:47:52,0.110728
2024-07-14 13:47:53,0.08356
2024-07-14 13:47:54,0.129128
2024-07-14 13:47:55,0.155168
2024-07-14 13:47:56,0.064208
2024-07-14 13:47:57,0.065896
2024-07-14 13:47:58,0.074432
2024-07-14 13:47:59,0.070336
2024-07-14 13:48:00,0.135224
2024-07-14 13:48:01,0.078144
2024-07-14 13:48:02,0.092632
2024-07-14 13:48:03,0.03168
2024-07-14 13:48:04,0.07
2024-07-14 13:48:05,0.321672
2024-07-14 13:48:06,0.08096
2024-07-14 13:48:07,0.398272
2024-07-14 13:48:08,0.094288
2024-07-14 13:48:09,0.052712
2024-07-14 13:48:10,0.103688
2024-07-14 13:48:11,0.053
2024-07-14 13:48:12,0.04244
2024-07-14 13:48:13,0.044344
2024-07-14 13:48:14,0.042528
2024-07-14 13:48:15,0.034008
2024-07-14 13:48:16,0.029824
2024-07-14 13:48:17,0.031872
2024-07-14 13:48:18,0.041896
2024-07-14 13:48:19,0.032408
2024-07-14 13:48:20,0.042872
2024-07-14 13:48:21,0.04764
2024-07-14 13:48:22,0.028544
2024-07-14 13:48:23,0.025736
2024-07-14 13:48:24,0.039856
2024-07-14 13:48:25,0.027672
2024-07-14 13:48:26,0.035856
2024-07-14 13:48:27,0.18476
2024-07-14 13:48:28,0.034912
2024-07-14 13:48:29,0.045232
2024-07-14 13:48:30,0.159984
2024-07-14 13:48:31,0.1952
2024-07-14 13:48:32,0.226008
2024-07-14 13:48:33,0.27384
2024-07-14 13:48:34,0.2774
2024-07-14 13:48:35,0.353
2024-07-14 13:48:36,0.502992
2024-07-14 13:48:37,0.58124
2024-07-14 13:48:38,0.394944
2024-07-14 13:48:39,0.302344
2024-07-14 13:48:40,0.237384
2024-07-14 13:48:41,0.37108
2024-07-14 13:48:42,0.247208
2024-07-14 13:48:43,0.208784
2024-07-14 13:48:44,0.221456
2024-07-14 13:48:45,0.081136
2024-07-14 13:48:46,0.101648
2024-07-14 13:48:47,0.03364
2024-07-14 13:48:48,0.058304
2024-07-14 13:48:49,0.041832
2024-07-14 13:48:50,0.075232
2024-07-14 13:48:51,0.04528
2024-07-14 13:48:52,0.064136
2024-07-14 13:48:53,0.026888
2024-07-14 13:48:54,0.045824
2024-07-14 13:48:55,0.022096
2024-07-14 13:48:56,0.059552
2024-07-14 13:48:57,0.033248
2024-07-14 13:48:58,0.03008
2024-07-14 13:48:59,0.034792
2024-07-14 13:49:00,0.033592
2024-07-14 13:49:01,0.06168
2024-07-14 13:49:02,0.042688
2024-07-14 13:49:03,0.032152
2024-07-14 13:49:04,0.034104
2024-07-14 13:49:05,0.063688
2024-07-14 13:49:06,0.05292
2024-07-14 13:49:07,0.030304
2024-07-14 13:49:08,0.037792
2024-07-14 13:49:09,0.069792
2024-07-14 13:49:10,0.038448
2024-07-14 13:49:11,0.05352
2024-07-14 13:49:12,0.106632
2024-07-14 13:49:13,0.281192
2024-07-14 13:49:14,0.068544
2024-07-14 13:49:15,0.066704
2024-07-14 13:49:16,0.070824
2024-07-14 13:49:17,0.076176
2024-07-14 13:49:18,0.146336
2024-07-14 13:49:19,0.249808
2024-07-14 13:49:20,0.32328
2024-07-14 13:49:21,0.376728
2024-07-14 13:49:22,0.440848
2024-07-14 13:49:23,0.310664
2024-07-14 13:49:24,0.387096
2024-07-14 13:49:25,0.613144
2024-07-14 13:49:26,0.645504
2024-07-14 13:49:27,0.515912
2024-07-14 13:49:28,0.40128
2024-07-14 13:49:29,0.474128
2024-07-14 13:49:30,0.250928
2024-07-14 13:49:31,0.365352
2024-07-14 13:49:32,0.351696
2024-07-14 13:49:33,0.3796
2024-07-14 13:49:34,0.507656
2024-07-14 13:49:35,0.46152
2024-07-14 13:49:36,0.25232
2024-07-14 13:49:37,0.231344
2024-07-14 13:49:38,0.302168
2024-07-14 13:49:39,0.20888
2024-07-14 13:49:40,0.252704
2024-07-14 13:49:41,0.19444
2024-07-14 13:49:42,0.243824
2024-07-14 13:49:43,0.12232
2024-07-14 13:49:44,0.192696
2024-07-14 13:49:45,0.16692
2024-07-14 13:49:46,0.190096
2024-07-14 13:49:47,0.161184
2024-07-14 13:49:48,0.163416
2024-07-14 13:49:49,0.158232
2024-07-14 13:49:50,0.19552
2024-07-14 13:49:51,0.169032
2024-07-14 13:49:52,0.057048
2024-07-14 13:49:53,0.05352
2024-07-14 13:49:54,0.075648
2024-07-14 13:49:55,0.373512
2024-07-14 13:49:56,0.080256
2024-07-14 13:49:57,0.32796
2024-07-14 13:49:58,0.051536
2024-07-14 13:49:59,0.043952
2024-07-14 13:50:00,0.038344
2024-07-14 13:50:01,0.047232
2024-07-14 13:50:02,0.027368
2024-07-14 13:50:03,0.02948
2024-07-14 13:50:04,0.021392
2024-07-14 13:50:05,0.068424
2024-07-14 13:50:06,0.02228
2024-07-14 13:50:07,0.029624
2024-07-14 13:50:08,0.047704
2024-07-14 13:50:09,0.071152
2024-07-14 13:50:10,0.041992
2024-07-14 13:50:11,0.036096
2024-07-14 13:50:12,0.035584
2024-07-14 13:50:13,0.06136
2024-07-14 13:50:14,0.07032
2024-07-14 13:50:15,0.042464
2024-07-14 13:50:16,0.048576
2024-07-14 13:50:17,0.050728
2024-07-14 13:50:18,0.063944
2024-07-14 13:50:19,0.022896
2024-07-14 13:50:20,0.054504
2024-07-14 13:50:21,0.028848
2024-07-14 13:50:22,0.060208
2024-07-14 13:50:23,0.034472
2024-07-14 13:50:24,0.029464
2024-07-14 13:50:25,0.039504
2024-07-14 13:50:26,0.052688
2024-07-14 13:50:27,0.02572
2024-07-14 13:50:28,0.076032
2024-07-14 13:50:29,0.030784
2024-07-14 13:50:30,0.024048
2024-07-14 13:50:31,0.045856
2024-07-14 13:50:32,0.036472
2024-07-14 13:50:33,0.030336
2024-07-14 13:50:34,0.02508
2024-07-14 13:50:35,0.040888
2024-07-14 13:50:36,0.028232
2024-07-14 13:50:37,0.02592
2024-07-14 13:50:38,0.013448
2024-07-14 13:50:39,0.021784
2024-07-14 13:50:40,0.023216
2024-07-14 13:50:41,0.023672
2024-07-14 13:50:42,0.037752
2024-07-14 13:50:43,0.019424
2024-07-14 13:50:44,0.018488
2024-07-14 13:50:45,0.018272
2024-07-14 13:50:46,0.015
2024-07-14 13:50:47,0.198384
2024-07-14 13:50:48,0.218392
2024-07-14 13:50:49,0.035392
2024-07-14 13:50:50,0.108344
2024-07-14 13:50:51,0.03952
2024-07-14 13:50:52,0.069744
2024-07-14 13:50:53,0.180936
2024-07-14 13:50:54,0.298504
2024-07-14 13:50:55,0.309344
2024-07-14 13:50:56,0.434816
2024-07-14 13:50:57,0.51152
2024-07-14 13:50:58,0.373208
2024-07-14 13:50:59,0.520656
2024-07-14 13:51:00,0.665936
2024-07-14 13:51:01,0.665304
2024-07-14 13:51:02,0.645552
2024-07-14 13:51:03,0.5016
2024-07-14 13:51:04,0.40204
2024-07-14 13:51:05,0.424512
2024-07-14 13:51:06,0.459432
2024-07-14 13:51:07,0.427776
2024-07-14 13:51:08,0.288016
2024-07-14 13:51:09,0.492
2024-07-14 13:51:10,0.282992
2024-07-14 13:51:11,0.311832
2024-07-14 13:51:12,0.169744
2024-07-14 13:51:13,0.137816
2024-07-14 13:51:14,0.090496
2024-07-14 13:51:15,0.1234
2024-07-14 13:51:16,0.106792
2024-07-14 13:51:17,0.045304
2024-07-14 13:51:18,0.057376
2024-07-14 13:51:19,0.075624
2024-07-14 13:51:20,0.102824
2024-07-14 13:51:21,0.059344
2024-07-14 13:51:22,0.074752
2024-07-14 13:51:23,0.03372
2024-07-14 13:51:24,0.064704
2024-07-14 13:51:25,0.374368
2024-07-14 13:51:26,0.059456
2024-07-14 13:51:27,0.351232
2024-07-14 13:51:28,0.065144
2024-07-14 13:51:29,0.092624
2024-07-14 13:51:30,0.068472
2024-07-14 13:51:31,0.031568
2024-07-14 13:51:32,0.071536
2024-07-14 13:51:33,0.025096
2024-07-14 13:51:34,0.029312
2024-07-14 13:51:35,0.029704
2024-07-14 13:51:36,0.019352
2024-07-14 13:51:37,0.043272
2024-07-14 13:51:38,0.033984
2024-07-14 13:51:39,0.024776
2024-07-14 13:51:40,0.043128
2024-07-14 13:51:41,0.036872
2024-07-14 13:51:42,0.028816
2024-07-14 13:51:43,0.032688
2024-07-14 13:51:44,0.029416
2024-07-14 13:51:45,0.026464
2024-07-14 13:51:46,0.048576
2024-07-14 13:51:47,0.02356
2024-07-14 13:51:48,0.03176
2024-07-14 13:51:49,0.027312
2024-07-14 13:51:50,0.026784
2024-07-14 13:51:51,0.033064
2024-07-14 13:51:52,0.037464
2024-07-14 13:51:53,0.03408
2024-07-14 13:51:54,0.021584
2024-07-14 13:51:55,0.03332
2024-07-14 13:51:56,0.041552
2024-07-14 13:51:57,0.217424
2024-07-14 13:51:58,0.21468
2024-07-14 13:51:59,0.042136
2024-07-14 13:52:00,0.10316
2024-07-14 13:52:01,0.05404
2024-07-14 13:52:02,0.069208
2024-07-14 13:52:03,0.201712
2024-07-14 13:52:04,0.315464
2024-07-14 13:52:05,0.37996
2024-07-14 13:52:06,0.39992
2024-07-14 13:52:07,0.5608
2024-07-14 13:52:08,0.385408
2024-07-14 13:52:09,0.525552
2024-07-14 13:52:10,0.690512
2024-07-14 13:52:11,0.6474
2024-07-14 13:52:12,0.519112
2024-07-14 13:52:13,0.506504
2024-07-14 13:52:14,0.47328
2024-07-14 13:52:15,0.40604
2024-07-14 13:52:16,0.384632
2024-07-14 13:52:17,0.459816
2024-07-14 13:52:18,0.525848
2024-07-14 13:52:19,0.448448
2024-07-14 13:52:20,0.424232
2024-07-14 13:52:21,0.475744
2024-07-14 13:52:22,0.573648
2024-07-14 13:52:23,0.569176
2024-07-14 13:52:24,0.352328
2024-07-14 13:52:25,0.284768
2024-07-14 13:52:26,0.284968
2024-07-14 13:52:27,0.263776
2024-07-14 13:52:28,0.14728
2024-07-14 13:52:29,0.053952
2024-07-14 13:52:30,0.069296
2024-07-14 13:52:31,0.075088
2024-07-14 13:52:32,0.029696
2024-07-14 13:52:33,0.08864
2024-07-14 13:52:34,0.382
2024-07-14 13:52:35,0.040824
2024-07-14 13:52:36,0.10012
2024-07-14 13:52:37,0.062336
2024-07-14 13:52:38,0.052472
2024-07-14 13:52:39,0.032136
2024-07-14 13:52:40,0.031656
2024-07-14 13:52:41,0.042088
2024-07-14 13:52:42,0.049752
2024-07-14 13:52:43,0.038344
2024-07-14 13:52:44,0.041784
2024-07-14 13:52:45,0.043808
2024-07-14 13:52:46,0.050768
2024-07-14 13:52:47,0.049304
2024-07-14 13:52:48,0.057664
2024-07-14 13:52:49,0.062896
2024-07-14 13:52:50,0.068776
2024-07-14 13:52:51,0.078408
2024-07-14 13:52:52,0.0668
2024-07-14 13:52:53,0.061624
2024-07-14 13:52:54,0.05772
2024-07-14 13:52:55,0.067288
2024-07-14 13:52:56,0.066856
2024-07-14 13:52:57,0.06344
2024-07-14 13:52:58,0.04772
2024-07-14 13:52:59,0.048632
2024-07-14 13:53:00,0.051144
2024-07-14 13:53:01,0.05928
2024-07-14 13:53:02,0.052352
2024-07-14 13:53:03,0.061672
2024-07-14 13:53:04,0.052944
2024-07-14 13:53:05,0.04904
2024-07-14 13:53:06,0.046976
2024-07-14 13:53:07,0.035856
2024-07-14 13:53:08,0.035176
2024-07-14 13:53:09,0.08324
2024-07-14 13:53:10,0.053928
2024-07-14 13:53:11,0.20504
2024-07-14 13:53:12,0.097784
2024-07-14 13:53:13,0.087448
2024-07-14 13:53:14,0.088888
2024-07-14 13:53:15,0.04668
2024-07-14 13:53:16,0.053032
2024-07-14 13:53:17,0.057616
2024-07-14 13:53:18,0.050112
2024-07-14 13:53:19,0.043096
2024-07-14 13:53:20,0.055584
2024-07-14 13:53:21,0.072712
2024-07-14 13:53:22,0.046568
2024-07-14 13:53:23,0.044008
2024-07-14 13:53:24,0.057776
2024-07-14 13:53:25,0.093472
2024-07-14 13:53:26,0.042152
2024-07-14 13:53:27,0.037664
2024-07-14 13:53:28,0.031656
2024-07-14 13:53:29,0.038576
2024-07-14 13:53:30,0.051216
2024-07-14 13:53:31,0.040096
2024-07-14 13:53:32,0.046584
2024-07-14 13:53:33,0.064496
2024-07-14 13:53:34,0.04568
2024-07-14 13:53:35,0.049632
2024-07-14 13:53:36,0.040256
2024-07-14 13:53:37,0.038752
2024-07-14 13:53:38,0.037848
2024-07-14 13:53:39,0.028016
2024-07-14 13:53:40,0.032016
2024-07-14 13:53:41,0.180552
2024-07-14 13:53:42,0.204624
2024-07-14 13:53:43,0.033632
2024-07-14 13:53:44,0.10128
2024-07-14 13:53:45,0.05336
2024-07-14 13:53:46,0.062304
2024-07-14 13:53:47,0.194432
2024-07-14 13:53:48,0.324504
2024-07-14 13:53:49,0.35112
2024-07-14 13:53:50,0.439048
2024-07-14 13:53:51,0.676408
2024-07-14 13:53:52,0.573352
2024-07-14 13:53:53,0.435848
2024-07-14 13:53:54,0.587184
2024-07-14 13:53:55,0.743224
2024-07-14 13:53:56,0.663576
2024-07-14 13:53:57,0.532624
2024-07-14 13:53:58,0.461184
2024-07-14 13:53:59,0.415744
2024-07-14 13:54:00,0.4734
2024-07-14 13:54:01,0.218544
2024-07-14 13:54:02,0.172888
2024-07-14 13:54:03,0.317864
2024-07-14 13:54:04,0.317
2024-07-14 13:54:05,0.177968
2024-07-14 13:54:06,0.13052
2024-07-14 13:54:07,0.113808
2024-07-14 13:54:08,0.135496
2024-07-14 13:54:09,0.11836
2024-07-14 13:54:10,0.148616
2024-07-14 13:54:11,0.15608
2024-07-14 13:54:12,0.12392
2024-07-14 13:54:13,0.122096
2024-07-14 13:54:14,0.141712
2024-07-14 13:54:15,0.105024
2024-07-14 13:54:16,0.151712
2024-07-14 13:54:17,0.128096
2024-07-14 13:54:18,0.130192
2024-07-14 13:54:19,0.115432
2024-07-14 13:54:20,0.119504
2024-07-14 13:54:21,0.12616
2024-07-14 13:54:22,0.145888
2024-07-14 13:54:23,0.069576
2024-07-14 13:54:24,0.084792
2024-07-14 13:54:25,0.036696
2024-07-14 13:54:26,0.04564
2024-07-14 13:54:27,0.026184
2024-07-14 13:54:28,0.071744
2024-07-14 13:54:29,0.37108
2024-07-14 13:54:30,0.05056
2024-07-14 13:54:31,0.368368
2024-07-14 13:54:32,0.078816
2024-07-14 13:54:33,0.077536
2024-07-14 13:54:34,0.051816
2024-07-14 13:54:35,0.02704
2024-07-14 13:54:36,0.028624
2024-07-14 13:54:37,0.024088
2024-07-14 13:54:38,0.0298
2024-07-14 13:54:39,0.024536
2024-07-14 13:54:40,0.079456
2024-07-14 13:54:41,0.044472
2024-07-14 13:54:42,0.061112
2024-07-14 13:54:43,0.046952
2024-07-14 13:54:44,0.064608
2024-07-14 13:54:45,0.056912
2024-07-14 13:54:46,0.044584
2024-07-14 13:54:47,0.060928
2024-07-14 13:54:48,0.034816
2024-07-14 13:54:49,0.082008
2024-07-14 13:54:50,0.04908
2024-07-14 13:54:51,0.06628
2024-07-14 13:54:52,0.070312
2024-07-14 13:54:53,0.045064
2024-07-14 13:54:54,0.0498
2024-07-14 13:54:55,0.032224
2024-07-14 13:54:56,0.048816
2024-07-14 13:54:57,0.093224
2024-07-14 13:54:58,0.071736
2024-07-14 13:54:59,0.100544
2024-07-14 13:55:00,0.04176
2024-07-14 13:55:01,0.051648
2024-07-14 13:55:02,0.077472
2024-07-14 13:55:03,0.036096
2024-07-14 13:55:04,0.067096
2024-07-14 13:55:05,0.02316
2024-07-14 13:55:06,0.059152
2024-07-14 13:55:07,0.064704
2024-07-14 13:55:08,0.039632
2024-07-14 13:55:09,0.061032
2024-07-14 13:55:10,0.070256
2024-07-14 13:55:11,0.056128
2024-07-14 13:55:12,0.058584
2024-07-14 13:55:13,0.033248
2024-07-14 13:55:14,0.071048
2024-07-14 13:55:15,0.226112
2024-07-14 13:55:16,0.238496
2024-07-14 13:55:17,0.043504
2024-07-14 13:55:18,0.103712
2024-07-14 13:55:19,0.057536
2024-07-14 13:55:20,0.083456
2024-07-14 13:55:21,0.247592
2024-07-14 13:55:22,0.315976
2024-07-14 13:55:23,0.469096
2024-07-14 13:55:24,0.537776
2024-07-14 13:55:25,0.636264
2024-07-14 13:55:26,0.59388
2024-07-14 13:55:27,0.480896
2024-07-14 13:55:28,0.695704
2024-07-14 13:55:29,0.772336
2024-07-14 13:55:30,0.666112
2024-07-14 13:55:31,0.455136
2024-07-14 13:55:32,0.558752
2024-07-14 13:55:33,0.90588
2024-07-14 13:55:34,0.519696
2024-07-14 13:55:35,0.226992
2024-07-14 13:55:36,0.232688
2024-07-14 13:55:37,0.167432
2024-07-14 13:55:38,0.217336
2024-07-14 13:55:39,0.28052
2024-07-14 13:55:40,0.165376
2024-07-14 13:55:41,0.184304
2024-07-14 13:55:42,0.106112
2024-07-14 13:55:43,0.2256
2024-07-14 13:55:44,0.127296
2024-07-14 13:55:45,0.1538
2024-07-14 13:55:46,0.06468
2024-07-14 13:55:47,0.043592
2024-07-14 13:55:48,0.087808
2024-07-14 13:55:49,0.406624
2024-07-14 13:55:50,0.036288
2024-07-14 13:55:51,0.424336
2024-07-14 13:55:52,0.175312
2024-07-14 13:55:53,0.080872
2024-07-14 13:55:54,0.055248
2024-07-14 13:55:55,0.02384
2024-07-14 13:55:56,0.061256
2024-07-14 13:55:57,0.023408
2024-07-14 13:55:58,0.033464
2024-07-14 13:55:59,0.029712
2024-07-14 13:56:00,0.039992
2024-07-14 13:56:01,0.016328
2024-07-14 13:56:02,0.049184
2024-07-14 13:56:03,0.041368
2024-07-14 13:56:04,0.033272
2024-07-14 13:56:05,0.052784
2024-07-14 13:56:06,0.036536
2024-07-14 13:56:07,0.031232
2024-07-14 13:56:08,0.028576
2024-07-14 13:56:09,0.037304
2024-07-14 13:56:10,0.037048
2024-07-14 13:56:11,0.164256
2024-07-14 13:56:12,0.043384
2024-07-14 13:56:13,0.044336
2024-07-14 13:56:14,0.203472
2024-07-14 13:56:15,0.235384
2024-07-14 13:56:16,0.278712
2024-07-14 13:56:17,0.36788
2024-07-14 13:56:18,0.453272
2024-07-14 13:56:19,0.548864
2024-07-14 13:56:20,0.592184
2024-07-14 13:56:21,0.560968
2024-07-14 13:56:22,0.370784
2024-07-14 13:56:23,0.26688
2024-07-14 13:56:24,0.152496
2024-07-14 13:56:25,0.467192
2024-07-14 13:56:26,0.26768
2024-07-14 13:56:27,0.273096
2024-07-14 13:56:28,0.08724
2024-07-14 13:56:29,0.066288
2024-07-14 13:56:30,0.052392
2024-07-14 13:56:31,0.057632
2024-07-14 13:56:32,0.066304
2024-07-14 13:56:33,0.097376
2024-07-14 13:56:34,0.065704
2024-07-14 13:56:35,0.046136
2024-07-14 13:56:36,0.038944
2024-07-14 13:56:37,0.0372
2024-07-14 13:56:38,0.052784
2024-07-14 13:56:39,0.039648
2024-07-14 13:56:40,0.070896
2024-07-14 13:56:41,0.064272
2024-07-14 13:56:42,0.032792
2024-07-14 13:56:43,0.05276
2024-07-14 13:56:44,0.0342
2024-07-14 13:56:45,0.068752
2024-07-14 13:56:46,0.028504
2024-07-14 13:56:47,0.040752
2024-07-14 13:56:48,0.048288
2024-07-14 13:56:49,0.054296
2024-07-14 13:56:50,0.032912
2024-07-14 13:56:51,0.040904
2024-07-14 13:56:52,0.047472
2024-07-14 13:56:53,0.04392
2024-07-14 13:56:54,0.070392
2024-07-14 13:56:55,0.128072
2024-07-14 13:56:56,0.135648
2024-07-14 13:56:57,0.221928
2024-07-14 13:56:58,0.067888
2024-07-14 13:56:59,0.068816
2024-07-14 13:57:00,0.069984
2024-07-14 13:57:01,0.059128
2024-07-14 13:57:02,0.322008
2024-07-14 13:57:03,0.365056
2024-07-14 13:57:04,0.433856
2024-07-14 13:57:05,0.521744
2024-07-14 13:57:06,0.696624
2024-07-14 13:57:07,0.70392
2024-07-14 13:57:08,0.63192
2024-07-14 13:57:09,0.680264
2024-07-14 13:57:10,0.506552
2024-07-14 13:57:11,0.415416
2024-07-14 13:57:12,0.487824
2024-07-14 13:57:13,0.483968
2024-07-14 13:57:14,0.57828
2024-07-14 13:57:15,0.68856
2024-07-14 13:57:16,0.513424
2024-07-14 13:57:17,0.366504
2024-07-14 13:57:18,0.381368
2024-07-14 13:57:19,0.374288
2024-07-14 13:57:20,0.366224
2024-07-14 13:57:21,0.463976
2024-07-14 13:57:22,0.387352
2024-07-14 13:57:23,0.34844
2024-07-14 13:57:24,0.180648
2024-07-14 13:57:25,0.263016
2024-07-14 13:57:26,0.246568
2024-07-14 13:57:27,0.319408
2024-07-14 13:57:28,0.36112
2024-07-14 13:57:29,0.129472
2024-07-14 13:57:30,0.162568
2024-07-14 13:57:31,0.32404
2024-07-14 13:57:32,0.185544
2024-07-14 13:57:33,0.252344
2024-07-14 13:57:34,0.372712
2024-07-14 13:57:35,0.363272
2024-07-14 13:57:36,0.057928
2024-07-14 13:57:37,0.055224
2024-07-14 13:57:38,0.056432
2024-07-14 13:57:39,0.034104
2024-07-14 13:57:40,0.416648
2024-07-14 13:57:41,0.059768
2024-07-14 13:57:42,0.40952
2024-07-14 13:57:43,0.051464
2024-07-14 13:57:44,0.084048
2024-07-14 13:57:45,0.028992
2024-07-14 13:57:46,0.027656
2024-07-14 13:57:47,0.025376
2024-07-14 13:57:48,0.032728
2024-07-14 13:57:49,0.01596
2024-07-14 13:57:50,0.036264
2024-07-14 13:57:51,0.074288
2024-07-14 13:57:52,0.09624
2024-07-14 13:57:53,0.117024
2024-07-14 13:57:54,0.091296
2024-07-14 13:57:55,0.071768
2024-07-14 13:57:56,0.05804
2024-07-14 13:57:57,0.032408
2024-07-14 13:57:58,0.068616
2024-07-14 13:57:59,0.052864
2024-07-14 13:58:00,0.080776
2024-07-14 13:58:01,0.035736
2024-07-14 13:58:02,0.071352
2024-07-14 13:58:03,0.074344
2024-07-14 13:58:04,0.064672
2024-07-14 13:58:05,0.066832
2024-07-14 13:58:06,0.037728
2024-07-14 13:58:07,0.032752
2024-07-14 13:58:08,0.051712
2024-07-14 13:58:09,0.05472
2024-07-14 13:58:10,0.060368
2024-07-14 13:58:11,0.050648
2024-07-14 13:58:12,0.038816
2024-07-14 13:58:13,0.067752
2024-07-14 13:58:14,0.081824
2024-07-14 13:58:15,0.024384
2024-07-14 13:58:16,0.057008
2024-07-14 13:58:17,0.035392
2024-07-14 13:58:18,0.031584
2024-07-14 13:58:19,0.050688
2024-07-14 13:58:20,0.053648
2024-07-14 13:58:21,0.067384
2024-07-14 13:58:22,0.039616
2024-07-14 13:58:23,0.050824
2024-07-14 13:58:24,0.08256
2024-07-14 13:58:25,0.042552
2024-07-14 13:58:26,0.215472
2024-07-14 13:58:27,0.222496
2024-07-14 13:58:28,0.0502
2024-07-14 13:58:29,0.112576
2024-07-14 13:58:30,0.079456
2024-07-14 13:58:31,0.051496
2024-07-14 13:58:32,0.326424
2024-07-14 13:58:33,0.443072
2024-07-14 13:58:34,0.585416
2024-07-14 13:58:35,0.58212
2024-07-14 13:58:36,0.855016
2024-07-14 13:58:37,0.770784
2024-07-14 13:58:38,0.669024
2024-07-14 13:58:39,0.724888
2024-07-14 13:58:40,0.590296
2024-07-14 13:58:41,0.668784
2024-07-14 13:58:42,0.74188
2024-07-14 13:58:43,0.604344
2024-07-14 13:58:44,0.553768
2024-07-14 13:58:45,0.474776
2024-07-14 13:58:46,0.537032
2024-07-14 13:58:47,0.248728
2024-07-14 13:58:48,0.15712
2024-07-14 13:58:49,0.125632
2024-07-14 13:58:50,0.166816
2024-07-14 13:58:51,0.18392
2024-07-14 13:58:52,0.11496
2024-07-14 13:58:53,0.135072
2024-07-14 13:58:54,0.113488
2024-07-14 13:58:55,0.073232
2024-07-14 13:58:56,0.093296
2024-07-14 13:58:57,0.115568
2024-07-14 13:58:58,0.064512
2024-07-14 13:58:59,0.055496
2024-07-14 13:59:00,0.055264
2024-07-14 13:59:01,0.064192
2024-07-14 13:59:02,0.065128
2024-07-14 13:59:03,0.04212
2024-07-14 13:59:04,0.05292
2024-07-14 13:59:05,0.05616
2024-07-14 13:59:06,0.057568
2024-07-14 13:59:07,0.069824
2024-07-14 13:59:08,0.064824
2024-07-14 13:59:09,0.057328
2024-07-14 13:59:10,0.07276
2024-07-14 13:59:11,0.08528
2024-07-14 13:59:12,0.051632
2024-07-14 13:59:13,0.044568
2024-07-14 13:59:14,0.072224
2024-07-14 13:59:15,0.090104
2024-07-14 13:59:16,0.025576
2024-07-14 13:59:17,0.121888
2024-07-14 13:59:18,0.370248
2024-07-14 13:59:19,0.05664
2024-07-14 13:59:20,0.326824
2024-07-14 13:59:21,0.062712
2024-07-14 13:59:22,0.079464
2024-07-14 13:59:23,0.060992
2024-07-14 13:59:24,0.053408
2024-07-14 13:59:25,0.043952
2024-07-14 13:59:26,0.0324
2024-07-14 13:59:27,0.040584
2024-07-14 13:59:28,0.032392
2024-07-14 13:59:29,0.036576
2024-07-14 13:59:30,0.030368
2024-07-14 13:59:31,0.01996
2024-07-14 13:59:32,0.023056
2024-07-14 13:59:33,0.03472
2024-07-14 13:59:34,0.04072
2024-07-14 13:59:35,0.038896
2024-07-14 13:59:36,0.051664
2024-07-14 13:59:37,0.03368
2024-07-14 13:59:38,0.02492
2024-07-14 13:59:39,0.044496
2024-07-14 13:59:40,0.026376
2024-07-14 13:59:41,0.039632
2024-07-14 13:59:42,0.049232
2024-07-14 13:59:43,0.052104
2024-07-14 13:59:44,0.04192
2024-07-14 13:59:45,0.034792
2024-07-14 13:59:46,0.04924
2024-07-14 13:59:47,0.026296
2024-07-14 13:59:48,0.043656
2024-07-14 13:59:49,0.01992
2024-07-14 13:59:50,0.237808
2024-07-14 13:59:51,0.200616
2024-07-14 13:59:52,0.03976
2024-07-14 13:59:53,0.079072
2024-07-14 13:59:54,0.058824
2024-07-14 13:59:55,0.060328
2024-07-14 13:59:56,0.237032
2024-07-14 13:59:57,0.304032
2024-07-14 13:59:58,0.39008
2024-07-14 13:59:59,0.448168
2024-07-14 14:00:00,0.666392
2024-07-14 14:00:01,0.749072
2024-07-14 14:00:02,0.637776
2024-07-14 14:00:03,0.731008
2024-07-14 14:00:04,0.575344
2024-07-14 14:00:05,0.541208
2024-07-14 14:00:06,0.858864
2024-07-14 14:00:07,0.63128
2024-07-14 14:00:08,0.569672
2024-07-14 14:00:09,0.504896
2024-07-14 14:00:10,0.586552
2024-07-14 14:00:11,0.302912
2024-07-14 14:00:12,0.323528
2024-07-14 14:00:13,0.285296
2024-07-14 14:00:14,0.296184
2024-07-14 14:00:15,0.270384
2024-07-14 14:00:16,0.042432
2024-07-14 14:00:17,0.081936
2024-07-14 14:00:18,0.062336
2024-07-14 14:00:19,0.312792
2024-07-14 14:00:20,0.044992
2024-07-14 14:00:21,0.095776
2024-07-14 14:00:22,0.050824
2024-07-14 14:00:23,0.06224
2024-07-14 14:00:24,0.031368
2024-07-14 14:00:25,0.024792
2024-07-14 14:00:26,0.030192
2024-07-14 14:00:27,0.034072
2024-07-14 14:00:28,0.02748
2024-07-14 14:00:29,0.032504
2024-07-14 14:00:30,0.032624
2024-07-14 14:00:31,0.028128
2024-07-14 14:00:32,0.04376
2024-07-14 14:00:33,0.070264
2024-07-14 14:00:34,0.061664
2024-07-14 14:00:35,0.067784
2024-07-14 14:00:36,0.060416
2024-07-14 14:00:37,0.044832
2024-07-14 14:00:38,0.053696
2024-07-14 14:00:39,0.063
2024-07-14 14:00:40,0.0614
2024-07-14 14:00:41,0.05028
2024-07-14 14:00:42,0.050712
2024-07-14 14:00:43,0.0482
2024-07-14 14:00:44,0.04204
2024-07-14 14:00:45,0.0402
2024-07-14 14:00:46,0.037456
2024-07-14 14:00:47,0.0426
2024-07-14 14:00:48,0.0928
2024-07-14 14:00:49,0.044416
2024-07-14 14:00:50,0.134616
2024-07-14 14:00:51,0.0964
2024-07-14 14:00:52,0.091264
2024-07-14 14:00:53,0.061872
2024-07-14 14:00:54,0.034056
2024-07-14 14:00:55,0.071624
2024-07-14 14:00:56,0.05524
2024-07-14 14:00:57,0.068344
2024-07-14 14:00:58,0.033848
2024-07-14 14:00:59,0.048824
2024-07-14 14:01:00,0.022496
2024-07-14 14:01:01,0.040856
2024-07-14 14:01:02,0.046968
2024-07-14 14:01:03,0.045728
2024-07-14 14:01:04,0.05676
2024-07-14 14:01:05,0.035088
2024-07-14 14:01:06,0.05044
2024-07-14 14:01:07,0.04372
2024-07-14 14:01:08,0.061144
2024-07-14 14:01:09,0.0622
2024-07-14 14:01:10,0.067768
2024-07-14 14:01:11,0.020728
2024-07-14 14:01:12,0.049472
2024-07-14 14:01:13,0.044704
2024-07-14 14:01:14,0.053912
2024-07-14 14:01:15,0.03776
2024-07-14 14:01:16,0.030936
2024-07-14 14:01:17,0.032272
2024-07-14 14:01:18,0.0374
2024-07-14 14:01:19,0.038728
2024-07-14 14:01:20,0.161864
2024-07-14 14:01:21,0.171896
2024-07-14 14:01:22,0.059056
2024-07-14 14:01:23,0.066872
2024-07-14 14:01:24,0.066216
2024-07-14 14:01:25,0.046472
2024-07-14 14:01:26,0.103448
2024-07-14 14:01:27,0.220496
2024-07-14 14:01:28,0.312816
2024-07-14 14:01:29,0.439968
2024-07-14 14:01:30,0.525712
2024-07-14 14:01:31,0.593632
2024-07-14 14:01:32,0.602568
2024-07-14 14:01:33,0.581368
2024-07-14 14:01:34,0.681552
2024-07-14 14:01:35,0.526832
2024-07-14 14:01:36,0.690024
2024-07-14 14:01:37,0.820568
2024-07-14 14:01:38,0.601784
2024-07-14 14:01:39,0.486992
2024-07-14 14:01:40,0.408328
2024-07-14 14:01:41,0.876168
2024-07-14 14:01:42,0.562168
2024-07-14 14:01:43,0.424656
2024-07-14 14:01:44,0.433232
2024-07-14 14:01:45,0.579984
2024-07-14 14:01:46,0.394888
2024-07-14 14:01:47,0.123208
2024-07-14 14:01:48,0.1878
2024-07-14 14:01:49,0.154792
2024-07-14 14:01:50,0.111384
2024-07-14 14:01:51,0.12044
2024-07-14 14:01:52,0.078768
2024-07-14 14:01:53,0.077784
2024-07-14 14:01:54,0.079792
2024-07-14 14:01:55,0.057272
2024-07-14 14:01:56,0.060664
2024-07-14 14:01:57,0.022872
2024-07-14 14:01:58,0.048112
2024-07-14 14:01:59,0.323544
2024-07-14 14:02:00,0.051248
2024-07-14 14:02:01,0.311024
2024-07-14 14:02:02,0.094944
2024-07-14 14:02:03,0.052224
2024-07-14 14:02:04,0.028496
2024-07-14 14:02:05,0.042336
2024-07-14 14:02:06,0.035832
2024-07-14 14:02:07,0.038032
2024-07-14 14:02:08,0.043128
2024-07-14 14:02:09,0.055216
2024-07-14 14:02:10,0.043224
2024-07-14 14:02:11,0.053624
2024-07-14 14:02:12,0.02232
2024-07-14 14:02:13,0.043864
2024-07-14 14:02:14,0.040536
2024-07-14 14:02:15,0.033296
2024-07-14 14:02:16,0.023848
2024-07-14 14:02:17,0.04052
2024-07-14 14:02:18,0.0598
2024-07-14 14:02:19,0.021512
2024-07-14 14:02:20,0.038168
2024-07-14 14:02:21,0.022592
2024-07-14 14:02:22,0.031328
2024-07-14 14:02:23,0.042464
2024-07-14 14:02:24,0.022568
2024-07-14 14:02:25,0.040096
2024-07-14 14:02:26,0.041072
2024-07-14 14:02:27,0.028144
2024-07-14 14:02:28,0.026464
2024-07-14 14:02:29,0.030144
2024-07-14 14:02:30,0.027024
2024-07-14 14:02:31,0.166984
2024-07-14 14:02:32,0.196288
2024-07-14 14:02:33,0.085856
2024-07-14 14:02:34,0.121392
2024-07-14 14:02:35,0.061176
2024-07-14 14:02:36,0.037792
2024-07-14 14:02:37,0.185928
2024-07-14 14:02:38,0.225856
2024-07-14 14:02:39,0.331408
2024-07-14 14:02:40,0.450224
2024-07-14 14:02:41,0.678512
2024-07-14 14:02:42,0.817064
2024-07-14 14:02:43,0.51804
2024-07-14 14:02:44,0.715536
2024-07-14 14:02:45,0.571584
2024-07-14 14:02:46,0.634544
2024-07-14 14:02:47,0.632104
2024-07-14 14:02:48,0.790104
2024-07-14 14:02:49,0.601504
2024-07-14 14:02:50,0.444592
2024-07-14 14:02:51,0.561816
2024-07-14 14:02:52,0.584784
2024-07-14 14:02:53,0.369448
2024-07-14 14:02:54,0.426928
2024-07-14 14:02:55,0.602528
2024-07-14 14:02:56,0.520312
2024-07-14 14:02:57,0.240488
2024-07-14 14:02:58,0.496784
2024-07-14 14:02:59,0.395456
2024-07-14 14:03:00,0.219272
2024-07-14 14:03:01,0.222504
2024-07-14 14:03:02,0.057888
2024-07-14 14:03:03,0.0526
2024-07-14 14:03:04,0.10436
2024-07-14 14:03:05,0.240008
2024-07-14 14:03:06,0.045472
2024-07-14 14:03:07,0.24312
2024-07-14 14:03:08,0.069696
2024-07-14 14:03:09,0.04292
2024-07-14 14:03:10,0.094392
2024-07-14 14:03:11,0.033864
2024-07-14 14:03:12,0.037136
2024-07-14 14:03:13,0.01816
2024-07-14 14:03:14,0.017144
2024-07-14 14:03:15,0.01764
2024-07-14 14:03:16,0.022392
2024-07-14 14:03:17,0.022416
2024-07-14 14:03:18,0.022456
2024-07-14 14:03:19,0.027576
2024-07-14 14:03:20,0.02304
2024-07-14 14:03:21,0.023448
2024-07-14 14:03:22,0.017072
2024-07-14 14:03:23,0.025936
2024-07-14 14:03:24,0.020368
2024-07-14 14:03:25,0.017032
2024-07-14 14:03:26,0.0314
2024-07-14 14:03:27,0.052152
2024-07-14 14:03:28,0.032784
2024-07-14 14:03:29,0.020632
2024-07-14 14:03:30,0.061112
2024-07-14 14:03:31,0.148088
2024-07-14 14:03:32,0.130792
2024-07-14 14:03:33,0.174296
2024-07-14 14:03:34,0.28984
2024-07-14 14:03:35,0.367344
2024-07-14 14:03:36,0.240912
2024-07-14 14:03:37,0.209888
2024-07-14 14:03:38,0.228304
2024-07-14 14:03:39,0.148328
2024-07-14 14:03:40,0.089344
2024-07-14 14:03:41,0.256624
2024-07-14 14:03:42,0.133528
2024-07-14 14:03:43,0.183456
2024-07-14 14:03:44,0.064352
2024-07-14 14:03:45,0.04608
2024-07-14 14:03:46,0.037688
2024-07-14 14:03:47,0.024192
2024-07-14 14:03:48,0.012856
2024-07-14 14:03:49,0.018504
2024-07-14 14:03:50,0.0166
2024-07-14 14:03:51,0.01724
2024-07-14 14:03:52,0.016856
2024-07-14 14:03:53,0.020304
2024-07-14 14:03:54,0.017
2024-07-14 14:03:55,0.022688
2024-07-14 14:03:56,0.059088
2024-07-14 14:03:57,0.049536
2024-07-14 14:03:58,0.069648
2024-07-14 14:03:59,0.033856
2024-07-14 14:04:00,0.052448
2024-07-14 14:04:01,0.030792
2024-07-14 14:04:02,0.040424
2024-07-14 14:04:03,0.044672
2024-07-14 14:04:04,0.033904
2024-07-14 14:04:05,0.048296
2024-07-14 14:04:06,0.06736
2024-07-14 14:04:07,0.040408
2024-07-14 14:04:08,0.062392
2024-07-14 14:04:09,0.046816
2024-07-14 14:04:10,0.0748
2024-07-14 14:04:11,0.01712
2024-07-14 14:04:12,0.106816
2024-07-14 14:04:13,0.137056
2024-07-14 14:04:14,0.034872
2024-07-14 14:04:15,0.051648
2024-07-14 14:04:16,0.071624
2024-07-14 14:04:17,0.03988
2024-07-14 14:04:18,0.073824
2024-07-14 14:04:19,0.220552
2024-07-14 14:04:20,0.225912
2024-07-14 14:04:21,0.44132
2024-07-14 14:04:22,0.545792
2024-07-14 14:04:23,0.641824
2024-07-14 14:04:24,0.481376
2024-07-14 14:04:25,0.476552
2024-07-14 14:04:26,0.46288
2024-07-14 14:04:27,0.369136
2024-07-14 14:04:28,0.460272
2024-07-14 14:04:29,0.561632
2024-07-14 14:04:30,0.579408
2024-07-14 14:04:31,0.380224
2024-07-14 14:04:32,0.1666
2024-07-14 14:04:33,0.256728
2024-07-14 14:04:34,0.276208
2024-07-14 14:04:35,0.207704
2024-07-14 14:04:36,0.07488
2024-07-14 14:04:37,0.05396
2024-07-14 14:04:38,0.065672
2024-07-14 14:04:39,0.246592
2024-07-14 14:04:40,0.034608
2024-07-14 14:04:41,0.210512
2024-07-14 14:04:42,0.069928
2024-07-14 14:04:43,0.067312
2024-07-14 14:04:44,0.058832
2024-07-14 14:04:45,0.03632
2024-07-14 14:04:46,0.032328
2024-07-14 14:04:47,0.043392
2024-07-14 14:04:48,0.028
2024-07-14 14:04:49,0.023072
2024-07-14 14:04:50,0.042472
2024-07-14 14:04:51,0.046032
2024-07-14 14:04:52,0.034432
2024-07-14 14:04:53,0.044896
2024-07-14 14:04:54,0.025328
2024-07-14 14:04:55,0.030472
2024-07-14 14:04:56,0.03212
2024-07-14 14:04:57,0.014648
2024-07-14 14:04:58,0.028136
2024-07-14 14:04:59,0.01924
2024-07-14 14:05:00,0.035328
2024-07-14 14:05:01,0.036576
2024-07-14 14:05:02,0.027032
2024-07-14 14:05:03,0.027424
2024-07-14 14:05:04,0.034024
2024-07-14 14:05:05,0.021
2024-07-14 14:05:06,0.024008
2024-07-14 14:05:07,0.0166
2024-07-14 14:05:08,0.018976
2024-07-14 14:05:09,0.024184
2024-07-14 14:05:10,0.031168
2024-07-14 14:05:11,0.119072
2024-07-14 14:05:12,0.163376
2024-07-14 14:05:13,0.0376
2024-07-14 14:05:14,0.049464
2024-07-14 14:05:15,0.062624
2024-07-14 14:05:16,0.03772
2024-07-14 14:05:17,0.097168
2024-07-14 14:05:18,0.225248
2024-07-14 14:05:19,0.296368
2024-07-14 14:05:20,0.401032
2024-07-14 14:05:21,0.521144
2024-07-14 14:05:22,0.650208
2024-07-14 14:05:23,0.521288
2024-07-14 14:05:24,0.485992
2024-07-14 14:05:25,0.492816
2024-07-14 14:05:26,0.422616
2024-07-14 14:05:27,0.82108
2024-07-14 14:05:28,0.681944
2024-07-14 14:05:29,0.5398
2024-07-14 14:05:30,0.32032
2024-07-14 14:05:31,0.198872
2024-07-14 14:05:32,0.16096
2024-07-14 14:05:33,0.060296
2024-07-14 14:05:34,0.113848
2024-07-14 14:05:35,0.19484
2024-07-14 14:05:36,0.036056
2024-07-14 14:05:37,0.168048
2024-07-14 14:05:38,0.076528
2024-07-14 14:05:39,0.040616
2024-07-14 14:05:40,0.089848
2024-07-14 14:05:41,0.032552
2024-07-14 14:05:42,0.037696
2024-07-14 14:05:43,0.040168
2024-07-14 14:05:44,0.05044
2024-07-14 14:05:45,0.033328
2024-07-14 14:05:46,0.03456
2024-07-14 14:05:47,0.026144
2024-07-14 14:05:48,0.021032
2024-07-14 14:05:49,0.015864
2024-07-14 14:05:50,0.018576
2024-07-14 14:05:51,0.016384
2024-07-14 14:05:52,0.017216
2024-07-14 14:05:53,0.022264
2024-07-14 14:05:54,0.0166
2024-07-14 14:05:55,0.024256
2024-07-14 14:05:56,0.033416
2024-07-14 14:05:57,0.022728
2024-07-14 14:05:58,0.021016
2024-07-14 14:05:59,0.017024
2024-07-14 14:06:00,0.017536
2024-07-14 14:06:01,0.03248
2024-07-14 14:06:02,0.021352
2024-07-14 14:06:03,0.029048
2024-07-14 14:06:04,0.022792
2024-07-14 14:06:05,0.03524
2024-07-14 14:06:06,0.029296
2024-07-14 14:06:07,0.125608
2024-07-14 14:06:08,0.136512
2024-07-14 14:06:09,0.044784
2024-07-14 14:06:10,0.038504
2024-07-14 14:06:11,0.03996
2024-07-14 14:06:12,0.047776
2024-07-14 14:06:13,0.060064
2024-07-14 14:06:14,0.2016
2024-07-14 14:06:15,0.33588
2024-07-14 14:06:16,0.405368
2024-07-14 14:06:17,0.612808
2024-07-14 14:06:18,0.7162
2024-07-14 14:06:19,0.523184
2024-07-14 14:06:20,0.409496
2024-07-14 14:06:21,0.428232
2024-07-14 14:06:22,0.454904
2024-07-14 14:06:23,0.274112
2024-07-14 14:06:24,0.091872
2024-07-14 14:06:25,0.039592
2024-07-14 14:06:26,0.092984
2024-07-14 14:06:27,0.157968
2024-07-14 14:06:28,0.035056
2024-07-14 14:06:29,0.08856
2024-07-14 14:06:30,0.04552
2024-07-14 14:06:31,0.050624
2024-07-14 14:06:32,0.031776
2024-07-14 14:06:33,0.030576
2024-07-14 14:06:34,0.031128
2024-07-14 14:06:35,0.037832
2024-07-14 14:06:36,0.05076
2024-07-14 14:06:37,0.048832
2024-07-14 14:06:38,0.047192
2024-07-14 14:06:39,0.044704
2024-07-14 14:06:40,0.059032
2024-07-14 14:06:41,0.046952
2024-07-14 14:06:42,0.060432
2024-07-14 14:06:43,0.05644
2024-07-14 14:06:44,0.066384
2024-07-14 14:06:45,0.029144
2024-07-14 14:06:46,0.07396
2024-07-14 14:06:47,0.072616
2024-07-14 14:06:48,0.050328
2024-07-14 14:06:49,0.035544
2024-07-14 14:06:50,0.027664
2024-07-14 14:06:51,0.035896
2024-07-14 14:06:52,0.038288
2024-07-14 14:06:53,0.027624
2024-07-14 14:06:54,0.036264
2024-07-14 14:06:55,0.032512
2024-07-14 14:06:56,0.031528
2024-07-14 14:06:57,0.028344
2024-07-14 14:06:58,0.020936
2024-07-14 14:06:59,0.029216
2024-07-14 14:07:00,0.01512
2024-07-14 14:07:01,0.020368
2024-07-14 14:07:02,0.052904
2024-07-14 14:07:03,0.047848
2024-07-14 14:07:04,0.039648
2024-07-14 14:07:05,0.044176
2024-07-14 14:07:06,0.029264
2024-07-14 14:07:07,0.018976
2024-07-14 14:07:08,0.027152
2024-07-14 14:07:09,0.037688
2024-07-14 14:07:10,0.075896
2024-07-14 14:07:11,0.027864
2024-07-14 14:07:12,0.018464
2024-07-14 14:07:13,0.02056
2024-07-14 14:07:14,0.028416
2024-07-14 14:07:15,0.015344
2024-07-14 14:07:16,0.04048
2024-07-14 14:07:17,0.077928
2024-07-14 14:07:18,0.069864
2024-07-14 14:07:19,0.035856
2024-07-14 14:07:20,0.040488
2024-07-14 14:07:21,0.017056
2024-07-14 14:07:22,0.047632
2024-07-14 14:07:23,0.13016
2024-07-14 14:07:24,0.246496
2024-07-14 14:07:25,0.349776
2024-07-14 14:07:26,0.504392
2024-07-14 14:07:27,0.476944
2024-07-14 14:07:28,0.457144
2024-07-14 14:07:29,0.377368
2024-07-14 14:07:30,0.403368
2024-07-14 14:07:31,0.424624
2024-07-14 14:07:32,0.440376
2024-07-14 14:07:33,0.45696
2024-07-14 14:07:34,0.234672
2024-07-14 14:07:35,0.295608
2024-07-14 14:07:36,0.30048
2024-07-14 14:07:37,0.1048
2024-07-14 14:07:38,0.024608
2024-07-14 14:07:39,0.035416
2024-07-14 14:07:40,0.019872
2024-07-14 14:07:41,0.155784
2024-07-14 14:07:42,0.039824
2024-07-14 14:07:43,0.0468
2024-07-14 14:07:44,0.024224
2024-07-14 14:07:45,0.028584
2024-07-14 14:07:46,0.012992
2024-07-14 14:07:47,0.021488
2024-07-14 14:07:48,0.015784
2024-07-14 14:07:49,0.017384
2024-07-14 14:07:50,0.01852
2024-07-14 14:07:51,0.01524
2024-07-14 14:07:52,0.020568
2024-07-14 14:07:53,0.017344
2024-07-14 14:07:54,0.017152
2024-07-14 14:07:55,0.016672
2024-07-14 14:07:56,0.015384
2024-07-14 14:07:57,0.028128
2024-07-14 14:07:58,0.030072
2024-07-14 14:07:59,0.081456
2024-07-14 14:08:00,0.070776
2024-07-14 14:08:01,0.065088
2024-07-14 14:08:02,0.04256
2024-07-14 14:08:03,0.02884
2024-07-14 14:08:04,0.030112
2024-07-14 14:08:05,0.016688
2024-07-14 14:08:06,0.024648
2024-07-14 14:08:07,0.050128
2024-07-14 14:08:08,0.028008
2024-07-14 14:08:09,0.058568
2024-07-14 14:08:10,0.027552
2024-07-14 14:08:11,0.017144
2024-07-14 14:08:12,0.01764
2024-07-14 14:08:13,0.023416
2024-07-14 14:08:14,0.014592
2024-07-14 14:08:15,0.020136
2024-07-14 14:08:16,0.027808
2024-07-14 14:08:17,0.044336
2024-07-14 14:08:18,0.01952
2024-07-14 14:08:19,0.02748
2024-07-14 14:08:20,0.027008
2024-07-14 14:08:21,0.019984
2024-07-14 14:08:22,0.0184
2024-07-14 14:08:23,0.034608
2024-07-14 14:08:24,0.022448
2024-07-14 14:08:25,0.011984
2024-07-14 14:08:26,0.018024
2024-07-14 14:08:27,0.025104
2024-07-14 14:08:28,0.021648
2024-07-14 14:08:29,0.08508
2024-07-14 14:08:30,0.086728
2024-07-14 14:08:31,0.03068
2024-07-14 14:08:32,0.0592
2024-07-14 14:08:33,0.023768
2024-07-14 14:08:34,0.019144
2024-07-14 14:08:35,0.100024
2024-07-14 14:08:36,0.2068
2024-07-14 14:08:37,0.270688
2024-07-14 14:08:38,0.427024
2024-07-14 14:08:39,0.542992
2024-07-14 14:08:40,0.531272
2024-07-14 14:08:41,0.426288
2024-07-14 14:08:42,0.362304
2024-07-14 14:08:43,0.487432
2024-07-14 14:08:44,0.411976
2024-07-14 14:08:45,0.291712
2024-07-14 14:08:46,0.339744
2024-07-14 14:08:47,0.381936
2024-07-14 14:08:48,0.278592
2024-07-14 14:08:49,0.286008
2024-07-14 14:08:50,0.373496
2024-07-14 14:08:51,0.197
2024-07-14 14:08:52,0.03096
2024-07-14 14:08:53,0.046288
2024-07-14 14:08:54,0.021848
2024-07-14 14:08:55,0.155312
2024-07-14 14:08:56,0.033152
2024-07-14 14:08:57,0.162632
2024-07-14 14:08:58,0.041368
2024-07-14 14:08:59,0.048328
2024-07-14 14:09:00,0.057312
2024-07-14 14:09:01,0.020736
2024-07-14 14:09:02,0.043792
2024-07-14 14:09:03,0.06212
2024-07-14 14:09:04,0.030376
2024-07-14 14:09:05,0.017064
2024-07-14 14:09:06,0.021448
2024-07-14 14:09:07,0.01572
2024-07-14 14:09:08,0.03004
2024-07-14 14:09:09,0.019064
2024-07-14 14:09:10,0.01772
2024-07-14 14:09:11,0.021256
2024-07-14 14:09:12,0.018976
2024-07-14 14:09:13,0.017904
2024-07-14 14:09:14,0.01724
2024-07-14 14:09:15,0.030144
2024-07-14 14:09:16,0.02832
2024-07-14 14:09:17,0.045128
2024-07-14 14:09:18,0.021248
2024-07-14 14:09:19,0.0164
2024-07-14 14:09:20,0.057328
2024-07-14 14:09:21,0.134032
2024-07-14 14:09:22,0.12236
2024-07-14 14:09:23,0.1472
2024-07-14 14:09:24,0.246784
2024-07-14 14:09:25,0.24508
2024-07-14 14:09:26,0.132384
2024-07-14 14:09:27,0.17964
2024-07-14 14:09:28,0.104432
2024-07-14 14:09:29,0.125416
2024-07-14 14:09:30,0.098968
2024-07-14 14:09:31,0.055256
2024-07-14 14:09:32,0.029296
2024-07-14 14:09:33,0.030976
2024-07-14 14:09:34,0.02232
2024-07-14 14:09:35,0.021128
2024-07-14 14:09:36,0.021032
2024-07-14 14:09:37,0.040584
2024-07-14 14:09:38,0.046536
2024-07-14 14:09:39,0.031312
2024-07-14 14:09:40,0.02644
2024-07-14 14:09:41,0.032
2024-07-14 14:09:42,0.025152
2024-07-14 14:09:43,0.031144
2024-07-14 14:09:44,0.031152
2024-07-14 14:09:45,0.025064
2024-07-14 14:09:46,0.060312
2024-07-14 14:09:47,0.041232
2024-07-14 14:09:48,0.044112
2024-07-14 14:09:49,0.041864
2024-07-14 14:09:50,0.02852
2024-07-14 14:09:51,0.072136
2024-07-14 14:09:52,0.021808
2024-07-14 14:09:53,0.05276
2024-07-14 14:09:54,0.030512
2024-07-14 14:09:55,0.06088
2024-07-14 14:09:56,0.01652
2024-07-14 14:09:57,0.034904
2024-07-14 14:09:58,0.104032
2024-07-14 14:09:59,0.105632
2024-07-14 14:10:00,0.042248
2024-07-14 14:10:01,0.02832
2024-07-14 14:10:02,0.045648
2024-07-14 14:10:03,0.039312
2024-07-14 14:10:04,0.07864
2024-07-14 14:10:05,0.19048
2024-07-14 14:10:06,0.285024
2024-07-14 14:10:07,0.32208
2024-07-14 14:10:08,0.4476
2024-07-14 14:10:09,0.608712
2024-07-14 14:10:10,0.507312
2024-07-14 14:10:11,0.387144
2024-07-14 14:10:12,0.55184
2024-07-14 14:10:13,0.61048
2024-07-14 14:10:14,0.40616
2024-07-14 14:10:15,0.231688
2024-07-14 14:10:16,0.23272
2024-07-14 14:10:17,0.292136
2024-07-14 14:10:18,0.296424
2024-07-14 14:10:19,0.295984
2024-07-14 14:10:20,0.310624
2024-07-14 14:10:21,0.139208
2024-07-14 14:10:22,0.038352
2024-07-14 14:10:23,0.046104
2024-07-14 14:10:24,0.111216
2024-07-14 14:10:25,0.050216
2024-07-14 14:10:26,0.022352
2024-07-14 14:10:27,0.029272
2024-07-14 14:10:28,0.023024
2024-07-14 14:10:29,0.021968
2024-07-14 14:10:30,0.020104
2024-07-14 14:10:31,0.01692
2024-07-14 14:10:32,0.01064
2024-07-14 14:11:17,0.008976
2024-07-14 14:11:18,0.243624
2024-07-14 14:11:19,0.016856
2024-07-14 14:11:20,0.029512
2024-07-14 14:11:21,0.017912
2024-07-14 14:11:22,0.061504
2024-07-14 14:11:23,0.379912
2024-07-14 14:11:24,0.061232
2024-07-14 14:11:25,0.026432
2024-07-14 14:11:26,0.027584
2024-07-14 14:11:27,0.045024
2024-07-14 14:11:28,0.04264
2024-07-14 14:11:29,0.06072
2024-07-14 14:11:30,0.030592
2024-07-14 14:11:31,0.028896
2024-07-14 14:11:32,0.03068
2024-07-14 14:11:33,0.029088
2024-07-14 14:11:34,0.048112
2024-07-14 14:11:35,0.115288
2024-07-14 14:11:36,0.025
2024-07-14 14:11:37,0.009408
2024-07-14 14:11:38,0.01296
2024-07-14 14:11:39,0.01372
2024-07-14 14:11:40,0.00608
2024-07-14 14:11:41,0.005184
2024-07-14 14:11:42,0.004576
2024-07-14 14:11:43,0.0058
2024-07-14 14:11:44,0.00848
2024-07-14 14:11:45,0.00652
2024-07-14 14:11:46,0.008176
2024-07-14 14:11:47,0.006288
2024-07-14 14:11:48,0.004088
2024-07-14 14:11:49,0.002216
2024-07-14 14:11:50,0.0036
2024-07-14 14:11:51,0.00428
2024-07-14 14:11:52,0.009984
2024-07-14 14:11:53,0.021712
2024-07-14 14:11:54,0.00816
2024-07-14 14:11:55,0.006008
2024-07-14 14:11:56,0.008176
2024-07-14 14:11:57,0.00428
2024-07-14 14:11:58,0.0036
2024-07-14 14:11:59,0.018472
2024-07-14 14:12:00,0.018336
2024-07-14 14:12:01,0.008656
2024-07-14 14:12:02,0.004632
2024-07-14 14:12:03,0.00428
2024-07-14 14:12:04,0.026128
2024-07-14 14:12:05,0.023968
2024-07-14 14:12:06,0.10896
2024-07-14 14:12:07,0.05924
2024-07-14 14:12:08,0.066632
2024-07-14 14:12:09,0.012184
2024-07-14 14:12:10,0.015048
2024-07-14 14:12:11,0.00452
2024-07-14 14:12:12,0.076512
2024-07-14 14:12:13,0.010808
2024-07-14 14:12:14,0.0082
2024-07-14 14:12:15,0.017744
2024-07-14 14:12:16,0.04488
2024-07-14 14:12:17,0.04732
2024-07-14 14:12:18,0.053304
2024-07-14 14:12:19,0.043056
2024-07-14 14:12:20,0.068696
2024-07-14 14:12:21,0.049944
2024-07-14 14:12:22,0.059728
2024-07-14 14:12:23,0.066336
2024-07-14 14:12:24,0.07364
2024-07-14 14:12:25,0.069952
2024-07-14 14:12:26,0.09672
2024-07-14 14:12:27,0.081432
2024-07-14 14:12:28,0.075048
2024-07-14 14:12:29,0.0544
2024-07-14 14:12:30,0.048608
2024-07-14 14:12:31,0.05424
2024-07-14 14:12:32,0.047912
2024-07-14 14:12:33,0.049048
2024-07-14 14:12:34,0.089288
2024-07-14 14:12:35,0.071104
2024-07-14 14:12:36,0.08888
2024-07-14 14:12:37,0.084168
2024-07-14 14:12:38,0.166168
2024-07-14 14:12:39,0.049592
2024-07-14 14:12:40,0.019472
2024-07-14 14:12:41,0.010784
2024-07-14 14:12:42,0.015512
2024-07-14 14:12:43,0.016784
2024-07-14 14:12:44,0.032368
2024-07-14 14:12:45,0.045944
2024-07-14 14:12:46,0.05716
2024-07-14 14:12:47,0.030224
2024-07-14 14:12:48,0.01376
2024-07-14 14:12:49,0.037184
2024-07-14 14:12:50,0.01592
2024-07-14 14:12:51,0.025712
2024-07-14 14:12:52,0.026784
2024-07-14 14:12:53,0.00968
2024-07-14 14:12:54,0.022608
2024-07-14 14:12:55,0.020112
2024-07-14 14:12:56,0.013952
2024-07-14 14:12:57,0.02572
2024-07-14 14:12:58,0.004576
2024-07-14 14:12:59,0.010208
2024-07-14 14:13:00,0.010632
2024-07-14 14:13:01,0.01004
2024-07-14 14:13:02,0.00876
2024-07-14 14:13:03,0.003248
2024-07-14 14:13:04,0.008648
2024-07-14 14:13:05,0.028944
2024-07-14 14:13:06,0.030872
2024-07-14 14:13:07,0.029936
2024-07-14 14:13:08,0.101832
2024-07-14 14:13:09,0.031232
2024-07-14 14:13:10,0.04216
2024-07-14 14:13:11,0.035376
2024-07-14 14:13:12,0.055328
2024-07-14 14:13:13,0.075584
2024-07-14 14:13:14,0.066368
2024-07-14 14:13:15,0.075448
2024-07-14 14:13:16,0.090128
2024-07-14 14:13:17,0.097624
2024-07-14 14:13:18,0.10452
2024-07-14 14:13:19,0.118736
2024-07-14 14:13:20,0.106752
2024-07-14 14:13:21,0.102824
2024-07-14 14:13:22,0.113792
2024-07-14 14:13:23,0.108192
2024-07-14 14:13:24,0.081016
2024-07-14 14:13:25,0.063248
2024-07-14 14:13:26,0.109384
2024-07-14 14:13:27,0.177608
2024-07-14 14:13:28,0.084328
2024-07-14 14:13:29,0.053896
2024-07-14 14:13:30,0.056336
2024-07-14 14:13:31,0.044536
2024-07-14 14:13:32,0.050248
2024-07-14 14:13:33,0.044208
2024-07-14 14:13:34,0.032384
2024-07-14 14:13:35,0.028784
2024-07-14 14:13:36,0.024656
2024-07-14 14:13:37,0.020584
2024-07-14 14:13:38,0.019192
2024-07-14 14:13:39,0.029456
2024-07-14 14:13:40,0.034312
2024-07-14 14:13:41,0.03984
2024-07-14 14:13:42,0.041928
2024-07-14 14:13:43,0.01948
2024-07-14 14:13:44,0.03768
2024-07-14 14:13:45,0.031672
2024-07-14 14:13:46,0.016904
2024-07-14 14:13:47,0.127912
2024-07-14 14:13:48,0.020664
2024-07-14 14:13:49,0.03104
2024-07-14 14:13:50,0.064728
2024-07-14 14:13:51,0.054256
2024-07-14 14:13:52,0.09412
2024-07-14 14:13:53,0.082712
2024-07-14 14:13:54,0.099216
2024-07-14 14:13:55,0.104176
2024-07-14 14:13:56,0.102744
2024-07-14 14:13:57,0.145304
2024-07-14 14:13:58,0.164224
2024-07-14 14:13:59,0.1216
2024-07-14 14:14:00,0.116832
2024-07-14 14:14:01,0.091256
2024-07-14 14:14:02,0.080504
2024-07-14 14:14:03,0.130408
2024-07-14 14:14:04,0.084144
2024-07-14 14:14:05,0.06564
2024-07-14 14:14:06,0.039656
2024-07-14 14:14:07,0.015176
2024-07-14 14:14:08,0.014976
2024-07-14 14:14:09,0.014104
2024-07-14 14:14:10,0.04992
2024-07-14 14:14:11,0.070784
2024-07-14 14:14:12,0.039808
2024-07-14 14:14:13,0.025616
2024-07-14 14:14:14,0.01516
2024-07-14 14:14:15,0.05424
2024-07-14 14:14:16,0.036744
2024-07-14 14:14:17,0.019704
2024-07-14 14:14:18,0.04016
2024-07-14 14:14:19,0.045336
2024-07-14 14:14:20,0.042248
2024-07-14 14:14:21,0.057056
2024-07-14 14:14:22,0.049544
2024-07-14 14:14:23,0.01616
2024-07-14 14:14:24,0.027288
2024-07-14 14:14:25,0.028448
2024-07-14 14:14:26,0.029968
2024-07-14 14:14:27,0.040824
2024-07-14 14:14:28,0.0418
2024-07-14 14:14:29,0.049712
2024-07-14 14:14:30,0.031144
2024-07-14 14:14:31,0.029
2024-07-14 14:14:32,0.024568
2024-07-14 14:14:33,0.013064
2024-07-14 14:14:34,0.036768
2024-07-14 14:14:35,0.053208
2024-07-14 14:14:36,0.048368
2024-07-14 14:14:37,0.043184
2024-07-14 14:14:38,0.036184
2024-07-14 14:14:39,0.027632
2024-07-14 14:14:40,0.04712
2024-07-14 14:14:41,0.030112
2024-07-14 14:14:42,0.031
2024-07-14 14:14:43,0.035416
2024-07-14 14:14:44,0.016608
2024-07-14 14:14:45,0.021184
2024-07-14 14:14:46,0.018568
2024-07-14 14:14:47,0.015152
2024-07-14 14:14:48,0.017088
2024-07-14 14:14:49,0.020912
2024-07-14 14:14:50,0.013672
2024-07-14 14:14:51,0.012992
2024-07-14 14:14:52,0.02556
2024-07-14 14:14:53,0.017272
2024-07-14 14:14:54,0.12148
2024-07-14 14:14:55,0.081424
2024-07-14 14:14:56,0.046344
2024-07-14 14:14:57,0.024488
2024-07-14 14:14:58,0.050152
2024-07-14 14:14:59,0.039104
2024-07-14 14:15:00,0.056112
2024-07-14 14:15:01,0.071232
2024-07-14 14:15:02,0.071632
2024-07-14 14:15:03,0.076232
2024-07-14 14:15:04,0.102872
2024-07-14 14:15:05,0.12324
2024-07-14 14:15:06,0.113248
2024-07-14 14:15:07,0.105384
2024-07-14 14:15:08,0.127456
2024-07-14 14:15:09,0.1052
2024-07-14 14:15:10,0.103816
2024-07-14 14:15:11,0.116392
2024-07-14 14:15:12,0.096008
2024-07-14 14:15:13,0.120016
2024-07-14 14:15:14,0.102304
2024-07-14 14:15:15,0.108272
2024-07-14 14:15:16,0.097656
2024-07-14 14:15:17,0.106008
2024-07-14 14:15:18,0.069744
2024-07-14 14:15:19,0.115664
2024-07-14 14:15:20,0.076744
2024-07-14 14:15:21,0.090584
2024-07-14 14:15:22,0.084744
2024-07-14 14:15:23,0.088648
2024-07-14 14:15:24,0.088344
2024-07-14 14:15:25,0.068312
2024-07-14 14:15:26,0.078728
2024-07-14 14:15:27,0.0942
2024-07-14 14:15:28,0.10272
2024-07-14 14:15:29,0.047936
2024-07-14 14:15:30,0.040192
2024-07-14 14:15:31,0.04952
2024-07-14 14:15:32,0.052224
2024-07-14 14:15:33,0.048312
2024-07-14 14:15:34,0.045864
2024-07-14 14:15:35,0.055096
2024-07-14 14:15:36,0.03928
2024-07-14 14:15:37,0.023664
2024-07-14 14:15:38,0.041064
2024-07-14 14:15:39,0.013256
2024-07-14 14:15:40,0.0258
2024-07-14 14:15:41,0.227192
2024-07-14 14:15:42,0.048
2024-07-14 14:15:43,0.034032
2024-07-14 14:15:44,0.155656
2024-07-14 14:15:45,0.07584
2024-07-14 14:15:46,0.036504
2024-07-14 14:15:47,0.05252
2024-07-14 14:15:48,0.042648
2024-07-14 14:15:49,0.018792
2024-07-14 14:15:50,0.054288
2024-07-14 14:15:51,0.044792
2024-07-14 14:15:52,0.014256
2024-07-14 14:15:53,0.012568
2024-07-14 14:15:54,0.010776
2024-07-14 14:15:55,0.0172
2024-07-14 14:15:56,0.014392
2024-07-14 14:15:57,0.021776
2024-07-14 14:15:58,0.038712
2024-07-14 14:15:59,0.021176
2024-07-14 14:16:00,0.025272
2024-07-14 14:16:01,0.019864
2024-07-14 14:16:02,0.026752
2024-07-14 14:16:03,0.010192
2024-07-14 14:16:04,0.016536
2024-07-14 14:16:05,0.024856
2024-07-14 14:16:06,0.017664
2024-07-14 14:16:07,0.019872
2024-07-14 14:16:08,0.016688
2024-07-14 14:16:09,0.02716
2024-07-14 14:16:10,0.01504
2024-07-14 14:16:11,0.012328
2024-07-14 14:16:12,0.015136
2024-07-14 14:16:13,0.01068
2024-07-14 14:16:14,0.142856
2024-07-14 14:16:15,0.093576
2024-07-14 14:16:16,0.017904
2024-07-14 14:16:17,0.03876
2024-07-14 14:16:18,0.042096
2024-07-14 14:16:19,0.04024
2024-07-14 14:16:20,0.09012
2024-07-14 14:16:21,0.075232
2024-07-14 14:16:22,0.07644
2024-07-14 14:16:23,0.087696
2024-07-14 14:16:24,0.11144
2024-07-14 14:16:25,0.119072
2024-07-14 14:16:26,0.099352
2024-07-14 14:16:27,0.09376
2024-07-14 14:16:28,0.119224
2024-07-14 14:16:29,0.114656
2024-07-14 14:16:30,0.1052
2024-07-14 14:16:31,0.089624
2024-07-14 14:16:32,0.090392
2024-07-14 14:16:33,0.097944
2024-07-14 14:16:34,0.118672
2024-07-14 14:16:35,0.115688
2024-07-14 14:16:36,0.104504
2024-07-14 14:16:37,0.128096
2024-07-14 14:16:38,0.0664
2024-07-14 14:16:39,0.087256
2024-07-14 14:16:40,0.08544
2024-07-14 14:16:41,0.069984
2024-07-14 14:16:42,0.085296
2024-07-14 14:16:43,0.072544
2024-07-14 14:16:44,0.083824
2024-07-14 14:16:45,0.076896
2024-07-14 14:16:46,0.07056
2024-07-14 14:16:47,0.068224
2024-07-14 14:16:48,0.055824
2024-07-14 14:16:49,0.074288
2024-07-14 14:16:50,0.053728
2024-07-14 14:16:51,0.054144
2024-07-14 14:16:52,0.063856
2024-07-14 14:16:53,0.061424
2024-07-14 14:16:54,0.048176
2024-07-14 14:16:55,0.078216
2024-07-14 14:16:56,0.029024
2024-07-14 14:16:57,0.056536
2024-07-14 14:16:58,0.271984
2024-07-14 14:16:59,0.063784
2024-07-14 14:17:00,0.180816
2024-07-14 14:17:01,0.058776
2024-07-14 14:17:02,0.059424
2024-07-14 14:17:03,0.021544
2024-07-14 14:17:04,0.028984
2024-07-14 14:17:05,0.037512
2024-07-14 14:17:06,0.021832
2024-07-14 14:17:07,0.021
2024-07-14 14:17:08,0.020208
2024-07-14 14:17:09,0.025888
2024-07-14 14:17:10,0.023904
2024-07-14 14:17:11,0.013224
2024-07-14 14:17:12,0.021384
2024-07-14 14:17:13,0.015272
2024-07-14 14:17:14,0.029896
2024-07-14 14:17:15,0.024432
2024-07-14 14:17:16,0.036
2024-07-14 14:17:17,0.030144
2024-07-14 14:17:18,0.022744
2024-07-14 14:17:19,0.018056
2024-07-14 14:17:20,0.03832
2024-07-14 14:17:21,0.02228
2024-07-14 14:17:22,0.03076
2024-07-14 14:17:23,0.042776
2024-07-14 14:17:24,0.035712
2024-07-14 14:17:25,0.037408
2024-07-14 14:17:26,0.02984
2024-07-14 14:17:27,0.029248
2024-07-14 14:17:28,0.02556
2024-07-14 14:17:29,0.023864
2024-07-14 14:17:30,0.13772
2024-07-14 14:17:31,0.098616
2024-07-14 14:17:32,0.02492
2024-07-14 14:17:33,0.058368
2024-07-14 14:17:34,0.044368
2024-07-14 14:17:35,0.040208
2024-07-14 14:17:36,0.059544
2024-07-14 14:17:37,0.068816
2024-07-14 14:17:38,0.091816
2024-07-14 14:17:39,0.101912
2024-07-14 14:17:40,0.099776
2024-07-14 14:17:41,0.127856
2024-07-14 14:17:42,0.147512
2024-07-14 14:17:43,0.135456
2024-07-14 14:17:44,0.116024
2024-07-14 14:17:45,0.124488
2024-07-14 14:17:46,0.147984
2024-07-14 14:17:47,0.11512
2024-07-14 14:17:48,0.128784
2024-07-14 14:17:49,0.121096
2024-07-14 14:17:50,0.14376
2024-07-14 14:17:51,0.131928
2024-07-14 14:17:52,0.116184
2024-07-14 14:17:53,0.112792
2024-07-14 14:17:54,0.11312
2024-07-14 14:17:55,0.1092
2024-07-14 14:17:56,0.101544
2024-07-14 14:17:57,0.089
2024-07-14 14:17:58,0.119504
2024-07-14 14:17:59,0.094168
2024-07-14 14:18:00,0.070216
2024-07-14 14:18:01,0.0746
2024-07-14 14:18:02,0.075184
2024-07-14 14:18:03,0.070008
2024-07-14 14:18:04,0.094088
2024-07-14 14:18:05,0.0592
2024-07-14 14:18:06,0.056344
2024-07-14 14:18:07,0.087552
2024-07-14 14:18:08,0.051952
2024-07-14 14:18:09,0.036704
2024-07-14 14:18:10,0.03836
2024-07-14 14:18:11,0.02596
2024-07-14 14:18:12,0.0242
2024-07-14 14:18:13,0.246336
2024-07-14 14:18:14,0.04748
2024-07-14 14:18:15,0.07924
2024-07-14 14:18:16,0.041168
2024-07-14 14:18:17,0.045784
2024-07-14 14:18:18,0.044008
2024-07-14 14:18:19,0.038448
2024-07-14 14:18:20,0.03564
2024-07-14 14:18:21,0.039616
2024-07-14 14:18:22,0.044328
2024-07-14 14:18:23,0.043544
2024-07-14 14:18:24,0.050312
2024-07-14 14:18:25,0.053184
2024-07-14 14:18:26,0.049024
2024-07-14 14:18:27,0.055904
2024-07-14 14:18:28,0.062696
2024-07-14 14:18:29,0.058856
2024-07-14 14:18:30,0.071184
2024-07-14 14:18:31,0.058416
2024-07-14 14:18:32,0.057896
2024-07-14 14:18:33,0.054392
2024-07-14 14:18:34,0.053784
2024-07-14 14:18:35,0.061344
2024-07-14 14:18:36,0.059592
2024-07-14 14:18:37,0.063912
2024-07-14 14:18:38,0.057784
2024-07-14 14:18:39,0.057984
2024-07-14 14:18:40,0.055904
2024-07-14 14:18:41,0.058448
2024-07-14 14:18:42,0.062264
2024-07-14 14:18:43,0.066
2024-07-14 14:18:44,0.053376
2024-07-14 14:18:45,0.063544
2024-07-14 14:18:46,0.037664
2024-07-14 14:18:47,0.042856
2024-07-14 14:18:48,0.040096
2024-07-14 14:18:49,0.084912
2024-07-14 14:18:50,0.042176
2024-07-14 14:18:51,0.150592
2024-07-14 14:18:52,0.054624
2024-07-14 14:18:53,0.04
2024-07-14 14:18:54,0.0226
2024-07-14 14:18:55,0.026336
2024-07-14 14:18:56,0.030848
2024-07-14 14:18:57,0.0108
2024-07-14 14:18:58,0.021184
2024-07-14 14:18:59,0.014184
2024-07-14 14:19:00,0.030536
2024-07-14 14:19:01,0.017112
2024-07-14 14:19:02,0.034984
2024-07-14 14:19:03,0.049392
2024-07-14 14:19:04,0.054664
2024-07-14 14:19:05,0.044736
2024-07-14 14:19:06,0.040808
2024-07-14 14:19:07,0.027832
2024-07-14 14:19:08,0.032904
2024-07-14 14:19:09,0.041256
2024-07-14 14:19:10,0.019048
2024-07-14 14:19:11,0.02088
2024-07-14 14:19:12,0.03228
2024-07-14 14:19:13,0.031336
2024-07-14 14:19:14,0.03684
2024-07-14 14:19:15,0.03792
2024-07-14 14:19:16,0.014216
2024-07-14 14:19:17,0.024072
2024-07-14 14:19:18,0.02728
2024-07-14 14:19:19,0.017072
2024-07-14 14:19:20,0.01232
2024-07-14 14:19:21,0.013544
2024-07-14 14:19:22,0.025912
2024-07-14 14:19:23,0.041928
2024-07-14 14:19:24,0.015912
2024-07-14 14:19:25,0.02844
2024-07-14 14:19:26,0.01816
2024-07-14 14:19:27,0.013528
2024-07-14 14:19:28,0.015808
2024-07-14 14:19:29,0.029536
2024-07-14 14:19:30,0.013544
2024-07-14 14:19:31,0.152992
2024-07-14 14:19:32,0.113696
2024-07-14 14:19:33,0.027232
2024-07-14 14:19:34,0.073528
2024-07-14 14:19:35,0.041632
2024-07-14 14:19:36,0.048736
2024-07-14 14:19:37,0.132288
2024-07-14 14:19:38,0.097328
2024-07-14 14:19:39,0.113432
2024-07-14 14:19:40,0.121264
2024-07-14 14:19:41,0.130728
2024-07-14 14:19:42,0.16736
2024-07-14 14:19:43,0.149056
2024-07-14 14:19:44,0.152384
2024-07-14 14:19:45,0.15432
2024-07-14 14:19:46,0.169064
2024-07-14 14:19:47,0.13516
2024-07-14 14:19:48,0.160624
2024-07-14 14:19:49,0.127232
2024-07-14 14:19:50,0.134224
2024-07-14 14:19:51,0.111032
2024-07-14 14:19:52,0.14908
2024-07-14 14:19:53,0.114232
2024-07-14 14:19:54,0.106264
2024-07-14 14:19:55,0.129712
2024-07-14 14:19:56,0.133408
2024-07-14 14:19:57,0.107816
2024-07-14 14:19:58,0.13592
2024-07-14 14:19:59,0.131408
2024-07-14 14:20:00,0.091208
2024-07-14 14:20:01,0.079352
2024-07-14 14:20:02,0.073624
2024-07-14 14:20:03,0.060888
2024-07-14 14:20:04,0.074944
2024-07-14 14:20:05,0.075128
2024-07-14 14:20:06,0.048232
2024-07-14 14:20:07,0.060072
2024-07-14 14:20:08,0.033808
2024-07-14 14:20:09,0.036528
2024-07-14 14:20:10,0.047504
2024-07-14 14:20:11,0.253392
2024-07-14 14:20:12,0.104256
2024-07-14 14:20:13,0.1644
2024-07-14 14:20:14,0.045568
2024-07-14 14:20:15,0.0698
2024-07-14 14:20:16,0.025256
2024-07-14 14:20:17,0.020432
2024-07-14 14:20:18,0.020768
2024-07-14 14:20:19,0.024176
2024-07-14 14:20:20,0.015232
2024-07-14 14:20:21,0.05896
2024-07-14 14:20:22,0.106856
2024-07-14 14:20:23,0.137024
2024-07-14 14:20:24,0.051416
2024-07-14 14:20:25,0.040456
2024-07-14 14:20:26,0.024704
2024-07-14 14:20:27,0.068072
2024-07-14 14:20:28,0.0598
2024-07-14 14:20:29,0.089016
2024-07-14 14:20:30,0.065504
2024-07-14 14:20:31,0.058248
2024-07-14 14:20:32,0.064096
2024-07-14 14:20:33,0.020992
2024-07-14 14:20:34,0.0176
2024-07-14 14:20:35,0.02584
2024-07-14 14:20:36,0.023392
2024-07-14 14:20:37,0.024672
2024-07-14 14:20:38,0.025376
2024-07-14 14:20:39,0.071088
2024-07-14 14:20:40,0.021728
2024-07-14 14:20:41,0.016048
2024-07-14 14:20:42,0.028504
2024-07-14 14:20:43,0.045584
2024-07-14 14:20:44,0.036768
2024-07-14 14:20:45,0.036528
2024-07-14 14:20:46,0.023768
2024-07-14 14:20:47,0.029568
2024-07-14 14:20:48,0.021336
2024-07-14 14:20:49,0.021328
2024-07-14 14:20:50,0.019976
2024-07-14 14:20:51,0.019136
2024-07-14 14:20:52,0.026736
2024-07-14 14:20:53,0.028984
2024-07-14 14:20:54,0.01068
2024-07-14 14:20:55,0.015328
2024-07-14 14:20:56,0.010192
2024-07-14 14:20:57,0.150272
2024-07-14 14:20:58,0.103328
2024-07-14 14:20:59,0.026544
2024-07-14 14:21:00,0.06236
2024-07-14 14:21:01,0.034176
2024-07-14 14:21:02,0.039192
2024-07-14 14:21:03,0.141848
2024-07-14 14:21:04,0.091544
2024-07-14 14:21:05,0.132512
2024-07-14 14:21:06,0.11644
2024-07-14 14:21:07,0.154008
2024-07-14 14:21:08,0.138456
2024-07-14 14:21:09,0.147904
2024-07-14 14:21:10,0.185872
2024-07-14 14:21:11,0.194336
2024-07-14 14:21:12,0.148064
2024-07-14 14:21:13,0.142896
2024-07-14 14:21:14,0.122624
2024-07-14 14:21:15,0.138976
2024-07-14 14:21:16,0.131032
2024-07-14 14:21:17,0.145048
2024-07-14 14:21:18,0.117328
2024-07-14 14:21:19,0.16748
2024-07-14 14:21:20,0.135744
2024-07-14 14:21:21,0.098104
2024-07-14 14:21:22,0.119904
2024-07-14 14:21:23,0.094648
2024-07-14 14:21:24,0.079648
2024-07-14 14:21:25,0.073016
2024-07-14 14:21:26,0.066264
2024-07-14 14:21:27,0.070296
2024-07-14 14:21:28,0.080424
2024-07-14 14:21:29,0.068736
2024-07-14 14:21:30,0.048128
2024-07-14 14:21:31,0.046464
2024-07-14 14:21:32,0.043144
2024-07-14 14:21:33,0.05216
2024-07-14 14:21:34,0.038784
2024-07-14 14:21:35,0.047376
2024-07-14 14:21:36,0.043016
2024-07-14 14:21:37,0.039896
2024-07-14 14:21:38,0.041152
2024-07-14 14:21:39,0.047176
2024-07-14 14:21:40,0.015368
2024-07-14 14:21:41,0.057904
2024-07-14 14:21:42,0.259888
2024-07-14 14:21:43,0.030104
2024-07-14 14:21:44,0.246128
2024-07-14 14:21:45,0.082952
2024-07-14 14:21:46,0.059784
2024-07-14 14:21:47,0.058048
2024-07-14 14:21:48,0.02252
2024-07-14 14:21:49,0.036752
2024-07-14 14:21:50,0.039488
2024-07-14 14:21:51,0.027512
2024-07-14 14:21:52,0.032176
2024-07-14 14:21:53,0.034808
2024-07-14 14:21:54,0.036488
2024-07-14 14:21:55,0.021616
2024-07-14 14:21:56,0.015528
2024-07-14 14:21:57,0.01068
2024-07-14 14:21:58,0.020312
2024-07-14 14:21:59,0.013
2024-07-14 14:22:00,0.012296
2024-07-14 14:22:01,0.049128
2024-07-14 14:22:02,0.028944
2024-07-14 14:22:03,0.048376
2024-07-14 14:22:04,0.107608
2024-07-14 14:22:05,0.045904
2024-07-14 14:22:06,0.048472
2024-07-14 14:22:07,0.111472
2024-07-14 14:22:08,0.115648
2024-07-14 14:22:09,0.116144
2024-07-14 14:22:10,0.127256
2024-07-14 14:22:11,0.15352
2024-07-14 14:22:12,0.178808
2024-07-14 14:22:13,0.18068
2024-07-14 14:22:14,0.173864
2024-07-14 14:22:15,0.22508
2024-07-14 14:22:16,0.218208
2024-07-14 14:22:17,0.219424
2024-07-14 14:22:18,0.224128
2024-07-14 14:22:19,0.187072
2024-07-14 14:22:20,0.225208
2024-07-14 14:22:21,0.16636
2024-07-14 14:22:22,0.109992
2024-07-14 14:22:23,0.225304
2024-07-14 14:22:24,0.152984
2024-07-14 14:22:25,0.072064
2024-07-14 14:22:26,0.16612
2024-07-14 14:22:27,0.058792
2024-07-14 14:22:28,0.047784
2024-07-14 14:22:29,0.032392
2024-07-14 14:22:30,0.027672
2024-07-14 14:22:31,0.01592
2024-07-14 14:22:32,0.039
2024-07-14 14:22:33,0.032856
2024-07-14 14:22:34,0.032464
2024-07-14 14:22:35,0.046312
2024-07-14 14:22:36,0.020952
2024-07-14 14:22:37,0.019456
2024-07-14 14:22:38,0.032168
2024-07-14 14:22:39,0.029912
2024-07-14 14:22:40,0.013208
2024-07-14 14:22:41,0.028104
2024-07-14 14:22:42,0.024936
2024-07-14 14:22:43,0.025456
2024-07-14 14:22:44,0.01068
2024-07-14 14:22:45,0.021592
2024-07-14 14:22:46,0.038824
2024-07-14 14:22:47,0.066888
2024-07-14 14:22:48,0.037248
2024-07-14 14:22:49,0.02928
2024-07-14 14:22:50,0.025248
2024-07-14 14:22:51,0.041696
2024-07-14 14:22:52,0.035992
2024-07-14 14:22:53,0.03004
2024-07-14 14:22:54,0.105904
2024-07-14 14:22:55,0.147544
2024-07-14 14:22:56,0.063056
2024-07-14 14:22:57,0.037112
2024-07-14 14:22:58,0.04872
2024-07-14 14:22:59,0.052304
2024-07-14 14:23:00,0.091864
2024-07-14 14:23:01,0.124488
2024-07-14 14:23:02,0.126544
2024-07-14 14:23:03,0.131768
2024-07-14 14:23:04,0.159288
2024-07-14 14:23:05,0.217104
2024-07-14 14:23:06,0.168656
2024-07-14 14:23:07,0.19812
2024-07-14 14:23:08,0.284288
2024-07-14 14:23:09,0.249736
2024-07-14 14:23:10,0.22004
2024-07-14 14:23:11,0.243792
2024-07-14 14:23:12,0.19272
2024-07-14 14:23:13,0.168416
2024-07-14 14:23:14,0.15756
2024-07-14 14:23:15,0.181144
2024-07-14 14:23:16,0.167744
2024-07-14 14:23:17,0.175472
2024-07-14 14:23:18,0.176576
2024-07-14 14:23:19,0.166056
2024-07-14 14:23:20,0.119224
2024-07-14 14:23:21,0.085768
2024-07-14 14:23:22,0.066184
2024-07-14 14:23:23,0.035984
2024-07-14 14:23:24,0.051672
2024-07-14 14:23:25,0.300344
2024-07-14 14:23:26,0.0364
2024-07-14 14:23:27,0.216464
2024-07-14 14:23:28,0.041152
2024-07-14 14:23:29,0.02612
2024-07-14 14:23:30,0.02276
2024-07-14 14:23:31,0.015848
2024-07-14 14:23:32,0.015976
2024-07-14 14:23:33,0.030384
2024-07-14 14:23:34,0.03616
2024-07-14 14:23:35,0.042712
2024-07-14 14:23:36,0.056008
2024-07-14 14:23:37,0.04356
2024-07-14 14:23:38,0.026344
2024-07-14 14:23:39,0.02144
2024-07-14 14:23:40,0.01532
2024-07-14 14:23:41,0.014688
2024-07-14 14:23:42,0.013544
2024-07-14 14:23:43,0.011768
2024-07-14 14:23:44,0.016608
2024-07-14 14:23:45,0.020864
2024-07-14 14:23:46,0.015912
2024-07-14 14:23:47,0.012416
2024-07-14 14:23:48,0.01068
2024-07-14 14:23:49,0.013056
2024-07-14 14:23:50,0.017536
2024-07-14 14:23:51,0.013056
2024-07-14 14:23:52,0.01464
2024-07-14 14:23:53,0.043776
2024-07-14 14:23:54,0.044328
2024-07-14 14:23:55,0.05836
2024-07-14 14:23:56,0.032872
2024-07-14 14:23:57,0.048704
2024-07-14 14:23:58,0.033728
2024-07-14 14:23:59,0.042496
2024-07-14 14:24:00,0.02924
2024-07-14 14:24:01,0.039232
2024-07-14 14:24:02,0.036072
2024-07-14 14:24:03,0.027896
2024-07-14 14:24:04,0.026672
2024-07-14 14:24:05,0.056192
2024-07-14 14:24:06,0.041072
2024-07-14 14:24:07,0.022984
2024-07-14 14:24:08,0.038016
2024-07-14 14:24:09,0.024032
2024-07-14 14:24:10,0.043264
2024-07-14 14:24:11,0.015992
2024-07-14 14:24:12,0.033448
2024-07-14 14:24:13,0.02464
2024-07-14 14:24:14,0.012568
2024-07-14 14:24:15,0.015824
2024-07-14 14:24:16,0.017128
2024-07-14 14:24:17,0.157016
2024-07-14 14:24:18,0.138456
2024-07-14 14:24:19,0.017624
2024-07-14 14:24:20,0.054104
2024-07-14 14:24:21,0.049264
2024-07-14 14:24:22,0.05552
2024-07-14 14:24:23,0.161952
2024-07-14 14:24:24,0.192264
2024-07-14 14:24:25,0.238704
2024-07-14 14:24:26,0.267488
2024-07-14 14:24:27,0.29476
2024-07-14 14:24:28,0.231152
2024-07-14 14:24:29,0.226216
2024-07-14 14:24:30,0.265472
2024-07-14 14:24:31,0.251728
2024-07-14 14:24:32,0.253144
2024-07-14 14:24:33,0.212832
2024-07-14 14:24:34,0.234168
2024-07-14 14:24:35,0.175432
2024-07-14 14:24:36,0.187632
2024-07-14 14:24:37,0.188
2024-07-14 14:24:38,0.196072
2024-07-14 14:24:39,0.181888
2024-07-14 14:24:40,0.179552
2024-07-14 14:24:41,0.144816
2024-07-14 14:24:42,0.128168
2024-07-14 14:24:43,0.159928
2024-07-14 14:24:44,0.1744
2024-07-14 14:24:45,0.151728
2024-07-14 14:24:46,0.126272
2024-07-14 14:24:47,0.108464
2024-07-14 14:24:48,0.099832
2024-07-14 14:24:49,0.048184
2024-07-14 14:24:50,0.06788
2024-07-14 14:24:51,0.030288
2024-07-14 14:24:52,0.026184
2024-07-14 14:24:53,0.048248
2024-07-14 14:24:54,0.049456
2024-07-14 14:24:55,0.30164
2024-07-14 14:24:56,0.110888
2024-07-14 14:24:57,0.151344
2024-07-14 14:24:58,0.09112
2024-07-14 14:24:59,0.077792
2024-07-14 14:25:00,0.05588
2024-07-14 14:25:01,0.039736
2024-07-14 14:25:02,0.018488
2024-07-14 14:25:03,0.041816
2024-07-14 14:25:04,0.021768
2024-07-14 14:25:05,0.034496
2024-07-14 14:25:06,0.04928
2024-07-14 14:25:07,0.048984
2024-07-14 14:25:08,0.035464
2024-07-14 14:25:09,0.034896
2024-07-14 14:25:10,0.025544
2024-07-14 14:25:11,0.033968
2024-07-14 14:25:12,0.049552
2024-07-14 14:25:13,0.035912
2024-07-14 14:25:14,0.040232
2024-07-14 14:25:15,0.054448
2024-07-14 14:25:16,0.029992
2024-07-14 14:25:17,0.027264
2024-07-14 14:25:18,0.02224
2024-07-14 14:25:19,0.015104
2024-07-14 14:25:20,0.057928
2024-07-14 14:25:21,0.020528
2024-07-14 14:25:22,0.041192
2024-07-14 14:25:23,0.043376
2024-07-14 14:25:24,0.018064
2024-07-14 14:25:25,0.019584
2024-07-14 14:25:26,0.037328
2024-07-14 14:25:27,0.164328
2024-07-14 14:25:28,0.127504
2024-07-14 14:25:29,0.01872
2024-07-14 14:25:30,0.068424
2024-07-14 14:25:31,0.030384
2024-07-14 14:25:32,0.048512
2024-07-14 14:25:33,0.154592
2024-07-14 14:25:34,0.139512
2024-07-14 14:25:35,0.165592
2024-07-14 14:25:36,0.171784
2024-07-14 14:25:37,0.204096
2024-07-14 14:25:38,0.210952
2024-07-14 14:25:39,0.259184
2024-07-14 14:25:40,0.278584
2024-07-14 14:25:41,0.250576
2024-07-14 14:25:42,0.205264
2024-07-14 14:25:43,0.226752
2024-07-14 14:25:44,0.153392
2024-07-14 14:25:45,0.251912
2024-07-14 14:25:46,0.144424
2024-07-14 14:25:47,0.22644
2024-07-14 14:25:48,0.195776
2024-07-14 14:25:49,0.159288
2024-07-14 14:25:50,0.17768
2024-07-14 14:25:51,0.124336
2024-07-14 14:25:52,0.144464
2024-07-14 14:25:53,0.126904
2024-07-14 14:25:54,0.130064
2024-07-14 14:25:55,0.133752
2024-07-14 14:25:56,0.149032
2024-07-14 14:25:57,0.117488
2024-07-14 14:25:58,0.167024
2024-07-14 14:25:59,0.109592
2024-07-14 14:26:00,0.101896
2024-07-14 14:26:01,0.082464
2024-07-14 14:26:02,0.063568
2024-07-14 14:26:03,0.094912
2024-07-14 14:26:04,0.101616
2024-07-14 14:26:05,0.062416
2024-07-14 14:26:06,0.06228
2024-07-14 14:26:07,0.099392
2024-07-14 14:26:08,0.084728
2024-07-14 14:26:09,0.027112
2024-07-14 14:26:10,0.03656
2024-07-14 14:26:11,0.060728
2024-07-14 14:26:12,0.307
2024-07-14 14:26:13,0.040688
2024-07-14 14:26:14,0.082232
2024-07-14 14:26:15,0.054384
2024-07-14 14:26:16,0.049168
2024-07-14 14:26:17,0.05164
2024-07-14 14:26:18,0.04396
2024-07-14 14:26:19,0.042592
2024-07-14 14:26:20,0.04156
2024-07-14 14:26:21,0.040424
2024-07-14 14:26:22,0.044344
2024-07-14 14:26:23,0.046072
2024-07-14 14:26:24,0.056792
2024-07-14 14:26:25,0.045424
2024-07-14 14:26:26,0.058208
2024-07-14 14:26:27,0.054704
2024-07-14 14:26:28,0.054216
2024-07-14 14:26:29,0.054528
2024-07-14 14:26:30,0.062072
2024-07-14 14:26:31,0.059008
2024-07-14 14:26:32,0.061008
2024-07-14 14:26:33,0.057776
2024-07-14 14:26:34,0.056424
2024-07-14 14:26:35,0.051552
2024-07-14 14:26:36,0.0662
2024-07-14 14:26:37,0.072904
2024-07-14 14:26:38,0.064624
2024-07-14 14:26:39,0.05232
2024-07-14 14:26:40,0.061264
2024-07-14 14:26:41,0.053504
2024-07-14 14:26:42,0.048824
2024-07-14 14:26:43,0.042824
2024-07-14 14:26:44,0.045616
2024-07-14 14:26:45,0.0518
2024-07-14 14:26:46,0.052368
2024-07-14 14:26:47,0.0964
2024-07-14 14:26:48,0.02248
2024-07-14 14:26:49,0.102568
2024-07-14 14:26:50,0.095736
2024-07-14 14:26:51,0.082552
2024-07-14 14:26:52,0.081824
2024-07-14 14:26:53,0.037352
2024-07-14 14:26:54,0.050576
2024-07-14 14:26:55,0.043664
2024-07-14 14:26:56,0.020552
2024-07-14 14:26:57,0.045528
2024-07-14 14:26:58,0.047512
2024-07-14 14:26:59,0.017872
2024-07-14 14:27:00,0.035096
2024-07-14 14:27:01,0.05328
2024-07-14 14:27:02,0.04952
2024-07-14 14:27:03,0.044464
2024-07-14 14:27:04,0.053648
2024-07-14 14:27:05,0.051504
2024-07-14 14:27:06,0.039352
2024-07-14 14:27:07,0.05
2024-07-14 14:27:08,0.0484
2024-07-14 14:27:09,0.025472
2024-07-14 14:27:10,0.02252
2024-07-14 14:27:11,0.039176
2024-07-14 14:27:12,0.026632
2024-07-14 14:27:13,0.023496
2024-07-14 14:27:14,0.0404
2024-07-14 14:27:15,0.019944
2024-07-14 14:27:16,0.017712
2024-07-14 14:27:17,0.054632
2024-07-14 14:27:18,0.046696
2024-07-14 14:27:19,0.022792
2024-07-14 14:27:20,0.024496
2024-07-14 14:27:21,0.019704
2024-07-14 14:27:22,0.028944
2024-07-14 14:27:23,0.04116
2024-07-14 14:27:24,0.017392
2024-07-14 14:27:25,0.029968
2024-07-14 14:27:26,0.023096
2024-07-14 14:27:27,0.01968
2024-07-14 14:27:28,0.024256
2024-07-14 14:27:29,0.099696
2024-07-14 14:27:30,0.191008
2024-07-14 14:27:31,0.0602
2024-07-14 14:27:32,0.05212
2024-07-14 14:27:33,0.059152
2024-07-14 14:27:34,0.071088
2024-07-14 14:27:35,0.123944
2024-07-14 14:27:36,0.181208
2024-07-14 14:27:37,0.236456
2024-07-14 14:27:38,0.285376
2024-07-14 14:27:39,0.307152
2024-07-14 14:27:40,0.290704
2024-07-14 14:27:41,0.244392
2024-07-14 14:27:42,0.248192
2024-07-14 14:27:43,0.297408
2024-07-14 14:27:44,0.297736
2024-07-14 14:27:45,0.237792
2024-07-14 14:27:46,0.22744
2024-07-14 14:27:47,0.244592
2024-07-14 14:27:48,0.2286
2024-07-14 14:27:49,0.252048
2024-07-14 14:27:50,0.271584
2024-07-14 14:27:51,0.266488
2024-07-14 14:27:52,0.240992
2024-07-14 14:27:53,0.195008
2024-07-14 14:27:54,0.191728
2024-07-14 14:27:55,0.175024
2024-07-14 14:27:56,0.129544
2024-07-14 14:27:57,0.145424
2024-07-14 14:27:58,0.116088
2024-07-14 14:27:59,0.10616
2024-07-14 14:28:00,0.120208
2024-07-14 14:28:01,0.105136
2024-07-14 14:28:02,0.089336
2024-07-14 14:28:03,0.095352
2024-07-14 14:28:04,0.097536
2024-07-14 14:28:05,0.131504
2024-07-14 14:28:06,0.113432
2024-07-14 14:28:07,0.126072
2024-07-14 14:28:08,0.056312
2024-07-14 14:28:09,0.050656
2024-07-14 14:28:10,0.05004
2024-07-14 14:28:11,0.03404
2024-07-14 14:28:12,0.041208
2024-07-14 14:28:13,0.02172
2024-07-14 14:28:14,0.017144
2024-07-14 14:28:15,0.055104
2024-07-14 14:28:16,0.308144
2024-07-14 14:28:17,0.045872
2024-07-14 14:28:18,0.219224
2024-07-14 14:28:19,0.088064
2024-07-14 14:28:20,0.063656
2024-07-14 14:28:21,0.08376
2024-07-14 14:28:22,0.022112
2024-07-14 14:28:23,0.027272
2024-07-14 14:28:24,0.022664
2024-07-14 14:28:25,0.02272
2024-07-14 14:28:26,0.01632
2024-07-14 14:28:27,0.041088
2024-07-14 14:28:28,0.015208
2024-07-14 14:28:29,0.020056
2024-07-14 14:28:30,0.01628
2024-07-14 14:28:31,0.018696
2024-07-14 14:28:32,0.014936
2024-07-14 14:28:33,0.019568
2024-07-14 14:28:34,0.014832
2024-07-14 14:28:35,0.049992
2024-07-14 14:28:36,0.025912
2024-07-14 14:28:37,0.059208
2024-07-14 14:28:38,0.044272
2024-07-14 14:28:39,0.047088
2024-07-14 14:28:40,0.0316
2024-07-14 14:28:41,0.06312
2024-07-14 14:28:42,0.063296
2024-07-14 14:28:43,0.077184
2024-07-14 14:28:44,0.038464
2024-07-14 14:28:45,0.059136
2024-07-14 14:28:46,0.064824
2024-07-14 14:28:47,0.052088
2024-07-14 14:28:48,0.050056
2024-07-14 14:28:49,0.038456
2024-07-14 14:28:50,0.041064
2024-07-14 14:28:51,0.037496
2024-07-14 14:28:52,0.032096
2024-07-14 14:28:53,0.037176
2024-07-14 14:28:54,0.031648
2024-07-14 14:28:55,0.052264
2024-07-14 14:28:56,0.06524
2024-07-14 14:28:57,0.026048
2024-07-14 14:28:58,0.015256
2024-07-14 14:28:59,0.037936
2024-07-14 14:29:00,0.047976
2024-07-14 14:29:01,0.06068
2024-07-14 14:29:02,0.151664
2024-07-14 14:29:03,0.230184
2024-07-14 14:29:04,0.061064
2024-07-14 14:29:05,0.070392
2024-07-14 14:29:06,0.073008
2024-07-14 14:29:07,0.067928
2024-07-14 14:29:08,0.141208
2024-07-14 14:29:09,0.204552
2024-07-14 14:29:10,0.25304
2024-07-14 14:29:11,0.296568
2024-07-14 14:29:12,0.34504
2024-07-14 14:29:13,0.286464
2024-07-14 14:29:14,0.271776
2024-07-14 14:29:15,0.26056
2024-07-14 14:29:16,0.364088
2024-07-14 14:29:17,0.31992
2024-07-14 14:29:18,0.333392
2024-07-14 14:29:19,0.248352
2024-07-14 14:29:20,0.267352
2024-07-14 14:29:21,0.20892
2024-07-14 14:29:22,0.239616
2024-07-14 14:29:23,0.272904
2024-07-14 14:29:24,0.251368
2024-07-14 14:29:25,0.228096
2024-07-14 14:29:26,0.196776
2024-07-14 14:29:27,0.19144
2024-07-14 14:29:28,0.175472
2024-07-14 14:29:29,0.188976
2024-07-14 14:29:30,0.158792
2024-07-14 14:29:31,0.169664
2024-07-14 14:29:32,0.1956
2024-07-14 14:29:33,0.16148
2024-07-14 14:29:34,0.171552
2024-07-14 14:29:35,0.134608
2024-07-14 14:29:36,0.13296
2024-07-14 14:29:37,0.172984
2024-07-14 14:29:38,0.157072
2024-07-14 14:29:39,0.160472
2024-07-14 14:29:40,0.129856
2024-07-14 14:29:41,0.117912
2024-07-14 14:29:42,0.0792
2024-07-14 14:29:43,0.025248
2024-07-14 14:29:44,0.032464
2024-07-14 14:29:45,0.067912
2024-07-14 14:29:46,0.317888
2024-07-14 14:29:47,0.039168
2024-07-14 14:29:48,0.384808
2024-07-14 14:29:49,0.11192
2024-07-14 14:29:50,0.054352
2024-07-14 14:29:51,0.054192
2024-07-14 14:29:52,0.06712
2024-07-14 14:29:53,0.052016
2024-07-14 14:29:54,0.03504
2024-07-14 14:29:55,0.028024
2024-07-14 14:29:56,0.029504
2024-07-14 14:29:57,0.053664
2024-07-14 14:29:58,0.047072
2024-07-14 14:29:59,0.032432
2024-07-14 14:30:00,0.034112
2024-07-14 14:30:01,0.059496
2024-07-14 14:30:02,0.047064
2024-07-14 14:30:03,0.050088
2024-07-14 14:30:04,0.019
2024-07-14 14:30:05,0.037136
2024-07-14 14:30:06,0.041904
2024-07-14 14:30:07,0.028888
2024-07-14 14:30:08,0.162336
2024-07-14 14:30:09,0.031728
2024-07-14 14:30:10,0.0602
2024-07-14 14:30:11,0.1936
2024-07-14 14:30:12,0.1744
2024-07-14 14:30:13,0.198712
2024-07-14 14:30:14,0.254632
2024-07-14 14:30:15,0.285256
2024-07-14 14:30:16,0.303672
2024-07-14 14:30:17,0.40508
2024-07-14 14:30:18,0.33192
2024-07-14 14:30:19,0.343232
2024-07-14 14:30:20,0.22956
2024-07-14 14:30:21,0.153184
2024-07-14 14:30:22,0.389272
2024-07-14 14:30:23,0.167736
2024-07-14 14:30:24,0.268592
2024-07-14 14:30:25,0.104304
2024-07-14 14:30:26,0.091472
2024-07-14 14:30:27,0.07392
2024-07-14 14:30:28,0.073584
2024-07-14 14:30:29,0.069888
2024-07-14 14:30:30,0.023064
2024-07-14 14:30:31,0.027568
2024-07-14 14:30:32,0.023016
2024-07-14 14:30:33,0.03672
2024-07-14 14:30:34,0.03516
2024-07-14 14:30:35,0.054352
2024-07-14 14:30:36,0.043584
2024-07-14 14:30:37,0.043208
2024-07-14 14:30:38,0.039544
2024-07-14 14:30:39,0.045576
2024-07-14 14:30:40,0.02748
2024-07-14 14:30:41,0.044928
2024-07-14 14:30:42,0.069504
2024-07-14 14:30:43,0.032192
2024-07-14 14:30:44,0.089296
2024-07-14 14:30:45,0.066568
2024-07-14 14:30:46,0.03264
2024-07-14 14:30:47,0.060976
2024-07-14 14:30:48,0.047168
2024-07-14 14:30:49,0.048696
2024-07-14 14:30:50,0.053216
2024-07-14 14:30:51,0.071536
2024-07-14 14:30:52,0.040288
2024-07-14 14:30:53,0.215224
2024-07-14 14:30:54,0.169488
2024-07-14 14:30:55,0.037152
2024-07-14 14:30:56,0.071168
2024-07-14 14:30:57,0.068576
2024-07-14 14:30:58,0.061392
2024-07-14 14:30:59,0.231936
2024-07-14 14:31:00,0.257808
2024-07-14 14:31:01,0.309624
2024-07-14 14:31:02,0.335192
2024-07-14 14:31:03,0.309864
2024-07-14 14:31:04,0.386552
2024-07-14 14:31:05,0.357376
2024-07-14 14:31:06,0.364072
2024-07-14 14:31:07,0.380872
2024-07-14 14:31:08,0.385112
2024-07-14 14:31:09,0.311104
2024-07-14 14:31:10,0.28656
2024-07-14 14:31:11,0.286296
2024-07-14 14:31:12,0.36808
2024-07-14 14:31:13,0.227896
2024-07-14 14:31:14,0.205176
2024-07-14 14:31:15,0.199088
2024-07-14 14:31:16,0.207936
2024-07-14 14:31:17,0.169464
2024-07-14 14:31:18,0.143288
2024-07-14 14:31:19,0.148608
2024-07-14 14:31:20,0.19448
2024-07-14 14:31:21,0.1114
2024-07-14 14:31:22,0.219824
2024-07-14 14:31:23,0.137584
2024-07-14 14:31:24,0.171904
2024-07-14 14:31:25,0.163904
2024-07-14 14:31:26,0.158048
2024-07-14 14:31:27,0.145792
2024-07-14 14:31:28,0.18668
2024-07-14 14:31:29,0.177504
2024-07-14 14:31:30,0.16388
2024-07-14 14:31:31,0.155232
2024-07-14 14:31:32,0.153656
2024-07-14 14:31:33,0.176448
2024-07-14 14:31:34,0.051784
2024-07-14 14:31:35,0.046568
2024-07-14 14:31:36,0.044048
2024-07-14 14:31:37,0.364032
2024-07-14 14:31:38,0.04484
2024-07-14 14:31:39,0.261208
2024-07-14 14:31:40,0.041136
2024-07-14 14:31:41,0.045896
2024-07-14 14:31:42,0.052568
2024-07-14 14:31:43,0.034352
2024-07-14 14:31:44,0.081136
2024-07-14 14:31:45,0.082432
2024-07-14 14:31:46,0.060104
2024-07-14 14:31:47,0.040656
2024-07-14 14:31:48,0.031368
2024-07-14 14:31:49,0.123552
2024-07-14 14:31:50,0.053304
2024-07-14 14:31:51,0.037416
2024-07-14 14:31:52,0.045704
2024-07-14 14:31:53,0.079264
2024-07-14 14:31:54,0.044056
2024-07-14 14:31:55,0.03888
2024-07-14 14:31:56,0.037264
2024-07-14 14:31:57,0.012984
2024-07-14 14:31:58,0.031256
2024-07-14 14:31:59,0.022672
2024-07-14 14:32:00,0.03856
2024-07-14 14:32:01,0.062976
2024-07-14 14:32:02,0.037744
2024-07-14 14:32:03,0.011936
2024-07-14 14:32:04,0.019344
2024-07-14 14:32:05,0.019808
2024-07-14 14:32:06,0.032352
2024-07-14 14:32:07,0.019768
2024-07-14 14:32:08,0.023032
2024-07-14 14:32:09,0.041008
2024-07-14 14:32:10,0.043448
2024-07-14 14:32:11,0.034272
2024-07-14 14:32:12,0.045992
2024-07-14 14:32:13,0.05684
2024-07-14 14:32:14,0.02776
2024-07-14 14:32:15,0.06796
2024-07-14 14:32:16,0.031536
2024-07-14 14:32:17,0.044096
2024-07-14 14:32:18,0.023552
2024-07-14 14:32:19,0.029024
2024-07-14 14:32:20,0.022192
2024-07-14 14:32:21,0.026608
2024-07-14 14:32:22,0.057488
2024-07-14 14:32:23,0.044336
2024-07-14 14:32:24,0.030312
2024-07-14 14:32:25,0.025872
2024-07-14 14:32:26,0.04024
2024-07-14 14:32:27,0.042712
2024-07-14 14:32:28,0.040248
2024-07-14 14:32:29,0.200928
2024-07-14 14:32:30,0.151792
2024-07-14 14:32:31,0.018504
2024-07-14 14:32:32,0.087248
2024-07-14 14:32:33,0.052208
2024-07-14 14:32:34,0.059184
2024-07-14 14:32:35,0.26748
2024-07-14 14:32:36,0.249136
2024-07-14 14:32:37,0.29788
2024-07-14 14:32:38,0.322752
2024-07-14 14:32:39,0.361512
2024-07-14 14:32:40,0.335968
2024-07-14 14:32:41,0.373584
2024-07-14 14:32:42,0.377776
2024-07-14 14:32:43,0.420952
2024-07-14 14:32:44,0.382744
2024-07-14 14:32:45,0.304952
2024-07-14 14:32:46,0.300792
2024-07-14 14:32:47,0.308872
2024-07-14 14:32:48,0.322856
2024-07-14 14:32:49,0.196832
2024-07-14 14:32:50,0.2752
2024-07-14 14:32:51,0.305256
2024-07-14 14:32:52,0.335736
2024-07-14 14:32:53,0.271424
2024-07-14 14:32:54,0.17408
2024-07-14 14:32:55,0.220544
2024-07-14 14:32:56,0.227928
2024-07-14 14:32:57,0.242272
2024-07-14 14:32:58,0.188264
2024-07-14 14:32:59,0.188752
2024-07-14 14:33:00,0.2438
2024-07-14 14:33:01,0.204784
2024-07-14 14:33:02,0.217768
2024-07-14 14:33:03,0.203424
2024-07-14 14:33:04,0.207896
2024-07-14 14:33:05,0.231312
2024-07-14 14:33:06,0.280288
2024-07-14 14:33:07,0.12408
2024-07-14 14:33:08,0.143072
2024-07-14 14:33:09,0.248016
2024-07-14 14:33:10,0.188848
2024-07-14 14:33:11,0.218696
2024-07-14 14:33:12,0.241136
2024-07-14 14:33:13,0.228376
2024-07-14 14:33:14,0.039432
2024-07-14 14:33:15,0.082728
2024-07-14 14:33:16,0.355616
2024-07-14 14:33:17,0.073272
2024-07-14 14:33:18,0.237592
2024-07-14 14:33:19,0.092544
2024-07-14 14:33:20,0.049992
2024-07-14 14:33:21,0.065504
2024-07-14 14:33:22,0.046824
2024-07-14 14:33:23,0.053064
2024-07-14 14:33:24,0.044792
2024-07-14 14:33:25,0.039696
2024-07-14 14:33:26,0.048744
2024-07-14 14:33:27,0.025104
2024-07-14 14:33:28,0.020992
2024-07-14 14:33:29,0.051096
2024-07-14 14:33:30,0.0348
2024-07-14 14:33:31,0.044376
2024-07-14 14:33:32,0.025832
2024-07-14 14:33:33,0.049816
2024-07-14 14:33:34,0.03132
2024-07-14 14:33:35,0.052
2024-07-14 14:33:36,0.030016
2024-07-14 14:33:37,0.030592
2024-07-14 14:33:38,0.049072
2024-07-14 14:33:39,0.027752
2024-07-14 14:33:40,0.035464
2024-07-14 14:33:41,0.021912
2024-07-14 14:33:42,0.02732
2024-07-14 14:33:43,0.021
2024-07-14 14:33:44,0.042104
2024-07-14 14:33:45,0.02192
2024-07-14 14:33:46,0.019504
2024-07-14 14:33:47,0.029296
2024-07-14 14:33:48,0.13364
2024-07-14 14:33:49,0.222792
2024-07-14 14:33:50,0.080096
2024-07-14 14:33:51,0.057576
2024-07-14 14:33:52,0.066384
2024-07-14 14:33:53,0.071736
2024-07-14 14:33:54,0.143488
2024-07-14 14:33:55,0.199312
2024-07-14 14:33:56,0.204616
2024-07-14 14:33:57,0.314032
2024-07-14 14:33:58,0.316472
2024-07-14 14:33:59,0.361656
2024-07-14 14:34:00,0.323936
2024-07-14 14:34:01,0.405032
2024-07-14 14:34:02,0.466984
2024-07-14 14:34:03,0.329576
2024-07-14 14:34:04,0.340544
2024-07-14 14:34:05,0.324344
2024-07-14 14:34:06,0.265112
2024-07-14 14:34:07,0.28884
2024-07-14 14:34:08,0.241616
2024-07-14 14:34:09,0.29696
2024-07-14 14:34:10,0.34628
2024-07-14 14:34:11,0.350688
2024-07-14 14:34:12,0.333664
2024-07-14 14:34:13,0.295928
2024-07-14 14:34:14,0.181128
2024-07-14 14:34:15,0.24788
2024-07-14 14:34:16,0.179648
2024-07-14 14:34:17,0.102176
2024-07-14 14:34:18,0.0828
2024-07-14 14:34:19,0.04152
2024-07-14 14:34:20,0.045272
2024-07-14 14:34:21,0.072088
2024-07-14 14:34:22,0.078968
2024-07-14 14:34:23,0.11048
2024-07-14 14:34:24,0.079112
2024-07-14 14:34:25,0.041368
2024-07-14 14:34:26,0.075848
2024-07-14 14:34:27,0.105736
2024-07-14 14:34:28,0.069088
2024-07-14 14:34:29,0.058584
2024-07-14 14:34:30,0.03132
2024-07-14 14:34:31,0.037416
2024-07-14 14:34:32,0.037888
2024-07-14 14:34:33,0.30404
2024-07-14 14:34:34,0.078248
2024-07-14 14:34:35,0.062744
2024-07-14 14:34:36,0.029536
2024-07-14 14:34:37,0.023
2024-07-14 14:34:38,0.06884
2024-07-14 14:34:39,0.047096
2024-07-14 14:34:40,0.051824
2024-07-14 14:34:41,0.05344
2024-07-14 14:34:42,0.04336
2024-07-14 14:34:43,0.047024
2024-07-14 14:34:44,0.051376
2024-07-14 14:34:45,0.040848
2024-07-14 14:34:46,0.05792
2024-07-14 14:34:47,0.047704
2024-07-14 14:34:48,0.06072
2024-07-14 14:34:49,0.054584
2024-07-14 14:34:50,0.069504
2024-07-14 14:34:51,0.057208
2024-07-14 14:34:52,0.04692
2024-07-14 14:34:53,0.049104
2024-07-14 14:34:54,0.050424
2024-07-14 14:34:55,0.053008
2024-07-14 14:34:56,0.068504
2024-07-14 14:34:57,0.05708
2024-07-14 14:34:58,0.053056
2024-07-14 14:34:59,0.050144
2024-07-14 14:35:00,0.059944
2024-07-14 14:35:01,0.050808
2024-07-14 14:35:02,0.065792
2024-07-14 14:35:03,0.050112
2024-07-14 14:35:04,0.062592
2024-07-14 14:35:05,0.0498
2024-07-14 14:35:06,0.06232
2024-07-14 14:35:07,0.052336
2024-07-14 14:35:08,0.050352
2024-07-14 14:35:09,0.059184
2024-07-14 14:35:10,0.056416
2024-07-14 14:35:11,0.114832
2024-07-14 14:35:12,0.034416
2024-07-14 14:35:13,0.034952
2024-07-14 14:35:14,0.188504
2024-07-14 14:35:15,0.09296
2024-07-14 14:35:16,0.07856
2024-07-14 14:35:17,0.051688
2024-07-14 14:35:18,0.031472
2024-07-14 14:35:19,0.033104
2024-07-14 14:35:20,0.044656
2024-07-14 14:35:21,0.033624
2024-07-14 14:35:22,0.071096
2024-07-14 14:35:23,0.037
2024-07-14 14:35:24,0.058296
2024-07-14 14:35:25,0.04816
2024-07-14 14:35:26,0.052704
2024-07-14 14:35:27,0.043848
2024-07-14 14:35:28,0.024272
2024-07-14 14:35:29,0.066288
2024-07-14 14:35:30,0.032032
2024-07-14 14:35:31,0.031072
2024-07-14 14:35:32,0.02736
2024-07-14 14:35:33,0.024576
2024-07-14 14:35:34,0.025552
2024-07-14 14:35:35,0.031576
2024-07-14 14:35:36,0.025056
2024-07-14 14:35:37,0.034544
2024-07-14 14:35:38,0.036824
2024-07-14 14:35:39,0.04364
2024-07-14 14:35:40,0.015512
2024-07-14 14:35:41,0.034872
2024-07-14 14:35:42,0.026632
2024-07-14 14:35:43,0.026464
2024-07-14 14:35:44,0.233632
2024-07-14 14:35:45,0.139616
2024-07-14 14:35:46,0.021712
2024-07-14 14:35:47,0.07508
2024-07-14 14:35:48,0.041024
2024-07-14 14:35:49,0.058968
2024-07-14 14:35:50,0.225928
2024-07-14 14:35:51,0.275248
2024-07-14 14:35:52,0.272992
2024-07-14 14:35:53,0.337936
2024-07-14 14:35:54,0.33728
2024-07-14 14:35:55,0.369176
2024-07-14 14:35:56,0.41556
2024-07-14 14:35:57,0.497264
2024-07-14 14:35:58,0.430696
2024-07-14 14:35:59,0.335352
2024-07-14 14:36:00,0.330968
2024-07-14 14:36:01,0.262288
2024-07-14 14:36:02,0.299648
2024-07-14 14:36:03,0.232216
2024-07-14 14:36:04,0.232968
2024-07-14 14:36:05,0.247488
2024-07-14 14:36:06,0.26796
2024-07-14 14:36:07,0.26524
2024-07-14 14:36:08,0.302824
2024-07-14 14:36:09,0.265624
2024-07-14 14:36:10,0.233328
2024-07-14 14:36:11,0.264872
2024-07-14 14:36:12,0.173912
2024-07-14 14:36:13,0.087488
2024-07-14 14:36:14,0.11608
2024-07-14 14:36:15,0.100488
2024-07-14 14:36:16,0.102104
2024-07-14 14:36:17,0.11584
2024-07-14 14:36:18,0.099016
2024-07-14 14:36:19,0.113656
2024-07-14 14:36:20,0.132128
2024-07-14 14:36:21,0.120856
2024-07-14 14:36:22,0.098664
2024-07-14 14:36:23,0.114416
2024-07-14 14:36:24,0.148672
2024-07-14 14:36:25,0.134776
2024-07-14 14:36:26,0.154512
2024-07-14 14:36:27,0.15472
2024-07-14 14:36:28,0.104672
2024-07-14 14:36:29,0.182584
2024-07-14 14:36:30,0.0504
2024-07-14 14:36:31,0.030744
2024-07-14 14:36:32,0.05608
2024-07-14 14:36:33,0.038376
2024-07-14 14:36:34,0.343336
2024-07-14 14:36:35,0.14376
2024-07-14 14:36:36,0.198376
2024-07-14 14:36:37,0.062712
2024-07-14 14:36:38,0.113736
2024-07-14 14:36:39,0.057152
2024-07-14 14:36:40,0.108816
2024-07-14 14:36:41,0.02612
2024-07-14 14:36:42,0.050888
2024-07-14 14:36:43,0.025552
2024-07-14 14:36:44,0.081704
2024-07-14 14:36:45,0.082752
2024-07-14 14:36:46,0.029336
2024-07-14 14:36:47,0.023776
2024-07-14 14:36:48,0.020624
2024-07-14 14:36:49,0.024808
2024-07-14 14:36:50,0.030232
2024-07-14 14:36:51,0.021168
2024-07-14 14:36:52,0.022272
2024-07-14 14:36:53,0.028136
2024-07-14 14:36:54,0.037824
2024-07-14 14:36:55,0.057488
2024-07-14 14:36:56,0.03336
2024-07-14 14:36:57,0.071056
2024-07-14 14:36:58,0.021848
2024-07-14 14:36:59,0.045784
2024-07-14 14:37:00,0.041752
2024-07-14 14:37:01,0.02408
2024-07-14 14:37:02,0.013656
2024-07-14 14:37:03,0.017224
2024-07-14 14:37:04,0.034608
2024-07-14 14:37:05,0.03792
2024-07-14 14:37:06,0.021936
2024-07-14 14:37:07,0.04068
2024-07-14 14:37:08,0.034184
2024-07-14 14:37:09,0.026824
2024-07-14 14:37:10,0.015656
2024-07-14 14:37:11,0.020312
2024-07-14 14:37:12,0.033968
2024-07-14 14:37:13,0.015608
2024-07-14 14:37:14,0.02652
2024-07-14 14:37:15,0.030936
2024-07-14 14:37:16,0.013056
2024-07-14 14:37:17,0.027064
2024-07-14 14:37:18,0.02008
2024-07-14 14:37:19,0.014248
2024-07-14 14:37:20,0.237992
2024-07-14 14:37:21,0.154376
2024-07-14 14:37:22,0.02648
2024-07-14 14:37:23,0.075128
2024-07-14 14:37:24,0.037544
2024-07-14 14:37:25,0.051088
2024-07-14 14:37:26,0.254952
2024-07-14 14:37:27,0.264336
2024-07-14 14:37:28,0.339528
2024-07-14 14:37:29,0.446496
2024-07-14 14:37:30,0.412616
2024-07-14 14:37:31,0.39884
2024-07-14 14:37:32,0.49228
2024-07-14 14:37:33,0.43704
2024-07-14 14:37:34,0.678424
2024-07-14 14:37:35,0.480208
2024-07-14 14:37:36,0.38008
2024-07-14 14:37:37,0.401584
2024-07-14 14:37:38,0.39492
2024-07-14 14:37:39,0.435536
2024-07-14 14:37:40,0.4204
2024-07-14 14:37:41,0.436328
2024-07-14 14:37:42,0.472552
2024-07-14 14:37:43,0.341472
2024-07-14 14:37:44,0.423232
2024-07-14 14:37:45,0.408304
2024-07-14 14:37:46,0.37524
2024-07-14 14:37:47,0.431312
2024-07-14 14:37:48,0.340584
2024-07-14 14:37:49,0.334888
2024-07-14 14:37:50,0.348808
2024-07-14 14:37:51,0.296944
2024-07-14 14:37:52,0.167392
2024-07-14 14:37:53,0.207184
2024-07-14 14:37:54,0.179264
2024-07-14 14:37:55,0.153584
2024-07-14 14:37:56,0.17792
2024-07-14 14:37:57,0.03256
2024-07-14 14:37:58,0.044216
2024-07-14 14:37:59,0.066776
2024-07-14 14:38:00,0.32364
2024-07-14 14:38:01,0.067928
2024-07-14 14:38:02,0.325512
2024-07-14 14:38:03,0.121192
2024-07-14 14:38:04,0.058344
2024-07-14 14:38:05,0.057912
2024-07-14 14:38:06,0.02824
2024-07-14 14:38:07,0.023536
2024-07-14 14:38:08,0.025288
2024-07-14 14:38:09,0.013056
2024-07-14 14:38:10,0.037024
2024-07-14 14:38:11,0.01132
2024-07-14 14:38:12,0.032312
2024-07-14 14:38:13,0.012672
2024-07-14 14:38:14,0.015672
2024-07-14 14:38:15,0.012984
2024-07-14 14:38:16,0.01716
2024-07-14 14:38:17,0.016976
2024-07-14 14:38:18,0.0196
2024-07-14 14:38:19,0.020912
2024-07-14 14:38:20,0.015064
2024-07-14 14:38:21,0.01068
2024-07-14 14:38:22,0.130912
2024-07-14 14:38:23,0.037152
2024-07-14 14:38:24,0.048552
2024-07-14 14:38:25,0.124944
2024-07-14 14:38:26,0.195088
2024-07-14 14:38:27,0.192368
2024-07-14 14:38:28,0.237064
2024-07-14 14:38:29,0.320496
2024-07-14 14:38:30,0.359736
2024-07-14 14:38:31,0.349216
2024-07-14 14:38:32,0.421144
2024-07-14 14:38:33,0.429712
2024-07-14 14:38:34,0.27036
2024-07-14 14:38:35,0.175392
2024-07-14 14:38:36,0.102608
2024-07-14 14:38:37,0.3458
2024-07-14 14:38:38,0.13984
2024-07-14 14:38:39,0.236
2024-07-14 14:38:40,0.09576
2024-07-14 14:38:41,0.07668
2024-07-14 14:38:42,0.0624
2024-07-14 14:38:43,0.061192
2024-07-14 14:38:44,0.0954
2024-07-14 14:38:45,0.055416
2024-07-14 14:38:46,0.038704
2024-07-14 14:38:47,0.027888
2024-07-14 14:38:48,0.025208
2024-07-14 14:38:49,0.022512
2024-07-14 14:38:50,0.053104
2024-07-14 14:38:51,0.031216
2024-07-14 14:38:52,0.031096
2024-07-14 14:38:53,0.038856
2024-07-14 14:38:54,0.015032
2024-07-14 14:38:55,0.03028
2024-07-14 14:38:56,0.02532
2024-07-14 14:38:57,0.023128
2024-07-14 14:38:58,0.0442
2024-07-14 14:38:59,0.029336
2024-07-14 14:39:00,0.026328
2024-07-14 14:39:01,0.035912
2024-07-14 14:39:02,0.052392
2024-07-14 14:39:03,0.046456
2024-07-14 14:39:04,0.060528
2024-07-14 14:39:05,0.03896
2024-07-14 14:39:06,0.021288
2024-07-14 14:39:07,0.039352
2024-07-14 14:39:08,0.26964
2024-07-14 14:39:09,0.1582
2024-07-14 14:39:10,0.039944
2024-07-14 14:39:11,0.066832
2024-07-14 14:39:12,0.04124
2024-07-14 14:39:13,0.059392
2024-07-14 14:39:14,0.250872
2024-07-14 14:39:15,0.295544
2024-07-14 14:39:16,0.328696
2024-07-14 14:39:17,0.4776
2024-07-14 14:39:18,0.507784
2024-07-14 14:39:19,0.506864
2024-07-14 14:39:20,0.567984
2024-07-14 14:39:21,0.528416
2024-07-14 14:39:22,0.652736
2024-07-14 14:39:23,0.511728
2024-07-14 14:39:24,0.489376
2024-07-14 14:39:25,0.483624
2024-07-14 14:39:26,0.468776
2024-07-14 14:39:27,0.538216
2024-07-14 14:39:28,0.499432
2024-07-14 14:39:29,0.491128
2024-07-14 14:39:30,0.529776
2024-07-14 14:39:31,0.399584
2024-07-14 14:39:32,0.450472
2024-07-14 14:39:33,0.339376
2024-07-14 14:39:34,0.320624
2024-07-14 14:39:35,0.386976
2024-07-14 14:39:36,0.412864
2024-07-14 14:39:37,0.32564
2024-07-14 14:39:38,0.36976
2024-07-14 14:39:39,0.315744
2024-07-14 14:39:40,0.355712
2024-07-14 14:39:41,0.396368
2024-07-14 14:39:42,0.4174
2024-07-14 14:39:43,0.303744
2024-07-14 14:39:44,0.257632
2024-07-14 14:39:45,0.257632
2024-07-14 14:39:46,0.258256
2024-07-14 14:39:47,0.404584
2024-07-14 14:39:48,0.296808
2024-07-14 14:39:49,0.300912
2024-07-14 14:39:50,0.20648
2024-07-14 14:39:51,0.041704
2024-07-14 14:39:52,0.045824
2024-07-14 14:39:53,0.039888
2024-07-14 14:39:54,0.340728
2024-07-14 14:39:55,0.082176
2024-07-14 14:39:56,0.129344
2024-07-14 14:39:57,0.228448
2024-07-14 14:39:58,0.069704
2024-07-14 14:39:59,0.078768
2024-07-14 14:40:00,0.067984
2024-07-14 14:40:01,0.035368
2024-07-14 14:40:02,0.041296
2024-07-14 14:40:03,0.038376
2024-07-14 14:40:04,0.04428
2024-07-14 14:40:05,0.038
2024-07-14 14:40:06,0.044664
2024-07-14 14:40:07,0.03648
2024-07-14 14:40:08,0.05356
2024-07-14 14:40:09,0.050752
2024-07-14 14:40:10,0.042752
2024-07-14 14:40:11,0.0416
2024-07-14 14:40:12,0.0514
2024-07-14 14:40:13,0.048144
2024-07-14 14:40:14,0.05868
2024-07-14 14:40:15,0.042224
2024-07-14 14:40:16,0.025008
2024-07-14 14:40:17,0.03736
2024-07-14 14:40:18,0.037344
2024-07-14 14:40:19,0.046296
2024-07-14 14:40:20,0.024432
2024-07-14 14:40:21,0.075296
2024-07-14 14:40:22,0.02572
2024-07-14 14:40:23,0.01568
2024-07-14 14:40:24,0.016848
2024-07-14 14:40:25,0.040056
2024-07-14 14:40:26,0.17528
2024-07-14 14:40:27,0.107952
2024-07-14 14:40:28,0.160664
2024-07-14 14:40:29,0.038952
2024-07-14 14:40:30,0.05012
2024-07-14 14:40:31,0.07896
2024-07-14 14:40:32,0.07004
2024-07-14 14:40:33,0.311752
2024-07-14 14:40:34,0.337256
2024-07-14 14:40:35,0.34048
2024-07-14 14:40:36,0.565984
2024-07-14 14:40:37,0.456808
2024-07-14 14:40:38,0.544984
2024-07-14 14:40:39,0.617288
2024-07-14 14:40:40,0.5938
2024-07-14 14:40:41,0.529312
2024-07-14 14:40:42,0.555832
2024-07-14 14:40:43,0.542368
2024-07-14 14:40:44,0.410632
2024-07-14 14:40:45,0.423192
2024-07-14 14:40:46,0.367104
2024-07-14 14:40:47,0.356848
2024-07-14 14:40:48,0.239248
2024-07-14 14:40:49,0.267784
2024-07-14 14:40:50,0.265392
2024-07-14 14:40:51,0.335296
2024-07-14 14:40:52,0.20336
2024-07-14 14:40:53,0.23524
2024-07-14 14:40:54,0.247728
2024-07-14 14:40:55,0.294592
2024-07-14 14:40:56,0.232112
2024-07-14 14:40:57,0.200864
2024-07-14 14:40:58,0.220072
2024-07-14 14:40:59,0.129024
2024-07-14 14:41:00,0.03264
2024-07-14 14:41:01,0.043656
2024-07-14 14:41:02,0.036088
2024-07-14 14:41:03,0.374664
2024-07-14 14:41:04,0.037824
2024-07-14 14:41:05,0.290696
2024-07-14 14:41:06,0.070832
2024-07-14 14:41:07,0.056624
2024-07-14 14:41:08,0.053848
2024-07-14 14:41:09,0.03236
2024-07-14 14:41:10,0.043672
2024-07-14 14:41:11,0.039072
2024-07-14 14:41:12,0.036784
2024-07-14 14:41:13,0.02552
2024-07-14 14:41:14,0.039912
2024-07-14 14:41:15,0.029664
2024-07-14 14:41:16,0.026736
2024-07-14 14:41:17,0.026152
2024-07-14 14:41:18,0.052992
2024-07-14 14:41:19,0.030856
2024-07-14 14:41:20,0.019312
2024-07-14 14:41:21,0.030504
2024-07-14 14:41:22,0.033744
2024-07-14 14:41:23,0.02244
2024-07-14 14:41:24,0.028824
2024-07-14 14:41:25,0.030088
2024-07-14 14:41:26,0.014016
2024-07-14 14:41:27,0.016096
2024-07-14 14:41:28,0.012744
2024-07-14 14:41:29,0.01972
2024-07-14 14:41:30,0.020864
2024-07-14 14:41:31,0.013056
2024-07-14 14:41:32,0.021048
2024-07-14 14:41:33,0.020608
2024-07-14 14:41:34,0.025848
2024-07-14 14:41:35,0.242032
2024-07-14 14:41:36,0.167512
2024-07-14 14:41:37,0.0224
2024-07-14 14:41:38,0.042624
2024-07-14 14:41:39,0.064264
2024-07-14 14:41:40,0.069264
2024-07-14 14:41:41,0.20444
2024-07-14 14:41:42,0.266368
2024-07-14 14:41:43,0.396592
2024-07-14 14:41:44,0.515352
2024-07-14 14:41:45,0.516504
2024-07-14 14:41:46,0.579648
2024-07-14 14:41:47,0.492576
2024-07-14 14:41:48,0.584512
2024-07-14 14:41:49,0.526776
2024-07-14 14:41:50,0.616808
2024-07-14 14:41:51,0.432632
2024-07-14 14:41:52,0.50796
2024-07-14 14:41:53,0.493384
2024-07-14 14:41:54,0.577752
2024-07-14 14:41:55,0.541456
2024-07-14 14:41:56,0.595928
2024-07-14 14:41:57,0.471808
2024-07-14 14:41:58,0.523696
2024-07-14 14:41:59,0.52248
2024-07-14 14:42:00,0.33036
2024-07-14 14:42:01,0.422968
2024-07-14 14:42:02,0.438032
2024-07-14 14:42:03,0.407584
2024-07-14 14:42:04,0.30008
2024-07-14 14:42:05,0.250728
2024-07-14 14:42:06,0.26956
2024-07-14 14:42:07,0.297848
2024-07-14 14:42:08,0.228632
2024-07-14 14:42:09,0.14836
2024-07-14 14:42:10,0.044544
2024-07-14 14:42:11,0.144936
2024-07-14 14:42:12,0.322264
2024-07-14 14:42:13,0.059208
2024-07-14 14:42:14,0.088432
2024-07-14 14:42:15,0.053016
2024-07-14 14:42:16,0.049088
2024-07-14 14:42:17,0.031664
2024-07-14 14:42:18,0.025176
2024-07-14 14:42:19,0.029536
2024-07-14 14:42:20,0.049336
2024-07-14 14:42:21,0.046328
2024-07-14 14:42:22,0.052168
2024-07-14 14:42:23,0.06616
2024-07-14 14:42:24,0.046896
2024-07-14 14:42:25,0.048024
2024-07-14 14:42:26,0.04624
2024-07-14 14:42:27,0.047328
2024-07-14 14:42:28,0.047728
2024-07-14 14:42:29,0.051008
2024-07-14 14:42:30,0.047168
2024-07-14 14:42:31,0.042152
2024-07-14 14:42:32,0.04956
2024-07-14 14:42:33,0.047624
2024-07-14 14:42:34,0.04448
2024-07-14 14:42:35,0.044872
2024-07-14 14:42:36,0.051248
2024-07-14 14:42:37,0.051976
2024-07-14 14:42:38,0.041064
2024-07-14 14:42:39,0.035752
2024-07-14 14:42:40,0.049232
2024-07-14 14:42:41,0.092488
2024-07-14 14:42:42,0.03456
2024-07-14 14:42:43,0.1004
2024-07-14 14:42:44,0.091808
2024-07-14 14:42:45,0.063048
2024-07-14 14:42:46,0.072904
2024-07-14 14:42:47,0.034296
2024-07-14 14:42:48,0.06332
2024-07-14 14:42:49,0.028632
2024-07-14 14:42:50,0.03304
2024-07-14 14:42:51,0.021664
2024-07-14 14:42:52,0.032808
2024-07-14 14:42:53,0.045192
2024-07-14 14:42:54,0.054424
2024-07-14 14:42:55,0.083032
2024-07-14 14:42:56,0.04248
2024-07-14 14:42:57,0.029528
2024-07-14 14:42:58,0.036376
2024-07-14 14:42:59,0.036776
2024-07-14 14:43:00,0.04676
2024-07-14 14:43:01,0.03432
2024-07-14 14:43:02,0.02272
2024-07-14 14:43:03,0.040648
2024-07-14 14:43:04,0.034032
2024-07-14 14:43:05,0.066008
2024-07-14 14:43:06,0.039696
2024-07-14 14:43:07,0.039432
2024-07-14 14:43:08,0.034928
2024-07-14 14:43:09,0.05812
2024-07-14 14:43:10,0.045752
2024-07-14 14:43:11,0.049992
2024-07-14 14:43:12,0.015744
2024-07-14 14:43:13,0.139448
2024-07-14 14:43:14,0.150232
2024-07-14 14:43:15,0.051912
2024-07-14 14:43:16,0.065216
2024-07-14 14:43:17,0.055296
2024-07-14 14:43:18,0.071896
2024-07-14 14:43:19,0.14796
2024-07-14 14:43:20,0.216184
2024-07-14 14:43:21,0.31172
2024-07-14 14:43:22,0.408144
2024-07-14 14:43:23,0.431824
2024-07-14 14:43:24,0.455208
2024-07-14 14:43:25,0.458816
2024-07-14 14:43:26,0.484712
2024-07-14 14:43:27,0.49828
2024-07-14 14:43:28,0.415632
2024-07-14 14:43:29,0.412536
2024-07-14 14:43:30,0.446088
2024-07-14 14:43:31,0.382832
2024-07-14 14:43:32,0.441856
2024-07-14 14:43:33,0.437808
2024-07-14 14:43:34,0.401192
2024-07-14 14:43:35,0.388928
2024-07-14 14:43:36,0.290824
2024-07-14 14:43:37,0.30732
2024-07-14 14:43:38,0.277536
2024-07-14 14:43:39,0.319032
2024-07-14 14:43:40,0.207584
2024-07-14 14:43:41,0.201568
2024-07-14 14:43:42,0.26348
2024-07-14 14:43:43,0.242616
2024-07-14 14:43:44,0.205392
2024-07-14 14:43:45,0.182664
2024-07-14 14:43:46,0.146472
2024-07-14 14:43:47,0.246216
2024-07-14 14:43:48,0.05252
2024-07-14 14:43:49,0.047048
2024-07-14 14:43:50,0.05012
2024-07-14 14:43:51,0.041832
2024-07-14 14:43:52,0.05612
2024-07-14 14:43:53,0.043408
2024-07-14 14:43:54,0.039328
2024-07-14 14:43:55,0.073896
2024-07-14 14:43:56,0.334872
2024-07-14 14:43:57,0.0626
2024-07-14 14:43:58,0.242288
2024-07-14 14:43:59,0.079056
2024-07-14 14:44:00,0.061232
2024-07-14 14:44:01,0.062712
2024-07-14 14:44:02,0.027496
2024-07-14 14:44:03,0.065968
2024-07-14 14:44:04,0.058224
2024-07-14 14:44:05,0.033848
2024-07-14 14:44:06,0.023384
2024-07-14 14:44:07,0.070256
2024-07-14 14:44:08,0.059312
2024-07-14 14:44:09,0.025928
2024-07-14 14:44:10,0.043424
2024-07-14 14:44:11,0.039808
2024-07-14 14:44:12,0.051936
2024-07-14 14:44:13,0.024656
2024-07-14 14:44:14,0.022328
2024-07-14 14:44:15,0.037568
2024-07-14 14:44:16,0.018504
2024-07-14 14:44:17,0.043232
2024-07-14 14:44:18,0.05684
2024-07-14 14:44:19,0.04532
2024-07-14 14:44:20,0.036624
2024-07-14 14:44:21,0.036624
2024-07-14 14:44:22,0.058512
2024-07-14 14:44:23,0.027888
2024-07-14 14:44:24,0.024672
2024-07-14 14:44:25,0.041088
2024-07-14 14:44:26,0.051064
2024-07-14 14:44:27,0.023576
2024-07-14 14:44:28,0.1662
2024-07-14 14:44:29,0.149696
2024-07-14 14:44:30,0.025184
2024-07-14 14:44:31,0.08224
2024-07-14 14:44:32,0.036672
2024-07-14 14:44:33,0.050952
2024-07-14 14:44:34,0.19508
2024-07-14 14:44:35,0.269408
2024-07-14 14:44:36,0.29252
2024-07-14 14:44:37,0.29564
2024-07-14 14:44:38,0.487672
2024-07-14 14:44:39,0.411216
2024-07-14 14:44:40,0.377192
2024-07-14 14:44:41,0.375216
2024-07-14 14:44:42,0.462672
2024-07-14 14:44:43,0.356096
2024-07-14 14:44:44,0.374152
2024-07-14 14:44:45,0.343352
2024-07-14 14:44:46,0.3038
2024-07-14 14:44:47,0.352112
2024-07-14 14:44:48,0.3112
2024-07-14 14:44:49,0.342656
2024-07-14 14:44:50,0.356664
2024-07-14 14:44:51,0.297248
2024-07-14 14:44:52,0.42288
2024-07-14 14:44:53,0.207024
2024-07-14 14:44:54,0.241288
2024-07-14 14:44:55,0.33744
2024-07-14 14:44:56,0.263664
2024-07-14 14:44:57,0.170152
2024-07-14 14:44:58,0.107616
2024-07-14 14:44:59,0.173296
2024-07-14 14:45:00,0.123536
2024-07-14 14:45:01,0.063472
2024-07-14 14:45:02,0.052632
2024-07-14 14:45:03,0.079096
2024-07-14 14:45:04,0.28056
2024-07-14 14:45:05,0.02668
2024-07-14 14:45:06,0.212136
2024-07-14 14:45:07,0.076216
2024-07-14 14:45:08,0.056056
2024-07-14 14:45:09,0.05932
2024-07-14 14:45:10,0.045288
2024-07-14 14:45:11,0.028
2024-07-14 14:45:12,0.018424
2024-07-14 14:45:13,0.012416
2024-07-14 14:45:14,0.01068
2024-07-14 14:45:15,0.017088
2024-07-14 14:45:16,0.019024
2024-07-14 14:45:17,0.022296
2024-07-14 14:45:18,0.01068
2024-07-14 14:45:19,0.022448
2024-07-14 14:45:20,0.014264
2024-07-14 14:45:21,0.01464
2024-07-14 14:45:22,0.014784
2024-07-14 14:45:23,0.025208
2024-07-14 14:45:24,0.015288
2024-07-14 14:45:25,0.018448
2024-07-14 14:45:26,0.08172
2024-07-14 14:45:27,0.035256
2024-07-14 14:45:28,0.030248
2024-07-14 14:45:29,0.102432
2024-07-14 14:45:30,0.15012
2024-07-14 14:45:31,0.176456
2024-07-14 14:45:32,0.212408
2024-07-14 14:45:33,0.28264
2024-07-14 14:45:34,0.225176
2024-07-14 14:45:35,0.23844
2024-07-14 14:45:36,0.29792
2024-07-14 14:45:37,0.167976
2024-07-14 14:45:38,0.250272
2024-07-14 14:45:39,0.18196
2024-07-14 14:45:40,0.116488
2024-07-14 14:45:41,0.27384
2024-07-14 14:45:42,0.105928
2024-07-14 14:45:43,0.175136
2024-07-14 14:45:44,0.101736
2024-07-14 14:45:45,0.052576
2024-07-14 14:45:46,0.027488
2024-07-14 14:45:47,0.017256
2024-07-14 14:45:48,0.017664
2024-07-14 14:45:49,0.02672
2024-07-14 14:45:50,0.016424
2024-07-14 14:45:51,0.038832
2024-07-14 14:45:52,0.029976
2024-07-14 14:45:53,0.04736
2024-07-14 14:45:54,0.033936
2024-07-14 14:45:55,0.032648
2024-07-14 14:45:56,0.046488
2024-07-14 14:45:57,0.035104
2024-07-14 14:45:58,0.021904
2024-07-14 14:45:59,0.030984
2024-07-14 14:46:00,0.041168
2024-07-14 14:46:01,0.047272
2024-07-14 14:46:02,0.04304
2024-07-14 14:46:03,0.066088
2024-07-14 14:46:04,0.019744
2024-07-14 14:46:05,0.036656
2024-07-14 14:46:06,0.031104
2024-07-14 14:46:07,0.023512
2024-07-14 14:46:08,0.016112
2024-07-14 14:46:09,0.02888
2024-07-14 14:46:10,0.036904
2024-07-14 14:46:11,0.048152
2024-07-14 14:46:12,0.179704
2024-07-14 14:46:13,0.111896
2024-07-14 14:46:14,0.046032
2024-07-14 14:46:15,0.047768
2024-07-14 14:46:16,0.05884
2024-07-14 14:46:17,0.059016
2024-07-14 14:46:18,0.150512
2024-07-14 14:46:19,0.241344
2024-07-14 14:46:20,0.427344
2024-07-14 14:46:21,0.503856
2024-07-14 14:46:22,0.563616
2024-07-14 14:46:23,0.540544
2024-07-14 14:46:24,0.550264
2024-07-14 14:46:25,0.619712
2024-07-14 14:46:26,0.664808
2024-07-14 14:46:27,0.612224
2024-07-14 14:46:28,0.516688
2024-07-14 14:46:29,0.46692
2024-07-14 14:46:30,0.511504
2024-07-14 14:46:31,0.610408
2024-07-14 14:46:32,0.592488
2024-07-14 14:46:33,0.477992
2024-07-14 14:46:34,0.543944
2024-07-14 14:46:35,0.422416
2024-07-14 14:46:36,0.4814
2024-07-14 14:46:37,0.448976
2024-07-14 14:46:38,0.395552
2024-07-14 14:46:39,0.299344
2024-07-14 14:46:40,0.268824
2024-07-14 14:46:41,0.288984
2024-07-14 14:46:42,0.27784
2024-07-14 14:46:43,0.28824
2024-07-14 14:46:44,0.25876
2024-07-14 14:46:45,0.286696
2024-07-14 14:46:46,0.345992
2024-07-14 14:46:47,0.236808
2024-07-14 14:46:48,0.252456
2024-07-14 14:46:49,0.280768
2024-07-14 14:46:50,0.251712
2024-07-14 14:46:51,0.296352
2024-07-14 14:46:52,0.234512
2024-07-14 14:46:53,0.270184
2024-07-14 14:46:54,0.343304
2024-07-14 14:46:55,0.241672
2024-07-14 14:46:56,0.06256
2024-07-14 14:46:57,0.042984
2024-07-14 14:46:58,0.141496
2024-07-14 14:46:59,0.19836
2024-07-14 14:47:00,0.036096
2024-07-14 14:47:01,0.15288
2024-07-14 14:47:02,0.044344
2024-07-14 14:47:03,0.040752
2024-07-14 14:47:04,0.035752
2024-07-14 14:47:05,0.02328
2024-07-14 14:47:06,0.024664
2024-07-14 14:47:07,0.028216
2024-07-14 14:47:08,0.028264
2024-07-14 14:47:09,0.038112
2024-07-14 14:47:10,0.016256
2024-07-14 14:47:11,0.02484
2024-07-14 14:47:12,0.019856
2024-07-14 14:47:13,0.051616
2024-07-14 14:47:14,0.037496
2024-07-14 14:47:15,0.017656
2024-07-14 14:47:16,0.053864
2024-07-14 14:47:17,0.018728
2024-07-14 14:47:18,0.015144
2024-07-14 14:47:19,0.0162
2024-07-14 14:47:20,0.026088
2024-07-14 14:47:21,0.011784
2024-07-14 14:47:22,0.013056
2024-07-14 14:47:23,0.014608
2024-07-14 14:47:24,0.016992
2024-07-14 14:47:25,0.017064
2024-07-14 14:47:26,0.01864
2024-07-14 14:47:27,0.023488
2024-07-14 14:47:28,0.017192
2024-07-14 14:47:29,0.027168
2024-07-14 14:47:30,0.021912
2024-07-14 14:47:31,0.17292
2024-07-14 14:47:32,0.080208
2024-07-14 14:47:33,0.025152
2024-07-14 14:47:34,0.03644
2024-07-14 14:47:35,0.033824
2024-07-14 14:47:36,0.045016
2024-07-14 14:47:37,0.16288
2024-07-14 14:47:38,0.198848
2024-07-14 14:47:39,0.2204
2024-07-14 14:47:40,0.214728
2024-07-14 14:47:41,0.293336
2024-07-14 14:47:42,0.087384
