time,mbps
2024-07-14 19:32:51,0.234112
2024-07-14 19:32:52,0.012648
2024-07-14 19:32:53,0.063768
2024-07-14 19:32:54,0.06808
2024-07-14 19:32:55,0.041848
2024-07-14 19:32:56,0.423752
2024-07-14 19:32:57,0.115992
2024-07-14 19:32:58,0.018464
2024-07-14 19:32:59,0.010064
2024-07-14 19:33:00,0.011568
2024-07-14 19:33:01,0.012624
2024-07-14 19:33:02,0.021296
2024-07-14 19:33:03,0.017024
2024-07-14 19:33:04,0.02108
2024-07-14 19:33:05,0.01956
2024-07-14 19:33:06,0.01708
2024-07-14 19:33:07,0.018568
2024-07-14 19:33:08,0.033288
2024-07-14 19:33:09,0.023128
2024-07-14 19:33:10,0.018248
2024-07-14 19:33:11,0.013456
2024-07-14 19:33:12,0.01204
2024-07-14 19:33:13,0.005432
2024-07-14 19:33:14,0.007792
2024-07-14 19:33:15,0.005432
2024-07-14 19:33:16,0.007792
2024-07-14 19:33:17,0.007704
2024-07-14 19:33:18,0.007792
2024-07-14 19:33:19,0.007912
2024-07-14 19:33:20,0.007792
2024-07-14 19:33:21,0.02636
2024-07-14 19:33:22,0.031032
2024-07-14 19:33:23,0.096184
2024-07-14 19:33:24,0.049008
2024-07-14 19:33:25,0.05672
2024-07-14 19:33:26,0.020744
2024-07-14 19:33:27,0.013904
2024-07-14 19:33:28,0.016736
2024-07-14 19:33:29,0.074392
2024-07-14 19:33:30,0.011384
2024-07-14 19:33:31,0.009032
2024-07-14 19:33:32,0.024016
2024-07-14 19:33:33,0.048096
2024-07-14 19:33:34,0.049032
2024-07-14 19:33:35,0.048872
2024-07-14 19:33:36,0.051752
2024-07-14 19:33:37,0.064864
2024-07-14 19:33:38,0.067424
2024-07-14 19:33:39,0.07352
2024-07-14 19:33:40,0.081792
2024-07-14 19:33:41,0.089792
2024-07-14 19:33:42,0.075536
2024-07-14 19:33:43,0.052752
2024-07-14 19:33:44,0.061648
2024-07-14 19:33:45,0.057432
2024-07-14 19:33:46,0.071896
2024-07-14 19:33:47,0.093304
2024-07-14 19:33:48,0.047704
2024-07-14 19:33:49,0.026432
2024-07-14 19:33:50,0.08696
2024-07-14 19:33:51,0.16992
2024-07-14 19:33:52,0.077968
2024-07-14 19:33:53,0.051
2024-07-14 19:33:54,0.092616
2024-07-14 19:33:55,0.067624
2024-07-14 19:33:56,0.065656
2024-07-14 19:33:57,0.055984
2024-07-14 19:33:58,0.056112
2024-07-14 19:33:59,0.037776
2024-07-14 19:34:00,0.046592
2024-07-14 19:34:01,0.03012
2024-07-14 19:34:02,0.042816
2024-07-14 19:34:03,0.022936
2024-07-14 19:34:04,0.021928
2024-07-14 19:34:05,0.04872
2024-07-14 19:34:06,0.11764
2024-07-14 19:34:07,0.020248
2024-07-14 19:34:08,0.022144
2024-07-14 19:34:09,0.077296
2024-07-14 19:34:10,0.096648
2024-07-14 19:34:11,0.082416
2024-07-14 19:34:12,0.115424
2024-07-14 19:34:13,0.150456
2024-07-14 19:34:14,0.194576
2024-07-14 19:34:15,0.1332
2024-07-14 19:34:16,0.097248
2024-07-14 19:34:17,0.082448
2024-07-14 19:34:18,0.071472
2024-07-14 19:34:19,0.058672
2024-07-14 19:34:20,0.179752
2024-07-14 19:34:21,0.207768
2024-07-14 19:34:22,0.12588
2024-07-14 19:34:23,0.064416
2024-07-14 19:34:24,0.022728
2024-07-14 19:34:25,0.0568
2024-07-14 19:34:26,0.076736
2024-07-14 19:34:27,0.042592
2024-07-14 19:34:28,0.045864
2024-07-14 19:34:29,0.02152
2024-07-14 19:34:30,0.045728
2024-07-14 19:34:31,0.055624
2024-07-14 19:34:32,0.016088
2024-07-14 19:34:33,0.025568
2024-07-14 19:34:34,0.024208
2024-07-14 19:34:35,0.017128
2024-07-14 19:34:36,0.036296
2024-07-14 19:34:37,0.033632
2024-07-14 19:34:38,0.024312
2024-07-14 19:34:39,0.03232
2024-07-14 19:34:40,0.052304
2024-07-14 19:34:41,0.16132
2024-07-14 19:34:42,0.012632
2024-07-14 19:34:43,0.022192
2024-07-14 19:34:44,0.1236
2024-07-14 19:34:45,0.099736
2024-07-14 19:34:46,0.094768
2024-07-14 19:34:47,0.160528
2024-07-14 19:34:48,0.218176
2024-07-14 19:34:49,0.17136
2024-07-14 19:34:50,0.110384
2024-07-14 19:34:51,0.098064
2024-07-14 19:34:52,0.247848
2024-07-14 19:34:53,0.112984
2024-07-14 19:34:54,0.166328
2024-07-14 19:34:55,0.03072
2024-07-14 19:34:56,0.016504
2024-07-14 19:34:57,0.066504
2024-07-14 19:34:58,0.04004
2024-07-14 19:34:59,0.038832
2024-07-14 19:35:00,0.027824
2024-07-14 19:35:01,0.018672
2024-07-14 19:35:02,0.01304
2024-07-14 19:35:03,0.01124
2024-07-14 19:35:04,0.022128
2024-07-14 19:35:05,0.013136
2024-07-14 19:35:06,0.017504
2024-07-14 19:35:07,0.028104
2024-07-14 19:35:08,0.022784
2024-07-14 19:35:09,0.057048
2024-07-14 19:35:10,0.021648
2024-07-14 19:35:11,0.081608
2024-07-14 19:35:12,0.030584
2024-07-14 19:35:13,0.019056
2024-07-14 19:35:14,0.039336
2024-07-14 19:35:15,0.032896
2024-07-14 19:35:16,0.038024
2024-07-14 19:35:17,0.03108
2024-07-14 19:35:18,0.049632
2024-07-14 19:35:19,0.026104
2024-07-14 19:35:20,0.018088
2024-07-14 19:35:21,0.029304
2024-07-14 19:35:22,0.086064
2024-07-14 19:35:23,0.041344
2024-07-14 19:35:24,0.044424
2024-07-14 19:35:25,0.044608
2024-07-14 19:35:26,0.044032
2024-07-14 19:35:27,0.042024
2024-07-14 19:35:28,0.02844
2024-07-14 19:35:29,0.03508
2024-07-14 19:35:30,0.03712
2024-07-14 19:35:31,0.02512
2024-07-14 19:35:32,0.039864
2024-07-14 19:35:33,0.013144
2024-07-14 19:35:34,0.035504
2024-07-14 19:35:35,0.019856
2024-07-14 19:35:36,0.033832
2024-07-14 19:35:37,0.046848
2024-07-14 19:35:38,0.035816
2024-07-14 19:35:39,0.032208
2024-07-14 19:35:40,0.02468
2024-07-14 19:35:41,0.045512
2024-07-14 19:35:42,0.039904
2024-07-14 19:35:43,0.14116
2024-07-14 19:35:44,0.135056
2024-07-14 19:35:45,0.035848
2024-07-14 19:35:46,0.05616
2024-07-14 19:35:47,0.045056
2024-07-14 19:35:48,0.055808
2024-07-14 19:35:49,0.082984
2024-07-14 19:35:50,0.1018
2024-07-14 19:35:51,0.135616
2024-07-14 19:35:52,0.145504
2024-07-14 19:35:53,0.205712
2024-07-14 19:35:54,0.230272
2024-07-14 19:35:55,0.208072
2024-07-14 19:35:56,0.216376
2024-07-14 19:35:57,0.236256
2024-07-14 19:35:58,0.195664
2024-07-14 19:35:59,0.200488
2024-07-14 19:36:00,0.192384
2024-07-14 19:36:01,0.204928
2024-07-14 19:36:02,0.19376
2024-07-14 19:36:03,0.198496
2024-07-14 19:36:04,0.132952
2024-07-14 19:36:05,0.178
2024-07-14 19:36:06,0.170432
2024-07-14 19:36:07,0.164032
2024-07-14 19:36:08,0.132808
2024-07-14 19:36:09,0.122048
2024-07-14 19:36:10,0.148552
2024-07-14 19:36:11,0.2002
2024-07-14 19:36:12,0.116776
2024-07-14 19:36:13,0.119784
2024-07-14 19:36:14,0.098192
2024-07-14 19:36:15,0.124232
2024-07-14 19:36:16,0.093496
2024-07-14 19:36:17,0.074448
2024-07-14 19:36:18,0.030344
2024-07-14 19:36:19,0.04584
2024-07-14 19:36:20,0.227352
2024-07-14 19:36:21,0.039672
2024-07-14 19:36:22,0.230408
2024-07-14 19:36:23,0.033688
2024-07-14 19:36:24,0.076328
2024-07-14 19:36:25,0.027416
2024-07-14 19:36:26,0.070256
2024-07-14 19:36:27,0.041336
2024-07-14 19:36:28,0.031312
2024-07-14 19:36:29,0.041632
2024-07-14 19:36:30,0.035472
2024-07-14 19:36:31,0.04436
2024-07-14 19:36:32,0.018048
2024-07-14 19:36:33,0.04396
2024-07-14 19:36:34,0.067304
2024-07-14 19:36:35,0.046088
2024-07-14 19:36:36,0.0342
2024-07-14 19:36:37,0.026456
2024-07-14 19:36:38,0.028144
2024-07-14 19:36:39,0.016904
2024-07-14 19:36:40,0.015416
2024-07-14 19:36:41,0.027896
2024-07-14 19:36:42,0.026984
2024-07-14 19:36:43,0.014208
2024-07-14 19:36:44,0.020576
2024-07-14 19:36:45,0.011984
2024-07-14 19:36:46,0.025248
2024-07-14 19:36:47,0.015656
2024-07-14 19:36:48,0.026456
2024-07-14 19:36:49,0.01888
2024-07-14 19:36:50,0.015424
2024-07-14 19:36:51,0.0206
2024-07-14 19:36:52,0.138048
2024-07-14 19:36:53,0.136856
2024-07-14 19:36:54,0.023528
2024-07-14 19:36:55,0.055776
2024-07-14 19:36:56,0.037616
2024-07-14 19:36:57,0.053504
2024-07-14 19:36:58,0.058304
2024-07-14 19:36:59,0.108576
2024-07-14 19:37:00,0.119448
2024-07-14 19:37:01,0.155968
2024-07-14 19:37:02,0.202024
2024-07-14 19:37:03,0.229824
2024-07-14 19:37:04,0.214936
2024-07-14 19:37:05,0.215496
2024-07-14 19:37:06,0.2134
2024-07-14 19:37:07,0.233584
2024-07-14 19:37:08,0.224312
2024-07-14 19:37:09,0.168216
2024-07-14 19:37:10,0.193
2024-07-14 19:37:11,0.227552
2024-07-14 19:37:12,0.20596
2024-07-14 19:37:13,0.156136
2024-07-14 19:37:14,0.16816
2024-07-14 19:37:15,0.139656
2024-07-14 19:37:16,0.21864
2024-07-14 19:37:17,0.182392
2024-07-14 19:37:18,0.116096
2024-07-14 19:37:19,0.102128
2024-07-14 19:37:20,0.162616
2024-07-14 19:37:21,0.193664
2024-07-14 19:37:22,0.076488
2024-07-14 19:37:23,0.085856
2024-07-14 19:37:24,0.082752
2024-07-14 19:37:25,0.061728
2024-07-14 19:37:26,0.082456
2024-07-14 19:37:27,0.030328
2024-07-14 19:37:28,0.053672
2024-07-14 19:37:29,0.227904
2024-07-14 19:37:30,0.043176
2024-07-14 19:37:31,0.260864
2024-07-14 19:37:32,0.04868
2024-07-14 19:37:33,0.041368
2024-07-14 19:37:34,0.04976
2024-07-14 19:37:35,0.033632
2024-07-14 19:37:36,0.072528
2024-07-14 19:37:37,0.064952
2024-07-14 19:37:38,0.055408
2024-07-14 19:37:39,0.059952
2024-07-14 19:37:40,0.088248
2024-07-14 19:37:41,0.067632
2024-07-14 19:37:42,0.087696
2024-07-14 19:37:43,0.03608
2024-07-14 19:37:44,0.05252
2024-07-14 19:37:45,0.05036
2024-07-14 19:37:46,0.039048
2024-07-14 19:37:47,0.02588
2024-07-14 19:37:48,0.028136
2024-07-14 19:37:49,0.030576
2024-07-14 19:37:50,0.0348
2024-07-14 19:37:51,0.021104
2024-07-14 19:37:52,0.026144
2024-07-14 19:37:53,0.018448
2024-07-14 19:37:54,0.04608
2024-07-14 19:37:55,0.019056
2024-07-14 19:37:56,0.064712
2024-07-14 19:37:57,0.05576
2024-07-14 19:37:58,0.014792
2024-07-14 19:37:59,0.010984
2024-07-14 19:38:00,0.021696
2024-07-14 19:38:01,0.018696
2024-07-14 19:38:02,0.01776
2024-07-14 19:38:03,0.01668
2024-07-14 19:38:04,0.020032
2024-07-14 19:38:05,0.017408
2024-07-14 19:38:06,0.019544
2024-07-14 19:38:07,0.022384
2024-07-14 19:38:08,0.01832
2024-07-14 19:38:09,0.020168
2024-07-14 19:38:10,0.02192
2024-07-14 19:38:11,0.029152
2024-07-14 19:38:12,0.016128
2024-07-14 19:38:13,0.013056
2024-07-14 19:38:14,0.015168
2024-07-14 19:38:15,0.12956
2024-07-14 19:38:16,0.136152
2024-07-14 19:38:17,0.036544
2024-07-14 19:38:18,0.058208
2024-07-14 19:38:19,0.052376
2024-07-14 19:38:20,0.050544
2024-07-14 19:38:21,0.065688
2024-07-14 19:38:22,0.128776
2024-07-14 19:38:23,0.120336
2024-07-14 19:38:24,0.150528
2024-07-14 19:38:25,0.175264
2024-07-14 19:38:26,0.215568
2024-07-14 19:38:27,0.172656
2024-07-14 19:38:28,0.216952
2024-07-14 19:38:29,0.19848
2024-07-14 19:38:30,0.262856
2024-07-14 19:38:31,0.143264
2024-07-14 19:38:32,0.192616
2024-07-14 19:38:33,0.143808
2024-07-14 19:38:34,0.178992
2024-07-14 19:38:35,0.196416
2024-07-14 19:38:36,0.14196
2024-07-14 19:38:37,0.136016
2024-07-14 19:38:38,0.157952
2024-07-14 19:38:39,0.160144
2024-07-14 19:38:40,0.146432
2024-07-14 19:38:41,0.166024
2024-07-14 19:38:42,0.121056
2024-07-14 19:38:43,0.097784
2024-07-14 19:38:44,0.081152
2024-07-14 19:38:45,0.068368
2024-07-14 19:38:46,0.056536
2024-07-14 19:38:47,0.066512
2024-07-14 19:38:48,0.058696
2024-07-14 19:38:49,0.06652
2024-07-14 19:38:50,0.094048
2024-07-14 19:38:51,0.02732
2024-07-14 19:38:52,0.040728
2024-07-14 19:38:53,0.061768
2024-07-14 19:38:54,0.24072
2024-07-14 19:38:55,0.036048
2024-07-14 19:38:56,0.075096
2024-07-14 19:38:57,0.052216
2024-07-14 19:38:58,0.052016
2024-07-14 19:38:59,0.039704
2024-07-14 19:39:00,0.02748
2024-07-14 19:39:01,0.02116
2024-07-14 19:39:02,0.037848
2024-07-14 19:39:03,0.045008
2024-07-14 19:39:04,0.032424
2024-07-14 19:39:05,0.054656
2024-07-14 19:39:06,0.038904
2024-07-14 19:39:07,0.04508
2024-07-14 19:39:08,0.051808
2024-07-14 19:39:09,0.060704
2024-07-14 19:39:10,0.060784
2024-07-14 19:39:11,0.054176
2024-07-14 19:39:12,0.049696
2024-07-14 19:39:13,0.042064
2024-07-14 19:39:14,0.042192
2024-07-14 19:39:15,0.044392
2024-07-14 19:39:16,0.049856
2024-07-14 19:39:17,0.041656
2024-07-14 19:39:18,0.04068
2024-07-14 19:39:19,0.049832
2024-07-14 19:39:20,0.055976
2024-07-14 19:39:21,0.061
2024-07-14 19:39:22,0.05076
2024-07-14 19:39:23,0.05656
2024-07-14 19:39:24,0.042384
2024-07-14 19:39:25,0.03804
2024-07-14 19:39:26,0.036048
2024-07-14 19:39:27,0.043784
2024-07-14 19:39:28,0.038672
2024-07-14 19:39:29,0.081104
2024-07-14 19:39:30,0.033888
2024-07-14 19:39:31,0.087576
2024-07-14 19:39:32,0.094848
2024-07-14 19:39:33,0.038632
2024-07-14 19:39:34,0.069672
2024-07-14 19:39:35,0.016016
2024-07-14 19:39:36,0.040112
2024-07-14 19:39:37,0.051208
2024-07-14 19:39:38,0.0326
2024-07-14 19:39:39,0.02356
2024-07-14 19:39:40,0.031584
2024-07-14 19:39:41,0.055696
2024-07-14 19:39:42,0.026552
2024-07-14 19:39:43,0.033456
2024-07-14 19:39:44,0.056136
2024-07-14 19:39:45,0.044496
2024-07-14 19:39:46,0.04288
2024-07-14 19:39:47,0.038832
2024-07-14 19:39:48,0.058064
2024-07-14 19:39:49,0.057728
2024-07-14 19:39:50,0.121752
2024-07-14 19:39:51,0.045576
2024-07-14 19:39:52,0.034968
2024-07-14 19:39:53,0.027216
2024-07-14 19:39:54,0.019632
2024-07-14 19:39:55,0.03548
2024-07-14 19:39:56,0.014952
2024-07-14 19:39:57,0.036496
2024-07-14 19:39:58,0.030472
2024-07-14 19:39:59,0.034488
2024-07-14 19:40:00,0.035056
2024-07-14 19:40:01,0.138904
2024-07-14 19:40:02,0.1402
2024-07-14 19:40:03,0.047936
2024-07-14 19:40:04,0.0542
2024-07-14 19:40:05,0.069616
2024-07-14 19:40:06,0.053944
2024-07-14 19:40:07,0.06284
2024-07-14 19:40:08,0.121592
2024-07-14 19:40:09,0.09956
2024-07-14 19:40:10,0.176592
2024-07-14 19:40:11,0.2042
2024-07-14 19:40:12,0.248
2024-07-14 19:40:13,0.165992
2024-07-14 19:40:14,0.285912
2024-07-14 19:40:15,0.229272
2024-07-14 19:40:16,0.21952
2024-07-14 19:40:17,0.220424
2024-07-14 19:40:18,0.238784
2024-07-14 19:40:19,0.174752
2024-07-14 19:40:20,0.181696
2024-07-14 19:40:21,0.164304
2024-07-14 19:40:22,0.202248
2024-07-14 19:40:23,0.159656
2024-07-14 19:40:24,0.160688
2024-07-14 19:40:25,0.15408
2024-07-14 19:40:26,0.12768
2024-07-14 19:40:27,0.10712
2024-07-14 19:40:28,0.150712
2024-07-14 19:40:29,0.089568
2024-07-14 19:40:30,0.09364
2024-07-14 19:40:31,0.092456
2024-07-14 19:40:32,0.078888
2024-07-14 19:40:33,0.10652
2024-07-14 19:40:34,0.087976
2024-07-14 19:40:35,0.083568
2024-07-14 19:40:36,0.08644
2024-07-14 19:40:37,0.084744
2024-07-14 19:40:38,0.073032
2024-07-14 19:40:39,0.074504
2024-07-14 19:40:40,0.106056
2024-07-14 19:40:41,0.116488
2024-07-14 19:40:42,0.074736
2024-07-14 19:40:43,0.074096
2024-07-14 19:40:44,0.028408
2024-07-14 19:40:45,0.080952
2024-07-14 19:40:46,0.240856
2024-07-14 19:40:47,0.037888
2024-07-14 19:40:48,0.239776
2024-07-14 19:40:49,0.031824
2024-07-14 19:40:50,0.03612
2024-07-14 19:40:51,0.02904
2024-07-14 19:40:52,0.0216
2024-07-14 19:40:53,0.013688
2024-07-14 19:40:54,0.02444
2024-07-14 19:40:55,0.028112
2024-07-14 19:40:56,0.013056
2024-07-14 19:40:57,0.020064
2024-07-14 19:40:58,0.020912
2024-07-14 19:40:59,0.019128
2024-07-14 19:41:00,0.013056
2024-07-14 19:41:01,0.01284
2024-07-14 19:41:02,0.020512
2024-07-14 19:41:03,0.034008
2024-07-14 19:41:04,0.017648
2024-07-14 19:41:05,0.01068
2024-07-14 19:41:06,0.01132
2024-07-14 19:41:07,0.019528
2024-07-14 19:41:08,0.023016
2024-07-14 19:41:09,0.017664
2024-07-14 19:41:10,0.019888
2024-07-14 19:41:11,0.0222
2024-07-14 19:41:12,0.016144
2024-07-14 19:41:13,0.024472
2024-07-14 19:41:14,0.028168
2024-07-14 19:41:15,0.02128
2024-07-14 19:41:16,0.011168
2024-07-14 19:41:17,0.026616
2024-07-14 19:41:18,0.149584
2024-07-14 19:41:19,0.136096
2024-07-14 19:41:20,0.030272
2024-07-14 19:41:21,0.051544
2024-07-14 19:41:22,0.062384
2024-07-14 19:41:23,0.029256
2024-07-14 19:41:24,0.109112
2024-07-14 19:41:25,0.106056
2024-07-14 19:41:26,0.12836
2024-07-14 19:41:27,0.147792
2024-07-14 19:41:28,0.238568
2024-07-14 19:41:29,0.209552
2024-07-14 19:41:30,0.195752
2024-07-14 19:41:31,0.271808
2024-07-14 19:41:32,0.256056
2024-07-14 19:41:33,0.242312
2024-07-14 19:41:34,0.207768
2024-07-14 19:41:35,0.195872
2024-07-14 19:41:36,0.180448
2024-07-14 19:41:37,0.164312
2024-07-14 19:41:38,0.1812
2024-07-14 19:41:39,0.173224
2024-07-14 19:41:40,0.161312
2024-07-14 19:41:41,0.147664
2024-07-14 19:41:42,0.126856
2024-07-14 19:41:43,0.090232
2024-07-14 19:41:44,0.095392
2024-07-14 19:41:45,0.082872
2024-07-14 19:41:46,0.02984
2024-07-14 19:41:47,0.026064
2024-07-14 19:41:48,0.081008
2024-07-14 19:41:49,0.25572
2024-07-14 19:41:50,0.04868
2024-07-14 19:41:51,0.345152
2024-07-14 19:41:52,0.074864
2024-07-14 19:41:53,0.077984
2024-07-14 19:41:54,0.060632
2024-07-14 19:41:55,0.018904
2024-07-14 19:41:56,0.030624
2024-07-14 19:41:57,0.024776
2024-07-14 19:41:58,0.023368
2024-07-14 19:41:59,0.016616
2024-07-14 19:42:00,0.01784
2024-07-14 19:42:01,0.016384
2024-07-14 19:42:02,0.024816
2024-07-14 19:42:03,0.019328
2024-07-14 19:42:04,0.031024
2024-07-14 19:42:05,0.027784
2024-07-14 19:42:06,0.020888
2024-07-14 19:42:07,0.02544
2024-07-14 19:42:08,0.021752
2024-07-14 19:42:09,0.013184
2024-07-14 19:42:10,0.017952
2024-07-14 19:42:11,0.105792
2024-07-14 19:42:12,0.02588
2024-07-14 19:42:13,0.026376
2024-07-14 19:42:14,0.108136
2024-07-14 19:42:15,0.121424
2024-07-14 19:42:16,0.103656
2024-07-14 19:42:17,0.160912
2024-07-14 19:42:18,0.216768
2024-07-14 19:42:19,0.209288
2024-07-14 19:42:20,0.20112
2024-07-14 19:42:21,0.250136
2024-07-14 19:42:22,0.307272
2024-07-14 19:42:23,0.292784
2024-07-14 19:42:24,0.244032
2024-07-14 19:42:25,0.192392
2024-07-14 19:42:26,0.15148
2024-07-14 19:42:27,0.154056
2024-07-14 19:42:28,0.15312
2024-07-14 19:42:29,0.11384
2024-07-14 19:42:30,0.115216
2024-07-14 19:42:31,0.09064
2024-07-14 19:42:32,0.11336
2024-07-14 19:42:33,0.07484
2024-07-14 19:42:34,0.054216
2024-07-14 19:42:35,0.045336
2024-07-14 19:42:36,0.270776
2024-07-14 19:42:37,0.105352
2024-07-14 19:42:38,0.198344
2024-07-14 19:42:39,0.050784
2024-07-14 19:42:40,0.058888
2024-07-14 19:42:41,0.080384
2024-07-14 19:42:42,0.059456
2024-07-14 19:42:43,0.029376
2024-07-14 19:42:44,0.049536
2024-07-14 19:42:45,0.027608
2024-07-14 19:42:46,0.040216
2024-07-14 19:42:47,0.089896
2024-07-14 19:42:48,0.036904
2024-07-14 19:42:49,0.023152
2024-07-14 19:42:50,0.029096
2024-07-14 19:42:51,0.035264
2024-07-14 19:42:52,0.036896
2024-07-14 19:42:53,0.033576
2024-07-14 19:42:54,0.02804
2024-07-14 19:42:55,0.023944
2024-07-14 19:42:56,0.034976
2024-07-14 19:42:57,0.039776
2024-07-14 19:42:58,0.022192
2024-07-14 19:42:59,0.027
2024-07-14 19:43:00,0.011768
2024-07-14 19:43:01,0.018472
2024-07-14 19:43:02,0.016168
2024-07-14 19:43:03,0.01864
2024-07-14 19:43:04,0.033952
2024-07-14 19:43:05,0.01068
2024-07-14 19:43:06,0.0212
2024-07-14 19:43:07,0.166376
2024-07-14 19:43:08,0.141592
2024-07-14 19:43:09,0.019776
2024-07-14 19:43:10,0.064456
2024-07-14 19:43:11,0.057784
2024-07-14 19:43:12,0.029136
2024-07-14 19:43:13,0.1028
2024-07-14 19:43:14,0.119904
2024-07-14 19:43:15,0.167968
2024-07-14 19:43:16,0.157496
2024-07-14 19:43:17,0.228112
2024-07-14 19:43:18,0.215424
2024-07-14 19:43:19,0.21132
2024-07-14 19:43:20,0.254384
2024-07-14 19:43:21,0.295168
2024-07-14 19:43:22,0.234648
2024-07-14 19:43:23,0.250896
2024-07-14 19:43:24,0.175016
2024-07-14 19:43:25,0.228792
2024-07-14 19:43:26,0.189608
2024-07-14 19:43:27,0.179832
2024-07-14 19:43:28,0.201856
2024-07-14 19:43:29,0.184128
2024-07-14 19:43:30,0.159608
2024-07-14 19:43:31,0.193072
2024-07-14 19:43:32,0.173064
2024-07-14 19:43:33,0.149656
2024-07-14 19:43:34,0.138472
2024-07-14 19:43:35,0.137864
2024-07-14 19:43:36,0.128136
2024-07-14 19:43:37,0.101896
2024-07-14 19:43:38,0.122968
2024-07-14 19:43:39,0.144272
2024-07-14 19:43:40,0.1162
2024-07-14 19:43:41,0.085584
2024-07-14 19:43:42,0.100792
2024-07-14 19:43:43,0.102944
2024-07-14 19:43:44,0.135136
2024-07-14 19:43:45,0.103024
2024-07-14 19:43:46,0.11836
2024-07-14 19:43:47,0.074424
2024-07-14 19:43:48,0.027816
2024-07-14 19:43:49,0.040248
2024-07-14 19:43:50,0.05024
2024-07-14 19:43:51,0.245256
2024-07-14 19:43:52,0.03396
2024-07-14 19:43:53,0.242168
2024-07-14 19:43:54,0.039976
2024-07-14 19:43:55,0.020888
2024-07-14 19:43:56,0.01068
2024-07-14 19:43:57,0.02296
2024-07-14 19:43:58,0.021296
2024-07-14 19:43:59,0.030976
2024-07-14 19:44:00,0.024888
2024-07-14 19:44:01,0.040344
2024-07-14 19:44:02,0.028024
2024-07-14 19:44:03,0.03324
2024-07-14 19:44:04,0.0436
2024-07-14 19:44:05,0.0342
2024-07-14 19:44:06,0.044904
2024-07-14 19:44:07,0.03844
2024-07-14 19:44:08,0.023496
2024-07-14 19:44:09,0.033232
2024-07-14 19:44:10,0.041352
2024-07-14 19:44:11,0.04268
2024-07-14 19:44:12,0.018128
2024-07-14 19:44:13,0.019416
2024-07-14 19:44:14,0.042392
2024-07-14 19:44:15,0.028632
2024-07-14 19:44:16,0.017688
2024-07-14 19:44:17,0.029064
2024-07-14 19:44:18,0.025824
2024-07-14 19:44:19,0.019328
2024-07-14 19:44:20,0.025424
2024-07-14 19:44:21,0.01876
2024-07-14 19:44:22,0.037344
2024-07-14 19:44:23,0.018568
2024-07-14 19:44:24,0.013056
2024-07-14 19:44:25,0.010792
2024-07-14 19:44:26,0.011808
2024-07-14 19:44:27,0.032616
2024-07-14 19:44:28,0.014512
2024-07-14 19:44:29,0.029216
2024-07-14 19:44:30,0.02736
2024-07-14 19:44:31,0.020752
2024-07-14 19:44:32,0.014304
2024-07-14 19:44:33,0.03292
2024-07-14 19:44:34,0.018984
2024-07-14 19:44:35,0.025984
2024-07-14 19:44:36,0.01276
2024-07-14 19:44:37,0.04364
2024-07-14 19:44:38,0.0356
2024-07-14 19:44:39,0.034112
2024-07-14 19:44:40,0.037848
2024-07-14 19:44:41,0.016456
2024-07-14 19:44:42,0.036264
2024-07-14 19:44:43,0.1466
2024-07-14 19:44:44,0.159624
2024-07-14 19:44:45,0.025976
2024-07-14 19:44:46,0.07364
2024-07-14 19:44:47,0.046392
2024-07-14 19:44:48,0.037648
2024-07-14 19:44:49,0.10324
2024-07-14 19:44:50,0.111408
2024-07-14 19:44:51,0.140376
2024-07-14 19:44:52,0.162424
2024-07-14 19:44:53,0.22628
2024-07-14 19:44:54,0.235392
2024-07-14 19:44:55,0.221936
2024-07-14 19:44:56,0.2808
2024-07-14 19:44:57,0.267256
2024-07-14 19:44:58,0.258344
2024-07-14 19:44:59,0.25452
2024-07-14 19:45:00,0.216392
2024-07-14 19:45:01,0.208328
2024-07-14 19:45:02,0.188632
2024-07-14 19:45:03,0.182288
2024-07-14 19:45:04,0.1804
2024-07-14 19:45:05,0.168536
2024-07-14 19:45:06,0.19312
2024-07-14 19:45:07,0.173848
2024-07-14 19:45:08,0.171992
2024-07-14 19:45:09,0.150768
2024-07-14 19:45:10,0.123128
2024-07-14 19:45:11,0.14536
2024-07-14 19:45:12,0.079088
2024-07-14 19:45:13,0.084416
2024-07-14 19:45:14,0.068384
2024-07-14 19:45:15,0.057512
2024-07-14 19:45:16,0.096144
2024-07-14 19:45:17,0.057104
2024-07-14 19:45:18,0.04412
2024-07-14 19:45:19,0.082968
2024-07-14 19:45:20,0.258728
2024-07-14 19:45:21,0.038016
2024-07-14 19:45:22,0.23832
2024-07-14 19:45:23,0.041608
2024-07-14 19:45:24,0.035848
2024-07-14 19:45:25,0.058688
2024-07-14 19:45:26,0.037072
2024-07-14 19:45:27,0.038584
2024-07-14 19:45:28,0.032584
2024-07-14 19:45:29,0.019256
2024-07-14 19:45:30,0.037712
2024-07-14 19:45:31,0.026008
2024-07-14 19:45:32,0.022416
2024-07-14 19:45:33,0.028312
2024-07-14 19:45:34,0.023488
2024-07-14 19:45:35,0.022992
2024-07-14 19:45:36,0.055008
2024-07-14 19:45:37,0.0326
2024-07-14 19:45:38,0.031512
2024-07-14 19:45:39,0.025896
2024-07-14 19:45:40,0.041984
2024-07-14 19:45:41,0.023208
2024-07-14 19:45:42,0.01808
2024-07-14 19:45:43,0.039584
2024-07-14 19:45:44,0.014904
2024-07-14 19:45:45,0.026672
2024-07-14 19:45:46,0.053568
2024-07-14 19:45:47,0.01852
2024-07-14 19:45:48,0.017528
2024-07-14 19:45:49,0.015944
2024-07-14 19:45:50,0.030144
2024-07-14 19:45:51,0.028224
2024-07-14 19:45:52,0.150256
2024-07-14 19:45:53,0.167568
2024-07-14 19:45:54,0.027744
2024-07-14 19:45:55,0.071056
2024-07-14 19:45:56,0.055456
2024-07-14 19:45:57,0.04464
2024-07-14 19:45:58,0.084736
2024-07-14 19:45:59,0.106264
2024-07-14 19:46:00,0.130376
2024-07-14 19:46:01,0.175216
2024-07-14 19:46:02,0.19988
2024-07-14 19:46:03,0.188728
2024-07-14 19:46:04,0.202912
2024-07-14 19:46:05,0.247192
2024-07-14 19:46:06,0.235672
2024-07-14 19:46:07,0.251128
2024-07-14 19:46:08,0.238368
2024-07-14 19:46:09,0.178248
2024-07-14 19:46:10,0.177184
2024-07-14 19:46:11,0.191136
2024-07-14 19:46:12,0.182136
2024-07-14 19:46:13,0.133952
2024-07-14 19:46:14,0.16992
2024-07-14 19:46:15,0.170792
2024-07-14 19:46:16,0.163712
2024-07-14 19:46:17,0.189864
2024-07-14 19:46:18,0.172808
2024-07-14 19:46:19,0.156832
2024-07-14 19:46:20,0.19564
2024-07-14 19:46:21,0.146624
2024-07-14 19:46:22,0.142064
2024-07-14 19:46:23,0.171904
2024-07-14 19:46:24,0.123232
2024-07-14 19:46:25,0.116056
2024-07-14 19:46:26,0.140336
2024-07-14 19:46:27,0.098424
2024-07-14 19:46:28,0.100992
2024-07-14 19:46:29,0.116928
2024-07-14 19:46:30,0.125248
2024-07-14 19:46:31,0.144176
2024-07-14 19:46:32,0.04716
2024-07-14 19:46:33,0.027024
2024-07-14 19:46:34,0.067744
2024-07-14 19:46:35,0.264984
2024-07-14 19:46:36,0.046
2024-07-14 19:46:37,0.046664
2024-07-14 19:46:38,0.022904
2024-07-14 19:46:39,0.026576
2024-07-14 19:46:40,0.074784
2024-07-14 19:46:41,0.045952
2024-07-14 19:46:42,0.0476
2024-07-14 19:46:43,0.027648
2024-07-14 19:46:44,0.025608
2024-07-14 19:46:45,0.048688
2024-07-14 19:46:46,0.056416
2024-07-14 19:46:47,0.054424
2024-07-14 19:46:48,0.038888
2024-07-14 19:46:49,0.045528
2024-07-14 19:46:50,0.04512
2024-07-14 19:46:51,0.05172
2024-07-14 19:46:52,0.056104
2024-07-14 19:46:53,0.061104
2024-07-14 19:46:54,0.052264
2024-07-14 19:46:55,0.051648
2024-07-14 19:46:56,0.039304
2024-07-14 19:46:57,0.05556
2024-07-14 19:46:58,0.052856
2024-07-14 19:46:59,0.05132
2024-07-14 19:47:00,0.051424
2024-07-14 19:47:01,0.046568
2024-07-14 19:47:02,0.04804
2024-07-14 19:47:03,0.048272
2024-07-14 19:47:04,0.053936
2024-07-14 19:47:05,0.054984
2024-07-14 19:47:06,0.059064
2024-07-14 19:47:07,0.050416
2024-07-14 19:47:08,0.053248
2024-07-14 19:47:09,0.049632
2024-07-14 19:47:10,0.052992
2024-07-14 19:47:11,0.051144
2024-07-14 19:47:12,0.05508
2024-07-14 19:47:13,0.090008
2024-07-14 19:47:14,0.043744
2024-07-14 19:47:15,0.10016
2024-07-14 19:47:16,0.123472
2024-07-14 19:47:17,0.084784
2024-07-14 19:47:18,0.056128
2024-07-14 19:47:19,0.026328
2024-07-14 19:47:20,0.074816
2024-07-14 19:47:21,0.047816
2024-07-14 19:47:22,0.041632
2024-07-14 19:47:23,0.023224
2024-07-14 19:47:24,0.03812
2024-07-14 19:47:25,0.041176
2024-07-14 19:47:26,0.031872
2024-07-14 19:47:27,0.060368
2024-07-14 19:47:28,0.02812
2024-07-14 19:47:29,0.026576
2024-07-14 19:47:30,0.025488
2024-07-14 19:47:31,0.016856
2024-07-14 19:47:32,0.03028
2024-07-14 19:47:33,0.020288
2024-07-14 19:47:34,0.03872
2024-07-14 19:47:35,0.040744
2024-07-14 19:47:36,0.07108
2024-07-14 19:47:37,0.056816
2024-07-14 19:47:38,0.025696
2024-07-14 19:47:39,0.034952
2024-07-14 19:47:40,0.0274
2024-07-14 19:47:41,0.024696
2024-07-14 19:47:42,0.036544
2024-07-14 19:47:43,0.038272
2024-07-14 19:47:44,0.0382
2024-07-14 19:47:45,0.154648
2024-07-14 19:47:46,0.166736
2024-07-14 19:47:47,0.029808
2024-07-14 19:47:48,0.085064
2024-07-14 19:47:49,0.036576
2024-07-14 19:47:50,0.040832
2024-07-14 19:47:51,0.098944
2024-07-14 19:47:52,0.115856
2024-07-14 19:47:53,0.149968
2024-07-14 19:47:54,0.182328
2024-07-14 19:47:55,0.227624
2024-07-14 19:47:56,0.267976
2024-07-14 19:47:57,0.248088
2024-07-14 19:47:58,0.268424
2024-07-14 19:47:59,0.2708
2024-07-14 19:48:00,0.291592
2024-07-14 19:48:01,0.25284
2024-07-14 19:48:02,0.239208
2024-07-14 19:48:03,0.19972
2024-07-14 19:48:04,0.22508
2024-07-14 19:48:05,0.177632
2024-07-14 19:48:06,0.199984
2024-07-14 19:48:07,0.237656
2024-07-14 19:48:08,0.215864
2024-07-14 19:48:09,0.2262
2024-07-14 19:48:10,0.179912
2024-07-14 19:48:11,0.219736
2024-07-14 19:48:12,0.187368
2024-07-14 19:48:13,0.17012
2024-07-14 19:48:14,0.128128
2024-07-14 19:48:15,0.062632
2024-07-14 19:48:16,0.05472
2024-07-14 19:48:17,0.053432
2024-07-14 19:48:18,0.042472
2024-07-14 19:48:19,0.03612
2024-07-14 19:48:20,0.065744
2024-07-14 19:48:21,0.03452
2024-07-14 19:48:22,0.055912
2024-07-14 19:48:23,0.230096
2024-07-14 19:48:24,0.062992
2024-07-14 19:48:25,0.186784
2024-07-14 19:48:26,0.087536
2024-07-14 19:48:27,0.038248
2024-07-14 19:48:28,0.05728
2024-07-14 19:48:29,0.02708
2024-07-14 19:48:30,0.023168
2024-07-14 19:48:31,0.033992
2024-07-14 19:48:32,0.056528
2024-07-14 19:48:33,0.052528
2024-07-14 19:48:34,0.039944
2024-07-14 19:48:35,0.025256
2024-07-14 19:48:36,0.050456
2024-07-14 19:48:37,0.038688
2024-07-14 19:48:38,0.05864
2024-07-14 19:48:39,0.04776
2024-07-14 19:48:40,0.027328
2024-07-14 19:48:41,0.04096
2024-07-14 19:48:42,0.0228
2024-07-14 19:48:43,0.050248
2024-07-14 19:48:44,0.049392
2024-07-14 19:48:45,0.025568
2024-07-14 19:48:46,0.037056
2024-07-14 19:48:47,0.02556
2024-07-14 19:48:48,0.017912
2024-07-14 19:48:49,0.042688
2024-07-14 19:48:50,0.033568
2024-07-14 19:48:51,0.016832
2024-07-14 19:48:52,0.101776
2024-07-14 19:48:53,0.032544
2024-07-14 19:48:54,0.054008
2024-07-14 19:48:55,0.074408
2024-07-14 19:48:56,0.2074
2024-07-14 19:48:57,0.06836
2024-07-14 19:48:58,0.018976
2024-07-14 19:48:59,0.080144
2024-07-14 19:49:00,0.034672
2024-07-14 19:49:01,0.05508
2024-07-14 19:49:02,0.122576
2024-07-14 19:49:03,0.1286
2024-07-14 19:49:04,0.2004
2024-07-14 19:49:05,0.181544
2024-07-14 19:49:06,0.24456
2024-07-14 19:49:07,0.222344
2024-07-14 19:49:08,0.262528
2024-07-14 19:49:09,0.288144
2024-07-14 19:49:10,0.292952
2024-07-14 19:49:11,0.250096
2024-07-14 19:49:12,0.210368
2024-07-14 19:49:13,0.2104
2024-07-14 19:49:14,0.19472
2024-07-14 19:49:15,0.212872
2024-07-14 19:49:16,0.200512
2024-07-14 19:49:17,0.195776
2024-07-14 19:49:18,0.150656
2024-07-14 19:49:19,0.189568
2024-07-14 19:49:20,0.162432
2024-07-14 19:49:21,0.172744
2024-07-14 19:49:22,0.150024
2024-07-14 19:49:23,0.1778
2024-07-14 19:49:24,0.186792
2024-07-14 19:49:25,0.145776
2024-07-14 19:49:26,0.15572
2024-07-14 19:49:27,0.180728
2024-07-14 19:49:28,0.143368
2024-07-14 19:49:29,0.119592
2024-07-14 19:49:30,0.131768
2024-07-14 19:49:31,0.125568
2024-07-14 19:49:32,0.150392
2024-07-14 19:49:33,0.119664
2024-07-14 19:49:34,0.156592
2024-07-14 19:49:35,0.124864
2024-07-14 19:49:36,0.085624
2024-07-14 19:49:37,0.110056
2024-07-14 19:49:38,0.120144
2024-07-14 19:49:39,0.119032
2024-07-14 19:49:40,0.090504
2024-07-14 19:49:41,0.132224
2024-07-14 19:49:42,0.090008
2024-07-14 19:49:43,0.095824
2024-07-14 19:49:44,0.089376
2024-07-14 19:49:45,0.039976
2024-07-14 19:49:46,0.056224
2024-07-14 19:49:47,0.239896
2024-07-14 19:49:48,0.071304
2024-07-14 19:49:49,0.033528
2024-07-14 19:49:50,0.365824
2024-07-14 19:49:51,0.03248
2024-07-14 19:49:52,0.03184
2024-07-14 19:49:53,0.028336
2024-07-14 19:49:54,0.021776
2024-07-14 19:49:55,0.012592
2024-07-14 19:49:56,0.034
2024-07-14 19:49:57,0.021504
2024-07-14 19:49:58,0.023408
2024-07-14 19:49:59,0.035256
2024-07-14 19:50:00,0.024288
2024-07-14 19:50:01,0.034184
2024-07-14 19:50:02,0.018872
2024-07-14 19:50:03,0.03944
2024-07-14 19:50:04,0.04736
2024-07-14 19:50:05,0.016976
2024-07-14 19:50:06,0.01132
2024-07-14 19:50:07,0.02092
2024-07-14 19:50:08,0.024456
2024-07-14 19:50:09,0.028968
2024-07-14 19:50:10,0.142696
2024-07-14 19:50:11,0.0204
2024-07-14 19:50:12,0.027904
2024-07-14 19:50:13,0.118424
2024-07-14 19:50:14,0.140728
2024-07-14 19:50:15,0.17708
2024-07-14 19:50:16,0.2206
2024-07-14 19:50:17,0.277824
2024-07-14 19:50:18,0.212576
2024-07-14 19:50:19,0.198856
2024-07-14 19:50:20,0.230256
2024-07-14 19:50:21,0.155584
2024-07-14 19:50:22,0.132488
2024-07-14 19:50:23,0.267648
2024-07-14 19:50:24,0.11156
2024-07-14 19:50:25,0.227344
2024-07-14 19:50:26,0.112
2024-07-14 19:50:27,0.056
2024-07-14 19:50:28,0.068048
2024-07-14 19:50:29,0.095944
2024-07-14 19:50:30,0.064984
2024-07-14 19:50:31,0.09472
2024-07-14 19:50:32,0.055664
2024-07-14 19:50:33,0.039608
2024-07-14 19:50:34,0.042616
2024-07-14 19:50:35,0.025472
2024-07-14 19:50:36,0.032744
2024-07-14 19:50:37,0.018224
2024-07-14 19:50:38,0.030288
2024-07-14 19:50:39,0.02952
2024-07-14 19:50:40,0.023472
2024-07-14 19:50:41,0.021328
2024-07-14 19:50:42,0.065144
2024-07-14 19:50:43,0.068256
2024-07-14 19:50:44,0.062168
2024-07-14 19:50:45,0.076976
2024-07-14 19:50:46,0.029416
2024-07-14 19:50:47,0.025728
2024-07-14 19:50:48,0.035672
2024-07-14 19:50:49,0.053336
2024-07-14 19:50:50,0.029008
2024-07-14 19:50:51,0.039464
2024-07-14 19:50:52,0.04516
2024-07-14 19:50:53,0.046352
2024-07-14 19:50:54,0.077008
2024-07-14 19:50:55,0.112128
2024-07-14 19:50:56,0.160312
2024-07-14 19:50:57,0.039664
2024-07-14 19:50:58,0.078592
2024-07-14 19:50:59,0.05468
2024-07-14 19:51:00,0.044128
2024-07-14 19:51:01,0.14588
2024-07-14 19:51:02,0.145896
2024-07-14 19:51:03,0.181568
2024-07-14 19:51:04,0.158872
2024-07-14 19:51:05,0.244136
2024-07-14 19:51:06,0.25624
2024-07-14 19:51:07,0.241304
2024-07-14 19:51:08,0.283808
2024-07-14 19:51:09,0.30408
2024-07-14 19:51:10,0.271056
2024-07-14 19:51:11,0.268728
2024-07-14 19:51:12,0.260472
2024-07-14 19:51:13,0.243352
2024-07-14 19:51:14,0.216552
2024-07-14 19:51:15,0.2188
2024-07-14 19:51:16,0.21112
2024-07-14 19:51:17,0.246376
2024-07-14 19:51:18,0.268344
2024-07-14 19:51:19,0.159808
2024-07-14 19:51:20,0.177648
2024-07-14 19:51:21,0.196984
2024-07-14 19:51:22,0.17928
2024-07-14 19:51:23,0.184896
2024-07-14 19:51:24,0.181064
2024-07-14 19:51:25,0.173016
2024-07-14 19:51:26,0.13376
2024-07-14 19:51:27,0.130912
2024-07-14 19:51:28,0.121584
2024-07-14 19:51:29,0.156832
2024-07-14 19:51:30,0.12796
2024-07-14 19:51:31,0.146976
2024-07-14 19:51:32,0.186016
2024-07-14 19:51:33,0.100968
2024-07-14 19:51:34,0.124528
2024-07-14 19:51:35,0.129112
2024-07-14 19:51:36,0.120616
2024-07-14 19:51:37,0.124096
2024-07-14 19:51:38,0.149608
2024-07-14 19:51:39,0.10396
2024-07-14 19:51:40,0.11644
2024-07-14 19:51:41,0.026232
2024-07-14 19:51:42,0.049896
2024-07-14 19:51:43,0.059416
2024-07-14 19:51:44,0.256016
2024-07-14 19:51:45,0.049536
2024-07-14 19:51:46,0.190648
2024-07-14 19:51:47,0.092488
2024-07-14 19:51:48,0.023032
2024-07-14 19:51:49,0.013056
2024-07-14 19:51:50,0.010712
2024-07-14 19:51:51,0.028584
2024-07-14 19:51:52,0.035976
2024-07-14 19:51:53,0.048688
2024-07-14 19:51:54,0.031648
2024-07-14 19:51:55,0.051
2024-07-14 19:51:56,0.06784
2024-07-14 19:51:57,0.05936
2024-07-14 19:51:58,0.067736
2024-07-14 19:51:59,0.022456
2024-07-14 19:52:00,0.045992
2024-07-14 19:52:01,0.01812
2024-07-14 19:52:02,0.02852
2024-07-14 19:52:03,0.024952
2024-07-14 19:52:04,0.038992
2024-07-14 19:52:05,0.05216
2024-07-14 19:52:06,0.026992
2024-07-14 19:52:07,0.024576
2024-07-14 19:52:08,0.040072
2024-07-14 19:52:09,0.02172
2024-07-14 19:52:10,0.023568
2024-07-14 19:52:11,0.016008
2024-07-14 19:52:12,0.018144
2024-07-14 19:52:13,0.01068
2024-07-14 19:52:14,0.026824
2024-07-14 19:52:15,0.01916
2024-07-14 19:52:16,0.024552
2024-07-14 19:52:17,0.036344
2024-07-14 19:52:18,0.022792
2024-07-14 19:52:19,0.014192
2024-07-14 19:52:20,0.01812
2024-07-14 19:52:21,0.018152
2024-07-14 19:52:22,0.021584
2024-07-14 19:52:23,0.034912
2024-07-14 19:52:24,0.03172
2024-07-14 19:52:25,0.047936
2024-07-14 19:52:26,0.031248
2024-07-14 19:52:27,0.038712
2024-07-14 19:52:28,0.03472
2024-07-14 19:52:29,0.020408
2024-07-14 19:52:30,0.017352
2024-07-14 19:52:31,0.03116
2024-07-14 19:52:32,0.033952
2024-07-14 19:52:33,0.030336
2024-07-14 19:52:34,0.015568
2024-07-14 19:52:35,0.039648
2024-07-14 19:52:36,0.073888
2024-07-14 19:52:37,0.215032
2024-07-14 19:52:38,0.070808
2024-07-14 19:52:39,0.019232
2024-07-14 19:52:40,0.080176
2024-07-14 19:52:41,0.047872
2024-07-14 19:52:42,0.067912
2024-07-14 19:52:43,0.13684
2024-07-14 19:52:44,0.146984
2024-07-14 19:52:45,0.244048
2024-07-14 19:52:46,0.2634
2024-07-14 19:52:47,0.249512
2024-07-14 19:52:48,0.30136
2024-07-14 19:52:49,0.337128
2024-07-14 19:52:50,0.348808
2024-07-14 19:52:51,0.327584
2024-07-14 19:52:52,0.31056
2024-07-14 19:52:53,0.253616
2024-07-14 19:52:54,0.255432
2024-07-14 19:52:55,0.238256
2024-07-14 19:52:56,0.280032
2024-07-14 19:52:57,0.256744
2024-07-14 19:52:58,0.233856
2024-07-14 19:52:59,0.225704
2024-07-14 19:53:00,0.241184
2024-07-14 19:53:01,0.2244
2024-07-14 19:53:02,0.208216
2024-07-14 19:53:03,0.186208
2024-07-14 19:53:04,0.236
2024-07-14 19:53:05,0.19392
2024-07-14 19:53:06,0.167808
2024-07-14 19:53:07,0.159512
2024-07-14 19:53:08,0.176768
2024-07-14 19:53:09,0.246488
2024-07-14 19:53:10,0.21596
2024-07-14 19:53:11,0.111776
2024-07-14 19:53:12,0.100872
2024-07-14 19:53:13,0.105824
2024-07-14 19:53:14,0.081992
2024-07-14 19:53:15,0.08572
2024-07-14 19:53:16,0.0886
2024-07-14 19:53:17,0.08296
2024-07-14 19:53:18,0.095896
2024-07-14 19:53:19,0.109824
2024-07-14 19:53:20,0.026824
2024-07-14 19:53:21,0.053672
2024-07-14 19:53:22,0.253592
2024-07-14 19:53:23,0.078024
2024-07-14 19:53:24,0.198048
2024-07-14 19:53:25,0.092952
2024-07-14 19:53:26,0.084312
2024-07-14 19:53:27,0.062504
2024-07-14 19:53:28,0.054896
2024-07-14 19:53:29,0.033984
2024-07-14 19:53:30,0.062064
2024-07-14 19:53:31,0.046472
2024-07-14 19:53:32,0.054792
2024-07-14 19:53:33,0.074528
2024-07-14 19:53:34,0.050016
2024-07-14 19:53:35,0.062432
2024-07-14 19:53:36,0.066424
2024-07-14 19:53:37,0.041888
2024-07-14 19:53:38,0.062616
2024-07-14 19:53:39,0.082952
2024-07-14 19:53:40,0.065536
2024-07-14 19:53:41,0.035728
2024-07-14 19:53:42,0.03928
2024-07-14 19:53:43,0.03116
2024-07-14 19:53:44,0.026656
2024-07-14 19:53:45,0.036
2024-07-14 19:53:46,0.06192
2024-07-14 19:53:47,0.063968
2024-07-14 19:53:48,0.035688
2024-07-14 19:53:49,0.030032
2024-07-14 19:53:50,0.055504
2024-07-14 19:53:51,0.019952
2024-07-14 19:53:52,0.050056
2024-07-14 19:53:53,0.034832
2024-07-14 19:53:54,0.068672
2024-07-14 19:53:55,0.2214
2024-07-14 19:53:56,0.064896
2024-07-14 19:53:57,0.047208
2024-07-14 19:53:58,0.093632
2024-07-14 19:53:59,0.055896
2024-07-14 19:54:00,0.059552
2024-07-14 19:54:01,0.13592
2024-07-14 19:54:02,0.168408
2024-07-14 19:54:03,0.232472
2024-07-14 19:54:04,0.26176
2024-07-14 19:54:05,0.29524
2024-07-14 19:54:06,0.312856
2024-07-14 19:54:07,0.361384
2024-07-14 19:54:08,0.327
2024-07-14 19:54:09,0.3448
2024-07-14 19:54:10,0.2828
2024-07-14 19:54:11,0.297752
2024-07-14 19:54:12,0.228712
2024-07-14 19:54:13,0.24628
2024-07-14 19:54:14,0.225648
2024-07-14 19:54:15,0.34464
2024-07-14 19:54:16,0.252816
2024-07-14 19:54:17,0.239208
2024-07-14 19:54:18,0.248544
2024-07-14 19:54:19,0.301864
2024-07-14 19:54:20,0.21812
2024-07-14 19:54:21,0.262352
2024-07-14 19:54:22,0.267168
2024-07-14 19:54:23,0.212024
2024-07-14 19:54:24,0.21368
2024-07-14 19:54:25,0.16396
2024-07-14 19:54:26,0.129544
2024-07-14 19:54:27,0.10312
2024-07-14 19:54:28,0.060832
2024-07-14 19:54:29,0.108952
2024-07-14 19:54:30,0.0778
2024-07-14 19:54:31,0.065248
2024-07-14 19:54:32,0.168088
2024-07-14 19:54:33,0.045912
2024-07-14 19:54:34,0.029808
2024-07-14 19:54:35,0.042664
2024-07-14 19:54:36,0.060264
2024-07-14 19:54:37,0.250264
2024-07-14 19:54:38,0.05524
2024-07-14 19:54:39,0.080808
2024-07-14 19:54:40,0.0474
2024-07-14 19:54:41,0.039344
2024-07-14 19:54:42,0.024856
2024-07-14 19:54:43,0.028128
2024-07-14 19:54:44,0.038432
2024-07-14 19:54:45,0.05116
2024-07-14 19:54:46,0.03932
2024-07-14 19:54:47,0.049424
2024-07-14 19:54:48,0.052456
2024-07-14 19:54:49,0.05812
2024-07-14 19:54:50,0.054144
2024-07-14 19:54:51,0.055168
2024-07-14 19:54:52,0.056096
2024-07-14 19:54:53,0.055192
2024-07-14 19:54:54,0.047424
2024-07-14 19:54:55,0.048664
2024-07-14 19:54:56,0.050432
2024-07-14 19:54:57,0.06116
2024-07-14 19:54:58,0.040112
2024-07-14 19:54:59,0.04304
2024-07-14 19:55:00,0.047624
2024-07-14 19:55:01,0.037296
2024-07-14 19:55:02,0.047808
2024-07-14 19:55:03,0.050208
2024-07-14 19:55:04,0.04384
2024-07-14 19:55:05,0.045936
2024-07-14 19:55:06,0.04288
2024-07-14 19:55:07,0.039752
2024-07-14 19:55:08,0.03976
2024-07-14 19:55:09,0.037336
2024-07-14 19:55:10,0.039856
2024-07-14 19:55:11,0.036992
2024-07-14 19:55:12,0.079472
2024-07-14 19:55:13,0.034648
2024-07-14 19:55:14,0.12432
2024-07-14 19:55:15,0.091152
2024-07-14 19:55:16,0.04732
2024-07-14 19:55:17,0.050096
2024-07-14 19:55:18,0.083296
2024-07-14 19:55:19,0.049808
2024-07-14 19:55:20,0.043064
2024-07-14 19:55:21,0.038848
2024-07-14 19:55:22,0.033648
2024-07-14 19:55:23,0.026648
2024-07-14 19:55:24,0.03812
2024-07-14 19:55:25,0.023048
2024-07-14 19:55:26,0.017824
2024-07-14 19:55:27,0.036104
2024-07-14 19:55:28,0.015928
2024-07-14 19:55:29,0.024096
2024-07-14 19:55:30,0.046896
2024-07-14 19:55:31,0.046376
2024-07-14 19:55:32,0.052264
2024-07-14 19:55:33,0.04052
2024-07-14 19:55:34,0.065704
2024-07-14 19:55:35,0.038072
2024-07-14 19:55:36,0.022544
2024-07-14 19:55:37,0.01588
2024-07-14 19:55:38,0.037832
2024-07-14 19:55:39,0.020632
2024-07-14 19:55:40,0.024728
2024-07-14 19:55:41,0.039408
2024-07-14 19:55:42,0.039584
2024-07-14 19:55:43,0.031328
2024-07-14 19:55:44,0.193464
2024-07-14 19:55:45,0.134888
2024-07-14 19:55:46,0.026504
2024-07-14 19:55:47,0.080456
2024-07-14 19:55:48,0.035816
2024-07-14 19:55:49,0.01888
2024-07-14 19:55:50,0.118984
2024-07-14 19:55:51,0.157856
2024-07-14 19:55:52,0.179712
2024-07-14 19:55:53,0.230664
2024-07-14 19:55:54,0.313184
2024-07-14 19:55:55,0.320288
2024-07-14 19:55:56,0.314712
2024-07-14 19:55:57,0.336024
2024-07-14 19:55:58,0.307496
2024-07-14 19:55:59,0.329976
2024-07-14 19:56:00,0.318992
2024-07-14 19:56:01,0.290016
2024-07-14 19:56:02,0.3032
2024-07-14 19:56:03,0.267992
2024-07-14 19:56:04,0.253592
2024-07-14 19:56:05,0.371104
2024-07-14 19:56:06,0.238728
2024-07-14 19:56:07,0.251064
2024-07-14 19:56:08,0.270104
2024-07-14 19:56:09,0.215504
2024-07-14 19:56:10,0.239136
2024-07-14 19:56:11,0.264304
2024-07-14 19:56:12,0.236128
2024-07-14 19:56:13,0.288616
2024-07-14 19:56:14,0.251536
2024-07-14 19:56:15,0.23284
2024-07-14 19:56:16,0.27052
2024-07-14 19:56:17,0.24792
2024-07-14 19:56:18,0.212312
2024-07-14 19:56:19,0.125864
2024-07-14 19:56:20,0.12508
2024-07-14 19:56:21,0.130384
2024-07-14 19:56:22,0.051424
2024-07-14 19:56:23,0.053672
2024-07-14 19:56:24,0.046528
2024-07-14 19:56:25,0.039576
2024-07-14 19:56:26,0.025912
2024-07-14 19:56:27,0.074264
2024-07-14 19:56:28,0.263144
2024-07-14 19:56:29,0.031888
2024-07-14 19:56:30,0.218472
2024-07-14 19:56:31,0.046096
2024-07-14 19:56:32,0.034216
2024-07-14 19:56:33,0.054336
2024-07-14 19:56:34,0.077888
2024-07-14 19:56:35,0.050456
2024-07-14 19:56:36,0.051144
2024-07-14 19:56:37,0.056128
2024-07-14 19:56:38,0.029184
2024-07-14 19:56:39,0.026416
2024-07-14 19:56:40,0.04764
2024-07-14 19:56:41,0.01348
2024-07-14 19:56:42,0.033568
2024-07-14 19:56:43,0.01248
2024-07-14 19:56:44,0.040888
2024-07-14 19:56:45,0.033656
2024-07-14 19:56:46,0.032568
2024-07-14 19:56:47,0.049752
2024-07-14 19:56:48,0.030656
2024-07-14 19:56:49,0.051584
2024-07-14 19:56:50,0.026464
2024-07-14 19:56:51,0.021776
2024-07-14 19:56:52,0.023752
2024-07-14 19:56:53,0.026936
2024-07-14 19:56:54,0.041128
2024-07-14 19:56:55,0.0166
2024-07-14 19:56:56,0.027168
2024-07-14 19:56:57,0.02316
2024-07-14 19:56:58,0.016952
2024-07-14 19:56:59,0.01424
2024-07-14 19:57:00,0.171824
2024-07-14 19:57:01,0.146992
2024-07-14 19:57:02,0.02892
2024-07-14 19:57:03,0.073304
2024-07-14 19:57:04,0.035312
2024-07-14 19:57:05,0.03848
2024-07-14 19:57:06,0.099552
2024-07-14 19:57:07,0.155056
2024-07-14 19:57:08,0.198208
2024-07-14 19:57:09,0.224528
2024-07-14 19:57:10,0.297904
2024-07-14 19:57:11,0.306904
2024-07-14 19:57:12,0.373208
2024-07-14 19:57:13,0.36088
2024-07-14 19:57:14,0.38408
2024-07-14 19:57:15,0.324848
2024-07-14 19:57:16,0.307864
2024-07-14 19:57:17,0.39448
2024-07-14 19:57:18,0.342488
2024-07-14 19:57:19,0.344432
2024-07-14 19:57:20,0.324592
2024-07-14 19:57:21,0.37876
2024-07-14 19:57:22,0.322808
2024-07-14 19:57:23,0.258728
2024-07-14 19:57:24,0.285112
2024-07-14 19:57:25,0.38768
2024-07-14 19:57:26,0.347968
2024-07-14 19:57:27,0.337736
2024-07-14 19:57:28,0.377976
2024-07-14 19:57:29,0.297192
2024-07-14 19:57:30,0.406368
2024-07-14 19:57:31,0.21484
2024-07-14 19:57:32,0.140744
2024-07-14 19:57:33,0.110624
2024-07-14 19:57:34,0.11176
2024-07-14 19:57:35,0.07952
2024-07-14 19:57:36,0.064016
2024-07-14 19:57:37,0.080312
2024-07-14 19:57:38,0.067536
2024-07-14 19:57:39,0.059744
2024-07-14 19:57:40,0.060864
2024-07-14 19:57:41,0.086312
2024-07-14 19:57:42,0.059408
2024-07-14 19:57:43,0.076024
2024-07-14 19:57:44,0.079232
2024-07-14 19:57:45,0.072312
2024-07-14 19:57:46,0.076824
2024-07-14 19:57:47,0.065752
2024-07-14 19:57:48,0.03868
2024-07-14 19:57:49,0.068352
2024-07-14 19:57:50,0.260664
2024-07-14 19:57:51,0.059264
2024-07-14 19:57:52,0.322592
2024-07-14 19:57:53,0.039064
2024-07-14 19:57:54,0.050512
2024-07-14 19:57:55,0.031896
2024-07-14 19:57:56,0.025144
2024-07-14 19:57:57,0.021912
2024-07-14 19:57:58,0.019528
2024-07-14 19:57:59,0.031728
2024-07-14 19:58:00,0.033248
2024-07-14 19:58:01,0.027328
2024-07-14 19:58:02,0.022856
2024-07-14 19:58:03,0.019896
2024-07-14 19:58:04,0.019256
2024-07-14 19:58:05,0.01496
2024-07-14 19:58:06,0.031008
2024-07-14 19:58:07,0.03984
2024-07-14 19:58:08,0.024504
2024-07-14 19:58:09,0.03116
2024-07-14 19:58:10,0.02324
2024-07-14 19:58:11,0.023016
2024-07-14 19:58:12,0.145928
2024-07-14 19:58:13,0.049672
2024-07-14 19:58:14,0.0182
2024-07-14 19:58:15,0.082904
2024-07-14 19:58:16,0.175288
2024-07-14 19:58:17,0.149352
2024-07-14 19:58:18,0.198616
2024-07-14 19:58:19,0.261
2024-07-14 19:58:20,0.269672
2024-07-14 19:58:21,0.3626
2024-07-14 19:58:22,0.330152
2024-07-14 19:58:23,0.375792
2024-07-14 19:58:24,0.321056
2024-07-14 19:58:25,0.219048
2024-07-14 19:58:26,0.210192
2024-07-14 19:58:27,0.16132
2024-07-14 19:58:28,0.091032
2024-07-14 19:58:29,0.113864
2024-07-14 19:58:30,0.295896
2024-07-14 19:58:31,0.119592
2024-07-14 19:58:32,0.215424
2024-07-14 19:58:33,0.100976
2024-07-14 19:58:34,0.091232
2024-07-14 19:58:35,0.053872
2024-07-14 19:58:36,0.037728
2024-07-14 19:58:37,0.059464
2024-07-14 19:58:38,0.035688
2024-07-14 19:58:39,0.017048
2024-07-14 19:58:40,0.015664
2024-07-14 19:58:41,0.01644
2024-07-14 19:58:42,0.019992
2024-07-14 19:58:43,0.013824
2024-07-14 19:58:44,0.013632
2024-07-14 19:58:45,0.028384
2024-07-14 19:58:46,0.020008
2024-07-14 19:58:47,0.030704
2024-07-14 19:58:48,0.016208
2024-07-14 19:58:49,0.045176
2024-07-14 19:58:50,0.024888
2024-07-14 19:58:51,0.041016
2024-07-14 19:58:52,0.029872
2024-07-14 19:58:53,0.032576
2024-07-14 19:58:54,0.056048
2024-07-14 19:58:55,0.093056
2024-07-14 19:58:56,0.04924
2024-07-14 19:58:57,0.06428
2024-07-14 19:58:58,0.036848
2024-07-14 19:58:59,0.066432
2024-07-14 19:59:00,0.033704
2024-07-14 19:59:01,0.227752
2024-07-14 19:59:02,0.142016
2024-07-14 19:59:03,0.037752
2024-07-14 19:59:04,0.071208
2024-07-14 19:59:05,0.067216
2024-07-14 19:59:06,0.036024
2024-07-14 19:59:07,0.158208
2024-07-14 19:59:08,0.162664
2024-07-14 19:59:09,0.222912
2024-07-14 19:59:10,0.243112
2024-07-14 19:59:11,0.29452
2024-07-14 19:59:12,0.333384
2024-07-14 19:59:13,0.305824
2024-07-14 19:59:14,0.357936
2024-07-14 19:59:15,0.355976
2024-07-14 19:59:16,0.34884
2024-07-14 19:59:17,0.371408
2024-07-14 19:59:18,0.360784
2024-07-14 19:59:19,0.317912
2024-07-14 19:59:20,0.348688
2024-07-14 19:59:21,0.355736
2024-07-14 19:59:22,0.378152
2024-07-14 19:59:23,0.331824
2024-07-14 19:59:24,0.314456
2024-07-14 19:59:25,0.321816
2024-07-14 19:59:26,0.330576
2024-07-14 19:59:27,0.249464
2024-07-14 19:59:28,0.363968
2024-07-14 19:59:29,0.304168
2024-07-14 19:59:30,0.322816
2024-07-14 19:59:31,0.342992
2024-07-14 19:59:32,0.268264
2024-07-14 19:59:33,0.237328
2024-07-14 19:59:34,0.310848
2024-07-14 19:59:35,0.262816
2024-07-14 19:59:36,0.325632
2024-07-14 19:59:37,0.31724
2024-07-14 19:59:38,0.252544
2024-07-14 19:59:39,0.356512
2024-07-14 19:59:40,0.221632
2024-07-14 19:59:41,0.195304
2024-07-14 19:59:42,0.181216
2024-07-14 19:59:43,0.05076
2024-07-14 19:59:44,0.059216
2024-07-14 19:59:45,0.038136
2024-07-14 19:59:46,0.203056
2024-07-14 19:59:47,0.117528
2024-07-14 19:59:48,0.058616
2024-07-14 19:59:49,0.243216
2024-07-14 19:59:50,0.047328
2024-07-14 19:59:51,0.051312
2024-07-14 19:59:52,0.024336
2024-07-14 19:59:53,0.016624
2024-07-14 19:59:54,0.017384
2024-07-14 19:59:55,0.018376
2024-07-14 19:59:56,0.033768
2024-07-14 19:59:57,0.041184
2024-07-14 19:59:58,0.036688
2024-07-14 19:59:59,0.021552
2024-07-14 20:00:00,0.047568
2024-07-14 20:00:01,0.027024
2024-07-14 20:00:02,0.020688
2024-07-14 20:00:03,0.01704
2024-07-14 20:00:04,0.027072
2024-07-14 20:00:05,0.018256
2024-07-14 20:00:06,0.01364
2024-07-14 20:00:07,0.039552
2024-07-14 20:00:08,0.021176
2024-07-14 20:00:09,0.031464
2024-07-14 20:00:10,0.01796
2024-07-14 20:00:11,0.01068
2024-07-14 20:00:12,0.016968
2024-07-14 20:00:13,0.023848
2024-07-14 20:00:14,0.02716
2024-07-14 20:00:15,0.012952
2024-07-14 20:00:16,0.019312
2024-07-14 20:00:17,0.024208
2024-07-14 20:00:18,0.03728
2024-07-14 20:00:19,0.200936
2024-07-14 20:00:20,0.151336
2024-07-14 20:00:21,0.023376
2024-07-14 20:00:22,0.0736
2024-07-14 20:00:23,0.065056
2024-07-14 20:00:24,0.017112
2024-07-14 20:00:25,0.169952
2024-07-14 20:00:26,0.182824
2024-07-14 20:00:27,0.252208
2024-07-14 20:00:28,0.297944
2024-07-14 20:00:29,0.343016
2024-07-14 20:00:30,0.393016
2024-07-14 20:00:31,0.399432
2024-07-14 20:00:32,0.4074
2024-07-14 20:00:33,0.39776
2024-07-14 20:00:34,0.367336
2024-07-14 20:00:35,0.377104
2024-07-14 20:00:36,0.40092
2024-07-14 20:00:37,0.354288
2024-07-14 20:00:38,0.280528
2024-07-14 20:00:39,0.387456
2024-07-14 20:00:40,0.396696
2024-07-14 20:00:41,0.36072
2024-07-14 20:00:42,0.38228
2024-07-14 20:00:43,0.325456
2024-07-14 20:00:44,0.392048
2024-07-14 20:00:45,0.303936
2024-07-14 20:00:46,0.430456
2024-07-14 20:00:47,0.404752
2024-07-14 20:00:48,0.2964
2024-07-14 20:00:49,0.275672
2024-07-14 20:00:50,0.219752
2024-07-14 20:00:51,0.274184
2024-07-14 20:00:52,0.274248
2024-07-14 20:00:53,0.31528
2024-07-14 20:00:54,0.259264
2024-07-14 20:00:55,0.249848
2024-07-14 20:00:56,0.222616
2024-07-14 20:00:57,0.254568
2024-07-14 20:00:58,0.144688
2024-07-14 20:00:59,0.2262
2024-07-14 20:01:00,0.069216
2024-07-14 20:01:01,0.143832
2024-07-14 20:01:02,0.051968
2024-07-14 20:01:03,0.054064
2024-07-14 20:01:04,0.029872
2024-07-14 20:01:05,0.068024
2024-07-14 20:01:06,0.243328
2024-07-14 20:01:07,0.03628
2024-07-14 20:01:08,0.205624
2024-07-14 20:01:09,0.068624
2024-07-14 20:01:10,0.046104
2024-07-14 20:01:11,0.068016
2024-07-14 20:01:12,0.041744
2024-07-14 20:01:13,0.028376
2024-07-14 20:01:14,0.037824
2024-07-14 20:01:15,0.034224
2024-07-14 20:01:16,0.018832
2024-07-14 20:01:17,0.044784
2024-07-14 20:01:18,0.037256
2024-07-14 20:01:19,0.063784
2024-07-14 20:01:20,0.038504
2024-07-14 20:01:21,0.044064
2024-07-14 20:01:22,0.063
2024-07-14 20:01:23,0.042824
2024-07-14 20:01:24,0.028592
2024-07-14 20:01:25,0.011296
2024-07-14 20:01:26,0.02616
2024-07-14 20:01:27,0.020224
2024-07-14 20:01:28,0.02424
2024-07-14 20:01:29,0.01444
2024-07-14 20:01:30,0.023616
2024-07-14 20:01:31,0.012608
2024-07-14 20:01:32,0.016232
2024-07-14 20:01:33,0.028504
2024-07-14 20:01:34,0.02092
2024-07-14 20:01:35,0.016712
2024-07-14 20:01:36,0.018704
2024-07-14 20:01:37,0.0208
2024-07-14 20:01:38,0.113792
2024-07-14 20:01:39,0.152912
2024-07-14 20:01:40,0.037584
2024-07-14 20:01:41,0.069096
2024-07-14 20:01:42,0.03596
2024-07-14 20:01:43,0.034592
2024-07-14 20:01:44,0.10724
2024-07-14 20:01:45,0.14584
2024-07-14 20:01:46,0.175136
2024-07-14 20:01:47,0.228256
2024-07-14 20:01:48,0.291064
2024-07-14 20:01:49,0.323736
2024-07-14 20:01:50,0.350824
2024-07-14 20:01:51,0.340136
2024-07-14 20:01:52,0.335288
2024-07-14 20:01:53,0.367832
2024-07-14 20:01:54,0.370912
2024-07-14 20:01:55,0.372592
2024-07-14 20:01:56,0.325408
2024-07-14 20:01:57,0.320976
2024-07-14 20:01:58,0.344992
2024-07-14 20:01:59,0.378264
2024-07-14 20:02:00,0.321
2024-07-14 20:02:01,0.29928
2024-07-14 20:02:02,0.33596
2024-07-14 20:02:03,0.302528
2024-07-14 20:02:04,0.345512
2024-07-14 20:02:05,0.356992
2024-07-14 20:02:06,0.241728
2024-07-14 20:02:07,0.319288
2024-07-14 20:02:08,0.342408
2024-07-14 20:02:09,0.287816
2024-07-14 20:02:10,0.340664
2024-07-14 20:02:11,0.275608
2024-07-14 20:02:12,0.27928
2024-07-14 20:02:13,0.231136
2024-07-14 20:02:14,0.05364
2024-07-14 20:02:15,0.051688
2024-07-14 20:02:16,0.040712
2024-07-14 20:02:17,0.066784
2024-07-14 20:02:18,0.023632
2024-07-14 20:02:19,0.074496
2024-07-14 20:02:20,0.226968
2024-07-14 20:02:21,0.037544
2024-07-14 20:02:22,0.084368
2024-07-14 20:02:23,0.051424
2024-07-14 20:02:24,0.040792
2024-07-14 20:02:25,0.036136
2024-07-14 20:02:26,0.036376
2024-07-14 20:02:27,0.040992
2024-07-14 20:02:28,0.050024
2024-07-14 20:02:29,0.047584
2024-07-14 20:02:30,0.043848
2024-07-14 20:02:31,0.050984
2024-07-14 20:02:32,0.055888
2024-07-14 20:02:33,0.053352
2024-07-14 20:02:34,0.05648
2024-07-14 20:02:35,0.053056
2024-07-14 20:02:36,0.0546
2024-07-14 20:02:37,0.062056
2024-07-14 20:02:38,0.051576
2024-07-14 20:02:39,0.053792
2024-07-14 20:02:40,0.061328
2024-07-14 20:02:41,0.054192
2024-07-14 20:02:42,0.0574
2024-07-14 20:02:43,0.059856
2024-07-14 20:02:44,0.057888
2024-07-14 20:02:45,0.04696
2024-07-14 20:02:46,0.0472
2024-07-14 20:02:47,0.04724
2024-07-14 20:02:48,0.04292
2024-07-14 20:02:49,0.080128
2024-07-14 20:02:50,0.041104
2024-07-14 20:02:51,0.119584
2024-07-14 20:02:52,0.072496
2024-07-14 20:02:53,0.069048
2024-07-14 20:02:54,0.029072
2024-07-14 20:02:55,0.04332
2024-07-14 20:02:56,0.05048
2024-07-14 20:02:57,0.058424
2024-07-14 20:02:58,0.052752
2024-07-14 20:02:59,0.020408
2024-07-14 20:03:00,0.030104
2024-07-14 20:03:01,0.020296
2024-07-14 20:03:02,0.030976
2024-07-14 20:03:03,0.021328
2024-07-14 20:03:04,0.01836
2024-07-14 20:03:05,0.021376
2024-07-14 20:03:06,0.0232
2024-07-14 20:03:07,0.019448
2024-07-14 20:03:08,0.02524
2024-07-14 20:03:09,0.017448
2024-07-14 20:03:10,0.013056
2024-07-14 20:03:11,0.01068
2024-07-14 20:03:12,0.013056
2024-07-14 20:03:13,0.01068
2024-07-14 20:03:14,0.02268
2024-07-14 20:03:15,0.02432
2024-07-14 20:03:16,0.019504
2024-07-14 20:03:17,0.012984
2024-07-14 20:03:18,0.015656
2024-07-14 20:03:19,0.013
2024-07-14 20:03:20,0.021904
2024-07-14 20:03:21,0.12116
2024-07-14 20:03:22,0.143416
2024-07-14 20:03:23,0.040376
2024-07-14 20:03:24,0.051464
2024-07-14 20:03:25,0.059184
2024-07-14 20:03:26,0.036944
2024-07-14 20:03:27,0.127976
2024-07-14 20:03:28,0.150376
2024-07-14 20:03:29,0.209248
2024-07-14 20:03:30,0.215384
2024-07-14 20:03:31,0.276104
2024-07-14 20:03:32,0.29428
2024-07-14 20:03:33,0.30052
2024-07-14 20:03:34,0.320656
2024-07-14 20:03:35,0.329392
2024-07-14 20:03:36,0.304088
2024-07-14 20:03:37,0.295568
2024-07-14 20:03:38,0.25756
2024-07-14 20:03:39,0.275936
2024-07-14 20:03:40,0.25404
2024-07-14 20:03:41,0.259624
2024-07-14 20:03:42,0.29648
2024-07-14 20:03:43,0.23192
2024-07-14 20:03:44,0.31552
2024-07-14 20:03:45,0.432224
2024-07-14 20:03:46,0.281376
2024-07-14 20:03:47,0.262
2024-07-14 20:03:48,0.270288
2024-07-14 20:03:49,0.203048
2024-07-14 20:03:50,0.11848
2024-07-14 20:03:51,0.124072
2024-07-14 20:03:52,0.16348
2024-07-14 20:03:53,0.109584
2024-07-14 20:03:54,0.103664
2024-07-14 20:03:55,0.0794
2024-07-14 20:03:56,0.09464
2024-07-14 20:03:57,0.068056
2024-07-14 20:03:58,0.063592
2024-07-14 20:03:59,0.114136
2024-07-14 20:04:00,0.031656
2024-07-14 20:04:01,0.032032
2024-07-14 20:04:02,0.058864
2024-07-14 20:04:03,0.243496
2024-07-14 20:04:04,0.038752
2024-07-14 20:04:05,0.252208
2024-07-14 20:04:06,0.05324
2024-07-14 20:04:07,0.0778
2024-07-14 20:04:08,0.029328
2024-07-14 20:04:09,0.02056
2024-07-14 20:04:10,0.018072
2024-07-14 20:04:11,0.023688
2024-07-14 20:04:12,0.017168
2024-07-14 20:04:13,0.015472
2024-07-14 20:04:14,0.04592
2024-07-14 20:04:15,0.046456
2024-07-14 20:04:16,0.056944
2024-07-14 20:04:17,0.0296
2024-07-14 20:04:18,0.034152
2024-07-14 20:04:19,0.04672
2024-07-14 20:04:20,0.051224
2024-07-14 20:04:21,0.029792
2024-07-14 20:04:22,0.029704
2024-07-14 20:04:23,0.052144
2024-07-14 20:04:24,0.03136
2024-07-14 20:04:25,0.036712
2024-07-14 20:04:26,0.02652
2024-07-14 20:04:27,0.080192
2024-07-14 20:04:28,0.062736
2024-07-14 20:04:29,0.022368
2024-07-14 20:04:30,0.018984
2024-07-14 20:04:31,0.027224
2024-07-14 20:04:32,0.026048
2024-07-14 20:04:33,0.039512
2024-07-14 20:04:34,0.015832
2024-07-14 20:04:35,0.022576
2024-07-14 20:04:36,0.014048
2024-07-14 20:04:37,0.023992
2024-07-14 20:04:38,0.019168
2024-07-14 20:04:39,0.015
2024-07-14 20:04:40,0.026256
2024-07-14 20:04:41,0.018824
2024-07-14 20:04:42,0.01068
2024-07-14 20:04:43,0.033016
2024-07-14 20:04:44,0.037696
2024-07-14 20:04:45,0.018072
2024-07-14 20:04:46,0.020936
2024-07-14 20:04:47,0.02396
2024-07-14 20:04:48,0.026744
2024-07-14 20:04:49,0.126656
2024-07-14 20:04:50,0.143864
2024-07-14 20:04:51,0.021144
2024-07-14 20:04:52,0.05828
2024-07-14 20:04:53,0.04372
2024-07-14 20:04:54,0.024648
2024-07-14 20:04:55,0.160888
2024-07-14 20:04:56,0.216512
2024-07-14 20:04:57,0.290728
2024-07-14 20:04:58,0.312672
2024-07-14 20:04:59,0.325568
2024-07-14 20:05:00,0.396968
2024-07-14 20:05:01,0.430528
2024-07-14 20:05:02,0.346504
2024-07-14 20:05:03,0.330208
2024-07-14 20:05:04,0.324712
2024-07-14 20:05:05,0.389616
2024-07-14 20:05:06,0.39156
2024-07-14 20:05:07,0.39552
2024-07-14 20:05:08,0.436872
2024-07-14 20:05:09,0.45764
2024-07-14 20:05:10,0.486568
2024-07-14 20:05:11,0.369528
2024-07-14 20:05:12,0.331888
2024-07-14 20:05:13,0.357728
2024-07-14 20:05:14,0.405864
2024-07-14 20:05:15,0.407336
2024-07-14 20:05:16,0.3266
2024-07-14 20:05:17,0.202416
2024-07-14 20:05:18,0.308472
2024-07-14 20:05:19,0.220104
2024-07-14 20:05:20,0.234192
2024-07-14 20:05:21,0.207888
2024-07-14 20:05:22,0.25648
2024-07-14 20:05:23,0.234112
2024-07-14 20:05:24,0.058232
2024-07-14 20:05:25,0.038608
2024-07-14 20:05:26,0.032648
2024-07-14 20:05:27,0.236
2024-07-14 20:05:28,0.0516
2024-07-14 20:05:29,0.187288
2024-07-14 20:05:30,0.094384
2024-07-14 20:05:31,0.048256
2024-07-14 20:05:32,0.051416
2024-07-14 20:05:33,0.03276
2024-07-14 20:05:34,0.023184
2024-07-14 20:05:35,0.020016
2024-07-14 20:05:36,0.025072
2024-07-14 20:05:37,0.036848
2024-07-14 20:05:38,0.028096
2024-07-14 20:05:39,0.0222
2024-07-14 20:05:40,0.033896
2024-07-14 20:05:41,0.031976
2024-07-14 20:05:42,0.041176
2024-07-14 20:05:43,0.033416
2024-07-14 20:05:44,0.026352
2024-07-14 20:05:45,0.021032
2024-07-14 20:05:46,0.012192
2024-07-14 20:05:47,0.03
2024-07-14 20:05:48,0.020472
2024-07-14 20:05:49,0.048416
2024-07-14 20:05:50,0.037984
2024-07-14 20:05:51,0.022624
2024-07-14 20:05:52,0.02208
2024-07-14 20:05:53,0.146528
2024-07-14 20:05:54,0.151472
2024-07-14 20:05:55,0.166448
2024-07-14 20:05:56,0.171136
2024-07-14 20:05:57,0.22184
2024-07-14 20:05:58,0.229808
2024-07-14 20:05:59,0.220456
2024-07-14 20:06:00,0.238488
2024-07-14 20:06:01,0.215448
2024-07-14 20:06:02,0.300592
2024-07-14 20:06:03,0.178144
2024-07-14 20:06:04,0.12968
2024-07-14 20:06:05,0.139088
2024-07-14 20:06:06,0.062224
2024-07-14 20:06:07,0.259576
2024-07-14 20:06:08,0.132144
2024-07-14 20:06:09,0.149272
2024-07-14 20:06:10,0.093264
2024-07-14 20:06:11,0.05304
2024-07-14 20:06:12,0.040808
2024-07-14 20:06:13,0.043456
2024-07-14 20:06:14,0.020456
2024-07-14 20:06:15,0.017256
2024-07-14 20:06:16,0.014672
2024-07-14 20:06:17,0.020728
2024-07-14 20:06:18,0.013456
2024-07-14 20:06:19,0.037064
2024-07-14 20:06:20,0.013496
2024-07-14 20:06:21,0.027896
2024-07-14 20:06:22,0.032904
2024-07-14 20:06:23,0.051648
2024-07-14 20:06:24,0.059752
2024-07-14 20:06:25,0.029144
2024-07-14 20:06:26,0.031088
2024-07-14 20:06:27,0.031152
2024-07-14 20:06:28,0.038664
2024-07-14 20:06:29,0.033496
2024-07-14 20:06:30,0.021376
2024-07-14 20:06:31,0.019088
2024-07-14 20:06:32,0.029192
2024-07-14 20:06:33,0.034744
2024-07-14 20:06:34,0.029112
2024-07-14 20:06:35,0.02972
2024-07-14 20:06:36,0.056928
2024-07-14 20:06:37,0.049464
2024-07-14 20:06:38,0.083144
2024-07-14 20:06:39,0.207872
2024-07-14 20:06:40,0.076432
2024-07-14 20:06:41,0.04392
2024-07-14 20:06:42,0.099064
2024-07-14 20:06:43,0.046832
2024-07-14 20:06:44,0.059056
2024-07-14 20:06:45,0.202176
2024-07-14 20:06:46,0.231496
2024-07-14 20:06:47,0.317888
2024-07-14 20:06:48,0.305336
2024-07-14 20:06:49,0.364112
2024-07-14 20:06:50,0.4002
2024-07-14 20:06:51,0.361648
2024-07-14 20:06:52,0.370184
2024-07-14 20:06:53,0.416688
2024-07-14 20:06:54,0.393912
2024-07-14 20:06:55,0.298888
2024-07-14 20:06:56,0.34884
2024-07-14 20:06:57,0.407864
2024-07-14 20:06:58,0.406496
2024-07-14 20:06:59,0.342624
2024-07-14 20:07:00,0.385224
2024-07-14 20:07:01,0.318976
2024-07-14 20:07:02,0.377064
2024-07-14 20:07:03,0.338016
2024-07-14 20:07:04,0.260392
2024-07-14 20:07:05,0.261704
2024-07-14 20:07:06,0.189608
2024-07-14 20:07:07,0.292064
2024-07-14 20:07:08,0.125744
2024-07-14 20:07:09,0.12872
2024-07-14 20:07:10,0.127728
2024-07-14 20:07:11,0.091296
2024-07-14 20:07:12,0.115776
2024-07-14 20:07:13,0.059704
2024-07-14 20:07:14,0.043056
2024-07-14 20:07:15,0.121864
2024-07-14 20:07:16,0.210328
2024-07-14 20:07:17,0.036264
2024-07-14 20:07:18,0.221216
2024-07-14 20:07:19,0.063784
2024-07-14 20:07:20,0.03972
2024-07-14 20:07:21,0.024304
2024-07-14 20:07:22,0.030352
2024-07-14 20:07:23,0.015016
2024-07-14 20:07:24,0.033968
2024-07-14 20:07:25,0.018328
2024-07-14 20:07:26,0.020664
2024-07-14 20:07:27,0.03108
2024-07-14 20:07:28,0.013968
2024-07-14 20:07:29,0.025064
2024-07-14 20:07:30,0.015968
2024-07-14 20:07:31,0.016224
2024-07-14 20:07:32,0.01852
2024-07-14 20:07:33,0.022864
2024-07-14 20:07:34,0.019512
2024-07-14 20:07:35,0.016232
2024-07-14 20:07:36,0.01068
2024-07-14 20:07:37,0.01536
2024-07-14 20:07:38,0.01068
2024-07-14 20:07:39,0.013056
2024-07-14 20:07:40,0.01068
2024-07-14 20:07:41,0.01132
2024-07-14 20:07:42,0.035824
2024-07-14 20:07:43,0.030144
2024-07-14 20:07:44,0.029096
2024-07-14 20:07:45,0.027896
2024-07-14 20:07:46,0.028192
2024-07-14 20:07:47,0.012984
2024-07-14 20:07:48,0.160568
2024-07-14 20:07:49,0.113136
2024-07-14 20:07:50,0.031184
2024-07-14 20:07:51,0.050704
2024-07-14 20:07:52,0.041896
2024-07-14 20:07:53,0.032648
2024-07-14 20:07:54,0.165936
2024-07-14 20:07:55,0.232008
2024-07-14 20:07:56,0.317984
2024-07-14 20:07:57,0.349704
2024-07-14 20:07:58,0.382712
2024-07-14 20:07:59,0.387032
2024-07-14 20:08:00,0.414976
2024-07-14 20:08:01,0.431952
2024-07-14 20:08:02,0.38436
2024-07-14 20:08:03,0.448184
2024-07-14 20:08:04,0.35596
2024-07-14 20:08:05,0.411504
2024-07-14 20:08:06,0.370488
2024-07-14 20:08:07,0.386568
2024-07-14 20:08:08,0.31036
2024-07-14 20:08:09,0.359528
2024-07-14 20:08:10,0.326768
2024-07-14 20:08:11,0.346784
2024-07-14 20:08:12,0.378096
2024-07-14 20:08:13,0.342328
2024-07-14 20:08:14,0.351112
2024-07-14 20:08:15,0.311016
2024-07-14 20:08:16,0.278584
2024-07-14 20:08:17,0.317192
2024-07-14 20:08:18,0.318728
2024-07-14 20:08:19,0.148312
2024-07-14 20:08:20,0.175136
2024-07-14 20:08:21,0.147376
2024-07-14 20:08:22,0.149792
2024-07-14 20:08:23,0.134168
2024-07-14 20:08:24,0.132536
2024-07-14 20:08:25,0.138384
2024-07-14 20:08:26,0.143304
2024-07-14 20:08:27,0.116368
2024-07-14 20:08:28,0.14532
2024-07-14 20:08:29,0.114576
2024-07-14 20:08:30,0.116864
2024-07-14 20:08:31,0.140872
2024-07-14 20:08:32,0.119856
2024-07-14 20:08:33,0.161008
2024-07-14 20:08:34,0.13556
2024-07-14 20:08:35,0.111432
2024-07-14 20:08:36,0.128616
2024-07-14 20:08:37,0.030408
2024-07-14 20:08:38,0.048552
2024-07-14 20:08:39,0.12512
2024-07-14 20:08:40,0.152168
2024-07-14 20:08:41,0.042592
2024-07-14 20:08:42,0.135112
2024-07-14 20:08:43,0.032672
2024-07-14 20:08:44,0.047928
2024-07-14 20:08:45,0.048144
2024-07-14 20:08:46,0.051048
2024-07-14 20:08:47,0.026776
2024-07-14 20:08:48,0.039792
2024-07-14 20:08:49,0.017696
2024-07-14 20:08:50,0.022952
2024-07-14 20:08:51,0.023776
2024-07-14 20:08:52,0.028808
2024-07-14 20:08:53,0.015424
2024-07-14 20:08:54,0.03792
2024-07-14 20:08:55,0.01368
2024-07-14 20:08:56,0.028952
2024-07-14 20:08:57,0.018808
2024-07-14 20:08:58,0.032368
2024-07-14 20:08:59,0.033176
2024-07-14 20:09:00,0.027184
2024-07-14 20:09:01,0.02348
2024-07-14 20:09:02,0.013544
2024-07-14 20:09:03,0.027296
2024-07-14 20:09:04,0.028856
2024-07-14 20:09:05,0.031648
2024-07-14 20:09:06,0.021296
2024-07-14 20:09:07,0.021392
2024-07-14 20:09:08,0.016672
2024-07-14 20:09:09,0.013544
2024-07-14 20:09:10,0.016952
2024-07-14 20:09:11,0.0238
2024-07-14 20:09:12,0.138136
2024-07-14 20:09:13,0.070488
2024-07-14 20:09:14,0.019408
2024-07-14 20:09:15,0.040288
2024-07-14 20:09:16,0.04036
2024-07-14 20:09:17,0.038832
2024-07-14 20:09:18,0.124464
2024-07-14 20:09:19,0.172856
2024-07-14 20:09:20,0.200592
2024-07-14 20:09:21,0.253192
2024-07-14 20:09:22,0.24536
2024-07-14 20:09:23,0.24248
2024-07-14 20:09:24,0.283096
2024-07-14 20:09:25,0.256704
2024-07-14 20:09:26,0.310576
2024-07-14 20:09:27,0.276608
2024-07-14 20:09:28,0.304112
2024-07-14 20:09:29,0.329592
2024-07-14 20:09:30,0.348968
2024-07-14 20:09:31,0.360352
2024-07-14 20:09:32,0.285432
2024-07-14 20:09:33,0.229392
2024-07-14 20:09:34,0.323144
2024-07-14 20:09:35,0.29008
2024-07-14 20:09:36,0.297408
2024-07-14 20:09:37,0.290224
2024-07-14 20:09:38,0.290416
2024-07-14 20:09:39,0.280256
2024-07-14 20:09:40,0.224728
2024-07-14 20:09:41,0.196976
2024-07-14 20:09:42,0.189728
2024-07-14 20:09:43,0.147928
2024-07-14 20:09:44,0.126616
2024-07-14 20:09:45,0.1282
2024-07-14 20:09:46,0.12376
2024-07-14 20:09:47,0.132864
2024-07-14 20:09:48,0.0608
2024-07-14 20:09:49,0.031008
2024-07-14 20:09:50,0.09344
2024-07-14 20:09:51,0.119896
2024-07-14 20:09:52,0.030392
2024-07-14 20:09:53,0.085
2024-07-14 20:09:54,0.048552
2024-07-14 20:09:55,0.037792
2024-07-14 20:09:56,0.027616
2024-07-14 20:09:57,0.02224
2024-07-14 20:09:58,0.035208
2024-07-14 20:09:59,0.037512
2024-07-14 20:10:00,0.042296
2024-07-14 20:10:01,0.04212
2024-07-14 20:10:02,0.031768
2024-07-14 20:10:03,0.039832
2024-07-14 20:10:04,0.058184
2024-07-14 20:10:05,0.048912
2024-07-14 20:10:06,0.046896
2024-07-14 20:10:07,0.044912
2024-07-14 20:10:08,0.060848
2024-07-14 20:10:09,0.028672
2024-07-14 20:10:10,0.061552
2024-07-14 20:10:11,0.063096
2024-07-14 20:10:12,0.053336
2024-07-14 20:10:13,0.030056
2024-07-14 20:10:14,0.01068
2024-07-14 20:10:15,0.014552
2024-07-14 20:10:16,0.01268
2024-07-14 20:10:17,0.020016
2024-07-14 20:10:18,0.013784
2024-07-14 20:10:19,0.013056
2024-07-14 20:10:20,0.016368
2024-07-14 20:10:21,0.029392
2024-07-14 20:10:22,0.01948
2024-07-14 20:10:23,0.013056
2024-07-14 20:10:24,0.011944
2024-07-14 20:10:25,0.024184
2024-07-14 20:10:26,0.02348
2024-07-14 20:10:27,0.023744
2024-07-14 20:10:28,0.027424
2024-07-14 20:10:29,0.01772
2024-07-14 20:10:30,0.037528
2024-07-14 20:10:31,0.02256
2024-07-14 20:10:32,0.035184
2024-07-14 20:10:33,0.04
2024-07-14 20:10:34,0.016248
2024-07-14 20:10:35,0.043224
2024-07-14 20:10:36,0.024976
2024-07-14 20:10:37,0.03036
2024-07-14 20:10:38,0.016864
2024-07-14 20:10:39,0.021752
2024-07-14 20:10:40,0.063232
2024-07-14 20:10:41,0.074552
2024-07-14 20:10:42,0.024408
2024-07-14 20:10:43,0.043576
2024-07-14 20:10:44,0.024808
2024-07-14 20:10:45,0.033296
2024-07-14 20:10:46,0.066024
2024-07-14 20:10:47,0.165696
2024-07-14 20:10:48,0.2004
2024-07-14 20:10:49,0.19808
2024-07-14 20:10:50,0.2688
2024-07-14 20:10:51,0.286512
2024-07-14 20:10:52,0.329712
2024-07-14 20:10:53,0.317992
2024-07-14 20:10:54,0.250488
2024-07-14 20:10:55,0.341872
2024-07-14 20:10:56,0.269688
2024-07-14 20:10:57,0.305768
2024-07-14 20:10:58,0.26144
2024-07-14 20:10:59,0.324472
2024-07-14 20:11:00,0.38468
2024-07-14 20:11:01,0.373544
2024-07-14 20:11:02,0.38368
2024-07-14 20:11:03,0.33516
2024-07-14 20:11:04,0.413744
2024-07-14 20:11:05,0.28048
2024-07-14 20:11:06,0.229096
2024-07-14 20:11:07,0.275768
2024-07-14 20:11:08,0.31556
2024-07-14 20:11:09,0.325976
2024-07-14 20:11:10,0.210208
2024-07-14 20:11:11,0.184896
2024-07-14 20:11:12,0.117728
2024-07-14 20:11:13,0.171008
2024-07-14 20:11:14,0.13292
2024-07-14 20:11:15,0.111864
2024-07-14 20:11:16,0.104856
2024-07-14 20:11:17,0.039704
2024-07-14 20:11:18,0.03076
2024-07-14 20:11:19,0.087632
2024-07-14 20:11:20,0.047192
2024-07-14 20:11:21,0.017632
2024-07-14 20:11:22,0.019016
2024-07-14 20:11:23,0.019432
2024-07-14 20:11:24,0.010888
2024-07-14 20:12:09,0.241912
2024-07-14 20:12:10,0.005336
2024-07-14 20:12:11,0.068336
2024-07-14 20:12:12,0.017984
2024-07-14 20:12:13,0.057432
2024-07-14 20:12:14,0.041488
2024-07-14 20:12:15,0.379928
2024-07-14 20:12:16,0.05704
2024-07-14 20:12:17,0.02456
2024-07-14 20:12:18,0.02668
2024-07-14 20:12:19,0.0232
2024-07-14 20:12:20,0.029792
2024-07-14 20:12:21,0.029808
2024-07-14 20:12:22,0.029888
2024-07-14 20:12:23,0.028192
2024-07-14 20:12:24,0.032
2024-07-14 20:12:25,0.028736
2024-07-14 20:12:26,0.032656
2024-07-14 20:12:27,0.034536
2024-07-14 20:12:28,0.03184
2024-07-14 20:12:29,0.027304
2024-07-14 20:12:30,0.036592
2024-07-14 20:12:31,0.02416
2024-07-14 20:12:32,0.10936
2024-07-14 20:12:33,0.010968
2024-07-14 20:12:34,0.005608
2024-07-14 20:12:35,0.00404
2024-07-14 20:12:36,0.007672
2024-07-14 20:12:37,0.003944
2024-07-14 20:12:38,0.014808
2024-07-14 20:12:39,0.006776
2024-07-14 20:12:40,0.012736
2024-07-14 20:12:41,0.008608
2024-07-14 20:12:42,0.015024
2024-07-14 20:12:43,0.019808
2024-07-14 20:12:44,0.004576
2024-07-14 20:12:45,0.002216
2024-07-14 20:12:46,0.004088
2024-07-14 20:12:47,0.002216
2024-07-14 20:12:48,0.009152
2024-07-14 20:12:49,0.003192
2024-07-14 20:12:50,0.004576
2024-07-14 20:12:51,0.003192
2024-07-14 20:12:52,0.00636
2024-07-14 20:12:53,0.010016
2024-07-14 20:12:54,0.004088
2024-07-14 20:12:55,0.003248
2024-07-14 20:12:56,0.004576
2024-07-14 20:12:57,0.002216
2024-07-14 20:12:58,0.007344
2024-07-14 20:12:59,0.021552
2024-07-14 20:13:00,0.02148
2024-07-14 20:13:01,0.019008
2024-07-14 20:13:02,0.017048
2024-07-14 20:13:03,0.010728
2024-07-14 20:13:04,0.012344
2024-07-14 20:13:05,0.015864
2024-07-14 20:13:06,0.009392
2024-07-14 20:13:07,0.002216
2024-07-14 20:13:08,0.029264
2024-07-14 20:13:09,0.013576
2024-07-14 20:13:10,0.084952
2024-07-14 20:13:11,0.064648
2024-07-14 20:13:12,0.065168
2024-07-14 20:13:13,0.026352
2024-07-14 20:13:14,0.005608
2024-07-14 20:13:15,0.003304
2024-07-14 20:13:16,0.075088
2024-07-14 20:13:17,0.01164
2024-07-14 20:13:18,0.00976
2024-07-14 20:13:19,0.016624
2024-07-14 20:13:20,0.04252
2024-07-14 20:13:21,0.046992
2024-07-14 20:13:22,0.050528
2024-07-14 20:13:23,0.040368
2024-07-14 20:13:24,0.04928
2024-07-14 20:13:25,0.051608
2024-07-14 20:13:26,0.055248
2024-07-14 20:13:27,0.093104
2024-07-14 20:13:28,0.080704
2024-07-14 20:13:29,0.119384
2024-07-14 20:13:30,0.106632
2024-07-14 20:13:31,0.07928
2024-07-14 20:13:32,0.063176
2024-07-14 20:13:33,0.073
2024-07-14 20:13:34,0.063008
2024-07-14 20:13:35,0.066904
2024-07-14 20:13:36,0.050848
2024-07-14 20:13:37,0.039984
2024-07-14 20:13:38,0.027608
2024-07-14 20:13:39,0.0466
2024-07-14 20:13:40,0.048512
2024-07-14 20:13:41,0.122792
2024-07-14 20:13:42,0.040992
2024-07-14 20:13:43,0.03724
2024-07-14 20:13:44,0.02788
2024-07-14 20:13:45,0.058144
2024-07-14 20:13:46,0.062264
2024-07-14 20:13:47,0.037544
2024-07-14 20:13:48,0.06056
2024-07-14 20:13:49,0.033704
2024-07-14 20:13:50,0.028008
2024-07-14 20:13:51,0.020336
2024-07-14 20:13:52,0.017376
2024-07-14 20:13:53,0.013096
2024-07-14 20:13:54,0.009032
2024-07-14 20:13:55,0.00856
2024-07-14 20:13:56,0.107328
2024-07-14 20:13:57,0.04916
2024-07-14 20:13:58,0.069288
2024-07-14 20:13:59,0.046888
2024-07-14 20:14:00,0.064768
2024-07-14 20:14:01,0.07148
2024-07-14 20:14:02,0.070032
2024-07-14 20:14:03,0.06444
2024-07-14 20:14:04,0.090592
2024-07-14 20:14:05,0.105448
2024-07-14 20:14:06,0.117952
2024-07-14 20:14:07,0.099512
2024-07-14 20:14:08,0.129944
2024-07-14 20:14:09,0.110344
2024-07-14 20:14:10,0.094584
2024-07-14 20:14:11,0.059632
2024-07-14 20:14:12,0.030288
2024-07-14 20:14:13,0.08344
2024-07-14 20:14:14,0.162248
2024-07-14 20:14:15,0.044696
2024-07-14 20:14:16,0.049536
2024-07-14 20:14:17,0.045712
2024-07-14 20:14:18,0.053936
2024-07-14 20:14:19,0.023496
2024-07-14 20:14:20,0.050624
2024-07-14 20:14:21,0.028472
2024-07-14 20:14:22,0.043776
2024-07-14 20:14:23,0.0522
2024-07-14 20:14:24,0.05804
2024-07-14 20:14:25,0.042008
2024-07-14 20:14:26,0.048552
2024-07-14 20:14:27,0.060944
2024-07-14 20:14:28,0.039336
2024-07-14 20:14:29,0.032704
2024-07-14 20:14:30,0.021728
2024-07-14 20:14:31,0.035408
2024-07-14 20:14:32,0.031184
2024-07-14 20:14:33,0.026488
2024-07-14 20:14:34,0.154096
2024-07-14 20:14:35,0.028488
2024-07-14 20:14:36,0.031592
2024-07-14 20:14:37,0.04412
2024-07-14 20:14:38,0.095128
2024-07-14 20:14:39,0.086496
2024-07-14 20:14:40,0.079576
2024-07-14 20:14:41,0.089944
2024-07-14 20:14:42,0.129376
2024-07-14 20:14:43,0.122296
2024-07-14 20:14:44,0.152848
2024-07-14 20:14:45,0.128784
2024-07-14 20:14:46,0.14548
2024-07-14 20:14:47,0.079536
2024-07-14 20:14:48,0.052208
2024-07-14 20:14:49,0.048512
2024-07-14 20:14:50,0.121968
2024-07-14 20:14:51,0.083872
2024-07-14 20:14:52,0.085192
2024-07-14 20:14:53,0.018992
2024-07-14 20:14:54,0.014216
2024-07-14 20:14:55,0.013624
2024-07-14 20:14:56,0.024112
2024-07-14 20:14:57,0.018496
2024-07-14 20:14:58,0.03884
2024-07-14 20:14:59,0.014808
2024-07-14 20:15:00,0.037792
2024-07-14 20:15:01,0.04408
2024-07-14 20:15:02,0.078416
2024-07-14 20:15:03,0.123152
2024-07-14 20:15:04,0.073624
2024-07-14 20:15:05,0.04468
2024-07-14 20:15:06,0.022848
2024-07-14 20:15:07,0.059552
2024-07-14 20:15:08,0.050856
2024-07-14 20:15:09,0.042776
2024-07-14 20:15:10,0.049384
2024-07-14 20:15:11,0.04992
2024-07-14 20:15:12,0.029856
2024-07-14 20:15:13,0.052984
2024-07-14 20:15:14,0.0188
2024-07-14 20:15:15,0.02868
2024-07-14 20:15:16,0.044256
2024-07-14 20:15:17,0.025408
2024-07-14 20:15:18,0.021824
2024-07-14 20:15:19,0.026416
2024-07-14 20:15:20,0.038184
2024-07-14 20:15:21,0.028536
2024-07-14 20:15:22,0.024896
2024-07-14 20:15:23,0.023968
2024-07-14 20:15:24,0.024272
2024-07-14 20:15:25,0.027944
2024-07-14 20:15:26,0.020352
2024-07-14 20:15:27,0.028544
2024-07-14 20:15:28,0.027576
2024-07-14 20:15:29,0.020768
2024-07-14 20:15:30,0.020896
2024-07-14 20:15:31,0.031824
2024-07-14 20:15:32,0.026736
2024-07-14 20:15:33,0.018768
2024-07-14 20:15:34,0.031592
2024-07-14 20:15:35,0.028784
2024-07-14 20:15:36,0.029048
2024-07-14 20:15:37,0.018768
2024-07-14 20:15:38,0.038664
2024-07-14 20:15:39,0.030696
2024-07-14 20:15:40,0.028064
2024-07-14 20:15:41,0.143888
2024-07-14 20:15:42,0.08
2024-07-14 20:15:43,0.02432
2024-07-14 20:15:44,0.050304
2024-07-14 20:15:45,0.043368
2024-07-14 20:15:46,0.021808
2024-07-14 20:15:47,0.071312
2024-07-14 20:15:48,0.068448
2024-07-14 20:15:49,0.06768
2024-07-14 20:15:50,0.080712
2024-07-14 20:15:51,0.093048
2024-07-14 20:15:52,0.11436
2024-07-14 20:15:53,0.138664
2024-07-14 20:15:54,0.116816
2024-07-14 20:15:55,0.135632
2024-07-14 20:15:56,0.120648
2024-07-14 20:15:57,0.094656
2024-07-14 20:15:58,0.10064
2024-07-14 20:15:59,0.092448
2024-07-14 20:16:00,0.074952
2024-07-14 20:16:01,0.089024
2024-07-14 20:16:02,0.082984
2024-07-14 20:16:03,0.08048
2024-07-14 20:16:04,0.097464
2024-07-14 20:16:05,0.077248
2024-07-14 20:16:06,0.062448
2024-07-14 20:16:07,0.07008
2024-07-14 20:16:08,0.058152
2024-07-14 20:16:09,0.040952
2024-07-14 20:16:10,0.012312
2024-07-14 20:16:11,0.049288
2024-07-14 20:16:12,0.241064
2024-07-14 20:16:13,0.036096
2024-07-14 20:16:14,0.159864
2024-07-14 20:16:15,0.077768
2024-07-14 20:16:16,0.071296
2024-07-14 20:16:17,0.040416
2024-07-14 20:16:18,0.056096
2024-07-14 20:16:19,0.060976
2024-07-14 20:16:20,0.052912
2024-07-14 20:16:21,0.048032
2024-07-14 20:16:22,0.021096
2024-07-14 20:16:23,0.025024
2024-07-14 20:16:24,0.048176
2024-07-14 20:16:25,0.037432
2024-07-14 20:16:26,0.0248
2024-07-14 20:16:27,0.018544
2024-07-14 20:16:28,0.024784
2024-07-14 20:16:29,0.0142
2024-07-14 20:16:30,0.040056
2024-07-14 20:16:31,0.020608
2024-07-14 20:16:32,0.021312
2024-07-14 20:16:33,0.009584
2024-07-14 20:16:34,0.011792
2024-07-14 20:16:35,0.01068
2024-07-14 20:16:36,0.013056
2024-07-14 20:16:37,0.017128
2024-07-14 20:16:38,0.016688
2024-07-14 20:16:39,0.015984
2024-07-14 20:16:40,0.021112
2024-07-14 20:16:41,0.018856
2024-07-14 20:16:42,0.011688
2024-07-14 20:16:43,0.021792
2024-07-14 20:16:44,0.141448
2024-07-14 20:16:45,0.082664
2024-07-14 20:16:46,0.024264
2024-07-14 20:16:47,0.048968
2024-07-14 20:16:48,0.034176
2024-07-14 20:16:49,0.020648
2024-07-14 20:16:50,0.05644
2024-07-14 20:16:51,0.067448
2024-07-14 20:16:52,0.075304
2024-07-14 20:16:53,0.093888
2024-07-14 20:16:54,0.096608
2024-07-14 20:16:55,0.136072
2024-07-14 20:16:56,0.134608
2024-07-14 20:16:57,0.137416
2024-07-14 20:16:58,0.195328
2024-07-14 20:16:59,0.153256
2024-07-14 20:17:00,0.139856
2024-07-14 20:17:01,0.111536
2024-07-14 20:17:02,0.093792
2024-07-14 20:17:03,0.092184
2024-07-14 20:17:04,0.08604
2024-07-14 20:17:05,0.118472
2024-07-14 20:17:06,0.084344
2024-07-14 20:17:07,0.086536
2024-07-14 20:17:08,0.098456
2024-07-14 20:17:09,0.068376
2024-07-14 20:17:10,0.080632
2024-07-14 20:17:11,0.065408
2024-07-14 20:17:12,0.058504
2024-07-14 20:17:13,0.046616
2024-07-14 20:17:14,0.057048
2024-07-14 20:17:15,0.060536
2024-07-14 20:17:16,0.059952
2024-07-14 20:17:17,0.0734
2024-07-14 20:17:18,0.06348
2024-07-14 20:17:19,0.069264
2024-07-14 20:17:20,0.048848
2024-07-14 20:17:21,0.05376
2024-07-14 20:17:22,0.06456
2024-07-14 20:17:23,0.0836
2024-07-14 20:17:24,0.083616
2024-07-14 20:17:25,0.084232
2024-07-14 20:17:26,0.018816
2024-07-14 20:17:27,0.034048
2024-07-14 20:17:28,0.24524
2024-07-14 20:17:29,0.033656
2024-07-14 20:17:30,0.138808
2024-07-14 20:17:31,0.0672
2024-07-14 20:17:32,0.061592
2024-07-14 20:17:33,0.052168
2024-07-14 20:17:34,0.066256
2024-07-14 20:17:35,0.07504
2024-07-14 20:17:36,0.045192
2024-07-14 20:17:37,0.038056
2024-07-14 20:17:38,0.069872
2024-07-14 20:17:39,0.055112
2024-07-14 20:17:40,0.033528
2024-07-14 20:17:41,0.048128
2024-07-14 20:17:42,0.030856
2024-07-14 20:17:43,0.01852
2024-07-14 20:17:44,0.028192
2024-07-14 20:17:45,0.014168
2024-07-14 20:17:46,0.014464
2024-07-14 20:17:47,0.01984
2024-07-14 20:17:48,0.028264
2024-07-14 20:17:49,0.01232
2024-07-14 20:17:50,0.015576
2024-07-14 20:17:51,0.012416
2024-07-14 20:17:52,0.024584
2024-07-14 20:17:53,0.01892
2024-07-14 20:17:54,0.012896
2024-07-14 20:17:55,0.019616
2024-07-14 20:17:56,0.009584
2024-07-14 20:17:57,0.011792
2024-07-14 20:17:58,0.01068
2024-07-14 20:17:59,0.013056
2024-07-14 20:18:00,0.086432
2024-07-14 20:18:01,0.110032
2024-07-14 20:18:02,0.065672
2024-07-14 20:18:03,0.02016
2024-07-14 20:18:04,0.052616
2024-07-14 20:18:05,0.0252
2024-07-14 20:18:06,0.026856
2024-07-14 20:18:07,0.059832
2024-07-14 20:18:08,0.087632
2024-07-14 20:18:09,0.080608
2024-07-14 20:18:10,0.09012
2024-07-14 20:18:11,0.123688
2024-07-14 20:18:12,0.144752
2024-07-14 20:18:13,0.145136
2024-07-14 20:18:14,0.1654
2024-07-14 20:18:15,0.180352
2024-07-14 20:18:16,0.142512
2024-07-14 20:18:17,0.10912
2024-07-14 20:18:18,0.109408
2024-07-14 20:18:19,0.101704
2024-07-14 20:18:20,0.115032
2024-07-14 20:18:21,0.145792
2024-07-14 20:18:22,0.112072
2024-07-14 20:18:23,0.098736
2024-07-14 20:18:24,0.095696
2024-07-14 20:18:25,0.114536
2024-07-14 20:18:26,0.111704
2024-07-14 20:18:27,0.127912
2024-07-14 20:18:28,0.08728
2024-07-14 20:18:29,0.071016
2024-07-14 20:18:30,0.07836
2024-07-14 20:18:31,0.102088
2024-07-14 20:18:32,0.112968
2024-07-14 20:18:33,0.081352
2024-07-14 20:18:34,0.093384
2024-07-14 20:18:35,0.083112
2024-07-14 20:18:36,0.092176
2024-07-14 20:18:37,0.08228
2024-07-14 20:18:38,0.050456
2024-07-14 20:18:39,0.057528
2024-07-14 20:18:40,0.053688
2024-07-14 20:18:41,0.058456
2024-07-14 20:18:42,0.071008
2024-07-14 20:18:43,0.066832
2024-07-14 20:18:44,0.051304
2024-07-14 20:18:45,0.048856
2024-07-14 20:18:46,0.053912
2024-07-14 20:18:47,0.019712
2024-07-14 20:18:48,0.037872
2024-07-14 20:18:49,0.023288
2024-07-14 20:18:50,0.250224
2024-07-14 20:18:51,0.027784
2024-07-14 20:18:52,0.09056
2024-07-14 20:18:53,0.0486
2024-07-14 20:18:54,0.044728
2024-07-14 20:18:55,0.03636
2024-07-14 20:18:56,0.029344
2024-07-14 20:18:57,0.026184
2024-07-14 20:18:58,0.031264
2024-07-14 20:18:59,0.036056
2024-07-14 20:19:00,0.04688
2024-07-14 20:19:01,0.047096
2024-07-14 20:19:02,0.045976
2024-07-14 20:19:03,0.042976
2024-07-14 20:19:04,0.050064
2024-07-14 20:19:05,0.055408
2024-07-14 20:19:06,0.056936
2024-07-14 20:19:07,0.048944
2024-07-14 20:19:08,0.046872
2024-07-14 20:19:09,0.061072
2024-07-14 20:19:10,0.066216
2024-07-14 20:19:11,0.059248
2024-07-14 20:19:12,0.065768
2024-07-14 20:19:13,0.060456
2024-07-14 20:19:14,0.057848
2024-07-14 20:19:15,0.056896
2024-07-14 20:19:16,0.05868
2024-07-14 20:19:17,0.057696
2024-07-14 20:19:18,0.061664
2024-07-14 20:19:19,0.059312
2024-07-14 20:19:20,0.052488
2024-07-14 20:19:21,0.0478
2024-07-14 20:19:22,0.052632
2024-07-14 20:19:23,0.051864
2024-07-14 20:19:24,0.04956
2024-07-14 20:19:25,0.091344
2024-07-14 20:19:26,0.031248
2024-07-14 20:19:27,0.078496
2024-07-14 20:19:28,0.118104
2024-07-14 20:19:29,0.101312
2024-07-14 20:19:30,0.06512
2024-07-14 20:19:31,0.038728
2024-07-14 20:19:32,0.052416
2024-07-14 20:19:33,0.029096
2024-07-14 20:19:34,0.046848
2024-07-14 20:19:35,0.045032
2024-07-14 20:19:36,0.029592
2024-07-14 20:19:37,0.053208
2024-07-14 20:19:38,0.038048
2024-07-14 20:19:39,0.052104
2024-07-14 20:19:40,0.05656
2024-07-14 20:19:41,0.034456
2024-07-14 20:19:42,0.029992
2024-07-14 20:19:43,0.015776
2024-07-14 20:19:44,0.028448
2024-07-14 20:19:45,0.04036
2024-07-14 20:19:46,0.013312
2024-07-14 20:19:47,0.019984
2024-07-14 20:19:48,0.019224
2024-07-14 20:19:49,0.035784
2024-07-14 20:19:50,0.024
2024-07-14 20:19:51,0.02064
2024-07-14 20:19:52,0.029552
2024-07-14 20:19:53,0.021144
2024-07-14 20:19:54,0.033728
2024-07-14 20:19:55,0.017816
2024-07-14 20:19:56,0.01352
2024-07-14 20:19:57,0.150144
2024-07-14 20:19:58,0.10792
2024-07-14 20:19:59,0.0226
2024-07-14 20:20:00,0.054256
2024-07-14 20:20:01,0.031528
2024-07-14 20:20:02,0.027256
2024-07-14 20:20:03,0.051632
2024-07-14 20:20:04,0.070776
2024-07-14 20:20:05,0.080784
2024-07-14 20:20:06,0.090568
2024-07-14 20:20:07,0.110992
2024-07-14 20:20:08,0.144584
2024-07-14 20:20:09,0.16872
2024-07-14 20:20:10,0.143888
2024-07-14 20:20:11,0.169136
2024-07-14 20:20:12,0.163688
2024-07-14 20:20:13,0.139072
2024-07-14 20:20:14,0.108448
2024-07-14 20:20:15,0.106976
2024-07-14 20:20:16,0.11848
2024-07-14 20:20:17,0.102016
2024-07-14 20:20:18,0.082992
2024-07-14 20:20:19,0.084456
2024-07-14 20:20:20,0.097016
2024-07-14 20:20:21,0.156272
2024-07-14 20:20:22,0.085832
2024-07-14 20:20:23,0.066408
2024-07-14 20:20:24,0.0534
2024-07-14 20:20:25,0.084488
2024-07-14 20:20:26,0.05188
2024-07-14 20:20:27,0.05032
2024-07-14 20:20:28,0.030888
2024-07-14 20:20:29,0.046864
2024-07-14 20:20:30,0.028576
2024-07-14 20:20:31,0.020952
2024-07-14 20:20:32,0.031896
2024-07-14 20:20:33,0.03656
2024-07-14 20:20:34,0.277624
2024-07-14 20:20:35,0.039808
2024-07-14 20:20:36,0.093336
2024-07-14 20:20:37,0.114024
2024-07-14 20:20:38,0.064984
2024-07-14 20:20:39,0.038528
2024-07-14 20:20:40,0.026576
2024-07-14 20:20:41,0.041624
2024-07-14 20:20:42,0.038936
2024-07-14 20:20:43,0.022464
2024-07-14 20:20:44,0.013128
2024-07-14 20:20:45,0.038912
2024-07-14 20:20:46,0.02164
2024-07-14 20:20:47,0.043272
2024-07-14 20:20:48,0.035664
2024-07-14 20:20:49,0.024376
2024-07-14 20:20:50,0.0214
2024-07-14 20:20:51,0.017296
2024-07-14 20:20:52,0.022256
2024-07-14 20:20:53,0.013056
2024-07-14 20:20:54,0.028104
2024-07-14 20:20:55,0.022976
2024-07-14 20:20:56,0.016432
2024-07-14 20:20:57,0.017936
2024-07-14 20:20:58,0.02612
2024-07-14 20:20:59,0.031952
2024-07-14 20:21:00,0.018776
2024-07-14 20:21:01,0.042248
2024-07-14 20:21:02,0.029496
2024-07-14 20:21:03,0.022472
2024-07-14 20:21:04,0.030088
2024-07-14 20:21:05,0.023064
2024-07-14 20:21:06,0.035288
2024-07-14 20:21:07,0.173456
2024-07-14 20:21:08,0.140168
2024-07-14 20:21:09,0.054424
2024-07-14 20:21:10,0.115336
2024-07-14 20:21:11,0.046112
2024-07-14 20:21:12,0.018976
2024-07-14 20:21:13,0.073008
2024-07-14 20:21:14,0.08104
2024-07-14 20:21:15,0.085632
2024-07-14 20:21:16,0.118688
2024-07-14 20:21:17,0.129952
2024-07-14 20:21:18,0.15624
2024-07-14 20:21:19,0.165488
2024-07-14 20:21:20,0.178104
2024-07-14 20:21:21,0.17924
2024-07-14 20:21:22,0.159432
2024-07-14 20:21:23,0.168136
2024-07-14 20:21:24,0.145432
2024-07-14 20:21:25,0.11268
2024-07-14 20:21:26,0.126304
2024-07-14 20:21:27,0.131776
2024-07-14 20:21:28,0.141336
2024-07-14 20:21:29,0.148296
2024-07-14 20:21:30,0.125344
2024-07-14 20:21:31,0.12516
2024-07-14 20:21:32,0.122128
2024-07-14 20:21:33,0.053344
2024-07-14 20:21:34,0.074168
2024-07-14 20:21:35,0.027968
2024-07-14 20:21:36,0.039472
2024-07-14 20:21:37,0.051768
2024-07-14 20:21:38,0.266928
2024-07-14 20:21:39,0.033176
2024-07-14 20:21:40,0.255392
2024-07-14 20:21:41,0.080144
2024-07-14 20:21:42,0.054992
2024-07-14 20:21:43,0.047528
2024-07-14 20:21:44,0.041248
2024-07-14 20:21:45,0.037744
2024-07-14 20:21:46,0.0536
2024-07-14 20:21:47,0.040088
2024-07-14 20:21:48,0.056064
2024-07-14 20:21:49,0.047552
2024-07-14 20:21:50,0.029512
2024-07-14 20:21:51,0.018872
2024-07-14 20:21:52,0.040272
2024-07-14 20:21:53,0.03924
2024-07-14 20:21:54,0.040656
2024-07-14 20:21:55,0.019952
2024-07-14 20:21:56,0.01068
2024-07-14 20:21:57,0.01656
2024-07-14 20:21:58,0.01972
2024-07-14 20:21:59,0.041328
2024-07-14 20:22:00,0.102992
2024-07-14 20:22:01,0.025968
2024-07-14 20:22:02,0.020408
2024-07-14 20:22:03,0.077432
2024-07-14 20:22:04,0.096624
2024-07-14 20:22:05,0.0808
2024-07-14 20:22:06,0.107976
2024-07-14 20:22:07,0.13612
2024-07-14 20:22:08,0.152336
2024-07-14 20:22:09,0.176072
2024-07-14 20:22:10,0.161752
2024-07-14 20:22:11,0.166912
2024-07-14 20:22:12,0.189824
2024-07-14 20:22:13,0.187064
2024-07-14 20:22:14,0.177816
2024-07-14 20:22:15,0.152536
2024-07-14 20:22:16,0.185072
2024-07-14 20:22:17,0.151168
2024-07-14 20:22:18,0.110904
2024-07-14 20:22:19,0.109432
2024-07-14 20:22:20,0.08572
2024-07-14 20:22:21,0.101144
2024-07-14 20:22:22,0.102464
2024-07-14 20:22:23,0.073736
2024-07-14 20:22:24,0.066464
2024-07-14 20:22:25,0.040248
2024-07-14 20:22:26,0.046136
2024-07-14 20:22:27,0.039424
2024-07-14 20:22:28,0.044496
2024-07-14 20:22:29,0.062704
2024-07-14 20:22:30,0.027016
2024-07-14 20:22:31,0.026288
2024-07-14 20:22:32,0.039936
2024-07-14 20:22:33,0.03056
2024-07-14 20:22:34,0.040648
2024-07-14 20:22:35,0.039816
2024-07-14 20:22:36,0.043744
2024-07-14 20:22:37,0.031816
2024-07-14 20:22:38,0.194264
2024-07-14 20:22:39,0.101088
2024-07-14 20:22:40,0.096784
2024-07-14 20:22:41,0.116776
2024-07-14 20:22:42,0.040064
2024-07-14 20:22:43,0.026544
2024-07-14 20:22:44,0.0466
2024-07-14 20:22:45,0.03428
2024-07-14 20:22:46,0.029896
2024-07-14 20:22:47,0.03688
2024-07-14 20:22:48,0.025528
2024-07-14 20:22:49,0.016368
2024-07-14 20:22:50,0.03196
2024-07-14 20:22:51,0.025128
2024-07-14 20:22:52,0.020624
2024-07-14 20:22:53,0.01836
2024-07-14 20:22:54,0.01764
2024-07-14 20:22:55,0.01068
2024-07-14 20:22:56,0.013056
2024-07-14 20:22:57,0.01656
2024-07-14 20:22:58,0.017144
2024-07-14 20:22:59,0.017088
2024-07-14 20:23:00,0.014936
2024-07-14 20:23:01,0.019808
2024-07-14 20:23:02,0.020696
2024-07-14 20:23:03,0.018704
2024-07-14 20:23:04,0.02156
2024-07-14 20:23:05,0.028368
2024-07-14 20:23:06,0.035144
2024-07-14 20:23:07,0.01716
2024-07-14 20:23:08,0.029384
2024-07-14 20:23:09,0.105264
2024-07-14 20:23:10,0.149864
2024-07-14 20:23:11,0.050776
2024-07-14 20:23:12,0.042808
2024-07-14 20:23:13,0.054688
2024-07-14 20:23:14,0.022736
2024-07-14 20:23:15,0.028584
2024-07-14 20:23:16,0.076776
2024-07-14 20:23:17,0.084456
2024-07-14 20:23:18,0.091696
2024-07-14 20:23:19,0.146896
2024-07-14 20:23:20,0.154776
2024-07-14 20:23:21,0.15524
2024-07-14 20:23:22,0.172048
2024-07-14 20:23:23,0.189824
2024-07-14 20:23:24,0.167512
2024-07-14 20:23:25,0.127616
2024-07-14 20:23:26,0.126168
2024-07-14 20:23:27,0.112848
2024-07-14 20:23:28,0.094264
2024-07-14 20:23:29,0.118344
2024-07-14 20:23:30,0.073216
2024-07-14 20:23:31,0.067152
2024-07-14 20:23:32,0.115864
2024-07-14 20:23:33,0.080312
2024-07-14 20:23:34,0.075384
2024-07-14 20:23:35,0.054472
2024-07-14 20:23:36,0.0528
2024-07-14 20:23:37,0.060176
2024-07-14 20:23:38,0.050656
2024-07-14 20:23:39,0.042936
2024-07-14 20:23:40,0.052
2024-07-14 20:23:41,0.044856
2024-07-14 20:23:42,0.064088
2024-07-14 20:23:43,0.064064
2024-07-14 20:23:44,0.047736
2024-07-14 20:23:45,0.061632
2024-07-14 20:23:46,0.043992
2024-07-14 20:23:47,0.076096
2024-07-14 20:23:48,0.040464
2024-07-14 20:23:49,0.061696
2024-07-14 20:23:50,0.27252
2024-07-14 20:23:51,0.060984
2024-07-14 20:23:52,0.18472
2024-07-14 20:23:53,0.061128
2024-07-14 20:23:54,0.020912
2024-07-14 20:23:55,0.013904
2024-07-14 20:23:56,0.019144
2024-07-14 20:23:57,0.017328
2024-07-14 20:23:58,0.045632
2024-07-14 20:23:59,0.015256
2024-07-14 20:24:00,0.013056
2024-07-14 20:24:01,0.012592
2024-07-14 20:24:02,0.020424
2024-07-14 20:24:03,0.014144
2024-07-14 20:24:04,0.017096
2024-07-14 20:24:05,0.016528
2024-07-14 20:24:06,0.023448
2024-07-14 20:24:07,0.011168
2024-07-14 20:24:08,0.051416
2024-07-14 20:24:09,0.048688
2024-07-14 20:24:10,0.097104
2024-07-14 20:24:11,0.079864
2024-07-14 20:24:12,0.056528
2024-07-14 20:24:13,0.06716
2024-07-14 20:24:14,0.026792
2024-07-14 20:24:15,0.057048
2024-07-14 20:24:16,0.035032
2024-07-14 20:24:17,0.042456
2024-07-14 20:24:18,0.016752
2024-07-14 20:24:19,0.0606
2024-07-14 20:24:20,0.047176
2024-07-14 20:24:21,0.068256
2024-07-14 20:24:22,0.073472
2024-07-14 20:24:23,0.034144
2024-07-14 20:24:24,0.028768
2024-07-14 20:24:25,0.042216
2024-07-14 20:24:26,0.027712
2024-07-14 20:24:27,0.024896
2024-07-14 20:24:28,0.022464
2024-07-14 20:24:29,0.028272
2024-07-14 20:24:30,0.045672
2024-07-14 20:24:31,0.028536
2024-07-14 20:24:32,0.028432
2024-07-14 20:24:33,0.018168
2024-07-14 20:24:34,0.024024
2024-07-14 20:24:35,0.013712
2024-07-14 20:24:36,0.027224
2024-07-14 20:24:37,0.018544
2024-07-14 20:24:38,0.01404
2024-07-14 20:24:39,0.034608
2024-07-14 20:24:40,0.030456
2024-07-14 20:24:41,0.07336
2024-07-14 20:24:42,0.183744
2024-07-14 20:24:43,0.23912
2024-07-14 20:24:44,0.069064
2024-07-14 20:24:45,0.057536
2024-07-14 20:24:46,0.055752
2024-07-14 20:24:47,0.03416
2024-07-14 20:24:48,0.029632
2024-07-14 20:24:49,0.085104
2024-07-14 20:24:50,0.096512
2024-07-14 20:24:51,0.120776
2024-07-14 20:24:52,0.181056
2024-07-14 20:24:53,0.199456
2024-07-14 20:24:54,0.202776
2024-07-14 20:24:55,0.207904
2024-07-14 20:24:56,0.19488
2024-07-14 20:24:57,0.248736
2024-07-14 20:24:58,0.176232
2024-07-14 20:24:59,0.202744
2024-07-14 20:25:00,0.124632
2024-07-14 20:25:01,0.176936
2024-07-14 20:25:02,0.151976
2024-07-14 20:25:03,0.17828
2024-07-14 20:25:04,0.17576
2024-07-14 20:25:05,0.190288
2024-07-14 20:25:06,0.154888
2024-07-14 20:25:07,0.100504
2024-07-14 20:25:08,0.077288
2024-07-14 20:25:09,0.063856
2024-07-14 20:25:10,0.058448
2024-07-14 20:25:11,0.051744
2024-07-14 20:25:12,0.070888
2024-07-14 20:25:13,0.054576
2024-07-14 20:25:14,0.056728
2024-07-14 20:25:15,0.060552
2024-07-14 20:25:16,0.040768
2024-07-14 20:25:17,0.042128
2024-07-14 20:25:18,0.056352
2024-07-14 20:25:19,0.042952
2024-07-14 20:25:20,0.048616
2024-07-14 20:25:21,0.032432
2024-07-14 20:25:22,0.045192
2024-07-14 20:25:23,0.033288
2024-07-14 20:25:24,0.062376
2024-07-14 20:25:25,0.298936
2024-07-14 20:25:26,0.035536
2024-07-14 20:25:27,0.229064
2024-07-14 20:25:28,0.046392
2024-07-14 20:25:29,0.040744
2024-07-14 20:25:30,0.071408
2024-07-14 20:25:31,0.025936
2024-07-14 20:25:32,0.189088
2024-07-14 20:25:33,0.189144
2024-07-14 20:25:34,0.158632
2024-07-14 20:25:35,0.110432
2024-07-14 20:25:36,0.054384
2024-07-14 20:25:37,0.037352
2024-07-14 20:25:38,0.03832
2024-07-14 20:25:39,0.043072
2024-07-14 20:25:40,0.026696
2024-07-14 20:25:41,0.027944
2024-07-14 20:25:42,0.062888
2024-07-14 20:25:43,0.06248
2024-07-14 20:25:44,0.030224
2024-07-14 20:25:45,0.024264
2024-07-14 20:25:46,0.032832
2024-07-14 20:25:47,0.0254
2024-07-14 20:25:48,0.027832
2024-07-14 20:25:49,0.01628
2024-07-14 20:25:50,0.026648
2024-07-14 20:25:51,0.019072
2024-07-14 20:25:52,0.027416
2024-07-14 20:25:53,0.034512
2024-07-14 20:25:54,0.031104
2024-07-14 20:25:55,0.012416
2024-07-14 20:25:56,0.020456
2024-07-14 20:25:57,0.016952
2024-07-14 20:25:58,0.013712
2024-07-14 20:25:59,0.017848
2024-07-14 20:26:00,0.021624
2024-07-14 20:26:01,0.017816
2024-07-14 20:26:02,0.019304
2024-07-14 20:26:03,0.011792
2024-07-14 20:26:04,0.01068
2024-07-14 20:26:05,0.02432
2024-07-14 20:26:06,0.028616
2024-07-14 20:26:07,0.02312
2024-07-14 20:26:08,0.024368
2024-07-14 20:26:09,0.028088
2024-07-14 20:26:10,0.015256
2024-07-14 20:26:11,0.169552
2024-07-14 20:26:12,0.167776
2024-07-14 20:26:13,0.021888
2024-07-14 20:26:14,0.069936
2024-07-14 20:26:15,0.05216
2024-07-14 20:26:16,0.034352
2024-07-14 20:26:17,0.081048
2024-07-14 20:26:18,0.131168
2024-07-14 20:26:19,0.138096
2024-07-14 20:26:20,0.229032
2024-07-14 20:26:21,0.232968
2024-07-14 20:26:22,0.228968
2024-07-14 20:26:23,0.247592
2024-07-14 20:26:24,0.2544
2024-07-14 20:26:25,0.28128
2024-07-14 20:26:26,0.20368
2024-07-14 20:26:27,0.20496
2024-07-14 20:26:28,0.191264
2024-07-14 20:26:29,0.164272
2024-07-14 20:26:30,0.2458
2024-07-14 20:26:31,0.195688
2024-07-14 20:26:32,0.215944
2024-07-14 20:26:33,0.141312
2024-07-14 20:26:34,0.155392
2024-07-14 20:26:35,0.1422
2024-07-14 20:26:36,0.1374
2024-07-14 20:26:37,0.133664
2024-07-14 20:26:38,0.213536
2024-07-14 20:26:39,0.148648
2024-07-14 20:26:40,0.093048
2024-07-14 20:26:41,0.096992
2024-07-14 20:26:42,0.082296
2024-07-14 20:26:43,0.046736
2024-07-14 20:26:44,0.062064
2024-07-14 20:26:45,0.017496
2024-07-14 20:26:46,0.046032
2024-07-14 20:26:47,0.069704
2024-07-14 20:26:48,0.352912
2024-07-14 20:26:49,0.053248
2024-07-14 20:26:50,0.091
2024-07-14 20:26:51,0.049024
2024-07-14 20:26:52,0.047672
2024-07-14 20:26:53,0.029696
2024-07-14 20:26:54,0.024848
2024-07-14 20:26:55,0.024976
2024-07-14 20:26:56,0.03172
2024-07-14 20:26:57,0.031112
2024-07-14 20:26:58,0.037056
2024-07-14 20:26:59,0.02924
2024-07-14 20:27:00,0.031672
2024-07-14 20:27:01,0.053616
2024-07-14 20:27:02,0.057464
2024-07-14 20:27:03,0.059392
2024-07-14 20:27:04,0.065848
2024-07-14 20:27:05,0.055384
2024-07-14 20:27:06,0.06592
2024-07-14 20:27:07,0.0508
2024-07-14 20:27:08,0.050048
2024-07-14 20:27:09,0.047504
2024-07-14 20:27:10,0.051816
2024-07-14 20:27:11,0.057344
2024-07-14 20:27:12,0.047056
2024-07-14 20:27:13,0.044512
2024-07-14 20:27:14,0.048352
2024-07-14 20:27:15,0.053368
2024-07-14 20:27:16,0.051512
2024-07-14 20:27:17,0.05108
2024-07-14 20:27:18,0.041744
2024-07-14 20:27:19,0.040792
2024-07-14 20:27:20,0.041016
2024-07-14 20:27:21,0.038608
2024-07-14 20:27:22,0.04224
2024-07-14 20:27:23,0.087392
2024-07-14 20:27:24,0.034384
2024-07-14 20:27:25,0.12752
2024-07-14 20:27:26,0.0716
2024-07-14 20:27:27,0.0892
2024-07-14 20:27:28,0.045984
2024-07-14 20:27:29,0.039768
2024-07-14 20:27:30,0.040024
2024-07-14 20:27:31,0.045408
2024-07-14 20:27:32,0.05456
2024-07-14 20:27:33,0.018216
2024-07-14 20:27:34,0.05648
2024-07-14 20:27:35,0.050672
2024-07-14 20:27:36,0.037136
2024-07-14 20:27:37,0.039904
2024-07-14 20:27:38,0.05064
2024-07-14 20:27:39,0.05584
2024-07-14 20:27:40,0.026328
2024-07-14 20:27:41,0.03632
2024-07-14 20:27:42,0.06124
2024-07-14 20:27:43,0.056248
2024-07-14 20:27:44,0.024048
2024-07-14 20:27:45,0.070456
2024-07-14 20:27:46,0.053048
2024-07-14 20:27:47,0.022288
2024-07-14 20:27:48,0.045208
2024-07-14 20:27:49,0.04304
2024-07-14 20:27:50,0.035496
2024-07-14 20:27:51,0.027776
2024-07-14 20:27:52,0.045064
2024-07-14 20:27:53,0.033176
2024-07-14 20:27:54,0.032888
2024-07-14 20:27:55,0.179824
2024-07-14 20:27:56,0.12604
2024-07-14 20:27:57,0.022648
2024-07-14 20:27:58,0.069464
2024-07-14 20:27:59,0.043472
2024-07-14 20:28:00,0.02608
2024-07-14 20:28:01,0.082448
2024-07-14 20:28:02,0.118768
2024-07-14 20:28:03,0.119712
2024-07-14 20:28:04,0.151936
2024-07-14 20:28:05,0.192376
2024-07-14 20:28:06,0.247736
2024-07-14 20:28:07,0.2414
2024-07-14 20:28:08,0.19756
2024-07-14 20:28:09,0.231976
2024-07-14 20:28:10,0.26472
2024-07-14 20:28:11,0.19816
2024-07-14 20:28:12,0.212072
2024-07-14 20:28:13,0.185552
2024-07-14 20:28:14,0.168992
2024-07-14 20:28:15,0.1896
2024-07-14 20:28:16,0.163608
2024-07-14 20:28:17,0.156736
2024-07-14 20:28:18,0.142424
2024-07-14 20:28:19,0.165136
2024-07-14 20:28:20,0.130096
2024-07-14 20:28:21,0.111976
2024-07-14 20:28:22,0.114968
2024-07-14 20:28:23,0.08284
2024-07-14 20:28:24,0.108656
2024-07-14 20:28:25,0.045872
2024-07-14 20:28:26,0.057168
2024-07-14 20:28:27,0.051416
2024-07-14 20:28:28,0.038968
2024-07-14 20:28:29,0.04528
2024-07-14 20:28:30,0.07312
2024-07-14 20:28:31,0.035768
2024-07-14 20:28:32,0.042008
2024-07-14 20:28:33,0.028984
2024-07-14 20:28:34,0.319592
2024-07-14 20:28:35,0.046672
2024-07-14 20:28:36,0.259608
2024-07-14 20:28:37,0.045632
2024-07-14 20:28:38,0.070128
2024-07-14 20:28:39,0.029576
2024-07-14 20:28:40,0.02968
2024-07-14 20:28:41,0.020104
2024-07-14 20:28:42,0.024824
2024-07-14 20:28:43,0.017488
2024-07-14 20:28:44,0.044336
2024-07-14 20:28:45,0.065472
2024-07-14 20:28:46,0.0468
2024-07-14 20:28:47,0.045344
2024-07-14 20:28:48,0.043584
2024-07-14 20:28:49,0.036936
2024-07-14 20:28:50,0.067984
2024-07-14 20:28:51,0.061544
2024-07-14 20:28:52,0.047224
2024-07-14 20:28:53,0.074968
2024-07-14 20:28:54,0.025272
2024-07-14 20:28:55,0.033344
2024-07-14 20:28:56,0.046264
2024-07-14 20:28:57,0.024392
2024-07-14 20:28:58,0.030912
2024-07-14 20:28:59,0.049952
2024-07-14 20:29:00,0.061456
2024-07-14 20:29:01,0.051784
2024-07-14 20:29:02,0.036936
2024-07-14 20:29:03,0.01356
2024-07-14 20:29:04,0.012376
2024-07-14 20:29:05,0.01856
2024-07-14 20:29:06,0.017016
2024-07-14 20:29:07,0.010792
2024-07-14 20:29:08,0.013056
2024-07-14 20:29:09,0.014768
2024-07-14 20:29:10,0.015416
2024-07-14 20:29:11,0.030536
2024-07-14 20:29:12,0.02944
2024-07-14 20:29:13,0.01128
2024-07-14 20:29:14,0.0294
2024-07-14 20:29:15,0.018928
2024-07-14 20:29:16,0.0218
2024-07-14 20:29:17,0.029712
2024-07-14 20:29:18,0.011336
2024-07-14 20:29:19,0.012416
2024-07-14 20:29:20,0.178608
2024-07-14 20:29:21,0.134048
2024-07-14 20:29:22,0.017672
2024-07-14 20:29:23,0.070552
2024-07-14 20:29:24,0.030688
2024-07-14 20:29:25,0.030032
2024-07-14 20:29:26,0.106016
2024-07-14 20:29:27,0.126408
2024-07-14 20:29:28,0.14672
2024-07-14 20:29:29,0.209272
2024-07-14 20:29:30,0.183664
2024-07-14 20:29:31,0.23016
2024-07-14 20:29:32,0.254688
2024-07-14 20:29:33,0.260304
2024-07-14 20:29:34,0.276032
2024-07-14 20:29:35,0.241736
2024-07-14 20:29:36,0.20148
2024-07-14 20:29:37,0.166088
2024-07-14 20:29:38,0.203208
2024-07-14 20:29:39,0.185672
2024-07-14 20:29:40,0.208032
2024-07-14 20:29:41,0.161336
2024-07-14 20:29:42,0.186576
2024-07-14 20:29:43,0.15024
2024-07-14 20:29:44,0.175192
2024-07-14 20:29:45,0.152824
2024-07-14 20:29:46,0.108432
2024-07-14 20:29:47,0.12192
2024-07-14 20:29:48,0.146584
2024-07-14 20:29:49,0.152168
2024-07-14 20:29:50,0.116784
2024-07-14 20:29:51,0.101912
2024-07-14 20:29:52,0.123752
2024-07-14 20:29:53,0.106752
2024-07-14 20:29:54,0.059096
2024-07-14 20:29:55,0.087184
2024-07-14 20:29:56,0.030064
2024-07-14 20:29:57,0.055128
2024-07-14 20:29:58,0.316608
2024-07-14 20:29:59,0.053296
2024-07-14 20:30:00,0.03228
2024-07-14 20:30:01,0.373616
2024-07-14 20:30:02,0.083456
2024-07-14 20:30:03,0.064312
2024-07-14 20:30:04,0.046344
2024-07-14 20:30:05,0.051432
2024-07-14 20:30:06,0.043704
2024-07-14 20:30:07,0.0306
2024-07-14 20:30:08,0.029224
2024-07-14 20:30:09,0.025584
2024-07-14 20:30:10,0.051192
2024-07-14 20:30:11,0.020664
2024-07-14 20:30:12,0.032624
2024-07-14 20:30:13,0.024368
2024-07-14 20:30:14,0.070184
2024-07-14 20:30:15,0.03424
2024-07-14 20:30:16,0.015448
2024-07-14 20:30:17,0.023808
2024-07-14 20:30:18,0.025648
2024-07-14 20:30:19,0.01652
2024-07-14 20:30:20,0.1426
2024-07-14 20:30:21,0.072712
2024-07-14 20:30:22,0.034112
2024-07-14 20:30:23,0.029096
2024-07-14 20:30:24,0.114416
2024-07-14 20:30:25,0.16324
2024-07-14 20:30:26,0.153936
2024-07-14 20:30:27,0.221136
2024-07-14 20:30:28,0.305776
2024-07-14 20:30:29,0.283944
2024-07-14 20:30:30,0.229296
2024-07-14 20:30:31,0.259936
2024-07-14 20:30:32,0.203592
2024-07-14 20:30:33,0.128504
2024-07-14 20:30:34,0.120592
2024-07-14 20:30:35,0.122872
2024-07-14 20:30:36,0.069984
2024-07-14 20:30:37,0.059576
2024-07-14 20:30:38,0.049448
2024-07-14 20:30:39,0.03608
2024-07-14 20:30:40,0.05672
2024-07-14 20:30:41,0.221392
2024-07-14 20:30:42,0.10116
2024-07-14 20:30:43,0.188032
2024-07-14 20:30:44,0.151632
2024-07-14 20:30:45,0.041848
2024-07-14 20:30:46,0.033864
2024-07-14 20:30:47,0.031136
2024-07-14 20:30:48,0.048208
2024-07-14 20:30:49,0.050384
2024-07-14 20:30:50,0.031232
2024-07-14 20:30:51,0.044064
2024-07-14 20:30:52,0.047856
2024-07-14 20:30:53,0.075704
2024-07-14 20:30:54,0.038928
2024-07-14 20:30:55,0.02076
2024-07-14 20:30:56,0.03944
2024-07-14 20:30:57,0.044688
2024-07-14 20:30:58,0.016336
2024-07-14 20:30:59,0.044784
2024-07-14 20:31:00,0.045472
2024-07-14 20:31:01,0.035328
2024-07-14 20:31:02,0.032416
2024-07-14 20:31:03,0.049024
2024-07-14 20:31:04,0.031648
2024-07-14 20:31:05,0.035712
2024-07-14 20:31:06,0.041472
2024-07-14 20:31:07,0.029976
2024-07-14 20:31:08,0.023016
2024-07-14 20:31:09,0.018704
2024-07-14 20:31:10,0.01068
2024-07-14 20:31:11,0.02
2024-07-14 20:31:12,0.16868
2024-07-14 20:31:13,0.160168
2024-07-14 20:31:14,0.024048
2024-07-14 20:31:15,0.07168
2024-07-14 20:31:16,0.045744
2024-07-14 20:31:17,0.040888
2024-07-14 20:31:18,0.074896
2024-07-14 20:31:19,0.149672
2024-07-14 20:31:20,0.162832
2024-07-14 20:31:21,0.240488
2024-07-14 20:31:22,0.272608
2024-07-14 20:31:23,0.288192
2024-07-14 20:31:24,0.36996
2024-07-14 20:31:25,0.35168
2024-07-14 20:31:26,0.338664
2024-07-14 20:31:27,0.249008
2024-07-14 20:31:28,0.262296
2024-07-14 20:31:29,0.188104
2024-07-14 20:31:30,0.214536
2024-07-14 20:31:31,0.174984
2024-07-14 20:31:32,0.319952
2024-07-14 20:31:33,0.269864
2024-07-14 20:31:34,0.176952
2024-07-14 20:31:35,0.130424
2024-07-14 20:31:36,0.074184
2024-07-14 20:31:37,0.083352
2024-07-14 20:31:38,0.02564
2024-07-14 20:31:39,0.045144
2024-07-14 20:31:40,0.033088
2024-07-14 20:31:41,0.311224
2024-07-14 20:31:42,0.056648
2024-07-14 20:31:43,0.222008
2024-07-14 20:31:44,0.043872
2024-07-14 20:31:45,0.0444
2024-07-14 20:31:46,0.022264
2024-07-14 20:31:47,0.012568
2024-07-14 20:31:48,0.019544
2024-07-14 20:31:49,0.015832
2024-07-14 20:31:50,0.011928
2024-07-14 20:31:51,0.017216
2024-07-14 20:31:52,0.021408
2024-07-14 20:31:53,0.018888
2024-07-14 20:31:54,0.02076
2024-07-14 20:31:55,0.04292
2024-07-14 20:31:56,0.01388
2024-07-14 20:31:57,0.025392
2024-07-14 20:31:58,0.013056
2024-07-14 20:31:59,0.043808
2024-07-14 20:32:00,0.045992
2024-07-14 20:32:01,0.039464
2024-07-14 20:32:02,0.045824
2024-07-14 20:32:03,0.028096
2024-07-14 20:32:04,0.012568
2024-07-14 20:32:05,0.008808
2024-07-14 20:32:06,0.01856
2024-07-14 20:32:07,0.018432
2024-07-14 20:32:08,0.029176
2024-07-14 20:32:09,0.021096
2024-07-14 20:32:10,0.014888
2024-07-14 20:32:11,0.022232
2024-07-14 20:32:12,0.023808
2024-07-14 20:32:13,0.025176
2024-07-14 20:32:14,0.01784
2024-07-14 20:32:15,0.034696
2024-07-14 20:32:16,0.024112
2024-07-14 20:32:17,0.031824
2024-07-14 20:32:18,0.109152
2024-07-14 20:32:19,0.061272
2024-07-14 20:32:20,0.033672
2024-07-14 20:32:21,0.036528
2024-07-14 20:32:22,0.044896
2024-07-14 20:32:23,0.021112
2024-07-14 20:32:24,0.031856
2024-07-14 20:32:25,0.033224
2024-07-14 20:32:26,0.029496
2024-07-14 20:32:27,0.026072
2024-07-14 20:32:28,0.02188
2024-07-14 20:32:29,0.019112
2024-07-14 20:32:30,0.037032
2024-07-14 20:32:31,0.035496
2024-07-14 20:32:32,0.037744
2024-07-14 20:32:33,0.217432
2024-07-14 20:32:34,0.130584
2024-07-14 20:32:35,0.034008
2024-07-14 20:32:36,0.081928
2024-07-14 20:32:37,0.043672
2024-07-14 20:32:38,0.01992
2024-07-14 20:32:39,0.112328
2024-07-14 20:32:40,0.147424
2024-07-14 20:32:41,0.152944
2024-07-14 20:32:42,0.243568
2024-07-14 20:32:43,0.303256
2024-07-14 20:32:44,0.313888
2024-07-14 20:32:45,0.297504
2024-07-14 20:32:46,0.313304
2024-07-14 20:32:47,0.374472
2024-07-14 20:32:48,0.30332
2024-07-14 20:32:49,0.290424
2024-07-14 20:32:50,0.297216
2024-07-14 20:32:51,0.274304
2024-07-14 20:32:52,0.24996
2024-07-14 20:32:53,0.382856
2024-07-14 20:32:54,0.332344
2024-07-14 20:32:55,0.26376
2024-07-14 20:32:56,0.167328
2024-07-14 20:32:57,0.155208
2024-07-14 20:32:58,0.202432
2024-07-14 20:32:59,0.162216
2024-07-14 20:33:00,0.166416
2024-07-14 20:33:01,0.148688
2024-07-14 20:33:02,0.08476
2024-07-14 20:33:03,0.167224
2024-07-14 20:33:04,0.047744
2024-07-14 20:33:05,0.027128
2024-07-14 20:33:06,0.047568
2024-07-14 20:33:07,0.050648
2024-07-14 20:33:08,0.299424
2024-07-14 20:33:09,0.048008
2024-07-14 20:33:10,0.217456
2024-07-14 20:33:11,0.082728
2024-07-14 20:33:12,0.070048
2024-07-14 20:33:13,0.033528
2024-07-14 20:33:14,0.052768
2024-07-14 20:33:15,0.0608
2024-07-14 20:33:16,0.017624
2024-07-14 20:33:17,0.064432
2024-07-14 20:33:18,0.02948
2024-07-14 20:33:19,0.027416
2024-07-14 20:33:20,0.0144
2024-07-14 20:33:21,0.014848
2024-07-14 20:33:22,0.016656
2024-07-14 20:33:23,0.013056
2024-07-14 20:33:24,0.034712
2024-07-14 20:33:25,0.016472
2024-07-14 20:33:26,0.01304
2024-07-14 20:33:27,0.013056
2024-07-14 20:33:28,0.01692
2024-07-14 20:33:29,0.018744
2024-07-14 20:33:30,0.008808
2024-07-14 20:33:31,0.027344
2024-07-14 20:33:32,0.023616
2024-07-14 20:33:33,0.015896
2024-07-14 20:33:34,0.019016
2024-07-14 20:33:35,0.0274
2024-07-14 20:33:36,0.019312
2024-07-14 20:33:37,0.021656
2024-07-14 20:33:38,0.028512
2024-07-14 20:33:39,0.013256
2024-07-14 20:33:40,0.21116
2024-07-14 20:33:41,0.123984
2024-07-14 20:33:42,0.029544
2024-07-14 20:33:43,0.079424
2024-07-14 20:33:44,0.042272
2024-07-14 20:33:45,0.02468
2024-07-14 20:33:46,0.10404
2024-07-14 20:33:47,0.15828
2024-07-14 20:33:48,0.177936
2024-07-14 20:33:49,0.270608
2024-07-14 20:33:50,0.291016
2024-07-14 20:33:51,0.28652
2024-07-14 20:33:52,0.34492
2024-07-14 20:33:53,0.32676
2024-07-14 20:33:54,0.36216
2024-07-14 20:33:55,0.215856
2024-07-14 20:33:56,0.302968
2024-07-14 20:33:57,0.279504
2024-07-14 20:33:58,0.243032
2024-07-14 20:33:59,0.29124
2024-07-14 20:34:00,0.254472
2024-07-14 20:34:01,0.295256
2024-07-14 20:34:02,0.328504
2024-07-14 20:34:03,0.175064
2024-07-14 20:34:04,0.146328
2024-07-14 20:34:05,0.118488
2024-07-14 20:34:06,0.096552
2024-07-14 20:34:07,0.122576
2024-07-14 20:34:08,0.114168
2024-07-14 20:34:09,0.116256
2024-07-14 20:34:10,0.076952
2024-07-14 20:34:11,0.062112
2024-07-14 20:34:12,0.070368
2024-07-14 20:34:13,0.041456
2024-07-14 20:34:14,0.049032
2024-07-14 20:34:15,0.045072
2024-07-14 20:34:16,0.062032
2024-07-14 20:34:17,0.066232
2024-07-14 20:34:18,0.063056
2024-07-14 20:34:19,0.052872
2024-07-14 20:34:20,0.048224
2024-07-14 20:34:21,0.061128
2024-07-14 20:34:22,0.032088
2024-07-14 20:34:23,0.043968
2024-07-14 20:34:24,0.270048
2024-07-14 20:34:25,0.069744
2024-07-14 20:34:26,0.052528
2024-07-14 20:34:27,0.025968
2024-07-14 20:34:28,0.016712
2024-07-14 20:34:29,0.059064
2024-07-14 20:34:30,0.042224
2024-07-14 20:34:31,0.043152
2024-07-14 20:34:32,0.047296
2024-07-14 20:34:33,0.03012
2024-07-14 20:34:34,0.028584
2024-07-14 20:34:35,0.051376
2024-07-14 20:34:36,0.069312
2024-07-14 20:34:37,0.078536
2024-07-14 20:34:38,0.070256
2024-07-14 20:34:39,0.06672
2024-07-14 20:34:40,0.062368
2024-07-14 20:34:41,0.062288
2024-07-14 20:34:42,0.057872
2024-07-14 20:34:43,0.04336
2024-07-14 20:34:44,0.048864
2024-07-14 20:34:45,0.052376
2024-07-14 20:34:46,0.051992
2024-07-14 20:34:47,0.054232
2024-07-14 20:34:48,0.057456
2024-07-14 20:34:49,0.054112
2024-07-14 20:34:50,0.055424
2024-07-14 20:34:51,0.048992
2024-07-14 20:34:52,0.039192
2024-07-14 20:34:53,0.03732
2024-07-14 20:34:54,0.037392
2024-07-14 20:34:55,0.035536
2024-07-14 20:34:56,0.041232
2024-07-14 20:34:57,0.045584
2024-07-14 20:34:58,0.040952
2024-07-14 20:34:59,0.091456
2024-07-14 20:35:00,0.030776
2024-07-14 20:35:01,0.03308
2024-07-14 20:35:02,0.141224
2024-07-14 20:35:03,0.092936
2024-07-14 20:35:04,0.039968
2024-07-14 20:35:05,0.055504
2024-07-14 20:35:06,0.038048
2024-07-14 20:35:07,0.053872
2024-07-14 20:35:08,0.03244
2024-07-14 20:35:09,0.06264
2024-07-14 20:35:10,0.05504
2024-07-14 20:35:11,0.057656
2024-07-14 20:35:12,0.022008
2024-07-14 20:35:13,0.055792
2024-07-14 20:35:14,0.063024
2024-07-14 20:35:15,0.043864
2024-07-14 20:35:16,0.028072
2024-07-14 20:35:17,0.021552
2024-07-14 20:35:18,0.031112
2024-07-14 20:35:19,0.017176
2024-07-14 20:35:20,0.01944
2024-07-14 20:35:21,0.01564
2024-07-14 20:35:22,0.026656
2024-07-14 20:35:23,0.024152
2024-07-14 20:35:24,0.017312
2024-07-14 20:35:25,0.02952
2024-07-14 20:35:26,0.021056
2024-07-14 20:35:27,0.025016
2024-07-14 20:35:28,0.04488
2024-07-14 20:35:29,0.018712
2024-07-14 20:35:30,0.032856
2024-07-14 20:35:31,0.02464
2024-07-14 20:35:32,0.228032
2024-07-14 20:35:33,0.144664
2024-07-14 20:35:34,0.027504
2024-07-14 20:35:35,0.074096
2024-07-14 20:35:36,0.028768
2024-07-14 20:35:37,0.025128
2024-07-14 20:35:38,0.118656
2024-07-14 20:35:39,0.159104
2024-07-14 20:35:40,0.20636
2024-07-14 20:35:41,0.285048
2024-07-14 20:35:42,0.331288
2024-07-14 20:35:43,0.37784
2024-07-14 20:35:44,0.432336
2024-07-14 20:35:45,0.35112
2024-07-14 20:35:46,0.543248
2024-07-14 20:35:47,0.461752
2024-07-14 20:35:48,0.36744
2024-07-14 20:35:49,0.377584
2024-07-14 20:35:50,0.323824
2024-07-14 20:35:51,0.336104
2024-07-14 20:35:52,0.28116
2024-07-14 20:35:53,0.259176
2024-07-14 20:35:54,0.27952
2024-07-14 20:35:55,0.196928
2024-07-14 20:35:56,0.18164
2024-07-14 20:35:57,0.183104
2024-07-14 20:35:58,0.19024
2024-07-14 20:35:59,0.158464
2024-07-14 20:36:00,0.09752
2024-07-14 20:36:01,0.102936
2024-07-14 20:36:02,0.127656
2024-07-14 20:36:03,0.075608
2024-07-14 20:36:04,0.071256
2024-07-14 20:36:05,0.115528
2024-07-14 20:36:06,0.043496
2024-07-14 20:36:07,0.038088
2024-07-14 20:36:08,0.062024
2024-07-14 20:36:09,0.283264
2024-07-14 20:36:10,0.03416
2024-07-14 20:36:11,0.216368
2024-07-14 20:36:12,0.060376
2024-07-14 20:36:13,0.055096
2024-07-14 20:36:14,0.040872
2024-07-14 20:36:15,0.036248
2024-07-14 20:36:16,0.02728
2024-07-14 20:36:17,0.023848
2024-07-14 20:36:18,0.01304
2024-07-14 20:36:19,0.022336
2024-07-14 20:36:20,0.02404
2024-07-14 20:36:21,0.020536
2024-07-14 20:36:22,0.043384
2024-07-14 20:36:23,0.02056
2024-07-14 20:36:24,0.012416
2024-07-14 20:36:25,0.01068
2024-07-14 20:36:26,0.013168
2024-07-14 20:36:27,0.022968
2024-07-14 20:36:28,0.021768
2024-07-14 20:36:29,0.021104
2024-07-14 20:36:30,0.01544
2024-07-14 20:36:31,0.040328
2024-07-14 20:36:32,0.042208
2024-07-14 20:36:33,0.035392
2024-07-14 20:36:34,0.019368
2024-07-14 20:36:35,0.016256
2024-07-14 20:36:36,0.017944
2024-07-14 20:36:37,0.0166
2024-07-14 20:36:38,0.013056
2024-07-14 20:36:39,0.01068
2024-07-14 20:36:40,0.01132
2024-07-14 20:36:41,0.15996
2024-07-14 20:36:42,0.128312
2024-07-14 20:36:43,0.022848
2024-07-14 20:36:44,0.074288
2024-07-14 20:36:45,0.03628
2024-07-14 20:36:46,0.016264
2024-07-14 20:36:47,0.108288
2024-07-14 20:36:48,0.149272
2024-07-14 20:36:49,0.18964
2024-07-14 20:36:50,0.2772
2024-07-14 20:36:51,0.259136
2024-07-14 20:36:52,0.270872
2024-07-14 20:36:53,0.345816
2024-07-14 20:36:54,0.359176
2024-07-14 20:36:55,0.300688
2024-07-14 20:36:56,0.25668
2024-07-14 20:36:57,0.320712
2024-07-14 20:36:58,0.264584
2024-07-14 20:36:59,0.272184
2024-07-14 20:37:00,0.328528
2024-07-14 20:37:01,0.269504
2024-07-14 20:37:02,0.270664
2024-07-14 20:37:03,0.32668
2024-07-14 20:37:04,0.261496
2024-07-14 20:37:05,0.271992
2024-07-14 20:37:06,0.250648
2024-07-14 20:37:07,0.202408
2024-07-14 20:37:08,0.21816
2024-07-14 20:37:09,0.191024
2024-07-14 20:37:10,0.162632
2024-07-14 20:37:11,0.211184
2024-07-14 20:37:12,0.139296
2024-07-14 20:37:13,0.093656
2024-07-14 20:37:14,0.03384
2024-07-14 20:37:15,0.047816
2024-07-14 20:37:16,0.281472
2024-07-14 20:37:17,0.035784
2024-07-14 20:37:18,0.265984
2024-07-14 20:37:19,0.093256
2024-07-14 20:37:20,0.064848
2024-07-14 20:37:21,0.056088
2024-07-14 20:37:22,0.062712
2024-07-14 20:37:23,0.040488
2024-07-14 20:37:24,0.034096
2024-07-14 20:37:25,0.032856
2024-07-14 20:37:26,0.019912
2024-07-14 20:37:27,0.020432
2024-07-14 20:37:28,0.01068
2024-07-14 20:37:29,0.03688
2024-07-14 20:37:30,0.010192
2024-07-14 20:37:31,0.016096
2024-07-14 20:37:32,0.029592
2024-07-14 20:37:33,0.024408
2024-07-14 20:37:34,0.019848
2024-07-14 20:37:35,0.010192
2024-07-14 20:37:36,0.011184
2024-07-14 20:37:37,0.02568
2024-07-14 20:37:38,0.130128
2024-07-14 20:37:39,0.027048
2024-07-14 20:37:40,0.031848
2024-07-14 20:37:41,0.070464
2024-07-14 20:37:42,0.136456
2024-07-14 20:37:43,0.139936
2024-07-14 20:37:44,0.173168
2024-07-14 20:37:45,0.255832
2024-07-14 20:37:46,0.259264
2024-07-14 20:37:47,0.307552
2024-07-14 20:37:48,0.359984
2024-07-14 20:37:49,0.275848
2024-07-14 20:37:50,0.301016
2024-07-14 20:37:51,0.160136
2024-07-14 20:37:52,0.131336
2024-07-14 20:37:53,0.25036
2024-07-14 20:37:54,0.111856
2024-07-14 20:37:55,0.119488
2024-07-14 20:37:56,0.086424
2024-07-14 20:37:57,0.050008
2024-07-14 20:37:58,0.028288
2024-07-14 20:37:59,0.03068
2024-07-14 20:38:00,0.030144
2024-07-14 20:38:01,0.047576
2024-07-14 20:38:02,0.023048
2024-07-14 20:38:03,0.020304
2024-07-14 20:38:04,0.01068
2024-07-14 20:38:05,0.012496
2024-07-14 20:38:06,0.032552
2024-07-14 20:38:07,0.03892
2024-07-14 20:38:08,0.025144
2024-07-14 20:38:09,0.019032
2024-07-14 20:38:10,0.046584
2024-07-14 20:38:11,0.027432
2024-07-14 20:38:12,0.047888
2024-07-14 20:38:13,0.046184
2024-07-14 20:38:14,0.048528
2024-07-14 20:38:15,0.013728
2024-07-14 20:38:16,0.022448
2024-07-14 20:38:17,0.026752
2024-07-14 20:38:18,0.030928
2024-07-14 20:38:19,0.027672
2024-07-14 20:38:20,0.058784
2024-07-14 20:38:21,0.029328
2024-07-14 20:38:22,0.031856
2024-07-14 20:38:23,0.029968
2024-07-14 20:38:24,0.09896
2024-07-14 20:38:25,0.183672
2024-07-14 20:38:26,0.054904
2024-07-14 20:38:27,0.053928
2024-07-14 20:38:28,0.058336
2024-07-14 20:38:29,0.054664
2024-07-14 20:38:30,0.069344
2024-07-14 20:38:31,0.155672
2024-07-14 20:38:32,0.209048
2024-07-14 20:38:33,0.285552
2024-07-14 20:38:34,0.320128
2024-07-14 20:38:35,0.356616
2024-07-14 20:38:36,0.447264
2024-07-14 20:38:37,0.423616
2024-07-14 20:38:38,0.311032
2024-07-14 20:38:39,0.394088
2024-07-14 20:38:40,0.344992
2024-07-14 20:38:41,0.33248
2024-07-14 20:38:42,0.262904
2024-07-14 20:38:43,0.367032
2024-07-14 20:38:44,0.441568
2024-07-14 20:38:45,0.358152
2024-07-14 20:38:46,0.215616
2024-07-14 20:38:47,0.110544
2024-07-14 20:38:48,0.076736
2024-07-14 20:38:49,0.09248
2024-07-14 20:38:50,0.095464
2024-07-14 20:38:51,0.12368
2024-07-14 20:38:52,0.082808
2024-07-14 20:38:53,0.084848
2024-07-14 20:38:54,0.069032
2024-07-14 20:38:55,0.124072
2024-07-14 20:38:56,0.056976
2024-07-14 20:38:57,0.02432
2024-07-14 20:38:58,0.059872
2024-07-14 20:38:59,0.291032
2024-07-14 20:39:00,0.036824
2024-07-14 20:39:01,0.233504
2024-07-14 20:39:02,0.069392
2024-07-14 20:39:03,0.084768
2024-07-14 20:39:04,0.062536
2024-07-14 20:39:05,0.050064
2024-07-14 20:39:06,0.040208
2024-07-14 20:39:07,0.053368
2024-07-14 20:39:08,0.018544
2024-07-14 20:39:09,0.040584
2024-07-14 20:39:10,0.032888
2024-07-14 20:39:11,0.028096
2024-07-14 20:39:12,0.042432
2024-07-14 20:39:13,0.023464
2024-07-14 20:39:14,0.022416
2024-07-14 20:39:15,0.018016
2024-07-14 20:39:16,0.025784
2024-07-14 20:39:17,0.024712
2024-07-14 20:39:18,0.025008
2024-07-14 20:39:19,0.031224
2024-07-14 20:39:20,0.03664
2024-07-14 20:39:21,0.052736
2024-07-14 20:39:22,0.037776
2024-07-14 20:39:23,0.02276
2024-07-14 20:39:24,0.027256
2024-07-14 20:39:25,0.03816
2024-07-14 20:39:26,0.031136
2024-07-14 20:39:27,0.021264
2024-07-14 20:39:28,0.02324
2024-07-14 20:39:29,0.04276
2024-07-14 20:39:30,0.023472
2024-07-14 20:39:31,0.156952
2024-07-14 20:39:32,0.134192
2024-07-14 20:39:33,0.039352
2024-07-14 20:39:34,0.072728
2024-07-14 20:39:35,0.047432
2024-07-14 20:39:36,0.027952
2024-07-14 20:39:37,0.130176
2024-07-14 20:39:38,0.165256
2024-07-14 20:39:39,0.19
2024-07-14 20:39:40,0.316072
2024-07-14 20:39:41,0.339664
2024-07-14 20:39:42,0.362984
2024-07-14 20:39:43,0.438304
2024-07-14 20:39:44,0.343624
2024-07-14 20:39:45,0.415416
2024-07-14 20:39:46,0.381456
2024-07-14 20:39:47,0.334944
2024-07-14 20:39:48,0.311808
2024-07-14 20:39:49,0.403504
2024-07-14 20:39:50,0.306944
2024-07-14 20:39:51,0.264912
2024-07-14 20:39:52,0.307624
2024-07-14 20:39:53,0.3446
2024-07-14 20:39:54,0.204408
2024-07-14 20:39:55,0.156104
2024-07-14 20:39:56,0.177264
2024-07-14 20:39:57,0.222384
2024-07-14 20:39:58,0.084448
2024-07-14 20:39:59,0.119952
2024-07-14 20:40:00,0.083256
2024-07-14 20:40:01,0.030696
2024-07-14 20:40:02,0.050632
2024-07-14 20:40:03,0.285008
2024-07-14 20:40:04,0.04504
2024-07-14 20:40:05,0.169656
2024-07-14 20:40:06,0.085808
2024-07-14 20:40:07,0.063808
2024-07-14 20:40:08,0.050336
2024-07-14 20:40:09,0.054296
2024-07-14 20:40:10,0.033904
2024-07-14 20:40:11,0.043528
2024-07-14 20:40:12,0.056336
2024-07-14 20:40:13,0.041176
2024-07-14 20:40:14,0.035152
2024-07-14 20:40:15,0.023248
2024-07-14 20:40:16,0.023216
2024-07-14 20:40:17,0.01416
2024-07-14 20:40:18,0.071752
2024-07-14 20:40:19,0.050792
2024-07-14 20:40:20,0.01832
2024-07-14 20:40:21,0.023816
2024-07-14 20:40:22,0.016896
2024-07-14 20:40:23,0.02988
2024-07-14 20:40:24,0.013184
2024-07-14 20:40:25,0.01908
2024-07-14 20:40:26,0.050776
2024-07-14 20:40:27,0.0378
2024-07-14 20:40:28,0.018888
2024-07-14 20:40:29,0.03076
2024-07-14 20:40:30,0.03112
2024-07-14 20:40:31,0.024624
2024-07-14 20:40:32,0.028888
2024-07-14 20:40:33,0.023752
2024-07-14 20:40:34,0.013056
2024-07-14 20:40:35,0.131552
2024-07-14 20:40:36,0.148176
2024-07-14 20:40:37,0.041176
2024-07-14 20:40:38,0.042712
2024-07-14 20:40:39,0.059848
2024-07-14 20:40:40,0.040744
2024-07-14 20:40:41,0.081296
2024-07-14 20:40:42,0.187776
2024-07-14 20:40:43,0.184984
2024-07-14 20:40:44,0.30864
2024-07-14 20:40:45,0.31668
2024-07-14 20:40:46,0.423432
2024-07-14 20:40:47,0.369504
2024-07-14 20:40:48,0.40848
2024-07-14 20:40:49,0.396472
2024-07-14 20:40:50,0.375072
2024-07-14 20:40:51,0.374
2024-07-14 20:40:52,0.384632
2024-07-14 20:40:53,0.274728
2024-07-14 20:40:54,0.382496
2024-07-14 20:40:55,0.386256
2024-07-14 20:40:56,0.33636
2024-07-14 20:40:57,0.277312
2024-07-14 20:40:58,0.336472
2024-07-14 20:40:59,0.349824
2024-07-14 20:41:00,0.1688
2024-07-14 20:41:01,0.088992
2024-07-14 20:41:02,0.10316
2024-07-14 20:41:03,0.040608
2024-07-14 20:41:04,0.028816
2024-07-14 20:41:05,0.03676
2024-07-14 20:41:06,0.293984
2024-07-14 20:41:07,0.036992
2024-07-14 20:41:08,0.100192
2024-07-14 20:41:09,0.049992
2024-07-14 20:41:10,0.048168
2024-07-14 20:41:11,0.028304
2024-07-14 20:41:12,0.024816
2024-07-14 20:41:13,0.035272
2024-07-14 20:41:14,0.035552
2024-07-14 20:41:15,0.04688
2024-07-14 20:41:16,0.050088
2024-07-14 20:41:17,0.043072
2024-07-14 20:41:18,0.038104
2024-07-14 20:41:19,0.045152
2024-07-14 20:41:20,0.045328
2024-07-14 20:41:21,0.046768
2024-07-14 20:41:22,0.057224
2024-07-14 20:41:23,0.056904
2024-07-14 20:41:24,0.048416
2024-07-14 20:41:25,0.05432
2024-07-14 20:41:26,0.049272
2024-07-14 20:41:27,0.056168
2024-07-14 20:41:28,0.053512
2024-07-14 20:41:29,0.048592
2024-07-14 20:41:30,0.044928
2024-07-14 20:41:31,0.04764
2024-07-14 20:41:32,0.068976
2024-07-14 20:41:33,0.062328
2024-07-14 20:41:34,0.05196
2024-07-14 20:41:35,0.080632
2024-07-14 20:41:36,0.032456
2024-07-14 20:41:37,0.121736
2024-07-14 20:41:38,0.090568
2024-07-14 20:41:39,0.059208
2024-07-14 20:41:40,0.024592
2024-07-14 20:41:41,0.019712
2024-07-14 20:41:42,0.039832
2024-07-14 20:41:43,0.03604
2024-07-14 20:41:44,0.031808
2024-07-14 20:41:45,0.050656
2024-07-14 20:41:46,0.037872
2024-07-14 20:41:47,0.05228
2024-07-14 20:41:48,0.057336
2024-07-14 20:41:49,0.071304
2024-07-14 20:41:50,0.03384
2024-07-14 20:41:51,0.043384
2024-07-14 20:41:52,0.049592
2024-07-14 20:41:53,0.060384
2024-07-14 20:41:54,0.033712
2024-07-14 20:41:55,0.05756
2024-07-14 20:41:56,0.022856
2024-07-14 20:41:57,0.029936
2024-07-14 20:41:58,0.073224
2024-07-14 20:41:59,0.050024
2024-07-14 20:42:00,0.058648
2024-07-14 20:42:01,0.034176
2024-07-14 20:42:02,0.049656
2024-07-14 20:42:03,0.060576
2024-07-14 20:42:04,0.039304
2024-07-14 20:42:05,0.02264
2024-07-14 20:42:06,0.02328
2024-07-14 20:42:07,0.167984
2024-07-14 20:42:08,0.14372
2024-07-14 20:42:09,0.021864
2024-07-14 20:42:10,0.06264
2024-07-14 20:42:11,0.056192
2024-07-14 20:42:12,0.033656
2024-07-14 20:42:13,0.11984
2024-07-14 20:42:14,0.151776
2024-07-14 20:42:15,0.176496
2024-07-14 20:42:16,0.30188
2024-07-14 20:42:17,0.298112
2024-07-14 20:42:18,0.370832
2024-07-14 20:42:19,0.445312
2024-07-14 20:42:20,0.364184
2024-07-14 20:42:21,0.353448
2024-07-14 20:42:22,0.379688
2024-07-14 20:42:23,0.298624
2024-07-14 20:42:24,0.33104
2024-07-14 20:42:25,0.26324
2024-07-14 20:42:26,0.310352
2024-07-14 20:42:27,0.328976
2024-07-14 20:42:28,0.289816
2024-07-14 20:42:29,0.156144
2024-07-14 20:42:30,0.116144
2024-07-14 20:42:31,0.076696
2024-07-14 20:42:32,0.045936
2024-07-14 20:42:33,0.129472
2024-07-14 20:42:34,0.17012
2024-07-14 20:42:35,0.038248
2024-07-14 20:42:36,0.138544
2024-07-14 20:42:37,0.070584
2024-07-14 20:42:38,0.045376
2024-07-14 20:42:39,0.072272
2024-07-14 20:42:40,0.02532
2024-07-14 20:42:41,0.020376
2024-07-14 20:42:42,0.024632
2024-07-14 20:42:43,0.021848
2024-07-14 20:42:44,0.017752
2024-07-14 20:42:45,0.024248
2024-07-14 20:42:46,0.023616
2024-07-14 20:42:47,0.025656
2024-07-14 20:42:48,0.037336
2024-07-14 20:42:49,0.028624
2024-07-14 20:42:50,0.034192
2024-07-14 20:42:51,0.032936
2024-07-14 20:42:52,0.045224
2024-07-14 20:42:53,0.027584
2024-07-14 20:42:54,0.029216
2024-07-14 20:42:55,0.075912
2024-07-14 20:42:56,0.019264
2024-07-14 20:42:57,0.049216
2024-07-14 20:42:58,0.026456
2024-07-14 20:42:59,0.066888
2024-07-14 20:43:00,0.028336
2024-07-14 20:43:01,0.029448
2024-07-14 20:43:02,0.013944
2024-07-14 20:43:03,0.031072
2024-07-14 20:43:04,0.019088
2024-07-14 20:43:05,0.026504
2024-07-14 20:43:06,0.019368
2024-07-14 20:43:07,0.024744
2024-07-14 20:43:08,0.038944
2024-07-14 20:43:09,0.027072
2024-07-14 20:43:10,0.01096
2024-07-14 20:43:11,0.016672
2024-07-14 20:43:12,0.01532
2024-07-14 20:43:13,0.01076
2024-07-14 20:43:14,0.013056
2024-07-14 20:43:15,0.016216
2024-07-14 20:43:16,0.015416
2024-07-14 20:43:17,0.01068
2024-07-14 20:43:18,0.013056
2024-07-14 20:43:19,0.01068
2024-07-14 20:43:20,0.015096
2024-07-14 20:43:21,0.141776
2024-07-14 20:43:22,0.06644
2024-07-14 20:43:23,0.014128
2024-07-14 20:43:24,0.038928
2024-07-14 20:43:25,0.025976
2024-07-14 20:43:26,0.018056
2024-07-14 20:43:27,0.112848
2024-07-14 20:43:28,0.123592
2024-07-14 20:43:29,0.13624
2024-07-14 20:43:30,0.232264
2024-07-14 20:43:31,0.272664
2024-07-14 20:43:32,0.26616
2024-07-14 20:43:33,0.25588
2024-07-14 20:43:34,0.191168
2024-07-14 20:43:35,0.23396
2024-07-14 20:43:36,0.23196
2024-07-14 20:43:37,0.278344
2024-07-14 20:43:38,0.23904
2024-07-14 20:43:39,0.218728
2024-07-14 20:43:40,0.282784
2024-07-14 20:43:41,0.258512
2024-07-14 20:43:42,0.249296
2024-07-14 20:43:43,0.246832
2024-07-14 20:43:44,0.169552
2024-07-14 20:43:45,0.170168
2024-07-14 20:43:46,0.1966
2024-07-14 20:43:47,0.078976
2024-07-14 20:43:48,0.16476
2024-07-14 20:43:49,0.079352
2024-07-14 20:43:50,0.05088
2024-07-14 20:43:51,0.043376
2024-07-14 20:43:52,0.028136
2024-07-14 20:43:53,0.050184
2024-07-14 20:43:54,0.173456
2024-07-14 20:43:55,0.033056
2024-07-14 20:43:56,0.140816
2024-07-14 20:43:57,0.039728
2024-07-14 20:43:58,0.051536
2024-07-14 20:43:59,0.03872
2024-07-14 20:44:00,0.04184
2024-07-14 20:44:01,0.03088
2024-07-14 20:44:02,0.025
2024-07-14 20:44:03,0.024592
2024-07-14 20:44:04,0.017176
2024-07-14 20:44:05,0.018072
2024-07-14 20:44:06,0.01068
2024-07-14 20:44:07,0.032456
2024-07-14 20:44:08,0.018592
2024-07-14 20:44:09,0.017192
2024-07-14 20:44:10,0.020072
2024-07-14 20:44:11,0.017008
2024-07-14 20:44:12,0.015
2024-07-14 20:44:13,0.015928
2024-07-14 20:44:14,0.01428
2024-07-14 20:44:15,0.016248
2024-07-14 20:44:16,0.037576
2024-07-14 20:44:17,0.018912
2024-07-14 20:44:18,0.01068
2024-07-14 20:44:19,0.036272
2024-07-14 20:44:20,0.090736
2024-07-14 20:44:21,0.091976
2024-07-14 20:44:22,0.09892
2024-07-14 20:44:23,0.108656
2024-07-14 20:44:24,0.098752
2024-07-14 20:44:25,0.133832
2024-07-14 20:44:26,0.124128
2024-07-14 20:44:27,0.15648
2024-07-14 20:44:28,0.158464
2024-07-14 20:44:29,0.079224
2024-07-14 20:44:30,0.17872
2024-07-14 20:44:31,0.060504
2024-07-14 20:44:32,0.116384
2024-07-14 20:44:33,0.069024
2024-07-14 20:44:34,0.027888
2024-07-14 20:44:35,0.034592
2024-07-14 20:44:36,0.018872
2024-07-14 20:44:37,0.030832
2024-07-14 20:44:38,0.017064
2024-07-14 20:44:39,0.029512
2024-07-14 20:44:40,0.031352
2024-07-14 20:44:41,0.02812
2024-07-14 20:44:42,0.020824
2024-07-14 20:44:43,0.017584
2024-07-14 20:44:44,0.016472
2024-07-14 20:44:45,0.035672
2024-07-14 20:44:46,0.035072
2024-07-14 20:44:47,0.03668
2024-07-14 20:44:48,0.012944
2024-07-14 20:44:49,0.014408
2024-07-14 20:44:50,0.01088
2024-07-14 20:44:51,0.013056
2024-07-14 20:44:52,0.014368
2024-07-14 20:44:53,0.013056
2024-07-14 20:44:54,0.01068
2024-07-14 20:44:55,0.022136
2024-07-14 20:44:56,0.025136
2024-07-14 20:44:57,0.034512
2024-07-14 20:44:58,0.014624
2024-07-14 20:44:59,0.01744
2024-07-14 20:45:00,0.016096
2024-07-14 20:45:01,0.03308
2024-07-14 20:45:02,0.148336
2024-07-14 20:45:03,0.080376
2024-07-14 20:45:04,0.026944
2024-07-14 20:45:05,0.036528
2024-07-14 20:45:06,0.027768
2024-07-14 20:45:07,0.026168
2024-07-14 20:45:08,0.132368
2024-07-14 20:45:09,0.176448
2024-07-14 20:45:10,0.251784
2024-07-14 20:45:11,0.36424
2024-07-14 20:45:12,0.336584
2024-07-14 20:45:13,0.389032
2024-07-14 20:45:14,0.342912
2024-07-14 20:45:15,0.337352
2024-07-14 20:45:16,0.340296
2024-07-14 20:45:17,0.352872
2024-07-14 20:45:18,0.294792
2024-07-14 20:45:19,0.352944
2024-07-14 20:45:20,0.34268
2024-07-14 20:45:21,0.34932
2024-07-14 20:45:22,0.267496
2024-07-14 20:45:23,0.244576
2024-07-14 20:45:24,0.219808
2024-07-14 20:45:25,0.10636
2024-07-14 20:45:26,0.117512
2024-07-14 20:45:27,0.116832
2024-07-14 20:45:28,0.140288
2024-07-14 20:45:29,0.108456
2024-07-14 20:45:30,0.087056
2024-07-14 20:45:31,0.145312
2024-07-14 20:45:32,0.11744
2024-07-14 20:45:33,0.080304
2024-07-14 20:45:34,0.078592
2024-07-14 20:45:35,0.028024
2024-07-14 20:45:36,0.030552
2024-07-14 20:45:37,0.02928
2024-07-14 20:45:38,0.164992
2024-07-14 20:45:39,0.030744
2024-07-14 20:45:40,0.146088
2024-07-14 20:45:41,0.048136
2024-07-14 20:45:42,0.045728
2024-07-14 20:45:43,0.022544
2024-07-14 20:45:44,0.015416
2024-07-14 20:45:45,0.018072
2024-07-14 20:45:46,0.013056
2024-07-14 20:45:47,0.013832
2024-07-14 20:45:48,0.01376
2024-07-14 20:45:49,0.012416
2024-07-14 20:45:50,0.01068
2024-07-14 20:45:51,0.01196
2024-07-14 20:45:52,0.010568
2024-07-14 20:45:53,0.013232
2024-07-14 20:45:54,0.05212
2024-07-14 20:45:55,0.025416
2024-07-14 20:45:56,0.025936
2024-07-14 20:45:57,0.021424
2024-07-14 20:45:58,0.026984
2024-07-14 20:45:59,0.020768
2024-07-14 20:46:00,0.01172
2024-07-14 20:46:01,0.015584
2024-07-14 20:46:02,0.012008
2024-07-14 20:46:03,0.016032
2024-07-14 20:46:04,0.019496
2024-07-14 20:46:05,0.02264
2024-07-14 20:46:06,0.012992
2024-07-14 20:46:07,0.01132
2024-07-14 20:46:08,0.012416
2024-07-14 20:46:09,0.010712
2024-07-14 20:46:10,0.153488
2024-07-14 20:46:11,0.067248
2024-07-14 20:46:12,0.023
2024-07-14 20:46:13,0.038184
2024-07-14 20:46:14,0.0276
2024-07-14 20:46:15,0.010816
2024-07-14 20:46:16,0.07812
2024-07-14 20:46:17,0.13944
2024-07-14 20:46:18,0.159888
2024-07-14 20:46:19,0.228968
2024-07-14 20:46:20,0.249776
2024-07-14 20:46:21,0.314272
2024-07-14 20:46:22,0.376256
2024-07-14 20:46:23,0.275816
2024-07-14 20:46:24,0.256104
2024-07-14 20:46:25,0.272824
2024-07-14 20:46:26,0.249736
2024-07-14 20:46:27,0.317144
2024-07-14 20:46:28,0.331144
2024-07-14 20:46:29,0.289496
2024-07-14 20:46:30,0.25924
2024-07-14 20:46:31,0.256424
2024-07-14 20:46:32,0.349376
2024-07-14 20:46:33,0.2312
2024-07-14 20:46:34,0.168176
2024-07-14 20:46:35,0.229616
2024-07-14 20:46:36,0.203456
2024-07-14 20:46:37,0.232912
2024-07-14 20:46:38,0.124544
2024-07-14 20:46:39,0.173376
2024-07-14 20:46:40,0.09812
2024-07-14 20:46:41,0.166104
2024-07-14 20:46:42,0.059504
2024-07-14 20:46:43,0.056
2024-07-14 20:46:44,0.165992
2024-07-14 20:46:45,0.021376
2024-07-14 20:46:46,0.119376
2024-07-14 20:46:47,0.061416
2024-07-14 20:46:48,0.059976
2024-07-14 20:46:49,0.043504
2024-07-14 20:46:50,0.0368
2024-07-14 20:46:51,0.015784
2024-07-14 20:46:52,0.049904
2024-07-14 20:46:53,0.021376
2024-07-14 20:46:54,0.016104
2024-07-14 20:46:55,0.012568
2024-07-14 20:46:56,0.026992
2024-07-14 20:46:57,0.011216
2024-07-14 20:46:58,0.015176
2024-07-14 20:46:59,0.017792
2024-07-14 20:47:00,0.017376
2024-07-14 20:47:01,0.012416
2024-07-14 20:47:02,0.018472
2024-07-14 20:47:03,0.017528
2024-07-14 20:47:04,0.01488
2024-07-14 20:47:05,0.014152
2024-07-14 20:47:06,0.01068
2024-07-14 20:47:07,0.013056
2024-07-14 20:47:08,0.01068
2024-07-14 20:47:09,0.013056
2024-07-14 20:47:10,0.012224
2024-07-14 20:47:11,0.015656
2024-07-14 20:47:12,0.011832
2024-07-14 20:47:13,0.013232
2024-07-14 20:47:14,0.01068
2024-07-14 20:47:15,0.013056
2024-07-14 20:47:16,0.112816
2024-07-14 20:47:17,0.078728
2024-07-14 20:47:18,0.042
2024-07-14 20:47:19,0.025416
2024-07-14 20:47:20,0.036744
2024-07-14 20:47:21,0.016136
2024-07-14 20:47:22,0.037464
2024-07-14 20:47:23,0.098672
2024-07-14 20:47:24,0.150072
2024-07-14 20:47:25,0.223848
2024-07-14 20:47:26,0.245744
2024-07-14 20:47:27,0.249576
2024-07-14 20:47:28,0.283472
2024-07-14 20:47:29,0.258968
2024-07-14 20:47:30,0.20548
2024-07-14 20:47:31,0.26368
2024-07-14 20:47:32,0.25344
2024-07-14 20:47:33,0.234296
2024-07-14 20:47:34,0.33732
2024-07-14 20:47:35,0.211776
2024-07-14 20:47:36,0.24408
2024-07-14 20:47:37,0.195408
2024-07-14 20:47:38,0.18524
2024-07-14 20:47:39,0.226888
2024-07-14 20:47:40,0.091072
2024-07-14 20:47:41,0.105408
2024-07-14 20:47:42,0.07708
2024-07-14 20:47:43,0.074512
2024-07-14 20:47:44,0.070784
2024-07-14 20:47:45,0.031968
2024-07-14 20:47:46,0.04088
2024-07-14 20:47:47,0.161056
2024-07-14 20:47:48,0.029144
2024-07-14 20:47:49,0.086304
2024-07-14 20:47:50,0.045656
2024-07-14 20:47:51,0.04864
2024-07-14 20:47:52,0.036584
2024-07-14 20:47:53,0.038656
2024-07-14 20:47:54,0.028
2024-07-14 20:47:55,0.033272
2024-07-14 20:47:56,0.041888
2024-07-14 20:47:57,0.064232
2024-07-14 20:47:58,0.056192
2024-07-14 20:47:59,0.048592
2024-07-14 20:48:00,0.044048
2024-07-14 20:48:01,0.046184
2024-07-14 20:48:02,0.047848
2024-07-14 20:48:03,0.043688
2024-07-14 20:48:04,0.053368
2024-07-14 20:48:05,0.038928
2024-07-14 20:48:06,0.037776
2024-07-14 20:48:07,0.037944
2024-07-14 20:48:08,0.040288
2024-07-14 20:48:09,0.043976
2024-07-14 20:48:10,0.07496
2024-07-14 20:48:11,0.020024
2024-07-14 20:48:12,0.06076
2024-07-14 20:48:13,0.068112
2024-07-14 20:48:14,0.044088
2024-07-14 20:48:15,0.05236
2024-07-14 20:48:16,0.038376
2024-07-14 20:48:17,0.026304
2024-07-14 20:48:18,0.02824
2024-07-14 20:48:19,0.024208
2024-07-14 20:48:20,0.03744
2024-07-14 20:48:21,0.067464
2024-07-14 20:48:22,0.032232
2024-07-14 20:48:23,0.0502
2024-07-14 20:48:24,0.025728
2024-07-14 20:48:25,0.079656
2024-07-14 20:48:26,0.029496
2024-07-14 20:48:27,0.058112
2024-07-14 20:48:28,0.069224
2024-07-14 20:48:29,0.020904
2024-07-14 20:48:30,0.04292
2024-07-14 20:48:31,0.013776
2024-07-14 20:48:32,0.026832
2024-07-14 20:48:33,0.032248
2024-07-14 20:48:34,0.019248
2024-07-14 20:48:35,0.012736
2024-07-14 20:48:36,0.030472
2024-07-14 20:48:37,0.072584
2024-07-14 20:48:38,0.023304
2024-07-14 20:48:39,0.02616
2024-07-14 20:48:40,0.024656
2024-07-14 20:48:41,0.011768
2024-07-14 20:48:42,0.130216
2024-07-14 20:48:43,0.097912
2024-07-14 20:48:44,0.045552
2024-07-14 20:48:45,0.055456
2024-07-14 20:48:46,0.09216
2024-07-14 20:48:47,0.038968
2024-07-14 20:48:48,0.0608
2024-07-14 20:48:49,0.13132
2024-07-14 20:48:50,0.250424
2024-07-14 20:48:51,0.293544
2024-07-14 20:48:52,0.380536
2024-07-14 20:48:53,0.386448
2024-07-14 20:48:54,0.454352
2024-07-14 20:48:55,0.39668
2024-07-14 20:48:56,0.376096
2024-07-14 20:48:57,0.360224
2024-07-14 20:48:58,0.405128
2024-07-14 20:48:59,0.348408
2024-07-14 20:49:00,0.371512
2024-07-14 20:49:01,0.356288
2024-07-14 20:49:02,0.414472
2024-07-14 20:49:03,0.329864
2024-07-14 20:49:04,0.32552
2024-07-14 20:49:05,0.264464
2024-07-14 20:49:06,0.220832
2024-07-14 20:49:07,0.129152
2024-07-14 20:49:08,0.159032
2024-07-14 20:49:09,0.119744
2024-07-14 20:49:10,0.11344
2024-07-14 20:49:11,0.080864
2024-07-14 20:49:12,0.139456
2024-07-14 20:49:13,0.091856
2024-07-14 20:49:14,0.039544
2024-07-14 20:49:15,0.061288
2024-07-14 20:49:16,0.116424
