time,mbps
2024-07-15 11:23:18,0.2274
2024-07-15 11:23:19,0.017296
2024-07-15 11:23:20,0.035112
2024-07-15 11:23:21,0.040728
2024-07-15 11:23:22,0.020472
2024-07-15 11:23:23,0.409816
2024-07-15 11:23:24,0.02992
2024-07-15 11:23:25,0.029136
2024-07-15 11:23:26,0.03256
2024-07-15 11:23:27,0.047536
2024-07-15 11:23:28,0.031592
2024-07-15 11:23:29,0.04596
2024-07-15 11:23:30,0.030192
2024-07-15 11:23:31,0.041488
2024-07-15 11:23:32,0.040328
2024-07-15 11:23:33,0.02976
2024-07-15 11:23:34,0.030104
2024-07-15 11:23:35,0.032352
2024-07-15 11:23:36,0.030512
2024-07-15 11:23:37,0.02568
2024-07-15 11:23:38,0.02672
2024-07-15 11:23:39,0.022592
2024-07-15 11:23:40,0.02916
2024-07-15 11:23:41,0.039704
2024-07-15 11:23:42,0.08268
2024-07-15 11:23:43,0.005312
2024-07-15 11:23:44,0.0036
2024-07-15 11:23:45,0.01496
2024-07-15 11:23:46,0.036952
2024-07-15 11:23:47,0.035464
2024-07-15 11:23:48,0.032928
2024-07-15 11:23:49,0.019584
2024-07-15 11:23:50,0.033592
2024-07-15 11:23:51,0.018184
2024-07-15 11:23:52,0.018488
2024-07-15 11:23:53,0.018384
2024-07-15 11:23:54,0.022216
2024-07-15 11:23:55,0.019672
2024-07-15 11:23:56,0.0174
2024-07-15 11:23:57,0.019024
2024-07-15 11:23:58,0.018104
2024-07-15 11:23:59,0.023648
2024-07-15 11:24:00,0.024312
2024-07-15 11:24:01,0.023976
2024-07-15 11:24:02,0.020872
2024-07-15 11:24:03,0.017832
2024-07-15 11:24:04,0.017288
2024-07-15 11:24:05,0.0216
2024-07-15 11:24:06,0.022136
2024-07-15 11:24:07,0.020784
2024-07-15 11:24:08,0.026256
2024-07-15 11:24:09,0.033264
2024-07-15 11:24:10,0.031896
2024-07-15 11:24:11,0.026368
2024-07-15 11:24:12,0.02164
2024-07-15 11:24:13,0.02964
2024-07-15 11:24:14,0.016512
2024-07-15 11:24:15,0.030096
2024-07-15 11:24:16,0.02004
2024-07-15 11:24:17,0.013528
2024-07-15 11:24:18,0.032256
2024-07-15 11:24:19,0.023512
2024-07-15 11:24:20,0.104696
2024-07-15 11:24:21,0.032872
2024-07-15 11:24:22,0.053912
2024-07-15 11:24:23,0.023112
2024-07-15 11:24:24,0.01224
2024-07-15 11:24:25,0.00844
2024-07-15 11:24:26,0.082976
2024-07-15 11:24:27,0.021672
2024-07-15 11:24:28,0.027824
2024-07-15 11:24:29,0.043712
2024-07-15 11:24:30,0.054416
2024-07-15 11:24:31,0.054944
2024-07-15 11:24:32,0.056864
2024-07-15 11:24:33,0.051368
2024-07-15 11:24:34,0.061344
2024-07-15 11:24:35,0.0646
2024-07-15 11:24:36,0.083448
2024-07-15 11:24:37,0.076656
2024-07-15 11:24:38,0.073136
2024-07-15 11:24:39,0.081712
2024-07-15 11:24:40,0.088104
2024-07-15 11:24:41,0.058376
2024-07-15 11:24:42,0.074192
2024-07-15 11:24:43,0.055432
2024-07-15 11:24:44,0.076408
2024-07-15 11:24:45,0.067168
2024-07-15 11:24:46,0.06272
2024-07-15 11:24:47,0.047896
2024-07-15 11:24:48,0.055224
2024-07-15 11:24:49,0.099008
2024-07-15 11:24:50,0.174368
2024-07-15 11:24:51,0.072336
2024-07-15 11:24:52,0.025336
2024-07-15 11:24:53,0.035456
2024-07-15 11:24:54,0.058344
2024-07-15 11:24:55,0.0116
2024-07-15 11:24:56,0.04832
2024-07-15 11:24:57,0.02784
2024-07-15 11:24:58,0.056344
2024-07-15 11:24:59,0.026584
2024-07-15 11:25:00,0.04012
2024-07-15 11:25:01,0.011368
2024-07-15 11:25:02,0.031328
2024-07-15 11:25:03,0.014168
2024-07-15 11:25:04,0.019688
2024-07-15 11:25:05,0.094016
2024-07-15 11:25:06,0.018176
2024-07-15 11:25:07,0.014832
2024-07-15 11:25:08,0.043768
2024-07-15 11:25:09,0.073816
2024-07-15 11:25:10,0.061976
2024-07-15 11:25:11,0.064072
2024-07-15 11:25:12,0.0852
2024-07-15 11:25:13,0.080752
2024-07-15 11:25:14,0.103832
2024-07-15 11:25:15,0.134472
2024-07-15 11:25:16,0.11428
2024-07-15 11:25:17,0.147288
2024-07-15 11:25:18,0.115304
2024-07-15 11:25:19,0.090152
2024-07-15 11:25:20,0.051712
2024-07-15 11:25:21,0.065096
2024-07-15 11:25:22,0.04588
2024-07-15 11:25:23,0.077912
2024-07-15 11:25:24,0.170272
2024-07-15 11:25:25,0.049648
2024-07-15 11:25:26,0.02312
2024-07-15 11:25:27,0.042696
2024-07-15 11:25:28,0.04928
2024-07-15 11:25:29,0.063184
2024-07-15 11:25:30,0.048416
2024-07-15 11:25:31,0.063544
2024-07-15 11:25:32,0.044816
2024-07-15 11:25:33,0.033568
2024-07-15 11:25:34,0.025456
2024-07-15 11:25:35,0.027216
2024-07-15 11:25:36,0.021392
2024-07-15 11:25:37,0.062128
2024-07-15 11:25:38,0.036584
2024-07-15 11:25:39,0.05044
2024-07-15 11:25:40,0.030416
2024-07-15 11:25:41,0.033232
2024-07-15 11:25:42,0.04092
2024-07-15 11:25:43,0.015632
2024-07-15 11:25:44,0.144208
2024-07-15 11:25:45,0.03132
2024-07-15 11:25:46,0.029608
2024-07-15 11:25:47,0.071968
2024-07-15 11:25:48,0.08196
2024-07-15 11:25:49,0.0834
2024-07-15 11:25:50,0.09724
2024-07-15 11:25:51,0.096784
2024-07-15 11:25:52,0.136
2024-07-15 11:25:53,0.115064
2024-07-15 11:25:54,0.152792
2024-07-15 11:25:55,0.129488
2024-07-15 11:25:56,0.14056
2024-07-15 11:25:57,0.077152
2024-07-15 11:25:58,0.07664
2024-07-15 11:25:59,0.047976
2024-07-15 11:26:00,0.149384
2024-07-15 11:26:01,0.102832
2024-07-15 11:26:02,0.073896
2024-07-15 11:26:03,0.036736
2024-07-15 11:26:04,0.012864
2024-07-15 11:26:05,0.014112
2024-07-15 11:26:06,0.01068
2024-07-15 11:26:07,0.041928
2024-07-15 11:26:08,0.040904
2024-07-15 11:26:09,0.033848
2024-07-15 11:26:10,0.041552
2024-07-15 11:26:11,0.079312
2024-07-15 11:26:12,0.079168
2024-07-15 11:26:13,0.065272
2024-07-15 11:26:14,0.054096
2024-07-15 11:26:15,0.131392
2024-07-15 11:26:16,0.075952
2024-07-15 11:26:17,0.038464
2024-07-15 11:26:18,0.07716
2024-07-15 11:26:19,0.035888
2024-07-15 11:26:20,0.078112
2024-07-15 11:26:21,0.06584
2024-07-15 11:26:22,0.066832
2024-07-15 11:26:23,0.026768
2024-07-15 11:26:24,0.022736
2024-07-15 11:26:25,0.033864
2024-07-15 11:26:26,0.05176
2024-07-15 11:26:27,0.072112
2024-07-15 11:26:28,0.04636
2024-07-15 11:26:29,0.033376
2024-07-15 11:26:30,0.073312
2024-07-15 11:26:31,0.032376
2024-07-15 11:26:32,0.040144
2024-07-15 11:26:33,0.013632
2024-07-15 11:26:34,0.020152
2024-07-15 11:26:35,0.03408
2024-07-15 11:26:36,0.038616
2024-07-15 11:26:37,0.019056
2024-07-15 11:26:38,0.033928
2024-07-15 11:26:39,0.033168
2024-07-15 11:26:40,0.032576
2024-07-15 11:26:41,0.039936
2024-07-15 11:26:42,0.037736
2024-07-15 11:26:43,0.039896
2024-07-15 11:26:44,0.022432
2024-07-15 11:26:45,0.02812
2024-07-15 11:26:46,0.026664
2024-07-15 11:26:47,0.022632
2024-07-15 11:26:48,0.02624
2024-07-15 11:26:49,0.027536
2024-07-15 11:26:50,0.024104
2024-07-15 11:26:51,0.075272
2024-07-15 11:26:52,0.138792
2024-07-15 11:26:53,0.06488
2024-07-15 11:26:54,0.055704
2024-07-15 11:26:55,0.047808
2024-07-15 11:26:56,0.037592
2024-07-15 11:26:57,0.034504
2024-07-15 11:26:58,0.080816
2024-07-15 11:26:59,0.075472
2024-07-15 11:27:00,0.099224
2024-07-15 11:27:01,0.106944
2024-07-15 11:27:02,0.12864
2024-07-15 11:27:03,0.124544
2024-07-15 11:27:04,0.134144
2024-07-15 11:27:05,0.138024
2024-07-15 11:27:06,0.126384
2024-07-15 11:27:07,0.110528
2024-07-15 11:27:08,0.114176
2024-07-15 11:27:09,0.11468
2024-07-15 11:27:10,0.114232
2024-07-15 11:27:11,0.096016
2024-07-15 11:27:12,0.105152
2024-07-15 11:27:13,0.119336
2024-07-15 11:27:14,0.105944
2024-07-15 11:27:15,0.07524
2024-07-15 11:27:16,0.098432
2024-07-15 11:27:17,0.033648
2024-07-15 11:27:18,0.06328
2024-07-15 11:27:19,0.039536
2024-07-15 11:27:20,0.036384
2024-07-15 11:27:21,0.04112
2024-07-15 11:27:22,0.022992
2024-07-15 11:27:23,0.034624
2024-07-15 11:27:24,0.01068
2024-07-15 11:27:25,0.030832
2024-07-15 11:27:26,0.227264
2024-07-15 11:27:27,0.027408
2024-07-15 11:27:28,0.193472
2024-07-15 11:27:29,0.05616
2024-07-15 11:27:30,0.03508
2024-07-15 11:27:31,0.051488
2024-07-15 11:27:32,0.0232
2024-07-15 11:27:33,0.096632
2024-07-15 11:27:34,0.040904
2024-07-15 11:27:35,0.018576
2024-07-15 11:27:36,0.019184
2024-07-15 11:27:37,0.021104
2024-07-15 11:27:38,0.016608
2024-07-15 11:27:39,0.0422
2024-07-15 11:27:40,0.034464
2024-07-15 11:27:41,0.038624
2024-07-15 11:27:42,0.050408
2024-07-15 11:27:43,0.048792
2024-07-15 11:27:44,0.0316
2024-07-15 11:27:45,0.039144
2024-07-15 11:27:46,0.043048
2024-07-15 11:27:47,0.042208
2024-07-15 11:27:48,0.035904
2024-07-15 11:27:49,0.043856
2024-07-15 11:27:50,0.02096
2024-07-15 11:27:51,0.017808
2024-07-15 11:27:52,0.021312
2024-07-15 11:27:53,0.01848
2024-07-15 11:27:54,0.014704
2024-07-15 11:27:55,0.015368
2024-07-15 11:27:56,0.054176
2024-07-15 11:27:57,0.046512
2024-07-15 11:27:58,0.04428
2024-07-15 11:27:59,0.032096
2024-07-15 11:28:00,0.0332
2024-07-15 11:28:01,0.043112
2024-07-15 11:28:02,0.027352
2024-07-15 11:28:03,0.021552
2024-07-15 11:28:04,0.024816
2024-07-15 11:28:05,0.030792
2024-07-15 11:28:06,0.034232
2024-07-15 11:28:07,0.029784
2024-07-15 11:28:08,0.024
2024-07-15 11:28:09,0.032528
2024-07-15 11:28:10,0.025784
2024-07-15 11:28:11,0.0256
2024-07-15 11:28:12,0.140144
2024-07-15 11:28:13,0.120144
2024-07-15 11:28:14,0.044656
2024-07-15 11:28:15,0.038144
2024-07-15 11:28:16,0.063848
2024-07-15 11:28:17,0.03884
2024-07-15 11:28:18,0.058728
2024-07-15 11:28:19,0.093536
2024-07-15 11:28:20,0.089656
2024-07-15 11:28:21,0.116928
2024-07-15 11:28:22,0.133896
2024-07-15 11:28:23,0.144328
2024-07-15 11:28:24,0.147464
2024-07-15 11:28:25,0.199672
2024-07-15 11:28:26,0.136464
2024-07-15 11:28:27,0.1702
2024-07-15 11:28:28,0.128304
2024-07-15 11:28:29,0.132992
2024-07-15 11:28:30,0.146432
2024-07-15 11:28:31,0.139288
2024-07-15 11:28:32,0.128256
2024-07-15 11:28:33,0.132824
2024-07-15 11:28:34,0.112072
2024-07-15 11:28:35,0.160088
2024-07-15 11:28:36,0.129008
2024-07-15 11:28:37,0.076192
2024-07-15 11:28:38,0.070448
2024-07-15 11:28:39,0.057192
2024-07-15 11:28:40,0.069328
2024-07-15 11:28:41,0.071816
2024-07-15 11:28:42,0.05968
2024-07-15 11:28:43,0.068848
2024-07-15 11:28:44,0.077904
2024-07-15 11:28:45,0.048152
2024-07-15 11:28:46,0.044768
2024-07-15 11:28:47,0.033544
2024-07-15 11:28:48,0.047344
2024-07-15 11:28:49,0.052432
2024-07-15 11:28:50,0.027664
2024-07-15 11:28:51,0.021776
2024-07-15 11:28:52,0.029416
2024-07-15 11:28:53,0.237768
2024-07-15 11:28:54,0.036664
2024-07-15 11:28:55,0.174472
2024-07-15 11:28:56,0.066568
2024-07-15 11:28:57,0.081624
2024-07-15 11:28:58,0.026304
2024-07-15 11:28:59,0.048208
2024-07-15 11:29:00,0.045336
2024-07-15 11:29:01,0.06472
2024-07-15 11:29:02,0.034216
2024-07-15 11:29:03,0.023296
2024-07-15 11:29:04,0.019456
2024-07-15 11:29:05,0.050104
2024-07-15 11:29:06,0.024664
2024-07-15 11:29:07,0.022872
2024-07-15 11:29:08,0.05428
2024-07-15 11:29:09,0.04436
2024-07-15 11:29:10,0.032656
2024-07-15 11:29:11,0.036864
2024-07-15 11:29:12,0.047312
2024-07-15 11:29:13,0.027168
2024-07-15 11:29:14,0.032304
2024-07-15 11:29:15,0.032952
2024-07-15 11:29:16,0.033888
2024-07-15 11:29:17,0.02252
2024-07-15 11:29:18,0.032296
2024-07-15 11:29:19,0.017752
2024-07-15 11:29:20,0.02896
2024-07-15 11:29:21,0.022392
2024-07-15 11:29:22,0.01468
2024-07-15 11:29:23,0.012608
2024-07-15 11:29:24,0.016944
2024-07-15 11:29:25,0.082352
2024-07-15 11:29:26,0.144504
2024-07-15 11:29:27,0.0614
2024-07-15 11:29:28,0.048048
2024-07-15 11:29:29,0.053704
2024-07-15 11:29:30,0.042848
2024-07-15 11:29:31,0.045232
2024-07-15 11:29:32,0.096424
2024-07-15 11:29:33,0.10196
2024-07-15 11:29:34,0.148544
2024-07-15 11:29:35,0.151584
2024-07-15 11:29:36,0.164072
2024-07-15 11:29:37,0.167272
2024-07-15 11:29:38,0.185464
2024-07-15 11:29:39,0.191328
2024-07-15 11:29:40,0.17484
2024-07-15 11:29:41,0.175088
2024-07-15 11:29:42,0.138224
2024-07-15 11:29:43,0.145656
2024-07-15 11:29:44,0.122784
2024-07-15 11:29:45,0.1368
2024-07-15 11:29:46,0.147104
2024-07-15 11:29:47,0.129016
2024-07-15 11:29:48,0.16208
2024-07-15 11:29:49,0.095264
2024-07-15 11:29:50,0.087544
2024-07-15 11:29:51,0.074016
2024-07-15 11:29:52,0.074072
2024-07-15 11:29:53,0.090976
2024-07-15 11:29:54,0.067728
2024-07-15 11:29:55,0.074072
2024-07-15 11:29:56,0.08964
2024-07-15 11:29:57,0.037776
2024-07-15 11:29:58,0.03772
2024-07-15 11:29:59,0.043432
2024-07-15 11:30:00,0.029256
2024-07-15 11:30:01,0.02596
2024-07-15 11:30:02,0.015168
2024-07-15 11:30:03,0.012136
2024-07-15 11:30:04,0.041712
2024-07-15 11:30:05,0.25636
2024-07-15 11:30:06,0.034888
2024-07-15 11:30:07,0.078136
2024-07-15 11:30:08,0.037888
2024-07-15 11:30:09,0.033824
2024-07-15 11:30:10,0.02756
2024-07-15 11:30:11,0.024904
2024-07-15 11:30:12,0.03132
2024-07-15 11:30:13,0.046072
2024-07-15 11:30:14,0.032216
2024-07-15 11:30:15,0.028544
2024-07-15 11:30:16,0.039504
2024-07-15 11:30:17,0.059288
2024-07-15 11:30:18,0.053504
2024-07-15 11:30:19,0.05584
2024-07-15 11:30:20,0.062336
2024-07-15 11:30:21,0.063568
2024-07-15 11:30:22,0.052208
2024-07-15 11:30:23,0.048016
2024-07-15 11:30:24,0.062768
2024-07-15 11:30:25,0.061224
2024-07-15 11:30:26,0.065744
2024-07-15 11:30:27,0.055928
2024-07-15 11:30:28,0.049192
2024-07-15 11:30:29,0.050624
2024-07-15 11:30:30,0.046384
2024-07-15 11:30:31,0.039672
2024-07-15 11:30:32,0.04644
2024-07-15 11:30:33,0.049048
2024-07-15 11:30:34,0.05192
2024-07-15 11:30:35,0.040248
2024-07-15 11:30:36,0.042008
2024-07-15 11:30:37,0.039656
2024-07-15 11:30:38,0.03512
2024-07-15 11:30:39,0.0434
2024-07-15 11:30:40,0.079472
2024-07-15 11:30:41,0.0328
2024-07-15 11:30:42,0.134304
2024-07-15 11:30:43,0.075552
2024-07-15 11:30:44,0.0556
2024-07-15 11:30:45,0.028184
2024-07-15 11:30:46,0.033896
2024-07-15 11:30:47,0.034056
2024-07-15 11:30:48,0.034656
2024-07-15 11:30:49,0.01536
2024-07-15 11:30:50,0.034928
2024-07-15 11:30:51,0.028752
2024-07-15 11:30:52,0.023336
2024-07-15 11:30:53,0.020368
2024-07-15 11:30:54,0.035848
2024-07-15 11:30:55,0.02252
2024-07-15 11:30:56,0.01632
2024-07-15 11:30:57,0.032944
2024-07-15 11:30:58,0.028504
2024-07-15 11:30:59,0.017872
2024-07-15 11:31:00,0.026368
2024-07-15 11:31:01,0.017136
2024-07-15 11:31:02,0.0286
2024-07-15 11:31:03,0.019512
2024-07-15 11:31:04,0.029896
2024-07-15 11:31:05,0.024424
2024-07-15 11:31:06,0.041816
2024-07-15 11:31:07,0.027744
2024-07-15 11:31:08,0.041456
2024-07-15 11:31:09,0.016656
2024-07-15 11:31:10,0.0198
2024-07-15 11:31:11,0.031192
2024-07-15 11:31:12,0.156152
2024-07-15 11:31:13,0.118592
2024-07-15 11:31:14,0.02288
2024-07-15 11:31:15,0.067552
2024-07-15 11:31:16,0.054984
2024-07-15 11:31:17,0.026216
2024-07-15 11:31:18,0.079856
2024-07-15 11:31:19,0.09116
2024-07-15 11:31:20,0.08708
2024-07-15 11:31:21,0.114904
2024-07-15 11:31:22,0.156832
2024-07-15 11:31:23,0.17484
2024-07-15 11:31:24,0.145328
2024-07-15 11:31:25,0.191072
2024-07-15 11:31:26,0.189472
2024-07-15 11:31:27,0.171288
2024-07-15 11:31:28,0.148096
2024-07-15 11:31:29,0.138712
2024-07-15 11:31:30,0.147808
2024-07-15 11:31:31,0.172496
2024-07-15 11:31:32,0.144536
2024-07-15 11:31:33,0.162072
2024-07-15 11:31:34,0.099064
2024-07-15 11:31:35,0.140896
2024-07-15 11:31:36,0.104344
2024-07-15 11:31:37,0.093928
2024-07-15 11:31:38,0.077192
2024-07-15 11:31:39,0.067232
2024-07-15 11:31:40,0.0888
2024-07-15 11:31:41,0.046648
2024-07-15 11:31:42,0.064344
2024-07-15 11:31:43,0.032896
2024-07-15 11:31:44,0.038096
2024-07-15 11:31:45,0.030776
2024-07-15 11:31:46,0.037904
2024-07-15 11:31:47,0.032544
2024-07-15 11:31:48,0.041088
2024-07-15 11:31:49,0.035328
2024-07-15 11:31:50,0.046416
2024-07-15 11:31:51,0.019096
2024-07-15 11:31:52,0.064672
2024-07-15 11:31:53,0.264224
2024-07-15 11:31:54,0.03192
2024-07-15 11:31:55,0.212184
2024-07-15 11:31:56,0.027304
2024-07-15 11:31:57,0.01708
2024-07-15 11:31:58,0.041816
2024-07-15 11:31:59,0.030792
2024-07-15 11:32:00,0.030496
2024-07-15 11:32:01,0.030872
2024-07-15 11:32:02,0.03248
2024-07-15 11:32:03,0.030968
2024-07-15 11:32:04,0.039848
2024-07-15 11:32:05,0.025864
2024-07-15 11:32:06,0.018864
2024-07-15 11:32:07,0.012984
2024-07-15 11:32:08,0.013056
2024-07-15 11:32:09,0.01472
2024-07-15 11:32:10,0.01604
2024-07-15 11:32:11,0.027304
2024-07-15 11:32:12,0.023264
2024-07-15 11:32:13,0.02
2024-07-15 11:32:14,0.024456
2024-07-15 11:32:15,0.028968
2024-07-15 11:32:16,0.019808
2024-07-15 11:32:17,0.01068
2024-07-15 11:32:18,0.015824
2024-07-15 11:32:19,0.013352
2024-07-15 11:32:20,0.017376
2024-07-15 11:32:21,0.011328
2024-07-15 11:32:22,0.012944
2024-07-15 11:32:23,0.012144
2024-07-15 11:32:24,0.017568
2024-07-15 11:32:25,0.143728
2024-07-15 11:32:26,0.132144
2024-07-15 11:32:27,0.091224
2024-07-15 11:32:28,0.091624
2024-07-15 11:32:29,0.051752
2024-07-15 11:32:30,0.043312
2024-07-15 11:32:31,0.087512
2024-07-15 11:32:32,0.072056
2024-07-15 11:32:33,0.090328
2024-07-15 11:32:34,0.11832
2024-07-15 11:32:35,0.147872
2024-07-15 11:32:36,0.131696
2024-07-15 11:32:37,0.182176
2024-07-15 11:32:38,0.181824
2024-07-15 11:32:39,0.16124
2024-07-15 11:32:40,0.160648
2024-07-15 11:32:41,0.139856
2024-07-15 11:32:42,0.128
2024-07-15 11:32:43,0.13044
2024-07-15 11:32:44,0.109576
2024-07-15 11:32:45,0.119296
2024-07-15 11:32:46,0.125712
2024-07-15 11:32:47,0.080544
2024-07-15 11:32:48,0.091808
2024-07-15 11:32:49,0.070592
2024-07-15 11:32:50,0.087736
2024-07-15 11:32:51,0.067024
2024-07-15 11:32:52,0.075024
2024-07-15 11:32:53,0.054992
2024-07-15 11:32:54,0.05876
2024-07-15 11:32:55,0.073192
2024-07-15 11:32:56,0.057472
2024-07-15 11:32:57,0.0488
2024-07-15 11:32:58,0.041056
2024-07-15 11:32:59,0.053128
2024-07-15 11:33:00,0.041368
2024-07-15 11:33:01,0.026216
2024-07-15 11:33:02,0.032376
2024-07-15 11:33:03,0.051304
2024-07-15 11:33:04,0.015008
2024-07-15 11:33:05,0.03864
2024-07-15 11:33:06,0.2528
2024-07-15 11:33:07,0.037808
2024-07-15 11:33:08,0.283856
2024-07-15 11:33:09,0.056304
2024-07-15 11:33:10,0.042032
2024-07-15 11:33:11,0.054072
2024-07-15 11:33:12,0.063024
2024-07-15 11:33:13,0.050608
2024-07-15 11:33:14,0.040664
2024-07-15 11:33:15,0.027816
2024-07-15 11:33:16,0.031936
2024-07-15 11:33:17,0.041456
2024-07-15 11:33:18,0.029336
2024-07-15 11:33:19,0.024984
2024-07-15 11:33:20,0.032656
2024-07-15 11:33:21,0.0394
2024-07-15 11:33:22,0.051368
2024-07-15 11:33:23,0.043
2024-07-15 11:33:24,0.037696
2024-07-15 11:33:25,0.015984
2024-07-15 11:33:26,0.022592
2024-07-15 11:33:27,0.029912
2024-07-15 11:33:28,0.110784
2024-07-15 11:33:29,0.02896
2024-07-15 11:33:30,0.028448
2024-07-15 11:33:31,0.101808
2024-07-15 11:33:32,0.103384
2024-07-15 11:33:33,0.109928
2024-07-15 11:33:34,0.122664
2024-07-15 11:33:35,0.12556
2024-07-15 11:33:36,0.19636
2024-07-15 11:33:37,0.19588
2024-07-15 11:33:38,0.231392
2024-07-15 11:33:39,0.193904
2024-07-15 11:33:40,0.244472
2024-07-15 11:33:41,0.198224
2024-07-15 11:33:42,0.185832
2024-07-15 11:33:43,0.208232
2024-07-15 11:33:44,0.188264
2024-07-15 11:33:45,0.127344
2024-07-15 11:33:46,0.126128
2024-07-15 11:33:47,0.078416
2024-07-15 11:33:48,0.082944
2024-07-15 11:33:49,0.109136
2024-07-15 11:33:50,0.099328
2024-07-15 11:33:51,0.079168
2024-07-15 11:33:52,0.093832
2024-07-15 11:33:53,0.06932
2024-07-15 11:33:54,0.068864
2024-07-15 11:33:55,0.054528
2024-07-15 11:33:56,0.063856
2024-07-15 11:33:57,0.232224
2024-07-15 11:33:58,0.114848
2024-07-15 11:33:59,0.149824
2024-07-15 11:34:00,0.057232
2024-07-15 11:34:01,0.06792
2024-07-15 11:34:02,0.04508
2024-07-15 11:34:03,0.043096
2024-07-15 11:34:04,0.039472
2024-07-15 11:34:05,0.03528
2024-07-15 11:34:06,0.029888
2024-07-15 11:34:07,0.031584
2024-07-15 11:34:08,0.04924
2024-07-15 11:34:09,0.057608
2024-07-15 11:34:10,0.03388
2024-07-15 11:34:11,0.039952
2024-07-15 11:34:12,0.065712
2024-07-15 11:34:13,0.033184
2024-07-15 11:34:14,0.021904
2024-07-15 11:34:15,0.033536
2024-07-15 11:34:16,0.02196
2024-07-15 11:34:17,0.05516
2024-07-15 11:34:18,0.02268
2024-07-15 11:34:19,0.016408
2024-07-15 11:34:20,0.037064
2024-07-15 11:34:21,0.031856
2024-07-15 11:34:22,0.026392
2024-07-15 11:34:23,0.036064
2024-07-15 11:34:24,0.045
2024-07-15 11:34:25,0.06104
2024-07-15 11:34:26,0.02356
2024-07-15 11:34:27,0.051608
2024-07-15 11:34:28,0.147464
2024-07-15 11:34:29,0.147944
2024-07-15 11:34:30,0.047472
2024-07-15 11:34:31,0.075544
2024-07-15 11:34:32,0.05344
2024-07-15 11:34:33,0.052264
2024-07-15 11:34:34,0.102192
2024-07-15 11:34:35,0.103176
2024-07-15 11:34:36,0.112896
2024-07-15 11:34:37,0.154784
2024-07-15 11:34:38,0.175424
2024-07-15 11:34:39,0.174296
2024-07-15 11:34:40,0.167464
2024-07-15 11:34:41,0.239224
2024-07-15 11:34:42,0.219008
2024-07-15 11:34:43,0.22516
2024-07-15 11:34:44,0.167608
2024-07-15 11:34:45,0.17516
2024-07-15 11:34:46,0.153664
2024-07-15 11:34:47,0.146424
2024-07-15 11:34:48,0.113232
2024-07-15 11:34:49,0.11436
2024-07-15 11:34:50,0.115416
2024-07-15 11:34:51,0.144472
2024-07-15 11:34:52,0.12368
2024-07-15 11:34:53,0.150768
2024-07-15 11:34:54,0.098032
2024-07-15 11:34:55,0.08812
2024-07-15 11:34:56,0.079304
2024-07-15 11:34:57,0.088928
2024-07-15 11:34:58,0.086904
2024-07-15 11:34:59,0.089304
2024-07-15 11:35:00,0.0592
2024-07-15 11:35:01,0.035576
2024-07-15 11:35:02,0.05856
2024-07-15 11:35:03,0.243576
2024-07-15 11:35:04,0.05372
2024-07-15 11:35:05,0.16896
2024-07-15 11:35:06,0.088672
2024-07-15 11:35:07,0.020056
2024-07-15 11:35:08,0.013056
2024-07-15 11:35:09,0.0248
2024-07-15 11:35:10,0.014728
2024-07-15 11:35:11,0.044552
2024-07-15 11:35:12,0.030848
2024-07-15 11:35:13,0.029784
2024-07-15 11:35:14,0.028224
2024-07-15 11:35:15,0.031368
2024-07-15 11:35:16,0.048144
2024-07-15 11:35:17,0.023344
2024-07-15 11:35:18,0.018672
2024-07-15 11:35:19,0.033888
2024-07-15 11:35:20,0.036224
2024-07-15 11:35:21,0.045664
2024-07-15 11:35:22,0.035864
2024-07-15 11:35:23,0.034928
2024-07-15 11:35:24,0.01888
2024-07-15 11:35:25,0.022248
2024-07-15 11:35:26,0.033256
2024-07-15 11:35:27,0.023368
2024-07-15 11:35:28,0.05232
2024-07-15 11:35:29,0.041192
2024-07-15 11:35:30,0.054128
2024-07-15 11:35:31,0.02988
2024-07-15 11:35:32,0.045432
2024-07-15 11:35:33,0.03856
2024-07-15 11:35:34,0.023528
2024-07-15 11:35:35,0.02604
2024-07-15 11:35:36,0.033192
2024-07-15 11:35:37,0.01068
2024-07-15 11:35:38,0.021592
2024-07-15 11:35:39,0.036704
2024-07-15 11:35:40,0.046264
2024-07-15 11:35:41,0.023528
2024-07-15 11:35:42,0.04396
2024-07-15 11:35:43,0.038176
2024-07-15 11:35:44,0.01936
2024-07-15 11:35:45,0.017528
2024-07-15 11:35:46,0.028776
2024-07-15 11:35:47,0.034616
2024-07-15 11:35:48,0.036032
2024-07-15 11:35:49,0.03104
2024-07-15 11:35:50,0.030984
2024-07-15 11:35:51,0.029784
2024-07-15 11:35:52,0.017992
2024-07-15 11:35:53,0.02864
2024-07-15 11:35:54,0.039784
2024-07-15 11:35:55,0.100112
2024-07-15 11:35:56,0.1516
2024-07-15 11:35:57,0.109392
2024-07-15 11:35:58,0.045304
2024-07-15 11:35:59,0.096168
2024-07-15 11:36:00,0.04696
2024-07-15 11:36:01,0.019072
2024-07-15 11:36:02,0.147584
2024-07-15 11:36:03,0.142608
2024-07-15 11:36:04,0.156752
2024-07-15 11:36:05,0.191688
2024-07-15 11:36:06,0.240864
2024-07-15 11:36:07,0.2304
2024-07-15 11:36:08,0.28184
2024-07-15 11:36:09,0.261312
2024-07-15 11:36:10,0.292592
2024-07-15 11:36:11,0.232648
2024-07-15 11:36:12,0.222656
2024-07-15 11:36:13,0.211864
2024-07-15 11:36:14,0.190968
2024-07-15 11:36:15,0.209544
2024-07-15 11:36:16,0.188328
2024-07-15 11:36:17,0.17348
2024-07-15 11:36:18,0.131984
2024-07-15 11:36:19,0.172736
2024-07-15 11:36:20,0.143848
2024-07-15 11:36:21,0.164504
2024-07-15 11:36:22,0.136136
2024-07-15 11:36:23,0.144896
2024-07-15 11:36:24,0.185632
2024-07-15 11:36:25,0.087224
2024-07-15 11:36:26,0.10732
2024-07-15 11:36:27,0.118848
2024-07-15 11:36:28,0.072088
2024-07-15 11:36:29,0.091672
2024-07-15 11:36:30,0.13108
2024-07-15 11:36:31,0.027472
2024-07-15 11:36:32,0.036072
2024-07-15 11:36:33,0.030992
2024-07-15 11:36:34,0.284576
2024-07-15 11:36:35,0.038672
2024-07-15 11:36:36,0.206656
2024-07-15 11:36:37,0.086608
2024-07-15 11:36:38,0.040128
2024-07-15 11:36:39,0.067128
2024-07-15 11:36:40,0.02072
2024-07-15 11:36:41,0.020928
2024-07-15 11:36:42,0.032264
2024-07-15 11:36:43,0.01788
2024-07-15 11:36:44,0.023312
2024-07-15 11:36:45,0.042912
2024-07-15 11:36:46,0.087152
2024-07-15 11:36:47,0.058888
2024-07-15 11:36:48,0.029488
2024-07-15 11:36:49,0.049272
2024-07-15 11:36:50,0.0494
2024-07-15 11:36:51,0.055
2024-07-15 11:36:52,0.0374
2024-07-15 11:36:53,0.040008
2024-07-15 11:36:54,0.031648
2024-07-15 11:36:55,0.046776
2024-07-15 11:36:56,0.038608
2024-07-15 11:36:57,0.032056
2024-07-15 11:36:58,0.051088
2024-07-15 11:36:59,0.039936
2024-07-15 11:37:00,0.060128
2024-07-15 11:37:01,0.064664
2024-07-15 11:37:02,0.024016
2024-07-15 11:37:03,0.045192
2024-07-15 11:37:04,0.031824
2024-07-15 11:37:05,0.052184
2024-07-15 11:37:06,0.030296
2024-07-15 11:37:07,0.044704
2024-07-15 11:37:08,0.037184
2024-07-15 11:37:09,0.015968
2024-07-15 11:37:10,0.053656
2024-07-15 11:37:11,0.050408
2024-07-15 11:37:12,0.050808
2024-07-15 11:37:13,0.040456
2024-07-15 11:37:14,0.055424
2024-07-15 11:37:15,0.059864
2024-07-15 11:37:16,0.03488
2024-07-15 11:37:17,0.039792
2024-07-15 11:37:18,0.037928
2024-07-15 11:37:19,0.014512
2024-07-15 11:37:20,0.102208
2024-07-15 11:37:21,0.191728
2024-07-15 11:37:22,0.060208
2024-07-15 11:37:23,0.0544
2024-07-15 11:37:24,0.057712
2024-07-15 11:37:25,0.0288
2024-07-15 11:37:26,0.06192
2024-07-15 11:37:27,0.13764
2024-07-15 11:37:28,0.12272
2024-07-15 11:37:29,0.185496
2024-07-15 11:37:30,0.181016
2024-07-15 11:37:31,0.246176
2024-07-15 11:37:32,0.245168
2024-07-15 11:37:33,0.29076
2024-07-15 11:37:34,0.309408
2024-07-15 11:37:35,0.293416
2024-07-15 11:37:36,0.247856
2024-07-15 11:37:37,0.248912
2024-07-15 11:37:38,0.18184
2024-07-15 11:37:39,0.187872
2024-07-15 11:37:40,0.180232
2024-07-15 11:37:41,0.19436
2024-07-15 11:37:42,0.158672
2024-07-15 11:37:43,0.18284
2024-07-15 11:37:44,0.19072
2024-07-15 11:37:45,0.151432
2024-07-15 11:37:46,0.109592
2024-07-15 11:37:47,0.106224
2024-07-15 11:37:48,0.172408
2024-07-15 11:37:49,0.111024
2024-07-15 11:37:50,0.123624
2024-07-15 11:37:51,0.131936
2024-07-15 11:37:52,0.112144
2024-07-15 11:37:53,0.129744
2024-07-15 11:37:54,0.106264
2024-07-15 11:37:55,0.108224
2024-07-15 11:37:56,0.113968
2024-07-15 11:37:57,0.082992
2024-07-15 11:37:58,0.055232
2024-07-15 11:37:59,0.058168
2024-07-15 11:38:00,0.08184
2024-07-15 11:38:01,0.067504
2024-07-15 11:38:02,0.036584
2024-07-15 11:38:03,0.063496
2024-07-15 11:38:04,0.282904
2024-07-15 11:38:05,0.059448
2024-07-15 11:38:06,0.084704
2024-07-15 11:38:07,0.049168
2024-07-15 11:38:08,0.05756
2024-07-15 11:38:09,0.03948
2024-07-15 11:38:10,0.03904
2024-07-15 11:38:11,0.031464
2024-07-15 11:38:12,0.041608
2024-07-15 11:38:13,0.044408
2024-07-15 11:38:14,0.03784
2024-07-15 11:38:15,0.051416
2024-07-15 11:38:16,0.04924
2024-07-15 11:38:17,0.049072
2024-07-15 11:38:18,0.057568
2024-07-15 11:38:19,0.056464
2024-07-15 11:38:20,0.055688
2024-07-15 11:38:21,0.059608
2024-07-15 11:38:22,0.05084
2024-07-15 11:38:23,0.059584
2024-07-15 11:38:24,0.0578
2024-07-15 11:38:25,0.049152
2024-07-15 11:38:26,0.057752
2024-07-15 11:38:27,0.062648
2024-07-15 11:38:28,0.057904
2024-07-15 11:38:29,0.052712
2024-07-15 11:38:30,0.060856
2024-07-15 11:38:31,0.062832
2024-07-15 11:38:32,0.029288
2024-07-15 11:38:33,0.049696
2024-07-15 11:38:34,0.063088
2024-07-15 11:38:35,0.05896
2024-07-15 11:38:36,0.069384
2024-07-15 11:38:37,0.062416
2024-07-15 11:38:38,0.060976
2024-07-15 11:38:39,0.090416
2024-07-15 11:38:40,0.023544
2024-07-15 11:38:41,0.096016
2024-07-15 11:38:42,0.105496
2024-07-15 11:38:43,0.088744
2024-07-15 11:38:44,0.053672
2024-07-15 11:38:45,0.043008
2024-07-15 11:38:46,0.054752
2024-07-15 11:38:47,0.0512
2024-07-15 11:38:48,0.03008
2024-07-15 11:38:49,0.01744
2024-07-15 11:38:50,0.028552
2024-07-15 11:38:51,0.020368
2024-07-15 11:38:52,0.035736
2024-07-15 11:38:53,0.033992
2024-07-15 11:38:54,0.039768
2024-07-15 11:38:55,0.025752
2024-07-15 11:38:56,0.038864
2024-07-15 11:38:57,0.035832
2024-07-15 11:38:58,0.034688
2024-07-15 11:38:59,0.039928
2024-07-15 11:39:00,0.020016
2024-07-15 11:39:01,0.013512
2024-07-15 11:39:02,0.021864
2024-07-15 11:39:03,0.075488
2024-07-15 11:39:04,0.045784
2024-07-15 11:39:05,0.029592
2024-07-15 11:39:06,0.03768
2024-07-15 11:39:07,0.03204
2024-07-15 11:39:08,0.06584
2024-07-15 11:39:09,0.033024
2024-07-15 11:39:10,0.020352
2024-07-15 11:39:11,0.110016
2024-07-15 11:39:12,0.10692
2024-07-15 11:39:13,0.14424
2024-07-15 11:39:14,0.016176
2024-07-15 11:39:15,0.088616
2024-07-15 11:39:16,0.059776
2024-07-15 11:39:17,0.023856
2024-07-15 11:39:18,0.153768
2024-07-15 11:39:19,0.131864
2024-07-15 11:39:20,0.192112
2024-07-15 11:39:21,0.191064
2024-07-15 11:39:22,0.293168
2024-07-15 11:39:23,0.279496
2024-07-15 11:39:24,0.252272
2024-07-15 11:39:25,0.288376
2024-07-15 11:39:26,0.360544
2024-07-15 11:39:27,0.24808
2024-07-15 11:39:28,0.224672
2024-07-15 11:39:29,0.23428
2024-07-15 11:39:30,0.194336
2024-07-15 11:39:31,0.207728
2024-07-15 11:39:32,0.204192
2024-07-15 11:39:33,0.302616
2024-07-15 11:39:34,0.206856
2024-07-15 11:39:35,0.195272
2024-07-15 11:39:36,0.239536
2024-07-15 11:39:37,0.17084
2024-07-15 11:39:38,0.161944
2024-07-15 11:39:39,0.16988
2024-07-15 11:39:40,0.110304
2024-07-15 11:39:41,0.135816
2024-07-15 11:39:42,0.143248
2024-07-15 11:39:43,0.103784
2024-07-15 11:39:44,0.102448
2024-07-15 11:39:45,0.03616
2024-07-15 11:39:46,0.06108
2024-07-15 11:39:47,0.051112
2024-07-15 11:39:48,0.29652
2024-07-15 11:39:49,0.043704
2024-07-15 11:39:50,0.286504
2024-07-15 11:39:51,0.050072
2024-07-15 11:39:52,0.073152
2024-07-15 11:39:53,0.050632
2024-07-15 11:39:54,0.040984
2024-07-15 11:39:55,0.042936
2024-07-15 11:39:56,0.028544
2024-07-15 11:39:57,0.045848
2024-07-15 11:39:58,0.024928
2024-07-15 11:39:59,0.016232
2024-07-15 11:40:00,0.017608
2024-07-15 11:40:01,0.01672
2024-07-15 11:40:02,0.017208
2024-07-15 11:40:03,0.021312
2024-07-15 11:40:04,0.01628
2024-07-15 11:40:05,0.01692
2024-07-15 11:40:06,0.022224
2024-07-15 11:40:07,0.027352
2024-07-15 11:40:08,0.039728
2024-07-15 11:40:09,0.0222
2024-07-15 11:40:10,0.025872
2024-07-15 11:40:11,0.028336
2024-07-15 11:40:12,0.053968
2024-07-15 11:40:13,0.049112
2024-07-15 11:40:14,0.06004
2024-07-15 11:40:15,0.058192
2024-07-15 11:40:16,0.048248
2024-07-15 11:40:17,0.055104
2024-07-15 11:40:18,0.038536
2024-07-15 11:40:19,0.035208
2024-07-15 11:40:20,0.041256
2024-07-15 11:40:21,0.044488
2024-07-15 11:40:22,0.067736
2024-07-15 11:40:23,0.061168
2024-07-15 11:40:24,0.065032
2024-07-15 11:40:25,0.06944
2024-07-15 11:40:26,0.037936
2024-07-15 11:40:27,0.072656
2024-07-15 11:40:28,0.069216
2024-07-15 11:40:29,0.04064
2024-07-15 11:40:30,0.017872
2024-07-15 11:40:31,0.04364
2024-07-15 11:40:32,0.042016
2024-07-15 11:40:33,0.048352
2024-07-15 11:40:34,0.175624
2024-07-15 11:40:35,0.16524
2024-07-15 11:40:36,0.029456
2024-07-15 11:40:37,0.097208
2024-07-15 11:40:38,0.070824
2024-07-15 11:40:39,0.024944
2024-07-15 11:40:40,0.153592
2024-07-15 11:40:41,0.15976
2024-07-15 11:40:42,0.209072
2024-07-15 11:40:43,0.250624
2024-07-15 11:40:44,0.310552
2024-07-15 11:40:45,0.242352
2024-07-15 11:40:46,0.318984
2024-07-15 11:40:47,0.337784
2024-07-15 11:40:48,0.265336
2024-07-15 11:40:49,0.298208
2024-07-15 11:40:50,0.301712
2024-07-15 11:40:51,0.27824
2024-07-15 11:40:52,0.214912
2024-07-15 11:40:53,0.202376
2024-07-15 11:40:54,0.228248
2024-07-15 11:40:55,0.210976
2024-07-15 11:40:56,0.23356
2024-07-15 11:40:57,0.193352
2024-07-15 11:40:58,0.208112
2024-07-15 11:40:59,0.261152
2024-07-15 11:41:00,0.190984
2024-07-15 11:41:01,0.18212
2024-07-15 11:41:02,0.210936
2024-07-15 11:41:03,0.113952
2024-07-15 11:41:04,0.085664
2024-07-15 11:41:05,0.086816
2024-07-15 11:41:06,0.050728
2024-07-15 11:41:07,0.06228
2024-07-15 11:41:08,0.082792
2024-07-15 11:41:09,0.058568
2024-07-15 11:41:10,0.056944
2024-07-15 11:41:11,0.074304
2024-07-15 11:41:12,0.038816
2024-07-15 11:41:13,0.032928
2024-07-15 11:41:14,0.037112
2024-07-15 11:41:15,0.041584
2024-07-15 11:41:16,0.295712
2024-07-15 11:41:17,0.067368
2024-07-15 11:41:18,0.128376
2024-07-15 11:41:19,0.282248
2024-07-15 11:41:20,0.09348
2024-07-15 11:41:21,0.061136
2024-07-15 11:41:22,0.056728
2024-07-15 11:41:23,0.0238
2024-07-15 11:41:24,0.060104
2024-07-15 11:41:25,0.052552
2024-07-15 11:41:26,0.042552
2024-07-15 11:41:27,0.023072
2024-07-15 11:41:28,0.025176
2024-07-15 11:41:29,0.02276
2024-07-15 11:41:30,0.032768
2024-07-15 11:41:31,0.027088
2024-07-15 11:41:32,0.031584
2024-07-15 11:41:33,0.030728
2024-07-15 11:41:34,0.030144
2024-07-15 11:41:35,0.062112
2024-07-15 11:41:36,0.023832
2024-07-15 11:41:37,0.0192
2024-07-15 11:41:38,0.012112
2024-07-15 11:41:39,0.158624
2024-07-15 11:41:40,0.01808
2024-07-15 11:41:41,0.023664
2024-07-15 11:41:42,0.17388
2024-07-15 11:41:43,0.161664
2024-07-15 11:41:44,0.223648
2024-07-15 11:41:45,0.315056
2024-07-15 11:41:46,0.353272
2024-07-15 11:41:47,0.244864
2024-07-15 11:41:48,0.24024
2024-07-15 11:41:49,0.164696
2024-07-15 11:41:50,0.169848
2024-07-15 11:41:51,0.114136
2024-07-15 11:41:52,0.077528
2024-07-15 11:41:53,0.29384
2024-07-15 11:41:54,0.14912
2024-07-15 11:41:55,0.236072
2024-07-15 11:41:56,0.086192
2024-07-15 11:41:57,0.072568
2024-07-15 11:41:58,0.07808
2024-07-15 11:41:59,0.034968
2024-07-15 11:42:00,0.028544
2024-07-15 11:42:01,0.036512
2024-07-15 11:42:02,0.079392
2024-07-15 11:42:03,0.041488
2024-07-15 11:42:04,0.0438
2024-07-15 11:42:05,0.045984
2024-07-15 11:42:06,0.034216
2024-07-15 11:42:07,0.028408
2024-07-15 11:42:08,0.032544
2024-07-15 11:42:09,0.04032
2024-07-15 11:42:10,0.027768
2024-07-15 11:42:11,0.04908
2024-07-15 11:42:12,0.038232
2024-07-15 11:42:13,0.018256
2024-07-15 11:42:14,0.017624
2024-07-15 11:42:15,0.0252
2024-07-15 11:42:16,0.017728
2024-07-15 11:42:17,0.027984
2024-07-15 11:42:18,0.033024
2024-07-15 11:42:19,0.024104
2024-07-15 11:42:20,0.02496
2024-07-15 11:42:21,0.034552
2024-07-15 11:42:22,0.060512
2024-07-15 11:42:23,0.031856
2024-07-15 11:42:24,0.172448
2024-07-15 11:42:25,0.166736
2024-07-15 11:42:26,0.03116
2024-07-15 11:42:27,0.078136
2024-07-15 11:42:28,0.065064
2024-07-15 11:42:29,0.041088
2024-07-15 11:42:30,0.156576
2024-07-15 11:42:31,0.188032
2024-07-15 11:42:32,0.214784
2024-07-15 11:42:33,0.248568
2024-07-15 11:42:34,0.306632
2024-07-15 11:42:35,0.328376
2024-07-15 11:42:36,0.281288
2024-07-15 11:42:37,0.359832
2024-07-15 11:42:38,0.39872
2024-07-15 11:42:39,0.34592
2024-07-15 11:42:40,0.320512
2024-07-15 11:42:41,0.326744
2024-07-15 11:42:42,0.302848
2024-07-15 11:42:43,0.320136
2024-07-15 11:42:44,0.274208
2024-07-15 11:42:45,0.261584
2024-07-15 11:42:46,0.241264
2024-07-15 11:42:47,0.242768
2024-07-15 11:42:48,0.142424
2024-07-15 11:42:49,0.168344
2024-07-15 11:42:50,0.123344
2024-07-15 11:42:51,0.125728
2024-07-15 11:42:52,0.122568
2024-07-15 11:42:53,0.103088
2024-07-15 11:42:54,0.116536
2024-07-15 11:42:55,0.1146
2024-07-15 11:42:56,0.088352
2024-07-15 11:42:57,0.107056
2024-07-15 11:42:58,0.104408
2024-07-15 11:42:59,0.052368
2024-07-15 11:43:00,0.061608
2024-07-15 11:43:01,0.054064
2024-07-15 11:43:02,0.058544
2024-07-15 11:43:03,0.034784
2024-07-15 11:43:04,0.058536
2024-07-15 11:43:05,0.035616
2024-07-15 11:43:06,0.037344
2024-07-15 11:43:07,0.032848
2024-07-15 11:43:08,0.03004
2024-07-15 11:43:09,0.275
2024-07-15 11:43:10,0.079888
2024-07-15 11:43:11,0.103944
2024-07-15 11:43:12,0.20188
2024-07-15 11:43:13,0.02904
2024-07-15 11:43:14,0.030264
2024-07-15 11:43:15,0.018856
2024-07-15 11:43:16,0.013744
2024-07-15 11:43:17,0.028896
2024-07-15 11:43:18,0.06636
2024-07-15 11:43:19,0.09412
2024-07-15 11:43:20,0.084448
2024-07-15 11:43:21,0.093696
2024-07-15 11:43:22,0.079328
2024-07-15 11:43:23,0.047096
2024-07-15 11:43:24,0.06896
2024-07-15 11:43:25,0.041728
2024-07-15 11:43:26,0.041848
2024-07-15 11:43:27,0.042744
2024-07-15 11:43:28,0.049432
2024-07-15 11:43:29,0.04084
2024-07-15 11:43:30,0.065552
2024-07-15 11:43:31,0.065016
2024-07-15 11:43:32,0.066752
2024-07-15 11:43:33,0.037472
2024-07-15 11:43:34,0.047792
2024-07-15 11:43:35,0.02724
2024-07-15 11:43:36,0.047
2024-07-15 11:43:37,0.050128
2024-07-15 11:43:38,0.044008
2024-07-15 11:43:39,0.060176
2024-07-15 11:43:40,0.081448
2024-07-15 11:43:41,0.072232
2024-07-15 11:43:42,0.056776
2024-07-15 11:43:43,0.022208
2024-07-15 11:43:44,0.050768
2024-07-15 11:43:45,0.033864
2024-07-15 11:43:46,0.053904
2024-07-15 11:43:47,0.04412
2024-07-15 11:43:48,0.048448
2024-07-15 11:43:49,0.016168
2024-07-15 11:43:50,0.035384
2024-07-15 11:43:51,0.047472
2024-07-15 11:43:52,0.031064
2024-07-15 11:43:53,0.032264
2024-07-15 11:43:54,0.036048
2024-07-15 11:43:55,0.052024
2024-07-15 11:43:56,0.0234
2024-07-15 11:43:57,0.027992
2024-07-15 11:43:58,0.026064
2024-07-15 11:43:59,0.026464
2024-07-15 11:44:00,0.025288
2024-07-15 11:44:01,0.089536
2024-07-15 11:44:02,0.115144
2024-07-15 11:44:03,0.173552
2024-07-15 11:44:04,0.030208
2024-07-15 11:44:05,0.086856
2024-07-15 11:44:06,0.060608
2024-07-15 11:44:07,0.024272
2024-07-15 11:44:08,0.18744
2024-07-15 11:44:09,0.163208
2024-07-15 11:44:10,0.211176
2024-07-15 11:44:11,0.27516
2024-07-15 11:44:12,0.322088
2024-07-15 11:44:13,0.275072
2024-07-15 11:44:14,0.356256
2024-07-15 11:44:15,0.409992
2024-07-15 11:44:16,0.324888
2024-07-15 11:44:17,0.32568
2024-07-15 11:44:18,0.300008
2024-07-15 11:44:19,0.35288
2024-07-15 11:44:20,0.365352
2024-07-15 11:44:21,0.292664
2024-07-15 11:44:22,0.331944
2024-07-15 11:44:23,0.273256
2024-07-15 11:44:24,0.287408
2024-07-15 11:44:25,0.290048
2024-07-15 11:44:26,0.293392
2024-07-15 11:44:27,0.282
2024-07-15 11:44:28,0.249616
2024-07-15 11:44:29,0.297552
2024-07-15 11:44:30,0.318776
2024-07-15 11:44:31,0.242416
2024-07-15 11:44:32,0.288184
2024-07-15 11:44:33,0.263424
2024-07-15 11:44:34,0.243976
2024-07-15 11:44:35,0.243024
2024-07-15 11:44:36,0.139128
2024-07-15 11:44:37,0.223416
2024-07-15 11:44:38,0.17376
2024-07-15 11:44:39,0.207824
2024-07-15 11:44:40,0.225152
2024-07-15 11:44:41,0.1614
2024-07-15 11:44:42,0.184016
2024-07-15 11:44:43,0.179368
2024-07-15 11:44:44,0.129232
2024-07-15 11:44:45,0.03892
2024-07-15 11:44:46,0.041752
2024-07-15 11:44:47,0.016176
2024-07-15 11:44:48,0.049824
2024-07-15 11:44:49,0.306032
2024-07-15 11:44:50,0.065064
2024-07-15 11:44:51,0.221136
2024-07-15 11:44:52,0.094352
2024-07-15 11:44:53,0.05684
2024-07-15 11:44:54,0.064376
2024-07-15 11:44:55,0.074904
2024-07-15 11:44:56,0.067272
2024-07-15 11:44:57,0.04684
2024-07-15 11:44:58,0.040976
2024-07-15 11:44:59,0.02768
2024-07-15 11:45:00,0.03716
2024-07-15 11:45:01,0.062624
2024-07-15 11:45:02,0.044704
2024-07-15 11:45:03,0.029024
2024-07-15 11:45:04,0.034816
2024-07-15 11:45:05,0.032936
2024-07-15 11:45:06,0.034384
2024-07-15 11:45:07,0.02756
2024-07-15 11:45:08,0.03636
2024-07-15 11:45:09,0.022912
2024-07-15 11:45:10,0.024128
2024-07-15 11:45:11,0.044264
2024-07-15 11:45:12,0.035304
2024-07-15 11:45:13,0.049344
2024-07-15 11:45:14,0.076048
2024-07-15 11:45:15,0.076976
2024-07-15 11:45:16,0.060808
2024-07-15 11:45:17,0.040576
2024-07-15 11:45:18,0.04504
2024-07-15 11:45:19,0.049192
2024-07-15 11:45:20,0.023144
2024-07-15 11:45:21,0.102224
2024-07-15 11:45:22,0.216968
2024-07-15 11:45:23,0.071264
2024-07-15 11:45:24,0.064928
2024-07-15 11:45:25,0.060688
2024-07-15 11:45:26,0.036472
2024-07-15 11:45:27,0.066544
2024-07-15 11:45:28,0.150928
2024-07-15 11:45:29,0.158472
2024-07-15 11:45:30,0.227456
2024-07-15 11:45:31,0.352968
2024-07-15 11:45:32,0.265072
2024-07-15 11:45:33,0.278664
2024-07-15 11:45:34,0.33636
2024-07-15 11:45:35,0.419976
2024-07-15 11:45:36,0.361016
2024-07-15 11:45:37,0.35856
2024-07-15 11:45:38,0.279288
2024-07-15 11:45:39,0.362816
2024-07-15 11:45:40,0.288072
2024-07-15 11:45:41,0.33348
2024-07-15 11:45:42,0.27968
2024-07-15 11:45:43,0.276704
2024-07-15 11:45:44,0.341248
2024-07-15 11:45:45,0.256848
2024-07-15 11:45:46,0.290208
2024-07-15 11:45:47,0.305568
2024-07-15 11:45:48,0.299968
2024-07-15 11:45:49,0.259472
2024-07-15 11:45:50,0.21848
2024-07-15 11:45:51,0.199976
2024-07-15 11:45:52,0.209216
2024-07-15 11:45:53,0.22896
2024-07-15 11:45:54,0.226552
2024-07-15 11:45:55,0.174304
2024-07-15 11:45:56,0.210624
2024-07-15 11:45:57,0.22312
2024-07-15 11:45:58,0.23532
2024-07-15 11:45:59,0.096344
2024-07-15 11:46:00,0.069136
2024-07-15 11:46:01,0.0344
2024-07-15 11:46:02,0.026432
2024-07-15 11:46:03,0.059368
2024-07-15 11:46:04,0.041848
2024-07-15 11:46:05,0.353776
2024-07-15 11:46:06,0.034064
2024-07-15 11:46:07,0.083768
2024-07-15 11:46:08,0.055384
2024-07-15 11:46:09,0.045176
2024-07-15 11:46:10,0.029688
2024-07-15 11:46:11,0.03284
2024-07-15 11:46:12,0.019016
2024-07-15 11:46:13,0.036104
2024-07-15 11:46:14,0.024688
2024-07-15 11:46:15,0.035768
2024-07-15 11:46:16,0.058336
2024-07-15 11:46:17,0.046408
2024-07-15 11:46:18,0.05108
2024-07-15 11:46:19,0.054528
2024-07-15 11:46:20,0.060368
2024-07-15 11:46:21,0.056232
2024-07-15 11:46:22,0.062728
2024-07-15 11:46:23,0.067568
2024-07-15 11:46:24,0.061488
2024-07-15 11:46:25,0.050456
2024-07-15 11:46:26,0.051832
2024-07-15 11:46:27,0.035784
2024-07-15 11:46:28,0.043312
2024-07-15 11:46:29,0.044208
2024-07-15 11:46:30,0.053096
2024-07-15 11:46:31,0.052936
2024-07-15 11:46:32,0.058792
2024-07-15 11:46:33,0.053144
2024-07-15 11:46:34,0.04024
2024-07-15 11:46:35,0.041488
2024-07-15 11:46:36,0.039416
2024-07-15 11:46:37,0.054288
2024-07-15 11:46:38,0.044264
2024-07-15 11:46:39,0.041136
2024-07-15 11:46:40,0.07932
2024-07-15 11:46:41,0.030704
2024-07-15 11:46:42,0.13372
2024-07-15 11:46:43,0.121408
2024-07-15 11:46:44,0.102848
2024-07-15 11:46:45,0.053896
2024-07-15 11:46:46,0.037336
2024-07-15 11:46:47,0.05544
2024-07-15 11:46:48,0.047304
2024-07-15 11:46:49,0.051576
2024-07-15 11:46:50,0.049608
2024-07-15 11:46:51,0.059544
2024-07-15 11:46:52,0.066712
2024-07-15 11:46:53,0.05032
2024-07-15 11:46:54,0.061528
2024-07-15 11:46:55,0.066648
2024-07-15 11:46:56,0.063568
2024-07-15 11:46:57,0.075432
2024-07-15 11:46:58,0.06368
2024-07-15 11:46:59,0.07276
2024-07-15 11:47:00,0.068152
2024-07-15 11:47:01,0.056368
2024-07-15 11:47:02,0.043184
2024-07-15 11:47:03,0.09764
2024-07-15 11:47:04,0.02612
2024-07-15 11:47:05,0.06036
2024-07-15 11:47:06,0.05816
2024-07-15 11:47:07,0.063376
2024-07-15 11:47:08,0.05132
2024-07-15 11:47:09,0.039248
2024-07-15 11:47:10,0.078576
2024-07-15 11:47:11,0.015464
2024-07-15 11:47:12,0.200312
2024-07-15 11:47:13,0.209736
2024-07-15 11:47:14,0.03292
2024-07-15 11:47:15,0.091328
2024-07-15 11:47:16,0.045968
2024-07-15 11:47:17,0.08788
2024-07-15 11:47:18,0.161832
2024-07-15 11:47:19,0.242808
2024-07-15 11:47:20,0.270032
2024-07-15 11:47:21,0.288856
2024-07-15 11:47:22,0.394048
2024-07-15 11:47:23,0.372608
2024-07-15 11:47:24,0.39164
2024-07-15 11:47:25,0.386568
2024-07-15 11:47:26,0.452848
2024-07-15 11:47:27,0.457008
2024-07-15 11:47:28,0.391968
2024-07-15 11:47:29,0.3282
2024-07-15 11:47:30,0.379816
2024-07-15 11:47:31,0.370056
2024-07-15 11:47:32,0.40464
2024-07-15 11:47:33,0.344736
2024-07-15 11:47:34,0.309304
2024-07-15 11:47:35,0.38516
2024-07-15 11:47:36,0.3828
2024-07-15 11:47:37,0.325816
2024-07-15 11:47:38,0.291832
2024-07-15 11:47:39,0.423824
2024-07-15 11:47:40,0.291184
2024-07-15 11:47:41,0.197472
2024-07-15 11:47:42,0.27496
2024-07-15 11:47:43,0.224536
2024-07-15 11:47:44,0.231832
2024-07-15 11:47:45,0.15776
2024-07-15 11:47:46,0.226896
2024-07-15 11:47:47,0.09612
2024-07-15 11:47:48,0.0638
2024-07-15 11:47:49,0.064432
2024-07-15 11:47:50,0.048352
2024-07-15 11:47:51,0.049784
2024-07-15 11:47:52,0.034368
2024-07-15 11:47:53,0.105616
2024-07-15 11:47:54,0.365312
2024-07-15 11:47:55,0.03032
2024-07-15 11:47:56,0.312344
2024-07-15 11:47:57,0.073392
2024-07-15 11:47:58,0.087128
2024-07-15 11:47:59,0.031816
2024-07-15 11:48:00,0.056968
2024-07-15 11:48:01,0.03956
2024-07-15 11:48:02,0.056488
2024-07-15 11:48:03,0.04468
2024-07-15 11:48:04,0.033856
2024-07-15 11:48:05,0.028672
2024-07-15 11:48:06,0.03372
2024-07-15 11:48:07,0.022968
2024-07-15 11:48:08,0.039408
2024-07-15 11:48:09,0.02464
2024-07-15 11:48:10,0.013624
2024-07-15 11:48:11,0.016576
2024-07-15 11:48:12,0.043976
2024-07-15 11:48:13,0.019728
2024-07-15 11:48:14,0.05084
2024-07-15 11:48:15,0.03716
2024-07-15 11:48:16,0.01068
2024-07-15 11:48:17,0.036056
2024-07-15 11:48:18,0.016896
2024-07-15 11:48:19,0.014144
2024-07-15 11:48:20,0.030808
2024-07-15 11:48:21,0.040328
2024-07-15 11:48:22,0.048344
2024-07-15 11:48:23,0.031016
2024-07-15 11:48:24,0.047096
2024-07-15 11:48:25,0.052008
2024-07-15 11:48:26,0.2008
2024-07-15 11:48:27,0.219688
2024-07-15 11:48:28,0.041952
2024-07-15 11:48:29,0.090048
2024-07-15 11:48:30,0.050016
2024-07-15 11:48:31,0.04372
2024-07-15 11:48:32,0.157272
2024-07-15 11:48:33,0.168768
2024-07-15 11:48:34,0.276648
2024-07-15 11:48:35,0.300944
2024-07-15 11:48:36,0.348512
2024-07-15 11:48:37,0.397256
2024-07-15 11:48:38,0.37768
2024-07-15 11:48:39,0.414432
2024-07-15 11:48:40,0.402544
2024-07-15 11:48:41,0.43192
2024-07-15 11:48:42,0.368224
2024-07-15 11:48:43,0.41168
2024-07-15 11:48:44,0.344672
2024-07-15 11:48:45,0.365488
2024-07-15 11:48:46,0.409936
2024-07-15 11:48:47,0.391576
2024-07-15 11:48:48,0.398272
2024-07-15 11:48:49,0.371576
2024-07-15 11:48:50,0.377992
2024-07-15 11:48:51,0.343904
2024-07-15 11:48:52,0.358296
2024-07-15 11:48:53,0.322824
2024-07-15 11:48:54,0.251016
2024-07-15 11:48:55,0.27048
2024-07-15 11:48:56,0.2844
2024-07-15 11:48:57,0.255512
2024-07-15 11:48:58,0.215008
2024-07-15 11:48:59,0.20784
2024-07-15 11:49:00,0.212784
2024-07-15 11:49:01,0.15336
2024-07-15 11:49:02,0.169176
2024-07-15 11:49:03,0.181336
2024-07-15 11:49:04,0.149904
2024-07-15 11:49:05,0.1698
2024-07-15 11:49:06,0.143496
2024-07-15 11:49:07,0.13444
2024-07-15 11:49:08,0.146952
2024-07-15 11:49:09,0.024208
2024-07-15 11:49:10,0.032736
2024-07-15 11:49:11,0.0504
2024-07-15 11:49:12,0.288888
2024-07-15 11:49:13,0.05572
2024-07-15 11:49:14,0.034168
2024-07-15 11:49:15,0.388688
2024-07-15 11:49:16,0.084288
2024-07-15 11:49:17,0.069168
2024-07-15 11:49:18,0.059064
2024-07-15 11:49:19,0.051904
2024-07-15 11:49:20,0.036504
2024-07-15 11:49:21,0.05048
2024-07-15 11:49:22,0.055624
2024-07-15 11:49:23,0.038104
2024-07-15 11:49:24,0.042544
2024-07-15 11:49:25,0.04552
2024-07-15 11:49:26,0.021072
2024-07-15 11:49:27,0.042904
2024-07-15 11:49:28,0.025472
2024-07-15 11:49:29,0.023888
2024-07-15 11:49:30,0.025984
2024-07-15 11:49:31,0.016984
2024-07-15 11:49:32,0.02924
2024-07-15 11:49:33,0.01268
2024-07-15 11:49:34,0.125088
2024-07-15 11:49:35,0.039232
2024-07-15 11:49:36,0.020608
2024-07-15 11:49:37,0.0216
2024-07-15 11:49:38,0.170816
2024-07-15 11:49:39,0.181312
2024-07-15 11:49:40,0.20624
2024-07-15 11:49:41,0.29688
2024-07-15 11:49:42,0.393608
2024-07-15 11:49:43,0.324136
2024-07-15 11:49:44,0.368896
2024-07-15 11:49:45,0.37504
2024-07-15 11:49:46,0.395352
2024-07-15 11:49:47,0.252424
2024-07-15 11:49:48,0.153872
2024-07-15 11:49:49,0.173288
2024-07-15 11:49:50,0.386448
2024-07-15 11:49:51,0.153384
2024-07-15 11:49:52,0.20444
2024-07-15 11:49:53,0.074152
2024-07-15 11:49:54,0.034096
2024-07-15 11:49:55,0.0412
2024-07-15 11:49:56,0.061232
2024-07-15 11:49:57,0.030576
2024-07-15 11:49:58,0.03488
2024-07-15 11:49:59,0.053152
2024-07-15 11:50:00,0.031712
2024-07-15 11:50:01,0.057656
2024-07-15 11:50:02,0.054152
2024-07-15 11:50:03,0.037432
2024-07-15 11:50:04,0.080144
2024-07-15 11:50:05,0.051088
2024-07-15 11:50:06,0.057064
2024-07-15 11:50:07,0.102464
2024-07-15 11:50:08,0.063984
2024-07-15 11:50:09,0.05668
2024-07-15 11:50:10,0.06464
2024-07-15 11:50:11,0.031888
2024-07-15 11:50:12,0.048424
2024-07-15 11:50:13,0.031384
2024-07-15 11:50:14,0.02804
2024-07-15 11:50:15,0.041576
2024-07-15 11:50:16,0.067504
2024-07-15 11:50:17,0.042184
2024-07-15 11:50:18,0.035472
2024-07-15 11:50:19,0.036584
2024-07-15 11:50:20,0.033472
2024-07-15 11:50:21,0.218352
2024-07-15 11:50:22,0.1306
2024-07-15 11:50:23,0.033176
2024-07-15 11:50:24,0.053944
2024-07-15 11:50:25,0.053656
2024-07-15 11:50:26,0.038824
2024-07-15 11:50:27,0.193256
2024-07-15 11:50:28,0.268456
2024-07-15 11:50:29,0.31248
2024-07-15 11:50:30,0.340608
2024-07-15 11:50:31,0.327816
2024-07-15 11:50:32,0.394008
2024-07-15 11:50:33,0.405448
2024-07-15 11:50:34,0.391296
2024-07-15 11:50:35,0.459712
2024-07-15 11:50:36,0.448544
2024-07-15 11:50:37,0.365648
2024-07-15 11:50:38,0.321992
2024-07-15 11:50:39,0.291696
2024-07-15 11:50:40,0.395832
2024-07-15 11:50:41,0.3572
2024-07-15 11:50:42,0.437936
2024-07-15 11:50:43,0.300888
2024-07-15 11:50:44,0.282376
2024-07-15 11:50:45,0.263184
2024-07-15 11:50:46,0.341776
2024-07-15 11:50:47,0.250312
2024-07-15 11:50:48,0.240648
2024-07-15 11:50:49,0.264744
2024-07-15 11:50:50,0.199528
2024-07-15 11:50:51,0.167928
2024-07-15 11:50:52,0.228488
2024-07-15 11:50:53,0.151096
2024-07-15 11:50:54,0.140992
2024-07-15 11:50:55,0.15468
2024-07-15 11:50:56,0.144016
2024-07-15 11:50:57,0.106856
2024-07-15 11:50:58,0.145456
2024-07-15 11:50:59,0.095824
2024-07-15 11:51:00,0.124144
2024-07-15 11:51:01,0.037472
2024-07-15 11:51:02,0.067264
2024-07-15 11:51:03,0.293208
2024-07-15 11:51:04,0.055856
2024-07-15 11:51:05,0.204664
2024-07-15 11:51:06,0.096136
2024-07-15 11:51:07,0.066032
2024-07-15 11:51:08,0.080264
2024-07-15 11:51:09,0.08908
2024-07-15 11:51:10,0.05244
2024-07-15 11:51:11,0.05376
2024-07-15 11:51:12,0.058032
2024-07-15 11:51:13,0.055376
2024-07-15 11:51:14,0.063904
2024-07-15 11:51:15,0.119304
2024-07-15 11:51:16,0.068472
2024-07-15 11:51:17,0.073472
2024-07-15 11:51:18,0.055976
2024-07-15 11:51:19,0.058704
2024-07-15 11:51:20,0.079816
2024-07-15 11:51:21,0.051688
2024-07-15 11:51:22,0.046768
2024-07-15 11:51:23,0.046056
2024-07-15 11:51:24,0.037584
2024-07-15 11:51:25,0.03336
2024-07-15 11:51:26,0.080032
2024-07-15 11:51:27,0.06956
2024-07-15 11:51:28,0.045584
2024-07-15 11:51:29,0.03696
2024-07-15 11:51:30,0.032976
2024-07-15 11:51:31,0.031392
2024-07-15 11:51:32,0.025672
2024-07-15 11:51:33,0.071048
2024-07-15 11:51:34,0.032144
2024-07-15 11:51:35,0.163008
2024-07-15 11:51:36,0.105536
2024-07-15 11:51:37,0.156464
2024-07-15 11:51:38,0.04004
2024-07-15 11:51:39,0.102208
2024-07-15 11:51:40,0.04104
2024-07-15 11:51:41,0.073568
2024-07-15 11:51:42,0.198744
2024-07-15 11:51:43,0.253272
2024-07-15 11:51:44,0.300296
2024-07-15 11:51:45,0.332568
2024-07-15 11:51:46,0.368728
2024-07-15 11:51:47,0.458176
2024-07-15 11:51:48,0.464336
2024-07-15 11:51:49,0.588528
2024-07-15 11:51:50,0.528256
2024-07-15 11:51:51,0.443344
2024-07-15 11:51:52,0.55664
2024-07-15 11:51:53,0.383144
2024-07-15 11:51:54,0.421
2024-07-15 11:51:55,0.442896
2024-07-15 11:51:56,0.4458
2024-07-15 11:51:57,0.389608
2024-07-15 11:51:58,0.380008
2024-07-15 11:51:59,0.39012
2024-07-15 11:52:00,0.347176
2024-07-15 11:52:01,0.28616
2024-07-15 11:52:02,0.250632
2024-07-15 11:52:03,0.2438
2024-07-15 11:52:04,0.122384
2024-07-15 11:52:05,0.075912
2024-07-15 11:52:06,0.07152
2024-07-15 11:52:07,0.064944
2024-07-15 11:52:08,0.052432
2024-07-15 11:52:09,0.066808
2024-07-15 11:52:10,0.061264
2024-07-15 11:52:11,0.083616
2024-07-15 11:52:12,0.068392
2024-07-15 11:52:13,0.062304
2024-07-15 11:52:14,0.057088
2024-07-15 11:52:15,0.077304
2024-07-15 11:52:16,0.028232
2024-07-15 11:52:17,0.079264
2024-07-15 11:52:18,0.319656
2024-07-15 11:52:19,0.040768
2024-07-15 11:52:20,0.272736
2024-07-15 11:52:21,0.065256
2024-07-15 11:52:22,0.077664
2024-07-15 11:52:23,0.060232
2024-07-15 11:52:24,0.037744
2024-07-15 11:52:25,0.020824
2024-07-15 11:52:26,0.020352
2024-07-15 11:52:27,0.116144
2024-07-15 11:52:28,0.102664
2024-07-15 11:52:29,0.079056
2024-07-15 11:52:30,0.052616
2024-07-15 11:52:31,0.042936
2024-07-15 11:52:32,0.069624
2024-07-15 11:52:33,0.060064
2024-07-15 11:52:34,0.05704
2024-07-15 11:52:35,0.067328
2024-07-15 11:52:36,0.059064
2024-07-15 11:52:37,0.044552
2024-07-15 11:52:38,0.108816
2024-07-15 11:52:39,0.076736
2024-07-15 11:52:40,0.095328
2024-07-15 11:52:41,0.041136
2024-07-15 11:52:42,0.0622
2024-07-15 11:52:43,0.043472
2024-07-15 11:52:44,0.076696
2024-07-15 11:52:45,0.071736
2024-07-15 11:52:46,0.0546
2024-07-15 11:52:47,0.061016
2024-07-15 11:52:48,0.044208
2024-07-15 11:52:49,0.048104
2024-07-15 11:52:50,0.07804
2024-07-15 11:52:51,0.078936
2024-07-15 11:52:52,0.067696
2024-07-15 11:52:53,0.04572
2024-07-15 11:52:54,0.050928
2024-07-15 11:52:55,0.04576
2024-07-15 11:52:56,0.029344
2024-07-15 11:52:57,0.033016
2024-07-15 11:52:58,0.032696
2024-07-15 11:52:59,0.04596
2024-07-15 11:53:00,0.034912
2024-07-15 11:53:01,0.081944
2024-07-15 11:53:02,0.058968
2024-07-15 11:53:03,0.072896
2024-07-15 11:53:04,0.229224
2024-07-15 11:53:05,0.156512
2024-07-15 11:53:06,0.045352
2024-07-15 11:53:07,0.069056
2024-07-15 11:53:08,0.051888
2024-07-15 11:53:09,0.038896
2024-07-15 11:53:10,0.167
2024-07-15 11:53:11,0.272048
2024-07-15 11:53:12,0.315192
2024-07-15 11:53:13,0.502088
2024-07-15 11:53:14,0.397392
2024-07-15 11:53:15,0.461288
2024-07-15 11:53:16,0.540728
2024-07-15 11:53:17,0.532056
2024-07-15 11:53:18,0.598536
2024-07-15 11:53:19,0.521168
2024-07-15 11:53:20,0.475928
2024-07-15 11:53:21,0.415552
2024-07-15 11:53:22,0.363416
2024-07-15 11:53:23,0.400864
2024-07-15 11:53:24,0.48984
2024-07-15 11:53:25,0.46452
2024-07-15 11:53:26,0.41584
2024-07-15 11:53:27,0.37628
2024-07-15 11:53:28,0.347304
2024-07-15 11:53:29,0.322448
2024-07-15 11:53:30,0.244568
2024-07-15 11:53:31,0.307232
2024-07-15 11:53:32,0.303528
2024-07-15 11:53:33,0.19824
2024-07-15 11:53:34,0.21288
2024-07-15 11:53:35,0.2132
2024-07-15 11:53:36,0.138264
2024-07-15 11:53:37,0.150192
2024-07-15 11:53:38,0.131848
2024-07-15 11:53:39,0.168696
2024-07-15 11:53:40,0.168472
2024-07-15 11:53:41,0.123936
2024-07-15 11:53:42,0.160336
2024-07-15 11:53:43,0.050432
2024-07-15 11:53:44,0.064808
2024-07-15 11:53:45,0.308336
2024-07-15 11:53:46,0.07152
2024-07-15 11:53:47,0.091384
2024-07-15 11:53:48,0.0414
2024-07-15 11:53:49,0.050816
2024-07-15 11:53:50,0.0406
2024-07-15 11:53:51,0.035232
2024-07-15 11:53:52,0.032288
2024-07-15 11:53:53,0.032112
2024-07-15 11:53:54,0.034128
2024-07-15 11:53:55,0.040504
2024-07-15 11:53:56,0.03888
2024-07-15 11:53:57,0.048568
2024-07-15 11:53:58,0.047384
2024-07-15 11:53:59,0.058048
2024-07-15 11:54:00,0.047488
2024-07-15 11:54:01,0.059232
2024-07-15 11:54:02,0.053224
2024-07-15 11:54:03,0.048088
2024-07-15 11:54:04,0.045208
2024-07-15 11:54:05,0.055368
2024-07-15 11:54:06,0.059352
2024-07-15 11:54:07,0.056424
2024-07-15 11:54:08,0.049832
2024-07-15 11:54:09,0.046008
2024-07-15 11:54:10,0.041656
2024-07-15 11:54:11,0.055712
2024-07-15 11:54:12,0.04524
2024-07-15 11:54:13,0.04448
2024-07-15 11:54:14,0.046216
2024-07-15 11:54:15,0.039896
2024-07-15 11:54:16,0.042224
2024-07-15 11:54:17,0.03936
2024-07-15 11:54:18,0.040488
2024-07-15 11:54:19,0.04012
2024-07-15 11:54:20,0.089968
2024-07-15 11:54:21,0.034648
2024-07-15 11:54:22,0.030328
2024-07-15 11:54:23,0.148744
2024-07-15 11:54:24,0.088456
2024-07-15 11:54:25,0.123552
2024-07-15 11:54:26,0.086296
2024-07-15 11:54:27,0.033912
2024-07-15 11:54:28,0.055696
2024-07-15 11:54:29,0.068288
2024-07-15 11:54:30,0.057184
2024-07-15 11:54:31,0.058608
2024-07-15 11:54:32,0.061376
2024-07-15 11:54:33,0.0256
2024-07-15 11:54:34,0.043576
2024-07-15 11:54:35,0.084096
2024-07-15 11:54:36,0.084328
2024-07-15 11:54:37,0.052168
2024-07-15 11:54:38,0.069976
2024-07-15 11:54:39,0.033944
2024-07-15 11:54:40,0.06336
2024-07-15 11:54:41,0.035672
2024-07-15 11:54:42,0.059432
2024-07-15 11:54:43,0.060144
2024-07-15 11:54:44,0.05408
2024-07-15 11:54:45,0.075952
2024-07-15 11:54:46,0.040304
2024-07-15 11:54:47,0.048512
2024-07-15 11:54:48,0.048904
2024-07-15 11:54:49,0.037504
2024-07-15 11:54:50,0.04228
2024-07-15 11:54:51,0.05624
2024-07-15 11:54:52,0.029528
2024-07-15 11:54:53,0.232872
2024-07-15 11:54:54,0.175896
2024-07-15 11:54:55,0.03796
2024-07-15 11:54:56,0.08152
2024-07-15 11:54:57,0.05224
2024-07-15 11:54:58,0.025296
2024-07-15 11:54:59,0.224744
2024-07-15 11:55:00,0.370728
2024-07-15 11:55:01,0.398904
2024-07-15 11:55:02,0.468
2024-07-15 11:55:03,0.502032
2024-07-15 11:55:04,0.520032
2024-07-15 11:55:05,0.641984
2024-07-15 11:55:06,0.587824
2024-07-15 11:55:07,0.555784
2024-07-15 11:55:08,0.628256
2024-07-15 11:55:09,0.57
2024-07-15 11:55:10,0.545016
2024-07-15 11:55:11,0.51296
2024-07-15 11:55:12,0.558952
2024-07-15 11:55:13,0.557912
2024-07-15 11:55:14,0.551896
2024-07-15 11:55:15,0.525744
2024-07-15 11:55:16,0.49328
2024-07-15 11:55:17,0.543896
2024-07-15 11:55:18,0.410848
2024-07-15 11:55:19,0.25336
2024-07-15 11:55:20,0.204864
2024-07-15 11:55:21,0.153192
2024-07-15 11:55:22,0.162384
2024-07-15 11:55:23,0.199216
2024-07-15 11:55:24,0.169696
2024-07-15 11:55:25,0.037744
2024-07-15 11:55:26,0.039744
2024-07-15 11:55:27,0.048672
2024-07-15 11:55:28,0.033656
2024-07-15 11:55:29,0.350424
2024-07-15 11:55:30,0.057336
2024-07-15 11:55:31,0.260168
2024-07-15 11:55:32,0.067088
2024-07-15 11:55:33,0.097592
2024-07-15 11:55:34,0.061864
2024-07-15 11:55:35,0.03068
2024-07-15 11:55:36,0.014192
2024-07-15 11:55:37,0.055896
2024-07-15 11:55:38,0.026672
2024-07-15 11:55:39,0.026384
2024-07-15 11:55:40,0.023776
2024-07-15 11:55:41,0.022384
2024-07-15 11:55:42,0.065224
2024-07-15 11:55:43,0.023096
2024-07-15 11:55:44,0.020784
2024-07-15 11:55:45,0.023056
2024-07-15 11:55:46,0.025608
2024-07-15 11:55:47,0.06088
2024-07-15 11:55:48,0.01812
2024-07-15 11:55:49,0.039184
2024-07-15 11:55:50,0.026128
2024-07-15 11:55:51,0.039456
2024-07-15 11:55:52,0.014384
2024-07-15 11:55:53,0.018296
2024-07-15 11:55:54,0.049744
2024-07-15 11:55:55,0.043904
2024-07-15 11:55:56,0.031896
2024-07-15 11:55:57,0.040976
2024-07-15 11:55:58,0.030776
2024-07-15 11:55:59,0.024424
2024-07-15 11:56:00,0.032832
2024-07-15 11:56:01,0.21756
2024-07-15 11:56:02,0.150568
2024-07-15 11:56:03,0.03
2024-07-15 11:56:04,0.084064
2024-07-15 11:56:05,0.044064
2024-07-15 11:56:06,0.018408
2024-07-15 11:56:07,0.240592
2024-07-15 11:56:08,0.325056
2024-07-15 11:56:09,0.334992
2024-07-15 11:56:10,0.452792
2024-07-15 11:56:11,0.435752
2024-07-15 11:56:12,0.499408
2024-07-15 11:56:13,0.519464
2024-07-15 11:56:14,0.569448
2024-07-15 11:56:15,0.521984
2024-07-15 11:56:16,0.600928
2024-07-15 11:56:17,0.554856
2024-07-15 11:56:18,0.451568
2024-07-15 11:56:19,0.621632
2024-07-15 11:56:20,0.488736
2024-07-15 11:56:21,0.511072
2024-07-15 11:56:22,0.450856
2024-07-15 11:56:23,0.431864
2024-07-15 11:56:24,0.35952
2024-07-15 11:56:25,0.447632
2024-07-15 11:56:26,0.415304
2024-07-15 11:56:27,0.378544
2024-07-15 11:56:28,0.360256
2024-07-15 11:56:29,0.36
2024-07-15 11:56:30,0.339408
2024-07-15 11:56:31,0.34576
2024-07-15 11:56:32,0.278096
2024-07-15 11:56:33,0.212448
2024-07-15 11:56:34,0.205104
2024-07-15 11:56:35,0.106768
2024-07-15 11:56:36,0.157728
2024-07-15 11:56:37,0.133048
2024-07-15 11:56:38,0.15892
2024-07-15 11:56:39,0.161808
2024-07-15 11:56:40,0.074848
2024-07-15 11:56:41,0.034368
2024-07-15 11:56:42,0.049288
2024-07-15 11:56:43,0.016104
2024-07-15 11:56:44,0.016984
2024-07-15 11:56:45,0.016688
2024-07-15 11:56:46,0.012488
2024-07-15 11:56:47,0.014656
2024-07-15 11:56:48,0.147728
2024-07-15 11:56:49,0.21852
2024-07-15 11:56:50,0.029264
2024-07-15 11:56:51,0.193032
2024-07-15 11:56:52,0.038224
2024-07-15 11:56:53,0.010792
2024-07-15 11:58:05,0.244584
2024-07-15 11:58:06,0.008776
2024-07-15 11:58:07,0.032128
2024-07-15 11:58:08,0.03324
2024-07-15 11:58:09,0.019376
2024-07-15 11:58:10,0.402648
2024-07-15 11:58:11,0.055544
2024-07-15 11:58:12,0.062496
2024-07-15 11:58:13,0.02596
2024-07-15 11:58:14,0.039072
2024-07-15 11:58:15,0.035464
2024-07-15 11:58:16,0.03044
2024-07-15 11:58:17,0.029328
2024-07-15 11:58:18,0.034312
2024-07-15 11:58:19,0.031056
2024-07-15 11:58:20,0.033792
2024-07-15 11:58:21,0.033688
2024-07-15 11:58:22,0.035448
2024-07-15 11:58:23,0.03544
2024-07-15 11:58:24,0.033096
2024-07-15 11:58:25,0.027848
2024-07-15 11:58:26,0.03064
2024-07-15 11:58:27,0.022056
2024-07-15 11:58:28,0.024928
2024-07-15 11:58:29,0.020568
2024-07-15 11:58:30,0.023928
2024-07-15 11:58:31,0.021472
2024-07-15 11:58:32,0.032824
2024-07-15 11:58:33,0.043488
2024-07-15 11:58:34,0.073456
2024-07-15 11:58:35,0.003248
2024-07-15 11:58:36,0.004696
2024-07-15 11:58:37,0.010232
2024-07-15 11:58:38,0.010152
2024-07-15 11:58:39,0.01372
2024-07-15 11:58:40,0.02032
2024-07-15 11:58:41,0.026136
2024-07-15 11:58:42,0.025784
2024-07-15 11:58:43,0.018096
2024-07-15 11:58:44,0.012448
2024-07-15 11:58:45,0.010072
2024-07-15 11:58:46,0.007792
2024-07-15 11:58:47,0.061016
2024-07-15 11:58:48,0.009456
2024-07-15 11:58:49,0.009928
2024-07-15 11:58:50,0.011112
2024-07-15 11:58:51,0.005432
2024-07-15 11:58:52,0.007792
2024-07-15 11:58:53,0.011224
2024-07-15 11:58:54,0.011384
2024-07-15 11:58:55,0.005432
2024-07-15 11:58:56,0.026816
2024-07-15 11:58:57,0.026744
2024-07-15 11:58:58,0.12276
2024-07-15 11:58:59,0.030168
2024-07-15 11:59:00,0.06376
2024-07-15 11:59:01,0.021712
2024-07-15 11:59:02,0.017088
2024-07-15 11:59:03,0.035952
2024-07-15 11:59:04,0.115392
2024-07-15 11:59:05,0.021128
2024-07-15 11:59:06,0.015792
2024-07-15 11:59:07,0.049024
2024-07-15 11:59:08,0.064328
2024-07-15 11:59:09,0.062696
2024-07-15 11:59:10,0.08128
2024-07-15 11:59:11,0.070576
2024-07-15 11:59:12,0.11572
2024-07-15 11:59:13,0.130912
2024-07-15 11:59:14,0.101736
2024-07-15 11:59:15,0.078144
2024-07-15 11:59:16,0.077384
2024-07-15 11:59:17,0.130896
2024-07-15 11:59:18,0.157944
2024-07-15 11:59:19,0.125096
2024-07-15 11:59:20,0.03976
2024-07-15 11:59:21,0.037584
2024-07-15 11:59:22,0.023432
2024-07-15 11:59:23,0.061704
2024-07-15 11:59:24,0.044352
2024-07-15 11:59:25,0.056912
2024-07-15 11:59:26,0.05064
2024-07-15 11:59:27,0.059672
2024-07-15 11:59:28,0.081072
2024-07-15 11:59:29,0.087136
2024-07-15 11:59:30,0.04832
2024-07-15 11:59:31,0.036352
2024-07-15 11:59:32,0.054168
2024-07-15 11:59:33,0.143544
2024-07-15 11:59:34,0.03848
2024-07-15 11:59:35,0.021632
2024-07-15 11:59:36,0.059616
2024-07-15 11:59:37,0.073576
2024-07-15 11:59:38,0.079936
2024-07-15 11:59:39,0.103208
2024-07-15 11:59:40,0.093624
2024-07-15 11:59:41,0.101008
2024-07-15 11:59:42,0.14836
2024-07-15 11:59:43,0.11148
2024-07-15 11:59:44,0.159104
2024-07-15 11:59:45,0.093656
2024-07-15 11:59:46,0.09764
2024-07-15 11:59:47,0.171848
2024-07-15 11:59:48,0.199544
2024-07-15 11:59:49,0.078464
2024-07-15 11:59:50,0.083216
2024-07-15 11:59:51,0.028352
2024-07-15 11:59:52,0.035016
2024-07-15 11:59:53,0.032816
2024-07-15 11:59:54,0.048176
2024-07-15 11:59:55,0.040808
2024-07-15 11:59:56,0.036128
2024-07-15 11:59:57,0.0378
2024-07-15 11:59:58,0.052616
2024-07-15 11:59:59,0.0148
2024-07-15 12:00:00,0.044008
2024-07-15 12:00:01,0.033512
2024-07-15 12:00:02,0.034632
2024-07-15 12:00:03,0.026712
2024-07-15 12:00:04,0.0238
2024-07-15 12:00:05,0.024552
2024-07-15 12:00:06,0.024944
2024-07-15 12:00:07,0.011544
2024-07-15 12:00:08,0.1278
2024-07-15 12:00:09,0.02208
2024-07-15 12:00:10,0.030032
2024-07-15 12:00:11,0.044
2024-07-15 12:00:12,0.085168
2024-07-15 12:00:13,0.069704
2024-07-15 12:00:14,0.0726
2024-07-15 12:00:15,0.091416
2024-07-15 12:00:16,0.113456
2024-07-15 12:00:17,0.155632
2024-07-15 12:00:18,0.140312
2024-07-15 12:00:19,0.13332
2024-07-15 12:00:20,0.108432
2024-07-15 12:00:21,0.085664
2024-07-15 12:00:22,0.076952
2024-07-15 12:00:23,0.063936
2024-07-15 12:00:24,0.07612
2024-07-15 12:00:25,0.091848
2024-07-15 12:00:26,0.124608
2024-07-15 12:00:27,0.099368
2024-07-15 12:00:28,0.064912
2024-07-15 12:00:29,0.045008
2024-07-15 12:00:30,0.013312
2024-07-15 12:00:31,0.01236
2024-07-15 12:00:32,0.027704
2024-07-15 12:00:33,0.046552
2024-07-15 12:00:34,0.02392
2024-07-15 12:00:35,0.03256
2024-07-15 12:00:36,0.051856
2024-07-15 12:00:37,0.042024
2024-07-15 12:00:38,0.033632
2024-07-15 12:00:39,0.036424
2024-07-15 12:00:40,0.024432
2024-07-15 12:00:41,0.023008
2024-07-15 12:00:42,0.034496
2024-07-15 12:00:43,0.02552
2024-07-15 12:00:44,0.023456
2024-07-15 12:00:45,0.032368
2024-07-15 12:00:46,0.040488
2024-07-15 12:00:47,0.045032
2024-07-15 12:00:48,0.033456
2024-07-15 12:00:49,0.031304
2024-07-15 12:00:50,0.031336
2024-07-15 12:00:51,0.028384
2024-07-15 12:00:52,0.026624
2024-07-15 12:00:53,0.052488
2024-07-15 12:00:54,0.051072
2024-07-15 12:00:55,0.053232
2024-07-15 12:00:56,0.025456
2024-07-15 12:00:57,0.01984
2024-07-15 12:00:58,0.04112
2024-07-15 12:00:59,0.048536
2024-07-15 12:01:00,0.027288
2024-07-15 12:01:01,0.036712
2024-07-15 12:01:02,0.02856
2024-07-15 12:01:03,0.028064
2024-07-15 12:01:04,0.036416
2024-07-15 12:01:05,0.020472
2024-07-15 12:01:06,0.024376
2024-07-15 12:01:07,0.018336
2024-07-15 12:01:08,0.02172
2024-07-15 12:01:09,0.020736
2024-07-15 12:01:10,0.037928
2024-07-15 12:01:11,0.042112
2024-07-15 12:01:12,0.0354
2024-07-15 12:01:13,0.021744
2024-07-15 12:01:14,0.03108
2024-07-15 12:01:15,0.033552
2024-07-15 12:01:16,0.032768
2024-07-15 12:01:17,0.103496
2024-07-15 12:01:18,0.117744
2024-07-15 12:01:19,0.039176
2024-07-15 12:01:20,0.046312
2024-07-15 12:01:21,0.049632
2024-07-15 12:01:22,0.022304
2024-07-15 12:01:23,0.033104
2024-07-15 12:01:24,0.062048
2024-07-15 12:01:25,0.070576
2024-07-15 12:01:26,0.091928
2024-07-15 12:01:27,0.08836
2024-07-15 12:01:28,0.111656
2024-07-15 12:01:29,0.110856
2024-07-15 12:01:30,0.116696
2024-07-15 12:01:31,0.1144
2024-07-15 12:01:32,0.168336
2024-07-15 12:01:33,0.099376
2024-07-15 12:01:34,0.076576
2024-07-15 12:01:35,0.126344
2024-07-15 12:01:36,0.10668
2024-07-15 12:01:37,0.109536
2024-07-15 12:01:38,0.091056
2024-07-15 12:01:39,0.086696
2024-07-15 12:01:40,0.11292
2024-07-15 12:01:41,0.115752
2024-07-15 12:01:42,0.080576
2024-07-15 12:01:43,0.055792
2024-07-15 12:01:44,0.070768
2024-07-15 12:01:45,0.071144
2024-07-15 12:01:46,0.072128
2024-07-15 12:01:47,0.068712
2024-07-15 12:01:48,0.057448
2024-07-15 12:01:49,0.057904
2024-07-15 12:01:50,0.066648
2024-07-15 12:01:51,0.036624
2024-07-15 12:01:52,0.04548
2024-07-15 12:01:53,0.05384
2024-07-15 12:01:54,0.042728
2024-07-15 12:01:55,0.057496
2024-07-15 12:01:56,0.03596
2024-07-15 12:01:57,0.049032
2024-07-15 12:01:58,0.04356
2024-07-15 12:01:59,0.263776
2024-07-15 12:02:00,0.033904
2024-07-15 12:02:01,0.16068
2024-07-15 12:02:02,0.050376
2024-07-15 12:02:03,0.036936
2024-07-15 12:02:04,0.05048
2024-07-15 12:02:05,0.07932
2024-07-15 12:02:06,0.026368
2024-07-15 12:02:07,0.047328
2024-07-15 12:02:08,0.032856
2024-07-15 12:02:09,0.027912
2024-07-15 12:02:10,0.023168
2024-07-15 12:02:11,0.038832
2024-07-15 12:02:12,0.042224
2024-07-15 12:02:13,0.03596
2024-07-15 12:02:14,0.0288
2024-07-15 12:02:15,0.042568
2024-07-15 12:02:16,0.043896
2024-07-15 12:02:17,0.026488
2024-07-15 12:02:18,0.019232
2024-07-15 12:02:19,0.024712
2024-07-15 12:02:20,0.026232
2024-07-15 12:02:21,0.019408
2024-07-15 12:02:22,0.028088
2024-07-15 12:02:23,0.025544
2024-07-15 12:02:24,0.01892
2024-07-15 12:02:25,0.018624
2024-07-15 12:02:26,0.019224
2024-07-15 12:02:27,0.01924
2024-07-15 12:02:28,0.023616
2024-07-15 12:02:29,0.01732
2024-07-15 12:02:30,0.013056
2024-07-15 12:02:31,0.146632
2024-07-15 12:02:32,0.09812
2024-07-15 12:02:33,0.030784
2024-07-15 12:02:34,0.064656
2024-07-15 12:02:35,0.029216
2024-07-15 12:02:36,0.020856
2024-07-15 12:02:37,0.066424
2024-07-15 12:02:38,0.061904
2024-07-15 12:02:39,0.096392
2024-07-15 12:02:40,0.090472
2024-07-15 12:02:41,0.101472
2024-07-15 12:02:42,0.126792
2024-07-15 12:02:43,0.109608
2024-07-15 12:02:44,0.133952
2024-07-15 12:02:45,0.174952
2024-07-15 12:02:46,0.13392
2024-07-15 12:02:47,0.100864
2024-07-15 12:02:48,0.128048
2024-07-15 12:02:49,0.087536
2024-07-15 12:02:50,0.13928
2024-07-15 12:02:51,0.057632
2024-07-15 12:02:52,0.064184
2024-07-15 12:02:53,0.073976
2024-07-15 12:02:54,0.05076
2024-07-15 12:02:55,0.05044
2024-07-15 12:02:56,0.114472
2024-07-15 12:02:57,0.046064
2024-07-15 12:02:58,0.069784
2024-07-15 12:02:59,0.056496
2024-07-15 12:03:00,0.043864
2024-07-15 12:03:01,0.055312
2024-07-15 12:03:02,0.045048
2024-07-15 12:03:03,0.061952
2024-07-15 12:03:04,0.036872
2024-07-15 12:03:05,0.038256
2024-07-15 12:03:06,0.043064
2024-07-15 12:03:07,0.035512
2024-07-15 12:03:08,0.039
2024-07-15 12:03:09,0.0312
2024-07-15 12:03:10,0.030752
2024-07-15 12:03:11,0.035632
2024-07-15 12:03:12,0.045808
2024-07-15 12:03:13,0.0396
2024-07-15 12:03:14,0.026824
2024-07-15 12:03:15,0.03276
2024-07-15 12:03:16,0.0142
2024-07-15 12:03:17,0.036648
2024-07-15 12:03:18,0.047496
2024-07-15 12:03:19,0.270016
2024-07-15 12:03:20,0.036864
2024-07-15 12:03:21,0.202432
2024-07-15 12:03:22,0.02968
2024-07-15 12:03:23,0.048104
2024-07-15 12:03:24,0.026944
2024-07-15 12:03:25,0.02504
2024-07-15 12:03:26,0.170104
2024-07-15 12:03:27,0.146768
2024-07-15 12:03:28,0.17436
2024-07-15 12:03:29,0.125688
2024-07-15 12:03:30,0.095632
2024-07-15 12:03:31,0.057512
2024-07-15 12:03:32,0.054584
2024-07-15 12:03:33,0.034664
2024-07-15 12:03:34,0.053176
2024-07-15 12:03:35,0.075104
2024-07-15 12:03:36,0.063816
2024-07-15 12:03:37,0.045032
2024-07-15 12:03:38,0.040096
2024-07-15 12:03:39,0.03628
2024-07-15 12:03:40,0.029504
2024-07-15 12:03:41,0.028496
2024-07-15 12:03:42,0.063096
2024-07-15 12:03:43,0.059288
2024-07-15 12:03:44,0.027224
2024-07-15 12:03:45,0.034
2024-07-15 12:03:46,0.025328
2024-07-15 12:03:47,0.014888
2024-07-15 12:03:48,0.027608
2024-07-15 12:03:49,0.0268
2024-07-15 12:03:50,0.040032
2024-07-15 12:03:51,0.038032
2024-07-15 12:03:52,0.041416
2024-07-15 12:03:53,0.045712
2024-07-15 12:03:54,0.036808
2024-07-15 12:03:55,0.041816
2024-07-15 12:03:56,0.045712
2024-07-15 12:03:57,0.033328
2024-07-15 12:03:58,0.045136
2024-07-15 12:03:59,0.040904
2024-07-15 12:04:00,0.034312
2024-07-15 12:04:01,0.030616
2024-07-15 12:04:02,0.052272
2024-07-15 12:04:03,0.03744
2024-07-15 12:04:04,0.040336
2024-07-15 12:04:05,0.157808
2024-07-15 12:04:06,0.11588
2024-07-15 12:04:07,0.044864
2024-07-15 12:04:08,0.063528
2024-07-15 12:04:09,0.04844
2024-07-15 12:04:10,0.039416
2024-07-15 12:04:11,0.079112
2024-07-15 12:04:12,0.118824
2024-07-15 12:04:13,0.11164
2024-07-15 12:04:14,0.133808
2024-07-15 12:04:15,0.177224
2024-07-15 12:04:16,0.133088
2024-07-15 12:04:17,0.14352
2024-07-15 12:04:18,0.24044
2024-07-15 12:04:19,0.18332
2024-07-15 12:04:20,0.170144
2024-07-15 12:04:21,0.144464
2024-07-15 12:04:22,0.177648
2024-07-15 12:04:23,0.134376
2024-07-15 12:04:24,0.164624
2024-07-15 12:04:25,0.12844
2024-07-15 12:04:26,0.141472
2024-07-15 12:04:27,0.168904
2024-07-15 12:04:28,0.224896
2024-07-15 12:04:29,0.12696
2024-07-15 12:04:30,0.164696
2024-07-15 12:04:31,0.093184
2024-07-15 12:04:32,0.101216
2024-07-15 12:04:33,0.087552
2024-07-15 12:04:34,0.081584
2024-07-15 12:04:35,0.092456
2024-07-15 12:04:36,0.083592
2024-07-15 12:04:37,0.086784
2024-07-15 12:04:38,0.069432
2024-07-15 12:04:39,0.070776
2024-07-15 12:04:40,0.093688
2024-07-15 12:04:41,0.081704
2024-07-15 12:04:42,0.089712
2024-07-15 12:04:43,0.078016
2024-07-15 12:04:44,0.0768
2024-07-15 12:04:45,0.052192
2024-07-15 12:04:46,0.060512
2024-07-15 12:04:47,0.1032
2024-07-15 12:04:48,0.051424
2024-07-15 12:04:49,0.114776
2024-07-15 12:04:50,0.030904
2024-07-15 12:04:51,0.031312
2024-07-15 12:04:52,0.03664
2024-07-15 12:04:53,0.2554
2024-07-15 12:04:54,0.051656
2024-07-15 12:04:55,0.08768
2024-07-15 12:04:56,0.043304
2024-07-15 12:04:57,0.056632
2024-07-15 12:04:58,0.040336
2024-07-15 12:04:59,0.03764
2024-07-15 12:05:00,0.034936
2024-07-15 12:05:01,0.036136
2024-07-15 12:05:02,0.026736
2024-07-15 12:05:03,0.051616
2024-07-15 12:05:04,0.053352
2024-07-15 12:05:05,0.057664
2024-07-15 12:05:06,0.050048
2024-07-15 12:05:07,0.053736
2024-07-15 12:05:08,0.06064
2024-07-15 12:05:09,0.064232
2024-07-15 12:05:10,0.066744
2024-07-15 12:05:11,0.055008
2024-07-15 12:05:12,0.04192
2024-07-15 12:05:13,0.05084
2024-07-15 12:05:14,0.04568
2024-07-15 12:05:15,0.0438
2024-07-15 12:05:16,0.050824
2024-07-15 12:05:17,0.0466
2024-07-15 12:05:18,0.043032
2024-07-15 12:05:19,0.041752
2024-07-15 12:05:20,0.064976
2024-07-15 12:05:21,0.058424
2024-07-15 12:05:22,0.044104
2024-07-15 12:05:23,0.047032
2024-07-15 12:05:24,0.039944
2024-07-15 12:05:25,0.043264
2024-07-15 12:05:26,0.039
2024-07-15 12:05:27,0.043496
2024-07-15 12:05:28,0.066904
2024-07-15 12:05:29,0.04248
2024-07-15 12:05:30,0.027872
2024-07-15 12:05:31,0.153384
2024-07-15 12:05:32,0.072824
2024-07-15 12:05:33,0.045712
2024-07-15 12:05:34,0.024232
2024-07-15 12:05:35,0.033544
2024-07-15 12:05:36,0.027288
2024-07-15 12:05:37,0.053656
2024-07-15 12:05:38,0.028992
2024-07-15 12:05:39,0.029672
2024-07-15 12:05:40,0.031648
2024-07-15 12:05:41,0.02476
2024-07-15 12:05:42,0.031216
2024-07-15 12:05:43,0.023016
2024-07-15 12:05:44,0.020224
2024-07-15 12:05:45,0.040384
2024-07-15 12:05:46,0.033808
2024-07-15 12:05:47,0.018904
2024-07-15 12:05:48,0.052784
2024-07-15 12:05:49,0.03692
2024-07-15 12:05:50,0.030152
2024-07-15 12:05:51,0.043744
2024-07-15 12:05:52,0.016392
2024-07-15 12:05:53,0.012952
2024-07-15 12:05:54,0.024992
2024-07-15 12:05:55,0.026208
2024-07-15 12:05:56,0.022424
2024-07-15 12:05:57,0.017488
2024-07-15 12:05:58,0.03172
2024-07-15 12:05:59,0.045264
2024-07-15 12:06:00,0.036088
2024-07-15 12:06:01,0.165544
2024-07-15 12:06:02,0.11596
2024-07-15 12:06:03,0.037472
2024-07-15 12:06:04,0.062248
2024-07-15 12:06:05,0.049032
2024-07-15 12:06:06,0.022344
2024-07-15 12:06:07,0.074072
2024-07-15 12:06:08,0.087232
2024-07-15 12:06:09,0.103648
2024-07-15 12:06:10,0.086888
2024-07-15 12:06:11,0.168184
2024-07-15 12:06:12,0.124576
2024-07-15 12:06:13,0.136288
2024-07-15 12:06:14,0.21136
2024-07-15 12:06:15,0.22144
2024-07-15 12:06:16,0.174592
2024-07-15 12:06:17,0.142104
2024-07-15 12:06:18,0.14696
2024-07-15 12:06:19,0.150416
2024-07-15 12:06:20,0.143624
2024-07-15 12:06:21,0.134128
2024-07-15 12:06:22,0.152704
2024-07-15 12:06:23,0.16764
2024-07-15 12:06:24,0.138744
2024-07-15 12:06:25,0.11136
2024-07-15 12:06:26,0.145904
2024-07-15 12:06:27,0.125368
2024-07-15 12:06:28,0.10904
2024-07-15 12:06:29,0.1388
2024-07-15 12:06:30,0.078264
2024-07-15 12:06:31,0.083808
2024-07-15 12:06:32,0.078704
2024-07-15 12:06:33,0.113928
2024-07-15 12:06:34,0.063864
2024-07-15 12:06:35,0.073184
2024-07-15 12:06:36,0.049672
2024-07-15 12:06:37,0.070112
2024-07-15 12:06:38,0.104112
2024-07-15 12:06:39,0.05008
2024-07-15 12:06:40,0.057312
2024-07-15 12:06:41,0.076376
2024-07-15 12:06:42,0.016552
2024-07-15 12:06:43,0.0664
2024-07-15 12:06:44,0.270736
2024-07-15 12:06:45,0.035016
2024-07-15 12:06:46,0.158872
2024-07-15 12:06:47,0.084072
2024-07-15 12:06:48,0.106992
2024-07-15 12:06:49,0.05804
2024-07-15 12:06:50,0.050336
2024-07-15 12:06:51,0.026256
2024-07-15 12:06:52,0.049784
2024-07-15 12:06:53,0.034456
2024-07-15 12:06:54,0.049584
2024-07-15 12:06:55,0.038824
2024-07-15 12:06:56,0.036176
2024-07-15 12:06:57,0.036064
2024-07-15 12:06:58,0.014288
2024-07-15 12:06:59,0.034016
2024-07-15 12:07:00,0.02872
2024-07-15 12:07:01,0.021776
2024-07-15 12:07:02,0.015232
2024-07-15 12:07:03,0.023104
2024-07-15 12:07:04,0.020272
2024-07-15 12:07:05,0.016232
2024-07-15 12:07:06,0.011808
2024-07-15 12:07:07,0.012416
2024-07-15 12:07:08,0.017008
2024-07-15 12:07:09,0.015344
2024-07-15 12:07:10,0.020096
2024-07-15 12:07:11,0.015656
2024-07-15 12:07:12,0.01704
2024-07-15 12:07:13,0.015328
2024-07-15 12:07:14,0.010192
2024-07-15 12:07:15,0.024704
2024-07-15 12:07:16,0.136352
2024-07-15 12:07:17,0.11124
2024-07-15 12:07:18,0.037208
2024-07-15 12:07:19,0.040304
2024-07-15 12:07:20,0.045488
2024-07-15 12:07:21,0.0336
2024-07-15 12:07:22,0.034872
2024-07-15 12:07:23,0.074664
2024-07-15 12:07:24,0.088944
2024-07-15 12:07:25,0.086136
2024-07-15 12:07:26,0.120264
2024-07-15 12:07:27,0.161184
2024-07-15 12:07:28,0.110144
2024-07-15 12:07:29,0.172224
2024-07-15 12:07:30,0.177064
2024-07-15 12:07:31,0.153144
2024-07-15 12:07:32,0.1452
2024-07-15 12:07:33,0.14024
2024-07-15 12:07:34,0.13148
2024-07-15 12:07:35,0.140448
2024-07-15 12:07:36,0.149568
2024-07-15 12:07:37,0.112424
2024-07-15 12:07:38,0.09612
2024-07-15 12:07:39,0.160768
2024-07-15 12:07:40,0.106776
2024-07-15 12:07:41,0.133608
2024-07-15 12:07:42,0.077304
2024-07-15 12:07:43,0.111424
2024-07-15 12:07:44,0.060456
2024-07-15 12:07:45,0.05072
2024-07-15 12:07:46,0.067528
2024-07-15 12:07:47,0.28028
2024-07-15 12:07:48,0.059376
2024-07-15 12:07:49,0.225224
2024-07-15 12:07:50,0.074296
2024-07-15 12:07:51,0.047216
2024-07-15 12:07:52,0.031872
2024-07-15 12:07:53,0.05832
2024-07-15 12:07:54,0.04892
2024-07-15 12:07:55,0.039984
2024-07-15 12:07:56,0.024664
2024-07-15 12:07:57,0.028904
2024-07-15 12:07:58,0.031592
2024-07-15 12:07:59,0.011768
2024-07-15 12:08:00,0.018656
2024-07-15 12:08:01,0.017024
2024-07-15 12:08:02,0.024712
2024-07-15 12:08:03,0.01584
2024-07-15 12:08:04,0.01672
2024-07-15 12:08:05,0.013872
2024-07-15 12:08:06,0.015576
2024-07-15 12:08:07,0.01068
2024-07-15 12:08:08,0.020328
2024-07-15 12:08:09,0.092712
2024-07-15 12:08:10,0.025752
2024-07-15 12:08:11,0.018104
2024-07-15 12:08:12,0.026632
2024-07-15 12:08:13,0.092208
2024-07-15 12:08:14,0.085168
2024-07-15 12:08:15,0.098072
2024-07-15 12:08:16,0.127184
2024-07-15 12:08:17,0.1428
2024-07-15 12:08:18,0.138048
2024-07-15 12:08:19,0.183408
2024-07-15 12:08:20,0.191288
2024-07-15 12:08:21,0.247704
2024-07-15 12:08:22,0.183376
2024-07-15 12:08:23,0.137232
2024-07-15 12:08:24,0.175048
2024-07-15 12:08:25,0.152392
2024-07-15 12:08:26,0.169976
2024-07-15 12:08:27,0.123312
2024-07-15 12:08:28,0.113328
2024-07-15 12:08:29,0.142856
2024-07-15 12:08:30,0.094304
2024-07-15 12:08:31,0.119544
2024-07-15 12:08:32,0.089104
2024-07-15 12:08:33,0.071584
2024-07-15 12:08:34,0.072944
2024-07-15 12:08:35,0.081552
2024-07-15 12:08:36,0.042256
2024-07-15 12:08:37,0.04612
2024-07-15 12:08:38,0.193352
2024-07-15 12:08:39,0.099552
2024-07-15 12:08:40,0.180008
2024-07-15 12:08:41,0.050672
2024-07-15 12:08:42,0.028832
2024-07-15 12:08:43,0.058992
2024-07-15 12:08:44,0.020912
2024-07-15 12:08:45,0.039224
2024-07-15 12:08:46,0.02424
2024-07-15 12:08:47,0.026712
2024-07-15 12:08:48,0.045512
2024-07-15 12:08:49,0.030896
2024-07-15 12:08:50,0.023008
2024-07-15 12:08:51,0.029976
2024-07-15 12:08:52,0.023608
2024-07-15 12:08:53,0.034552
2024-07-15 12:08:54,0.047968
2024-07-15 12:08:55,0.027568
2024-07-15 12:08:56,0.016496
2024-07-15 12:08:57,0.021776
2024-07-15 12:08:58,0.01068
2024-07-15 12:08:59,0.024712
2024-07-15 12:09:00,0.015
2024-07-15 12:09:01,0.013664
2024-07-15 12:09:02,0.011168
2024-07-15 12:09:03,0.040064
2024-07-15 12:09:04,0.022176
2024-07-15 12:09:05,0.024344
2024-07-15 12:09:06,0.01068
2024-07-15 12:09:07,0.0198
2024-07-15 12:09:08,0.016536
2024-07-15 12:09:09,0.163176
2024-07-15 12:09:10,0.128904
2024-07-15 12:09:11,0.035592
2024-07-15 12:09:12,0.063648
2024-07-15 12:09:13,0.053944
2024-07-15 12:09:14,0.042448
2024-07-15 12:09:15,0.078488
2024-07-15 12:09:16,0.084528
2024-07-15 12:09:17,0.104648
2024-07-15 12:09:18,0.143456
2024-07-15 12:09:19,0.148864
2024-07-15 12:09:20,0.153272
2024-07-15 12:09:21,0.154088
2024-07-15 12:09:22,0.204536
2024-07-15 12:09:23,0.150936
2024-07-15 12:09:24,0.175248
2024-07-15 12:09:25,0.143168
2024-07-15 12:09:26,0.142056
2024-07-15 12:09:27,0.123568
2024-07-15 12:09:28,0.126088
2024-07-15 12:09:29,0.113416
2024-07-15 12:09:30,0.138712
2024-07-15 12:09:31,0.11756
2024-07-15 12:09:32,0.129408
2024-07-15 12:09:33,0.101992
2024-07-15 12:09:34,0.09212
2024-07-15 12:09:35,0.087832
2024-07-15 12:09:36,0.089776
2024-07-15 12:09:37,0.083952
2024-07-15 12:09:38,0.032056
2024-07-15 12:09:39,0.033904
2024-07-15 12:09:40,0.038224
2024-07-15 12:09:41,0.036344
2024-07-15 12:09:42,0.283512
2024-07-15 12:09:43,0.034456
2024-07-15 12:09:44,0.200264
2024-07-15 12:09:45,0.01972
2024-07-15 12:09:46,0.016488
2024-07-15 12:09:47,0.01068
2024-07-15 12:09:48,0.013056
2024-07-15 12:09:49,0.014664
2024-07-15 12:09:50,0.0148
2024-07-15 12:09:51,0.021584
2024-07-15 12:09:52,0.02356
2024-07-15 12:09:53,0.027704
2024-07-15 12:09:54,0.03604
2024-07-15 12:09:55,0.065136
2024-07-15 12:09:56,0.05284
2024-07-15 12:09:57,0.063032
2024-07-15 12:09:58,0.076392
2024-07-15 12:09:59,0.053136
2024-07-15 12:10:00,0.071624
2024-07-15 12:10:01,0.025328
2024-07-15 12:10:02,0.030928
2024-07-15 12:10:03,0.039144
2024-07-15 12:10:04,0.045824
2024-07-15 12:10:05,0.041328
2024-07-15 12:10:06,0.030736
2024-07-15 12:10:07,0.040064
2024-07-15 12:10:08,0.027264
2024-07-15 12:10:09,0.042224
2024-07-15 12:10:10,0.015912
2024-07-15 12:10:11,0.063072
2024-07-15 12:10:12,0.054472
2024-07-15 12:10:13,0.05368
2024-07-15 12:10:14,0.04304
2024-07-15 12:10:15,0.049296
2024-07-15 12:10:16,0.036256
2024-07-15 12:10:17,0.029184
2024-07-15 12:10:18,0.029728
2024-07-15 12:10:19,0.046232
2024-07-15 12:10:20,0.058
2024-07-15 12:10:21,0.042992
2024-07-15 12:10:22,0.044944
2024-07-15 12:10:23,0.02108
2024-07-15 12:10:24,0.041416
2024-07-15 12:10:25,0.016256
2024-07-15 12:10:26,0.022616
2024-07-15 12:10:27,0.02928
2024-07-15 12:10:28,0.029736
2024-07-15 12:10:29,0.029832
2024-07-15 12:10:30,0.02884
2024-07-15 12:10:31,0.025968
2024-07-15 12:10:32,0.029392
2024-07-15 12:10:33,0.01848
2024-07-15 12:10:34,0.185416
2024-07-15 12:10:35,0.16552
2024-07-15 12:10:36,0.023456
2024-07-15 12:10:37,0.074568
2024-07-15 12:10:38,0.046376
2024-07-15 12:10:39,0.032128
2024-07-15 12:10:40,0.103208
2024-07-15 12:10:41,0.120264
2024-07-15 12:10:42,0.125792
2024-07-15 12:10:43,0.176072
2024-07-15 12:10:44,0.22684
2024-07-15 12:10:45,0.201816
2024-07-15 12:10:46,0.184936
2024-07-15 12:10:47,0.239336
2024-07-15 12:10:48,0.241104
2024-07-15 12:10:49,0.197984
2024-07-15 12:10:50,0.178688
2024-07-15 12:10:51,0.179112
2024-07-15 12:10:52,0.190496
2024-07-15 12:10:53,0.168104
2024-07-15 12:10:54,0.166408
2024-07-15 12:10:55,0.14756
2024-07-15 12:10:56,0.167712
2024-07-15 12:10:57,0.307744
2024-07-15 12:10:58,0.07768
2024-07-15 12:10:59,0.067904
2024-07-15 12:11:00,0.05888
2024-07-15 12:11:01,0.055152
2024-07-15 12:11:02,0.065288
2024-07-15 12:11:03,0.070744
2024-07-15 12:11:04,0.053136
2024-07-15 12:11:05,0.060384
2024-07-15 12:11:06,0.059624
2024-07-15 12:11:07,0.041384
2024-07-15 12:11:08,0.034232
2024-07-15 12:11:09,0.053144
2024-07-15 12:11:10,0.023248
2024-07-15 12:11:11,0.05212
2024-07-15 12:11:12,0.27112
2024-07-15 12:11:13,0.05924
2024-07-15 12:11:14,0.192096
2024-07-15 12:11:15,0.069048
2024-07-15 12:11:16,0.093616
2024-07-15 12:11:17,0.051792
2024-07-15 12:11:18,0.030872
2024-07-15 12:11:19,0.033416
2024-07-15 12:11:20,0.051488
2024-07-15 12:11:21,0.038832
2024-07-15 12:11:22,0.05824
2024-07-15 12:11:23,0.051784
2024-07-15 12:11:24,0.052176
2024-07-15 12:11:25,0.028184
2024-07-15 12:11:26,0.03504
2024-07-15 12:11:27,0.059912
2024-07-15 12:11:28,0.040624
2024-07-15 12:11:29,0.022152
2024-07-15 12:11:30,0.01976
2024-07-15 12:11:31,0.041192
2024-07-15 12:11:32,0.05424
2024-07-15 12:11:33,0.020664
2024-07-15 12:11:34,0.03172
2024-07-15 12:11:35,0.02404
2024-07-15 12:11:36,0.034192
2024-07-15 12:11:37,0.042448
2024-07-15 12:11:38,0.017224
2024-07-15 12:11:39,0.012296
2024-07-15 12:11:40,0.026672
2024-07-15 12:11:41,0.027776
2024-07-15 12:11:42,0.017712
2024-07-15 12:11:43,0.035504
2024-07-15 12:11:44,0.112712
2024-07-15 12:11:45,0.176232
2024-07-15 12:11:46,0.048104
2024-07-15 12:11:47,0.044616
2024-07-15 12:11:48,0.044256
2024-07-15 12:11:49,0.062928
2024-07-15 12:11:50,0.042344
2024-07-15 12:11:51,0.11144
2024-07-15 12:11:52,0.118248
2024-07-15 12:11:53,0.152832
2024-07-15 12:11:54,0.16044
2024-07-15 12:11:55,0.202576
2024-07-15 12:11:56,0.208216
2024-07-15 12:11:57,0.310976
2024-07-15 12:11:58,0.220552
2024-07-15 12:11:59,0.234584
2024-07-15 12:12:00,0.219584
2024-07-15 12:12:01,0.186368
2024-07-15 12:12:02,0.121064
2024-07-15 12:12:03,0.159232
2024-07-15 12:12:04,0.30444
2024-07-15 12:12:05,0.114112
2024-07-15 12:12:06,0.141736
2024-07-15 12:12:07,0.114472
2024-07-15 12:12:08,0.096904
2024-07-15 12:12:09,0.115464
2024-07-15 12:12:10,0.11268
2024-07-15 12:12:11,0.108112
2024-07-15 12:12:12,0.081232
2024-07-15 12:12:13,0.095232
2024-07-15 12:12:14,0.081528
2024-07-15 12:12:15,0.065736
2024-07-15 12:12:16,0.090768
2024-07-15 12:12:17,0.044832
2024-07-15 12:12:18,0.055088
2024-07-15 12:12:19,0.043768
2024-07-15 12:12:20,0.044848
2024-07-15 12:12:21,0.0288
2024-07-15 12:12:22,0.051408
2024-07-15 12:12:23,0.035056
2024-07-15 12:12:24,0.044136
2024-07-15 12:12:25,0.30264
2024-07-15 12:12:26,0.037592
2024-07-15 12:12:27,0.086832
2024-07-15 12:12:28,0.047976
2024-07-15 12:12:29,0.04472
2024-07-15 12:12:30,0.042328
2024-07-15 12:12:31,0.048776
2024-07-15 12:12:32,0.032688
2024-07-15 12:12:33,0.060024
2024-07-15 12:12:34,0.061992
2024-07-15 12:12:35,0.05384
2024-07-15 12:12:36,0.052784
2024-07-15 12:12:37,0.046848
2024-07-15 12:12:38,0.06092
2024-07-15 12:12:39,0.061424
2024-07-15 12:12:40,0.059616
2024-07-15 12:12:41,0.059632
2024-07-15 12:12:42,0.065296
2024-07-15 12:12:43,0.060688
2024-07-15 12:12:44,0.054904
2024-07-15 12:12:45,0.060056
2024-07-15 12:12:46,0.05604
2024-07-15 12:12:47,0.058432
2024-07-15 12:12:48,0.056592
2024-07-15 12:12:49,0.04804
2024-07-15 12:12:50,0.055224
2024-07-15 12:12:51,0.05484
2024-07-15 12:12:52,0.054688
2024-07-15 12:12:53,0.054776
2024-07-15 12:12:54,0.065744
2024-07-15 12:12:55,0.048768
2024-07-15 12:12:56,0.04024
2024-07-15 12:12:57,0.036232
2024-07-15 12:12:58,0.031216
2024-07-15 12:12:59,0.03392
2024-07-15 12:13:00,0.087312
2024-07-15 12:13:01,0.026232
2024-07-15 12:13:02,0.086208
2024-07-15 12:13:03,0.08192
2024-07-15 12:13:04,0.059616
2024-07-15 12:13:05,0.066584
2024-07-15 12:13:06,0.0288
2024-07-15 12:13:07,0.032296
2024-07-15 12:13:08,0.047128
2024-07-15 12:13:09,0.029272
2024-07-15 12:13:10,0.074448
2024-07-15 12:13:11,0.03492
2024-07-15 12:13:12,0.041448
2024-07-15 12:13:13,0.039192
2024-07-15 12:13:14,0.046184
2024-07-15 12:13:15,0.050808
2024-07-15 12:13:16,0.03272
2024-07-15 12:13:17,0.029376
2024-07-15 12:13:18,0.038656
2024-07-15 12:13:19,0.040576
2024-07-15 12:13:20,0.051016
2024-07-15 12:13:21,0.01736
2024-07-15 12:13:22,0.048296
2024-07-15 12:13:23,0.047216
2024-07-15 12:13:24,0.037688
2024-07-15 12:13:25,0.029128
2024-07-15 12:13:26,0.03244
2024-07-15 12:13:27,0.031912
2024-07-15 12:13:28,0.032832
2024-07-15 12:13:29,0.045112
2024-07-15 12:13:30,0.030088
2024-07-15 12:13:31,0.027776
2024-07-15 12:13:32,0.108456
2024-07-15 12:13:33,0.181544
2024-07-15 12:13:34,0.046544
2024-07-15 12:13:35,0.062744
2024-07-15 12:13:36,0.053016
2024-07-15 12:13:37,0.041904
2024-07-15 12:13:38,0.03828
2024-07-15 12:13:39,0.115168
2024-07-15 12:13:40,0.104376
2024-07-15 12:13:41,0.164832
2024-07-15 12:13:42,0.163304
2024-07-15 12:13:43,0.271608
2024-07-15 12:13:44,0.191608
2024-07-15 12:13:45,0.287808
2024-07-15 12:13:46,0.208696
2024-07-15 12:13:47,0.216008
2024-07-15 12:13:48,0.205592
2024-07-15 12:13:49,0.17536
2024-07-15 12:13:50,0.150072
2024-07-15 12:13:51,0.160288
2024-07-15 12:13:52,0.201648
2024-07-15 12:13:53,0.124024
2024-07-15 12:13:54,0.20708
2024-07-15 12:13:55,0.282344
2024-07-15 12:13:56,0.183616
2024-07-15 12:13:57,0.110968
2024-07-15 12:13:58,0.076544
2024-07-15 12:13:59,0.063176
2024-07-15 12:14:00,0.145936
2024-07-15 12:14:01,0.041072
2024-07-15 12:14:02,0.055376
2024-07-15 12:14:03,0.079728
2024-07-15 12:14:04,0.04872
2024-07-15 12:14:05,0.046472
2024-07-15 12:14:06,0.039376
2024-07-15 12:14:07,0.056648
2024-07-15 12:14:08,0.075496
2024-07-15 12:14:09,0.024744
2024-07-15 12:14:10,0.041464
2024-07-15 12:14:11,0.297816
2024-07-15 12:14:12,0.064912
2024-07-15 12:14:13,0.091016
2024-07-15 12:14:14,0.169296
2024-07-15 12:14:15,0.06152
2024-07-15 12:14:16,0.036752
2024-07-15 12:14:17,0.04852
2024-07-15 12:14:18,0.042152
2024-07-15 12:14:19,0.02484
2024-07-15 12:14:20,0.04412
2024-07-15 12:14:21,0.036368
2024-07-15 12:14:22,0.041944
2024-07-15 12:14:23,0.051584
2024-07-15 12:14:24,0.037536
2024-07-15 12:14:25,0.029784
2024-07-15 12:14:26,0.029784
2024-07-15 12:14:27,0.058288
2024-07-15 12:14:28,0.047816
2024-07-15 12:14:29,0.031968
2024-07-15 12:14:30,0.027584
2024-07-15 12:14:31,0.02772
2024-07-15 12:14:32,0.046384
2024-07-15 12:14:33,0.067912
2024-07-15 12:14:34,0.032856
2024-07-15 12:14:35,0.028768
2024-07-15 12:14:36,0.031904
2024-07-15 12:14:37,0.039064
2024-07-15 12:14:38,0.031184
2024-07-15 12:14:39,0.041832
2024-07-15 12:14:40,0.015656
2024-07-15 12:14:41,0.047992
2024-07-15 12:14:42,0.037672
2024-07-15 12:14:43,0.032128
2024-07-15 12:14:44,0.182376
2024-07-15 12:14:45,0.135824
2024-07-15 12:14:46,0.064688
2024-07-15 12:14:47,0.05044
2024-07-15 12:14:48,0.0376
2024-07-15 12:14:49,0.016392
2024-07-15 12:14:50,0.118256
2024-07-15 12:14:51,0.144976
2024-07-15 12:14:52,0.160632
2024-07-15 12:14:53,0.182392
2024-07-15 12:14:54,0.274696
2024-07-15 12:14:55,0.213464
2024-07-15 12:14:56,0.293568
2024-07-15 12:14:57,0.28276
2024-07-15 12:14:58,0.242416
2024-07-15 12:14:59,0.206384
2024-07-15 12:15:00,0.28672
2024-07-15 12:15:01,0.181632
2024-07-15 12:15:02,0.188928
2024-07-15 12:15:03,0.21264
2024-07-15 12:15:04,0.158376
2024-07-15 12:15:05,0.210368
2024-07-15 12:15:06,0.070336
2024-07-15 12:15:07,0.068248
2024-07-15 12:15:08,0.058048
2024-07-15 12:15:09,0.062456
2024-07-15 12:15:10,0.07064
2024-07-15 12:15:11,0.061064
2024-07-15 12:15:12,0.05608
2024-07-15 12:15:13,0.136072
2024-07-15 12:15:14,0.063256
2024-07-15 12:15:15,0.031392
2024-07-15 12:15:16,0.0516
2024-07-15 12:15:17,0.297664
2024-07-15 12:15:18,0.06784
2024-07-15 12:15:19,0.034224
2024-07-15 12:15:20,0.355352
2024-07-15 12:15:21,0.089744
2024-07-15 12:15:22,0.037384
2024-07-15 12:15:23,0.039464
2024-07-15 12:15:24,0.089592
2024-07-15 12:15:25,0.042376
2024-07-15 12:15:26,0.054032
2024-07-15 12:15:27,0.072584
2024-07-15 12:15:28,0.050808
2024-07-15 12:15:29,0.032216
2024-07-15 12:15:30,0.05764
2024-07-15 12:15:31,0.063448
2024-07-15 12:15:32,0.033416
2024-07-15 12:15:33,0.037112
2024-07-15 12:15:34,0.0302
2024-07-15 12:15:35,0.031584
2024-07-15 12:15:36,0.02684
2024-07-15 12:15:37,0.04752
2024-07-15 12:15:38,0.033192
2024-07-15 12:15:39,0.03992
2024-07-15 12:15:40,0.159448
2024-07-15 12:15:41,0.020104
2024-07-15 12:15:42,0.022128
2024-07-15 12:15:43,0.128152
2024-07-15 12:15:44,0.155184
2024-07-15 12:15:45,0.18064
2024-07-15 12:15:46,0.215256
2024-07-15 12:15:47,0.269064
2024-07-15 12:15:48,0.267984
2024-07-15 12:15:49,0.33432
2024-07-15 12:15:50,0.261704
2024-07-15 12:15:51,0.173032
2024-07-15 12:15:52,0.123864
2024-07-15 12:15:53,0.288168
2024-07-15 12:15:54,0.124904
2024-07-15 12:15:55,0.194128
2024-07-15 12:15:56,0.100504
2024-07-15 12:15:57,0.059104
2024-07-15 12:15:58,0.036232
2024-07-15 12:15:59,0.090312
2024-07-15 12:16:00,0.057984
2024-07-15 12:16:01,0.082832
2024-07-15 12:16:02,0.056664
2024-07-15 12:16:03,0.05036
2024-07-15 12:16:04,0.067592
2024-07-15 12:16:05,0.039424
2024-07-15 12:16:06,0.029856
2024-07-15 12:16:07,0.026432
2024-07-15 12:16:08,0.050344
2024-07-15 12:16:09,0.04248
2024-07-15 12:16:10,0.067016
2024-07-15 12:16:11,0.037224
2024-07-15 12:16:12,0.05892
2024-07-15 12:16:13,0.036912
2024-07-15 12:16:14,0.066176
2024-07-15 12:16:15,0.027512
2024-07-15 12:16:16,0.048712
2024-07-15 12:16:17,0.055712
2024-07-15 12:16:18,0.041104
2024-07-15 12:16:19,0.04076
2024-07-15 12:16:20,0.040768
2024-07-15 12:16:21,0.068296
2024-07-15 12:16:22,0.059936
2024-07-15 12:16:23,0.025472
2024-07-15 12:16:24,0.19112
2024-07-15 12:16:25,0.166944
2024-07-15 12:16:26,0.038024
2024-07-15 12:16:27,0.066032
2024-07-15 12:16:28,0.044288
2024-07-15 12:16:29,0.055144
2024-07-15 12:16:30,0.081952
2024-07-15 12:16:31,0.143168
2024-07-15 12:16:32,0.125048
2024-07-15 12:16:33,0.213296
2024-07-15 12:16:34,0.178184
2024-07-15 12:16:35,0.231712
2024-07-15 12:16:36,0.239824
2024-07-15 12:16:37,0.338096
2024-07-15 12:16:38,0.277808
2024-07-15 12:16:39,0.254
2024-07-15 12:16:40,0.263168
2024-07-15 12:16:41,0.28476
2024-07-15 12:16:42,0.184168
2024-07-15 12:16:43,0.217288
2024-07-15 12:16:44,0.194048
2024-07-15 12:16:45,0.229568
2024-07-15 12:16:46,0.246088
2024-07-15 12:16:47,0.16656
2024-07-15 12:16:48,0.11708
2024-07-15 12:16:49,0.141632
2024-07-15 12:16:50,0.12756
2024-07-15 12:16:51,0.207408
2024-07-15 12:16:52,0.112848
2024-07-15 12:16:53,0.089912
2024-07-15 12:16:54,0.083888
2024-07-15 12:16:55,0.092608
2024-07-15 12:16:56,0.099992
2024-07-15 12:16:57,0.067504
2024-07-15 12:16:58,0.109328
2024-07-15 12:16:59,0.08848
2024-07-15 12:17:00,0.080104
2024-07-15 12:17:01,0.058248
2024-07-15 12:17:02,0.043176
2024-07-15 12:17:03,0.051752
2024-07-15 12:17:04,0.074872
2024-07-15 12:17:05,0.062744
2024-07-15 12:17:06,0.0358
2024-07-15 12:17:07,0.067008
2024-07-15 12:17:08,0.02304
2024-07-15 12:17:09,0.070776
2024-07-15 12:17:10,0.343576
2024-07-15 12:17:11,0.070784
2024-07-15 12:17:12,0.276736
2024-07-15 12:17:13,0.044192
2024-07-15 12:17:14,0.016296
2024-07-15 12:17:15,0.010192
2024-07-15 12:17:16,0.013544
2024-07-15 12:17:17,0.01068
2024-07-15 12:17:18,0.020128
2024-07-15 12:17:19,0.029976
2024-07-15 12:17:20,0.070888
2024-07-15 12:17:21,0.108064
2024-07-15 12:17:22,0.101072
2024-07-15 12:17:23,0.114184
2024-07-15 12:17:24,0.06716
2024-07-15 12:17:25,0.072432
2024-07-15 12:17:26,0.064144
2024-07-15 12:17:27,0.049216
2024-07-15 12:17:28,0.047952
2024-07-15 12:17:29,0.054272
2024-07-15 12:17:30,0.029216
2024-07-15 12:17:31,0.058152
2024-07-15 12:17:32,0.026448
2024-07-15 12:17:33,0.051672
2024-07-15 12:17:34,0.086416
2024-07-15 12:17:35,0.067864
2024-07-15 12:17:36,0.04664
2024-07-15 12:17:37,0.04512
2024-07-15 12:17:38,0.066432
2024-07-15 12:17:39,0.063864
2024-07-15 12:17:40,0.030008
2024-07-15 12:17:41,0.023704
2024-07-15 12:17:42,0.055552
2024-07-15 12:17:43,0.0548
2024-07-15 12:17:44,0.050016
2024-07-15 12:17:45,0.05948
2024-07-15 12:17:46,0.067416
2024-07-15 12:17:47,0.069704
2024-07-15 12:17:48,0.054088
2024-07-15 12:17:49,0.056392
2024-07-15 12:17:50,0.087096
2024-07-15 12:17:51,0.068264
2024-07-15 12:17:52,0.04832
2024-07-15 12:17:53,0.0322
2024-07-15 12:17:54,0.045464
2024-07-15 12:17:55,0.039992
2024-07-15 12:17:56,0.042648
2024-07-15 12:17:57,0.038184
2024-07-15 12:17:58,0.037744
2024-07-15 12:17:59,0.033528
2024-07-15 12:18:00,0.04916
2024-07-15 12:18:01,0.054272
2024-07-15 12:18:02,0.183088
2024-07-15 12:18:03,0.16564
2024-07-15 12:18:04,0.043496
2024-07-15 12:18:05,0.079744
2024-07-15 12:18:06,0.04576
2024-07-15 12:18:07,0.040032
2024-07-15 12:18:08,0.126832
2024-07-15 12:18:09,0.150888
2024-07-15 12:18:10,0.170528
2024-07-15 12:18:11,0.241432
2024-07-15 12:18:12,0.245872
2024-07-15 12:18:13,0.30592
2024-07-15 12:18:14,0.354376
2024-07-15 12:18:15,0.30188
2024-07-15 12:18:16,0.377736
2024-07-15 12:18:17,0.332512
2024-07-15 12:18:18,0.281832
2024-07-15 12:18:19,0.26344
2024-07-15 12:18:20,0.251448
2024-07-15 12:18:21,0.285872
2024-07-15 12:18:22,0.241408
2024-07-15 12:18:23,0.256736
2024-07-15 12:18:24,0.302672
2024-07-15 12:18:25,0.193208
2024-07-15 12:18:26,0.190344
2024-07-15 12:18:27,0.129424
2024-07-15 12:18:28,0.166688
2024-07-15 12:18:29,0.218656
2024-07-15 12:18:30,0.10852
2024-07-15 12:18:31,0.079008
2024-07-15 12:18:32,0.100824
2024-07-15 12:18:33,0.062728
2024-07-15 12:18:34,0.071368
2024-07-15 12:18:35,0.069824
2024-07-15 12:18:36,0.055912
2024-07-15 12:18:37,0.027536
2024-07-15 12:18:38,0.0556
2024-07-15 12:18:39,0.341664
2024-07-15 12:18:40,0.04052
2024-07-15 12:18:41,0.275984
2024-07-15 12:18:42,0.041824
2024-07-15 12:18:43,0.053816
2024-07-15 12:18:44,0.03372
2024-07-15 12:18:45,0.042536
2024-07-15 12:18:46,0.019328
2024-07-15 12:18:47,0.029312
2024-07-15 12:18:48,0.018296
2024-07-15 12:18:49,0.021992
2024-07-15 12:18:50,0.037032
2024-07-15 12:18:51,0.070448
2024-07-15 12:18:52,0.066224
2024-07-15 12:18:53,0.078032
2024-07-15 12:18:54,0.074752
2024-07-15 12:18:55,0.053416
2024-07-15 12:18:56,0.069232
2024-07-15 12:18:57,0.053672
2024-07-15 12:18:58,0.048272
2024-07-15 12:18:59,0.054096
2024-07-15 12:19:00,0.029248
2024-07-15 12:19:01,0.035904
2024-07-15 12:19:02,0.04148
2024-07-15 12:19:03,0.037304
2024-07-15 12:19:04,0.075848
2024-07-15 12:19:05,0.05056
2024-07-15 12:19:06,0.060632
2024-07-15 12:19:07,0.030504
2024-07-15 12:19:08,0.057784
2024-07-15 12:19:09,0.040672
2024-07-15 12:19:10,0.043472
2024-07-15 12:19:11,0.064416
2024-07-15 12:19:12,0.030776
2024-07-15 12:19:13,0.031376
2024-07-15 12:19:14,0.025448
2024-07-15 12:19:15,0.043168
2024-07-15 12:19:16,0.020416
2024-07-15 12:19:17,0.03136
2024-07-15 12:19:18,0.036832
2024-07-15 12:19:19,0.033768
2024-07-15 12:19:20,0.025368
2024-07-15 12:19:21,0.02644
2024-07-15 12:19:22,0.02128
2024-07-15 12:19:23,0.028752
2024-07-15 12:19:24,0.025816
2024-07-15 12:19:25,0.1922
2024-07-15 12:19:26,0.152968
2024-07-15 12:19:27,0.037848
2024-07-15 12:19:28,0.073624
2024-07-15 12:19:29,0.048544
2024-07-15 12:19:30,0.033664
2024-07-15 12:19:31,0.15324
2024-07-15 12:19:32,0.154912
2024-07-15 12:19:33,0.203992
2024-07-15 12:19:34,0.249152
2024-07-15 12:19:35,0.347112
2024-07-15 12:19:36,0.297936
2024-07-15 12:19:37,0.367368
2024-07-15 12:19:38,0.32148
2024-07-15 12:19:39,0.424184
2024-07-15 12:19:40,0.336048
2024-07-15 12:19:41,0.305824
2024-07-15 12:19:42,0.272928
2024-07-15 12:19:43,0.296488
2024-07-15 12:19:44,0.270056
2024-07-15 12:19:45,0.206832
2024-07-15 12:19:46,0.276736
2024-07-15 12:19:47,0.225536
2024-07-15 12:19:48,0.1816
2024-07-15 12:19:49,0.125816
2024-07-15 12:19:50,0.105592
2024-07-15 12:19:51,0.195064
2024-07-15 12:19:52,0.082696
2024-07-15 12:19:53,0.074056
2024-07-15 12:19:54,0.06456
2024-07-15 12:19:55,0.067456
2024-07-15 12:19:56,0.042016
2024-07-15 12:19:57,0.066096
2024-07-15 12:19:58,0.026752
2024-07-15 12:19:59,0.066184
2024-07-15 12:20:00,0.345184
2024-07-15 12:20:01,0.046424
2024-07-15 12:20:02,0.087016
2024-07-15 12:20:03,0.052528
2024-07-15 12:20:04,0.047376
2024-07-15 12:20:05,0.030752
2024-07-15 12:20:06,0.042288
2024-07-15 12:20:07,0.053984
2024-07-15 12:20:08,0.04248
2024-07-15 12:20:09,0.05188
2024-07-15 12:20:10,0.053368
2024-07-15 12:20:11,0.056592
2024-07-15 12:20:12,0.059576
2024-07-15 12:20:13,0.055616
2024-07-15 12:20:14,0.061312
2024-07-15 12:20:15,0.059848
2024-07-15 12:20:16,0.064208
2024-07-15 12:20:17,0.062208
2024-07-15 12:20:18,0.0578
2024-07-15 12:20:19,0.04848
2024-07-15 12:20:20,0.060352
2024-07-15 12:20:21,0.060088
2024-07-15 12:20:22,0.05404
2024-07-15 12:20:23,0.053648
2024-07-15 12:20:24,0.054912
2024-07-15 12:20:25,0.054048
2024-07-15 12:20:26,0.057208
2024-07-15 12:20:27,0.0502
2024-07-15 12:20:28,0.052472
2024-07-15 12:20:29,0.056056
2024-07-15 12:20:30,0.052176
2024-07-15 12:20:31,0.047968
2024-07-15 12:20:32,0.046456
2024-07-15 12:20:33,0.04068
2024-07-15 12:20:34,0.05172
2024-07-15 12:20:35,0.088072
2024-07-15 12:20:36,0.033232
2024-07-15 12:20:37,0.102304
2024-07-15 12:20:38,0.103488
2024-07-15 12:20:39,0.078216
2024-07-15 12:20:40,0.062216
2024-07-15 12:20:41,0.021584
2024-07-15 12:20:42,0.024992
2024-07-15 12:20:43,0.025424
2024-07-15 12:20:44,0.047288
2024-07-15 12:20:45,0.027632
2024-07-15 12:20:46,0.036496
2024-07-15 12:20:47,0.04724
2024-07-15 12:20:48,0.043144
2024-07-15 12:20:49,0.026328
2024-07-15 12:20:50,0.021696
2024-07-15 12:20:51,0.046424
2024-07-15 12:20:52,0.029264
2024-07-15 12:20:53,0.036536
2024-07-15 12:20:54,0.053752
2024-07-15 12:20:55,0.03328
2024-07-15 12:20:56,0.030632
2024-07-15 12:20:57,0.025616
2024-07-15 12:20:58,0.028416
2024-07-15 12:20:59,0.025504
2024-07-15 12:21:00,0.021864
2024-07-15 12:21:01,0.02948
2024-07-15 12:21:02,0.020792
2024-07-15 12:21:03,0.018976
2024-07-15 12:21:04,0.022568
2024-07-15 12:21:05,0.049752
2024-07-15 12:21:06,0.043624
2024-07-15 12:21:07,0.184648
2024-07-15 12:21:08,0.17732
2024-07-15 12:21:09,0.047296
2024-07-15 12:21:10,0.069064
2024-07-15 12:21:11,0.060152
2024-07-15 12:21:12,0.055384
2024-07-15 12:21:13,0.096976
2024-07-15 12:21:14,0.160064
2024-07-15 12:21:15,0.187152
2024-07-15 12:21:16,0.27432
2024-07-15 12:21:17,0.271728
2024-07-15 12:21:18,0.298064
2024-07-15 12:21:19,0.374872
2024-07-15 12:21:20,0.400424
2024-07-15 12:21:21,0.376384
2024-07-15 12:21:22,0.408312
2024-07-15 12:21:23,0.352088
2024-07-15 12:21:24,0.31476
2024-07-15 12:21:25,0.28564
2024-07-15 12:21:26,0.344632
2024-07-15 12:21:27,0.238272
2024-07-15 12:21:28,0.2414
2024-07-15 12:21:29,0.310928
2024-07-15 12:21:30,0.254888
2024-07-15 12:21:31,0.262656
2024-07-15 12:21:32,0.179096
2024-07-15 12:21:33,0.217992
2024-07-15 12:21:34,0.170112
2024-07-15 12:21:35,0.152608
2024-07-15 12:21:36,0.10084
2024-07-15 12:21:37,0.16072
2024-07-15 12:21:38,0.13392
2024-07-15 12:21:39,0.163104
2024-07-15 12:21:40,0.07824
2024-07-15 12:21:41,0.03
2024-07-15 12:21:42,0.036896
2024-07-15 12:21:43,0.058656
2024-07-15 12:21:44,0.363728
2024-07-15 12:21:45,0.038904
2024-07-15 12:21:46,0.260488
2024-07-15 12:21:47,0.059408
2024-07-15 12:21:48,0.060232
2024-07-15 12:21:49,0.076832
2024-07-15 12:21:50,0.06168
2024-07-15 12:21:51,0.058464
2024-07-15 12:21:52,0.064856
2024-07-15 12:21:53,0.044168
2024-07-15 12:21:54,0.063664
2024-07-15 12:21:55,0.04172
2024-07-15 12:21:56,0.033864
2024-07-15 12:21:57,0.024952
2024-07-15 12:21:58,0.031504
2024-07-15 12:21:59,0.036352
2024-07-15 12:22:00,0.063592
2024-07-15 12:22:01,0.037384
2024-07-15 12:22:02,0.033296
2024-07-15 12:22:03,0.051216
2024-07-15 12:22:04,0.0312
2024-07-15 12:22:05,0.021808
2024-07-15 12:22:06,0.025856
2024-07-15 12:22:07,0.030624
2024-07-15 12:22:08,0.0134
2024-07-15 12:22:09,0.03844
2024-07-15 12:22:10,0.015104
2024-07-15 12:22:11,0.031416
2024-07-15 12:22:12,0.025576
2024-07-15 12:22:13,0.037136
2024-07-15 12:22:14,0.028864
2024-07-15 12:22:15,0.025552
2024-07-15 12:22:16,0.20768
2024-07-15 12:22:17,0.16212
2024-07-15 12:22:18,0.034032
2024-07-15 12:22:19,0.105864
2024-07-15 12:22:20,0.051312
2024-07-15 12:22:21,0.026864
2024-07-15 12:22:22,0.167048
2024-07-15 12:22:23,0.246456
2024-07-15 12:22:24,0.315744
2024-07-15 12:22:25,0.393864
2024-07-15 12:22:26,0.33052
2024-07-15 12:22:27,0.34052
2024-07-15 12:22:28,0.384272
2024-07-15 12:22:29,0.396064
2024-07-15 12:22:30,0.362408
2024-07-15 12:22:31,0.336912
2024-07-15 12:22:32,0.289088
2024-07-15 12:22:33,0.320912
2024-07-15 12:22:34,0.356336
2024-07-15 12:22:35,0.373576
2024-07-15 12:22:36,0.295784
2024-07-15 12:22:37,0.276968
2024-07-15 12:22:38,0.313904
2024-07-15 12:22:39,0.205648
2024-07-15 12:22:40,0.215536
2024-07-15 12:22:41,0.206576
2024-07-15 12:22:42,0.18488
2024-07-15 12:22:43,0.153808
2024-07-15 12:22:44,0.15684
2024-07-15 12:22:45,0.160248
2024-07-15 12:22:46,0.115072
2024-07-15 12:22:47,0.128256
2024-07-15 12:22:48,0.130496
2024-07-15 12:22:49,0.120112
2024-07-15 12:22:50,0.03324
2024-07-15 12:22:51,0.042056
2024-07-15 12:22:52,0.038496
2024-07-15 12:22:53,0.348456
2024-07-15 12:22:54,0.06972
2024-07-15 12:22:55,0.328928
2024-07-15 12:22:56,0.147904
2024-07-15 12:22:57,0.058352
2024-07-15 12:22:58,0.046896
2024-07-15 12:22:59,0.066856
2024-07-15 12:23:00,0.01648
2024-07-15 12:23:01,0.035352
2024-07-15 12:23:02,0.029928
2024-07-15 12:23:03,0.031496
2024-07-15 12:23:04,0.028584
2024-07-15 12:23:05,0.032232
2024-07-15 12:23:06,0.018632
2024-07-15 12:23:07,0.030008
2024-07-15 12:23:08,0.023952
2024-07-15 12:23:09,0.037536
2024-07-15 12:23:10,0.0256
2024-07-15 12:23:11,0.022672
2024-07-15 12:23:12,0.026776
2024-07-15 12:23:13,0.015344
2024-07-15 12:23:14,0.016104
2024-07-15 12:23:15,0.160784
2024-07-15 12:23:16,0.023784
2024-07-15 12:23:17,0.026976
2024-07-15 12:23:18,0.101456
2024-07-15 12:23:19,0.164744
2024-07-15 12:23:20,0.163976
2024-07-15 12:23:21,0.216552
2024-07-15 12:23:22,0.3196
2024-07-15 12:23:23,0.39764
2024-07-15 12:23:24,0.453352
2024-07-15 12:23:25,0.513408
2024-07-15 12:23:26,0.324128
2024-07-15 12:23:27,0.304672
2024-07-15 12:23:28,0.257808
2024-07-15 12:23:29,0.250552
2024-07-15 12:23:30,0.135056
2024-07-15 12:23:31,0.089736
2024-07-15 12:23:32,0.314808
2024-07-15 12:23:33,0.186968
2024-07-15 12:23:34,0.165328
2024-07-15 12:23:35,0.0934
2024-07-15 12:23:36,0.033664
2024-07-15 12:23:37,0.050224
2024-07-15 12:23:38,0.048408
2024-07-15 12:23:39,0.045648
2024-07-15 12:23:40,0.07608
2024-07-15 12:23:41,0.071752
2024-07-15 12:23:42,0.04212
2024-07-15 12:23:43,0.075696
2024-07-15 12:23:44,0.051496
2024-07-15 12:23:45,0.054784
2024-07-15 12:23:46,0.070128
2024-07-15 12:23:47,0.066032
2024-07-15 12:23:48,0.079696
2024-07-15 12:23:49,0.05916
2024-07-15 12:23:50,0.031664
2024-07-15 12:23:51,0.042944
2024-07-15 12:23:52,0.04296
2024-07-15 12:23:53,0.026176
2024-07-15 12:23:54,0.033768
2024-07-15 12:23:55,0.040496
2024-07-15 12:23:56,0.034144
2024-07-15 12:23:57,0.039024
2024-07-15 12:23:58,0.042448
2024-07-15 12:23:59,0.044888
2024-07-15 12:24:00,0.042808
2024-07-15 12:24:01,0.037704
2024-07-15 12:24:02,0.04364
2024-07-15 12:24:03,0.126352
2024-07-15 12:24:04,0.208824
2024-07-15 12:24:05,0.113488
2024-07-15 12:24:06,0.068424
2024-07-15 12:24:07,0.060528
2024-07-15 12:24:08,0.06616
2024-07-15 12:24:09,0.068224
2024-07-15 12:24:10,0.191888
2024-07-15 12:24:11,0.268536
2024-07-15 12:24:12,0.260928
2024-07-15 12:24:13,0.354464
2024-07-15 12:24:14,0.426344
2024-07-15 12:24:15,0.356048
2024-07-15 12:24:16,0.424416
2024-07-15 12:24:17,0.447424
2024-07-15 12:24:18,0.475104
2024-07-15 12:24:19,0.4224
2024-07-15 12:24:20,0.425104
2024-07-15 12:24:21,0.376112
2024-07-15 12:24:22,0.366528
2024-07-15 12:24:23,0.287368
2024-07-15 12:24:24,0.390696
2024-07-15 12:24:25,0.31928
2024-07-15 12:24:26,0.340856
2024-07-15 12:24:27,0.324984
2024-07-15 12:24:28,0.34272
2024-07-15 12:24:29,0.197856
2024-07-15 12:24:30,0.177928
2024-07-15 12:24:31,0.131176
2024-07-15 12:24:32,0.119488
2024-07-15 12:24:33,0.107984
2024-07-15 12:24:34,0.117544
2024-07-15 12:24:35,0.066184
2024-07-15 12:24:36,0.099728
2024-07-15 12:24:37,0.105776
2024-07-15 12:24:38,0.067456
2024-07-15 12:24:39,0.024488
2024-07-15 12:24:40,0.033808
2024-07-15 12:24:41,0.097208
2024-07-15 12:24:42,0.299352
2024-07-15 12:24:43,0.036032
2024-07-15 12:24:44,0.215864
2024-07-15 12:24:45,0.084304
2024-07-15 12:24:46,0.055152
2024-07-15 12:24:47,0.054888
2024-07-15 12:24:48,0.041792
2024-07-15 12:24:49,0.031912
2024-07-15 12:24:50,0.045856
2024-07-15 12:24:51,0.044176
2024-07-15 12:24:52,0.034248
2024-07-15 12:24:53,0.036704
2024-07-15 12:24:54,0.049672
2024-07-15 12:24:55,0.025808
2024-07-15 12:24:56,0.045008
2024-07-15 12:24:57,0.014616
2024-07-15 12:24:58,0.014864
2024-07-15 12:24:59,0.018456
2024-07-15 12:25:00,0.027416
2024-07-15 12:25:01,0.042312
2024-07-15 12:25:02,0.029392
2024-07-15 12:25:03,0.033432
2024-07-15 12:25:04,0.024464
2024-07-15 12:25:05,0.026728
2024-07-15 12:25:06,0.0298
2024-07-15 12:25:07,0.023312
2024-07-15 12:25:08,0.034456
2024-07-15 12:25:09,0.0442
2024-07-15 12:25:10,0.029808
2024-07-15 12:25:11,0.032952
2024-07-15 12:25:12,0.018096
2024-07-15 12:25:13,0.01128
2024-07-15 12:25:14,0.163224
2024-07-15 12:25:15,0.131376
2024-07-15 12:25:16,0.03472
2024-07-15 12:25:17,0.065744
2024-07-15 12:25:18,0.047536
2024-07-15 12:25:19,0.033288
2024-07-15 12:25:20,0.121664
2024-07-15 12:25:21,0.175352
2024-07-15 12:25:22,0.237688
2024-07-15 12:25:23,0.321296
2024-07-15 12:25:24,0.33324
2024-07-15 12:25:25,0.36012
2024-07-15 12:25:26,0.372416
2024-07-15 12:25:27,0.417968
2024-07-15 12:25:28,0.426168
2024-07-15 12:25:29,0.388352
2024-07-15 12:25:30,0.285112
2024-07-15 12:25:31,0.267496
2024-07-15 12:25:32,0.240856
2024-07-15 12:25:33,0.327424
2024-07-15 12:25:34,0.173384
2024-07-15 12:25:35,0.234016
2024-07-15 12:25:36,0.18216
2024-07-15 12:25:37,0.254928
2024-07-15 12:25:38,0.288128
2024-07-15 12:25:39,0.193968
2024-07-15 12:25:40,0.089752
2024-07-15 12:25:41,0.092288
2024-07-15 12:25:42,0.037328
2024-07-15 12:25:43,0.0252
2024-07-15 12:25:44,0.039
2024-07-15 12:25:45,0.013416
2024-07-15 12:25:46,0.033064
2024-07-15 12:25:47,0.032312
2024-07-15 12:25:48,0.309104
2024-07-15 12:25:49,0.042752
2024-07-15 12:25:50,0.216208
2024-07-15 12:25:51,0.038016
2024-07-15 12:25:52,0.02728
2024-07-15 12:25:53,0.030784
2024-07-15 12:25:54,0.02544
2024-07-15 12:25:55,0.016392
2024-07-15 12:25:56,0.019304
2024-07-15 12:25:57,0.04716
2024-07-15 12:25:58,0.019624
2024-07-15 12:25:59,0.016552
2024-07-15 12:26:00,0.013648
2024-07-15 12:26:01,0.01712
2024-07-15 12:26:02,0.02632
2024-07-15 12:26:03,0.014976
2024-07-15 12:26:04,0.036632
2024-07-15 12:26:05,0.03096
2024-07-15 12:26:06,0.027496
2024-07-15 12:26:07,0.034592
2024-07-15 12:26:08,0.013504
2024-07-15 12:26:09,0.021528
2024-07-15 12:26:10,0.024744
2024-07-15 12:26:11,0.010968
2024-07-15 12:26:12,0.018976
2024-07-15 12:26:13,0.012552
2024-07-15 12:26:14,0.026656
2024-07-15 12:26:15,0.017472
2024-07-15 12:26:16,0.040272
2024-07-15 12:26:17,0.012672
2024-07-15 12:26:18,0.025456
2024-07-15 12:26:19,0.014584
2024-07-15 12:26:20,0.157384
2024-07-15 12:26:21,0.130752
2024-07-15 12:26:22,0.039416
2024-07-15 12:26:23,0.07492
2024-07-15 12:26:24,0.027536
2024-07-15 12:26:25,0.026224
2024-07-15 12:26:26,0.124224
2024-07-15 12:26:27,0.191992
2024-07-15 12:26:28,0.235872
2024-07-15 12:26:29,0.306816
2024-07-15 12:26:30,0.297888
2024-07-15 12:26:31,0.344136
2024-07-15 12:26:32,0.322224
2024-07-15 12:26:33,0.30944
2024-07-15 12:26:34,0.350144
2024-07-15 12:26:35,0.357304
2024-07-15 12:26:36,0.303576
2024-07-15 12:26:37,0.279656
2024-07-15 12:26:38,0.336736
2024-07-15 12:26:39,0.252168
2024-07-15 12:26:40,0.252272
2024-07-15 12:26:41,0.336848
2024-07-15 12:26:42,0.3388
2024-07-15 12:26:43,0.26572
2024-07-15 12:26:44,0.190656
2024-07-15 12:26:45,0.167952
2024-07-15 12:26:46,0.217408
2024-07-15 12:26:47,0.190056
2024-07-15 12:26:48,0.19008
2024-07-15 12:26:49,0.059944
2024-07-15 12:26:50,0.053448
2024-07-15 12:26:51,0.04244
2024-07-15 12:26:52,0.042112
2024-07-15 12:26:53,0.03736
2024-07-15 12:26:54,0.060456
2024-07-15 12:26:55,0.04032
2024-07-15 12:26:56,0.02408
2024-07-15 12:26:57,0.049848
2024-07-15 12:26:58,0.298544
2024-07-15 12:26:59,0.04468
2024-07-15 12:27:00,0.09036
2024-07-15 12:27:01,0.056552
2024-07-15 12:27:02,0.0396
2024-07-15 12:27:03,0.042224
2024-07-15 12:27:04,0.04188
2024-07-15 12:27:05,0.047256
2024-07-15 12:27:06,0.058224
2024-07-15 12:27:07,0.04876
2024-07-15 12:27:08,0.05844
2024-07-15 12:27:09,0.069136
2024-07-15 12:27:10,0.064104
2024-07-15 12:27:11,0.059288
2024-07-15 12:27:12,0.053808
2024-07-15 12:27:13,0.043728
2024-07-15 12:27:14,0.05304
2024-07-15 12:27:15,0.043392
2024-07-15 12:27:16,0.039928
2024-07-15 12:27:17,0.038936
2024-07-15 12:27:18,0.05188
2024-07-15 12:27:19,0.056912
2024-07-15 12:27:20,0.054392
2024-07-15 12:27:21,0.050552
2024-07-15 12:27:22,0.0514
2024-07-15 12:27:23,0.044528
2024-07-15 12:27:24,0.051472
2024-07-15 12:27:25,0.046808
2024-07-15 12:27:26,0.046112
2024-07-15 12:27:27,0.069256
2024-07-15 12:27:28,0.03524
2024-07-15 12:27:29,0.118312
2024-07-15 12:27:30,0.057288
2024-07-15 12:27:31,0.053696
2024-07-15 12:27:32,0.041992
2024-07-15 12:27:33,0.024336
2024-07-15 12:27:34,0.084056
2024-07-15 12:27:35,0.032344
2024-07-15 12:27:36,0.06924
2024-07-15 12:27:37,0.066832
2024-07-15 12:27:38,0.035264
2024-07-15 12:27:39,0.037472
2024-07-15 12:27:40,0.027584
2024-07-15 12:27:41,0.023632
2024-07-15 12:27:42,0.023864
2024-07-15 12:27:43,0.040512
2024-07-15 12:27:44,0.075088
2024-07-15 12:27:45,0.04336
2024-07-15 12:27:46,0.039872
2024-07-15 12:27:47,0.057864
2024-07-15 12:27:48,0.037792
2024-07-15 12:27:49,0.028824
2024-07-15 12:27:50,0.05244
2024-07-15 12:27:51,0.050728
2024-07-15 12:27:52,0.04624
2024-07-15 12:27:53,0.04628
2024-07-15 12:27:54,0.041024
2024-07-15 12:27:55,0.029056
2024-07-15 12:27:56,0.033992
2024-07-15 12:27:57,0.03988
2024-07-15 12:27:58,0.033656
2024-07-15 12:27:59,0.16064
2024-07-15 12:28:00,0.152944
2024-07-15 12:28:01,0.033888
2024-07-15 12:28:02,0.068176
2024-07-15 12:28:03,0.049888
2024-07-15 12:28:04,0.025904
2024-07-15 12:28:05,0.108072
2024-07-15 12:28:06,0.1726
2024-07-15 12:28:07,0.215064
2024-07-15 12:28:08,0.317152
2024-07-15 12:28:09,0.33924
2024-07-15 12:28:10,0.332824
2024-07-15 12:28:11,0.36744
2024-07-15 12:28:12,0.376976
2024-07-15 12:28:13,0.444896
2024-07-15 12:28:14,0.29844
2024-07-15 12:28:15,0.413056
2024-07-15 12:28:16,0.347688
2024-07-15 12:28:17,0.26624
2024-07-15 12:28:18,0.254344
2024-07-15 12:28:19,0.237152
2024-07-15 12:28:20,0.36744
2024-07-15 12:28:21,0.295
2024-07-15 12:28:22,0.21668
2024-07-15 12:28:23,0.331064
2024-07-15 12:28:24,0.2184
2024-07-15 12:28:25,0.12504
2024-07-15 12:28:26,0.10976
2024-07-15 12:28:27,0.067624
2024-07-15 12:28:28,0.055504
2024-07-15 12:28:29,0.060928
2024-07-15 12:28:30,0.06296
2024-07-15 12:28:31,0.110112
2024-07-15 12:28:32,0.072024
2024-07-15 12:28:33,0.178064
2024-07-15 12:28:34,0.14012
2024-07-15 12:28:35,0.040976
2024-07-15 12:28:36,0.02308
2024-07-15 12:28:37,0.070064
2024-07-15 12:28:38,0.322712
2024-07-15 12:28:39,0.04784
2024-07-15 12:28:40,0.216584
2024-07-15 12:28:41,0.064064
2024-07-15 12:28:42,0.028736
2024-07-15 12:28:43,0.027072
2024-07-15 12:28:44,0.0426
2024-07-15 12:28:45,0.037848
2024-07-15 12:28:46,0.04804
2024-07-15 12:28:47,0.02952
2024-07-15 12:28:48,0.072496
2024-07-15 12:28:49,0.0626
2024-07-15 12:28:50,0.054512
2024-07-15 12:28:51,0.04548
2024-07-15 12:28:52,0.030016
2024-07-15 12:28:53,0.037304
2024-07-15 12:28:54,0.04
2024-07-15 12:28:55,0.020384
2024-07-15 12:28:56,0.03572
2024-07-15 12:28:57,0.049488
2024-07-15 12:28:58,0.024288
2024-07-15 12:28:59,0.037128
2024-07-15 12:29:00,0.034184
2024-07-15 12:29:01,0.052824
2024-07-15 12:29:02,0.034384
2024-07-15 12:29:03,0.018736
2024-07-15 12:29:04,0.022256
2024-07-15 12:29:05,0.025632
2024-07-15 12:29:06,0.028648
2024-07-15 12:29:07,0.0248
2024-07-15 12:29:08,0.018288
2024-07-15 12:29:09,0.017344
2024-07-15 12:29:10,0.161784
2024-07-15 12:29:11,0.167792
2024-07-15 12:29:12,0.024872
2024-07-15 12:29:13,0.0708
2024-07-15 12:29:14,0.049136
2024-07-15 12:29:15,0.039392
2024-07-15 12:29:16,0.122672
2024-07-15 12:29:17,0.180072
2024-07-15 12:29:18,0.2604
2024-07-15 12:29:19,0.30292
2024-07-15 12:29:20,0.366848
2024-07-15 12:29:21,0.354152
2024-07-15 12:29:22,0.387952
2024-07-15 12:29:23,0.4616
2024-07-15 12:29:24,0.474536
2024-07-15 12:29:25,0.33304
2024-07-15 12:29:26,0.2936
2024-07-15 12:29:27,0.419816
2024-07-15 12:29:28,0.360896
2024-07-15 12:29:29,0.345608
2024-07-15 12:29:30,0.279256
2024-07-15 12:29:31,0.27236
2024-07-15 12:29:32,0.259832
2024-07-15 12:29:33,0.238688
2024-07-15 12:29:34,0.218656
2024-07-15 12:29:35,0.138448
2024-07-15 12:29:36,0.059176
2024-07-15 12:29:37,0.039184
2024-07-15 12:29:38,0.12088
2024-07-15 12:29:39,0.2834
2024-07-15 12:29:40,0.08548
2024-07-15 12:29:41,0.206728
2024-07-15 12:29:42,0.042528
2024-07-15 12:29:43,0.035448
2024-07-15 12:29:44,0.037728
2024-07-15 12:29:45,0.019752
2024-07-15 12:29:46,0.017464
2024-07-15 12:29:47,0.022776
2024-07-15 12:29:48,0.015848
2024-07-15 12:29:49,0.032352
2024-07-15 12:29:50,0.026736
2024-07-15 12:29:51,0.02452
2024-07-15 12:29:52,0.035032
2024-07-15 12:29:53,0.021592
2024-07-15 12:29:54,0.016072
2024-07-15 12:29:55,0.016664
2024-07-15 12:29:56,0.01068
2024-07-15 12:29:57,0.014656
2024-07-15 12:29:58,0.015536
2024-07-15 12:29:59,0.020176
2024-07-15 12:30:00,0.018776
2024-07-15 12:30:01,0.050712
2024-07-15 12:30:02,0.022888
2024-07-15 12:30:03,0.021976
2024-07-15 12:30:04,0.085816
2024-07-15 12:30:05,0.09688
2024-07-15 12:30:06,0.129864
2024-07-15 12:30:07,0.1372
2024-07-15 12:30:08,0.158376
2024-07-15 12:30:09,0.169368
2024-07-15 12:30:10,0.204936
2024-07-15 12:30:11,0.301
2024-07-15 12:30:12,0.223208
2024-07-15 12:30:13,0.167584
2024-07-15 12:30:14,0.135624
2024-07-15 12:30:15,0.102096
2024-07-15 12:30:16,0.102816
2024-07-15 12:30:17,0.080632
2024-07-15 12:30:18,0.25868
2024-07-15 12:30:19,0.09832
2024-07-15 12:30:20,0.092896
2024-07-15 12:30:21,0.067656
2024-07-15 12:30:22,0.032952
2024-07-15 12:30:23,0.021368
2024-07-15 12:30:24,0.023384
2024-07-15 12:30:25,0.042184
2024-07-15 12:30:26,0.027352
2024-07-15 12:30:27,0.045192
2024-07-15 12:30:28,0.026184
2024-07-15 12:30:29,0.050096
2024-07-15 12:30:30,0.03812
2024-07-15 12:30:31,0.043432
2024-07-15 12:30:32,0.055144
2024-07-15 12:30:33,0.062608
2024-07-15 12:30:34,0.057936
2024-07-15 12:30:35,0.043328
2024-07-15 12:30:36,0.0204
2024-07-15 12:30:37,0.020208
2024-07-15 12:30:38,0.04612
2024-07-15 12:30:39,0.043424
2024-07-15 12:30:40,0.05076
2024-07-15 12:30:41,0.046184
2024-07-15 12:30:42,0.06384
2024-07-15 12:30:43,0.036872
2024-07-15 12:30:44,0.065192
2024-07-15 12:30:45,0.063072
2024-07-15 12:30:46,0.044664
2024-07-15 12:30:47,0.044168
2024-07-15 12:30:48,0.029712
2024-07-15 12:30:49,0.139968
2024-07-15 12:30:50,0.158856
2024-07-15 12:30:51,0.05308
2024-07-15 12:30:52,0.051344
2024-07-15 12:30:53,0.055368
2024-07-15 12:30:54,0.039832
2024-07-15 12:30:55,0.07952
2024-07-15 12:30:56,0.210872
2024-07-15 12:30:57,0.309768
2024-07-15 12:30:58,0.272488
2024-07-15 12:30:59,0.287216
2024-07-15 12:31:00,0.391712
2024-07-15 12:31:01,0.353128
2024-07-15 12:31:02,0.44032
2024-07-15 12:31:03,0.4832
2024-07-15 12:31:04,0.500944
2024-07-15 12:31:05,0.4612
2024-07-15 12:31:06,0.35644
2024-07-15 12:31:07,0.346632
2024-07-15 12:31:08,0.373088
2024-07-15 12:31:09,0.419032
2024-07-15 12:31:10,0.571744
2024-07-15 12:31:11,0.371056
2024-07-15 12:31:12,0.350104
2024-07-15 12:31:13,0.253728
2024-07-15 12:31:14,0.32148
2024-07-15 12:31:15,0.296008
2024-07-15 12:31:16,0.277704
2024-07-15 12:31:17,0.334472
2024-07-15 12:31:18,0.283056
2024-07-15 12:31:19,0.295576
2024-07-15 12:31:20,0.33436
2024-07-15 12:31:21,0.278968
2024-07-15 12:31:22,0.16108
2024-07-15 12:31:23,0.142816
2024-07-15 12:31:24,0.130536
2024-07-15 12:31:25,0.169888
2024-07-15 12:31:26,0.170056
2024-07-15 12:31:27,0.150784
2024-07-15 12:31:28,0.185704
2024-07-15 12:31:29,0.151216
2024-07-15 12:31:30,0.173536
2024-07-15 12:31:31,0.181672
2024-07-15 12:31:32,0.205128
2024-07-15 12:31:33,0.032296
2024-07-15 12:31:34,0.044448
2024-07-15 12:31:35,0.03336
2024-07-15 12:31:36,0.099008
2024-07-15 12:31:37,0.19848
2024-07-15 12:31:38,0.030096
2024-07-15 12:31:39,0.114336
2024-07-15 12:31:40,0.04344
2024-07-15 12:31:41,0.041256
2024-07-15 12:31:42,0.032328
2024-07-15 12:31:43,0.036744
2024-07-15 12:31:44,0.04228
2024-07-15 12:31:45,0.024624
2024-07-15 12:31:46,0.020264
2024-07-15 12:31:47,0.030408
2024-07-15 12:31:48,0.020328
2024-07-15 12:31:49,0.033896
2024-07-15 12:31:50,0.026776
2024-07-15 12:31:51,0.032304
2024-07-15 12:31:52,0.029064
2024-07-15 12:31:53,0.028528
2024-07-15 12:31:54,0.041536
2024-07-15 12:31:55,0.03352
2024-07-15 12:31:56,0.021144
2024-07-15 12:31:57,0.017928
2024-07-15 12:31:58,0.017784
2024-07-15 12:31:59,0.01068
2024-07-15 12:32:00,0.013056
2024-07-15 12:32:01,0.024408
2024-07-15 12:32:02,0.015184
2024-07-15 12:32:03,0.023472
2024-07-15 12:32:04,0.016288
2024-07-15 12:32:05,0.016432
2024-07-15 12:32:06,0.01068
2024-07-15 12:32:07,0.013056
2024-07-15 12:32:08,0.018056
2024-07-15 12:32:09,0.1466
2024-07-15 12:32:10,0.070152
2024-07-15 12:32:11,0.020688
2024-07-15 12:32:12,0.037608
2024-07-15 12:32:13,0.02924
2024-07-15 12:32:14,0.025664
2024-07-15 12:32:15,0.103688
2024-07-15 12:32:16,0.215904
2024-07-15 12:32:17,0.274864
2024-07-15 12:32:18,0.30508
2024-07-15 12:32:19,0.361216
2024-07-15 12:32:20,0.368304
2024-07-15 12:32:21,0.4348
2024-07-15 12:32:22,0.482776
2024-07-15 12:32:23,0.449656
2024-07-15 12:32:24,0.26544
2024-07-15 12:32:25,0.31784
2024-07-15 12:32:26,0.33296
2024-07-15 12:32:27,0.379416
2024-07-15 12:32:28,0.286352
2024-07-15 12:32:29,0.199584
2024-07-15 12:32:30,0.33664
2024-07-15 12:32:31,0.23444
2024-07-15 12:32:32,0.523904
2024-07-15 12:32:33,0.187504
2024-07-15 12:32:34,0.206328
2024-07-15 12:32:35,0.09604
2024-07-15 12:32:36,0.070424
2024-07-15 12:32:37,0.03544
2024-07-15 12:32:38,0.048472
2024-07-15 12:32:39,0.123136
2024-07-15 12:32:40,0.032368
2024-07-15 12:32:41,0.114344
2024-07-15 12:32:42,0.030656
2024-07-15 12:32:43,0.019072
2024-07-15 12:32:44,0.02876
2024-07-15 12:32:45,0.0538
2024-07-15 12:32:46,0.020032
2024-07-15 12:32:47,0.051392
2024-07-15 12:32:48,0.037488
2024-07-15 12:32:49,0.023216
2024-07-15 12:32:50,0.019752
2024-07-15 12:32:51,0.01616
2024-07-15 12:32:52,0.010944
2024-07-15 12:32:53,0.011608
2024-07-15 12:32:54,0.024896
2024-07-15 12:32:55,0.01464
2024-07-15 12:32:56,0.013056
2024-07-15 12:32:57,0.022696
2024-07-15 12:32:58,0.013056
2024-07-15 12:32:59,0.010968
2024-07-15 12:33:00,0.021392
2024-07-15 12:33:01,0.012256
2024-07-15 12:33:02,0.022048
2024-07-15 12:33:03,0.01068
2024-07-15 12:33:04,0.028712
2024-07-15 12:33:05,0.030104
2024-07-15 12:33:06,0.016608
2024-07-15 12:33:07,0.011168
2024-07-15 12:33:08,0.013056
2024-07-15 12:33:09,0.028576
2024-07-15 12:33:10,0.03084
2024-07-15 12:33:11,0.081096
2024-07-15 12:33:12,0.068576
2024-07-15 12:33:13,0.029304
2024-07-15 12:33:14,0.0406
2024-07-15 12:33:15,0.027432
2024-07-15 12:33:16,0.01724
2024-07-15 12:33:17,0.05444
2024-07-15 12:33:18,0.122888
2024-07-15 12:33:19,0.165816
2024-07-15 12:33:20,0.18416
2024-07-15 12:33:21,0.269336
2024-07-15 12:33:22,0.226568
2024-07-15 12:33:23,0.256744
2024-07-15 12:33:24,0.213392
2024-07-15 12:33:25,0.255336
2024-07-15 12:33:26,0.218488
2024-07-15 12:33:27,0.209664
2024-07-15 12:33:28,0.206992
2024-07-15 12:33:29,0.221552
2024-07-15 12:33:30,0.21636
2024-07-15 12:33:31,0.11956
2024-07-15 12:33:32,0.146096
2024-07-15 12:33:33,0.191648
2024-07-15 12:33:34,0.20992
2024-07-15 12:33:35,0.099048
2024-07-15 12:33:36,0.07592
2024-07-15 12:33:37,0.031608
2024-07-15 12:33:38,0.037768
2024-07-15 12:33:39,0.125224
2024-07-15 12:33:40,0.0298
2024-07-15 12:33:41,0.084824
2024-07-15 12:33:42,0.052296
2024-07-15 12:33:43,0.039032
2024-07-15 12:33:44,0.037472
2024-07-15 12:33:45,0.034072
2024-07-15 12:33:46,0.022024
2024-07-15 12:33:47,0.032448
2024-07-15 12:33:48,0.030088
2024-07-15 12:33:49,0.049016
2024-07-15 12:33:50,0.034832
2024-07-15 12:33:51,0.034336
2024-07-15 12:33:52,0.022664
2024-07-15 12:33:53,0.045072
2024-07-15 12:33:54,0.040336
2024-07-15 12:33:55,0.05256
2024-07-15 12:33:56,0.073696
2024-07-15 12:33:57,0.031024
2024-07-15 12:33:58,0.050592
2024-07-15 12:33:59,0.048512
2024-07-15 12:34:00,0.021776
2024-07-15 12:34:01,0.016728
2024-07-15 12:34:02,0.017312
2024-07-15 12:34:03,0.028392
2024-07-15 12:34:04,0.017344
2024-07-15 12:34:05,0.023504
2024-07-15 12:34:06,0.030168
2024-07-15 12:34:07,0.013416
2024-07-15 12:34:08,0.015344
2024-07-15 12:34:09,0.01068
2024-07-15 12:34:10,0.013056
2024-07-15 12:34:11,0.01068
2024-07-15 12:34:12,0.013056
2024-07-15 12:34:13,0.01068
2024-07-15 12:34:14,0.014384
2024-07-15 12:34:15,0.019888
2024-07-15 12:34:16,0.024232
2024-07-15 12:34:17,0.008808
2024-07-15 12:34:18,0.013088
2024-07-15 12:34:19,0.022224
2024-07-15 12:34:20,0.028528
2024-07-15 12:34:21,0.026024
2024-07-15 12:34:22,0.02628
2024-07-15 12:34:23,0.066544
2024-07-15 12:34:24,0.021632
2024-07-15 12:34:25,0.02012
2024-07-15 12:34:26,0.017112
2024-07-15 12:34:27,0.029312
2024-07-15 12:34:28,0.058736
2024-07-15 12:34:29,0.069648
2024-07-15 12:34:30,0.04152
2024-07-15 12:34:31,0.026736
2024-07-15 12:34:32,0.035712
2024-07-15 12:34:33,0.033872
2024-07-15 12:34:34,0.044152
2024-07-15 12:34:35,0.094208
2024-07-15 12:34:36,0.180936
2024-07-15 12:34:37,0.180496
2024-07-15 12:34:38,0.254584
2024-07-15 12:34:39,0.24144
2024-07-15 12:34:40,0.226032
2024-07-15 12:34:41,0.222304
2024-07-15 12:34:42,0.247272
2024-07-15 12:34:43,0.257704
2024-07-15 12:34:44,0.210464
2024-07-15 12:34:45,0.189896
2024-07-15 12:34:46,0.217968
2024-07-15 12:34:47,0.211432
2024-07-15 12:34:48,0.212888
2024-07-15 12:34:49,0.18128
2024-07-15 12:34:50,0.241536
2024-07-15 12:34:51,0.108424
2024-07-15 12:34:52,0.128872
2024-07-15 12:34:53,0.149592
2024-07-15 12:34:54,0.11452
2024-07-15 12:34:55,0.035976
2024-07-15 12:34:56,0.023448
2024-07-15 12:34:57,0.128088
2024-07-15 12:34:58,0.026376
2024-07-15 12:34:59,0.097544
2024-07-15 12:35:00,0.047664
2024-07-15 12:35:01,0.049536
2024-07-15 12:35:02,0.026424
2024-07-15 12:35:03,0.015448
2024-07-15 12:35:04,0.060736
2024-07-15 12:35:05,0.024416
2024-07-15 12:35:06,0.028488
2024-07-15 12:35:07,0.025744
2024-07-15 12:35:08,0.026448
2024-07-15 12:35:09,0.018624
2024-07-15 12:35:10,0.015928
2024-07-15 12:35:11,0.011608
2024-07-15 12:35:12,0.023472
2024-07-15 12:35:13,0.015168
2024-07-15 12:35:14,0.02284
2024-07-15 12:35:15,0.01068
2024-07-15 12:35:16,0.017488
2024-07-15 12:35:17,0.030424
2024-07-15 12:35:18,0.011184
2024-07-15 12:35:19,0.026248
2024-07-15 12:35:20,0.015864
2024-07-15 12:35:21,0.01988
2024-07-15 12:35:22,0.015776
2024-07-15 12:35:23,0.018728
2024-07-15 12:35:24,0.018744
2024-07-15 12:35:25,0.01068
2024-07-15 12:35:26,0.021408
2024-07-15 12:35:27,0.025408
2024-07-15 12:35:28,0.034696
2024-07-15 12:35:29,0.044592
2024-07-15 12:35:30,0.066776
2024-07-15 12:35:31,0.058568
2024-07-15 12:35:32,0.021768
2024-07-15 12:35:33,0.030272
2024-07-15 12:35:34,0.045296
2024-07-15 12:35:35,0.015424
2024-07-15 12:35:36,0.089776
2024-07-15 12:35:37,0.188912
2024-07-15 12:35:38,0.16208
2024-07-15 12:35:39,0.194272
2024-07-15 12:35:40,0.255976
2024-07-15 12:35:41,0.241848
2024-07-15 12:35:42,0.19428
2024-07-15 12:35:43,0.203512
2024-07-15 12:35:44,0.254288
2024-07-15 12:35:45,0.218216
2024-07-15 12:35:46,0.195552
2024-07-15 12:35:47,0.254472
2024-07-15 12:35:48,0.209088
2024-07-15 12:35:49,0.241104
2024-07-15 12:35:50,0.229392
2024-07-15 12:35:51,0.218304
2024-07-15 12:35:52,0.227976
2024-07-15 12:35:53,0.144528
2024-07-15 12:35:54,0.18744
2024-07-15 12:35:55,0.114616
2024-07-15 12:35:56,0.121816
2024-07-15 12:35:57,0.120872
2024-07-15 12:35:58,0.1096
2024-07-15 12:35:59,0.045904
2024-07-15 12:36:00,0.025248
2024-07-15 12:36:01,0.030392
2024-07-15 12:36:02,0.015736
