time,mbps
2024-07-15 20:18:56,0.242616
2024-07-15 20:18:57,0.006488
2024-07-15 20:18:58,0.0252
2024-07-15 20:18:59,0.014584
2024-07-15 20:19:00,0.03324
2024-07-15 20:19:01,0.384256
2024-07-15 20:19:02,0.021408
2024-07-15 20:19:03,0.023136
2024-07-15 20:19:04,0.022056
2024-07-15 20:19:05,0.028976
2024-07-15 20:19:06,0.026928
2024-07-15 20:19:07,0.026104
2024-07-15 20:19:08,0.036072
2024-07-15 20:19:09,0.039408
2024-07-15 20:19:10,0.026448
2024-07-15 20:19:11,0.033712
2024-07-15 20:19:12,0.028032
2024-07-15 20:19:13,0.033088
2024-07-15 20:19:14,0.026128
2024-07-15 20:19:15,0.045536
2024-07-15 20:19:16,0.024168
2024-07-15 20:19:17,0.026616
2024-07-15 20:19:18,0.019184
2024-07-15 20:19:19,0.020736
2024-07-15 20:19:20,0.019344
2024-07-15 20:19:21,0.025928
2024-07-15 20:19:22,0.033056
2024-07-15 20:19:23,0.03256
2024-07-15 20:19:24,0.021568
2024-07-15 20:19:25,0.021736
2024-07-15 20:19:26,0.020472
2024-07-15 20:19:27,0.022024
2024-07-15 20:19:28,0.020376
2024-07-15 20:19:29,0.020928
2024-07-15 20:19:30,0.022568
2024-07-15 20:19:31,0.021832
2024-07-15 20:19:32,0.019568
2024-07-15 20:19:33,0.020928
2024-07-15 20:19:34,0.021376
2024-07-15 20:19:35,0.023928
2024-07-15 20:19:36,0.022568
2024-07-15 20:19:37,0.031008
2024-07-15 20:19:38,0.029784
2024-07-15 20:19:39,0.021928
2024-07-15 20:19:40,0.019568
2024-07-15 20:19:41,0.020928
2024-07-15 20:19:42,0.019568
2024-07-15 20:19:43,0.021832
2024-07-15 20:19:44,0.020472
2024-07-15 20:19:45,0.022832
2024-07-15 20:19:46,0.017568
2024-07-15 20:19:47,0.022832
2024-07-15 20:19:48,0.020568
2024-07-15 20:19:49,0.024928
2024-07-15 20:19:50,0.019568
2024-07-15 20:19:51,0.017736
2024-07-15 20:19:52,0.018472
2024-07-15 20:19:53,0.021736
2024-07-15 20:19:54,0.017984
2024-07-15 20:19:55,0.019928
2024-07-15 20:19:56,0.018472
2024-07-15 20:19:57,0.022928
2024-07-15 20:19:58,0.022568
2024-07-15 20:19:59,0.023832
2024-07-15 20:20:00,0.019472
2024-07-15 20:20:01,0.021928
2024-07-15 20:20:02,0.016568
2024-07-15 20:20:03,0.020832
2024-07-15 20:20:04,0.01856
2024-07-15 20:20:05,0.021832
2024-07-15 20:20:06,0.020968
2024-07-15 20:20:07,0.021736
2024-07-15 20:20:08,0.020568
2024-07-15 20:20:09,0.020832
2024-07-15 20:20:10,0.020568
2024-07-15 20:20:11,0.019824
2024-07-15 20:20:12,0.015496
2024-07-15 20:20:13,0.016856
2024-07-15 20:20:14,0.018568
2024-07-15 20:20:15,0.029232
2024-07-15 20:20:16,0.03028
2024-07-15 20:20:17,0.020896
2024-07-15 20:20:18,0.019472
2024-07-15 20:20:19,0.030808
2024-07-15 20:20:20,0.01828
2024-07-15 20:20:21,0.109504
2024-07-15 20:20:22,0.013976
2024-07-15 20:20:23,0.005608
2024-07-15 20:20:24,0.004576
2024-07-15 20:20:25,0.007144
2024-07-15 20:20:26,0.004208
2024-07-15 20:20:27,0.009216
2024-07-15 20:20:28,0.015224
2024-07-15 20:20:29,0.012224
2024-07-15 20:20:30,0.00904
2024-07-15 20:20:31,0.021896
2024-07-15 20:20:32,0.008472
2024-07-15 20:20:33,0.017216
2024-07-15 20:20:34,0.006288
2024-07-15 20:20:35,0.025392
2024-07-15 20:20:36,0.028656
2024-07-15 20:20:37,0.023152
2024-07-15 20:20:38,0.02432
2024-07-15 20:20:39,0.038072
2024-07-15 20:20:40,0.027656
2024-07-15 20:20:41,0.033032
2024-07-15 20:20:42,0.027272
2024-07-15 20:20:43,0.025352
2024-07-15 20:20:44,0.025392
2024-07-15 20:20:45,0.020504
2024-07-15 20:20:46,0.020768
2024-07-15 20:20:47,0.025152
2024-07-15 20:20:48,0.029808
2024-07-15 20:20:49,0.026952
2024-07-15 20:20:50,0.021032
2024-07-15 20:20:51,0.019888
2024-07-15 20:20:52,0.015224
2024-07-15 20:20:53,0.015216
2024-07-15 20:20:54,0.012904
2024-07-15 20:20:55,0.004648
2024-07-15 20:20:56,0.00656
2024-07-15 20:20:57,0.033096
2024-07-15 20:20:58,0.013312
2024-07-15 20:20:59,0.115704
2024-07-15 20:21:00,0.067208
2024-07-15 20:21:01,0.060864
2024-07-15 20:21:02,0.017912
2024-07-15 20:21:03,0.01264
2024-07-15 20:21:04,0.002704
2024-07-15 20:21:05,0.080464
2024-07-15 20:21:06,0.007872
2024-07-15 20:21:07,0.00832
2024-07-15 20:21:08,0.032568
2024-07-15 20:21:09,0.046832
2024-07-15 20:21:10,0.043728
2024-07-15 20:21:11,0.051504
2024-07-15 20:21:12,0.04552
2024-07-15 20:21:13,0.063008
2024-07-15 20:21:14,0.086288
2024-07-15 20:21:15,0.049664
2024-07-15 20:21:16,0.08996
2024-07-15 20:21:17,0.096784
2024-07-15 20:21:18,0.109896
2024-07-15 20:21:19,0.072736
2024-07-15 20:21:20,0.045408
2024-07-15 20:21:21,0.04028
2024-07-15 20:21:22,0.030848
2024-07-15 20:21:23,0.017176
2024-07-15 20:21:24,0.024432
2024-07-15 20:21:25,0.044376
2024-07-15 20:21:26,0.070088
2024-07-15 20:21:27,0.027856
2024-07-15 20:21:28,0.027512
2024-07-15 20:21:29,0.012904
2024-07-15 20:21:30,0.045464
2024-07-15 20:21:31,0.033872
2024-07-15 20:21:32,0.13656
2024-07-15 20:21:33,0.040088
2024-07-15 20:21:34,0.005648
2024-07-15 20:21:35,0.028736
2024-07-15 20:21:36,0.027632
2024-07-15 20:21:37,0.019184
2024-07-15 20:21:38,0.037312
2024-07-15 20:21:39,0.04888
2024-07-15 20:21:40,0.04384
2024-07-15 20:21:41,0.032824
2024-07-15 20:21:42,0.060472
2024-07-15 20:21:43,0.041136
2024-07-15 20:21:44,0.02276
2024-07-15 20:21:45,0.025848
2024-07-15 20:21:46,0.047056
2024-07-15 20:21:47,0.119
2024-07-15 20:21:48,0.028704
2024-07-15 20:21:49,0.026312
2024-07-15 20:21:50,0.080752
2024-07-15 20:21:51,0.063608
2024-07-15 20:21:52,0.063952
2024-07-15 20:21:53,0.062968
2024-07-15 20:21:54,0.08144
2024-07-15 20:21:55,0.08884
2024-07-15 20:21:56,0.103176
2024-07-15 20:21:57,0.106224
2024-07-15 20:21:58,0.095984
2024-07-15 20:21:59,0.111032
2024-07-15 20:22:00,0.075144
2024-07-15 20:22:01,0.066192
2024-07-15 20:22:02,0.064288
2024-07-15 20:22:03,0.06404
2024-07-15 20:22:04,0.059808
2024-07-15 20:22:05,0.047744
2024-07-15 20:22:06,0.033304
2024-07-15 20:22:07,0.03364
2024-07-15 20:22:08,0.018968
2024-07-15 20:22:09,0.027072
2024-07-15 20:22:10,0.026232
2024-07-15 20:22:11,0.024248
2024-07-15 20:22:12,0.01676
2024-07-15 20:22:13,0.084536
2024-07-15 20:22:14,0.172256
2024-07-15 20:22:15,0.055024
2024-07-15 20:22:16,0.016056
2024-07-15 20:22:17,0.036328
2024-07-15 20:22:18,0.029504
2024-07-15 20:22:19,0.034728
2024-07-15 20:22:20,0.05092
2024-07-15 20:22:21,0.045232
2024-07-15 20:22:22,0.043496
2024-07-15 20:22:23,0.04132
2024-07-15 20:22:24,0.036608
2024-07-15 20:22:25,0.050392
2024-07-15 20:22:26,0.02864
2024-07-15 20:22:27,0.021224
2024-07-15 20:22:28,0.034576
2024-07-15 20:22:29,0.045312
2024-07-15 20:22:30,0.057968
2024-07-15 20:22:31,0.039528
2024-07-15 20:22:32,0.017064
2024-07-15 20:22:33,0.017496
2024-07-15 20:22:34,0.154464
2024-07-15 20:22:35,0.035728
2024-07-15 20:22:36,0.03052
2024-07-15 20:22:37,0.049512
2024-07-15 20:22:38,0.083968
2024-07-15 20:22:39,0.079608
2024-07-15 20:22:40,0.075912
2024-07-15 20:22:41,0.090368
2024-07-15 20:22:42,0.096576
2024-07-15 20:22:43,0.129424
2024-07-15 20:22:44,0.100264
2024-07-15 20:22:45,0.11468
2024-07-15 20:22:46,0.13436
2024-07-15 20:22:47,0.104952
2024-07-15 20:22:48,0.082584
2024-07-15 20:22:49,0.059528
2024-07-15 20:22:50,0.056224
2024-07-15 20:22:51,0.057104
2024-07-15 20:22:52,0.047632
2024-07-15 20:22:53,0.039344
2024-07-15 20:22:54,0.031888
2024-07-15 20:22:55,0.119024
2024-07-15 20:22:56,0.069752
2024-07-15 20:22:57,0.060952
2024-07-15 20:22:58,0.033584
2024-07-15 20:22:59,0.011712
2024-07-15 20:23:00,0.015944
2024-07-15 20:23:01,0.011976
2024-07-15 20:23:02,0.016312
2024-07-15 20:23:03,0.010192
2024-07-15 20:23:04,0.03588
2024-07-15 20:23:05,0.019312
2024-07-15 20:23:06,0.01696
2024-07-15 20:23:07,0.015992
2024-07-15 20:23:08,0.018464
2024-07-15 20:23:09,0.026496
2024-07-15 20:23:10,0.015688
2024-07-15 20:23:11,0.013184
2024-07-15 20:23:12,0.01196
2024-07-15 20:23:13,0.023408
2024-07-15 20:23:14,0.063128
2024-07-15 20:23:15,0.072336
2024-07-15 20:23:16,0.038496
2024-07-15 20:23:17,0.042888
2024-07-15 20:23:18,0.03616
2024-07-15 20:23:19,0.026656
2024-07-15 20:23:20,0.035832
2024-07-15 20:23:21,0.031176
2024-07-15 20:23:22,0.034872
2024-07-15 20:23:23,0.035472
2024-07-15 20:23:24,0.037472
2024-07-15 20:23:25,0.040408
2024-07-15 20:23:26,0.027072
2024-07-15 20:23:27,0.066704
2024-07-15 20:23:28,0.030976
2024-07-15 20:23:29,0.027408
2024-07-15 20:23:30,0.048536
2024-07-15 20:23:31,0.032432
2024-07-15 20:23:32,0.037632
2024-07-15 20:23:33,0.035512
2024-07-15 20:23:34,0.013544
2024-07-15 20:23:35,0.027232
2024-07-15 20:23:36,0.050032
2024-07-15 20:23:37,0.052616
2024-07-15 20:23:38,0.03508
2024-07-15 20:23:39,0.029664
2024-07-15 20:23:40,0.045608
2024-07-15 20:23:41,0.054464
2024-07-15 20:23:42,0.034648
2024-07-15 20:23:43,0.031712
2024-07-15 20:23:44,0.041568
2024-07-15 20:23:45,0.042544
2024-07-15 20:23:46,0.067064
2024-07-15 20:23:47,0.126664
2024-07-15 20:23:48,0.04764
2024-07-15 20:23:49,0.041904
2024-07-15 20:23:50,0.04652
2024-07-15 20:23:51,0.03712
2024-07-15 20:23:52,0.0306
2024-07-15 20:23:53,0.08756
2024-07-15 20:23:54,0.09032
2024-07-15 20:23:55,0.096912
2024-07-15 20:23:56,0.109568
2024-07-15 20:23:57,0.129952
2024-07-15 20:23:58,0.110616
2024-07-15 20:23:59,0.16292
2024-07-15 20:24:00,0.096992
2024-07-15 20:24:01,0.110344
2024-07-15 20:24:02,0.096048
2024-07-15 20:24:03,0.10536
2024-07-15 20:24:04,0.09148
2024-07-15 20:24:05,0.078984
2024-07-15 20:24:06,0.086416
2024-07-15 20:24:07,0.110016
2024-07-15 20:24:08,0.060184
2024-07-15 20:24:09,0.050912
2024-07-15 20:24:10,0.042904
2024-07-15 20:24:11,0.037176
2024-07-15 20:24:12,0.037224
2024-07-15 20:24:13,0.032384
2024-07-15 20:24:14,0.052912
2024-07-15 20:24:15,0.038136
2024-07-15 20:24:16,0.050528
2024-07-15 20:24:17,0.04444
2024-07-15 20:24:18,0.038608
2024-07-15 20:24:19,0.03192
2024-07-15 20:24:20,0.041256
2024-07-15 20:24:21,0.02692
2024-07-15 20:24:22,0.028808
2024-07-15 20:24:23,0.012416
2024-07-15 20:24:24,0.02792
2024-07-15 20:24:25,0.197384
2024-07-15 20:24:26,0.030952
2024-07-15 20:24:27,0.162264
2024-07-15 20:24:28,0.028536
2024-07-15 20:24:29,0.052248
2024-07-15 20:24:30,0.058048
2024-07-15 20:24:31,0.0344
2024-07-15 20:24:32,0.061352
2024-07-15 20:24:33,0.0276
2024-07-15 20:24:34,0.026032
2024-07-15 20:24:35,0.025856
2024-07-15 20:24:36,0.017992
2024-07-15 20:24:37,0.018248
2024-07-15 20:24:38,0.043496
2024-07-15 20:24:39,0.017392
2024-07-15 20:24:40,0.019896
2024-07-15 20:24:41,0.030312
2024-07-15 20:24:42,0.025848
2024-07-15 20:24:43,0.026928
2024-07-15 20:24:44,0.033728
2024-07-15 20:24:45,0.032448
2024-07-15 20:24:46,0.03164
2024-07-15 20:24:47,0.03144
2024-07-15 20:24:48,0.033904
2024-07-15 20:24:49,0.033368
2024-07-15 20:24:50,0.022256
2024-07-15 20:24:51,0.031456
2024-07-15 20:24:52,0.06244
2024-07-15 20:24:53,0.028144
2024-07-15 20:24:54,0.035176
2024-07-15 20:24:55,0.019896
2024-07-15 20:24:56,0.020632
2024-07-15 20:24:57,0.11952
2024-07-15 20:24:58,0.114248
2024-07-15 20:24:59,0.037224
2024-07-15 20:25:00,0.05684
2024-07-15 20:25:01,0.036392
2024-07-15 20:25:02,0.03824
2024-07-15 20:25:03,0.042144
2024-07-15 20:25:04,0.085264
2024-07-15 20:25:05,0.094952
2024-07-15 20:25:06,0.111712
2024-07-15 20:25:07,0.110312
2024-07-15 20:25:08,0.132536
2024-07-15 20:25:09,0.143928
2024-07-15 20:25:10,0.13028
2024-07-15 20:25:11,0.137064
2024-07-15 20:25:12,0.114528
2024-07-15 20:25:13,0.130096
2024-07-15 20:25:14,0.111096
2024-07-15 20:25:15,0.097648
2024-07-15 20:25:16,0.118968
2024-07-15 20:25:17,0.094624
2024-07-15 20:25:18,0.10592
2024-07-15 20:25:19,0.079936
2024-07-15 20:25:20,0.128056
2024-07-15 20:25:21,0.06584
2024-07-15 20:25:22,0.054176
2024-07-15 20:25:23,0.065112
2024-07-15 20:25:24,0.047072
2024-07-15 20:25:25,0.037128
2024-07-15 20:25:26,0.039992
2024-07-15 20:25:27,0.043768
2024-07-15 20:25:28,0.05068
2024-07-15 20:25:29,0.033648
2024-07-15 20:25:30,0.052336
2024-07-15 20:25:31,0.026384
2024-07-15 20:25:32,0.058216
2024-07-15 20:25:33,0.184816
2024-07-15 20:25:34,0.034432
2024-07-15 20:25:35,0.170448
2024-07-15 20:25:36,0.043952
2024-07-15 20:25:37,0.035808
2024-07-15 20:25:38,0.076024
2024-07-15 20:25:39,0.0328
2024-07-15 20:25:40,0.0378
2024-07-15 20:25:41,0.03736
2024-07-15 20:25:42,0.041184
2024-07-15 20:25:43,0.023984
2024-07-15 20:25:44,0.042816
2024-07-15 20:25:45,0.018528
2024-07-15 20:25:46,0.026384
2024-07-15 20:25:47,0.01536
2024-07-15 20:25:48,0.021304
2024-07-15 20:25:49,0.027576
2024-07-15 20:25:50,0.015656
2024-07-15 20:25:51,0.038768
2024-07-15 20:25:52,0.015584
2024-07-15 20:25:53,0.013152
2024-07-15 20:25:54,0.022256
2024-07-15 20:25:55,0.02004
2024-07-15 20:25:56,0.012216
2024-07-15 20:25:57,0.024632
2024-07-15 20:25:58,0.01532
2024-07-15 20:25:59,0.014328
2024-07-15 20:26:00,0.018376
2024-07-15 20:26:01,0.024896
2024-07-15 20:26:02,0.017408
2024-07-15 20:26:03,0.009584
2024-07-15 20:26:04,0.014152
2024-07-15 20:26:05,0.112336
2024-07-15 20:26:06,0.109528
2024-07-15 20:26:07,0.039392
2024-07-15 20:26:08,0.046392
2024-07-15 20:26:09,0.043232
2024-07-15 20:26:10,0.03484
2024-07-15 20:26:11,0.043176
2024-07-15 20:26:12,0.080896
2024-07-15 20:26:13,0.085312
2024-07-15 20:26:14,0.103072
2024-07-15 20:26:15,0.1496
2024-07-15 20:26:16,0.13268
2024-07-15 20:26:17,0.127304
2024-07-15 20:26:18,0.133792
2024-07-15 20:26:19,0.115096
2024-07-15 20:26:20,0.144672
2024-07-15 20:26:21,0.115648
2024-07-15 20:26:22,0.087136
2024-07-15 20:26:23,0.110656
2024-07-15 20:26:24,0.089848
2024-07-15 20:26:25,0.099712
2024-07-15 20:26:26,0.111536
2024-07-15 20:26:27,0.102768
2024-07-15 20:26:28,0.082032
2024-07-15 20:26:29,0.070968
2024-07-15 20:26:30,0.063352
2024-07-15 20:26:31,0.054608
2024-07-15 20:26:32,0.066392
2024-07-15 20:26:33,0.074216
2024-07-15 20:26:34,0.067728
2024-07-15 20:26:35,0.0726
2024-07-15 20:26:36,0.07768
2024-07-15 20:26:37,0.04592
2024-07-15 20:26:38,0.036632
2024-07-15 20:26:39,0.04724
2024-07-15 20:26:40,0.031752
2024-07-15 20:26:41,0.043584
2024-07-15 20:26:42,0.030936
2024-07-15 20:26:43,0.043448
2024-07-15 20:26:44,0.035392
2024-07-15 20:26:45,0.035064
2024-07-15 20:26:46,0.037224
2024-07-15 20:26:47,0.05256
2024-07-15 20:26:48,0.0496
2024-07-15 20:26:49,0.040456
2024-07-15 20:26:50,0.0294
2024-07-15 20:26:51,0.061664
2024-07-15 20:26:52,0.215608
2024-07-15 20:26:53,0.034064
2024-07-15 20:26:54,0.077904
2024-07-15 20:26:55,0.045784
2024-07-15 20:26:56,0.041744
2024-07-15 20:26:57,0.04408
2024-07-15 20:26:58,0.027032
2024-07-15 20:26:59,0.032232
2024-07-15 20:27:00,0.034944
2024-07-15 20:27:01,0.027128
2024-07-15 20:27:02,0.048136
2024-07-15 20:27:03,0.0546
2024-07-15 20:27:04,0.049384
2024-07-15 20:27:05,0.0486
2024-07-15 20:27:06,0.059312
2024-07-15 20:27:07,0.05464
2024-07-15 20:27:08,0.05832
2024-07-15 20:27:09,0.057544
2024-07-15 20:27:10,0.064016
2024-07-15 20:27:11,0.06384
2024-07-15 20:27:12,0.065336
2024-07-15 20:27:13,0.063744
2024-07-15 20:27:14,0.048392
2024-07-15 20:27:15,0.053752
2024-07-15 20:27:16,0.053416
2024-07-15 20:27:17,0.04916
2024-07-15 20:27:18,0.070496
2024-07-15 20:27:19,0.053888
2024-07-15 20:27:20,0.05176
2024-07-15 20:27:21,0.066056
2024-07-15 20:27:22,0.055032
2024-07-15 20:27:23,0.062752
2024-07-15 20:27:24,0.044824
2024-07-15 20:27:25,0.0592
2024-07-15 20:27:26,0.050136
2024-07-15 20:27:27,0.104592
2024-07-15 20:27:28,0.032496
2024-07-15 20:27:29,0.08792
2024-07-15 20:27:30,0.084704
2024-07-15 20:27:31,0.076152
2024-07-15 20:27:32,0.049264
2024-07-15 20:27:33,0.023488
2024-07-15 20:27:34,0.051816
2024-07-15 20:27:35,0.036008
2024-07-15 20:27:36,0.032208
2024-07-15 20:27:37,0.03608
2024-07-15 20:27:38,0.053272
2024-07-15 20:27:39,0.038056
2024-07-15 20:27:40,0.035328
2024-07-15 20:27:41,0.047696
2024-07-15 20:27:42,0.037696
2024-07-15 20:27:43,0.0274
2024-07-15 20:27:44,0.02164
2024-07-15 20:27:45,0.034232
2024-07-15 20:27:46,0.016224
2024-07-15 20:27:47,0.017272
2024-07-15 20:27:48,0.022088
2024-07-15 20:27:49,0.015048
2024-07-15 20:27:50,0.021424
2024-07-15 20:27:51,0.014848
2024-07-15 20:27:52,0.013776
2024-07-15 20:27:53,0.018984
2024-07-15 20:27:54,0.036064
2024-07-15 20:27:55,0.021288
2024-07-15 20:27:56,0.024312
2024-07-15 20:27:57,0.030368
2024-07-15 20:27:58,0.017648
2024-07-15 20:27:59,0.13336
2024-07-15 20:28:00,0.132328
2024-07-15 20:28:01,0.04348
2024-07-15 20:28:02,0.037208
2024-07-15 20:28:03,0.053912
2024-07-15 20:28:04,0.052424
2024-07-15 20:28:05,0.066848
2024-07-15 20:28:06,0.111264
2024-07-15 20:28:07,0.088952
2024-07-15 20:28:08,0.129368
2024-07-15 20:28:09,0.113184
2024-07-15 20:28:10,0.165936
2024-07-15 20:28:11,0.14844
2024-07-15 20:28:12,0.190864
2024-07-15 20:28:13,0.18028
2024-07-15 20:28:14,0.168056
2024-07-15 20:28:15,0.195408
2024-07-15 20:28:16,0.128464
2024-07-15 20:28:17,0.124936
2024-07-15 20:28:18,0.128608
2024-07-15 20:28:19,0.138184
2024-07-15 20:28:20,0.105488
2024-07-15 20:28:21,0.156544
2024-07-15 20:28:22,0.151256
2024-07-15 20:28:23,0.132208
2024-07-15 20:28:24,0.145224
2024-07-15 20:28:25,0.132608
2024-07-15 20:28:26,0.057304
2024-07-15 20:28:27,0.055688
2024-07-15 20:28:28,0.053728
2024-07-15 20:28:29,0.041096
2024-07-15 20:28:30,0.053976
2024-07-15 20:28:31,0.044512
2024-07-15 20:28:32,0.043408
2024-07-15 20:28:33,0.042344
2024-07-15 20:28:34,0.035128
2024-07-15 20:28:35,0.040816
2024-07-15 20:28:36,0.046808
2024-07-15 20:28:37,0.042992
2024-07-15 20:28:38,0.036632
2024-07-15 20:28:39,0.047208
2024-07-15 20:28:40,0.048808
2024-07-15 20:28:41,0.051696
2024-07-15 20:28:42,0.048832
2024-07-15 20:28:43,0.052256
2024-07-15 20:28:44,0.029352
2024-07-15 20:28:45,0.079928
2024-07-15 20:28:46,0.216328
2024-07-15 20:28:47,0.0288
2024-07-15 20:28:48,0.192808
2024-07-15 20:28:49,0.03256
2024-07-15 20:28:50,0.05084
2024-07-15 20:28:51,0.038456
2024-07-15 20:28:52,0.036456
2024-07-15 20:28:53,0.028808
2024-07-15 20:28:54,0.0302
2024-07-15 20:28:55,0.018792
2024-07-15 20:28:56,0.016976
2024-07-15 20:28:57,0.026144
2024-07-15 20:28:58,0.01768
2024-07-15 20:28:59,0.040872
2024-07-15 20:29:00,0.023536
2024-07-15 20:29:01,0.038536
2024-07-15 20:29:02,0.011784
2024-07-15 20:29:03,0.01628
2024-07-15 20:29:04,0.011776
2024-07-15 20:29:05,0.016592
2024-07-15 20:29:06,0.024088
2024-07-15 20:29:07,0.030072
2024-07-15 20:29:08,0.01988
2024-07-15 20:29:09,0.021552
2024-07-15 20:29:10,0.041504
2024-07-15 20:29:11,0.023488
2024-07-15 20:29:12,0.026416
2024-07-15 20:29:13,0.033992
2024-07-15 20:29:14,0.017568
2024-07-15 20:29:15,0.017584
2024-07-15 20:29:16,0.02036
2024-07-15 20:29:17,0.01668
2024-07-15 20:29:18,0.126736
2024-07-15 20:29:19,0.128984
2024-07-15 20:29:20,0.024368
2024-07-15 20:29:21,0.061584
2024-07-15 20:29:22,0.036176
2024-07-15 20:29:23,0.039608
2024-07-15 20:29:24,0.091104
2024-07-15 20:29:25,0.098776
2024-07-15 20:29:26,0.091824
2024-07-15 20:29:27,0.123368
2024-07-15 20:29:28,0.144392
2024-07-15 20:29:29,0.190512
2024-07-15 20:29:30,0.157848
2024-07-15 20:29:31,0.20848
2024-07-15 20:29:32,0.18564
2024-07-15 20:29:33,0.156512
2024-07-15 20:29:34,0.171576
2024-07-15 20:29:35,0.133248
2024-07-15 20:29:36,0.129936
2024-07-15 20:29:37,0.128584
2024-07-15 20:29:38,0.162152
2024-07-15 20:29:39,0.1224
2024-07-15 20:29:40,0.124704
2024-07-15 20:29:41,0.150272
2024-07-15 20:29:42,0.10788
2024-07-15 20:29:43,0.104808
2024-07-15 20:29:44,0.141536
2024-07-15 20:29:45,0.073704
2024-07-15 20:29:46,0.087992
2024-07-15 20:29:47,0.121624
2024-07-15 20:29:48,0.094696
2024-07-15 20:29:49,0.08656
2024-07-15 20:29:50,0.087896
2024-07-15 20:29:51,0.020496
2024-07-15 20:29:52,0.033912
2024-07-15 20:29:53,0.057664
2024-07-15 20:29:54,0.207768
2024-07-15 20:29:55,0.087696
2024-07-15 20:29:56,0.042384
2024-07-15 20:29:57,0.275448
2024-07-15 20:29:58,0.040592
2024-07-15 20:29:59,0.054752
2024-07-15 20:30:00,0.054992
2024-07-15 20:30:01,0.025672
2024-07-15 20:30:02,0.05924
2024-07-15 20:30:03,0.034984
2024-07-15 20:30:04,0.02688
2024-07-15 20:30:05,0.037152
2024-07-15 20:30:06,0.023944
2024-07-15 20:30:07,0.025344
2024-07-15 20:30:08,0.029096
2024-07-15 20:30:09,0.02048
2024-07-15 20:30:10,0.016032
2024-07-15 20:30:11,0.017832
2024-07-15 20:30:12,0.011752
2024-07-15 20:30:13,0.013056
2024-07-15 20:30:14,0.010192
2024-07-15 20:30:15,0.012448
2024-07-15 20:30:16,0.015232
2024-07-15 20:30:17,0.097904
2024-07-15 20:30:18,0.019984
2024-07-15 20:30:19,0.0202
2024-07-15 20:30:20,0.126368
2024-07-15 20:30:21,0.111216
2024-07-15 20:30:22,0.087808
2024-07-15 20:30:23,0.120856
2024-07-15 20:30:24,0.153552
2024-07-15 20:30:25,0.128808
2024-07-15 20:30:26,0.156472
2024-07-15 20:30:27,0.189744
2024-07-15 20:30:28,0.210472
2024-07-15 20:30:29,0.22752
2024-07-15 20:30:30,0.148224
2024-07-15 20:30:31,0.193144
2024-07-15 20:30:32,0.19628
2024-07-15 20:30:33,0.173096
2024-07-15 20:30:34,0.145488
2024-07-15 20:30:35,0.130776
2024-07-15 20:30:36,0.113376
2024-07-15 20:30:37,0.116232
2024-07-15 20:30:38,0.111216
2024-07-15 20:30:39,0.077048
2024-07-15 20:30:40,0.072296
2024-07-15 20:30:41,0.071496
2024-07-15 20:30:42,0.038952
2024-07-15 20:30:43,0.057568
2024-07-15 20:30:44,0.047352
2024-07-15 20:30:45,0.054512
2024-07-15 20:30:46,0.030368
2024-07-15 20:30:47,0.03576
2024-07-15 20:30:48,0.03504
2024-07-15 20:30:49,0.045632
2024-07-15 20:30:50,0.036976
2024-07-15 20:30:51,0.046368
2024-07-15 20:30:52,0.189776
2024-07-15 20:30:53,0.096824
2024-07-15 20:30:54,0.145824
2024-07-15 20:30:55,0.063168
2024-07-15 20:30:56,0.055928
2024-07-15 20:30:57,0.067632
2024-07-15 20:30:58,0.074288
2024-07-15 20:30:59,0.022648
2024-07-15 20:31:00,0.046928
2024-07-15 20:31:01,0.045352
2024-07-15 20:31:02,0.024488
2024-07-15 20:31:03,0.018728
2024-07-15 20:31:04,0.028184
2024-07-15 20:31:05,0.011872
2024-07-15 20:31:06,0.017272
2024-07-15 20:31:07,0.011736
2024-07-15 20:31:08,0.03004
2024-07-15 20:31:09,0.037576
2024-07-15 20:31:10,0.016888
2024-07-15 20:31:11,0.02384
2024-07-15 20:31:12,0.022048
2024-07-15 20:31:13,0.034152
2024-07-15 20:31:14,0.01968
2024-07-15 20:31:15,0.015736
2024-07-15 20:31:16,0.019824
2024-07-15 20:31:17,0.020072
2024-07-15 20:31:18,0.033432
2024-07-15 20:31:19,0.02084
2024-07-15 20:31:20,0.023136
2024-07-15 20:31:21,0.026912
2024-07-15 20:31:22,0.013432
2024-07-15 20:31:23,0.13832
2024-07-15 20:31:24,0.147808
2024-07-15 20:31:25,0.03572
2024-07-15 20:31:26,0.05812
2024-07-15 20:31:27,0.037016
2024-07-15 20:31:28,0.040744
2024-07-15 20:31:29,0.081304
2024-07-15 20:31:30,0.126
2024-07-15 20:31:31,0.13912
2024-07-15 20:31:32,0.158248
2024-07-15 20:31:33,0.174912
2024-07-15 20:31:34,0.151008
2024-07-15 20:31:35,0.161048
2024-07-15 20:31:36,0.153184
2024-07-15 20:31:37,0.136056
2024-07-15 20:31:38,0.14684
2024-07-15 20:31:39,0.127344
2024-07-15 20:31:40,0.128064
2024-07-15 20:31:41,0.093904
2024-07-15 20:31:42,0.113296
2024-07-15 20:31:43,0.115864
2024-07-15 20:31:44,0.104048
2024-07-15 20:31:45,0.119752
2024-07-15 20:31:46,0.117704
2024-07-15 20:31:47,0.122208
2024-07-15 20:31:48,0.104008
2024-07-15 20:31:49,0.104496
2024-07-15 20:31:50,0.088584
2024-07-15 20:31:51,0.073104
2024-07-15 20:31:52,0.109896
2024-07-15 20:31:53,0.037744
2024-07-15 20:31:54,0.0502
2024-07-15 20:31:55,0.02696
2024-07-15 20:31:56,0.026064
2024-07-15 20:31:57,0.0728
2024-07-15 20:31:58,0.239728
2024-07-15 20:31:59,0.036552
2024-07-15 20:32:00,0.206952
2024-07-15 20:32:01,0.043328
2024-07-15 20:32:02,0.022368
2024-07-15 20:32:03,0.037
2024-07-15 20:32:04,0.01068
2024-07-15 20:32:05,0.01196
2024-07-15 20:32:06,0.017488
2024-07-15 20:32:07,0.024912
2024-07-15 20:32:08,0.01476
2024-07-15 20:32:09,0.021088
2024-07-15 20:32:10,0.034128
2024-07-15 20:32:11,0.059744
2024-07-15 20:32:12,0.043856
2024-07-15 20:32:13,0.019544
2024-07-15 20:32:14,0.01656
2024-07-15 20:32:15,0.028704
2024-07-15 20:32:16,0.032128
2024-07-15 20:32:17,0.02796
2024-07-15 20:32:18,0.030088
2024-07-15 20:32:19,0.029656
2024-07-15 20:32:20,0.044328
2024-07-15 20:32:21,0.078552
2024-07-15 20:32:22,0.039616
2024-07-15 20:32:23,0.038312
2024-07-15 20:32:24,0.030728
2024-07-15 20:32:25,0.02428
2024-07-15 20:32:26,0.049496
2024-07-15 20:32:27,0.025304
2024-07-15 20:32:28,0.050184
2024-07-15 20:32:29,0.016104
2024-07-15 20:32:30,0.046176
2024-07-15 20:32:31,0.02516
2024-07-15 20:32:32,0.03108
2024-07-15 20:32:33,0.046296
2024-07-15 20:32:34,0.018024
2024-07-15 20:32:35,0.042
2024-07-15 20:32:36,0.032192
2024-07-15 20:32:37,0.02976
2024-07-15 20:32:38,0.026096
2024-07-15 20:32:39,0.01512
2024-07-15 20:32:40,0.01716
2024-07-15 20:32:41,0.036424
2024-07-15 20:32:42,0.042768
2024-07-15 20:32:43,0.018712
2024-07-15 20:32:44,0.021648
2024-07-15 20:32:45,0.026832
2024-07-15 20:32:46,0.013144
2024-07-15 20:32:47,0.018728
2024-07-15 20:32:48,0.029656
2024-07-15 20:32:49,0.023776
2024-07-15 20:32:50,0.134216
2024-07-15 20:32:51,0.141016
2024-07-15 20:32:52,0.024128
2024-07-15 20:32:53,0.049696
2024-07-15 20:32:54,0.041416
2024-07-15 20:32:55,0.047568
2024-07-15 20:32:56,0.102448
2024-07-15 20:32:57,0.16496
2024-07-15 20:32:58,0.187328
2024-07-15 20:32:59,0.2272
2024-07-15 20:33:00,0.234016
2024-07-15 20:33:01,0.239144
2024-07-15 20:33:02,0.246592
2024-07-15 20:33:03,0.21008
2024-07-15 20:33:04,0.177648
2024-07-15 20:33:05,0.1408
2024-07-15 20:33:06,0.18692
2024-07-15 20:33:07,0.164192
2024-07-15 20:33:08,0.169672
2024-07-15 20:33:09,0.143824
2024-07-15 20:33:10,0.162328
2024-07-15 20:33:11,0.17164
2024-07-15 20:33:12,0.16736
2024-07-15 20:33:13,0.162696
2024-07-15 20:33:14,0.143472
2024-07-15 20:33:15,0.138072
2024-07-15 20:33:16,0.111416
2024-07-15 20:33:17,0.144576
2024-07-15 20:33:18,0.126872
2024-07-15 20:33:19,0.139256
2024-07-15 20:33:20,0.139576
2024-07-15 20:33:21,0.119304
2024-07-15 20:33:22,0.067872
2024-07-15 20:33:23,0.076496
2024-07-15 20:33:24,0.087888
2024-07-15 20:33:25,0.066424
2024-07-15 20:33:26,0.024824
2024-07-15 20:33:27,0.036736
2024-07-15 20:33:28,0.021184
2024-07-15 20:33:29,0.013464
2024-07-15 20:33:30,0.018824
2024-07-15 20:33:31,0.021944
2024-07-15 20:33:32,0.032152
2024-07-15 20:33:33,0.256
2024-07-15 20:33:34,0.041456
2024-07-15 20:33:35,0.216608
2024-07-15 20:33:36,0.038272
2024-07-15 20:33:37,0.081464
2024-07-15 20:33:38,0.07696
2024-07-15 20:33:39,0.01808
2024-07-15 20:33:40,0.029464
2024-07-15 20:33:41,0.066328
2024-07-15 20:33:42,0.027256
2024-07-15 20:33:43,0.042784
2024-07-15 20:33:44,0.03428
2024-07-15 20:33:45,0.018208
2024-07-15 20:33:46,0.023952
2024-07-15 20:33:47,0.038896
2024-07-15 20:33:48,0.031744
2024-07-15 20:33:49,0.033368
2024-07-15 20:33:50,0.01068
2024-07-15 20:33:51,0.038936
2024-07-15 20:33:52,0.021768
2024-07-15 20:33:53,0.019704
2024-07-15 20:33:54,0.028232
2024-07-15 20:33:55,0.041776
2024-07-15 20:33:56,0.016856
2024-07-15 20:33:57,0.02144
2024-07-15 20:33:58,0.032872
2024-07-15 20:33:59,0.033256
2024-07-15 20:34:00,0.03524
2024-07-15 20:34:01,0.02148
2024-07-15 20:34:02,0.017848
2024-07-15 20:34:03,0.022272
2024-07-15 20:34:04,0.035224
2024-07-15 20:34:05,0.13968
2024-07-15 20:34:06,0.147208
2024-07-15 20:34:07,0.042344
2024-07-15 20:34:08,0.037632
2024-07-15 20:34:09,0.048696
2024-07-15 20:34:10,0.046824
2024-07-15 20:34:11,0.081472
2024-07-15 20:34:12,0.129392
2024-07-15 20:34:13,0.15396
2024-07-15 20:34:14,0.186616
2024-07-15 20:34:15,0.200424
2024-07-15 20:34:16,0.258328
2024-07-15 20:34:17,0.250976
2024-07-15 20:34:18,0.277304
2024-07-15 20:34:19,0.232984
2024-07-15 20:34:20,0.213912
2024-07-15 20:34:21,0.258096
2024-07-15 20:34:22,0.229712
2024-07-15 20:34:23,0.186904
2024-07-15 20:34:24,0.17952
2024-07-15 20:34:25,0.151864
2024-07-15 20:34:26,0.164728
2024-07-15 20:34:27,0.174344
2024-07-15 20:34:28,0.23104
2024-07-15 20:34:29,0.130984
2024-07-15 20:34:30,0.188912
2024-07-15 20:34:31,0.161808
2024-07-15 20:34:32,0.146864
2024-07-15 20:34:33,0.092512
2024-07-15 20:34:34,0.101392
2024-07-15 20:34:35,0.026872
2024-07-15 20:34:36,0.024136
2024-07-15 20:34:37,0.02384
2024-07-15 20:34:38,0.026936
2024-07-15 20:34:39,0.238464
2024-07-15 20:34:40,0.076808
2024-07-15 20:34:41,0.05536
2024-07-15 20:34:42,0.027904
2024-07-15 20:34:43,0.022872
2024-07-15 20:34:44,0.05704
2024-07-15 20:34:45,0.045
2024-07-15 20:34:46,0.0514
2024-07-15 20:34:47,0.042888
2024-07-15 20:34:48,0.023264
2024-07-15 20:34:49,0.024048
2024-07-15 20:34:50,0.022256
2024-07-15 20:34:51,0.031232
2024-07-15 20:34:52,0.025296
2024-07-15 20:34:53,0.029264
2024-07-15 20:34:54,0.029536
2024-07-15 20:34:55,0.03812
2024-07-15 20:34:56,0.0362
2024-07-15 20:34:57,0.049856
2024-07-15 20:34:58,0.052512
2024-07-15 20:34:59,0.050032
2024-07-15 20:35:00,0.055576
2024-07-15 20:35:01,0.05056
2024-07-15 20:35:02,0.048864
2024-07-15 20:35:03,0.050824
2024-07-15 20:35:04,0.05792
2024-07-15 20:35:05,0.06608
2024-07-15 20:35:06,0.04964
2024-07-15 20:35:07,0.047552
2024-07-15 20:35:08,0.049904
2024-07-15 20:35:09,0.044416
2024-07-15 20:35:10,0.046424
2024-07-15 20:35:11,0.047176
2024-07-15 20:35:12,0.041752
2024-07-15 20:35:13,0.043704
2024-07-15 20:35:14,0.03972
2024-07-15 20:35:15,0.039552
2024-07-15 20:35:16,0.04196
2024-07-15 20:35:17,0.077664
2024-07-15 20:35:18,0.050048
2024-07-15 20:35:19,0.044712
2024-07-15 20:35:20,0.174136
2024-07-15 20:35:21,0.11052
2024-07-15 20:35:22,0.07592
2024-07-15 20:35:23,0.063448
2024-07-15 20:35:24,0.045496
2024-07-15 20:35:25,0.029944
2024-07-15 20:35:26,0.03796
2024-07-15 20:35:27,0.025656
2024-07-15 20:35:28,0.019504
2024-07-15 20:35:29,0.030936
2024-07-15 20:35:30,0.025568
2024-07-15 20:35:31,0.02988
2024-07-15 20:35:32,0.029824
2024-07-15 20:35:33,0.045832
2024-07-15 20:35:34,0.019448
2024-07-15 20:35:35,0.032736
2024-07-15 20:35:36,0.034344
2024-07-15 20:35:37,0.057048
2024-07-15 20:35:38,0.037424
2024-07-15 20:35:39,0.02964
2024-07-15 20:35:40,0.028696
2024-07-15 20:35:41,0.022384
2024-07-15 20:35:42,0.015472
2024-07-15 20:35:43,0.013072
2024-07-15 20:35:44,0.034744
2024-07-15 20:35:45,0.018848
2024-07-15 20:35:46,0.017312
2024-07-15 20:35:47,0.031168
2024-07-15 20:35:48,0.021248
2024-07-15 20:35:49,0.018
2024-07-15 20:35:50,0.157208
2024-07-15 20:35:51,0.14088
2024-07-15 20:35:52,0.02604
2024-07-15 20:35:53,0.073704
2024-07-15 20:35:54,0.048048
2024-07-15 20:35:55,0.018352
2024-07-15 20:35:56,0.137024
2024-07-15 20:35:57,0.159424
2024-07-15 20:35:58,0.171792
2024-07-15 20:35:59,0.193168
2024-07-15 20:36:00,0.26416
2024-07-15 20:36:01,0.313336
2024-07-15 20:36:02,0.287336
2024-07-15 20:36:03,0.30524
2024-07-15 20:36:04,0.226632
2024-07-15 20:36:05,0.272536
2024-07-15 20:36:06,0.226784
2024-07-15 20:36:07,0.18176
2024-07-15 20:36:08,0.200616
2024-07-15 20:36:09,0.24352
2024-07-15 20:36:10,0.18564
2024-07-15 20:36:11,0.190296
2024-07-15 20:36:12,0.185848
2024-07-15 20:36:13,0.12364
2024-07-15 20:36:14,0.130856
2024-07-15 20:36:15,0.168176
2024-07-15 20:36:16,0.174608
2024-07-15 20:36:17,0.087672
2024-07-15 20:36:18,0.09068
2024-07-15 20:36:19,0.084736
2024-07-15 20:36:20,0.13984
2024-07-15 20:36:21,0.071048
2024-07-15 20:36:22,0.065024
2024-07-15 20:36:23,0.048848
2024-07-15 20:36:24,0.062496
2024-07-15 20:36:25,0.021768
2024-07-15 20:36:26,0.046576
2024-07-15 20:36:27,0.01068
2024-07-15 20:36:28,0.01536
2024-07-15 20:36:29,0.046944
2024-07-15 20:36:30,0.261048
2024-07-15 20:36:31,0.040848
2024-07-15 20:36:32,0.263368
2024-07-15 20:36:33,0.055312
2024-07-15 20:36:34,0.064488
2024-07-15 20:36:35,0.076448
2024-07-15 20:36:36,0.043232
2024-07-15 20:36:37,0.111016
2024-07-15 20:36:38,0.033912
2024-07-15 20:36:39,0.032024
2024-07-15 20:36:40,0.029128
2024-07-15 20:36:41,0.051592
2024-07-15 20:36:42,0.028664
2024-07-15 20:36:43,0.033768
2024-07-15 20:36:44,0.026592
2024-07-15 20:36:45,0.032336
2024-07-15 20:36:46,0.036248
2024-07-15 20:36:47,0.071704
2024-07-15 20:36:48,0.030288
2024-07-15 20:36:49,0.035568
2024-07-15 20:36:50,0.041584
2024-07-15 20:36:51,0.021152
2024-07-15 20:36:52,0.025992
2024-07-15 20:36:53,0.032408
2024-07-15 20:36:54,0.034736
2024-07-15 20:36:55,0.03628
2024-07-15 20:36:56,0.043392
2024-07-15 20:36:57,0.041472
2024-07-15 20:36:58,0.030776
2024-07-15 20:36:59,0.01672
2024-07-15 20:37:00,0.033752
2024-07-15 20:37:01,0.015
2024-07-15 20:37:02,0.013056
2024-07-15 20:37:03,0.01068
2024-07-15 20:37:04,0.013056
2024-07-15 20:37:05,0.01068
2024-07-15 20:37:06,0.013272
2024-07-15 20:37:07,0.021056
2024-07-15 20:37:08,0.012608
2024-07-15 20:37:09,0.018112
2024-07-15 20:37:10,0.013368
2024-07-15 20:37:11,0.020696
2024-07-15 20:37:12,0.01068
2024-07-15 20:37:13,0.013056
2024-07-15 20:37:14,0.020552
2024-07-15 20:37:15,0.015368
2024-07-15 20:37:16,0.155088
2024-07-15 20:37:17,0.181968
2024-07-15 20:37:18,0.064488
2024-07-15 20:37:19,0.060152
2024-07-15 20:37:20,0.033752
2024-07-15 20:37:21,0.066632
2024-07-15 20:37:22,0.126728
2024-07-15 20:37:23,0.140688
2024-07-15 20:37:24,0.167632
2024-07-15 20:37:25,0.180808
2024-07-15 20:37:26,0.216872
2024-07-15 20:37:27,0.281952
2024-07-15 20:37:28,0.26376
2024-07-15 20:37:29,0.273504
2024-07-15 20:37:30,0.274976
2024-07-15 20:37:31,0.29968
2024-07-15 20:37:32,0.348992
2024-07-15 20:37:33,0.253312
2024-07-15 20:37:34,0.213304
2024-07-15 20:37:35,0.192568
2024-07-15 20:37:36,0.199648
2024-07-15 20:37:37,0.265664
2024-07-15 20:37:38,0.174024
2024-07-15 20:37:39,0.15728
2024-07-15 20:37:40,0.157896
2024-07-15 20:37:41,0.181032
2024-07-15 20:37:42,0.205712
2024-07-15 20:37:43,0.15096
2024-07-15 20:37:44,0.079192
2024-07-15 20:37:45,0.063616
2024-07-15 20:37:46,0.071528
2024-07-15 20:37:47,0.084784
2024-07-15 20:37:48,0.051952
2024-07-15 20:37:49,0.061488
2024-07-15 20:37:50,0.049576
2024-07-15 20:37:51,0.087448
2024-07-15 20:37:52,0.078816
2024-07-15 20:37:53,0.06948
2024-07-15 20:37:54,0.036856
2024-07-15 20:37:55,0.019896
2024-07-15 20:37:56,0.035424
2024-07-15 20:37:57,0.026272
2024-07-15 20:37:58,0.02692
2024-07-15 20:37:59,0.322664
2024-07-15 20:38:00,0.051856
2024-07-15 20:38:01,0.41136
2024-07-15 20:38:02,0.07352
2024-07-15 20:38:03,0.058032
2024-07-15 20:38:04,0.057392
2024-07-15 20:38:05,0.06284
2024-07-15 20:38:06,0.077696
2024-07-15 20:38:07,0.035224
2024-07-15 20:38:08,0.013056
2024-07-15 20:38:09,0.05724
2024-07-15 20:38:10,0.048432
2024-07-15 20:38:11,0.085416
2024-07-15 20:38:12,0.022768
2024-07-15 20:38:13,0.042832
2024-07-15 20:38:14,0.036672
2024-07-15 20:38:15,0.025064
2024-07-15 20:38:16,0.038544
2024-07-15 20:38:17,0.033064
2024-07-15 20:38:18,0.037872
2024-07-15 20:38:19,0.029344
2024-07-15 20:38:20,0.040864
2024-07-15 20:38:21,0.167672
2024-07-15 20:38:22,0.030072
2024-07-15 20:38:23,0.040168
2024-07-15 20:38:24,0.161672
2024-07-15 20:38:25,0.161072
2024-07-15 20:38:26,0.215768
2024-07-15 20:38:27,0.289496
2024-07-15 20:38:28,0.29392
2024-07-15 20:38:29,0.293048
2024-07-15 20:38:30,0.238288
2024-07-15 20:38:31,0.193776
2024-07-15 20:38:32,0.09512
2024-07-15 20:38:33,0.100624
2024-07-15 20:38:34,0.089312
2024-07-15 20:38:35,0.0802
2024-07-15 20:38:36,0.083288
2024-07-15 20:38:37,0.088832
2024-07-15 20:38:38,0.069016
2024-07-15 20:38:39,0.301672
2024-07-15 20:38:40,0.168296
2024-07-15 20:38:41,0.26608
2024-07-15 20:38:42,0.08688
2024-07-15 20:38:43,0.093192
2024-07-15 20:38:44,0.087224
2024-07-15 20:38:45,0.057448
2024-07-15 20:38:46,0.064096
2024-07-15 20:38:47,0.053136
2024-07-15 20:38:48,0.04848
2024-07-15 20:38:49,0.031448
2024-07-15 20:38:50,0.028664
2024-07-15 20:38:51,0.031528
2024-07-15 20:38:52,0.042056
2024-07-15 20:38:53,0.025736
2024-07-15 20:38:54,0.051912
2024-07-15 20:38:55,0.04068
2024-07-15 20:38:56,0.046464
2024-07-15 20:38:57,0.031208
2024-07-15 20:38:58,0.019176
2024-07-15 20:38:59,0.031144
2024-07-15 20:39:00,0.049592
2024-07-15 20:39:01,0.034296
2024-07-15 20:39:02,0.035048
2024-07-15 20:39:03,0.082672
2024-07-15 20:39:04,0.045544
2024-07-15 20:39:05,0.045384
2024-07-15 20:39:06,0.054624
2024-07-15 20:39:07,0.040896
2024-07-15 20:39:08,0.027528
2024-07-15 20:39:09,0.035672
2024-07-15 20:39:10,0.24128
2024-07-15 20:39:11,0.156392
2024-07-15 20:39:12,0.057056
2024-07-15 20:39:13,0.076688
2024-07-15 20:39:14,0.07256
2024-07-15 20:39:15,0.043304
2024-07-15 20:39:16,0.171672
2024-07-15 20:39:17,0.19152
2024-07-15 20:39:18,0.2114
2024-07-15 20:39:19,0.256712
2024-07-15 20:39:20,0.345328
2024-07-15 20:39:21,0.346232
2024-07-15 20:39:22,0.334504
2024-07-15 20:39:23,0.338448
2024-07-15 20:39:24,0.341504
2024-07-15 20:39:25,0.296832
2024-07-15 20:39:26,0.356936
2024-07-15 20:39:27,0.302656
2024-07-15 20:39:28,0.286432
2024-07-15 20:39:29,0.282144
2024-07-15 20:39:30,0.273136
2024-07-15 20:39:31,0.24148
2024-07-15 20:39:32,0.296336
2024-07-15 20:39:33,0.271488
2024-07-15 20:39:34,0.194312
2024-07-15 20:39:35,0.263552
2024-07-15 20:39:36,0.21536
2024-07-15 20:39:37,0.167616
2024-07-15 20:39:38,0.171296
2024-07-15 20:39:39,0.142592
2024-07-15 20:39:40,0.125344
2024-07-15 20:39:41,0.14332
2024-07-15 20:39:42,0.091144
2024-07-15 20:39:43,0.092568
2024-07-15 20:39:44,0.100904
2024-07-15 20:39:45,0.037368
2024-07-15 20:39:46,0.020408
2024-07-15 20:39:47,0.06428
2024-07-15 20:39:48,0.319416
2024-07-15 20:39:49,0.036416
2024-07-15 20:39:50,0.271112
2024-07-15 20:39:51,0.045792
2024-07-15 20:39:52,0.038448
2024-07-15 20:39:53,0.0362
2024-07-15 20:39:54,0.015672
2024-07-15 20:39:55,0.019824
2024-07-15 20:39:56,0.017192
2024-07-15 20:39:57,0.030056
2024-07-15 20:39:58,0.076136
2024-07-15 20:39:59,0.036024
2024-07-15 20:40:00,0.039144
2024-07-15 20:40:01,0.064448
2024-07-15 20:40:02,0.070088
2024-07-15 20:40:03,0.023296
2024-07-15 20:40:04,0.054448
2024-07-15 20:40:05,0.03764
2024-07-15 20:40:06,0.038664
2024-07-15 20:40:07,0.036416
2024-07-15 20:40:08,0.027832
2024-07-15 20:40:09,0.048376
2024-07-15 20:40:10,0.032096
2024-07-15 20:40:11,0.047328
2024-07-15 20:40:12,0.028704
2024-07-15 20:40:13,0.049864
2024-07-15 20:40:14,0.063512
2024-07-15 20:40:15,0.039088
2024-07-15 20:40:16,0.041448
2024-07-15 20:40:17,0.02848
2024-07-15 20:40:18,0.04224
2024-07-15 20:40:19,0.051968
2024-07-15 20:40:20,0.053216
2024-07-15 20:40:21,0.048488
2024-07-15 20:40:22,0.024672
2024-07-15 20:40:23,0.016312
2024-07-15 20:40:24,0.033872
2024-07-15 20:40:25,0.024016
2024-07-15 20:40:26,0.042096
2024-07-15 20:40:27,0.0138
2024-07-15 20:40:28,0.038624
2024-07-15 20:40:29,0.0184
2024-07-15 20:40:30,0.044144
2024-07-15 20:40:31,0.028536
2024-07-15 20:40:32,0.018312
2024-07-15 20:40:33,0.0248
2024-07-15 20:40:34,0.037664
2024-07-15 20:40:35,0.01988
2024-07-15 20:40:36,0.023552
2024-07-15 20:40:37,0.019056
2024-07-15 20:40:38,0.013712
2024-07-15 20:40:39,0.02372
2024-07-15 20:40:40,0.196208
2024-07-15 20:40:41,0.16648
2024-07-15 20:40:42,0.036424
2024-07-15 20:40:43,0.087576
2024-07-15 20:40:44,0.045896
2024-07-15 20:40:45,0.041944
2024-07-15 20:40:46,0.131984
2024-07-15 20:40:47,0.174296
2024-07-15 20:40:48,0.243176
2024-07-15 20:40:49,0.292784
2024-07-15 20:40:50,0.440992
2024-07-15 20:40:51,0.40672
2024-07-15 20:40:52,0.424688
2024-07-15 20:40:53,0.457504
2024-07-15 20:40:54,0.397296
2024-07-15 20:40:55,0.397856
2024-07-15 20:40:56,0.441976
2024-07-15 20:40:57,0.478048
2024-07-15 20:40:58,0.336976
2024-07-15 20:40:59,0.295392
2024-07-15 20:41:00,0.237144
2024-07-15 20:41:01,0.301864
2024-07-15 20:41:02,0.261848
2024-07-15 20:41:03,0.291888
2024-07-15 20:41:04,0.199368
2024-07-15 20:41:05,0.225024
2024-07-15 20:41:06,0.145008
2024-07-15 20:41:07,0.156936
2024-07-15 20:41:08,0.020232
2024-07-15 20:41:09,0.051232
2024-07-15 20:41:10,0.087408
2024-07-15 20:41:11,0.29652
2024-07-15 20:41:12,0.04424
2024-07-15 20:41:13,0.246488
2024-07-15 20:41:14,0.087776
2024-07-15 20:41:15,0.078088
2024-07-15 20:41:16,0.120192
2024-07-15 20:41:17,0.01996
2024-07-15 20:41:18,0.028032
2024-07-15 20:41:19,0.028424
2024-07-15 20:41:20,0.024896
2024-07-15 20:41:21,0.031872
2024-07-15 20:41:22,0.023984
2024-07-15 20:41:23,0.031328
2024-07-15 20:41:24,0.067
2024-07-15 20:41:25,0.080608
2024-07-15 20:41:26,0.0626
2024-07-15 20:41:27,0.052656
2024-07-15 20:41:28,0.046128
2024-07-15 20:41:29,0.03232
2024-07-15 20:41:30,0.041056
2024-07-15 20:41:31,0.0224
2024-07-15 20:41:32,0.03484
2024-07-15 20:41:33,0.059688
2024-07-15 20:41:34,0.02856
2024-07-15 20:41:35,0.044872
2024-07-15 20:41:36,0.039576
2024-07-15 20:41:37,0.038944
2024-07-15 20:41:38,0.030184
2024-07-15 20:41:39,0.032136
2024-07-15 20:41:40,0.017064
2024-07-15 20:41:41,0.048528
2024-07-15 20:41:42,0.040184
2024-07-15 20:41:43,0.037904
2024-07-15 20:41:44,0.039224
2024-07-15 20:41:45,0.025336
2024-07-15 20:41:46,0.025536
2024-07-15 20:41:47,0.01692
2024-07-15 20:41:48,0.017808
2024-07-15 20:41:49,0.024864
2024-07-15 20:41:50,0.0248
2024-07-15 20:41:51,0.02232
2024-07-15 20:41:52,0.020632
2024-07-15 20:41:53,0.01068
2024-07-15 20:41:54,0.017344
2024-07-15 20:41:55,0.014968
2024-07-15 20:41:56,0.028008
2024-07-15 20:41:57,0.188344
2024-07-15 20:41:58,0.15144
2024-07-15 20:41:59,0.048968
2024-07-15 20:42:00,0.049664
2024-07-15 20:42:01,0.057448
2024-07-15 20:42:02,0.037736
2024-07-15 20:42:03,0.10716
2024-07-15 20:42:04,0.191208
2024-07-15 20:42:05,0.199304
2024-07-15 20:42:06,0.244488
2024-07-15 20:42:07,0.327192
2024-07-15 20:42:08,0.420968
2024-07-15 20:42:09,0.340728
2024-07-15 20:42:10,0.38348
2024-07-15 20:42:11,0.416208
2024-07-15 20:42:12,0.352464
2024-07-15 20:42:13,0.371304
2024-07-15 20:42:14,0.364648
2024-07-15 20:42:15,0.250248
2024-07-15 20:42:16,0.24624
2024-07-15 20:42:17,0.209968
2024-07-15 20:42:18,0.282464
2024-07-15 20:42:19,0.243072
2024-07-15 20:42:20,0.200088
2024-07-15 20:42:21,0.154536
2024-07-15 20:42:22,0.171552
2024-07-15 20:42:23,0.128544
2024-07-15 20:42:24,0.095424
2024-07-15 20:42:25,0.127296
2024-07-15 20:42:26,0.093528
2024-07-15 20:42:27,0.116944
2024-07-15 20:42:28,0.128608
2024-07-15 20:42:29,0.056072
2024-07-15 20:42:30,0.09016
2024-07-15 20:42:31,0.052776
2024-07-15 20:42:32,0.06096
2024-07-15 20:42:33,0.045016
2024-07-15 20:42:34,0.05956
2024-07-15 20:42:35,0.043952
2024-07-15 20:42:36,0.050032
2024-07-15 20:42:37,0.057936
2024-07-15 20:42:38,0.060144
2024-07-15 20:42:39,0.041512
2024-07-15 20:42:40,0.057336
2024-07-15 20:42:41,0.059992
2024-07-15 20:42:42,0.057064
2024-07-15 20:42:43,0.056128
2024-07-15 20:42:44,0.074952
2024-07-15 20:42:45,0.046248
2024-07-15 20:42:46,0.050704
2024-07-15 20:42:47,0.283144
2024-07-15 20:42:48,0.033232
2024-07-15 20:42:49,0.083784
2024-07-15 20:42:50,0.046776
2024-07-15 20:42:51,0.047592
2024-07-15 20:42:52,0.024016
2024-07-15 20:42:53,0.021648
2024-07-15 20:42:54,0.024464
2024-07-15 20:42:55,0.045968
2024-07-15 20:42:56,0.029816
2024-07-15 20:42:57,0.047
2024-07-15 20:42:58,0.044528
2024-07-15 20:42:59,0.04204
2024-07-15 20:43:00,0.052224
2024-07-15 20:43:01,0.065232
2024-07-15 20:43:02,0.06284
2024-07-15 20:43:03,0.06668
2024-07-15 20:43:04,0.06292
2024-07-15 20:43:05,0.059352
2024-07-15 20:43:06,0.067416
2024-07-15 20:43:07,0.054304
2024-07-15 20:43:08,0.057584
2024-07-15 20:43:09,0.049584
2024-07-15 20:43:10,0.053512
2024-07-15 20:43:11,0.036152
2024-07-15 20:43:12,0.0394
2024-07-15 20:43:13,0.041768
2024-07-15 20:43:14,0.040272
2024-07-15 20:43:15,0.043096
2024-07-15 20:43:16,0.043552
2024-07-15 20:43:17,0.040992
2024-07-15 20:43:18,0.0382
2024-07-15 20:43:19,0.040616
2024-07-15 20:43:20,0.038208
2024-07-15 20:43:21,0.050576
2024-07-15 20:43:22,0.075448
2024-07-15 20:43:23,0.028296
2024-07-15 20:43:24,0.124664
2024-07-15 20:43:25,0.074448
2024-07-15 20:43:26,0.131312
2024-07-15 20:43:27,0.056104
2024-07-15 20:43:28,0.042
2024-07-15 20:43:29,0.05996
2024-07-15 20:43:30,0.040744
2024-07-15 20:43:31,0.044768
2024-07-15 20:43:32,0.04068
2024-07-15 20:43:33,0.0268
2024-07-15 20:43:34,0.059312
2024-07-15 20:43:35,0.037816
2024-07-15 20:43:36,0.043008
2024-07-15 20:43:37,0.043
2024-07-15 20:43:38,0.03516
2024-07-15 20:43:39,0.024208
2024-07-15 20:43:40,0.028464
2024-07-15 20:43:41,0.038184
2024-07-15 20:43:42,0.051024
2024-07-15 20:43:43,0.03148
2024-07-15 20:43:44,0.022344
2024-07-15 20:43:45,0.023072
2024-07-15 20:43:46,0.030944
2024-07-15 20:43:47,0.024016
2024-07-15 20:43:48,0.019736
2024-07-15 20:43:49,0.020864
2024-07-15 20:43:50,0.019584
2024-07-15 20:43:51,0.03204
2024-07-15 20:43:52,0.023984
2024-07-15 20:43:53,0.034328
2024-07-15 20:43:54,0.198336
2024-07-15 20:43:55,0.149144
2024-07-15 20:43:56,0.044264
2024-07-15 20:43:57,0.07736
2024-07-15 20:43:58,0.051568
2024-07-15 20:43:59,0.036192
2024-07-15 20:44:00,0.159456
2024-07-15 20:44:01,0.180256
2024-07-15 20:44:02,0.244456
2024-07-15 20:44:03,0.29192
2024-07-15 20:44:04,0.352424
2024-07-15 20:44:05,0.383416
2024-07-15 20:44:06,0.382216
2024-07-15 20:44:07,0.478528
2024-07-15 20:44:08,0.40164
2024-07-15 20:44:09,0.41832
2024-07-15 20:44:10,0.426008
2024-07-15 20:44:11,0.374816
2024-07-15 20:44:12,0.29652
2024-07-15 20:44:13,0.326904
2024-07-15 20:44:14,0.355552
2024-07-15 20:44:15,0.351456
2024-07-15 20:44:16,0.271408
2024-07-15 20:44:17,0.269656
2024-07-15 20:44:18,0.219808
2024-07-15 20:44:19,0.213528
2024-07-15 20:44:20,0.250712
2024-07-15 20:44:21,0.147232
2024-07-15 20:44:22,0.123056
2024-07-15 20:44:23,0.08852
2024-07-15 20:44:24,0.084072
2024-07-15 20:44:25,0.095264
2024-07-15 20:44:26,0.09504
2024-07-15 20:44:27,0.042088
2024-07-15 20:44:28,0.060232
2024-07-15 20:44:29,0.244896
2024-07-15 20:44:30,0.121864
2024-07-15 20:44:31,0.063416
2024-07-15 20:44:32,0.265968
2024-07-15 20:44:33,0.1186
2024-07-15 20:44:34,0.113176
2024-07-15 20:44:35,0.078048
2024-07-15 20:44:36,0.034992
2024-07-15 20:44:37,0.041616
2024-07-15 20:44:38,0.04952
2024-07-15 20:44:39,0.049112
2024-07-15 20:44:40,0.024264
2024-07-15 20:44:41,0.015848
2024-07-15 20:44:42,0.028416
2024-07-15 20:44:43,0.020968
2024-07-15 20:44:44,0.02372
2024-07-15 20:44:45,0.015144
2024-07-15 20:44:46,0.039824
2024-07-15 20:44:47,0.019376
2024-07-15 20:44:48,0.035896
2024-07-15 20:44:49,0.030736
2024-07-15 20:44:50,0.020136
2024-07-15 20:44:51,0.022464
2024-07-15 20:44:52,0.019352
2024-07-15 20:44:53,0.012904
2024-07-15 20:44:54,0.017672
2024-07-15 20:44:55,0.013352
2024-07-15 20:44:56,0.03852
2024-07-15 20:44:57,0.046848
2024-07-15 20:44:58,0.028608
2024-07-15 20:44:59,0.016288
2024-07-15 20:45:00,0.01508
2024-07-15 20:45:01,0.021616
2024-07-15 20:45:02,0.197776
2024-07-15 20:45:03,0.13328
2024-07-15 20:45:04,0.016792
2024-07-15 20:45:05,0.080744
2024-07-15 20:45:06,0.0464
2024-07-15 20:45:07,0.01872
2024-07-15 20:45:08,0.244032
2024-07-15 20:45:09,0.277744
2024-07-15 20:45:10,0.327688
2024-07-15 20:45:11,0.463072
2024-07-15 20:45:12,0.409368
2024-07-15 20:45:13,0.437064
2024-07-15 20:45:14,0.50004
2024-07-15 20:45:15,0.488544
2024-07-15 20:45:16,0.471936
2024-07-15 20:45:17,0.448792
2024-07-15 20:45:18,0.522384
2024-07-15 20:45:19,0.406832
2024-07-15 20:45:20,0.305056
2024-07-15 20:45:21,0.370992
2024-07-15 20:45:22,0.33284
2024-07-15 20:45:23,0.223632
2024-07-15 20:45:24,0.272152
2024-07-15 20:45:25,0.22116
2024-07-15 20:45:26,0.146
2024-07-15 20:45:27,0.195032
2024-07-15 20:45:28,0.206856
2024-07-15 20:45:29,0.12132
2024-07-15 20:45:30,0.103864
2024-07-15 20:45:31,0.099032
2024-07-15 20:45:32,0.11072
2024-07-15 20:45:33,0.092608
2024-07-15 20:45:34,0.050792
2024-07-15 20:45:35,0.023944
2024-07-15 20:45:36,0.022328
2024-07-15 20:45:37,0.039176
2024-07-15 20:45:38,0.241544
2024-07-15 20:45:39,0.040432
2024-07-15 20:45:40,0.26132
2024-07-15 20:45:41,0.103472
2024-07-15 20:45:42,0.089568
2024-07-15 20:45:43,0.063608
2024-07-15 20:45:44,0.04132
2024-07-15 20:45:45,0.04172
2024-07-15 20:45:46,0.060856
2024-07-15 20:45:47,0.033864
2024-07-15 20:45:48,0.02432
2024-07-15 20:45:49,0.026112
2024-07-15 20:45:50,0.028544
2024-07-15 20:45:51,0.041288
2024-07-15 20:45:52,0.039768
2024-07-15 20:45:53,0.011288
2024-07-15 20:45:54,0.044344
2024-07-15 20:45:55,0.01068
2024-07-15 20:45:56,0.013056
2024-07-15 20:45:57,0.01068
2024-07-15 20:45:58,0.013056
2024-07-15 20:45:59,0.01068
2024-07-15 20:46:00,0.117712
2024-07-15 20:46:01,0.021464
2024-07-15 20:46:02,0.019424
2024-07-15 20:46:03,0.070728
2024-07-15 20:46:04,0.160216
2024-07-15 20:46:05,0.192376
2024-07-15 20:46:06,0.21168
2024-07-15 20:46:07,0.280064
2024-07-15 20:46:08,0.355984
2024-07-15 20:46:09,0.354168
2024-07-15 20:46:10,0.303424
2024-07-15 20:46:11,0.300872
2024-07-15 20:46:12,0.184472
2024-07-15 20:46:13,0.155816
2024-07-15 20:46:14,0.102008
2024-07-15 20:46:15,0.31608
2024-07-15 20:46:16,0.123488
2024-07-15 20:46:17,0.189952
2024-07-15 20:46:18,0.054368
2024-07-15 20:46:19,0.06172
2024-07-15 20:46:20,0.04636
2024-07-15 20:46:21,0.068736
2024-07-15 20:46:22,0.09328
2024-07-15 20:46:23,0.056912
2024-07-15 20:46:24,0.026184
2024-07-15 20:46:25,0.034568
2024-07-15 20:46:26,0.030816
2024-07-15 20:46:27,0.017816
2024-07-15 20:46:28,0.027848
2024-07-15 20:46:29,0.03744
2024-07-15 20:46:30,0.029832
2024-07-15 20:46:31,0.036816
2024-07-15 20:46:32,0.051224
2024-07-15 20:46:33,0.03828
2024-07-15 20:46:34,0.019304
2024-07-15 20:46:35,0.022728
2024-07-15 20:46:36,0.02004
2024-07-15 20:46:37,0.028984
2024-07-15 20:46:38,0.028592
2024-07-15 20:46:39,0.040968
2024-07-15 20:46:40,0.027248
2024-07-15 20:46:41,0.031512
2024-07-15 20:46:42,0.029
2024-07-15 20:46:43,0.03436
2024-07-15 20:46:44,0.02176
2024-07-15 20:46:45,0.055088
2024-07-15 20:46:46,0.14084
2024-07-15 20:46:47,0.167184
2024-07-15 20:46:48,0.044104
2024-07-15 20:46:49,0.060232
2024-07-15 20:46:50,0.064608
2024-07-15 20:46:51,0.053488
2024-07-15 20:46:52,0.1318
2024-07-15 20:46:53,0.2106
2024-07-15 20:46:54,0.297184
2024-07-15 20:46:55,0.342024
2024-07-15 20:46:56,0.457968
2024-07-15 20:46:57,0.40412
2024-07-15 20:46:58,0.434856
2024-07-15 20:46:59,0.41248
2024-07-15 20:47:00,0.43396
2024-07-15 20:47:01,0.324216
2024-07-15 20:47:02,0.383088
2024-07-15 20:47:03,0.377008
2024-07-15 20:47:04,0.301376
2024-07-15 20:47:05,0.258672
2024-07-15 20:47:06,0.203736
2024-07-15 20:47:07,0.24636
2024-07-15 20:47:08,0.261608
2024-07-15 20:47:09,0.189216
2024-07-15 20:47:10,0.221624
2024-07-15 20:47:11,0.207696
2024-07-15 20:47:12,0.161544
2024-07-15 20:47:13,0.162608
2024-07-15 20:47:14,0.09372
2024-07-15 20:47:15,0.087208
2024-07-15 20:47:16,0.04324
2024-07-15 20:47:17,0.052344
2024-07-15 20:47:18,0.018816
2024-07-15 20:47:19,0.039672
2024-07-15 20:47:20,0.256744
2024-07-15 20:47:21,0.03328
2024-07-15 20:47:22,0.238312
2024-07-15 20:47:23,0.055096
2024-07-15 20:47:24,0.066824
2024-07-15 20:47:25,0.061048
2024-07-15 20:47:26,0.01788
2024-07-15 20:47:27,0.04036
2024-07-15 20:47:28,0.039544
2024-07-15 20:47:29,0.08896
2024-07-15 20:47:30,0.051792
2024-07-15 20:47:31,0.030488
2024-07-15 20:47:32,0.016496
2024-07-15 20:47:33,0.029208
2024-07-15 20:47:34,0.018624
2024-07-15 20:47:35,0.013232
2024-07-15 20:47:36,0.017296
2024-07-15 20:47:37,0.03408
2024-07-15 20:47:38,0.02468
2024-07-15 20:47:39,0.01988
2024-07-15 20:47:40,0.037232
2024-07-15 20:47:41,0.02432
2024-07-15 20:47:42,0.01908
2024-07-15 20:47:43,0.032392
2024-07-15 20:47:44,0.034112
2024-07-15 20:47:45,0.014064
2024-07-15 20:47:46,0.0232
2024-07-15 20:47:47,0.02036
2024-07-15 20:47:48,0.010192
2024-07-15 20:47:49,0.021888
2024-07-15 20:47:50,0.018264
2024-07-15 20:47:51,0.020632
2024-07-15 20:47:52,0.125048
2024-07-15 20:47:53,0.172064
2024-07-15 20:47:54,0.037648
2024-07-15 20:47:55,0.072992
2024-07-15 20:47:56,0.036472
2024-07-15 20:47:57,0.03884
2024-07-15 20:47:58,0.175016
2024-07-15 20:47:59,0.258992
2024-07-15 20:48:00,0.325224
2024-07-15 20:48:01,0.405968
2024-07-15 20:48:02,0.492216
2024-07-15 20:48:03,0.516728
2024-07-15 20:48:04,0.42456
2024-07-15 20:48:05,0.439144
2024-07-15 20:48:06,0.472912
2024-07-15 20:48:07,0.438696
2024-07-15 20:48:08,0.41304
2024-07-15 20:48:09,0.429872
2024-07-15 20:48:10,0.41624
2024-07-15 20:48:11,0.390832
2024-07-15 20:48:12,0.262456
2024-07-15 20:48:13,0.307816
2024-07-15 20:48:14,0.253712
2024-07-15 20:48:15,0.160208
2024-07-15 20:48:16,0.090256
2024-07-15 20:48:17,0.0246
2024-07-15 20:48:18,0.07408
2024-07-15 20:48:19,0.229784
2024-07-15 20:48:20,0.042336
2024-07-15 20:48:21,0.160728
2024-07-15 20:48:22,0.074192
2024-07-15 20:48:23,0.032624
2024-07-15 20:48:24,0.078008
2024-07-15 20:48:25,0.017904
2024-07-15 20:48:26,0.025216
2024-07-15 20:48:27,0.023464
2024-07-15 20:48:28,0.02332
2024-07-15 20:48:29,0.015112
2024-07-15 20:48:30,0.014848
2024-07-15 20:48:31,0.023848
2024-07-15 20:48:32,0.01692
2024-07-15 20:48:33,0.020968
2024-07-15 20:48:34,0.026624
2024-07-15 20:48:35,0.016232
2024-07-15 20:48:36,0.016904
2024-07-15 20:48:37,0.019464
2024-07-15 20:48:38,0.013832
2024-07-15 20:48:39,0.024024
2024-07-15 20:48:40,0.031104
2024-07-15 20:48:41,0.03612
2024-07-15 20:48:42,0.026456
2024-07-15 20:48:43,0.02096
2024-07-15 20:48:44,0.02484
2024-07-15 20:48:45,0.031048
2024-07-15 20:48:46,0.016832
2024-07-15 20:48:47,0.020864
2024-07-15 20:48:48,0.01656
2024-07-15 20:48:49,0.01792
2024-07-15 20:48:50,0.013088
2024-07-15 20:48:51,0.120656
2024-07-15 20:48:52,0.14488
2024-07-15 20:48:53,0.039696
2024-07-15 20:48:54,0.038648
2024-07-15 20:48:55,0.046904
2024-07-15 20:48:56,0.031976
2024-07-15 20:48:57,0.093456
2024-07-15 20:48:58,0.221952
2024-07-15 20:48:59,0.322568
2024-07-15 20:49:00,0.343392
2024-07-15 20:49:01,0.39248
2024-07-15 20:49:02,0.41532
2024-07-15 20:49:03,0.440584
2024-07-15 20:49:04,0.548952
2024-07-15 20:49:05,0.503872
2024-07-15 20:49:06,0.472224
2024-07-15 20:49:07,0.47488
2024-07-15 20:49:08,0.483568
2024-07-15 20:49:09,0.412456
2024-07-15 20:49:10,0.33684
2024-07-15 20:49:11,0.35536
2024-07-15 20:49:12,0.258512
2024-07-15 20:49:13,0.25284
2024-07-15 20:49:14,0.226968
2024-07-15 20:49:15,0.257664
2024-07-15 20:49:16,0.157264
2024-07-15 20:49:17,0.164104
2024-07-15 20:49:18,0.025104
2024-07-15 20:49:19,0.034328
2024-07-15 20:49:20,0.038016
2024-07-15 20:49:21,0.180496
2024-07-15 20:49:22,0.053072
2024-07-15 20:49:23,0.088184
2024-07-15 20:49:24,0.050752
2024-07-15 20:49:25,0.05036
2024-07-15 20:49:26,0.033712
2024-07-15 20:49:27,0.023672
2024-07-15 20:49:28,0.025304
2024-07-15 20:49:29,0.03052
2024-07-15 20:49:30,0.028416
2024-07-15 20:49:31,0.034904
2024-07-15 20:49:32,0.023064
2024-07-15 20:49:33,0.039352
2024-07-15 20:49:34,0.042544
2024-07-15 20:49:35,0.056016
2024-07-15 20:49:36,0.050344
2024-07-15 20:49:37,0.057432
2024-07-15 20:49:38,0.06948
2024-07-15 20:49:39,0.06532
2024-07-15 20:49:40,0.058944
2024-07-15 20:49:41,0.051768
2024-07-15 20:49:42,0.043248
2024-07-15 20:49:43,0.051624
2024-07-15 20:49:44,0.08536
2024-07-15 20:49:45,0.027896
2024-07-15 20:49:46,0.070176
2024-07-15 20:49:47,0.073976
2024-07-15 20:49:48,0.050272
2024-07-15 20:49:49,0.060472
2024-07-15 20:49:50,0.026928
2024-07-15 20:49:51,0.017016
2024-07-15 20:49:52,0.03048
2024-07-15 20:49:53,0.024744
2024-07-15 20:49:54,0.014208
2024-07-15 20:49:55,0.012208
2024-07-15 20:49:56,0.026472
2024-07-15 20:49:57,0.0372
2024-07-15 20:49:58,0.01856
2024-07-15 20:49:59,0.02556
2024-07-15 20:50:00,0.013512
2024-07-15 20:50:01,0.036488
2024-07-15 20:50:02,0.012808
2024-07-15 20:50:03,0.011928
2024-07-15 20:50:04,0.013704
2024-07-15 20:50:05,0.013056
2024-07-15 20:50:06,0.013744
2024-07-15 20:50:07,0.016136
2024-07-15 20:50:08,0.01068
2024-07-15 20:50:09,0.023024
2024-07-15 20:50:10,0.013816
2024-07-15 20:50:11,0.026904
2024-07-15 20:50:12,0.020816
2024-07-15 20:50:13,0.033224
2024-07-15 20:50:14,0.017232
2024-07-15 20:50:15,0.021248
2024-07-15 20:50:16,0.027936
2024-07-15 20:50:17,0.093608
2024-07-15 20:50:18,0.119064
2024-07-15 20:50:19,0.015896
2024-07-15 20:50:20,0.054976
2024-07-15 20:50:21,0.043064
2024-07-15 20:50:22,0.024848
2024-07-15 20:50:23,0.189312
2024-07-15 20:50:24,0.246504
2024-07-15 20:50:25,0.258856
2024-07-15 20:50:26,0.32148
2024-07-15 20:50:27,0.31412
2024-07-15 20:50:28,0.36564
2024-07-15 20:50:29,0.364296
2024-07-15 20:50:30,0.33264
2024-07-15 20:50:31,0.362872
2024-07-15 20:50:32,0.344504
2024-07-15 20:50:33,0.31848
2024-07-15 20:50:34,0.27392
2024-07-15 20:50:35,0.314072
2024-07-15 20:50:36,0.228776
2024-07-15 20:50:37,0.23648
2024-07-15 20:50:38,0.102264
2024-07-15 20:50:39,0.122616
2024-07-15 20:50:40,0.113536
2024-07-15 20:50:41,0.093408
2024-07-15 20:50:42,0.078304
2024-07-15 20:50:43,0.08512
2024-07-15 20:50:44,0.03628
2024-07-15 20:50:45,0.0528
2024-07-15 20:50:46,0.028688
2024-07-15 20:50:47,0.0526
2024-07-15 20:50:48,0.19488
2024-07-15 20:50:49,0.045488
2024-07-15 20:50:50,0.204944
2024-07-15 20:50:51,0.059904
2024-07-15 20:50:52,0.079448
2024-07-15 20:50:53,0.032704
2024-07-15 20:50:54,0.018104
2024-07-15 20:50:55,0.025832
2024-07-15 20:50:56,0.026536
2024-07-15 20:50:57,0.019112
2024-07-15 20:50:58,0.018688
2024-07-15 20:50:59,0.021936
2024-07-15 20:51:00,0.039376
2024-07-15 20:51:01,0.028968
2024-07-15 20:51:02,0.045096
2024-07-15 20:51:03,0.033496
2024-07-15 20:51:04,0.035192
2024-07-15 20:51:05,0.028176
2024-07-15 20:51:06,0.034264
2024-07-15 20:51:07,0.029888
2024-07-15 20:51:08,0.023504
2024-07-15 20:51:09,0.037976
2024-07-15 20:51:10,0.028728
2024-07-15 20:51:11,0.050584
2024-07-15 20:51:12,0.014496
2024-07-15 20:51:13,0.039952
2024-07-15 20:51:14,0.022152
2024-07-15 20:51:15,0.038248
2024-07-15 20:51:16,0.048688
2024-07-15 20:51:17,0.014632
2024-07-15 20:51:18,0.017792
2024-07-15 20:51:19,0.016064
2024-07-15 20:51:20,0.036264
2024-07-15 20:51:21,0.022392
2024-07-15 20:51:22,0.026
2024-07-15 20:51:23,0.017872
2024-07-15 20:51:24,0.01068
2024-07-15 20:51:25,0.029752
2024-07-15 20:51:26,0.031472
2024-07-15 20:51:27,0.02996
2024-07-15 20:51:28,0.033624
2024-07-15 20:51:29,0.020776
2024-07-15 20:51:30,0.014672
2024-07-15 20:51:31,0.012008
2024-07-15 20:51:32,0.026744
2024-07-15 20:51:33,0.01068
2024-07-15 20:51:34,0.098696
2024-07-15 20:51:35,0.113008
2024-07-15 20:51:36,0.030488
2024-07-15 20:51:37,0.049056
2024-07-15 20:51:38,0.025288
2024-07-15 20:51:39,0.030608
2024-07-15 20:51:40,0.162792
2024-07-15 20:51:41,0.269192
2024-07-15 20:51:42,0.353728
2024-07-15 20:51:43,0.3554
2024-07-15 20:51:44,0.435616
2024-07-15 20:51:45,0.411088
2024-07-15 20:51:46,0.363504
2024-07-15 20:51:47,0.338464
2024-07-15 20:51:48,0.31932
2024-07-15 20:51:49,0.2846
2024-07-15 20:51:50,0.402368
2024-07-15 20:51:51,0.325072
2024-07-15 20:51:52,0.350824
2024-07-15 20:51:53,0.300888
2024-07-15 20:51:54,0.3228
2024-07-15 20:51:55,0.324904
2024-07-15 20:51:56,0.29488
2024-07-15 20:51:57,0.297848
2024-07-15 20:51:58,0.21684
2024-07-15 20:51:59,0.120432
2024-07-15 20:52:00,0.038528
2024-07-15 20:52:01,0.050784
2024-07-15 20:52:02,0.06212
2024-07-15 20:52:03,0.0312
2024-07-15 20:52:04,0.032464
2024-07-15 20:52:05,0.176792
2024-07-15 20:52:06,0.05008
2024-07-15 20:52:07,0.094712
2024-07-15 20:52:08,0.13152
2024-07-15 20:52:09,0.035672
2024-07-15 20:52:10,0.047648
2024-07-15 20:52:11,0.016776
2024-07-15 20:52:12,0.013056
2024-07-15 20:52:13,0.01068
2024-07-15 20:52:14,0.013056
2024-07-15 20:52:15,0.01476
2024-07-15 20:52:16,0.013056
2024-07-15 20:52:17,0.017728
2024-07-15 20:52:18,0.013056
2024-07-15 20:52:19,0.011168
2024-07-15 20:52:20,0.013056
2024-07-15 20:52:21,0.012496
2024-07-15 20:52:22,0.024688
2024-07-15 20:52:23,0.012416
2024-07-15 20:52:24,0.026464
2024-07-15 20:52:25,0.013056
2024-07-15 20:52:26,0.01068
2024-07-15 20:52:27,0.032464
2024-07-15 20:52:28,0.020768
2024-07-15 20:52:29,0.015648
2024-07-15 20:52:30,0.012352
2024-07-15 20:52:31,0.165848
2024-07-15 20:52:32,0.137688
2024-07-15 20:52:33,0.141624
2024-07-15 20:52:34,0.164216
2024-07-15 20:52:35,0.227792
2024-07-15 20:52:36,0.190824
2024-07-15 20:52:37,0.263552
2024-07-15 20:52:38,0.181672
2024-07-15 20:52:39,0.154584
2024-07-15 20:52:40,0.146496
2024-07-15 20:52:41,0.06712
2024-07-15 20:52:42,0.250536
2024-07-15 20:52:43,0.089736
2024-07-15 20:52:44,0.13296
2024-07-15 20:52:45,0.056688
2024-07-15 20:52:46,0.02976
2024-07-15 20:52:47,0.013528
2024-07-15 20:52:48,0.015496
2024-07-15 20:52:49,0.01776
2024-07-15 20:52:50,0.02448
2024-07-15 20:52:51,0.019184
2024-07-15 20:52:52,0.013544
2024-07-15 20:52:53,0.018256
2024-07-15 20:52:54,0.026376
2024-07-15 20:52:55,0.019456
2024-07-15 20:52:56,0.014168
2024-07-15 20:52:57,0.012416
2024-07-15 20:52:58,0.015064
2024-07-15 20:52:59,0.018648
2024-07-15 20:53:00,0.030664
2024-07-15 20:53:01,0.03212
2024-07-15 20:53:02,0.043552
2024-07-15 20:53:03,0.021832
2024-07-15 20:53:04,0.019144
2024-07-15 20:53:05,0.036544
2024-07-15 20:53:06,0.029736
2024-07-15 20:53:07,0.031296
2024-07-15 20:53:08,0.030528
2024-07-15 20:53:09,0.036872
2024-07-15 20:53:10,0.022056
2024-07-15 20:53:11,0.03548
2024-07-15 20:53:12,0.019232
2024-07-15 20:53:13,0.113872
2024-07-15 20:53:14,0.127768
2024-07-15 20:53:15,0.02532
2024-07-15 20:53:16,0.062768
2024-07-15 20:53:17,0.027768
2024-07-15 20:53:18,0.040728
2024-07-15 20:53:19,0.162944
2024-07-15 20:53:20,0.205216
2024-07-15 20:53:21,0.253336
2024-07-15 20:53:22,0.367528
2024-07-15 20:53:23,0.439568
2024-07-15 20:53:24,0.42744
2024-07-15 20:53:25,0.315
2024-07-15 20:53:26,0.414176
2024-07-15 20:53:27,0.474208
2024-07-15 20:53:28,0.458856
2024-07-15 20:53:29,0.456928
2024-07-15 20:53:30,0.351416
2024-07-15 20:53:31,0.319648
2024-07-15 20:53:32,0.363592
2024-07-15 20:53:33,0.392928
2024-07-15 20:53:34,0.29504
2024-07-15 20:53:35,0.297736
2024-07-15 20:53:36,0.265024
2024-07-15 20:53:37,0.163536
2024-07-15 20:53:38,0.23076
2024-07-15 20:53:39,0.082088
2024-07-15 20:53:40,0.026056
2024-07-15 20:53:41,0.048552
2024-07-15 20:53:42,0.03128
2024-07-15 20:53:43,0.200216
2024-07-15 20:53:44,0.038144
2024-07-15 20:53:45,0.173904
2024-07-15 20:53:46,0.044768
2024-07-15 20:53:47,0.065816
2024-07-15 20:53:48,0.0346
2024-07-15 20:53:49,0.01068
2024-07-15 20:53:50,0.057624
2024-07-15 20:53:51,0.024112
2024-07-15 20:53:52,0.024216
2024-07-15 20:53:53,0.040472
2024-07-15 20:53:54,0.058624
2024-07-15 20:53:55,0.01228
2024-07-15 20:53:56,0.028928
2024-07-15 20:53:57,0.013784
2024-07-15 20:53:58,0.019384
2024-07-15 20:53:59,0.037408
2024-07-15 20:54:00,0.027888
2024-07-15 20:54:01,0.02156
2024-07-15 20:54:02,0.012568
2024-07-15 20:54:03,0.01068
2024-07-15 20:54:04,0.015632
2024-07-15 20:54:05,0.053392
2024-07-15 20:54:06,0.049856
2024-07-15 20:54:07,0.029984
2024-07-15 20:54:08,0.021552
2024-07-15 20:54:09,0.044136
2024-07-15 20:54:10,0.01748
2024-07-15 20:54:11,0.036616
2024-07-15 20:54:12,0.014832
2024-07-15 20:54:13,0.017808
2024-07-15 20:54:14,0.01148
2024-07-15 20:54:15,0.115184
2024-07-15 20:54:16,0.12488
2024-07-15 20:54:17,0.02708
2024-07-15 20:54:18,0.0504
2024-07-15 20:54:19,0.051592
2024-07-15 20:54:20,0.022088
2024-07-15 20:54:21,0.224344
2024-07-15 20:54:22,0.238144
2024-07-15 20:54:23,0.31688
2024-07-15 20:54:24,0.329256
2024-07-15 20:54:25,0.334704
2024-07-15 20:54:26,0.371848
2024-07-15 20:54:27,0.329152
2024-07-15 20:54:28,0.308056
2024-07-15 20:54:29,0.345024
2024-07-15 20:54:30,0.264696
2024-07-15 20:54:31,0.283632
2024-07-15 20:54:32,0.347536
2024-07-15 20:54:33,0.31524
2024-07-15 20:54:34,0.253648
2024-07-15 20:54:35,0.308096
2024-07-15 20:54:36,0.098296
2024-07-15 20:54:37,0.09384
2024-07-15 20:54:38,0.08336
2024-07-15 20:54:39,0.121944
2024-07-15 20:54:40,0.097728
2024-07-15 20:54:41,0.07884
2024-07-15 20:54:42,0.020096
2024-07-15 20:54:43,0.045088
2024-07-15 20:54:44,0.01068
2024-07-15 20:54:45,0.013368
2024-07-15 20:54:46,0.02044
2024-07-15 20:54:47,0.201744
2024-07-15 20:54:48,0.027768
2024-07-15 20:54:49,0.182968
2024-07-15 20:54:50,0.036464
2024-07-15 20:54:51,0.061136
2024-07-15 20:54:52,0.025144
2024-07-15 20:54:53,0.033592
2024-07-15 20:54:54,0.016848
2024-07-15 20:54:55,0.018232
2024-07-15 20:54:56,0.043576
2024-07-15 20:54:57,0.0144
2024-07-15 20:54:58,0.034224
2024-07-15 20:54:59,0.013208
2024-07-15 20:55:00,0.029824
2024-07-15 20:55:01,0.017528
2024-07-15 20:55:02,0.019488
2024-07-15 20:55:03,0.018
2024-07-15 20:55:04,0.020072
2024-07-15 20:55:05,0.02096
2024-07-15 20:55:06,0.046016
2024-07-15 20:55:07,0.02836
2024-07-15 20:55:08,0.029088
2024-07-15 20:55:09,0.016072
2024-07-15 20:55:10,0.016344
2024-07-15 20:55:11,0.018384
2024-07-15 20:55:12,0.01624
2024-07-15 20:55:13,0.017536
2024-07-15 20:55:14,0.014664
2024-07-15 20:55:15,0.022792
2024-07-15 20:55:16,0.020184
2024-07-15 20:55:17,0.020176
2024-07-15 20:55:18,0.016064
2024-07-15 20:55:19,0.101024
2024-07-15 20:55:20,0.128168
2024-07-15 20:55:21,0.031944
2024-07-15 20:55:22,0.0644
2024-07-15 20:55:23,0.037552
2024-07-15 20:55:24,0.035968
2024-07-15 20:55:25,0.154328
2024-07-15 20:55:26,0.248288
2024-07-15 20:55:27,0.33016
2024-07-15 20:55:28,0.371544
2024-07-15 20:55:29,0.480864
2024-07-15 20:55:30,0.298584
2024-07-15 20:55:31,0.414144
2024-07-15 20:55:32,0.317832
2024-07-15 20:55:33,0.310544
2024-07-15 20:55:34,0.317608
2024-07-15 20:55:35,0.266384
2024-07-15 20:55:36,0.338688
2024-07-15 20:55:37,0.345272
2024-07-15 20:55:38,0.330128
2024-07-15 20:55:39,0.255112
2024-07-15 20:55:40,0.21932
2024-07-15 20:55:41,0.230088
2024-07-15 20:55:42,0.136648
2024-07-15 20:55:43,0.111536
2024-07-15 20:55:44,0.082648
2024-07-15 20:55:45,0.032592
2024-07-15 20:55:46,0.027928
2024-07-15 20:55:47,0.084528
2024-07-15 20:55:48,0.121192
2024-07-15 20:55:49,0.034016
2024-07-15 20:55:50,0.083856
2024-07-15 20:55:51,0.050472
2024-07-15 20:55:52,0.040752
2024-07-15 20:55:53,0.033464
2024-07-15 20:55:54,0.027312
2024-07-15 20:55:55,0.036288
2024-07-15 20:55:56,0.033872
2024-07-15 20:55:57,0.029016
2024-07-15 20:55:58,0.036656
2024-07-15 20:55:59,0.037392
2024-07-15 20:56:00,0.043416
2024-07-15 20:56:01,0.033488
2024-07-15 20:56:02,0.037256
2024-07-15 20:56:03,0.048808
2024-07-15 20:56:04,0.038232
2024-07-15 20:56:05,0.051768
2024-07-15 20:56:06,0.03512
2024-07-15 20:56:07,0.068512
2024-07-15 20:56:08,0.039192
2024-07-15 20:56:09,0.03564
2024-07-15 20:56:10,0.021944
2024-07-15 20:56:11,0.012984
2024-07-15 20:56:12,0.020736
2024-07-15 20:56:13,0.029136
2024-07-15 20:56:14,0.029112
2024-07-15 20:56:15,0.013088
2024-07-15 20:56:16,0.013544
2024-07-15 20:56:17,0.01068
2024-07-15 20:56:18,0.02096
2024-07-15 20:56:19,0.03592
2024-07-15 20:56:20,0.049296
2024-07-15 20:56:21,0.030672
2024-07-15 20:56:22,0.048488
2024-07-15 20:56:23,0.042704
2024-07-15 20:56:24,0.051168
2024-07-15 20:56:25,0.039912
2024-07-15 20:56:26,0.055384
2024-07-15 20:56:27,0.022328
2024-07-15 20:56:28,0.048528
2024-07-15 20:56:29,0.012656
2024-07-15 20:56:30,0.010304
2024-07-15 20:56:31,0.018608
2024-07-15 20:56:32,0.025648
2024-07-15 20:56:33,0.01548
2024-07-15 20:56:34,0.061688
2024-07-15 20:56:35,0.021192
2024-07-15 20:56:36,0.022152
2024-07-15 20:56:37,0.070984
2024-07-15 20:56:38,0.078968
2024-07-15 20:56:39,0.050464
2024-07-15 20:56:40,0.058336
2024-07-15 20:56:41,0.020744
2024-07-15 20:56:42,0.030424
2024-07-15 20:56:43,0.09672
2024-07-15 20:56:44,0.17584
2024-07-15 20:56:45,0.252736
2024-07-15 20:56:46,0.221888
2024-07-15 20:56:47,0.24992
2024-07-15 20:56:48,0.281544
2024-07-15 20:56:49,0.256488
2024-07-15 20:56:50,0.240184
2024-07-15 20:56:51,0.24928
2024-07-15 20:56:52,0.246952
2024-07-15 20:56:53,0.318704
2024-07-15 20:56:54,0.238328
2024-07-15 20:56:55,0.272936
2024-07-15 20:56:56,0.269776
2024-07-15 20:56:57,0.162056
2024-07-15 20:56:58,0.135176
2024-07-15 20:56:59,0.152904
2024-07-15 20:57:00,0.204192
2024-07-15 20:57:01,0.116136
2024-07-15 20:57:02,0.146456
2024-07-15 20:57:03,0.022224
2024-07-15 20:57:04,0.040512
2024-07-15 20:57:05,0.129664
2024-07-15 20:57:06,0.027616
2024-07-15 20:57:07,0.11428
2024-07-15 20:57:08,0.045024
2024-07-15 20:57:09,0.044648
2024-07-15 20:57:10,0.062288
2024-07-15 20:57:11,0.02676
2024-07-15 20:57:12,0.056584
2024-07-15 20:57:13,0.03824
2024-07-15 20:57:14,0.021472
2024-07-15 20:57:15,0.013624
2024-07-15 20:57:16,0.036856
2024-07-15 20:57:17,0.064344
2024-07-15 20:57:18,0.01972
2024-07-15 20:57:19,0.02672
2024-07-15 20:57:20,0.020024
2024-07-15 20:57:21,0.01492
2024-07-15 20:57:22,0.036432
2024-07-15 20:57:23,0.01732
2024-07-15 20:57:24,0.015248
2024-07-15 20:57:25,0.010512
2024-07-15 20:57:26,0.01464
2024-07-15 20:57:27,0.01348
2024-07-15 20:57:28,0.014272
2024-07-15 20:57:29,0.011
2024-07-15 20:57:30,0.01476
2024-07-15 20:57:31,0.018888
2024-07-15 20:57:32,0.016776
2024-07-15 20:57:33,0.014608
2024-07-15 20:57:34,0.021824
2024-07-15 20:57:35,0.015248
2024-07-15 20:57:36,0.018608
2024-07-15 20:57:37,0.059816
2024-07-15 20:57:38,0.083488
2024-07-15 20:57:39,0.039232
2024-07-15 20:57:40,0.031888
2024-07-15 20:57:41,0.035264
2024-07-15 20:57:42,0.03304
2024-07-15 20:57:43,0.068648
2024-07-15 20:57:44,0.125096
2024-07-15 20:57:45,0.209184
2024-07-15 20:57:46,0.246896
2024-07-15 20:57:47,0.301136
2024-07-15 20:57:48,0.290776
2024-07-15 20:57:49,0.228904
2024-07-15 20:57:50,0.2588
2024-07-15 20:57:51,0.34676
2024-07-15 20:57:52,0.274896
2024-07-15 20:57:53,0.232928
2024-07-15 20:57:54,0.239312
2024-07-15 20:57:55,0.228632
2024-07-15 20:57:56,0.309176
2024-07-15 20:57:57,0.2328
2024-07-15 20:57:58,0.1608
2024-07-15 20:57:59,0.088856
2024-07-15 20:58:00,0.06772
2024-07-15 20:58:01,0.079312
2024-07-15 20:58:02,0.021048
2024-07-15 20:58:03,0.0358
2024-07-15 20:58:04,0.119352
2024-07-15 20:58:05,0.018464
2024-07-15 20:58:06,0.1048
2024-07-15 20:58:07,0.06616
2024-07-15 20:58:08,0.03924
2024-07-15 20:58:09,0.036192
2024-07-15 20:58:10,0.014584
2024-07-15 20:58:11,0.014208
2024-07-15 20:58:12,0.018784
2024-07-15 20:58:13,0.013056
2024-07-15 20:58:14,0.010712
2024-07-15 20:58:15,0.010696
2024-07-15 20:58:16,0.01068
2024-07-15 20:58:17,0.013056
2024-07-15 20:58:18,0.018416
2024-07-15 20:58:19,0.015368
2024-07-15 20:58:20,0.014336
2024-07-15 20:58:21,0.01536
2024-07-15 20:58:22,0.019712
2024-07-15 20:58:23,0.01208
2024-07-15 20:58:24,0.01068
2024-07-15 20:58:25,0.01132
2024-07-15 20:58:26,0.034312
2024-07-15 20:58:27,0.017968
2024-07-15 20:58:28,0.013056
2024-07-15 20:58:29,0.012016
2024-07-15 20:58:30,0.02136
2024-07-15 20:58:31,0.019832
2024-07-15 20:58:32,0.053544
2024-07-15 20:58:33,0.080264
2024-07-15 20:58:34,0.09272
2024-07-15 20:58:35,0.092984
2024-07-15 20:58:36,0.119232
2024-07-15 20:58:37,0.131424
2024-07-15 20:58:38,0.111488
2024-07-15 20:58:39,0.131328
2024-07-15 20:58:40,0.145752
2024-07-15 20:58:41,0.087024
2024-07-15 20:58:42,0.077144
2024-07-15 20:58:43,0.153296
2024-07-15 20:58:44,0.070848
2024-07-15 20:58:45,0.076944
2024-07-15 20:58:46,0.058288
2024-07-15 20:58:47,0.021448
2024-07-15 20:58:48,0.01068
2024-07-15 20:58:49,0.020792
2024-07-15 20:58:50,0.057904
2024-07-15 20:58:51,0.04632
2024-07-15 20:58:52,0.020024
2024-07-15 20:58:53,0.02796
2024-07-15 20:58:54,0.014832
2024-07-15 20:58:55,0.0326
2024-07-15 20:58:56,0.022864
2024-07-15 20:58:57,0.023
2024-07-15 20:58:58,0.020984
2024-07-15 20:58:59,0.043344
2024-07-15 20:59:00,0.02364
2024-07-15 20:59:01,0.051072
2024-07-15 20:59:02,0.02504
2024-07-15 20:59:03,0.025264
2024-07-15 20:59:04,0.029856
2024-07-15 20:59:05,0.040528
2024-07-15 20:59:06,0.032088
2024-07-15 20:59:07,0.026712
2024-07-15 20:59:08,0.031144
2024-07-15 20:59:09,0.026528
2024-07-15 20:59:10,0.043112
2024-07-15 20:59:11,0.03452
2024-07-15 20:59:12,0.040176
2024-07-15 20:59:13,0.03452
2024-07-15 20:59:14,0.083816
2024-07-15 20:59:15,0.097536
2024-07-15 20:59:16,0.021424
2024-07-15 20:59:17,0.047008
2024-07-15 20:59:18,0.024496
2024-07-15 20:59:19,0.023384
2024-07-15 20:59:20,0.15008
2024-07-15 20:59:21,0.257528
2024-07-15 20:59:22,0.366464
2024-07-15 20:59:23,0.345248
2024-07-15 20:59:24,0.367992
2024-07-15 20:59:25,0.311056
2024-07-15 20:59:26,0.328944
2024-07-15 20:59:27,0.319536
2024-07-15 20:59:28,0.292848
2024-07-15 20:59:29,0.26588
2024-07-15 20:59:30,0.276008
2024-07-15 20:59:31,0.31268
2024-07-15 20:59:32,0.179872
2024-07-15 20:59:33,0.114128
2024-07-15 20:59:34,0.09056
2024-07-15 20:59:35,0.09116
2024-07-15 20:59:36,0.079032
2024-07-15 20:59:37,0.104384
2024-07-15 20:59:38,0.04952
2024-07-15 20:59:39,0.013904
2024-07-15 20:59:40,0.018872
2024-07-15 20:59:41,0.009016
2024-07-15 21:01:11,0.236192
2024-07-15 21:01:12,0.00332
2024-07-15 21:01:13,0.063192
2024-07-15 21:01:14,0.04416
2024-07-15 21:01:15,0.03868
2024-07-15 21:01:16,0.391808
2024-07-15 21:01:17,0.02236
2024-07-15 21:01:18,0.0282
2024-07-15 21:01:19,0.027168
2024-07-15 21:01:20,0.033032
2024-07-15 21:01:21,0.0294
2024-07-15 21:01:22,0.02888
2024-07-15 21:01:23,0.031568
2024-07-15 21:01:24,0.039176
2024-07-15 21:01:25,0.036752
2024-07-15 21:01:26,0.033328
2024-07-15 21:01:27,0.028744
2024-07-15 21:01:28,0.031488
2024-07-15 21:01:29,0.028168
2024-07-15 21:01:30,0.066392
2024-07-15 21:01:31,0.08104
2024-07-15 21:01:32,0.0118
2024-07-15 21:01:33,0.002216
2024-07-15 21:01:34,0.012568
2024-07-15 21:01:35,0.01016
2024-07-15 21:01:36,0.00732
2024-07-15 21:01:37,0.005408
2024-07-15 21:01:38,0.006848
2024-07-15 21:01:39,0.006928
2024-07-15 21:01:40,0.006872
2024-07-15 21:01:41,0.007824
2024-07-15 21:01:42,0.005544
2024-07-15 21:01:43,0.01216
2024-07-15 21:01:44,0.008176
2024-07-15 21:01:45,0.010808
2024-07-15 21:01:46,0.01816
2024-07-15 21:01:47,0.002216
2024-07-15 21:01:48,0.004576
2024-07-15 21:01:49,0.002216
2024-07-15 21:01:50,0.009936
2024-07-15 21:01:51,0.003768
2024-07-15 21:01:52,0.0036
2024-07-15 21:01:53,0.003192
2024-07-15 21:01:54,0.0036
2024-07-15 21:01:55,0.004488
2024-07-15 21:01:56,0.0036
2024-07-15 21:01:57,0.015592
2024-07-15 21:01:58,0.022744
2024-07-15 21:01:59,0.016936
2024-07-15 21:02:00,0.012488
2024-07-15 21:02:01,0.008896
2024-07-15 21:02:02,0.011184
2024-07-15 21:02:03,0.014024
2024-07-15 21:02:04,0.018856
2024-07-15 21:02:05,0.002216
2024-07-15 21:02:06,0.004736
2024-07-15 21:02:07,0.02904
2024-07-15 21:02:08,0.027848
2024-07-15 21:02:09,0.1232
2024-07-15 21:02:10,0.038104
2024-07-15 21:02:11,0.053472
2024-07-15 21:02:12,0.049928
2024-07-15 21:02:13,0.040504
2024-07-15 21:02:14,0.01532
2024-07-15 21:02:15,0.073448
2024-07-15 21:02:16,0.035248
2024-07-15 21:02:17,0.0406
2024-07-15 21:02:18,0.049936
2024-07-15 21:02:19,0.045576
2024-07-15 21:02:20,0.05864
2024-07-15 21:02:21,0.042088
2024-07-15 21:02:22,0.049448
2024-07-15 21:02:23,0.051712
2024-07-15 21:02:24,0.06132
2024-07-15 21:02:25,0.086224
2024-07-15 21:02:26,0.086064
2024-07-15 21:02:27,0.074416
2024-07-15 21:02:28,0.118528
2024-07-15 21:02:29,0.068104
2024-07-15 21:02:30,0.063624
2024-07-15 21:02:31,0.07548
2024-07-15 21:02:32,0.071896
2024-07-15 21:02:33,0.060128
2024-07-15 21:02:34,0.065496
2024-07-15 21:02:35,0.07512
2024-07-15 21:02:36,0.06884
2024-07-15 21:02:37,0.085632
2024-07-15 21:02:38,0.172888
2024-07-15 21:02:39,0.061536
2024-07-15 21:02:40,0.060608
2024-07-15 21:02:41,0.066376
2024-07-15 21:02:42,0.042272
2024-07-15 21:02:43,0.0404
2024-07-15 21:02:44,0.048344
2024-07-15 21:02:45,0.029824
2024-07-15 21:02:46,0.023288
2024-07-15 21:02:47,0.031128
2024-07-15 21:02:48,0.04592
2024-07-15 21:02:49,0.026
2024-07-15 21:02:50,0.022624
2024-07-15 21:02:51,0.009416
2024-07-15 21:02:52,0.016264
2024-07-15 21:02:53,0.123904
2024-07-15 21:02:54,0.027392
2024-07-15 21:02:55,0.025176
2024-07-15 21:02:56,0.037088
2024-07-15 21:02:57,0.073808
2024-07-15 21:02:58,0.068608
2024-07-15 21:02:59,0.063744
2024-07-15 21:03:00,0.08776
2024-07-15 21:03:01,0.110992
2024-07-15 21:03:02,0.103368
2024-07-15 21:03:03,0.109584
2024-07-15 21:03:04,0.124688
2024-07-15 21:03:05,0.095456
2024-07-15 21:03:06,0.088912
2024-07-15 21:03:07,0.068192
2024-07-15 21:03:08,0.123784
2024-07-15 21:03:09,0.23044
2024-07-15 21:03:10,0.091016
2024-07-15 21:03:11,0.081
2024-07-15 21:03:12,0.051064
2024-07-15 21:03:13,0.046752
2024-07-15 21:03:14,0.048656
2024-07-15 21:03:15,0.021784
2024-07-15 21:03:16,0.044656
2024-07-15 21:03:17,0.04216
2024-07-15 21:03:18,0.041648
2024-07-15 21:03:19,0.059472
2024-07-15 21:03:20,0.033448
2024-07-15 21:03:21,0.049064
2024-07-15 21:03:22,0.05684
2024-07-15 21:03:23,0.052016
2024-07-15 21:03:24,0.037608
2024-07-15 21:03:25,0.036272
2024-07-15 21:03:26,0.014704
2024-07-15 21:03:27,0.02008
2024-07-15 21:03:28,0.01068
2024-07-15 21:03:29,0.127088
2024-07-15 21:03:30,0.0226
2024-07-15 21:03:31,0.03188
2024-07-15 21:03:32,0.053456
2024-07-15 21:03:33,0.079296
2024-07-15 21:03:34,0.077808
2024-07-15 21:03:35,0.105576
2024-07-15 21:03:36,0.125808
2024-07-15 21:03:37,0.130944
2024-07-15 21:03:38,0.124416
2024-07-15 21:03:39,0.145416
2024-07-15 21:03:40,0.123744
2024-07-15 21:03:41,0.106528
2024-07-15 21:03:42,0.083832
2024-07-15 21:03:43,0.13272
2024-07-15 21:03:44,0.069656
2024-07-15 21:03:45,0.081208
2024-07-15 21:03:46,0.081264
2024-07-15 21:03:47,0.012992
2024-07-15 21:03:48,0.01304
2024-07-15 21:03:49,0.01068
2024-07-15 21:03:50,0.026224
2024-07-15 21:03:51,0.065904
2024-07-15 21:03:52,0.093936
2024-07-15 21:03:53,0.057792
2024-07-15 21:03:54,0.016
2024-07-15 21:03:55,0.03956
2024-07-15 21:03:56,0.022688
2024-07-15 21:03:57,0.018
2024-07-15 21:03:58,0.057504
2024-07-15 21:03:59,0.057576
2024-07-15 21:04:00,0.14608
2024-07-15 21:04:01,0.099832
2024-07-15 21:04:02,0.071624
2024-07-15 21:04:03,0.039368
2024-07-15 21:04:04,0.03072
2024-07-15 21:04:05,0.040064
2024-07-15 21:04:06,0.030296
2024-07-15 21:04:07,0.029184
2024-07-15 21:04:08,0.02724
2024-07-15 21:04:09,0.02236
2024-07-15 21:04:10,0.022016
2024-07-15 21:04:11,0.06948
2024-07-15 21:04:12,0.087768
2024-07-15 21:04:13,0.077088
2024-07-15 21:04:14,0.047864
2024-07-15 21:04:15,0.042632
2024-07-15 21:04:16,0.036472
2024-07-15 21:04:17,0.037512
2024-07-15 21:04:18,0.034624
2024-07-15 21:04:19,0.016872
2024-07-15 21:04:20,0.039248
2024-07-15 21:04:21,0.024648
2024-07-15 21:04:22,0.020816
2024-07-15 21:04:23,0.025232
2024-07-15 21:04:24,0.034424
2024-07-15 21:04:25,0.027504
2024-07-15 21:04:26,0.039016
2024-07-15 21:04:27,0.032768
2024-07-15 21:04:28,0.03944
2024-07-15 21:04:29,0.037376
2024-07-15 21:04:30,0.0368
2024-07-15 21:04:31,0.029448
2024-07-15 21:04:32,0.025768
2024-07-15 21:04:33,0.029496
2024-07-15 21:04:34,0.04372
2024-07-15 21:04:35,0.151072
2024-07-15 21:04:36,0.100168
2024-07-15 21:04:37,0.033112
2024-07-15 21:04:38,0.062384
2024-07-15 21:04:39,0.046904
2024-07-15 21:04:40,0.029472
2024-07-15 21:04:41,0.081112
2024-07-15 21:04:42,0.074488
2024-07-15 21:04:43,0.07264
2024-07-15 21:04:44,0.097048
2024-07-15 21:04:45,0.126176
2024-07-15 21:04:46,0.092024
2024-07-15 21:04:47,0.115776
2024-07-15 21:04:48,0.10796
2024-07-15 21:04:49,0.142624
2024-07-15 21:04:50,0.104792
2024-07-15 21:04:51,0.09932
2024-07-15 21:04:52,0.108768
2024-07-15 21:04:53,0.104752
2024-07-15 21:04:54,0.089712
2024-07-15 21:04:55,0.084664
2024-07-15 21:04:56,0.114112
2024-07-15 21:04:57,0.085016
2024-07-15 21:04:58,0.075392
2024-07-15 21:04:59,0.098928
2024-07-15 21:05:00,0.0668
2024-07-15 21:05:01,0.064528
2024-07-15 21:05:02,0.07376
2024-07-15 21:05:03,0.080272
2024-07-15 21:05:04,0.076488
2024-07-15 21:05:05,0.068952
2024-07-15 21:05:06,0.07528
2024-07-15 21:05:07,0.07068
2024-07-15 21:05:08,0.0502
2024-07-15 21:05:09,0.0652
2024-07-15 21:05:10,0.083904
2024-07-15 21:05:11,0.052064
2024-07-15 21:05:12,0.049064
2024-07-15 21:05:13,0.050864
2024-07-15 21:05:14,0.057384
2024-07-15 21:05:15,0.050168
2024-07-15 21:05:16,0.041408
2024-07-15 21:05:17,0.03888
2024-07-15 21:05:18,0.045432
2024-07-15 21:05:19,0.029312
2024-07-15 21:05:20,0.043336
2024-07-15 21:05:21,0.063608
2024-07-15 21:05:22,0.233768
2024-07-15 21:05:23,0.037288
2024-07-15 21:05:24,0.151624
2024-07-15 21:05:25,0.050896
2024-07-15 21:05:26,0.023088
2024-07-15 21:05:27,0.050664
2024-07-15 21:05:28,0.052664
2024-07-15 21:05:29,0.02568
2024-07-15 21:05:30,0.033984
2024-07-15 21:05:31,0.02992
2024-07-15 21:05:32,0.027448
2024-07-15 21:05:33,0.026528
2024-07-15 21:05:34,0.013544
2024-07-15 21:05:35,0.027016
2024-07-15 21:05:36,0.022176
2024-07-15 21:05:37,0.04768
2024-07-15 21:05:38,0.03232
2024-07-15 21:05:39,0.02392
2024-07-15 21:05:40,0.033568
2024-07-15 21:05:41,0.046264
2024-07-15 21:05:42,0.041808
2024-07-15 21:05:43,0.040888
2024-07-15 21:05:44,0.03436
2024-07-15 21:05:45,0.055648
2024-07-15 21:05:46,0.04196
2024-07-15 21:05:47,0.065304
2024-07-15 21:05:48,0.027648
2024-07-15 21:05:49,0.035456
2024-07-15 21:05:50,0.032256
2024-07-15 21:05:51,0.038848
2024-07-15 21:05:52,0.032848
2024-07-15 21:05:53,0.032312
2024-07-15 21:05:54,0.154336
2024-07-15 21:05:55,0.11528
2024-07-15 21:05:56,0.0414
2024-07-15 21:05:57,0.077144
2024-07-15 21:05:58,0.054248
2024-07-15 21:05:59,0.03784
2024-07-15 21:06:00,0.077992
2024-07-15 21:06:01,0.078232
2024-07-15 21:06:02,0.086008
2024-07-15 21:06:03,0.110016
2024-07-15 21:06:04,0.10468
2024-07-15 21:06:05,0.094416
2024-07-15 21:06:06,0.110864
2024-07-15 21:06:07,0.145568
2024-07-15 21:06:08,0.12916
2024-07-15 21:06:09,0.105928
2024-07-15 21:06:10,0.083872
2024-07-15 21:06:11,0.092784
2024-07-15 21:06:12,0.109392
2024-07-15 21:06:13,0.094528
2024-07-15 21:06:14,0.092128
2024-07-15 21:06:15,0.131952
2024-07-15 21:06:16,0.090232
2024-07-15 21:06:17,0.084624
2024-07-15 21:06:18,0.09344
2024-07-15 21:06:19,0.087792
2024-07-15 21:06:20,0.094368
2024-07-15 21:06:21,0.091768
2024-07-15 21:06:22,0.10104
2024-07-15 21:06:23,0.09204
2024-07-15 21:06:24,0.078664
2024-07-15 21:06:25,0.08528
2024-07-15 21:06:26,0.06244
2024-07-15 21:06:27,0.068672
2024-07-15 21:06:28,0.057104
2024-07-15 21:06:29,0.062192
2024-07-15 21:06:30,0.050336
2024-07-15 21:06:31,0.036768
2024-07-15 21:06:32,0.051616
2024-07-15 21:06:33,0.037744
2024-07-15 21:06:34,0.041808
2024-07-15 21:06:35,0.245232
2024-07-15 21:06:36,0.04092
2024-07-15 21:06:37,0.140568
2024-07-15 21:06:38,0.066624
2024-07-15 21:06:39,0.051024
2024-07-15 21:06:40,0.05388
2024-07-15 21:06:41,0.068824
2024-07-15 21:06:42,0.033752
2024-07-15 21:06:43,0.04896
2024-07-15 21:06:44,0.06016
2024-07-15 21:06:45,0.05028
2024-07-15 21:06:46,0.025712
2024-07-15 21:06:47,0.056328
2024-07-15 21:06:48,0.055256
2024-07-15 21:06:49,0.047616
2024-07-15 21:06:50,0.035416
2024-07-15 21:06:51,0.031832
2024-07-15 21:06:52,0.056376
2024-07-15 21:06:53,0.02412
2024-07-15 21:06:54,0.061576
2024-07-15 21:06:55,0.03484
2024-07-15 21:06:56,0.024464
2024-07-15 21:06:57,0.038656
2024-07-15 21:06:58,0.038952
2024-07-15 21:06:59,0.034616
2024-07-15 21:07:00,0.034096
2024-07-15 21:07:01,0.050752
2024-07-15 21:07:02,0.029032
2024-07-15 21:07:03,0.03064
2024-07-15 21:07:04,0.024008
2024-07-15 21:07:05,0.023056
2024-07-15 21:07:06,0.019584
2024-07-15 21:07:07,0.096768
2024-07-15 21:07:08,0.123936
2024-07-15 21:07:09,0.04768
2024-07-15 21:07:10,0.030448
2024-07-15 21:07:11,0.080912
2024-07-15 21:07:12,0.052352
2024-07-15 21:07:13,0.032232
2024-07-15 21:07:14,0.083656
2024-07-15 21:07:15,0.102088
2024-07-15 21:07:16,0.092632
2024-07-15 21:07:17,0.110552
2024-07-15 21:07:18,0.1052
2024-07-15 21:07:19,0.104208
2024-07-15 21:07:20,0.115704
2024-07-15 21:07:21,0.175384
2024-07-15 21:07:22,0.1486
2024-07-15 21:07:23,0.14848
2024-07-15 21:07:24,0.103352
2024-07-15 21:07:25,0.108592
2024-07-15 21:07:26,0.10472
2024-07-15 21:07:27,0.099928
2024-07-15 21:07:28,0.10436
2024-07-15 21:07:29,0.11936
2024-07-15 21:07:30,0.16
2024-07-15 21:07:31,0.090544
2024-07-15 21:07:32,0.145656
2024-07-15 21:07:33,0.120008
2024-07-15 21:07:34,0.07288
2024-07-15 21:07:35,0.103264
2024-07-15 21:07:36,0.058328
2024-07-15 21:07:37,0.062184
2024-07-15 21:07:38,0.075616
2024-07-15 21:07:39,0.08688
2024-07-15 21:07:40,0.045584
2024-07-15 21:07:41,0.053848
2024-07-15 21:07:42,0.072472
2024-07-15 21:07:43,0.073512
2024-07-15 21:07:44,0.056216
2024-07-15 21:07:45,0.066816
2024-07-15 21:07:46,0.066504
2024-07-15 21:07:47,0.053416
2024-07-15 21:07:48,0.066792
2024-07-15 21:07:49,0.067016
2024-07-15 21:07:50,0.057848
2024-07-15 21:07:51,0.026176
2024-07-15 21:07:52,0.04736
2024-07-15 21:07:53,0.0568
2024-07-15 21:07:54,0.274176
2024-07-15 21:07:55,0.072
2024-07-15 21:07:56,0.085264
2024-07-15 21:07:57,0.035032
2024-07-15 21:07:58,0.03468
2024-07-15 21:07:59,0.0666
2024-07-15 21:08:00,0.045488
2024-07-15 21:08:01,0.04396
2024-07-15 21:08:02,0.03848
2024-07-15 21:08:03,0.034416
2024-07-15 21:08:04,0.02764
2024-07-15 21:08:05,0.037584
2024-07-15 21:08:06,0.0424
2024-07-15 21:08:07,0.041776
2024-07-15 21:08:08,0.038336
2024-07-15 21:08:09,0.05472
2024-07-15 21:08:10,0.04364
2024-07-15 21:08:11,0.056048
2024-07-15 21:08:12,0.058184
2024-07-15 21:08:13,0.057408
2024-07-15 21:08:14,0.053264
2024-07-15 21:08:15,0.055408
2024-07-15 21:08:16,0.05576
2024-07-15 21:08:17,0.07004
2024-07-15 21:08:18,0.049352
2024-07-15 21:08:19,0.058312
2024-07-15 21:08:20,0.069344
2024-07-15 21:08:21,0.054
2024-07-15 21:08:22,0.068848
2024-07-15 21:08:23,0.069752
2024-07-15 21:08:24,0.068072
2024-07-15 21:08:25,0.065584
2024-07-15 21:08:26,0.060656
2024-07-15 21:08:27,0.065248
2024-07-15 21:08:28,0.057264
2024-07-15 21:08:29,0.052048
2024-07-15 21:08:30,0.06096
2024-07-15 21:08:31,0.054184
2024-07-15 21:08:32,0.096464
2024-07-15 21:08:33,0.038984
2024-07-15 21:08:34,0.131032
2024-07-15 21:08:35,0.079672
2024-07-15 21:08:36,0.054784
2024-07-15 21:08:37,0.020528
2024-07-15 21:08:38,0.04072
2024-07-15 21:08:39,0.049608
2024-07-15 21:08:40,0.049824
2024-07-15 21:08:41,0.060216
2024-07-15 21:08:42,0.035344
2024-07-15 21:08:43,0.063072
2024-07-15 21:08:44,0.046392
2024-07-15 21:08:45,0.036912
2024-07-15 21:08:46,0.049232
2024-07-15 21:08:47,0.048696
2024-07-15 21:08:48,0.040856
2024-07-15 21:08:49,0.030432
2024-07-15 21:08:50,0.030704
2024-07-15 21:08:51,0.04544
2024-07-15 21:08:52,0.044328
2024-07-15 21:08:53,0.02912
2024-07-15 21:08:54,0.047104
2024-07-15 21:08:55,0.027488
2024-07-15 21:08:56,0.02728
2024-07-15 21:08:57,0.021944
2024-07-15 21:08:58,0.034056
2024-07-15 21:08:59,0.025448
2024-07-15 21:09:00,0.025232
2024-07-15 21:09:01,0.023712
2024-07-15 21:09:02,0.02424
2024-07-15 21:09:03,0.029688
2024-07-15 21:09:04,0.15872
2024-07-15 21:09:05,0.101104
2024-07-15 21:09:06,0.030712
2024-07-15 21:09:07,0.06012
2024-07-15 21:09:08,0.048128
2024-07-15 21:09:09,0.02184
2024-07-15 21:09:10,0.06984
2024-07-15 21:09:11,0.087912
2024-07-15 21:09:12,0.078072
2024-07-15 21:09:13,0.094048
2024-07-15 21:09:14,0.114944
2024-07-15 21:09:15,0.1214
2024-07-15 21:09:16,0.118536
2024-07-15 21:09:17,0.165856
2024-07-15 21:09:18,0.157208
2024-07-15 21:09:19,0.191552
2024-07-15 21:09:20,0.178728
2024-07-15 21:09:21,0.150192
2024-07-15 21:09:22,0.125384
2024-07-15 21:09:23,0.17372
2024-07-15 21:09:24,0.154528
2024-07-15 21:09:25,0.126672
2024-07-15 21:09:26,0.111936
2024-07-15 21:09:27,0.172944
2024-07-15 21:09:28,0.138592
2024-07-15 21:09:29,0.084592
2024-07-15 21:09:30,0.08828
2024-07-15 21:09:31,0.050432
2024-07-15 21:09:32,0.043544
2024-07-15 21:09:33,0.037576
2024-07-15 21:09:34,0.02884
2024-07-15 21:09:35,0.235216
2024-07-15 21:09:36,0.047392
2024-07-15 21:09:37,0.089432
2024-07-15 21:09:38,0.137864
2024-07-15 21:09:39,0.053472
2024-07-15 21:09:40,0.049864
2024-07-15 21:09:41,0.04372
2024-07-15 21:09:42,0.052848
2024-07-15 21:09:43,0.046048
2024-07-15 21:09:44,0.035456
2024-07-15 21:09:45,0.03556
2024-07-15 21:09:46,0.048432
2024-07-15 21:09:47,0.038896
2024-07-15 21:09:48,0.04076
2024-07-15 21:09:49,0.0466
2024-07-15 21:09:50,0.019952
2024-07-15 21:09:51,0.043552
2024-07-15 21:09:52,0.035552
2024-07-15 21:09:53,0.032576
2024-07-15 21:09:54,0.0242
2024-07-15 21:09:55,0.043312
2024-07-15 21:09:56,0.031224
2024-07-15 21:09:57,0.041224
2024-07-15 21:09:58,0.029144
2024-07-15 21:09:59,0.03544
2024-07-15 21:10:00,0.020024
2024-07-15 21:10:01,0.034944
2024-07-15 21:10:02,0.038584
2024-07-15 21:10:03,0.018712
2024-07-15 21:10:04,0.02644
2024-07-15 21:10:05,0.019832
2024-07-15 21:10:06,0.026432
2024-07-15 21:10:07,0.11212
2024-07-15 21:10:08,0.096456
2024-07-15 21:10:09,0.117936
2024-07-15 21:10:10,0.017304
2024-07-15 21:10:11,0.058312
2024-07-15 21:10:12,0.038624
2024-07-15 21:10:13,0.02016
2024-07-15 21:10:14,0.087096
2024-07-15 21:10:15,0.100464
2024-07-15 21:10:16,0.097864
2024-07-15 21:10:17,0.136344
2024-07-15 21:10:18,0.15684
2024-07-15 21:10:19,0.14748
2024-07-15 21:10:20,0.12864
2024-07-15 21:10:21,0.166776
2024-07-15 21:10:22,0.160288
2024-07-15 21:10:23,0.169944
2024-07-15 21:10:24,0.136184
2024-07-15 21:10:25,0.133048
2024-07-15 21:10:26,0.1472
2024-07-15 21:10:27,0.148608
2024-07-15 21:10:28,0.142528
2024-07-15 21:10:29,0.156016
2024-07-15 21:10:30,0.116632
2024-07-15 21:10:31,0.122984
2024-07-15 21:10:32,0.09976
2024-07-15 21:10:33,0.1044
2024-07-15 21:10:34,0.133072
2024-07-15 21:10:35,0.101944
2024-07-15 21:10:36,0.080312
2024-07-15 21:10:37,0.070728
2024-07-15 21:10:38,0.083816
2024-07-15 21:10:39,0.077096
2024-07-15 21:10:40,0.073152
2024-07-15 21:10:41,0.05724
2024-07-15 21:10:42,0.058936
2024-07-15 21:10:43,0.0688
2024-07-15 21:10:44,0.066112
2024-07-15 21:10:45,0.0746
2024-07-15 21:10:46,0.096368
2024-07-15 21:10:47,0.071968
2024-07-15 21:10:48,0.042312
2024-07-15 21:10:49,0.026232
2024-07-15 21:10:50,0.25556
2024-07-15 21:10:51,0.064344
2024-07-15 21:10:52,0.051792
2024-07-15 21:10:53,0.271648
2024-07-15 21:10:54,0.045776
2024-07-15 21:10:55,0.036136
2024-07-15 21:10:56,0.058104
2024-07-15 21:10:57,0.060152
2024-07-15 21:10:58,0.039976
2024-07-15 21:10:59,0.040352
2024-07-15 21:11:00,0.04616
2024-07-15 21:11:01,0.054344
2024-07-15 21:11:02,0.041736
2024-07-15 21:11:03,0.022368
2024-07-15 21:11:04,0.022384
2024-07-15 21:11:05,0.034728
2024-07-15 21:11:06,0.030656
2024-07-15 21:11:07,0.030016
2024-07-15 21:11:08,0.024032
2024-07-15 21:11:09,0.027904
2024-07-15 21:11:10,0.025728
2024-07-15 21:11:11,0.013784
2024-07-15 21:11:12,0.03544
2024-07-15 21:11:13,0.101
2024-07-15 21:11:14,0.041848
2024-07-15 21:11:15,0.024768
2024-07-15 21:11:16,0.105824
2024-07-15 21:11:17,0.097296
2024-07-15 21:11:18,0.091168
2024-07-15 21:11:19,0.12788
2024-07-15 21:11:20,0.150536
2024-07-15 21:11:21,0.140104
2024-07-15 21:11:22,0.178744
2024-07-15 21:11:23,0.256632
2024-07-15 21:11:24,0.2084
2024-07-15 21:11:25,0.220504
2024-07-15 21:11:26,0.244128
2024-07-15 21:11:27,0.193896
2024-07-15 21:11:28,0.21604
2024-07-15 21:11:29,0.16316
2024-07-15 21:11:30,0.163128
2024-07-15 21:11:31,0.125744
2024-07-15 21:11:32,0.103776
2024-07-15 21:11:33,0.115264
2024-07-15 21:11:34,0.10876
2024-07-15 21:11:35,0.109856
2024-07-15 21:11:36,0.064776
2024-07-15 21:11:37,0.067192
2024-07-15 21:11:38,0.058528
2024-07-15 21:11:39,0.061504
2024-07-15 21:11:40,0.077664
2024-07-15 21:11:41,0.209824
2024-07-15 21:11:42,0.094192
2024-07-15 21:11:43,0.144552
2024-07-15 21:11:44,0.05476
2024-07-15 21:11:45,0.03904
2024-07-15 21:11:46,0.036744
2024-07-15 21:11:47,0.050784
2024-07-15 21:11:48,0.048496
2024-07-15 21:11:49,0.046736
2024-07-15 21:11:50,0.042352
2024-07-15 21:11:51,0.02892
2024-07-15 21:11:52,0.048696
2024-07-15 21:11:53,0.028024
2024-07-15 21:11:54,0.022704
2024-07-15 21:11:55,0.023088
2024-07-15 21:11:56,0.031952
2024-07-15 21:11:57,0.029744
2024-07-15 21:11:58,0.03492
2024-07-15 21:11:59,0.038584
2024-07-15 21:12:00,0.046104
2024-07-15 21:12:01,0.033464
2024-07-15 21:12:02,0.029144
2024-07-15 21:12:03,0.080864
2024-07-15 21:12:04,0.029176
2024-07-15 21:12:05,0.052632
2024-07-15 21:12:06,0.04828
2024-07-15 21:12:07,0.048088
2024-07-15 21:12:08,0.045024
2024-07-15 21:12:09,0.052816
2024-07-15 21:12:10,0.055856
2024-07-15 21:12:11,0.039184
2024-07-15 21:12:12,0.172056
2024-07-15 21:12:13,0.147432
2024-07-15 21:12:14,0.027728
2024-07-15 21:12:15,0.068616
2024-07-15 21:12:16,0.04612
2024-07-15 21:12:17,0.056944
2024-07-15 21:12:18,0.08788
2024-07-15 21:12:19,0.101456
2024-07-15 21:12:20,0.118112
2024-07-15 21:12:21,0.128776
2024-07-15 21:12:22,0.174048
2024-07-15 21:12:23,0.18212
2024-07-15 21:12:24,0.191872
2024-07-15 21:12:25,0.19596
2024-07-15 21:12:26,0.20596
2024-07-15 21:12:27,0.209864
2024-07-15 21:12:28,0.202032
2024-07-15 21:12:29,0.179688
2024-07-15 21:12:30,0.147624
2024-07-15 21:12:31,0.207216
2024-07-15 21:12:32,0.157312
2024-07-15 21:12:33,0.15172
2024-07-15 21:12:34,0.152288
2024-07-15 21:12:35,0.143536
2024-07-15 21:12:36,0.154192
2024-07-15 21:12:37,0.147272
2024-07-15 21:12:38,0.180224
2024-07-15 21:12:39,0.173624
2024-07-15 21:12:40,0.10528
2024-07-15 21:12:41,0.080304
2024-07-15 21:12:42,0.095696
2024-07-15 21:12:43,0.105488
2024-07-15 21:12:44,0.07976
2024-07-15 21:12:45,0.068256
2024-07-15 21:12:46,0.081496
2024-07-15 21:12:47,0.086024
2024-07-15 21:12:48,0.063592
2024-07-15 21:12:49,0.039776
2024-07-15 21:12:50,0.05468
2024-07-15 21:12:51,0.07704
2024-07-15 21:12:52,0.322952
2024-07-15 21:12:53,0.060224
2024-07-15 21:12:54,0.203512
2024-07-15 21:12:55,0.034416
2024-07-15 21:12:56,0.030632
2024-07-15 21:12:57,0.019176
2024-07-15 21:12:58,0.015808
2024-07-15 21:12:59,0.018216
2024-07-15 21:13:00,0.018264
2024-07-15 21:13:01,0.0154
2024-07-15 21:13:02,0.027608
2024-07-15 21:13:03,0.016848
2024-07-15 21:13:04,0.018584
2024-07-15 21:13:05,0.024552
2024-07-15 21:13:06,0.026952
2024-07-15 21:13:07,0.031976
2024-07-15 21:13:08,0.049608
2024-07-15 21:13:09,0.036984
2024-07-15 21:13:10,0.024688
2024-07-15 21:13:11,0.052264
2024-07-15 21:13:12,0.064728
2024-07-15 21:13:13,0.058128
2024-07-15 21:13:14,0.063424
2024-07-15 21:13:15,0.048368
2024-07-15 21:13:16,0.033896
2024-07-15 21:13:17,0.022728
2024-07-15 21:13:18,0.028088
2024-07-15 21:13:19,0.04808
2024-07-15 21:13:20,0.035064
2024-07-15 21:13:21,0.040784
2024-07-15 21:13:22,0.04472
2024-07-15 21:13:23,0.024184
2024-07-15 21:13:24,0.037472
2024-07-15 21:13:25,0.036976
2024-07-15 21:13:26,0.039016
2024-07-15 21:13:27,0.040024
2024-07-15 21:13:28,0.05584
2024-07-15 21:13:29,0.03532
2024-07-15 21:13:30,0.045168
2024-07-15 21:13:31,0.035584
2024-07-15 21:13:32,0.037376
2024-07-15 21:13:33,0.038168
2024-07-15 21:13:34,0.032304
2024-07-15 21:13:35,0.032696
2024-07-15 21:13:36,0.029544
2024-07-15 21:13:37,0.021992
2024-07-15 21:13:38,0.035336
2024-07-15 21:13:39,0.034152
2024-07-15 21:13:40,0.02188
2024-07-15 21:13:41,0.01392
2024-07-15 21:13:42,0.038816
2024-07-15 21:13:43,0.035792
2024-07-15 21:13:44,0.185864
2024-07-15 21:13:45,0.140048
2024-07-15 21:13:46,0.033088
2024-07-15 21:13:47,0.065576
2024-07-15 21:13:48,0.064872
2024-07-15 21:13:49,0.028776
2024-07-15 21:13:50,0.102312
2024-07-15 21:13:51,0.132608
2024-07-15 21:13:52,0.102184
2024-07-15 21:13:53,0.17888
2024-07-15 21:13:54,0.209064
2024-07-15 21:13:55,0.231928
2024-07-15 21:13:56,0.19544
2024-07-15 21:13:57,0.257728
2024-07-15 21:13:58,0.253376
2024-07-15 21:13:59,0.238024
2024-07-15 21:14:00,0.289592
2024-07-15 21:14:01,0.235608
2024-07-15 21:14:02,0.184984
2024-07-15 21:14:03,0.232256
2024-07-15 21:14:04,0.212576
2024-07-15 21:14:05,0.199128
2024-07-15 21:14:06,0.179776
2024-07-15 21:14:07,0.212496
2024-07-15 21:14:08,0.148256
2024-07-15 21:14:09,0.14384
2024-07-15 21:14:10,0.075
2024-07-15 21:14:11,0.074792
2024-07-15 21:14:12,0.067424
2024-07-15 21:14:13,0.072592
2024-07-15 21:14:14,0.070416
2024-07-15 21:14:15,0.099112
2024-07-15 21:14:16,0.10052
2024-07-15 21:14:17,0.091376
2024-07-15 21:14:18,0.097584
2024-07-15 21:14:19,0.0306
2024-07-15 21:14:20,0.046312
2024-07-15 21:14:21,0.028544
2024-07-15 21:14:22,0.04964
2024-07-15 21:14:23,0.049168
2024-07-15 21:14:24,0.024152
2024-07-15 21:14:25,0.041192
2024-07-15 21:14:26,0.0518
2024-07-15 21:14:27,0.3094
2024-07-15 21:14:28,0.0338
2024-07-15 21:14:29,0.225128
2024-07-15 21:14:30,0.048456
2024-07-15 21:14:31,0.05488
2024-07-15 21:14:32,0.049808
2024-07-15 21:14:33,0.034248
2024-07-15 21:14:34,0.022864
2024-07-15 21:14:35,0.03896
2024-07-15 21:14:36,0.021464
2024-07-15 21:14:37,0.037016
2024-07-15 21:14:38,0.030424
2024-07-15 21:14:39,0.027376
2024-07-15 21:14:40,0.028328
2024-07-15 21:14:41,0.040936
2024-07-15 21:14:42,0.04052
2024-07-15 21:14:43,0.030464
2024-07-15 21:14:44,0.031984
2024-07-15 21:14:45,0.02056
2024-07-15 21:14:46,0.030896
2024-07-15 21:14:47,0.03556
2024-07-15 21:14:48,0.036056
2024-07-15 21:14:49,0.0256
2024-07-15 21:14:50,0.035008
2024-07-15 21:14:51,0.041072
2024-07-15 21:14:52,0.046384
2024-07-15 21:14:53,0.035624
2024-07-15 21:14:54,0.023808
2024-07-15 21:14:55,0.023248
2024-07-15 21:14:56,0.016528
2024-07-15 21:14:57,0.024464
2024-07-15 21:14:58,0.017128
2024-07-15 21:14:59,0.176968
2024-07-15 21:15:00,0.141096
2024-07-15 21:15:01,0.032832
2024-07-15 21:15:02,0.074144
2024-07-15 21:15:03,0.06076
2024-07-15 21:15:04,0.029448
2024-07-15 21:15:05,0.11472
2024-07-15 21:15:06,0.114328
2024-07-15 21:15:07,0.126616
2024-07-15 21:15:08,0.145984
2024-07-15 21:15:09,0.264456
2024-07-15 21:15:10,0.19764
2024-07-15 21:15:11,0.257208
2024-07-15 21:15:12,0.244712
2024-07-15 21:15:13,0.270784
2024-07-15 21:15:14,0.262568
2024-07-15 21:15:15,0.23024
2024-07-15 21:15:16,0.191456
2024-07-15 21:15:17,0.19228
2024-07-15 21:15:18,0.234544
2024-07-15 21:15:19,0.21544
2024-07-15 21:15:20,0.26304
2024-07-15 21:15:21,0.238
2024-07-15 21:15:22,0.22224
2024-07-15 21:15:23,0.227264
2024-07-15 21:15:24,0.275512
2024-07-15 21:15:25,0.135176
2024-07-15 21:15:26,0.185384
2024-07-15 21:15:27,0.179192
2024-07-15 21:15:28,0.221072
2024-07-15 21:15:29,0.158288
2024-07-15 21:15:30,0.18504
2024-07-15 21:15:31,0.142208
2024-07-15 21:15:32,0.17016
2024-07-15 21:15:33,0.157752
2024-07-15 21:15:34,0.125928
2024-07-15 21:15:35,0.158312
2024-07-15 21:15:36,0.114728
2024-07-15 21:15:37,0.064448
2024-07-15 21:15:38,0.044928
2024-07-15 21:15:39,0.041992
2024-07-15 21:15:40,0.0382
2024-07-15 21:15:41,0.325336
2024-07-15 21:15:42,0.03684
2024-07-15 21:15:43,0.095024
2024-07-15 21:15:44,0.055416
2024-07-15 21:15:45,0.041944
2024-07-15 21:15:46,0.028856
2024-07-15 21:15:47,0.033256
2024-07-15 21:15:48,0.022888
2024-07-15 21:15:49,0.04136
2024-07-15 21:15:50,0.0432
2024-07-15 21:15:51,0.053968
2024-07-15 21:15:52,0.048688
2024-07-15 21:15:53,0.04596
2024-07-15 21:15:54,0.04568
2024-07-15 21:15:55,0.053384
2024-07-15 21:15:56,0.05832
2024-07-15 21:15:57,0.049664
2024-07-15 21:15:58,0.06624
2024-07-15 21:15:59,0.054728
2024-07-15 21:16:00,0.05272
2024-07-15 21:16:01,0.065288
2024-07-15 21:16:02,0.064344
2024-07-15 21:16:03,0.059608
2024-07-15 21:16:04,0.062976
2024-07-15 21:16:05,0.067832
2024-07-15 21:16:06,0.058456
2024-07-15 21:16:07,0.05724
2024-07-15 21:16:08,0.0602
2024-07-15 21:16:09,0.070384
2024-07-15 21:16:10,0.069792
2024-07-15 21:16:11,0.051712
2024-07-15 21:16:12,0.049392
2024-07-15 21:16:13,0.041888
2024-07-15 21:16:14,0.036264
2024-07-15 21:16:15,0.041856
2024-07-15 21:16:16,0.089072
2024-07-15 21:16:17,0.048008
2024-07-15 21:16:18,0.14012
2024-07-15 21:16:19,0.064152
2024-07-15 21:16:20,0.088
2024-07-15 21:16:21,0.06428
2024-07-15 21:16:22,0.052544
2024-07-15 21:16:23,0.039784
2024-07-15 21:16:24,0.045432
2024-07-15 21:16:25,0.03212
2024-07-15 21:16:26,0.027232
2024-07-15 21:16:27,0.058464
2024-07-15 21:16:28,0.036488
2024-07-15 21:16:29,0.043608
2024-07-15 21:16:30,0.042616
2024-07-15 21:16:31,0.052256
2024-07-15 21:16:32,0.043496
2024-07-15 21:16:33,0.032224
2024-07-15 21:16:34,0.043864
2024-07-15 21:16:35,0.037488
2024-07-15 21:16:36,0.046272
2024-07-15 21:16:37,0.03212
2024-07-15 21:16:38,0.033424
2024-07-15 21:16:39,0.029
2024-07-15 21:16:40,0.043072
2024-07-15 21:16:41,0.064264
2024-07-15 21:16:42,0.04008
2024-07-15 21:16:43,0.062864
2024-07-15 21:16:44,0.034456
2024-07-15 21:16:45,0.048744
2024-07-15 21:16:46,0.036552
2024-07-15 21:16:47,0.045592
2024-07-15 21:16:48,0.187184
2024-07-15 21:16:49,0.137744
2024-07-15 21:16:50,0.030368
2024-07-15 21:16:51,0.072296
2024-07-15 21:16:52,0.060288
2024-07-15 21:16:53,0.035832
2024-07-15 21:16:54,0.122696
2024-07-15 21:16:55,0.177152
2024-07-15 21:16:56,0.2008
2024-07-15 21:16:57,0.243848
2024-07-15 21:16:58,0.275832
2024-07-15 21:16:59,0.206008
2024-07-15 21:17:00,0.210392
2024-07-15 21:17:01,0.290024
2024-07-15 21:17:02,0.280128
2024-07-15 21:17:03,0.193696
2024-07-15 21:17:04,0.248392
2024-07-15 21:17:05,0.215872
2024-07-15 21:17:06,0.246912
2024-07-15 21:17:07,0.20408
2024-07-15 21:17:08,0.14592
2024-07-15 21:17:09,0.200416
2024-07-15 21:17:10,0.24984
2024-07-15 21:17:11,0.21124
2024-07-15 21:17:12,0.250792
2024-07-15 21:17:13,0.167904
2024-07-15 21:17:14,0.176264
2024-07-15 21:17:15,0.168736
2024-07-15 21:17:16,0.107264
2024-07-15 21:17:17,0.093768
2024-07-15 21:17:18,0.137368
2024-07-15 21:17:19,0.155608
2024-07-15 21:17:20,0.119144
2024-07-15 21:17:21,0.07744
2024-07-15 21:17:22,0.065792
2024-07-15 21:17:23,0.088408
2024-07-15 21:17:24,0.06664
2024-07-15 21:17:25,0.085816
2024-07-15 21:17:26,0.087272
2024-07-15 21:17:27,0.05784
2024-07-15 21:17:28,0.093816
2024-07-15 21:17:29,0.098872
2024-07-15 21:17:30,0.066344
2024-07-15 21:17:31,0.121224
2024-07-15 21:17:32,0.0234
2024-07-15 21:17:33,0.031984
2024-07-15 21:17:34,0.03212
2024-07-15 21:17:35,0.281224
2024-07-15 21:17:36,0.07104
2024-07-15 21:17:37,0.110912
2024-07-15 21:17:38,0.208744
2024-07-15 21:17:39,0.038208
2024-07-15 21:17:40,0.06076
2024-07-15 21:17:41,0.026224
2024-07-15 21:17:42,0.024616
2024-07-15 21:17:43,0.03868
2024-07-15 21:17:44,0.031536
2024-07-15 21:17:45,0.025096
2024-07-15 21:17:46,0.043536
2024-07-15 21:17:47,0.04672
2024-07-15 21:17:48,0.073992
2024-07-15 21:17:49,0.054528
2024-07-15 21:17:50,0.042976
2024-07-15 21:17:51,0.068992
2024-07-15 21:17:52,0.026664
2024-07-15 21:17:53,0.064432
2024-07-15 21:17:54,0.070184
2024-07-15 21:17:55,0.043992
2024-07-15 21:17:56,0.034568
2024-07-15 21:17:57,0.024936
2024-07-15 21:17:58,0.035648
2024-07-15 21:17:59,0.059672
2024-07-15 21:18:00,0.028944
2024-07-15 21:18:01,0.041928
2024-07-15 21:18:02,0.030528
2024-07-15 21:18:03,0.017904
2024-07-15 21:18:04,0.018544
2024-07-15 21:18:05,0.044504
2024-07-15 21:18:06,0.023512
2024-07-15 21:18:07,0.033632
2024-07-15 21:18:08,0.025704
2024-07-15 21:18:09,0.022408
2024-07-15 21:18:10,0.017704
2024-07-15 21:18:11,0.027336
2024-07-15 21:18:12,0.024448
2024-07-15 21:18:13,0.01796
2024-07-15 21:18:14,0.031128
2024-07-15 21:18:15,0.03648
2024-07-15 21:18:16,0.036576
2024-07-15 21:18:17,0.026984
2024-07-15 21:18:18,0.022312
2024-07-15 21:18:19,0.030176
2024-07-15 21:18:20,0.013056
2024-07-15 21:18:21,0.018992
2024-07-15 21:18:22,0.198608
2024-07-15 21:18:23,0.155
2024-07-15 21:18:24,0.019552
2024-07-15 21:18:25,0.0774
2024-07-15 21:18:26,0.0672
2024-07-15 21:18:27,0.030496
2024-07-15 21:18:28,0.146
2024-07-15 21:18:29,0.152784
2024-07-15 21:18:30,0.1712
2024-07-15 21:18:31,0.197744
2024-07-15 21:18:32,0.200576
2024-07-15 21:18:33,0.201424
2024-07-15 21:18:34,0.249248
2024-07-15 21:18:35,0.26808
2024-07-15 21:18:36,0.277304
2024-07-15 21:18:37,0.2372
2024-07-15 21:18:38,0.222928
2024-07-15 21:18:39,0.206944
2024-07-15 21:18:40,0.20132
2024-07-15 21:18:41,0.245232
2024-07-15 21:18:42,0.15308
2024-07-15 21:18:43,0.20184
2024-07-15 21:18:44,0.194288
2024-07-15 21:18:45,0.218256
2024-07-15 21:18:46,0.207296
2024-07-15 21:18:47,0.212792
2024-07-15 21:18:48,0.2014
2024-07-15 21:18:49,0.188608
2024-07-15 21:18:50,0.152872
2024-07-15 21:18:51,0.127152
2024-07-15 21:18:52,0.094832
2024-07-15 21:18:53,0.119144
2024-07-15 21:18:54,0.086408
2024-07-15 21:18:55,0.091424
2024-07-15 21:18:56,0.089752
2024-07-15 21:18:57,0.081104
2024-07-15 21:18:58,0.034984
2024-07-15 21:18:59,0.052992
2024-07-15 21:19:00,0.063656
2024-07-15 21:19:01,0.328232
2024-07-15 21:19:02,0.043536
2024-07-15 21:19:03,0.37688
2024-07-15 21:19:04,0.072488
2024-07-15 21:19:05,0.083792
2024-07-15 21:19:06,0.04668
2024-07-15 21:19:07,0.036088
2024-07-15 21:19:08,0.046312
2024-07-15 21:19:09,0.081264
2024-07-15 21:19:10,0.048528
2024-07-15 21:19:11,0.060648
2024-07-15 21:19:12,0.023928
2024-07-15 21:19:13,0.092216
2024-07-15 21:19:14,0.047432
2024-07-15 21:19:15,0.037976
2024-07-15 21:19:16,0.035592
2024-07-15 21:19:17,0.014392
2024-07-15 21:19:18,0.0308
2024-07-15 21:19:19,0.0306
2024-07-15 21:19:20,0.028144
2024-07-15 21:19:21,0.049088
2024-07-15 21:19:22,0.055384
2024-07-15 21:19:23,0.16032
2024-07-15 21:19:24,0.03804
2024-07-15 21:19:25,0.03708
2024-07-15 21:19:26,0.115064
2024-07-15 21:19:27,0.116144
2024-07-15 21:19:28,0.1668
2024-07-15 21:19:29,0.252288
2024-07-15 21:19:30,0.266264
2024-07-15 21:19:31,0.341136
2024-07-15 21:19:32,0.246624
2024-07-15 21:19:33,0.19572
2024-07-15 21:19:34,0.21924
2024-07-15 21:19:35,0.154888
2024-07-15 21:19:36,0.274024
2024-07-15 21:19:37,0.2004
2024-07-15 21:19:38,0.205504
2024-07-15 21:19:39,0.135728
2024-07-15 21:19:40,0.066176
2024-07-15 21:19:41,0.046848
2024-07-15 21:19:42,0.070112
2024-07-15 21:19:43,0.07612
2024-07-15 21:19:44,0.040872
2024-07-15 21:19:45,0.052032
2024-07-15 21:19:46,0.048104
2024-07-15 21:19:47,0.058336
2024-07-15 21:19:48,0.056376
2024-07-15 21:19:49,0.066016
2024-07-15 21:19:50,0.046872
2024-07-15 21:19:51,0.046336
2024-07-15 21:19:52,0.066128
2024-07-15 21:19:53,0.052592
2024-07-15 21:19:54,0.059672
2024-07-15 21:19:55,0.016344
2024-07-15 21:19:56,0.058024
2024-07-15 21:19:57,0.023328
2024-07-15 21:19:58,0.043624
2024-07-15 21:19:59,0.015048
2024-07-15 21:20:00,0.024336
2024-07-15 21:20:01,0.040816
2024-07-15 21:20:02,0.055584
2024-07-15 21:20:03,0.04652
2024-07-15 21:20:04,0.02288
2024-07-15 21:20:05,0.027024
2024-07-15 21:20:06,0.036896
2024-07-15 21:20:07,0.150832
2024-07-15 21:20:08,0.211848
2024-07-15 21:20:09,0.084872
2024-07-15 21:20:10,0.033744
2024-07-15 21:20:11,0.090752
2024-07-15 21:20:12,0.071464
2024-07-15 21:20:13,0.070336
2024-07-15 21:20:14,0.146936
2024-07-15 21:20:15,0.1512
2024-07-15 21:20:16,0.184792
2024-07-15 21:20:17,0.254168
2024-07-15 21:20:18,0.31908
2024-07-15 21:20:19,0.297112
2024-07-15 21:20:20,0.269608
2024-07-15 21:20:21,0.376304
2024-07-15 21:20:22,0.329376
2024-07-15 21:20:23,0.3398
2024-07-15 21:20:24,0.251512
2024-07-15 21:20:25,0.20604
2024-07-15 21:20:26,0.242496
2024-07-15 21:20:27,0.269448
2024-07-15 21:20:28,0.30924
2024-07-15 21:20:29,0.223256
2024-07-15 21:20:30,0.27568
2024-07-15 21:20:31,0.225344
2024-07-15 21:20:32,0.214688
2024-07-15 21:20:33,0.140944
2024-07-15 21:20:34,0.195096
2024-07-15 21:20:35,0.082472
2024-07-15 21:20:36,0.127248
2024-07-15 21:20:37,0.081008
2024-07-15 21:20:38,0.096504
2024-07-15 21:20:39,0.062336
2024-07-15 21:20:40,0.1128
2024-07-15 21:20:41,0.069408
2024-07-15 21:20:42,0.045752
2024-07-15 21:20:43,0.043928
2024-07-15 21:20:44,0.046936
2024-07-15 21:20:45,0.359048
2024-07-15 21:20:46,0.035776
2024-07-15 21:20:47,0.317328
2024-07-15 21:20:48,0.036552
2024-07-15 21:20:49,0.024416
2024-07-15 21:20:50,0.016584
2024-07-15 21:20:51,0.019432
2024-07-15 21:20:52,0.014552
2024-07-15 21:20:53,0.017584
2024-07-15 21:20:54,0.028952
2024-07-15 21:20:55,0.033064
2024-07-15 21:20:56,0.060856
2024-07-15 21:20:57,0.097488
2024-07-15 21:20:58,0.122488
2024-07-15 21:20:59,0.08852
2024-07-15 21:21:00,0.048584
2024-07-15 21:21:01,0.03124
2024-07-15 21:21:02,0.042088
2024-07-15 21:21:03,0.05708
2024-07-15 21:21:04,0.062192
2024-07-15 21:21:05,0.064504
2024-07-15 21:21:06,0.072792
2024-07-15 21:21:07,0.057848
2024-07-15 21:21:08,0.063168
2024-07-15 21:21:09,0.052704
2024-07-15 21:21:10,0.034368
2024-07-15 21:21:11,0.049656
2024-07-15 21:21:12,0.0624
2024-07-15 21:21:13,0.047088
2024-07-15 21:21:14,0.056368
2024-07-15 21:21:15,0.067712
2024-07-15 21:21:16,0.059424
2024-07-15 21:21:17,0.106192
2024-07-15 21:21:18,0.048232
2024-07-15 21:21:19,0.048248
2024-07-15 21:21:20,0.061392
2024-07-15 21:21:21,0.034936
2024-07-15 21:21:22,0.036288
2024-07-15 21:21:23,0.049336
2024-07-15 21:21:24,0.0288
2024-07-15 21:21:25,0.068072
2024-07-15 21:21:26,0.04152
2024-07-15 21:21:27,0.04596
2024-07-15 21:21:28,0.027456
2024-07-15 21:21:29,0.040056
2024-07-15 21:21:30,0.042632
2024-07-15 21:21:31,0.073928
2024-07-15 21:21:32,0.030328
2024-07-15 21:21:33,0.064968
2024-07-15 21:21:34,0.055328
2024-07-15 21:21:35,0.033512
2024-07-15 21:21:36,0.041168
2024-07-15 21:21:37,0.212536
2024-07-15 21:21:38,0.1818
2024-07-15 21:21:39,0.030176
2024-07-15 21:21:40,0.074592
2024-07-15 21:21:41,0.07676
2024-07-15 21:21:42,0.047928
2024-07-15 21:21:43,0.182448
2024-07-15 21:21:44,0.195304
2024-07-15 21:21:45,0.183896
2024-07-15 21:21:46,0.295448
2024-07-15 21:21:47,0.291936
2024-07-15 21:21:48,0.304264
2024-07-15 21:21:49,0.360176
2024-07-15 21:21:50,0.356984
2024-07-15 21:21:51,0.361216
2024-07-15 21:21:52,0.373448
2024-07-15 21:21:53,0.298888
2024-07-15 21:21:54,0.342432
2024-07-15 21:21:55,0.294504
2024-07-15 21:21:56,0.323712
2024-07-15 21:21:57,0.242792
2024-07-15 21:21:58,0.346088
2024-07-15 21:21:59,0.278792
2024-07-15 21:22:00,0.308928
2024-07-15 21:22:01,0.350072
2024-07-15 21:22:02,0.29436
2024-07-15 21:22:03,0.189128
2024-07-15 21:22:04,0.205448
2024-07-15 21:22:05,0.167104
2024-07-15 21:22:06,0.176496
2024-07-15 21:22:07,0.091144
2024-07-15 21:22:08,0.071384
2024-07-15 21:22:09,0.050192
2024-07-15 21:22:10,0.066464
2024-07-15 21:22:11,0.059984
2024-07-15 21:22:12,0.056368
2024-07-15 21:22:13,0.069728
2024-07-15 21:22:14,0.05724
2024-07-15 21:22:15,0.04652
2024-07-15 21:22:16,0.06136
2024-07-15 21:22:17,0.031984
2024-07-15 21:22:18,0.057096
2024-07-15 21:22:19,0.01408
2024-07-15 21:22:20,0.023224
2024-07-15 21:22:21,0.023112
2024-07-15 21:22:22,0.051728
2024-07-15 21:22:23,0.3768
2024-07-15 21:22:24,0.037856
2024-07-15 21:22:25,0.2928
2024-07-15 21:22:26,0.057904
2024-07-15 21:22:27,0.05656
2024-07-15 21:22:28,0.062328
2024-07-15 21:22:29,0.024976
2024-07-15 21:22:30,0.0218
2024-07-15 21:22:31,0.033328
2024-07-15 21:22:32,0.02044
2024-07-15 21:22:33,0.026016
2024-07-15 21:22:34,0.05068
2024-07-15 21:22:35,0.08652
2024-07-15 21:22:36,0.089528
2024-07-15 21:22:37,0.092392
2024-07-15 21:22:38,0.057928
2024-07-15 21:22:39,0.06996
2024-07-15 21:22:40,0.082368
2024-07-15 21:22:41,0.077192
2024-07-15 21:22:42,0.056432
2024-07-15 21:22:43,0.030848
2024-07-15 21:22:44,0.037104
2024-07-15 21:22:45,0.089848
2024-07-15 21:22:46,0.069728
2024-07-15 21:22:47,0.07632
2024-07-15 21:22:48,0.081616
2024-07-15 21:22:49,0.063496
2024-07-15 21:22:50,0.06628
2024-07-15 21:22:51,0.061304
2024-07-15 21:22:52,0.071824
2024-07-15 21:22:53,0.045448
2024-07-15 21:22:54,0.063936
2024-07-15 21:22:55,0.054984
2024-07-15 21:22:56,0.05944
2024-07-15 21:22:57,0.040392
2024-07-15 21:22:58,0.025528
2024-07-15 21:22:59,0.035256
2024-07-15 21:23:00,0.024672
2024-07-15 21:23:01,0.035912
2024-07-15 21:23:02,0.027416
2024-07-15 21:23:03,0.04548
2024-07-15 21:23:04,0.036616
2024-07-15 21:23:05,0.056568
2024-07-15 21:23:06,0.03832
2024-07-15 21:23:07,0.054888
2024-07-15 21:23:08,0.032808
2024-07-15 21:23:09,0.216472
2024-07-15 21:23:10,0.180576
2024-07-15 21:23:11,0.036312
2024-07-15 21:23:12,0.06196
2024-07-15 21:23:13,0.053784
2024-07-15 21:23:14,0.053264
2024-07-15 21:23:15,0.110672
2024-07-15 21:23:16,0.169016
2024-07-15 21:23:17,0.181064
2024-07-15 21:23:18,0.257752
2024-07-15 21:23:19,0.318472
2024-07-15 21:23:20,0.370464
2024-07-15 21:23:21,0.345312
2024-07-15 21:23:22,0.36408
2024-07-15 21:23:23,0.385176
2024-07-15 21:23:24,0.345128
2024-07-15 21:23:25,0.368512
2024-07-15 21:23:26,0.371848
2024-07-15 21:23:27,0.388584
2024-07-15 21:23:28,0.298528
2024-07-15 21:23:29,0.315344
2024-07-15 21:23:30,0.333248
2024-07-15 21:23:31,0.31592
2024-07-15 21:23:32,0.38252
2024-07-15 21:23:33,0.250096
2024-07-15 21:23:34,0.307296
2024-07-15 21:23:35,0.215208
2024-07-15 21:23:36,0.269648
2024-07-15 21:23:37,0.20964
2024-07-15 21:23:38,0.173616
2024-07-15 21:23:39,0.136528
2024-07-15 21:23:40,0.102424
2024-07-15 21:23:41,0.181376
2024-07-15 21:23:42,0.116272
2024-07-15 21:23:43,0.131176
2024-07-15 21:23:44,0.141448
2024-07-15 21:23:45,0.159368
2024-07-15 21:23:46,0.110592
2024-07-15 21:23:47,0.08308
2024-07-15 21:23:48,0.110872
2024-07-15 21:23:49,0.114536
2024-07-15 21:23:50,0.037104
2024-07-15 21:23:51,0.052528
2024-07-15 21:23:52,0.051752
2024-07-15 21:23:53,0.365056
2024-07-15 21:23:54,0.050888
2024-07-15 21:23:55,0.083088
2024-07-15 21:23:56,0.055664
2024-07-15 21:23:57,0.050992
2024-07-15 21:23:58,0.038712
2024-07-15 21:23:59,0.033832
2024-07-15 21:24:00,0.026232
2024-07-15 21:24:01,0.044144
2024-07-15 21:24:02,0.042624
2024-07-15 21:24:03,0.036664
2024-07-15 21:24:04,0.050128
2024-07-15 21:24:05,0.054536
2024-07-15 21:24:06,0.051576
2024-07-15 21:24:07,0.061328
2024-07-15 21:24:08,0.051856
2024-07-15 21:24:09,0.053128
2024-07-15 21:24:10,0.0588
2024-07-15 21:24:11,0.056216
2024-07-15 21:24:12,0.048872
2024-07-15 21:24:13,0.063712
2024-07-15 21:24:14,0.058048
2024-07-15 21:24:15,0.06228
2024-07-15 21:24:16,0.055464
2024-07-15 21:24:17,0.055352
2024-07-15 21:24:18,0.05504
2024-07-15 21:24:19,0.066152
2024-07-15 21:24:20,0.065368
2024-07-15 21:24:21,0.062048
2024-07-15 21:24:22,0.058592
2024-07-15 21:24:23,0.064144
2024-07-15 21:24:24,0.069384
2024-07-15 21:24:25,0.0616
2024-07-15 21:24:26,0.041864
2024-07-15 21:24:27,0.038968
2024-07-15 21:24:28,0.101192
2024-07-15 21:24:29,0.03008
2024-07-15 21:24:30,0.120792
2024-07-15 21:24:31,0.092624
2024-07-15 21:24:32,0.048752
2024-07-15 21:24:33,0.087064
2024-07-15 21:24:34,0.04664
2024-07-15 21:24:35,0.040456
2024-07-15 21:24:36,0.047648
2024-07-15 21:24:37,0.058248
2024-07-15 21:24:38,0.033168
2024-07-15 21:24:39,0.070424
2024-07-15 21:24:40,0.080248
2024-07-15 21:24:41,0.054088
2024-07-15 21:24:42,0.046344
2024-07-15 21:24:43,0.037864
2024-07-15 21:24:44,0.0464
2024-07-15 21:24:45,0.049072
2024-07-15 21:24:46,0.038888
2024-07-15 21:24:47,0.042792
2024-07-15 21:24:48,0.048728
2024-07-15 21:24:49,0.028728
2024-07-15 21:24:50,0.030696
2024-07-15 21:24:51,0.025544
2024-07-15 21:24:52,0.020936
2024-07-15 21:24:53,0.025488
2024-07-15 21:24:54,0.02632
2024-07-15 21:24:55,0.030144
2024-07-15 21:24:56,0.042784
2024-07-15 21:24:57,0.027368
2024-07-15 21:24:58,0.025416
2024-07-15 21:24:59,0.028896
2024-07-15 21:25:00,0.13116
2024-07-15 21:25:01,0.213528
2024-07-15 21:25:02,0.061088
2024-07-15 21:25:03,0.055432
2024-07-15 21:25:04,0.091168
2024-07-15 21:25:05,0.060496
2024-07-15 21:25:06,0.084536
2024-07-15 21:25:07,0.163312
2024-07-15 21:25:08,0.222544
2024-07-15 21:25:09,0.263352
2024-07-15 21:25:10,0.452656
2024-07-15 21:25:11,0.418208
2024-07-15 21:25:12,0.444744
2024-07-15 21:25:13,0.48136
2024-07-15 21:25:14,0.470072
2024-07-15 21:25:15,0.481648
2024-07-15 21:25:16,0.457544
2024-07-15 21:25:17,0.377088
2024-07-15 21:25:18,0.39792
2024-07-15 21:25:19,0.409408
2024-07-15 21:25:20,0.47
2024-07-15 21:25:21,0.488304
2024-07-15 21:25:22,0.304864
2024-07-15 21:25:23,0.422456
2024-07-15 21:25:24,0.348024
2024-07-15 21:25:25,0.338568
2024-07-15 21:25:26,0.191264
2024-07-15 21:25:27,0.202168
2024-07-15 21:25:28,0.19232
2024-07-15 21:25:29,0.151256
2024-07-15 21:25:30,0.087312
2024-07-15 21:25:31,0.061256
2024-07-15 21:25:32,0.049816
2024-07-15 21:25:33,0.052752
2024-07-15 21:25:34,0.391736
2024-07-15 21:25:35,0.041752
2024-07-15 21:25:36,0.297952
2024-07-15 21:25:37,0.086864
2024-07-15 21:25:38,0.058032
2024-07-15 21:25:39,0.08268
2024-07-15 21:25:40,0.094648
2024-07-15 21:25:41,0.058536
2024-07-15 21:25:42,0.063416
2024-07-15 21:25:43,0.034624
2024-07-15 21:25:44,0.06756
2024-07-15 21:25:45,0.028392
2024-07-15 21:25:46,0.028272
2024-07-15 21:25:47,0.028384
2024-07-15 21:25:48,0.024288
2024-07-15 21:25:49,0.029936
2024-07-15 21:25:50,0.037912
2024-07-15 21:25:51,0.04352
2024-07-15 21:25:52,0.045728
2024-07-15 21:25:53,0.048184
2024-07-15 21:25:54,0.034816
2024-07-15 21:25:55,0.032232
2024-07-15 21:25:56,0.035152
2024-07-15 21:25:57,0.053424
2024-07-15 21:25:58,0.04068
2024-07-15 21:25:59,0.037624
2024-07-15 21:26:00,0.079112
2024-07-15 21:26:01,0.046864
2024-07-15 21:26:02,0.033192
2024-07-15 21:26:03,0.023856
2024-07-15 21:26:04,0.06784
2024-07-15 21:26:05,0.049496
2024-07-15 21:26:06,0.220632
2024-07-15 21:26:07,0.18824
2024-07-15 21:26:08,0.037288
2024-07-15 21:26:09,0.080216
2024-07-15 21:26:10,0.061432
2024-07-15 21:26:11,0.04752
2024-07-15 21:26:12,0.128136
2024-07-15 21:26:13,0.165456
2024-07-15 21:26:14,0.19244
2024-07-15 21:26:15,0.382648
2024-07-15 21:26:16,0.382992
2024-07-15 21:26:17,0.415688
2024-07-15 21:26:18,0.449504
2024-07-15 21:26:19,0.44296
2024-07-15 21:26:20,0.478648
2024-07-15 21:26:21,0.458552
2024-07-15 21:26:22,0.416112
2024-07-15 21:26:23,0.353032
2024-07-15 21:26:24,0.27724
2024-07-15 21:26:25,0.312584
2024-07-15 21:26:26,0.440168
2024-07-15 21:26:27,0.334504
2024-07-15 21:26:28,0.294192
2024-07-15 21:26:29,0.232488
2024-07-15 21:26:30,0.069416
2024-07-15 21:26:31,0.064952
2024-07-15 21:26:32,0.043856
2024-07-15 21:26:33,0.034048
2024-07-15 21:26:34,0.033792
2024-07-15 21:26:35,0.05756
2024-07-15 21:26:36,0.39136
2024-07-15 21:26:37,0.041224
2024-07-15 21:26:38,0.434688
2024-07-15 21:26:39,0.034352
2024-07-15 21:26:40,0.10136
2024-07-15 21:26:41,0.055816
2024-07-15 21:26:42,0.040944
2024-07-15 21:26:43,0.046328
2024-07-15 21:26:44,0.021928
2024-07-15 21:26:45,0.025808
2024-07-15 21:26:46,0.032736
2024-07-15 21:26:47,0.033824
2024-07-15 21:26:48,0.033248
2024-07-15 21:26:49,0.03844
2024-07-15 21:26:50,0.022848
2024-07-15 21:26:51,0.034488
2024-07-15 21:26:52,0.03356
2024-07-15 21:26:53,0.03064
2024-07-15 21:26:54,0.033008
2024-07-15 21:26:55,0.036448
2024-07-15 21:26:56,0.025944
2024-07-15 21:26:57,0.032008
2024-07-15 21:26:58,0.167528
2024-07-15 21:26:59,0.0358
2024-07-15 21:27:00,0.033416
2024-07-15 21:27:01,0.152896
2024-07-15 21:27:02,0.184784
2024-07-15 21:27:03,0.214344
2024-07-15 21:27:04,0.312864
2024-07-15 21:27:05,0.413704
2024-07-15 21:27:06,0.426904
2024-07-15 21:27:07,0.394848
2024-07-15 21:27:08,0.381528
2024-07-15 21:27:09,0.417976
2024-07-15 21:27:10,0.241408
2024-07-15 21:27:11,0.204144
2024-07-15 21:27:12,0.163592
2024-07-15 21:27:13,0.098016
2024-07-15 21:27:14,0.078536
2024-07-15 21:27:15,0.338576
2024-07-15 21:27:16,0.16832
2024-07-15 21:27:17,0.245112
2024-07-15 21:27:18,0.113184
2024-07-15 21:27:19,0.070744
2024-07-15 21:27:20,0.059744
2024-07-15 21:27:21,0.044176
2024-07-15 21:27:22,0.045488
2024-07-15 21:27:23,0.014232
2024-07-15 21:27:24,0.032712
2024-07-15 21:27:25,0.037576
2024-07-15 21:27:26,0.046224
2024-07-15 21:27:27,0.062752
2024-07-15 21:27:28,0.034712
2024-07-15 21:27:29,0.038592
2024-07-15 21:27:30,0.026632
2024-07-15 21:27:31,0.029656
2024-07-15 21:27:32,0.028176
2024-07-15 21:27:33,0.027224
2024-07-15 21:27:34,0.046904
2024-07-15 21:27:35,0.072704
2024-07-15 21:27:36,0.059912
2024-07-15 21:27:37,0.044008
2024-07-15 21:27:38,0.04908
2024-07-15 21:27:39,0.03248
2024-07-15 21:27:40,0.04652
2024-07-15 21:27:41,0.072552
2024-07-15 21:27:42,0.030944
2024-07-15 21:27:43,0.043624
2024-07-15 21:27:44,0.044056
2024-07-15 21:27:45,0.060712
2024-07-15 21:27:46,0.209616
2024-07-15 21:27:47,0.1918
2024-07-15 21:27:48,0.025216
2024-07-15 21:27:49,0.080128
2024-07-15 21:27:50,0.071776
2024-07-15 21:27:51,0.06196
2024-07-15 21:27:52,0.1518
2024-07-15 21:27:53,0.192224
2024-07-15 21:27:54,0.25432
2024-07-15 21:27:55,0.349728
2024-07-15 21:27:56,0.424936
2024-07-15 21:27:57,0.42712
2024-07-15 21:27:58,0.452288
2024-07-15 21:27:59,0.522968
2024-07-15 21:28:00,0.424072
2024-07-15 21:28:01,0.499808
2024-07-15 21:28:02,0.44588
2024-07-15 21:28:03,0.317104
2024-07-15 21:28:04,0.33088
2024-07-15 21:28:05,0.418312
2024-07-15 21:28:06,0.334136
2024-07-15 21:28:07,0.262792
2024-07-15 21:28:08,0.275912
2024-07-15 21:28:09,0.266024
2024-07-15 21:28:10,0.168144
2024-07-15 21:28:11,0.211832
2024-07-15 21:28:12,0.226096
2024-07-15 21:28:13,0.231392
2024-07-15 21:28:14,0.191512
2024-07-15 21:28:15,0.192296
2024-07-15 21:28:16,0.172608
2024-07-15 21:28:17,0.13072
2024-07-15 21:28:18,0.215136
2024-07-15 21:28:19,0.164848
2024-07-15 21:28:20,0.13544
2024-07-15 21:28:21,0.146936
2024-07-15 21:28:22,0.146112
2024-07-15 21:28:23,0.162456
2024-07-15 21:28:24,0.143272
2024-07-15 21:28:25,0.1528
2024-07-15 21:28:26,0.16948
2024-07-15 21:28:27,0.027336
2024-07-15 21:28:28,0.049368
2024-07-15 21:28:29,0.103728
2024-07-15 21:28:30,0.279624
2024-07-15 21:28:31,0.091624
2024-07-15 21:28:32,0.198544
2024-07-15 21:28:33,0.07356
2024-07-15 21:28:34,0.040968
2024-07-15 21:28:35,0.047592
2024-07-15 21:28:36,0.046608
2024-07-15 21:28:37,0.034152
2024-07-15 21:28:38,0.027696
2024-07-15 21:28:39,0.039792
2024-07-15 21:28:40,0.0416
2024-07-15 21:28:41,0.047976
2024-07-15 21:28:42,0.075888
2024-07-15 21:28:43,0.040928
2024-07-15 21:28:44,0.079528
2024-07-15 21:28:45,0.045776
2024-07-15 21:28:46,0.04212
2024-07-15 21:28:47,0.031376
2024-07-15 21:28:48,0.046064
2024-07-15 21:28:49,0.026128
2024-07-15 21:28:50,0.03404
2024-07-15 21:28:51,0.018464
2024-07-15 21:28:52,0.024904
2024-07-15 21:28:53,0.018728
2024-07-15 21:28:54,0.021952
2024-07-15 21:28:55,0.015168
2024-07-15 21:28:56,0.040904
2024-07-15 21:28:57,0.030408
2024-07-15 21:28:58,0.036008
2024-07-15 21:28:59,0.025072
2024-07-15 21:29:00,0.023744
2024-07-15 21:29:01,0.036392
2024-07-15 21:29:02,0.113472
2024-07-15 21:29:03,0.190672
2024-07-15 21:29:04,0.063648
2024-07-15 21:29:05,0.014744
2024-07-15 21:29:06,0.068992
2024-07-15 21:29:07,0.049096
2024-07-15 21:29:08,0.051176
2024-07-15 21:29:09,0.142856
2024-07-15 21:29:10,0.200728
2024-07-15 21:29:11,0.320056
2024-07-15 21:29:12,0.351944
2024-07-15 21:29:13,0.397032
2024-07-15 21:29:14,0.395904
2024-07-15 21:29:15,0.47764
2024-07-15 21:29:16,0.508464
2024-07-15 21:29:17,0.395896
2024-07-15 21:29:18,0.417904
2024-07-15 21:29:19,0.360512
2024-07-15 21:29:20,0.36552
2024-07-15 21:29:21,0.335232
2024-07-15 21:29:22,0.327336
2024-07-15 21:29:23,0.280064
2024-07-15 21:29:24,0.356848
2024-07-15 21:29:25,0.326568
2024-07-15 21:29:26,0.324464
2024-07-15 21:29:27,0.194216
2024-07-15 21:29:28,0.196536
2024-07-15 21:29:29,0.174536
2024-07-15 21:29:30,0.138968
2024-07-15 21:29:31,0.189984
2024-07-15 21:29:32,0.093584
2024-07-15 21:29:33,0.134176
2024-07-15 21:29:34,0.08492
2024-07-15 21:29:35,0.130552
2024-07-15 21:29:36,0.024488
2024-07-15 21:29:37,0.044304
2024-07-15 21:29:38,0.054456
2024-07-15 21:29:39,0.307128
2024-07-15 21:29:40,0.049192
2024-07-15 21:29:41,0.209168
2024-07-15 21:29:42,0.086888
2024-07-15 21:29:43,0.0474
2024-07-15 21:29:44,0.087448
2024-07-15 21:29:45,0.053064
2024-07-15 21:29:46,0.04372
2024-07-15 21:29:47,0.073784
2024-07-15 21:29:48,0.037816
2024-07-15 21:29:49,0.032368
2024-07-15 21:29:50,0.024752
2024-07-15 21:29:51,0.043232
2024-07-15 21:29:52,0.044368
2024-07-15 21:29:53,0.025824
2024-07-15 21:29:54,0.036664
2024-07-15 21:29:55,0.032656
2024-07-15 21:29:56,0.0302
2024-07-15 21:29:57,0.0152
2024-07-15 21:29:58,0.057808
2024-07-15 21:29:59,0.031856
2024-07-15 21:30:00,0.0334
2024-07-15 21:30:01,0.02196
2024-07-15 21:30:02,0.023112
2024-07-15 21:30:03,0.02844
2024-07-15 21:30:04,0.027968
2024-07-15 21:30:05,0.027936
2024-07-15 21:30:06,0.041256
2024-07-15 21:30:07,0.030312
2024-07-15 21:30:08,0.028616
2024-07-15 21:30:09,0.03112
2024-07-15 21:30:10,0.028472
2024-07-15 21:30:11,0.145736
2024-07-15 21:30:12,0.14688
2024-07-15 21:30:13,0.040608
2024-07-15 21:30:14,0.045632
2024-07-15 21:30:15,0.06828
2024-07-15 21:30:16,0.061752
2024-07-15 21:30:17,0.0888
2024-07-15 21:30:18,0.154592
2024-07-15 21:30:19,0.204864
2024-07-15 21:30:20,0.227424
2024-07-15 21:30:21,0.351616
2024-07-15 21:30:22,0.4522
2024-07-15 21:30:23,0.393432
2024-07-15 21:30:24,0.461248
2024-07-15 21:30:25,0.458392
2024-07-15 21:30:26,0.377752
2024-07-15 21:30:27,0.394216
2024-07-15 21:30:28,0.30756
2024-07-15 21:30:29,0.336208
2024-07-15 21:30:30,0.38872
2024-07-15 21:30:31,0.31788
2024-07-15 21:30:32,0.315152
2024-07-15 21:30:33,0.4588
2024-07-15 21:30:34,0.270448
2024-07-15 21:30:35,0.235632
2024-07-15 21:30:36,0.234056
2024-07-15 21:30:37,0.248112
2024-07-15 21:30:38,0.147336
2024-07-15 21:30:39,0.176744
2024-07-15 21:30:40,0.221968
2024-07-15 21:30:41,0.169992
2024-07-15 21:30:42,0.114032
2024-07-15 21:30:43,0.034944
2024-07-15 21:30:44,0.042248
2024-07-15 21:30:45,0.054368
2024-07-15 21:30:46,0.3166
2024-07-15 21:30:47,0.03488
2024-07-15 21:30:48,0.082928
2024-07-15 21:30:49,0.054664
2024-07-15 21:30:50,0.04512
2024-07-15 21:30:51,0.035344
2024-07-15 21:30:52,0.019528
2024-07-15 21:30:53,0.0276
2024-07-15 21:30:54,0.028688
2024-07-15 21:30:55,0.03348
2024-07-15 21:30:56,0.0308
2024-07-15 21:30:57,0.041368
2024-07-15 21:30:58,0.035344
2024-07-15 21:30:59,0.035736
2024-07-15 21:31:00,0.041168
2024-07-15 21:31:01,0.056664
2024-07-15 21:31:02,0.067504
2024-07-15 21:31:03,0.061176
2024-07-15 21:31:04,0.051
2024-07-15 21:31:05,0.05972
2024-07-15 21:31:06,0.062944
2024-07-15 21:31:07,0.06888
2024-07-15 21:31:08,0.064416
2024-07-15 21:31:09,0.064384
2024-07-15 21:31:10,0.075328
2024-07-15 21:31:11,0.061776
2024-07-15 21:31:12,0.049976
2024-07-15 21:31:13,0.050152
2024-07-15 21:31:14,0.045496
2024-07-15 21:31:15,0.091936
2024-07-15 21:31:16,0.036968
2024-07-15 21:31:17,0.117584
2024-07-15 21:31:18,0.102288
2024-07-15 21:31:19,0.049536
2024-07-15 21:31:20,0.06692
2024-07-15 21:31:21,0.054168
2024-07-15 21:31:22,0.042704
2024-07-15 21:31:23,0.05804
2024-07-15 21:31:24,0.03328
2024-07-15 21:31:25,0.059864
2024-07-15 21:31:26,0.043064
2024-07-15 21:31:27,0.04688
2024-07-15 21:31:28,0.073576
2024-07-15 21:31:29,0.042232
2024-07-15 21:31:30,0.038712
2024-07-15 21:31:31,0.0674
2024-07-15 21:31:32,0.0552
2024-07-15 21:31:33,0.05264
2024-07-15 21:31:34,0.046584
2024-07-15 21:31:35,0.055208
2024-07-15 21:31:36,0.056672
2024-07-15 21:31:37,0.031584
2024-07-15 21:31:38,0.0196
2024-07-15 21:31:39,0.017416
2024-07-15 21:31:40,0.03288
2024-07-15 21:31:41,0.043664
2024-07-15 21:31:42,0.085624
2024-07-15 21:31:43,0.040704
2024-07-15 21:31:44,0.05664
2024-07-15 21:31:45,0.039976
2024-07-15 21:31:46,0.042248
2024-07-15 21:31:47,0.144392
2024-07-15 21:31:48,0.165008
2024-07-15 21:31:49,0.05232
2024-07-15 21:31:50,0.04756
2024-07-15 21:31:51,0.062208
2024-07-15 21:31:52,0.052464
2024-07-15 21:31:53,0.130352
2024-07-15 21:31:54,0.243088
2024-07-15 21:31:55,0.35556
2024-07-15 21:31:56,0.356792
2024-07-15 21:31:57,0.405424
2024-07-15 21:31:58,0.555936
2024-07-15 21:31:59,0.48184
2024-07-15 21:32:00,0.577856
2024-07-15 21:32:01,0.513704
2024-07-15 21:32:02,0.542656
2024-07-15 21:32:03,0.453744
2024-07-15 21:32:04,0.399712
2024-07-15 21:32:05,0.420424
2024-07-15 21:32:06,0.388584
2024-07-15 21:32:07,0.521712
2024-07-15 21:32:08,0.357104
2024-07-15 21:32:09,0.270928
2024-07-15 21:32:10,0.308728
2024-07-15 21:32:11,0.323296
2024-07-15 21:32:12,0.362552
2024-07-15 21:32:13,0.242672
2024-07-15 21:32:14,0.23948
2024-07-15 21:32:15,0.226624
2024-07-15 21:32:16,0.217792
2024-07-15 21:32:17,0.158976
2024-07-15 21:32:18,0.178896
2024-07-15 21:32:19,0.173064
2024-07-15 21:32:20,0.155288
2024-07-15 21:32:21,0.154832
2024-07-15 21:32:22,0.040216
2024-07-15 21:32:23,0.056136
2024-07-15 21:32:24,0.109064
2024-07-15 21:32:25,0.216832
2024-07-15 21:32:26,0.037216
2024-07-15 21:32:27,0.184768
2024-07-15 21:32:28,0.067776
2024-07-15 21:32:29,0.032832
2024-07-15 21:32:30,0.074016
2024-07-15 21:32:31,0.03456
2024-07-15 21:32:32,0.075968
2024-07-15 21:32:33,0.0356
2024-07-15 21:32:34,0.029128
2024-07-15 21:32:35,0.02292
2024-07-15 21:32:36,0.039496
2024-07-15 21:32:37,0.079432
2024-07-15 21:32:38,0.0342
2024-07-15 21:32:39,0.044456
2024-07-15 21:32:40,0.02952
2024-07-15 21:32:41,0.036136
2024-07-15 21:32:42,0.031912
2024-07-15 21:32:43,0.025944
2024-07-15 21:32:44,0.014344
2024-07-15 21:32:45,0.0404
2024-07-15 21:32:46,0.035656
2024-07-15 21:32:47,0.018936
2024-07-15 21:32:48,0.050696
2024-07-15 21:32:49,0.017792
2024-07-15 21:32:50,0.04952
2024-07-15 21:32:51,0.038712
2024-07-15 21:32:52,0.042424
2024-07-15 21:32:53,0.056936
2024-07-15 21:32:54,0.03752
2024-07-15 21:32:55,0.04252
2024-07-15 21:32:56,0.022352
2024-07-15 21:32:57,0.059968
2024-07-15 21:32:58,0.032704
2024-07-15 21:32:59,0.01532
2024-07-15 21:33:00,0.034696
2024-07-15 21:33:01,0.017888
2024-07-15 21:33:02,0.026104
2024-07-15 21:33:03,0.015592
2024-07-15 21:33:04,0.021104
2024-07-15 21:33:05,0.027416
2024-07-15 21:33:06,0.019528
2024-07-15 21:33:07,0.0188
2024-07-15 21:33:08,0.011784
2024-07-15 21:33:09,0.020144
2024-07-15 21:33:10,0.025144
2024-07-15 21:33:11,0.081728
2024-07-15 21:33:12,0.163848
2024-07-15 21:33:13,0.090416
2024-07-15 21:33:14,0.052312
2024-07-15 21:33:15,0.061512
2024-07-15 21:33:16,0.048384
2024-07-15 21:33:17,0.065152
2024-07-15 21:33:18,0.150632
2024-07-15 21:33:19,0.20424
2024-07-15 21:33:20,0.278216
2024-07-15 21:33:21,0.312688
2024-07-15 21:33:22,0.37228
2024-07-15 21:33:23,0.407624
2024-07-15 21:33:24,0.412424
2024-07-15 21:33:25,0.436264
2024-07-15 21:33:26,0.397128
2024-07-15 21:33:27,0.435152
2024-07-15 21:33:28,0.396264
2024-07-15 21:33:29,0.367072
2024-07-15 21:33:30,0.376448
2024-07-15 21:33:31,0.425944
2024-07-15 21:33:32,0.37792
2024-07-15 21:33:33,0.415192
2024-07-15 21:33:34,0.398016
2024-07-15 21:33:35,0.305928
2024-07-15 21:33:36,0.236968
2024-07-15 21:33:37,0.223848
2024-07-15 21:33:38,0.286184
2024-07-15 21:33:39,0.374864
2024-07-15 21:33:40,0.158728
2024-07-15 21:33:41,0.147192
2024-07-15 21:33:42,0.099256
2024-07-15 21:33:43,0.080864
2024-07-15 21:33:44,0.042144
2024-07-15 21:33:45,0.046832
2024-07-15 21:33:46,0.014632
2024-07-15 21:33:47,0.090464
2024-07-15 21:33:48,0.185048
2024-07-15 21:33:49,0.0356
2024-07-15 21:33:50,0.157776
2024-07-15 21:33:51,0.033072
2024-07-15 21:33:52,0.046024
2024-07-15 21:33:53,0.020504
2024-07-15 21:33:54,0.016328
2024-07-15 21:33:55,0.029144
2024-07-15 21:33:56,0.022288
2024-07-15 21:33:57,0.026296
2024-07-15 21:33:58,0.019264
2024-07-15 21:33:59,0.021944
2024-07-15 21:34:00,0.03372
2024-07-15 21:34:01,0.03484
2024-07-15 21:34:02,0.02788
2024-07-15 21:34:03,0.019424
2024-07-15 21:34:04,0.026552
2024-07-15 21:34:05,0.016864
2024-07-15 21:34:06,0.042544
2024-07-15 21:34:07,0.029352
2024-07-15 21:34:08,0.027512
2024-07-15 21:34:09,0.013456
2024-07-15 21:34:10,0.035168
2024-07-15 21:34:11,0.02272
2024-07-15 21:34:12,0.012184
2024-07-15 21:34:13,0.110952
2024-07-15 21:34:14,0.070896
2024-07-15 21:34:15,0.129504
2024-07-15 21:34:16,0.151504
2024-07-15 21:34:17,0.19684
2024-07-15 21:34:18,0.214384
2024-07-15 21:34:19,0.193128
2024-07-15 21:34:20,0.163952
2024-07-15 21:34:21,0.216696
2024-07-15 21:34:22,0.15772
2024-07-15 21:34:23,0.097584
2024-07-15 21:34:24,0.181192
2024-07-15 21:34:25,0.113264
2024-07-15 21:34:26,0.055384
2024-07-15 21:34:27,0.1136
2024-07-15 21:34:28,0.054624
2024-07-15 21:34:29,0.019904
2024-07-15 21:34:30,0.015208
2024-07-15 21:34:31,0.023296
2024-07-15 21:34:32,0.019928
2024-07-15 21:34:33,0.023976
2024-07-15 21:34:34,0.035536
2024-07-15 21:34:35,0.033448
2024-07-15 21:34:36,0.021248
2024-07-15 21:34:37,0.028224
2024-07-15 21:34:38,0.018648
2024-07-15 21:34:39,0.013064
2024-07-15 21:34:40,0.021152
2024-07-15 21:34:41,0.019456
2024-07-15 21:34:42,0.02348
2024-07-15 21:34:43,0.03328
2024-07-15 21:34:44,0.0264
2024-07-15 21:34:45,0.028824
2024-07-15 21:34:46,0.031128
2024-07-15 21:34:47,0.035224
2024-07-15 21:34:48,0.050408
2024-07-15 21:34:49,0.04568
2024-07-15 21:34:50,0.059232
2024-07-15 21:34:51,0.054544
2024-07-15 21:34:52,0.03472
2024-07-15 21:34:53,0.02872
2024-07-15 21:34:54,0.023
2024-07-15 21:34:55,0.035824
2024-07-15 21:34:56,0.158256
2024-07-15 21:34:57,0.091424
2024-07-15 21:34:58,0.032888
2024-07-15 21:34:59,0.03852
2024-07-15 21:35:00,0.043456
2024-07-15 21:35:01,0.025368
2024-07-15 21:35:02,0.172296
2024-07-15 21:35:03,0.25436
2024-07-15 21:35:04,0.250672
2024-07-15 21:35:05,0.349152
2024-07-15 21:35:06,0.437848
2024-07-15 21:35:07,0.43528
2024-07-15 21:35:08,0.43952
2024-07-15 21:35:09,0.468064
2024-07-15 21:35:10,0.579072
2024-07-15 21:35:11,0.516496
2024-07-15 21:35:12,0.343216
2024-07-15 21:35:13,0.448496
2024-07-15 21:35:14,0.556224
2024-07-15 21:35:15,0.522024
2024-07-15 21:35:16,0.44016
2024-07-15 21:35:17,0.4158
2024-07-15 21:35:18,0.51824
2024-07-15 21:35:19,0.3478
2024-07-15 21:35:20,0.36888
2024-07-15 21:35:21,0.381784
2024-07-15 21:35:22,0.282848
2024-07-15 21:35:23,0.21856
2024-07-15 21:35:24,0.26464
2024-07-15 21:35:25,0.34012
2024-07-15 21:35:26,0.198016
2024-07-15 21:35:27,0.248096
2024-07-15 21:35:28,0.308816
2024-07-15 21:35:29,0.261296
2024-07-15 21:35:30,0.168224
2024-07-15 21:35:31,0.1928
2024-07-15 21:35:32,0.22624
2024-07-15 21:35:33,0.050944
2024-07-15 21:35:34,0.05552
2024-07-15 21:35:35,0.026128
2024-07-15 21:35:36,0.033304
2024-07-15 21:35:37,0.194568
2024-07-15 21:35:38,0.04672
2024-07-15 21:35:39,0.145752
2024-07-15 21:35:40,0.056768
2024-07-15 21:35:41,0.071488
2024-07-15 21:35:42,0.071544
2024-07-15 21:35:43,0.058016
2024-07-15 21:35:44,0.06948
2024-07-15 21:35:45,0.03492
2024-07-15 21:35:46,0.050912
2024-07-15 21:35:47,0.042328
2024-07-15 21:35:48,0.025624
2024-07-15 21:35:49,0.019536
2024-07-15 21:35:50,0.022968
2024-07-15 21:35:51,0.033904
2024-07-15 21:35:52,0.029608
2024-07-15 21:35:53,0.029792
2024-07-15 21:35:54,0.026304
2024-07-15 21:35:55,0.021496
2024-07-15 21:35:56,0.023056
2024-07-15 21:35:57,0.040344
2024-07-15 21:35:58,0.04152
2024-07-15 21:35:59,0.023064
2024-07-15 21:36:00,0.026264
2024-07-15 21:36:01,0.042024
2024-07-15 21:36:02,0.033272
2024-07-15 21:36:03,0.030608
2024-07-15 21:36:04,0.029552
2024-07-15 21:36:05,0.029568
2024-07-15 21:36:06,0.020264
2024-07-15 21:36:07,0.031256
2024-07-15 21:36:08,0.021792
2024-07-15 21:36:09,0.125232
2024-07-15 21:36:10,0.09772
2024-07-15 21:36:11,0.04364
2024-07-15 21:36:12,0.021616
2024-07-15 21:36:13,0.04752
2024-07-15 21:36:14,0.040968
2024-07-15 21:36:15,0.060536
2024-07-15 21:36:16,0.141776
2024-07-15 21:36:17,0.186808
2024-07-15 21:36:18,0.288728
2024-07-15 21:36:19,0.328104
2024-07-15 21:36:20,0.401296
2024-07-15 21:36:21,0.350392
2024-07-15 21:36:22,0.396784
2024-07-15 21:36:23,0.424952
2024-07-15 21:36:24,0.428928
2024-07-15 21:36:25,0.31608
2024-07-15 21:36:26,0.259672
2024-07-15 21:36:27,0.273864
2024-07-15 21:36:28,0.364744
2024-07-15 21:36:29,0.357312
2024-07-15 21:36:30,0.308904
2024-07-15 21:36:31,0.360824
2024-07-15 21:36:32,0.359168
2024-07-15 21:36:33,0.283296
2024-07-15 21:36:34,0.14616
2024-07-15 21:36:35,0.144744
2024-07-15 21:36:36,0.124248
2024-07-15 21:36:37,0.07676
2024-07-15 21:36:38,0.133504
2024-07-15 21:36:39,0.029352
2024-07-15 21:36:40,0.038464
2024-07-15 21:36:41,0.01796
