users,equal_avg,dynamic_avg,capacity
5,10.0,1.7708749771118164,8.854374885559082
10,5.0,0.8903177261352541,8.903177261352539
25,2.0,0.3625327682495117,9.063319206237793
50,1.0,0.17903980255126953,8.951990127563477
