concurrency,avg_ms
1,59.131269454956055
2,70.49496650695801
4,122.02520370483398
8,242.5995969772339
16,475.87897300720215
32,1018.4090805053711
