time,mbps
2024-09-02 11:15:13,0.210488
2024-09-02 11:15:14,0.00436
2024-09-02 11:15:15,0.03052
2024-09-02 11:15:16,0.016536
2024-09-02 11:15:17,0.0132
2024-09-02 11:15:18,0.017392
2024-09-02 11:15:19,0.334096
2024-09-02 11:15:20,0.08776
2024-09-02 11:15:21,0.042504
2024-09-02 11:15:22,0.028688
2024-09-02 11:15:23,0.023568
2024-09-02 11:15:24,0.028568
2024-09-02 11:15:25,0.038152
2024-09-02 11:15:26,0.035728
2024-09-02 11:15:27,0.026536
2024-09-02 11:15:28,0.030896
2024-09-02 11:15:29,0.027248
2024-09-02 11:15:30,0.029408
2024-09-02 11:15:31,0.031304
2024-09-02 11:15:32,0.034888
2024-09-02 11:15:33,0.030368
2024-09-02 11:15:34,0.031552
2024-09-02 11:15:35,0.025576
2024-09-02 11:15:36,0.0278
2024-09-02 11:15:37,0.017304
2024-09-02 11:15:38,0.02288
2024-09-02 11:15:39,0.020408
2024-09-02 11:15:40,0.02388
2024-09-02 11:15:41,0.019032
2024-09-02 11:15:42,0.02388
2024-09-02 11:15:43,0.020408
2024-09-02 11:15:44,0.02388
2024-09-02 11:15:45,0.02152
2024-09-02 11:15:46,0.02188
2024-09-02 11:15:47,0.02152
2024-09-02 11:15:48,0.02388
2024-09-02 11:15:49,0.02152
2024-09-02 11:15:50,0.022776
2024-09-02 11:15:51,0.020192
2024-09-02 11:15:52,0.021776
2024-09-02 11:15:53,0.019432
2024-09-02 11:15:54,0.023904
2024-09-02 11:15:55,0.020432
2024-09-02 11:15:56,0.022008
2024-09-02 11:15:57,0.017536
2024-09-02 11:15:58,0.021184
2024-09-02 11:15:59,0.022544
2024-09-02 11:16:00,0.024904
2024-09-02 11:16:01,0.017616
2024-09-02 11:16:02,0.01888
2024-09-02 11:16:03,0.016408
2024-09-02 11:16:04,0.020776
2024-09-02 11:16:05,0.017512
2024-09-02 11:16:06,0.01888
2024-09-02 11:16:07,0.017912
2024-09-02 11:16:08,0.019192
2024-09-02 11:16:09,0.019832
2024-09-02 11:16:10,0.023192
2024-09-02 11:16:11,0.018616
2024-09-02 11:16:12,0.021192
2024-09-02 11:16:13,0.017728
2024-09-02 11:16:14,0.022088
2024-09-02 11:16:15,0.019936
2024-09-02 11:16:16,0.023088
2024-09-02 11:16:17,0.02072
2024-09-02 11:16:18,0.022192
2024-09-02 11:16:19,0.01772
2024-09-02 11:16:20,0.024216
2024-09-02 11:16:21,0.020856
2024-09-02 11:16:22,0.024216
2024-09-02 11:16:23,0.021856
2024-09-02 11:16:24,0.024216
2024-09-02 11:16:25,0.020752
2024-09-02 11:16:26,0.024104
2024-09-02 11:16:27,0.021856
2024-09-02 11:16:28,0.02352
2024-09-02 11:16:29,0.020856
2024-09-02 11:16:30,0.025216
2024-09-02 11:16:31,0.019744
2024-09-02 11:16:32,0.024208
2024-09-02 11:16:33,0.021848
2024-09-02 11:16:34,0.023192
2024-09-02 11:16:35,0.019736
2024-09-02 11:16:36,0.02012
2024-09-02 11:16:37,0.014808
2024-09-02 11:16:38,0.01988
2024-09-02 11:16:39,0.01952
2024-09-02 11:16:40,0.02388
2024-09-02 11:16:41,0.01964
2024-09-02 11:16:42,0.021056
2024-09-02 11:16:43,0.020624
2024-09-02 11:16:44,0.024984
2024-09-02 11:16:45,0.02172
2024-09-02 11:16:46,0.041208
2024-09-02 11:16:47,0.019832
2024-09-02 11:16:48,0.025192
2024-09-02 11:16:49,0.02124
2024-09-02 11:16:50,0.023088
2024-09-02 11:16:51,0.018832
2024-09-02 11:16:52,0.021192
2024-09-02 11:16:53,0.0326
2024-09-02 11:16:54,0.02088
2024-09-02 11:16:55,0.042048
2024-09-02 11:16:56,0.048976
2024-09-02 11:16:57,0.00532
2024-09-02 11:16:58,0.004576
2024-09-02 11:16:59,0.004096
2024-09-02 11:17:00,0.01776
2024-09-02 11:17:01,0.005712
2024-09-02 11:17:02,0.00776
2024-09-02 11:17:03,0.020216
2024-09-02 11:17:04,0.014616
2024-09-02 11:17:05,0.018096
2024-09-02 11:17:06,0.025024
2024-09-02 11:17:07,0.028824
2024-09-02 11:17:08,0.034816
2024-09-02 11:17:09,0.024272
2024-09-02 11:17:10,0.017752
2024-09-02 11:17:11,0.004304
2024-09-02 11:17:12,0.004632
2024-09-02 11:17:13,0.003192
2024-09-02 11:17:14,0.008672
2024-09-02 11:17:15,0.018152
2024-09-02 11:17:16,0.018712
2024-09-02 11:17:17,0.006232
2024-09-02 11:17:18,0.021616
2024-09-02 11:17:19,0.014728
2024-09-02 11:17:20,0.013096
2024-09-02 11:17:21,0.006768
2024-09-02 11:17:22,0.018216
2024-09-02 11:17:23,0.019512
2024-09-02 11:17:24,0.029968
2024-09-02 11:17:25,0.019216
2024-09-02 11:17:26,0.02572
2024-09-02 11:17:27,0.02344
2024-09-02 11:17:28,0.013824
2024-09-02 11:17:29,0.01632
2024-09-02 11:17:30,0.005336
2024-09-02 11:17:31,0.005608
2024-09-02 11:17:32,0.028688
2024-09-02 11:17:33,0.025072
2024-09-02 11:17:34,0.12356
2024-09-02 11:17:35,0.03756
2024-09-02 11:17:36,0.068768
2024-09-02 11:17:37,0.023152
2024-09-02 11:17:38,0.010496
2024-09-02 11:17:39,0.01552
2024-09-02 11:17:40,0.0866
2024-09-02 11:17:41,0.012912
2024-09-02 11:17:42,0.004536
2024-09-02 11:17:43,0.040392
2024-09-02 11:17:44,0.052424
2024-09-02 11:17:45,0.042584
2024-09-02 11:17:46,0.049048
2024-09-02 11:17:47,0.049392
2024-09-02 11:17:48,0.051784
2024-09-02 11:17:49,0.073768
2024-09-02 11:17:50,0.078
2024-09-02 11:17:51,0.07964
2024-09-02 11:17:52,0.13628
2024-09-02 11:17:53,0.098584
2024-09-02 11:17:54,0.12044
2024-09-02 11:17:55,0.094592
2024-09-02 11:17:56,0.075824
2024-09-02 11:17:57,0.074312
2024-09-02 11:17:58,0.178832
2024-09-02 11:17:59,0.031944
2024-09-02 11:18:00,0.043536
2024-09-02 11:18:01,0.020904
2024-09-02 11:18:02,0.024672
2024-09-02 11:18:03,0.02868
2024-09-02 11:18:04,0.062792
2024-09-02 11:18:05,0.03848
2024-09-02 11:18:06,0.053176
2024-09-02 11:18:07,0.032584
2024-09-02 11:18:08,0.018032
2024-09-02 11:18:09,0.04636
2024-09-02 11:18:10,0.030424
2024-09-02 11:18:11,0.04232
2024-09-02 11:18:12,0.05016
2024-09-02 11:18:13,0.137544
2024-09-02 11:18:14,0.01012
2024-09-02 11:18:15,0.053032
2024-09-02 11:18:16,0.039256
2024-09-02 11:18:17,0.071728
2024-09-02 11:18:18,0.07108
2024-09-02 11:18:19,0.080632
2024-09-02 11:18:20,0.089256
2024-09-02 11:18:21,0.088464
2024-09-02 11:18:22,0.144336
2024-09-02 11:18:23,0.155984
2024-09-02 11:18:24,0.150336
2024-09-02 11:18:25,0.115736
2024-09-02 11:18:26,0.070608
2024-09-02 11:18:27,0.081928
2024-09-02 11:18:28,0.070048
2024-09-02 11:18:29,0.046248
2024-09-02 11:18:30,0.107384
2024-09-02 11:18:31,0.202272
2024-09-02 11:18:32,0.080848
2024-09-02 11:18:33,0.076912
2024-09-02 11:18:34,0.028432
2024-09-02 11:18:35,0.062128
2024-09-02 11:18:36,0.040008
2024-09-02 11:18:37,0.022856
2024-09-02 11:18:38,0.017336
2024-09-02 11:18:39,0.02828
2024-09-02 11:18:40,0.021608
2024-09-02 11:18:41,0.01752
2024-09-02 11:18:42,0.002216
2024-09-02 11:18:43,0.006368
2024-09-02 11:18:44,0.018952
2024-09-02 11:18:45,0.031704
2024-09-02 11:18:46,0.040296
2024-09-02 11:18:47,0.030056
2024-09-02 11:18:48,0.028048
2024-09-02 11:18:49,0.023344
2024-09-02 11:18:50,0.020832
2024-09-02 11:18:51,0.147288
2024-09-02 11:18:52,0.030992
2024-09-02 11:18:53,0.034632
2024-09-02 11:18:54,0.100528
2024-09-02 11:18:55,0.097232
2024-09-02 11:18:56,0.101072
2024-09-02 11:18:57,0.132432
2024-09-02 11:18:58,0.128264
2024-09-02 11:18:59,0.145792
2024-09-02 11:19:00,0.188536
2024-09-02 11:19:01,0.165792
2024-09-02 11:19:02,0.152624
2024-09-02 11:19:03,0.133272
2024-09-02 11:19:04,0.091272
2024-09-02 11:19:05,0.082104
2024-09-02 11:19:06,0.04604
2024-09-02 11:19:07,0.134392
2024-09-02 11:19:08,0.08076
2024-09-02 11:19:09,0.070624
2024-09-02 11:19:10,0.036568
2024-09-02 11:19:11,0.015448
2024-09-02 11:19:12,0.01084
2024-09-02 11:19:13,0.016264
2024-09-02 11:19:14,0.031984
2024-09-02 11:19:15,0.027768
2024-09-02 11:19:16,0.06424
2024-09-02 11:19:17,0.058896
2024-09-02 11:19:18,0.060896
2024-09-02 11:19:19,0.059072
2024-09-02 11:19:20,0.064928
2024-09-02 11:19:21,0.050152
2024-09-02 11:19:22,0.054472
2024-09-02 11:19:23,0.051936
2024-09-02 11:19:24,0.067288
2024-09-02 11:19:25,0.040776
2024-09-02 11:19:26,0.072504
2024-09-02 11:19:27,0.028784
2024-09-02 11:19:28,0.043696
2024-09-02 11:19:29,0.050048
2024-09-02 11:19:30,0.03796
2024-09-02 11:19:31,0.041072
2024-09-02 11:19:32,0.045088
2024-09-02 11:19:33,0.027896
2024-09-02 11:19:34,0.022688
2024-09-02 11:19:35,0.04208
2024-09-02 11:19:36,0.019976
2024-09-02 11:19:37,0.049128
2024-09-02 11:19:38,0.02852
2024-09-02 11:19:39,0.082848
2024-09-02 11:19:40,0.054192
2024-09-02 11:19:41,0.051784
2024-09-02 11:19:42,0.02824
2024-09-02 11:19:43,0.028392
2024-09-02 11:19:44,0.030296
2024-09-02 11:19:45,0.018312
2024-09-02 11:19:46,0.03856
2024-09-02 11:19:47,0.022312
2024-09-02 11:19:48,0.029208
2024-09-02 11:19:49,0.02584
2024-09-02 11:19:50,0.021232
2024-09-02 11:19:51,0.02152
2024-09-02 11:19:52,0.019704
2024-09-02 11:19:53,0.0206
2024-09-02 11:19:54,0.025864
2024-09-02 11:19:55,0.014184
2024-09-02 11:19:56,0.023424
2024-09-02 11:19:57,0.014328
2024-09-02 11:19:58,0.054744
2024-09-02 11:19:59,0.078992
2024-09-02 11:20:00,0.119632
2024-09-02 11:20:01,0.02808
2024-09-02 11:20:02,0.033848
2024-09-02 11:20:03,0.038072
2024-09-02 11:20:04,0.023784
2024-09-02 11:20:05,0.074392
2024-09-02 11:20:06,0.108744
2024-09-02 11:20:07,0.090208
2024-09-02 11:20:08,0.090336
2024-09-02 11:20:09,0.136576
2024-09-02 11:20:10,0.128456
2024-09-02 11:20:11,0.164184
2024-09-02 11:20:12,0.189136
2024-09-02 11:20:13,0.16848
2024-09-02 11:20:14,0.107464
2024-09-02 11:20:15,0.122168
2024-09-02 11:20:16,0.090432
2024-09-02 11:20:17,0.087904
2024-09-02 11:20:18,0.103272
2024-09-02 11:20:19,0.106632
2024-09-02 11:20:20,0.117456
2024-09-02 11:20:21,0.113504
2024-09-02 11:20:22,0.075648
2024-09-02 11:20:23,0.046352
2024-09-02 11:20:24,0.046
2024-09-02 11:20:25,0.033912
2024-09-02 11:20:26,0.059736
2024-09-02 11:20:27,0.036472
2024-09-02 11:20:28,0.055048
2024-09-02 11:20:29,0.190208
2024-09-02 11:20:30,0.035944
2024-09-02 11:20:31,0.155672
2024-09-02 11:20:32,0.05928
2024-09-02 11:20:33,0.062328
2024-09-02 11:20:34,0.034016
2024-09-02 11:20:35,0.020264
2024-09-02 11:20:36,0.018832
2024-09-02 11:20:37,0.033616
2024-09-02 11:20:38,0.019112
2024-09-02 11:20:39,0.040328
2024-09-02 11:20:40,0.02028
2024-09-02 11:20:41,0.019072
2024-09-02 11:20:42,0.0336
2024-09-02 11:20:43,0.014776
2024-09-02 11:20:44,0.017968
2024-09-02 11:20:45,0.031992
2024-09-02 11:20:46,0.02048
2024-09-02 11:20:47,0.022784
2024-09-02 11:20:48,0.023008
2024-09-02 11:20:49,0.041976
2024-09-02 11:20:50,0.022824
2024-09-02 11:20:51,0.013512
2024-09-02 11:20:52,0.029432
2024-09-02 11:20:53,0.021568
2024-09-02 11:20:54,0.013088
2024-09-02 11:20:55,0.019656
2024-09-02 11:20:56,0.027856
2024-09-02 11:20:57,0.010712
2024-09-02 11:20:58,0.028824
2024-09-02 11:20:59,0.03216
2024-09-02 11:21:00,0.025984
2024-09-02 11:21:01,0.095328
2024-09-02 11:21:02,0.127632
2024-09-02 11:21:03,0.02564
2024-09-02 11:21:04,0.041304
2024-09-02 11:21:05,0.043704
2024-09-02 11:21:06,0.036344
2024-09-02 11:21:07,0.03088
2024-09-02 11:21:08,0.102176
2024-09-02 11:21:09,0.07696
2024-09-02 11:21:10,0.090736
2024-09-02 11:21:11,0.11836
2024-09-02 11:21:12,0.11008
2024-09-02 11:21:13,0.146376
2024-09-02 11:21:14,0.164336
2024-09-02 11:21:15,0.155872
2024-09-02 11:21:16,0.129736
2024-09-02 11:21:17,0.128872
2024-09-02 11:21:18,0.095168
2024-09-02 11:21:19,0.09368
2024-09-02 11:21:20,0.131632
2024-09-02 11:21:21,0.079784
2024-09-02 11:21:22,0.099672
2024-09-02 11:21:23,0.078728
2024-09-02 11:21:24,0.025608
2024-09-02 11:21:25,0.069392
2024-09-02 11:21:26,0.187568
2024-09-02 11:21:27,0.028584
2024-09-02 11:21:28,0.188488
2024-09-02 11:21:29,0.060312
2024-09-02 11:21:30,0.017424
2024-09-02 11:21:31,0.035488
2024-09-02 11:21:32,0.04368
2024-09-02 11:21:33,0.021064
2024-09-02 11:21:34,0.031304
2024-09-02 11:21:35,0.026792
2024-09-02 11:21:36,0.025
2024-09-02 11:21:37,0.021696
2024-09-02 11:21:38,0.034448
2024-09-02 11:21:39,0.02796
2024-09-02 11:21:40,0.049184
2024-09-02 11:21:41,0.033344
2024-09-02 11:21:42,0.02044
2024-09-02 11:21:43,0.03632
2024-09-02 11:21:44,0.016968
2024-09-02 11:21:45,0.033296
2024-09-02 11:21:46,0.023256
2024-09-02 11:21:47,0.022392
2024-09-02 11:21:48,0.014232
2024-09-02 11:21:49,0.037784
2024-09-02 11:21:50,0.02404
2024-09-02 11:21:51,0.019104
2024-09-02 11:21:52,0.019328
2024-09-02 11:21:53,0.021416
2024-09-02 11:21:54,0.020448
2024-09-02 11:21:55,0.016744
2024-09-02 11:21:56,0.030928
2024-09-02 11:21:57,0.010712
2024-09-02 11:21:58,0.113808
2024-09-02 11:21:59,0.108592
2024-09-02 11:22:00,0.028992
2024-09-02 11:22:01,0.0484
2024-09-02 11:22:02,0.046632
2024-09-02 11:22:03,0.020848
2024-09-02 11:22:04,0.078024
2024-09-02 11:22:05,0.088168
2024-09-02 11:22:06,0.10252
2024-09-02 11:22:07,0.142448
2024-09-02 11:22:08,0.115424
2024-09-02 11:22:09,0.143784
2024-09-02 11:22:10,0.213632
2024-09-02 11:22:11,0.182872
2024-09-02 11:22:12,0.182472
2024-09-02 11:22:13,0.1886
2024-09-02 11:22:14,0.110984
2024-09-02 11:22:15,0.1396
2024-09-02 11:22:16,0.130368
2024-09-02 11:22:17,0.13084
2024-09-02 11:22:18,0.091664
2024-09-02 11:22:19,0.105792
2024-09-02 11:22:20,0.079008
2024-09-02 11:22:21,0.085272
2024-09-02 11:22:22,0.126312
2024-09-02 11:22:23,0.069416
2024-09-02 11:22:24,0.076032
2024-09-02 11:22:25,0.054912
2024-09-02 11:22:26,0.051352
2024-09-02 11:22:27,0.066824
2024-09-02 11:22:28,0.026576
2024-09-02 11:22:29,0.060928
2024-09-02 11:22:30,0.206624
2024-09-02 11:22:31,0.028912
2024-09-02 11:22:32,0.10552
2024-09-02 11:22:33,0.047072
2024-09-02 11:22:34,0.04152
2024-09-02 11:22:35,0.039064
2024-09-02 11:22:36,0.037936
2024-09-02 11:22:37,0.022592
2024-09-02 11:22:38,0.037976
2024-09-02 11:22:39,0.028032
2024-09-02 11:22:40,0.05296
2024-09-02 11:22:41,0.045144
2024-09-02 11:22:42,0.039568
2024-09-02 11:22:43,0.04504
2024-09-02 11:22:44,0.056912
2024-09-02 11:22:45,0.062128
2024-09-02 11:22:46,0.045256
2024-09-02 11:22:47,0.04684
2024-09-02 11:22:48,0.050504
2024-09-02 11:22:49,0.049192
2024-09-02 11:22:50,0.061928
2024-09-02 11:22:51,0.064504
2024-09-02 11:22:52,0.05796
2024-09-02 11:22:53,0.061848
2024-09-02 11:22:54,0.048752
2024-09-02 11:22:55,0.055192
2024-09-02 11:22:56,0.061792
2024-09-02 11:22:57,0.05208
2024-09-02 11:22:58,0.052768
2024-09-02 11:22:59,0.062208
2024-09-02 11:23:00,0.056112
2024-09-02 11:23:01,0.0566
2024-09-02 11:23:02,0.054848
2024-09-02 11:23:03,0.050224
2024-09-02 11:23:04,0.053096
2024-09-02 11:23:05,0.09472
2024-09-02 11:23:06,0.03572
2024-09-02 11:23:07,0.118512
2024-09-02 11:23:08,0.122016
2024-09-02 11:23:09,0.08176
2024-09-02 11:23:10,0.10332
2024-09-02 11:23:11,0.100288
2024-09-02 11:23:12,0.0778
2024-09-02 11:23:13,0.058568
2024-09-02 11:23:14,0.05424
2024-09-02 11:23:15,0.046472
2024-09-02 11:23:16,0.03164
2024-09-02 11:23:17,0.042
2024-09-02 11:23:18,0.048784
2024-09-02 11:23:19,0.036384
2024-09-02 11:23:20,0.036528
2024-09-02 11:23:21,0.022824
2024-09-02 11:23:22,0.03176
2024-09-02 11:23:23,0.03248
2024-09-02 11:23:24,0.027952
2024-09-02 11:23:25,0.022352
2024-09-02 11:23:26,0.015712
2024-09-02 11:23:27,0.034672
2024-09-02 11:23:28,0.018648
2024-09-02 11:23:29,0.03752
2024-09-02 11:23:30,0.0384
2024-09-02 11:23:31,0.052552
2024-09-02 11:23:32,0.04996
2024-09-02 11:23:33,0.037104
2024-09-02 11:23:34,0.031128
2024-09-02 11:23:35,0.021536
2024-09-02 11:23:36,0.029744
2024-09-02 11:23:37,0.105096
2024-09-02 11:23:38,0.166656
2024-09-02 11:23:39,0.030264
2024-09-02 11:23:40,0.051224
2024-09-02 11:23:41,0.04908
2024-09-02 11:23:42,0.039168
2024-09-02 11:23:43,0.063344
2024-09-02 11:23:44,0.12248
2024-09-02 11:23:45,0.099936
2024-09-02 11:23:46,0.110888
2024-09-02 11:23:47,0.171848
2024-09-02 11:23:48,0.154096
2024-09-02 11:23:49,0.174632
2024-09-02 11:23:50,0.212336
2024-09-02 11:23:51,0.203656
2024-09-02 11:23:52,0.15956
2024-09-02 11:23:53,0.195728
2024-09-02 11:23:54,0.16
2024-09-02 11:23:55,0.12848
2024-09-02 11:23:56,0.142912
2024-09-02 11:23:57,0.139248
2024-09-02 11:23:58,0.104624
2024-09-02 11:23:59,0.16112
2024-09-02 11:24:00,0.182976
2024-09-02 11:24:01,0.121128
2024-09-02 11:24:02,0.08988
2024-09-02 11:24:03,0.050224
2024-09-02 11:24:04,0.04884
2024-09-02 11:24:05,0.051048
2024-09-02 11:24:06,0.049688
2024-09-02 11:24:07,0.053384
2024-09-02 11:24:08,0.047832
2024-09-02 11:24:09,0.039576
2024-09-02 11:24:10,0.042472
2024-09-02 11:24:11,0.05152
2024-09-02 11:24:12,0.040376
2024-09-02 11:24:13,0.02608
2024-09-02 11:24:14,0.02448
2024-09-02 11:24:15,0.036504
2024-09-02 11:24:16,0.040368
2024-09-02 11:24:17,0.035704
2024-09-02 11:24:18,0.036176
2024-09-02 11:24:19,0.2148
2024-09-02 11:24:20,0.03568
2024-09-02 11:24:21,0.182456
2024-09-02 11:24:22,0.062976
2024-09-02 11:24:23,0.066216
2024-09-02 11:24:24,0.034256
2024-09-02 11:24:25,0.025256
2024-09-02 11:24:26,0.025656
2024-09-02 11:24:27,0.021848
2024-09-02 11:24:28,0.041816
2024-09-02 11:24:29,0.037712
2024-09-02 11:24:30,0.042248
2024-09-02 11:24:31,0.024664
2024-09-02 11:24:32,0.032912
2024-09-02 11:24:33,0.043664
2024-09-02 11:24:34,0.033472
2024-09-02 11:24:35,0.029096
2024-09-02 11:24:36,0.031152
2024-09-02 11:24:37,0.02788
2024-09-02 11:24:38,0.028024
2024-09-02 11:24:39,0.023832
2024-09-02 11:24:40,0.021032
2024-09-02 11:24:41,0.01724
2024-09-02 11:24:42,0.013088
2024-09-02 11:24:43,0.0152
2024-09-02 11:24:44,0.039472
2024-09-02 11:24:45,0.029568
2024-09-02 11:24:46,0.02264
2024-09-02 11:24:47,0.013088
2024-09-02 11:24:48,0.018288
2024-09-02 11:24:49,0.026616
2024-09-02 11:24:50,0.02184
2024-09-02 11:24:51,0.107584
2024-09-02 11:24:52,0.147608
2024-09-02 11:24:53,0.042672
2024-09-02 11:24:54,0.035872
2024-09-02 11:24:55,0.056112
2024-09-02 11:24:56,0.041888
2024-09-02 11:24:57,0.0498
2024-09-02 11:24:58,0.12416
2024-09-02 11:24:59,0.1124
2024-09-02 11:25:00,0.147648
2024-09-02 11:25:01,0.157776
2024-09-02 11:25:02,0.1552
2024-09-02 11:25:03,0.211432
2024-09-02 11:25:04,0.217688
2024-09-02 11:25:05,0.217552
2024-09-02 11:25:06,0.1468
2024-09-02 11:25:07,0.168704
2024-09-02 11:25:08,0.134608
2024-09-02 11:25:09,0.11364
2024-09-02 11:25:10,0.141344
2024-09-02 11:25:11,0.166208
2024-09-02 11:25:12,0.13428
2024-09-02 11:25:13,0.09032
2024-09-02 11:25:14,0.069
2024-09-02 11:25:15,0.067192
2024-09-02 11:25:16,0.085592
2024-09-02 11:25:17,0.054712
2024-09-02 11:25:18,0.044016
2024-09-02 11:25:19,0.03788
2024-09-02 11:25:20,0.038104
2024-09-02 11:25:21,0.055104
2024-09-02 11:25:22,0.0166
2024-09-02 11:25:23,0.037536
2024-09-02 11:25:24,0.051576
2024-09-02 11:25:25,0.223912
2024-09-02 11:25:26,0.040152
2024-09-02 11:25:27,0.313864
2024-09-02 11:25:28,0.07208
2024-09-02 11:25:29,0.06592
2024-09-02 11:25:30,0.030064
2024-09-02 11:25:31,0.061256
2024-09-02 11:25:32,0.039504
2024-09-02 11:25:33,0.027328
2024-09-02 11:25:34,0.033736
2024-09-02 11:25:35,0.040064
2024-09-02 11:25:36,0.02148
2024-09-02 11:25:37,0.035488
2024-09-02 11:25:38,0.034864
2024-09-02 11:25:39,0.02252
2024-09-02 11:25:40,0.031384
2024-09-02 11:25:41,0.027648
2024-09-02 11:25:42,0.032088
2024-09-02 11:25:43,0.014296
2024-09-02 11:25:44,0.01888
2024-09-02 11:25:45,0.037976
2024-09-02 11:25:46,0.03992
2024-09-02 11:25:47,0.129152
2024-09-02 11:25:48,0.033816
2024-09-02 11:25:49,0.02824
2024-09-02 11:25:50,0.104896
2024-09-02 11:25:51,0.160976
2024-09-02 11:25:52,0.104336
2024-09-02 11:25:53,0.131152
2024-09-02 11:25:54,0.201336
2024-09-02 11:25:55,0.175864
2024-09-02 11:25:56,0.248192
2024-09-02 11:25:57,0.325736
2024-09-02 11:25:58,0.203968
2024-09-02 11:25:59,0.209864
2024-09-02 11:26:00,0.251336
2024-09-02 11:26:01,0.198072
2024-09-02 11:26:02,0.170064
2024-09-02 11:26:03,0.206384
2024-09-02 11:26:04,0.180592
2024-09-02 11:26:05,0.200336
2024-09-02 11:26:06,0.15164
2024-09-02 11:26:07,0.13672
2024-09-02 11:26:08,0.143896
2024-09-02 11:26:09,0.156152
2024-09-02 11:26:10,0.140232
2024-09-02 11:26:11,0.092808
2024-09-02 11:26:12,0.100936
2024-09-02 11:26:13,0.114528
2024-09-02 11:26:14,0.099
2024-09-02 11:26:15,0.096544
2024-09-02 11:26:16,0.113648
2024-09-02 11:26:17,0.08368
2024-09-02 11:26:18,0.21924
2024-09-02 11:26:19,0.192328
2024-09-02 11:26:20,0.10908
2024-09-02 11:26:21,0.09844
2024-09-02 11:26:22,0.053072
2024-09-02 11:26:23,0.036216
2024-09-02 11:26:24,0.03108
2024-09-02 11:26:25,0.06736
2024-09-02 11:26:26,0.04388
2024-09-02 11:26:27,0.032352
2024-09-02 11:26:28,0.042232
2024-09-02 11:26:29,0.02896
2024-09-02 11:26:30,0.03864
2024-09-02 11:26:31,0.061088
2024-09-02 11:26:32,0.026688
2024-09-02 11:26:33,0.026728
2024-09-02 11:26:34,0.034528
2024-09-02 11:26:35,0.022904
2024-09-02 11:26:36,0.045256
2024-09-02 11:26:37,0.03592
2024-09-02 11:26:38,0.048776
2024-09-02 11:26:39,0.035696
2024-09-02 11:26:40,0.041632
2024-09-02 11:26:41,0.044392
2024-09-02 11:26:42,0.081656
2024-09-02 11:26:43,0.044464
2024-09-02 11:26:44,0.037008
2024-09-02 11:26:45,0.020128
2024-09-02 11:26:46,0.039232
2024-09-02 11:26:47,0.031208
2024-09-02 11:26:48,0.048424
2024-09-02 11:26:49,0.13564
2024-09-02 11:26:50,0.196424
2024-09-02 11:26:51,0.044728
2024-09-02 11:26:52,0.0454
2024-09-02 11:26:53,0.045912
2024-09-02 11:26:54,0.039656
2024-09-02 11:26:55,0.059408
2024-09-02 11:26:56,0.222976
2024-09-02 11:26:57,0.170696
2024-09-02 11:26:58,0.18996
2024-09-02 11:26:59,0.339312
2024-09-02 11:27:00,0.319808
2024-09-02 11:27:01,0.290912
2024-09-02 11:27:02,0.297792
2024-09-02 11:27:03,0.299296
2024-09-02 11:27:04,0.193944
2024-09-02 11:27:05,0.182992
2024-09-02 11:27:06,0.256712
2024-09-02 11:27:07,0.227736
2024-09-02 11:27:08,0.241856
2024-09-02 11:27:09,0.232288
2024-09-02 11:27:10,0.170784
2024-09-02 11:27:11,0.19928
2024-09-02 11:27:12,0.196832
2024-09-02 11:27:13,0.169896
2024-09-02 11:27:14,0.15604
2024-09-02 11:27:15,0.141592
2024-09-02 11:27:16,0.147008
2024-09-02 11:27:17,0.096512
2024-09-02 11:27:18,0.0812
2024-09-02 11:27:19,0.07544
2024-09-02 11:27:20,0.07152
2024-09-02 11:27:21,0.037304
2024-09-02 11:27:22,0.073456
2024-09-02 11:27:23,0.245776
2024-09-02 11:27:24,0.0372
2024-09-02 11:27:25,0.294664
2024-09-02 11:27:26,0.07616
2024-09-02 11:27:27,0.016232
2024-09-02 11:27:28,0.025832
2024-09-02 11:27:29,0.034504
2024-09-02 11:27:30,0.011768
2024-09-02 11:27:31,0.013088
2024-09-02 11:27:32,0.010712
2024-09-02 11:27:33,0.014176
2024-09-02 11:27:34,0.010712
2024-09-02 11:27:35,0.014656
2024-09-02 11:27:36,0.02952
2024-09-02 11:27:37,0.019336
2024-09-02 11:27:38,0.013872
2024-09-02 11:27:39,0.031552
2024-09-02 11:27:40,0.044224
2024-09-02 11:27:41,0.030344
2024-09-02 11:27:42,0.030616
2024-09-02 11:27:43,0.054608
2024-09-02 11:27:44,0.078192
2024-09-02 11:27:45,0.07108
2024-09-02 11:27:46,0.04236
2024-09-02 11:27:47,0.028816
2024-09-02 11:27:48,0.032368
2024-09-02 11:27:49,0.047376
2024-09-02 11:27:50,0.034744
2024-09-02 11:27:51,0.014768
2024-09-02 11:27:52,0.037536
2024-09-02 11:27:53,0.036912
2024-09-02 11:27:54,0.026368
2024-09-02 11:27:55,0.03148
2024-09-02 11:27:56,0.026896
2024-09-02 11:27:57,0.060304
2024-09-02 11:27:58,0.023704
2024-09-02 11:27:59,0.019704
2024-09-02 11:28:00,0.03744
2024-09-02 11:28:01,0.020816
2024-09-02 11:28:02,0.061632
2024-09-02 11:28:03,0.03736
2024-09-02 11:28:04,0.048
2024-09-02 11:28:05,0.014768
2024-09-02 11:28:06,0.046408
2024-09-02 11:28:07,0.023944
2024-09-02 11:28:08,0.013
2024-09-02 11:28:09,0.030048
2024-09-02 11:28:10,0.030512
2024-09-02 11:28:11,0.029816
2024-09-02 11:28:12,0.035328
2024-09-02 11:28:13,0.024048
2024-09-02 11:28:14,0.018032
2024-09-02 11:28:15,0.144576
2024-09-02 11:28:16,0.151712
2024-09-02 11:28:17,0.031784
2024-09-02 11:28:18,0.078384
2024-09-02 11:28:19,0.061288
2024-09-02 11:28:20,0.028696
2024-09-02 11:28:21,0.109312
2024-09-02 11:28:22,0.265728
2024-09-02 11:28:23,0.155968
2024-09-02 11:28:24,0.163928
2024-09-02 11:28:25,0.333616
2024-09-02 11:28:26,0.264656
2024-09-02 11:28:27,0.295176
2024-09-02 11:28:28,0.371664
2024-09-02 11:28:29,0.303888
2024-09-02 11:28:30,0.200552
2024-09-02 11:28:31,0.355736
2024-09-02 11:28:32,0.190176
2024-09-02 11:28:33,0.220944
2024-09-02 11:28:34,0.276752
2024-09-02 11:28:35,0.17636
2024-09-02 11:28:36,0.157936
2024-09-02 11:28:37,0.260296
2024-09-02 11:28:38,0.129504
2024-09-02 11:28:39,0.119792
2024-09-02 11:28:40,0.143824
2024-09-02 11:28:41,0.127704
2024-09-02 11:28:42,0.08132
2024-09-02 11:28:43,0.026512
2024-09-02 11:28:44,0.061864
2024-09-02 11:28:45,0.258656
2024-09-02 11:28:46,0.038064
2024-09-02 11:28:47,0.285568
2024-09-02 11:28:48,0.072
2024-09-02 11:28:49,0.040256
2024-09-02 11:28:50,0.031128
2024-09-02 11:28:51,0.028392
2024-09-02 11:28:52,0.020328
2024-09-02 11:28:53,0.033752
2024-09-02 11:28:54,0.034832
2024-09-02 11:28:55,0.013512
2024-09-02 11:28:56,0.03624
2024-09-02 11:28:57,0.012624
2024-09-02 11:28:58,0.022392
2024-09-02 11:28:59,0.039464
2024-09-02 11:29:00,0.015928
2024-09-02 11:29:01,0.013088
2024-09-02 11:29:02,0.017936
2024-09-02 11:29:03,0.014256
2024-09-02 11:29:04,0.018928
2024-09-02 11:29:05,0.025624
2024-09-02 11:29:06,0.020096
2024-09-02 11:29:07,0.042448
2024-09-02 11:29:08,0.01
2024-09-02 11:29:09,0.019384
2024-09-02 11:29:10,0.014792
2024-09-02 11:29:11,0.016696
2024-09-02 11:29:12,0.015144
2024-09-02 11:29:13,0.016344
2024-09-02 11:29:14,0.021616
2024-09-02 11:29:15,0.016976
2024-09-02 11:29:16,0.01716
2024-09-02 11:29:17,0.140128
2024-09-02 11:29:18,0.227192
2024-09-02 11:29:19,0.03228
2024-09-02 11:29:20,0.076672
2024-09-02 11:29:21,0.038104
2024-09-02 11:29:22,0.023432
2024-09-02 11:29:23,0.0972
2024-09-02 11:29:24,0.232536
2024-09-02 11:29:25,0.18852
2024-09-02 11:29:26,0.24788
2024-09-02 11:29:27,0.359032
2024-09-02 11:29:28,0.287976
2024-09-02 11:29:29,0.33968
2024-09-02 11:29:30,0.334328
2024-09-02 11:29:31,0.2878
2024-09-02 11:29:32,0.244264
2024-09-02 11:29:33,0.21296
2024-09-02 11:29:34,0.231112
2024-09-02 11:29:35,0.243656
2024-09-02 11:29:36,0.214856
2024-09-02 11:29:37,0.243032
2024-09-02 11:29:38,0.126472
2024-09-02 11:29:39,0.157688
2024-09-02 11:29:40,0.177208
2024-09-02 11:29:41,0.198144
2024-09-02 11:29:42,0.183792
2024-09-02 11:29:43,0.104824
2024-09-02 11:29:44,0.07596
2024-09-02 11:29:45,0.065968
2024-09-02 11:29:46,0.065776
2024-09-02 11:29:47,0.076928
2024-09-02 11:29:48,0.076768
2024-09-02 11:29:49,0.040384
2024-09-02 11:29:50,0.014264
2024-09-02 11:29:51,0.088768
2024-09-02 11:29:52,0.259704
2024-09-02 11:29:53,0.039448
2024-09-02 11:29:54,0.104408
2024-09-02 11:29:55,0.053832
2024-09-02 11:29:56,0.046296
2024-09-02 11:29:57,0.03236
2024-09-02 11:29:58,0.025016
2024-09-02 11:29:59,0.024968
2024-09-02 11:30:00,0.044424
2024-09-02 11:30:01,0.04052
2024-09-02 11:30:02,0.053608
2024-09-02 11:30:03,0.05608
2024-09-02 11:30:04,0.057448
2024-09-02 11:30:05,0.053408
2024-09-02 11:30:06,0.060248
2024-09-02 11:30:07,0.051584
2024-09-02 11:30:08,0.066272
2024-09-02 11:30:09,0.041808
2024-09-02 11:30:10,0.038928
2024-09-02 11:30:11,0.050656
2024-09-02 11:30:12,0.057112
2024-09-02 11:30:13,0.054136
2024-09-02 11:30:14,0.048248
2024-09-02 11:30:15,0.040056
2024-09-02 11:30:16,0.049128
2024-09-02 11:30:17,0.054496
2024-09-02 11:30:18,0.064216
2024-09-02 11:30:19,0.061024
2024-09-02 11:30:20,0.058336
2024-09-02 11:30:21,0.049872
2024-09-02 11:30:22,0.048632
2024-09-02 11:30:23,0.046072
2024-09-02 11:30:24,0.04868
2024-09-02 11:30:25,0.05116
2024-09-02 11:30:26,0.053368
2024-09-02 11:30:27,0.088344
2024-09-02 11:30:28,0.031392
2024-09-02 11:30:29,0.202056
2024-09-02 11:30:30,0.09036
2024-09-02 11:30:31,0.040448
2024-09-02 11:30:32,0.047592
2024-09-02 11:30:33,0.030384
2024-09-02 11:30:34,0.024328
2024-09-02 11:30:35,0.057952
2024-09-02 11:30:36,0.03708
2024-09-02 11:30:37,0.029336
2024-09-02 11:30:38,0.023008
2024-09-02 11:30:39,0.031616
2024-09-02 11:30:40,0.017864
2024-09-02 11:30:41,0.04084
2024-09-02 11:30:42,0.014072
2024-09-02 11:30:43,0.017336
2024-09-02 11:30:44,0.019032
2024-09-02 11:30:45,0.03084
2024-09-02 11:30:46,0.034664
2024-09-02 11:30:47,0.059848
2024-09-02 11:30:48,0.034512
2024-09-02 11:30:49,0.030208
2024-09-02 11:30:50,0.012112
2024-09-02 11:30:51,0.02864
2024-09-02 11:30:52,0.03888
2024-09-02 11:30:53,0.038512
2024-09-02 11:30:54,0.066472
2024-09-02 11:30:55,0.03288
2024-09-02 11:30:56,0.039768
2024-09-02 11:30:57,0.024432
2024-09-02 11:30:58,0.031736
2024-09-02 11:30:59,0.13948
2024-09-02 11:31:00,0.159104
2024-09-02 11:31:01,0.045944
2024-09-02 11:31:02,0.072304
2024-09-02 11:31:03,0.051152
2024-09-02 11:31:04,0.0294
2024-09-02 11:31:05,0.222776
2024-09-02 11:31:06,0.176816
2024-09-02 11:31:07,0.217096
2024-09-02 11:31:08,0.379288
2024-09-02 11:31:09,0.286864
2024-09-02 11:31:10,0.255752
2024-09-02 11:31:11,0.471384
2024-09-02 11:31:12,0.291048
2024-09-02 11:31:13,0.284168
2024-09-02 11:31:14,0.33216
2024-09-02 11:31:15,0.306032
2024-09-02 11:31:16,0.253808
2024-09-02 11:31:17,0.330464
2024-09-02 11:31:18,0.278072
2024-09-02 11:31:19,0.205152
2024-09-02 11:31:20,0.258816
2024-09-02 11:31:21,0.1904
2024-09-02 11:31:22,0.172336
2024-09-02 11:31:23,0.211128
2024-09-02 11:31:24,0.079464
2024-09-02 11:31:25,0.069064
2024-09-02 11:31:26,0.08156
2024-09-02 11:31:27,0.105984
2024-09-02 11:31:28,0.07836
2024-09-02 11:31:29,0.073968
2024-09-02 11:31:30,0.078472
2024-09-02 11:31:31,0.071512
2024-09-02 11:31:32,0.071712
2024-09-02 11:31:33,0.07236
2024-09-02 11:31:34,0.0636
2024-09-02 11:31:35,0.066104
2024-09-02 11:31:36,0.079328
2024-09-02 11:31:37,0.037672
2024-09-02 11:31:38,0.062144
2024-09-02 11:31:39,0.2886
2024-09-02 11:31:40,0.04056
2024-09-02 11:31:41,0.294072
2024-09-02 11:31:42,0.070576
2024-09-02 11:31:43,0.057856
2024-09-02 11:31:44,0.067536
2024-09-02 11:31:45,0.059024
2024-09-02 11:31:46,0.024416
2024-09-02 11:31:47,0.02588
2024-09-02 11:31:48,0.02992
2024-09-02 11:31:49,0.013304
2024-09-02 11:31:50,0.06236
2024-09-02 11:31:51,0.031536
2024-09-02 11:31:52,0.039312
2024-09-02 11:31:53,0.020016
2024-09-02 11:31:54,0.031528
2024-09-02 11:31:55,0.02816
2024-09-02 11:31:56,0.046768
2024-09-02 11:31:57,0.037632
2024-09-02 11:31:58,0.024064
2024-09-02 11:31:59,0.010712
2024-09-02 11:32:00,0.026992
2024-09-02 11:32:01,0.018424
2024-09-02 11:32:02,0.01548
2024-09-02 11:32:03,0.020464
2024-09-02 11:32:04,0.013816
2024-09-02 11:32:05,0.03136
2024-09-02 11:32:06,0.03024
2024-09-02 11:32:07,0.017184
2024-09-02 11:32:08,0.025552
2024-09-02 11:32:09,0.013088
2024-09-02 11:32:10,0.020776
2024-09-02 11:32:11,0.129976
2024-09-02 11:32:12,0.169608
2024-09-02 11:32:13,0.042968
2024-09-02 11:32:14,0.063888
2024-09-02 11:32:15,0.042632
2024-09-02 11:32:16,0.034552
2024-09-02 11:32:17,0.208776
2024-09-02 11:32:18,0.170344
2024-09-02 11:32:19,0.218056
2024-09-02 11:32:20,0.374448
2024-09-02 11:32:21,0.336016
2024-09-02 11:32:22,0.31524
2024-09-02 11:32:23,0.450888
2024-09-02 11:32:24,0.339032
2024-09-02 11:32:25,0.325056
2024-09-02 11:32:26,0.343496
2024-09-02 11:32:27,0.283128
2024-09-02 11:32:28,0.262872
2024-09-02 11:32:29,0.346904
2024-09-02 11:32:30,0.290616
2024-09-02 11:32:31,0.17768
2024-09-02 11:32:32,0.280352
2024-09-02 11:32:33,0.210168
2024-09-02 11:32:34,0.19732
2024-09-02 11:32:35,0.195528
2024-09-02 11:32:36,0.156704
2024-09-02 11:32:37,0.146832
2024-09-02 11:32:38,0.162184
2024-09-02 11:32:39,0.113416
2024-09-02 11:32:40,0.142744
2024-09-02 11:32:41,0.124456
2024-09-02 11:32:42,0.135816
2024-09-02 11:32:43,0.08696
2024-09-02 11:32:44,0.024192
2024-09-02 11:32:45,0.041008
2024-09-02 11:32:46,0.04476
2024-09-02 11:32:47,0.030704
2024-09-02 11:32:48,0.28512
2024-09-02 11:32:49,0.118072
2024-09-02 11:32:50,0.37208
2024-09-02 11:32:51,0.078272
2024-09-02 11:32:52,0.036592
2024-09-02 11:32:53,0.036064
2024-09-02 11:32:54,0.0278
2024-09-02 11:32:55,0.059344
2024-09-02 11:32:56,0.04576
2024-09-02 11:32:57,0.062224
2024-09-02 11:32:58,0.027032
2024-09-02 11:32:59,0.022432
2024-09-02 11:33:00,0.026416
2024-09-02 11:33:01,0.017776
2024-09-02 11:33:02,0.040728
2024-09-02 11:33:03,0.04204
2024-09-02 11:33:04,0.055744
2024-09-02 11:33:05,0.021504
2024-09-02 11:33:06,0.025008
2024-09-02 11:33:07,0.024008
2024-09-02 11:33:08,0.015504
2024-09-02 11:33:09,0.043024
2024-09-02 11:33:10,0.183504
2024-09-02 11:33:11,0.057008
2024-09-02 11:33:12,0.038512
2024-09-02 11:33:13,0.144744
2024-09-02 11:33:14,0.256008
2024-09-02 11:33:15,0.253424
2024-09-02 11:33:16,0.238888
2024-09-02 11:33:17,0.304888
2024-09-02 11:33:18,0.391224
2024-09-02 11:33:19,0.370688
2024-09-02 11:33:20,0.356464
2024-09-02 11:33:21,0.198648
2024-09-02 11:33:22,0.193376
2024-09-02 11:33:23,0.161504
2024-09-02 11:33:24,0.235648
2024-09-02 11:33:25,0.11004
2024-09-02 11:33:26,0.059472
2024-09-02 11:33:27,0.340872
2024-09-02 11:33:28,0.20736
2024-09-02 11:33:29,0.218448
2024-09-02 11:33:30,0.037576
2024-09-02 11:33:31,0.040016
2024-09-02 11:33:32,0.083352
2024-09-02 11:33:33,0.063896
2024-09-02 11:33:34,0.046824
2024-09-02 11:33:35,0.06508
2024-09-02 11:33:36,0.064528
2024-09-02 11:33:37,0.095696
2024-09-02 11:33:38,0.09044
2024-09-02 11:33:39,0.089768
2024-09-02 11:33:40,0.05444
2024-09-02 11:33:41,0.042184
2024-09-02 11:33:42,0.024328
2024-09-02 11:33:43,0.019768
2024-09-02 11:33:44,0.019104
2024-09-02 11:33:45,0.037464
2024-09-02 11:33:46,0.04
2024-09-02 11:33:47,0.029392
2024-09-02 11:33:48,0.033456
2024-09-02 11:33:49,0.013368
2024-09-02 11:33:50,0.026648
2024-09-02 11:33:51,0.063616
2024-09-02 11:33:52,0.066904
2024-09-02 11:33:53,0.051968
2024-09-02 11:33:54,0.023888
2024-09-02 11:33:55,0.040416
2024-09-02 11:33:56,0.045352
2024-09-02 11:33:57,0.037848
2024-09-02 11:33:58,0.157984
2024-09-02 11:33:59,0.206976
2024-09-02 11:34:00,0.039096
2024-09-02 11:34:01,0.08408
2024-09-02 11:34:02,0.04588
2024-09-02 11:34:03,0.038864
2024-09-02 11:34:04,0.1692
2024-09-02 11:34:05,0.271336
2024-09-02 11:34:06,0.24416
2024-09-02 11:34:07,0.305272
2024-09-02 11:34:08,0.416264
2024-09-02 11:34:09,0.435416
2024-09-02 11:34:10,0.370744
2024-09-02 11:34:11,0.348776
2024-09-02 11:34:12,0.391704
2024-09-02 11:34:13,0.321536
2024-09-02 11:34:14,0.312192
2024-09-02 11:34:15,0.319752
2024-09-02 11:34:16,0.300624
2024-09-02 11:34:17,0.240512
2024-09-02 11:34:18,0.274584
2024-09-02 11:34:19,0.219216
2024-09-02 11:34:20,0.19004
2024-09-02 11:34:21,0.22912
2024-09-02 11:34:22,0.215248
2024-09-02 11:34:23,0.15148
2024-09-02 11:34:24,0.139784
2024-09-02 11:34:25,0.172
2024-09-02 11:34:26,0.190616
2024-09-02 11:34:27,0.188368
2024-09-02 11:34:28,0.159056
2024-09-02 11:34:29,0.15736
2024-09-02 11:34:30,0.17072
2024-09-02 11:34:31,0.125776
2024-09-02 11:34:32,0.134352
2024-09-02 11:34:33,0.150888
2024-09-02 11:34:34,0.15596
2024-09-02 11:34:35,0.147664
2024-09-02 11:34:36,0.052896
2024-09-02 11:34:37,0.05196
2024-09-02 11:34:38,0.283072
2024-09-02 11:34:39,0.074416
2024-09-02 11:34:40,0.03396
2024-09-02 11:34:41,0.328936
2024-09-02 11:34:42,0.054688
2024-09-02 11:34:43,0.020192
2024-09-02 11:34:44,0.01268
2024-09-02 11:34:45,0.020808
2024-09-02 11:34:46,0.013
2024-09-02 11:34:47,0.074656
2024-09-02 11:34:48,0.056088
2024-09-02 11:34:49,0.03676
2024-09-02 11:34:50,0.050168
2024-09-02 11:34:51,0.05344
2024-09-02 11:34:52,0.020216
2024-09-02 11:34:53,0.045312
2024-09-02 11:34:54,0.02704
2024-09-02 11:34:55,0.041528
2024-09-02 11:34:56,0.030472
2024-09-02 11:34:57,0.013832
2024-09-02 11:34:58,0.045696
2024-09-02 11:34:59,0.026568
2024-09-02 11:35:00,0.049248
2024-09-02 11:35:01,0.034424
2024-09-02 11:35:02,0.03724
2024-09-02 11:35:03,0.055016
2024-09-02 11:35:04,0.036472
2024-09-02 11:35:05,0.07012
2024-09-02 11:35:06,0.044832
2024-09-02 11:35:07,0.043
2024-09-02 11:35:08,0.0286
2024-09-02 11:35:09,0.045544
2024-09-02 11:35:10,0.043288
2024-09-02 11:35:11,0.028168
2024-09-02 11:35:12,0.025248
2024-09-02 11:35:13,0.05824
2024-09-02 11:35:14,0.041992
2024-09-02 11:35:15,0.02348
2024-09-02 11:35:16,0.026672
2024-09-02 11:35:17,0.016088
2024-09-02 11:35:18,0.019392
2024-09-02 11:35:19,0.031232
2024-09-02 11:35:20,0.035432
2024-09-02 11:35:21,0.030784
2024-09-02 11:35:22,0.014472
2024-09-02 11:35:23,0.0196
2024-09-02 11:35:24,0.019488
2024-09-02 11:35:25,0.032688
2024-09-02 11:35:26,0.026112
2024-09-02 11:35:27,0.024024
2024-09-02 11:35:28,0.015272
2024-09-02 11:35:29,0.014264
2024-09-02 11:35:30,0.033544
2024-09-02 11:35:31,0.151872
2024-09-02 11:35:32,0.202432
2024-09-02 11:35:33,0.017216
2024-09-02 11:35:34,0.07972
2024-09-02 11:35:35,0.064672
2024-09-02 11:35:36,0.032008
2024-09-02 11:35:37,0.226896
2024-09-02 11:35:38,0.35904
2024-09-02 11:35:39,0.289024
2024-09-02 11:35:40,0.282312
2024-09-02 11:35:41,0.441736
2024-09-02 11:35:42,0.388592
2024-09-02 11:35:43,0.3868
2024-09-02 11:35:44,0.474768
2024-09-02 11:35:45,0.387336
2024-09-02 11:35:46,0.289568
2024-09-02 11:35:47,0.34976
2024-09-02 11:35:48,0.315704
2024-09-02 11:35:49,0.273464
2024-09-02 11:35:50,0.375
2024-09-02 11:35:51,0.333808
2024-09-02 11:35:52,0.23668
2024-09-02 11:35:53,0.184064
2024-09-02 11:35:54,0.14228
2024-09-02 11:35:55,0.19584
2024-09-02 11:35:56,0.141528
2024-09-02 11:35:57,0.084632
2024-09-02 11:35:58,0.094792
2024-09-02 11:35:59,0.095888
2024-09-02 11:36:00,0.071832
2024-09-02 11:36:01,0.10048
2024-09-02 11:36:02,0.034976
2024-09-02 11:36:03,0.116808
2024-09-02 11:36:04,0.316552
2024-09-02 11:36:05,0.053568
2024-09-02 11:36:06,0.271088
2024-09-02 11:36:07,0.116672
2024-09-02 11:36:08,0.100256
2024-09-02 11:36:09,0.03884
2024-09-02 11:36:10,0.051736
2024-09-02 11:36:11,0.052944
2024-09-02 11:36:12,0.048768
2024-09-02 11:36:13,0.038104
2024-09-02 11:36:14,0.029296
2024-09-02 11:36:15,0.048704
2024-09-02 11:36:16,0.040632
2024-09-02 11:36:17,0.031648
2024-09-02 11:36:18,0.017888
2024-09-02 11:36:19,0.043256
2024-09-02 11:36:20,0.042504
2024-09-02 11:36:21,0.030488
2024-09-02 11:36:22,0.01764
2024-09-02 11:36:23,0.022744
2024-09-02 11:36:24,0.015072
2024-09-02 11:36:25,0.021464
2024-09-02 11:36:26,0.024312
2024-09-02 11:36:27,0.023824
2024-09-02 11:36:28,0.014824
2024-09-02 11:36:29,0.027304
2024-09-02 11:36:30,0.064304
2024-09-02 11:36:31,0.035952
2024-09-02 11:36:32,0.02612
2024-09-02 11:36:33,0.010712
2024-09-02 11:36:34,0.036112
2024-09-02 11:36:35,0.02332
2024-09-02 11:36:36,0.141464
2024-09-02 11:36:37,0.23708
2024-09-02 11:36:38,0.062912
2024-09-02 11:36:39,0.0696
2024-09-02 11:36:40,0.044176
2024-09-02 11:36:41,0.034328
2024-09-02 11:36:42,0.087112
2024-09-02 11:36:43,0.27044
2024-09-02 11:36:44,0.286056
2024-09-02 11:36:45,0.305912
2024-09-02 11:36:46,0.341072
2024-09-02 11:36:47,0.403984
2024-09-02 11:36:48,0.4086
2024-09-02 11:36:49,0.455728
2024-09-02 11:36:50,0.445312
2024-09-02 11:36:51,0.337424
2024-09-02 11:36:52,0.302712
2024-09-02 11:36:53,0.398016
2024-09-02 11:36:54,0.286064
2024-09-02 11:36:55,0.274184
2024-09-02 11:36:56,0.341904
2024-09-02 11:36:57,0.299368
2024-09-02 11:36:58,0.243512
2024-09-02 11:36:59,0.278808
2024-09-02 11:37:00,0.24888
2024-09-02 11:37:01,0.19392
2024-09-02 11:37:02,0.219296
2024-09-02 11:37:03,0.205184
2024-09-02 11:37:04,0.1638
2024-09-02 11:37:05,0.240104
2024-09-02 11:37:06,0.160944
2024-09-02 11:37:07,0.163832
2024-09-02 11:37:08,0.13728
2024-09-02 11:37:09,0.052792
2024-09-02 11:37:10,0.083864
2024-09-02 11:37:11,0.034552
2024-09-02 11:37:12,0.039928
2024-09-02 11:37:13,0.010784
2024-09-02 11:37:14,0.071104
2024-09-02 11:37:15,0.32052
2024-09-02 11:37:16,0.058904
2024-09-02 11:37:17,0.080368
2024-09-02 11:37:18,0.050256
2024-09-02 11:37:19,0.045768
2024-09-02 11:37:20,0.029544
2024-09-02 11:37:21,0.023032
2024-09-02 11:37:22,0.023736
2024-09-02 11:37:23,0.036184
2024-09-02 11:37:24,0.029472
2024-09-02 11:37:25,0.02412
2024-09-02 11:37:26,0.038016
2024-09-02 11:37:27,0.04684
2024-09-02 11:37:28,0.042944
2024-09-02 11:37:29,0.053968
2024-09-02 11:37:30,0.049464
2024-09-02 11:37:31,0.057736
2024-09-02 11:37:32,0.053944
2024-09-02 11:37:33,0.055288
2024-09-02 11:37:34,0.058536
2024-09-02 11:37:35,0.053928
2024-09-02 11:37:36,0.055416
2024-09-02 11:37:37,0.053592
2024-09-02 11:37:38,0.045584
2024-09-02 11:37:39,0.048712
2024-09-02 11:37:40,0.054816
2024-09-02 11:37:41,0.05472
2024-09-02 11:37:42,0.055064
2024-09-02 11:37:43,0.05392
2024-09-02 11:37:44,0.058448
2024-09-02 11:37:45,0.067672
2024-09-02 11:37:46,0.067624
2024-09-02 11:37:47,0.046752
2024-09-02 11:37:48,0.039448
2024-09-02 11:37:49,0.039704
2024-09-02 11:37:50,0.102344
2024-09-02 11:37:51,0.03288
2024-09-02 11:37:52,0.137576
2024-09-02 11:37:53,0.123
2024-09-02 11:37:54,0.084544
2024-09-02 11:37:55,0.02472
2024-09-02 11:37:56,0.043384
2024-09-02 11:37:57,0.023736
2024-09-02 11:37:58,0.0862
2024-09-02 11:37:59,0.126688
2024-09-02 11:38:00,0.105528
2024-09-02 11:38:01,0.047424
2024-09-02 11:38:02,0.05676
2024-09-02 11:38:03,0.05864
2024-09-02 11:38:04,0.065744
2024-09-02 11:38:05,0.123736
2024-09-02 11:38:06,0.076744
2024-09-02 11:38:07,0.043072
2024-09-02 11:38:08,0.051472
2024-09-02 11:38:09,0.042304
2024-09-02 11:38:10,0.080488
2024-09-02 11:38:11,0.05284
2024-09-02 11:38:12,0.05736
2024-09-02 11:38:13,0.0304
2024-09-02 11:38:14,0.029888
2024-09-02 11:38:15,0.02152
2024-09-02 11:38:16,0.022208
2024-09-02 11:38:17,0.028496
2024-09-02 11:38:18,0.032224
2024-09-02 11:38:19,0.026512
2024-09-02 11:38:20,0.026624
2024-09-02 11:38:21,0.0112
2024-09-02 11:38:22,0.14296
2024-09-02 11:38:23,0.22256
2024-09-02 11:38:24,0.066712
2024-09-02 11:38:25,0.056536
2024-09-02 11:38:26,0.062064
2024-09-02 11:38:27,0.035784
2024-09-02 11:38:28,0.113016
2024-09-02 11:38:29,0.217064
2024-09-02 11:38:30,0.330184
2024-09-02 11:38:31,0.271832
2024-09-02 11:38:32,0.29432
2024-09-02 11:38:33,0.44704
2024-09-02 11:38:34,0.45524
2024-09-02 11:38:35,0.484536
2024-09-02 11:38:36,0.487576
2024-09-02 11:38:37,0.328752
2024-09-02 11:38:38,0.339248
2024-09-02 11:38:39,0.365656
2024-09-02 11:38:40,0.319384
2024-09-02 11:38:41,0.4092
2024-09-02 11:38:42,0.3062
2024-09-02 11:38:43,0.294552
2024-09-02 11:38:44,0.300072
2024-09-02 11:38:45,0.349864
2024-09-02 11:38:46,0.256952
2024-09-02 11:38:47,0.1996
2024-09-02 11:38:48,0.191992
2024-09-02 11:38:49,0.139336
2024-09-02 11:38:50,0.2212
2024-09-02 11:38:51,0.087632
2024-09-02 11:38:52,0.087
2024-09-02 11:38:53,0.08048
2024-09-02 11:38:54,0.054688
2024-09-02 11:38:55,0.050024
2024-09-02 11:38:56,0.047792
2024-09-02 11:38:57,0.044616
2024-09-02 11:38:58,0.019848
2024-09-02 11:38:59,0.035752
2024-09-02 11:39:00,0.060208
2024-09-02 11:39:01,0.347512
2024-09-02 11:39:02,0.041848
2024-09-02 11:39:03,0.344152
2024-09-02 11:39:04,0.095448
2024-09-02 11:39:05,0.048864
2024-09-02 11:39:06,0.043176
2024-09-02 11:39:07,0.030272
2024-09-02 11:39:08,0.055688
2024-09-02 11:39:09,0.0284
2024-09-02 11:39:10,0.026336
2024-09-02 11:39:11,0.036688
2024-09-02 11:39:12,0.04728
2024-09-02 11:39:13,0.033912
2024-09-02 11:39:14,0.076568
2024-09-02 11:39:15,0.043208
2024-09-02 11:39:16,0.036888
2024-09-02 11:39:17,0.035184
2024-09-02 11:39:18,0.01804
2024-09-02 11:39:19,0.041232
2024-09-02 11:39:20,0.042776
2024-09-02 11:39:21,0.036184
2024-09-02 11:39:22,0.045504
2024-09-02 11:39:23,0.021576
2024-09-02 11:39:24,0.025016
2024-09-02 11:39:25,0.011496
2024-09-02 11:39:26,0.017136
2024-09-02 11:39:27,0.033472
2024-09-02 11:39:28,0.028384
2024-09-02 11:39:29,0.0258
2024-09-02 11:39:30,0.02548
2024-09-02 11:39:31,0.0184
2024-09-02 11:39:32,0.016952
2024-09-02 11:39:33,0.172608
2024-09-02 11:39:34,0.237248
2024-09-02 11:39:35,0.026336
2024-09-02 11:39:36,0.0926
2024-09-02 11:39:37,0.035608
2024-09-02 11:39:38,0.020992
2024-09-02 11:39:39,0.222696
2024-09-02 11:39:40,0.337544
2024-09-02 11:39:41,0.316688
2024-09-02 11:39:42,0.386144
2024-09-02 11:39:43,0.459136
2024-09-02 11:39:44,0.519864
2024-09-02 11:39:45,0.480336
2024-09-02 11:39:46,0.455552
2024-09-02 11:39:47,0.468416
2024-09-02 11:39:48,0.363304
2024-09-02 11:39:49,0.291696
2024-09-02 11:39:50,0.372968
2024-09-02 11:39:51,0.37908
2024-09-02 11:39:52,0.329128
2024-09-02 11:39:53,0.455624
2024-09-02 11:39:54,0.32064
2024-09-02 11:39:55,0.238432
2024-09-02 11:39:56,0.356896
2024-09-02 11:39:57,0.252384
2024-09-02 11:39:58,0.178728
2024-09-02 11:39:59,0.212152
2024-09-02 11:40:00,0.166192
2024-09-02 11:40:01,0.148328
2024-09-02 11:40:02,0.236568
2024-09-02 11:40:03,0.226752
2024-09-02 11:40:04,0.073312
2024-09-02 11:40:05,0.088752
2024-09-02 11:40:06,0.09344
2024-09-02 11:40:07,0.106808
2024-09-02 11:40:08,0.087464
2024-09-02 11:40:09,0.102072
2024-09-02 11:40:10,0.025072
2024-09-02 11:40:11,0.030376
2024-09-02 11:40:12,0.033496
2024-09-02 11:40:13,0.033712
2024-09-02 11:40:14,0.030928
2024-09-02 11:40:15,0.078
2024-09-02 11:40:16,0.248856
2024-09-02 11:40:17,0.1088
2024-09-02 11:40:18,0.046728
2024-09-02 11:52:21,0.21764
2024-09-02 11:52:22,0.005704
2024-09-02 11:52:23,0.025184
2024-09-02 11:52:24,0.019672
2024-09-02 11:52:25,0.024448
2024-09-02 11:52:26,0.315128
2024-09-02 11:52:27,0.053448
2024-09-02 11:52:28,0.06844
2024-09-02 11:52:29,0.025648
2024-09-02 11:52:30,0.040248
2024-09-02 11:52:31,0.033512
2024-09-02 11:52:32,0.05104
2024-09-02 11:52:33,0.027608
2024-09-02 11:52:34,0.028896
2024-09-02 11:52:35,0.043712
2024-09-02 11:52:36,0.054216
2024-09-02 11:52:37,0.053832
2024-09-02 11:52:38,0.016344
2024-09-02 11:52:39,0.014232
2024-09-02 11:52:40,0.029576
2024-09-02 11:52:41,0.035888
2024-09-02 11:52:42,0.044872
2024-09-02 11:52:43,0.02816
2024-09-02 11:52:44,0.02404
2024-09-02 11:52:45,0.007496
2024-09-02 11:52:46,0.036872
2024-09-02 11:52:47,0.021904
2024-09-02 11:52:48,0.03064
2024-09-02 11:52:49,0.009496
2024-09-02 11:52:50,0.009128
2024-09-02 11:52:51,0.011936
2024-09-02 11:52:52,0.012016
2024-09-02 11:52:53,0.002216
2024-09-02 11:52:54,0.006664
2024-09-02 11:52:55,0.003192
2024-09-02 11:52:56,0.010888
2024-09-02 11:52:57,0.00276
2024-09-02 11:52:58,0.004576
2024-09-02 11:52:59,0.00276
2024-09-02 11:53:00,0.00788
2024-09-02 11:53:01,0.01728
2024-09-02 11:53:02,0.030976
2024-09-02 11:53:03,0.033008
2024-09-02 11:53:04,0.041264
2024-09-02 11:53:05,0.03144
2024-09-02 11:53:06,0.034832
2024-09-02 11:53:07,0.036616
2024-09-02 11:53:08,0.038432
2024-09-02 11:53:09,0.039424
2024-09-02 11:53:10,0.025504
2024-09-02 11:53:11,0.002704
2024-09-02 11:53:12,0.020936
2024-09-02 11:53:13,0.014848
2024-09-02 11:53:14,0.09372
2024-09-02 11:53:15,0.072632
2024-09-02 11:53:16,0.054992
2024-09-02 11:53:17,0.040688
2024-09-02 11:53:18,0.008504
2024-09-02 11:53:19,0.01088
2024-09-02 11:53:20,0.0252
2024-09-02 11:53:21,0.081312
2024-09-02 11:53:22,0.030104
2024-09-02 11:53:23,0.017176
2024-09-02 11:53:24,0.052112
2024-09-02 11:53:25,0.063048
2024-09-02 11:53:26,0.06596
2024-09-02 11:53:27,0.056664
2024-09-02 11:53:28,0.055728
2024-09-02 11:53:29,0.068808
2024-09-02 11:53:30,0.0968
2024-09-02 11:53:31,0.079208
2024-09-02 11:53:32,0.082416
2024-09-02 11:53:33,0.069976
2024-09-02 11:53:34,0.084528
2024-09-02 11:53:35,0.122856
2024-09-02 11:53:36,0.093384
2024-09-02 11:53:37,0.081544
2024-09-02 11:53:38,0.046864
2024-09-02 11:53:39,0.043512
2024-09-02 11:53:40,0.057192
2024-09-02 11:53:41,0.04052
2024-09-02 11:53:42,0.041288
2024-09-02 11:53:43,0.04052
2024-09-02 11:53:44,0.090856
2024-09-02 11:53:45,0.189488
2024-09-02 11:53:46,0.086176
2024-09-02 11:53:47,0.07648
2024-09-02 11:53:48,0.025824
2024-09-02 11:53:49,0.028344
2024-09-02 11:53:50,0.03
2024-09-02 11:53:51,0.027648
2024-09-02 11:53:52,0.074928
2024-09-02 11:53:53,0.05344
2024-09-02 11:53:54,0.043768
2024-09-02 11:53:55,0.043624
2024-09-02 11:53:56,0.025488
2024-09-02 11:53:57,0.029904
2024-09-02 11:53:58,0.015848
2024-09-02 11:53:59,0.003776
2024-09-02 11:54:00,0.1152
2024-09-02 11:54:01,0.0434
2024-09-02 11:54:02,0.016112
2024-09-02 11:54:03,0.050024
2024-09-02 11:54:04,0.080128
2024-09-02 11:54:05,0.07248
2024-09-02 11:54:06,0.092376
2024-09-02 11:54:07,0.117472
2024-09-02 11:54:08,0.091432
2024-09-02 11:54:09,0.114024
2024-09-02 11:54:10,0.138784
2024-09-02 11:54:11,0.163888
2024-09-02 11:54:12,0.094
2024-09-02 11:54:13,0.114992
2024-09-02 11:54:14,0.061736
2024-09-02 11:54:15,0.089032
2024-09-02 11:54:16,0.123192
2024-09-02 11:54:17,0.225272
2024-09-02 11:54:18,0.086392
2024-09-02 11:54:19,0.025392
2024-09-02 11:54:20,0.052824
2024-09-02 11:54:21,0.045848
2024-09-02 11:54:22,0.050016
2024-09-02 11:54:23,0.027816
2024-09-02 11:54:24,0.020696
2024-09-02 11:54:25,0.008232
2024-09-02 11:54:26,0.054912
2024-09-02 11:54:27,0.03972
2024-09-02 11:54:28,0.042128
2024-09-02 11:54:29,0.048112
2024-09-02 11:54:30,0.033888
2024-09-02 11:54:31,0.014408
2024-09-02 11:54:32,0.036904
2024-09-02 11:54:33,0.04744
2024-09-02 11:54:34,0.029336
2024-09-02 11:54:35,0.039144
2024-09-02 11:54:36,0.031616
2024-09-02 11:54:37,0.154032
2024-09-02 11:54:38,0.025192
2024-09-02 11:54:39,0.029184
2024-09-02 11:54:40,0.088624
2024-09-02 11:54:41,0.100288
2024-09-02 11:54:42,0.081288
2024-09-02 11:54:43,0.128336
2024-09-02 11:54:44,0.121352
2024-09-02 11:54:45,0.153976
2024-09-02 11:54:46,0.185976
2024-09-02 11:54:47,0.162872
2024-09-02 11:54:48,0.114456
2024-09-02 11:54:49,0.089312
2024-09-02 11:54:50,0.097416
2024-09-02 11:54:51,0.08072
2024-09-02 11:54:52,0.190456
2024-09-02 11:54:53,0.084424
2024-09-02 11:54:54,0.086728
2024-09-02 11:54:55,0.01728
2024-09-02 11:54:56,0.019688
2024-09-02 11:54:57,0.010712
2024-09-02 11:54:58,0.013072
2024-09-02 11:54:59,0.010712
2024-09-02 11:55:00,0.013072
2024-09-02 11:55:01,0.053728
2024-09-02 11:55:02,0.0498
2024-09-02 11:55:03,0.045224
2024-09-02 11:55:04,0.024376
2024-09-02 11:55:05,0.024416
2024-09-02 11:55:06,0.01456
2024-09-02 11:55:07,0.04024
2024-09-02 11:55:08,0.0302
2024-09-02 11:55:09,0.0218
2024-09-02 11:55:10,0.02964
2024-09-02 11:55:11,0.033912
2024-09-02 11:55:12,0.024648
2024-09-02 11:55:13,0.053856
2024-09-02 11:55:14,0.022384
2024-09-02 11:55:15,0.0298
2024-09-02 11:55:16,0.030704
2024-09-02 11:55:17,0.026688
2024-09-02 11:55:18,0.052048
2024-09-02 11:55:19,0.036376
2024-09-02 11:55:20,0.042712
2024-09-02 11:55:21,0.065856
2024-09-02 11:55:22,0.106192
2024-09-02 11:55:23,0.054456
2024-09-02 11:55:24,0.055096
2024-09-02 11:55:25,0.038008
2024-09-02 11:55:26,0.058248
2024-09-02 11:55:27,0.02912
2024-09-02 11:55:28,0.03076
2024-09-02 11:55:29,0.022896
2024-09-02 11:55:30,0.02604
2024-09-02 11:55:31,0.019648
2024-09-02 11:55:32,0.054248
2024-09-02 11:55:33,0.03832
2024-09-02 11:55:34,0.042776
2024-09-02 11:55:35,0.03728
2024-09-02 11:55:36,0.050808
2024-09-02 11:55:37,0.049392
2024-09-02 11:55:38,0.03924
2024-09-02 11:55:39,0.04476
2024-09-02 11:55:40,0.027176
2024-09-02 11:55:41,0.03496
2024-09-02 11:55:42,0.056832
2024-09-02 11:55:43,0.126152
2024-09-02 11:55:44,0.123848
2024-09-02 11:55:45,0.053488
2024-09-02 11:55:46,0.050376
2024-09-02 11:55:47,0.050944
2024-09-02 11:55:48,0.050472
2024-09-02 11:55:49,0.079048
2024-09-02 11:55:50,0.096344
2024-09-02 11:55:51,0.082936
2024-09-02 11:55:52,0.113608
2024-09-02 11:55:53,0.113576
2024-09-02 11:55:54,0.12384
2024-09-02 11:55:55,0.132624
2024-09-02 11:55:56,0.170464
2024-09-02 11:55:57,0.162272
2024-09-02 11:55:58,0.167272
2024-09-02 11:55:59,0.146032
2024-09-02 11:56:00,0.1338
2024-09-02 11:56:01,0.10844
2024-09-02 11:56:02,0.104736
2024-09-02 11:56:03,0.088392
2024-09-02 11:56:04,0.085232
2024-09-02 11:56:05,0.112064
2024-09-02 11:56:06,0.100944
2024-09-02 11:56:07,0.070608
2024-09-02 11:56:08,0.065248
2024-09-02 11:56:09,0.07836
2024-09-02 11:56:10,0.072208
2024-09-02 11:56:11,0.07196
2024-09-02 11:56:12,0.083696
2024-09-02 11:56:13,0.06316
2024-09-02 11:56:14,0.055968
2024-09-02 11:56:15,0.04656
2024-09-02 11:56:16,0.057456
2024-09-02 11:56:17,0.0654
2024-09-02 11:56:18,0.057432
2024-09-02 11:56:19,0.06616
2024-09-02 11:56:20,0.05636
2024-09-02 11:56:21,0.034576
2024-09-02 11:56:22,0.039568
2024-09-02 11:56:23,0.044024
2024-09-02 11:56:24,0.053712
2024-09-02 11:56:25,0.019968
2024-09-02 11:56:26,0.03804
2024-09-02 11:56:27,0.010896
2024-09-02 11:56:28,0.023544
2024-09-02 11:56:29,0.022096
2024-09-02 11:56:30,0.049592
2024-09-02 11:56:31,0.190472
2024-09-02 11:56:32,0.030456
2024-09-02 11:56:33,0.170144
2024-09-02 11:56:34,0.047512
2024-09-02 11:56:35,0.044568
2024-09-02 11:56:36,0.04288
2024-09-02 11:56:37,0.036224
2024-09-02 11:56:38,0.050152
2024-09-02 11:56:39,0.046616
2024-09-02 11:56:40,0.048104
2024-09-02 11:56:41,0.038848
2024-09-02 11:56:42,0.038432
2024-09-02 11:56:43,0.039648
2024-09-02 11:56:44,0.05652
2024-09-02 11:56:45,0.05744
2024-09-02 11:56:46,0.05108
2024-09-02 11:56:47,0.048056
2024-09-02 11:56:48,0.041832
2024-09-02 11:56:49,0.028952
2024-09-02 11:56:50,0.020808
2024-09-02 11:56:51,0.049424
2024-09-02 11:56:52,0.03864
2024-09-02 11:56:53,0.035328
2024-09-02 11:56:54,0.04096
2024-09-02 11:56:55,0.039784
2024-09-02 11:56:56,0.042528
2024-09-02 11:56:57,0.024536
2024-09-02 11:56:58,0.02164
2024-09-02 11:56:59,0.018472
2024-09-02 11:57:00,0.019584
2024-09-02 11:57:01,0.01888
2024-09-02 11:57:02,0.020024
2024-09-02 11:57:03,0.106712
2024-09-02 11:57:04,0.116976
2024-09-02 11:57:05,0.041168
2024-09-02 11:57:06,0.059096
2024-09-02 11:57:07,0.04928
2024-09-02 11:57:08,0.026416
2024-09-02 11:57:09,0.093952
2024-09-02 11:57:10,0.075008
2024-09-02 11:57:11,0.090464
2024-09-02 11:57:12,0.087568
2024-09-02 11:57:13,0.114064
2024-09-02 11:57:14,0.145888
2024-09-02 11:57:15,0.127696
2024-09-02 11:57:16,0.138528
2024-09-02 11:57:17,0.160344
2024-09-02 11:57:18,0.130408
2024-09-02 11:57:19,0.128184
2024-09-02 11:57:20,0.128936
2024-09-02 11:57:21,0.135736
2024-09-02 11:57:22,0.09264
2024-09-02 11:57:23,0.124144
2024-09-02 11:57:24,0.109208
2024-09-02 11:57:25,0.082896
2024-09-02 11:57:26,0.123792
2024-09-02 11:57:27,0.11784
2024-09-02 11:57:28,0.105152
2024-09-02 11:57:29,0.090528
2024-09-02 11:57:30,0.082976
2024-09-02 11:57:31,0.105192
2024-09-02 11:57:32,0.097208
2024-09-02 11:57:33,0.08636
2024-09-02 11:57:34,0.057184
2024-09-02 11:57:35,0.083192
2024-09-02 11:57:36,0.039312
2024-09-02 11:57:37,0.044048
2024-09-02 11:57:38,0.030024
2024-09-02 11:57:39,0.039392
2024-09-02 11:57:40,0.021616
2024-09-02 11:57:41,0.068952
2024-09-02 11:57:42,0.190976
2024-09-02 11:57:43,0.037568
2024-09-02 11:57:44,0.18716
2024-09-02 11:57:45,0.06184
2024-09-02 11:57:46,0.073384
2024-09-02 11:57:47,0.038792
2024-09-02 11:57:48,0.0438
2024-09-02 11:57:49,0.049584
2024-09-02 11:57:50,0.025104
2024-09-02 11:57:51,0.032888
2024-09-02 11:57:52,0.025816
2024-09-02 11:57:53,0.017664
2024-09-02 11:57:54,0.0192
2024-09-02 11:57:55,0.021848
2024-09-02 11:57:56,0.022184
2024-09-02 11:57:57,0.019696
2024-09-02 11:57:58,0.039536
2024-09-02 11:57:59,0.028384
2024-09-02 11:58:00,0.039256
2024-09-02 11:58:01,0.03436
2024-09-02 11:58:02,0.065896
2024-09-02 11:58:03,0.030144
2024-09-02 11:58:04,0.021496
2024-09-02 11:58:05,0.031008
2024-09-02 11:58:06,0.028424
2024-09-02 11:58:07,0.0166
2024-09-02 11:58:08,0.01976
2024-09-02 11:58:09,0.023424
2024-09-02 11:58:10,0.020456
2024-09-02 11:58:11,0.02252
2024-09-02 11:58:12,0.01892
2024-09-02 11:58:13,0.030288
2024-09-02 11:58:14,0.11788
2024-09-02 11:58:15,0.144752
2024-09-02 11:58:16,0.034488
2024-09-02 11:58:17,0.069776
2024-09-02 11:58:18,0.035344
2024-09-02 11:58:19,0.022968
2024-09-02 11:58:20,0.121744
2024-09-02 11:58:21,0.122768
2024-09-02 11:58:22,0.150288
2024-09-02 11:58:23,0.235064
2024-09-02 11:58:24,0.21388
2024-09-02 11:58:25,0.185048
2024-09-02 11:58:26,0.213176
2024-09-02 11:58:27,0.174856
2024-09-02 11:58:28,0.175888
2024-09-02 11:58:29,0.181536
2024-09-02 11:58:30,0.170824
2024-09-02 11:58:31,0.147952
2024-09-02 11:58:32,0.16256
2024-09-02 11:58:33,0.144288
2024-09-02 11:58:34,0.150856
2024-09-02 11:58:35,0.132456
2024-09-02 11:58:36,0.147496
2024-09-02 11:58:37,0.146728
2024-09-02 11:58:38,0.126904
2024-09-02 11:58:39,0.137504
2024-09-02 11:58:40,0.108888
2024-09-02 11:58:41,0.097728
2024-09-02 11:58:42,0.093224
2024-09-02 11:58:43,0.0824
2024-09-02 11:58:44,0.098504
2024-09-02 11:58:45,0.0758
2024-09-02 11:58:46,0.101104
2024-09-02 11:58:47,0.059592
2024-09-02 11:58:48,0.072704
2024-09-02 11:58:49,0.09236
2024-09-02 11:58:50,0.088384
2024-09-02 11:58:51,0.087616
2024-09-02 11:58:52,0.071448
2024-09-02 11:58:53,0.082568
2024-09-02 11:58:54,0.024304
2024-09-02 11:58:55,0.042528
2024-09-02 11:58:56,0.020784
2024-09-02 11:58:57,0.04772
2024-09-02 11:58:58,0.220488
2024-09-02 11:58:59,0.029608
2024-09-02 11:59:00,0.090232
2024-09-02 11:59:01,0.051472
2024-09-02 11:59:02,0.05884
2024-09-02 11:59:03,0.033136
2024-09-02 11:59:04,0.032368
2024-09-02 11:59:05,0.029216
2024-09-02 11:59:06,0.037136
2024-09-02 11:59:07,0.04152
2024-09-02 11:59:08,0.04972
2024-09-02 11:59:09,0.045408
2024-09-02 11:59:10,0.050712
2024-09-02 11:59:11,0.060408
2024-09-02 11:59:12,0.045424
2024-09-02 11:59:13,0.054288
2024-09-02 11:59:14,0.059232
2024-09-02 11:59:15,0.059552
2024-09-02 11:59:16,0.054744
2024-09-02 11:59:17,0.055312
2024-09-02 11:59:18,0.053304
2024-09-02 11:59:19,0.053328
2024-09-02 11:59:20,0.065656
2024-09-02 11:59:21,0.057184
2024-09-02 11:59:22,0.052608
2024-09-02 11:59:23,0.04904
2024-09-02 11:59:24,0.050456
2024-09-02 11:59:25,0.050768
2024-09-02 11:59:26,0.04772
2024-09-02 11:59:27,0.062184
2024-09-02 11:59:28,0.042752
2024-09-02 11:59:29,0.044056
2024-09-02 11:59:30,0.044328
2024-09-02 11:59:31,0.039648
2024-09-02 11:59:32,0.039064
2024-09-02 11:59:33,0.100256
2024-09-02 11:59:34,0.026928
2024-09-02 11:59:35,0.094656
2024-09-02 11:59:36,0.113136
2024-09-02 11:59:37,0.073184
2024-09-02 11:59:38,0.056344
2024-09-02 11:59:39,0.026976
2024-09-02 11:59:40,0.049096
2024-09-02 11:59:41,0.036568
2024-09-02 11:59:42,0.039464
2024-09-02 11:59:43,0.048064
2024-09-02 11:59:44,0.02912
2024-09-02 11:59:45,0.020912
2024-09-02 11:59:46,0.0274
2024-09-02 11:59:47,0.01924
2024-09-02 11:59:48,0.035232
2024-09-02 11:59:49,0.031544
2024-09-02 11:59:50,0.023744
2024-09-02 11:59:51,0.040968
2024-09-02 11:59:52,0.053096
2024-09-02 11:59:53,0.045152
2024-09-02 11:59:54,0.032712
2024-09-02 11:59:55,0.056304
2024-09-02 11:59:56,0.032272
2024-09-02 11:59:57,0.026688
2024-09-02 11:59:58,0.022952
2024-09-02 11:59:59,0.035712
2024-09-02 12:00:00,0.070624
2024-09-02 12:00:01,0.026096
2024-09-02 12:00:02,0.017632
2024-09-02 12:00:03,0.01536
2024-09-02 12:00:04,0.017096
2024-09-02 12:00:05,0.065816
2024-09-02 12:00:06,0.182912
2024-09-02 12:00:07,0.063928
2024-09-02 12:00:08,0.041944
2024-09-02 12:00:09,0.051272
2024-09-02 12:00:10,0.033144
2024-09-02 12:00:11,0.063048
2024-09-02 12:00:12,0.114144
2024-09-02 12:00:13,0.115472
2024-09-02 12:00:14,0.100912
2024-09-02 12:00:15,0.116288
2024-09-02 12:00:16,0.208808
2024-09-02 12:00:17,0.161472
2024-09-02 12:00:18,0.186048
2024-09-02 12:00:19,0.211648
2024-09-02 12:00:20,0.148168
2024-09-02 12:00:21,0.139936
2024-09-02 12:00:22,0.169296
2024-09-02 12:00:23,0.128952
2024-09-02 12:00:24,0.134408
2024-09-02 12:00:25,0.148232
2024-09-02 12:00:26,0.140816
2024-09-02 12:00:27,0.144648
2024-09-02 12:00:28,0.177832
2024-09-02 12:00:29,0.120096
2024-09-02 12:00:30,0.127264
2024-09-02 12:00:31,0.11244
2024-09-02 12:00:32,0.099208
2024-09-02 12:00:33,0.11852
2024-09-02 12:00:34,0.079416
2024-09-02 12:00:35,0.06384
2024-09-02 12:00:36,0.078608
2024-09-02 12:00:37,0.032952
2024-09-02 12:00:38,0.043608
2024-09-02 12:00:39,0.043712
2024-09-02 12:00:40,0.226424
2024-09-02 12:00:41,0.027184
2024-09-02 12:00:42,0.196584
2024-09-02 12:00:43,0.071472
2024-09-02 12:00:44,0.087736
2024-09-02 12:00:45,0.036792
2024-09-02 12:00:46,0.055872
2024-09-02 12:00:47,0.016992
2024-09-02 12:00:48,0.035096
2024-09-02 12:00:49,0.046544
2024-09-02 12:00:50,0.040328
2024-09-02 12:00:51,0.02408
2024-09-02 12:00:52,0.031824
2024-09-02 12:00:53,0.036216
2024-09-02 12:00:54,0.014408
2024-09-02 12:00:55,0.039376
2024-09-02 12:00:56,0.039832
2024-09-02 12:00:57,0.028032
2024-09-02 12:00:58,0.020704
2024-09-02 12:00:59,0.03184
2024-09-02 12:01:00,0.020296
2024-09-02 12:01:01,0.048128
2024-09-02 12:01:02,0.036512
2024-09-02 12:01:03,0.026096
2024-09-02 12:01:04,0.025984
2024-09-02 12:01:05,0.024208
2024-09-02 12:01:06,0.039112
2024-09-02 12:01:07,0.023344
2024-09-02 12:01:08,0.040384
2024-09-02 12:01:09,0.036784
2024-09-02 12:01:10,0.032584
2024-09-02 12:01:11,0.0184
2024-09-02 12:01:12,0.10192
2024-09-02 12:01:13,0.1264
2024-09-02 12:01:14,0.047144
2024-09-02 12:01:15,0.05208
2024-09-02 12:01:16,0.037176
2024-09-02 12:01:17,0.03028
2024-09-02 12:01:18,0.10632
2024-09-02 12:01:19,0.15276
2024-09-02 12:01:20,0.160504
2024-09-02 12:01:21,0.196304
2024-09-02 12:01:22,0.227344
2024-09-02 12:01:23,0.208704
2024-09-02 12:01:24,0.205208
2024-09-02 12:01:25,0.20708
2024-09-02 12:01:26,0.262328
2024-09-02 12:01:27,0.22444
2024-09-02 12:01:28,0.184264
2024-09-02 12:01:29,0.16452
2024-09-02 12:01:30,0.176976
2024-09-02 12:01:31,0.195128
2024-09-02 12:01:32,0.138608
2024-09-02 12:01:33,0.143192
2024-09-02 12:01:34,0.184776
2024-09-02 12:01:35,0.213992
2024-09-02 12:01:36,0.155976
2024-09-02 12:01:37,0.125376
2024-09-02 12:01:38,0.095968
2024-09-02 12:01:39,0.10036
2024-09-02 12:01:40,0.128304
2024-09-02 12:01:41,0.10032
2024-09-02 12:01:42,0.117344
2024-09-02 12:01:43,0.119952
2024-09-02 12:01:44,0.088064
2024-09-02 12:01:45,0.090256
2024-09-02 12:01:46,0.072976
2024-09-02 12:01:47,0.0422
2024-09-02 12:01:48,0.038304
2024-09-02 12:01:49,0.022088
2024-09-02 12:01:50,0.02168
2024-09-02 12:01:51,0.012336
2024-09-02 12:01:52,0.022168
2024-09-02 12:01:53,0.222392
2024-09-02 12:01:54,0.051064
2024-09-02 12:01:55,0.035144
2024-09-02 12:01:56,0.333584
2024-09-02 12:01:57,0.06612
2024-09-02 12:01:58,0.061384
2024-09-02 12:01:59,0.030544
2024-09-02 12:02:00,0.046144
2024-09-02 12:02:01,0.051128
2024-09-02 12:02:02,0.03844
2024-09-02 12:02:03,0.029224
2024-09-02 12:02:04,0.02592
2024-09-02 12:02:05,0.044376
2024-09-02 12:02:06,0.042176
2024-09-02 12:02:07,0.024312
2024-09-02 12:02:08,0.020928
2024-09-02 12:02:09,0.03252
2024-09-02 12:02:10,0.02792
2024-09-02 12:02:11,0.02596
2024-09-02 12:02:12,0.024752
2024-09-02 12:02:13,0.023872
2024-09-02 12:02:14,0.028104
2024-09-02 12:02:15,0.033208
2024-09-02 12:02:16,0.139488
2024-09-02 12:02:17,0.051344
2024-09-02 12:02:18,0.019016
2024-09-02 12:02:19,0.147768
2024-09-02 12:02:20,0.139088
2024-09-02 12:02:21,0.130216
2024-09-02 12:02:22,0.144824
2024-09-02 12:02:23,0.181616
2024-09-02 12:02:24,0.2076
2024-09-02 12:02:25,0.248936
2024-09-02 12:02:26,0.334808
2024-09-02 12:02:27,0.254656
2024-09-02 12:02:28,0.2384
2024-09-02 12:02:29,0.236584
2024-09-02 12:02:30,0.202488
2024-09-02 12:02:31,0.226376
2024-09-02 12:02:32,0.193256
2024-09-02 12:02:33,0.213056
2024-09-02 12:02:34,0.193528
2024-09-02 12:02:35,0.156968
2024-09-02 12:02:36,0.164
2024-09-02 12:02:37,0.170864
2024-09-02 12:02:38,0.121824
2024-09-02 12:02:39,0.079272
2024-09-02 12:02:40,0.100864
2024-09-02 12:02:41,0.08648
2024-09-02 12:02:42,0.067024
2024-09-02 12:02:43,0.04756
2024-09-02 12:02:44,0.050576
2024-09-02 12:02:45,0.066944
2024-09-02 12:02:46,0.248152
2024-09-02 12:02:47,0.12752
2024-09-02 12:02:48,0.133624
2024-09-02 12:02:49,0.048216
2024-09-02 12:02:50,0.079088
2024-09-02 12:02:51,0.0582
2024-09-02 12:02:52,0.045936
2024-09-02 12:02:53,0.050128
2024-09-02 12:02:54,0.082048
2024-09-02 12:02:55,0.039872
2024-09-02 12:02:56,0.037544
2024-09-02 12:02:57,0.052104
2024-09-02 12:02:58,0.042032
2024-09-02 12:02:59,0.050384
2024-09-02 12:03:00,0.08312
2024-09-02 12:03:01,0.059008
2024-09-02 12:03:02,0.046272
2024-09-02 12:03:03,0.039584
2024-09-02 12:03:04,0.037232
2024-09-02 12:03:05,0.029256
2024-09-02 12:03:06,0.041904
2024-09-02 12:03:07,0.031736
2024-09-02 12:03:08,0.029
2024-09-02 12:03:09,0.028992
2024-09-02 12:03:10,0.021584
2024-09-02 12:03:11,0.04692
2024-09-02 12:03:12,0.026304
2024-09-02 12:03:13,0.016736
2024-09-02 12:03:14,0.03444
2024-09-02 12:03:15,0.024896
2024-09-02 12:03:16,0.046248
2024-09-02 12:03:17,0.122728
2024-09-02 12:03:18,0.146008
2024-09-02 12:03:19,0.067688
2024-09-02 12:03:20,0.069768
2024-09-02 12:03:21,0.03176
2024-09-02 12:03:22,0.04132
2024-09-02 12:03:23,0.117696
2024-09-02 12:03:24,0.143248
2024-09-02 12:03:25,0.261824
2024-09-02 12:03:26,0.223328
2024-09-02 12:03:27,0.235496
2024-09-02 12:03:28,0.284224
2024-09-02 12:03:29,0.26868
2024-09-02 12:03:30,0.20184
2024-09-02 12:03:31,0.29328
2024-09-02 12:03:32,0.230544
2024-09-02 12:03:33,0.1766
2024-09-02 12:03:34,0.25088
2024-09-02 12:03:35,0.188144
2024-09-02 12:03:36,0.165632
2024-09-02 12:03:37,0.247224
2024-09-02 12:03:38,0.26488
2024-09-02 12:03:39,0.184464
2024-09-02 12:03:40,0.139376
2024-09-02 12:03:41,0.141576
2024-09-02 12:03:42,0.134488
2024-09-02 12:03:43,0.094872
2024-09-02 12:03:44,0.109152
2024-09-02 12:03:45,0.083736
2024-09-02 12:03:46,0.031168
2024-09-02 12:03:47,0.033448
2024-09-02 12:03:48,0.028704
2024-09-02 12:03:49,0.019048
2024-09-02 12:03:50,0.020776
2024-09-02 12:03:51,0.032456
2024-09-02 12:03:52,0.245184
2024-09-02 12:03:53,0.052592
2024-09-02 12:03:54,0.211624
2024-09-02 12:03:55,0.102544
2024-09-02 12:03:56,0.039576
2024-09-02 12:03:57,0.01476
2024-09-02 12:03:58,0.013016
2024-09-02 12:03:59,0.017688
2024-09-02 12:04:00,0.013016
2024-09-02 12:04:01,0.015392
2024-09-02 12:04:02,0.013016
2024-09-02 12:04:03,0.015392
2024-09-02 12:04:04,0.014968
2024-09-02 12:04:05,0.017344
2024-09-02 12:04:06,0.016256
2024-09-02 12:04:07,0.027328
2024-09-02 12:04:08,0.033384
2024-09-02 12:04:09,0.050696
2024-09-02 12:04:10,0.020024
2024-09-02 12:04:11,0.046208
2024-09-02 12:04:12,0.037944
2024-09-02 12:04:13,0.051856
2024-09-02 12:04:14,0.077632
2024-09-02 12:04:15,0.126944
2024-09-02 12:04:16,0.137456
2024-09-02 12:04:17,0.089096
2024-09-02 12:04:18,0.069456
2024-09-02 12:04:19,0.046968
2024-09-02 12:04:20,0.064728
2024-09-02 12:04:21,0.057328
2024-09-02 12:04:22,0.08436
2024-09-02 12:04:23,0.087184
2024-09-02 12:04:24,0.048504
2024-09-02 12:04:25,0.058752
2024-09-02 12:04:26,0.0208
2024-09-02 12:04:27,0.034048
2024-09-02 12:04:28,0.03088
2024-09-02 12:04:29,0.031224
2024-09-02 12:04:30,0.036616
2024-09-02 12:04:31,0.017832
2024-09-02 12:04:32,0.019736
2024-09-02 12:04:33,0.02028
2024-09-02 12:04:34,0.037256
2024-09-02 12:04:35,0.024176
2024-09-02 12:04:36,0.044336
2024-09-02 12:04:37,0.0238
2024-09-02 12:04:38,0.032872
2024-09-02 12:04:39,0.0404
2024-09-02 12:04:40,0.027088
2024-09-02 12:04:41,0.023056
2024-09-02 12:04:42,0.026936
2024-09-02 12:04:43,0.01532
2024-09-02 12:04:44,0.07324
2024-09-02 12:04:45,0.126672
2024-09-02 12:04:46,0.21024
2024-09-02 12:04:47,0.025952
2024-09-02 12:04:48,0.08868
2024-09-02 12:04:49,0.0336
2024-09-02 12:04:50,0.064064
2024-09-02 12:04:51,0.17172
2024-09-02 12:04:52,0.236824
2024-09-02 12:04:53,0.217736
2024-09-02 12:04:54,0.184936
2024-09-02 12:04:55,0.290288
2024-09-02 12:04:56,0.214416
2024-09-02 12:04:57,0.261728
2024-09-02 12:04:58,0.306712
2024-09-02 12:04:59,0.21816
2024-09-02 12:05:00,0.187544
2024-09-02 12:05:01,0.265672
2024-09-02 12:05:02,0.197968
2024-09-02 12:05:03,0.190424
2024-09-02 12:05:04,0.202696
2024-09-02 12:05:05,0.201344
2024-09-02 12:05:06,0.174824
2024-09-02 12:05:07,0.208288
2024-09-02 12:05:08,0.164752
2024-09-02 12:05:09,0.1408
2024-09-02 12:05:10,0.102496
2024-09-02 12:05:11,0.079672
2024-09-02 12:05:12,0.07092
2024-09-02 12:05:13,0.08348
2024-09-02 12:05:14,0.050904
2024-09-02 12:05:15,0.052736
2024-09-02 12:05:16,0.072704
2024-09-02 12:05:17,0.042608
2024-09-02 12:05:18,0.040904
2024-09-02 12:05:19,0.070472
2024-09-02 12:05:20,0.016672
2024-09-02 12:05:21,0.02704
2024-09-02 12:05:22,0.040816
2024-09-02 12:05:23,0.027824
2024-09-02 12:05:24,0.291432
2024-09-02 12:05:25,0.036696
2024-09-02 12:05:26,0.291696
2024-09-02 12:05:27,0.090488
2024-09-02 12:05:28,0.069864
2024-09-02 12:05:29,0.050608
2024-09-02 12:05:30,0.05468
2024-09-02 12:05:31,0.069944
2024-09-02 12:05:32,0.06772
2024-09-02 12:05:33,0.042368
2024-09-02 12:05:34,0.034976
2024-09-02 12:05:35,0.045568
2024-09-02 12:05:36,0.075008
2024-09-02 12:05:37,0.073792
2024-09-02 12:05:38,0.090336
2024-09-02 12:05:39,0.033072
2024-09-02 12:05:40,0.066832
2024-09-02 12:05:41,0.068096
2024-09-02 12:05:42,0.038112
2024-09-02 12:05:43,0.058504
2024-09-02 12:05:44,0.036048
2024-09-02 12:05:45,0.038256
2024-09-02 12:05:46,0.069296
2024-09-02 12:05:47,0.033504
2024-09-02 12:05:48,0.032576
2024-09-02 12:05:49,0.071952
2024-09-02 12:05:50,0.045752
2024-09-02 12:05:51,0.053728
2024-09-02 12:05:52,0.062344
2024-09-02 12:05:53,0.042096
2024-09-02 12:05:54,0.038464
2024-09-02 12:05:55,0.05924
2024-09-02 12:05:56,0.15032
2024-09-02 12:05:57,0.185904
2024-09-02 12:05:58,0.040776
2024-09-02 12:05:59,0.095408
2024-09-02 12:06:00,0.039696
2024-09-02 12:06:01,0.016704
2024-09-02 12:06:02,0.236504
2024-09-02 12:06:03,0.207992
2024-09-02 12:06:04,0.22384
2024-09-02 12:06:05,0.406712
2024-09-02 12:06:06,0.363248
2024-09-02 12:06:07,0.28256
2024-09-02 12:06:08,0.322968
2024-09-02 12:06:09,0.340352
2024-09-02 12:06:10,0.271864
2024-09-02 12:06:11,0.260032
2024-09-02 12:06:12,0.27904
2024-09-02 12:06:13,0.258064
2024-09-02 12:06:14,0.2828
2024-09-02 12:06:15,0.277944
2024-09-02 12:06:16,0.202584
2024-09-02 12:06:17,0.22616
2024-09-02 12:06:18,0.251808
2024-09-02 12:06:19,0.252856
2024-09-02 12:06:20,0.191976
2024-09-02 12:06:21,0.122384
2024-09-02 12:06:22,0.148536
2024-09-02 12:06:23,0.088064
2024-09-02 12:06:24,0.09836
2024-09-02 12:06:25,0.045928
2024-09-02 12:06:26,0.047688
2024-09-02 12:06:27,0.033792
2024-09-02 12:06:28,0.05348
2024-09-02 12:06:29,0.28024
2024-09-02 12:06:30,0.033272
2024-09-02 12:06:31,0.096048
2024-09-02 12:06:32,0.05184
2024-09-02 12:06:33,0.042016
2024-09-02 12:06:34,0.028368
2024-09-02 12:06:35,0.03276
2024-09-02 12:06:36,0.038072
2024-09-02 12:06:37,0.055992
2024-09-02 12:06:38,0.042296
2024-09-02 12:06:39,0.0544
2024-09-02 12:06:40,0.053312
2024-09-02 12:06:41,0.051208
2024-09-02 12:06:42,0.046888
2024-09-02 12:06:43,0.057856
2024-09-02 12:06:44,0.043832
2024-09-02 12:06:45,0.058184
2024-09-02 12:06:46,0.058784
2024-09-02 12:06:47,0.034192
2024-09-02 12:06:48,0.040752
2024-09-02 12:06:49,0.044464
2024-09-02 12:06:50,0.05972
2024-09-02 12:06:51,0.053264
2024-09-02 12:06:52,0.060776
2024-09-02 12:06:53,0.04684
2024-09-02 12:06:54,0.044584
2024-09-02 12:06:55,0.041464
2024-09-02 12:06:56,0.053072
2024-09-02 12:06:57,0.051488
2024-09-02 12:06:58,0.055888
2024-09-02 12:06:59,0.043696
2024-09-02 12:07:00,0.03772
2024-09-02 12:07:01,0.03756
2024-09-02 12:07:02,0.034144
2024-09-02 12:07:03,0.048456
2024-09-02 12:07:04,0.091264
2024-09-02 12:07:05,0.03504
2024-09-02 12:07:06,0.13496
2024-09-02 12:07:07,0.135512
2024-09-02 12:07:08,0.07404
2024-09-02 12:07:09,0.0628
2024-09-02 12:07:10,0.090168
2024-09-02 12:07:11,0.047552
2024-09-02 12:07:12,0.043024
2024-09-02 12:07:13,0.045224
2024-09-02 12:07:14,0.049328
2024-09-02 12:07:15,0.034464
2024-09-02 12:07:16,0.046408
2024-09-02 12:07:17,0.02616
2024-09-02 12:07:18,0.029488
2024-09-02 12:07:19,0.051536
2024-09-02 12:07:20,0.073776
2024-09-02 12:07:21,0.019104
2024-09-02 12:07:22,0.033896
2024-09-02 12:07:23,0.034224
2024-09-02 12:07:24,0.04872
2024-09-02 12:07:25,0.025312
2024-09-02 12:07:26,0.046864
2024-09-02 12:07:27,0.043168
2024-09-02 12:07:28,0.04012
2024-09-02 12:07:29,0.051776
2024-09-02 12:07:30,0.027496
2024-09-02 12:07:31,0.032792
2024-09-02 12:07:32,0.063384
2024-09-02 12:07:33,0.075744
2024-09-02 12:07:34,0.025712
2024-09-02 12:07:35,0.040016
2024-09-02 12:07:36,0.153184
2024-09-02 12:07:37,0.238944
2024-09-02 12:07:38,0.035768
2024-09-02 12:07:39,0.078152
2024-09-02 12:07:40,0.040328
2024-09-02 12:07:41,0.04896
2024-09-02 12:07:42,0.142432
2024-09-02 12:07:43,0.232312
2024-09-02 12:07:44,0.23508
2024-09-02 12:07:45,0.262496
2024-09-02 12:07:46,0.339712
2024-09-02 12:07:47,0.258792
2024-09-02 12:07:48,0.35632
2024-09-02 12:07:49,0.427824
2024-09-02 12:07:50,0.376984
2024-09-02 12:07:51,0.239784
2024-09-02 12:07:52,0.275264
2024-09-02 12:07:53,0.250056
2024-09-02 12:07:54,0.223736
2024-09-02 12:07:55,0.22748
2024-09-02 12:07:56,0.234872
2024-09-02 12:07:57,0.225304
2024-09-02 12:07:58,0.202592
2024-09-02 12:07:59,0.191056
2024-09-02 12:08:00,0.168864
2024-09-02 12:08:01,0.098832
2024-09-02 12:08:02,0.067248
2024-09-02 12:08:03,0.058248
2024-09-02 12:08:04,0.029088
2024-09-02 12:08:05,0.064504
2024-09-02 12:08:06,0.264368
2024-09-02 12:08:07,0.063568
2024-09-02 12:08:08,0.22776
2024-09-02 12:08:09,0.115416
2024-09-02 12:08:10,0.089608
2024-09-02 12:08:11,0.058552
2024-09-02 12:08:12,0.054568
2024-09-02 12:08:13,0.042064
2024-09-02 12:08:14,0.068352
2024-09-02 12:08:15,0.040024
2024-09-02 12:08:16,0.04028
2024-09-02 12:08:17,0.067888
2024-09-02 12:08:18,0.058128
2024-09-02 12:08:19,0.038288
2024-09-02 12:08:20,0.05264
2024-09-02 12:08:21,0.03864
2024-09-02 12:08:22,0.041416
2024-09-02 12:08:23,0.052464
2024-09-02 12:08:24,0.031168
2024-09-02 12:08:25,0.029288
2024-09-02 12:08:26,0.025344
2024-09-02 12:08:27,0.023912
2024-09-02 12:08:28,0.049488
2024-09-02 12:08:29,0.042632
2024-09-02 12:08:30,0.028888
2024-09-02 12:08:31,0.069816
2024-09-02 12:08:32,0.079712
2024-09-02 12:08:33,0.045608
2024-09-02 12:08:34,0.038424
2024-09-02 12:08:35,0.040736
2024-09-02 12:08:36,0.04056
2024-09-02 12:08:37,0.06808
2024-09-02 12:08:38,0.098224
2024-09-02 12:08:39,0.26636
2024-09-02 12:08:40,0.094672
2024-09-02 12:08:41,0.05556
2024-09-02 12:08:42,0.06724
2024-09-02 12:08:43,0.042776
2024-09-02 12:08:44,0.066152
2024-09-02 12:08:45,0.165208
2024-09-02 12:08:46,0.268824
2024-09-02 12:08:47,0.216952
2024-09-02 12:08:48,0.269768
2024-09-02 12:08:49,0.351504
2024-09-02 12:08:50,0.285128
2024-09-02 12:08:51,0.365408
2024-09-02 12:08:52,0.30596
2024-09-02 12:08:53,0.254424
2024-09-02 12:08:54,0.241776
2024-09-02 12:08:55,0.243672
2024-09-02 12:08:56,0.19968
2024-09-02 12:08:57,0.214136
2024-09-02 12:08:58,0.217624
2024-09-02 12:08:59,0.198072
2024-09-02 12:09:00,0.16456
2024-09-02 12:09:01,0.17884
2024-09-02 12:09:02,0.156384
2024-09-02 12:09:03,0.20764
2024-09-02 12:09:04,0.133392
2024-09-02 12:09:05,0.112136
2024-09-02 12:09:06,0.064096
2024-09-02 12:09:07,0.070472
2024-09-02 12:09:08,0.062592
2024-09-02 12:09:09,0.051176
2024-09-02 12:09:10,0.067344
2024-09-02 12:09:11,0.063736
2024-09-02 12:09:12,0.07736
2024-09-02 12:09:13,0.08636
2024-09-02 12:09:14,0.03232
2024-09-02 12:09:15,0.050096
2024-09-02 12:09:16,0.035664
2024-09-02 12:09:17,0.063024
2024-09-02 12:09:18,0.292112
2024-09-02 12:09:19,0.042528
2024-09-02 12:09:20,0.323512
2024-09-02 12:09:21,0.168128
2024-09-02 12:09:22,0.092968
2024-09-02 12:09:23,0.086712
2024-09-02 12:09:24,0.045808
2024-09-02 12:09:25,0.04116
2024-09-02 12:09:26,0.044968
2024-09-02 12:09:27,0.03536
2024-09-02 12:09:28,0.066944
2024-09-02 12:09:29,0.044232
2024-09-02 12:09:30,0.038968
2024-09-02 12:09:31,0.02808
2024-09-02 12:09:32,0.03724
2024-09-02 12:09:33,0.024376
2024-09-02 12:09:34,0.045216
2024-09-02 12:09:35,0.037904
2024-09-02 12:09:36,0.03744
2024-09-02 12:09:37,0.032112
2024-09-02 12:09:38,0.016136
2024-09-02 12:09:39,0.02404
2024-09-02 12:09:40,0.173632
2024-09-02 12:09:41,0.052128
2024-09-02 12:09:42,0.040832
2024-09-02 12:09:43,0.095216
2024-09-02 12:09:44,0.14128
2024-09-02 12:09:45,0.232256
2024-09-02 12:09:46,0.234888
2024-09-02 12:09:47,0.300248
2024-09-02 12:09:48,0.388792
2024-09-02 12:09:49,0.320648
2024-09-02 12:09:50,0.367296
2024-09-02 12:09:51,0.350384
2024-09-02 12:09:52,0.249208
2024-09-02 12:09:53,0.175
2024-09-02 12:09:54,0.091832
2024-09-02 12:09:55,0.08704
2024-09-02 12:09:56,0.335336
2024-09-02 12:09:57,0.172648
2024-09-02 12:09:58,0.191784
2024-09-02 12:09:59,0.068544
2024-09-02 12:10:00,0.053712
2024-09-02 12:10:01,0.071016
2024-09-02 12:10:02,0.096368
2024-09-02 12:10:03,0.04428
2024-09-02 12:10:04,0.0402
2024-09-02 12:10:05,0.050792
2024-09-02 12:10:06,0.044496
2024-09-02 12:10:07,0.038056
2024-09-02 12:10:08,0.038272
2024-09-02 12:10:09,0.069064
2024-09-02 12:10:10,0.034024
2024-09-02 12:10:11,0.028896
2024-09-02 12:10:12,0.04812
2024-09-02 12:10:13,0.053272
2024-09-02 12:10:14,0.03916
2024-09-02 12:10:15,0.028368
2024-09-02 12:10:16,0.026544
2024-09-02 12:10:17,0.030256
2024-09-02 12:10:18,0.052632
2024-09-02 12:10:19,0.03904
2024-09-02 12:10:20,0.04896
2024-09-02 12:10:21,0.079016
2024-09-02 12:10:22,0.053432
2024-09-02 12:10:23,0.04652
2024-09-02 12:10:24,0.032608
2024-09-02 12:10:25,0.041664
2024-09-02 12:10:26,0.082032
2024-09-02 12:10:27,0.177904
2024-09-02 12:10:28,0.226792
2024-09-02 12:10:29,0.02864
2024-09-02 12:10:30,0.110688
2024-09-02 12:10:31,0.054448
2024-09-02 12:10:32,0.043432
2024-09-02 12:10:33,0.179544
2024-09-02 12:10:34,0.290056
2024-09-02 12:10:35,0.300704
2024-09-02 12:10:36,0.309456
2024-09-02 12:10:37,0.3988
2024-09-02 12:10:38,0.375288
2024-09-02 12:10:39,0.368408
2024-09-02 12:10:40,0.3948
2024-09-02 12:10:41,0.352352
2024-09-02 12:10:42,0.350888
2024-09-02 12:10:43,0.364992
2024-09-02 12:10:44,0.263896
2024-09-02 12:10:45,0.276536
2024-09-02 12:10:46,0.289568
2024-09-02 12:10:47,0.203456
2024-09-02 12:10:48,0.19844
2024-09-02 12:10:49,0.161776
2024-09-02 12:10:50,0.161072
2024-09-02 12:10:51,0.12428
2024-09-02 12:10:52,0.129016
2024-09-02 12:10:53,0.115032
2024-09-02 12:10:54,0.089152
2024-09-02 12:10:55,0.069112
2024-09-02 12:10:56,0.100016
2024-09-02 12:10:57,0.039376
2024-09-02 12:10:58,0.059704
2024-09-02 12:10:59,0.293272
2024-09-02 12:11:00,0.067056
2024-09-02 12:11:01,0.225752
2024-09-02 12:11:02,0.120816
2024-09-02 12:11:03,0.04528
2024-09-02 12:11:04,0.045936
2024-09-02 12:11:05,0.017768
2024-09-02 12:11:06,0.016632
2024-09-02 12:11:07,0.020584
2024-09-02 12:11:08,0.022736
2024-09-02 12:11:09,0.034968
2024-09-02 12:11:10,0.063352
2024-09-02 12:11:11,0.08204
2024-09-02 12:11:12,0.07516
2024-09-02 12:11:13,0.056384
2024-09-02 12:11:14,0.079584
2024-09-02 12:11:15,0.064616
2024-09-02 12:11:16,0.082744
2024-09-02 12:11:17,0.05664
2024-09-02 12:11:18,0.053544
2024-09-02 12:11:19,0.039304
2024-09-02 12:11:20,0.029928
2024-09-02 12:11:21,0.026152
2024-09-02 12:11:22,0.021536
2024-09-02 12:11:23,0.050416
2024-09-02 12:11:24,0.056424
2024-09-02 12:11:25,0.076648
2024-09-02 12:11:26,0.06612
2024-09-02 12:11:27,0.05668
2024-09-02 12:11:28,0.043736
2024-09-02 12:11:29,0.068936
2024-09-02 12:11:30,0.065552
2024-09-02 12:11:31,0.0482
2024-09-02 12:11:32,0.034992
2024-09-02 12:11:33,0.046032
2024-09-02 12:11:34,0.036576
2024-09-02 12:11:35,0.03056
2024-09-02 12:11:36,0.044712
2024-09-02 12:11:37,0.071232
2024-09-02 12:11:38,0.054232
2024-09-02 12:11:39,0.05244
2024-09-02 12:11:40,0.082272
2024-09-02 12:11:41,0.07084
2024-09-02 12:11:42,0.062144
2024-09-02 12:11:43,0.073472
2024-09-02 12:11:44,0.04576
2024-09-02 12:11:45,0.038744
2024-09-02 12:11:46,0.064776
2024-09-02 12:11:47,0.041056
2024-09-02 12:11:48,0.062304
2024-09-02 12:11:49,0.03204
2024-09-02 12:11:50,0.03788
2024-09-02 12:11:51,0.086936
2024-09-02 12:11:52,0.23688
2024-09-02 12:11:53,0.089576
2024-09-02 12:11:54,0.028392
2024-09-02 12:11:55,0.0818
2024-09-02 12:11:56,0.052144
2024-09-02 12:11:57,0.070648
2024-09-02 12:11:58,0.20552
2024-09-02 12:11:59,0.330224
2024-09-02 12:12:00,0.317112
2024-09-02 12:12:01,0.398864
2024-09-02 12:12:02,0.441344
2024-09-02 12:12:03,0.433248
2024-09-02 12:12:04,0.401784
2024-09-02 12:12:05,0.417808
2024-09-02 12:12:06,0.320912
2024-09-02 12:12:07,0.27228
2024-09-02 12:12:08,0.330904
2024-09-02 12:12:09,0.257448
2024-09-02 12:12:10,0.25628
2024-09-02 12:12:11,0.299256
2024-09-02 12:12:12,0.335856
2024-09-02 12:12:13,0.192152
2024-09-02 12:12:14,0.154616
2024-09-02 12:12:15,0.144952
2024-09-02 12:12:16,0.136616
2024-09-02 12:12:17,0.15928
2024-09-02 12:12:18,0.106112
2024-09-02 12:12:19,0.15128
2024-09-02 12:12:20,0.100664
2024-09-02 12:12:21,0.069928
2024-09-02 12:12:22,0.033208
2024-09-02 12:12:23,0.070784
2024-09-02 12:12:24,0.32692
2024-09-02 12:12:25,0.045072
2024-09-02 12:12:26,0.294456
2024-09-02 12:12:27,0.081704
2024-09-02 12:12:28,0.051016
2024-09-02 12:12:29,0.059808
2024-09-02 12:12:30,0.05856
2024-09-02 12:12:31,0.025136
2024-09-02 12:12:32,0.051816
2024-09-02 12:12:33,0.065312
2024-09-02 12:12:34,0.046696
2024-09-02 12:12:35,0.05936
2024-09-02 12:12:36,0.032464
2024-09-02 12:12:37,0.075536
2024-09-02 12:12:38,0.053056
2024-09-02 12:12:39,0.026728
2024-09-02 12:12:40,0.045008
2024-09-02 12:12:41,0.01984
2024-09-02 12:12:42,0.030288
2024-09-02 12:12:43,0.044472
2024-09-02 12:12:44,0.032264
2024-09-02 12:12:45,0.036464
2024-09-02 12:12:46,0.046896
2024-09-02 12:12:47,0.044592
2024-09-02 12:12:48,0.025768
2024-09-02 12:12:49,0.027784
2024-09-02 12:12:50,0.022808
2024-09-02 12:12:51,0.027736
2024-09-02 12:12:52,0.01956
2024-09-02 12:12:53,0.019816
2024-09-02 12:12:54,0.018136
2024-09-02 12:12:55,0.032872
2024-09-02 12:12:56,0.161152
2024-09-02 12:12:57,0.211152
2024-09-02 12:12:58,0.111048
2024-09-02 12:12:59,0.094728
2024-09-02 12:13:00,0.06932
2024-09-02 12:13:01,0.051976
2024-09-02 12:13:02,0.120264
2024-09-02 12:13:03,0.233944
2024-09-02 12:13:04,0.245816
2024-09-02 12:13:05,0.284904
2024-09-02 12:13:06,0.437432
2024-09-02 12:13:07,0.3082
2024-09-02 12:13:08,0.421104
2024-09-02 12:13:09,0.528712
2024-09-02 12:13:10,0.382216
2024-09-02 12:13:11,0.28
2024-09-02 12:13:12,0.369024
2024-09-02 12:13:13,0.292384
2024-09-02 12:13:14,0.314488
2024-09-02 12:13:15,0.310248
2024-09-02 12:13:16,0.213976
2024-09-02 12:13:17,0.241136
2024-09-02 12:13:18,0.243744
2024-09-02 12:13:19,0.153048
2024-09-02 12:13:20,0.213784
2024-09-02 12:13:21,0.134208
2024-09-02 12:13:22,0.090744
2024-09-02 12:13:23,0.144744
2024-09-02 12:13:24,0.094056
2024-09-02 12:13:25,0.103136
2024-09-02 12:13:26,0.036688
2024-09-02 12:13:27,0.036056
2024-09-02 12:13:28,0.026776
2024-09-02 12:13:29,0.01764
2024-09-02 12:13:30,0.017056
2024-09-02 12:13:31,0.026352
2024-09-02 12:13:32,0.036648
2024-09-02 12:13:33,0.342328
2024-09-02 12:13:34,0.089632
2024-09-02 12:13:35,0.049152
2024-09-02 12:13:36,0.042704
2024-09-02 12:13:37,0.053056
2024-09-02 12:13:38,0.021696
2024-09-02 12:13:39,0.039984
2024-09-02 12:13:40,0.023976
2024-09-02 12:13:41,0.043416
2024-09-02 12:13:42,0.03768
2024-09-02 12:13:43,0.050152
2024-09-02 12:13:44,0.055968
2024-09-02 12:13:45,0.051984
2024-09-02 12:13:46,0.049488
2024-09-02 12:13:47,0.055928
2024-09-02 12:13:48,0.058768
2024-09-02 12:13:49,0.062304
2024-09-02 12:13:50,0.056912
2024-09-02 12:13:51,0.052936
2024-09-02 12:13:52,0.050824
2024-09-02 12:13:53,0.05548
2024-09-02 12:13:54,0.063072
2024-09-02 12:13:55,0.05896
2024-09-02 12:13:56,0.058864
2024-09-02 12:13:57,0.046632
2024-09-02 12:13:58,0.051424
2024-09-02 12:13:59,0.048448
2024-09-02 12:14:00,0.040632
2024-09-02 12:14:01,0.050184
2024-09-02 12:14:02,0.048656
2024-09-02 12:14:03,0.047832
2024-09-02 12:14:04,0.046488
2024-09-02 12:14:05,0.04744
2024-09-02 12:14:06,0.045192
2024-09-02 12:14:07,0.10788
2024-09-02 12:14:08,0.027232
2024-09-02 12:14:09,0.032416
2024-09-02 12:14:10,0.214152
2024-09-02 12:14:11,0.091808
2024-09-02 12:14:12,0.046696
2024-09-02 12:14:13,0.04272
2024-09-02 12:14:14,0.038392
2024-09-02 12:14:15,0.03516
2024-09-02 12:14:16,0.03468
2024-09-02 12:14:17,0.051816
2024-09-02 12:14:18,0.044016
2024-09-02 12:14:19,0.029464
2024-09-02 12:14:20,0.043784
2024-09-02 12:14:21,0.03612
2024-09-02 12:14:22,0.055784
2024-09-02 12:14:23,0.03276
2024-09-02 12:14:24,0.021688
2024-09-02 12:14:25,0.03952
2024-09-02 12:14:26,0.040864
2024-09-02 12:14:27,0.028744
2024-09-02 12:14:28,0.04356
2024-09-02 12:14:29,0.031976
2024-09-02 12:14:30,0.03364
2024-09-02 12:14:31,0.067144
2024-09-02 12:14:32,0.029272
2024-09-02 12:14:33,0.057664
2024-09-02 12:14:34,0.03824
2024-09-02 12:14:35,0.026784
2024-09-02 12:14:36,0.024776
2024-09-02 12:14:37,0.047472
2024-09-02 12:14:38,0.021056
2024-09-02 12:14:39,0.03812
2024-09-02 12:14:40,0.183344
2024-09-02 12:14:41,0.247512
2024-09-02 12:14:42,0.02724
2024-09-02 12:14:43,0.096536
2024-09-02 12:14:44,0.051256
2024-09-02 12:14:45,0.040936
2024-09-02 12:14:46,0.194224
2024-09-02 12:14:47,0.257
2024-09-02 12:14:48,0.226968
2024-09-02 12:14:49,0.269224
2024-09-02 12:14:50,0.410256
2024-09-02 12:14:51,0.444248
2024-09-02 12:14:52,0.431048
2024-09-02 12:14:53,0.381744
2024-09-02 12:14:54,0.304568
2024-09-02 12:14:55,0.277496
2024-09-02 12:14:56,0.325776
2024-09-02 12:14:57,0.374384
2024-09-02 12:14:58,0.2328
2024-09-02 12:14:59,0.201064
2024-09-02 12:15:00,0.2732
2024-09-02 12:15:01,0.121992
2024-09-02 12:15:02,0.081568
2024-09-02 12:15:03,0.078256
2024-09-02 12:15:04,0.074728
2024-09-02 12:15:05,0.094
2024-09-02 12:15:06,0.044432
2024-09-02 12:15:07,0.046192
2024-09-02 12:15:08,0.27844
2024-09-02 12:15:09,0.114544
2024-09-02 12:15:10,0.03432
2024-09-02 12:15:11,0.320976
2024-09-02 12:15:12,0.082296
2024-09-02 12:15:13,0.05564
2024-09-02 12:15:14,0.033592
2024-09-02 12:15:15,0.031152
2024-09-02 12:15:16,0.06984
2024-09-02 12:15:17,0.042688
2024-09-02 12:15:18,0.03496
2024-09-02 12:15:19,0.02448
2024-09-02 12:15:20,0.02288
2024-09-02 12:15:21,0.030512
2024-09-02 12:15:22,0.040792
2024-09-02 12:15:23,0.019648
2024-09-02 12:15:24,0.014272
2024-09-02 12:15:25,0.01616
2024-09-02 12:15:26,0.050136
2024-09-02 12:15:27,0.050288
2024-09-02 12:15:28,0.032592
2024-09-02 12:15:29,0.047144
2024-09-02 12:15:30,0.032192
2024-09-02 12:15:31,0.054696
2024-09-02 12:15:32,0.02652
2024-09-02 12:15:33,0.028592
2024-09-02 12:15:34,0.05888
2024-09-02 12:15:35,0.036856
2024-09-02 12:15:36,0.027848
2024-09-02 12:15:37,0.057872
2024-09-02 12:15:38,0.033504
2024-09-02 12:15:39,0.029064
2024-09-02 12:15:40,0.084296
2024-09-02 12:15:41,0.101208
2024-09-02 12:15:42,0.2104
2024-09-02 12:15:43,0.024728
2024-09-02 12:15:44,0.093096
2024-09-02 12:15:45,0.039808
2024-09-02 12:15:46,0.016328
2024-09-02 12:15:47,0.259104
2024-09-02 12:15:48,0.206632
2024-09-02 12:15:49,0.216864
2024-09-02 12:15:50,0.371
2024-09-02 12:15:51,0.353112
2024-09-02 12:15:52,0.390072
2024-09-02 12:15:53,0.46808
2024-09-02 12:15:54,0.375632
2024-09-02 12:15:55,0.346768
2024-09-02 12:15:56,0.391688
2024-09-02 12:15:57,0.253496
2024-09-02 12:15:58,0.311904
2024-09-02 12:15:59,0.294368
2024-09-02 12:16:00,0.242464
2024-09-02 12:16:01,0.220832
2024-09-02 12:16:02,0.300952
2024-09-02 12:16:03,0.234448
2024-09-02 12:16:04,0.164312
2024-09-02 12:16:05,0.160296
2024-09-02 12:16:06,0.20092
2024-09-02 12:16:07,0.12064
2024-09-02 12:16:08,0.054496
2024-09-02 12:16:09,0.046272
2024-09-02 12:16:10,0.074408
2024-09-02 12:16:11,0.394912
2024-09-02 12:16:12,0.08988
2024-09-02 12:16:13,0.476088
2024-09-02 12:16:14,0.094656
2024-09-02 12:16:15,0.08332
2024-09-02 12:16:16,0.050384
2024-09-02 12:16:17,0.039736
2024-09-02 12:16:18,0.037328
2024-09-02 12:16:19,0.049112
2024-09-02 12:16:20,0.026416
2024-09-02 12:16:21,0.027616
2024-09-02 12:16:22,0.02292
2024-09-02 12:16:23,0.027928
2024-09-02 12:16:24,0.031144
2024-09-02 12:16:25,0.028688
2024-09-02 12:16:26,0.019536
2024-09-02 12:16:27,0.030376
2024-09-02 12:16:28,0.03088
2024-09-02 12:16:29,0.024416
2024-09-02 12:16:30,0.013016
2024-09-02 12:16:31,0.016296
2024-09-02 12:16:32,0.027912
2024-09-02 12:16:33,0.195944
2024-09-02 12:16:34,0.046656
2024-09-02 12:16:35,0.032584
2024-09-02 12:16:36,0.182328
2024-09-02 12:16:37,0.234944
2024-09-02 12:16:38,0.218832
2024-09-02 12:16:39,0.23604
2024-09-02 12:16:40,0.359304
2024-09-02 12:16:41,0.432896
2024-09-02 12:16:42,0.5542
2024-09-02 12:16:43,0.549912
2024-09-02 12:16:44,0.43368
2024-09-02 12:16:45,0.390712
2024-09-02 12:16:46,0.230248
2024-09-02 12:16:47,0.161712
2024-09-02 12:16:48,0.139688
2024-09-02 12:16:49,0.121232
2024-09-02 12:16:50,0.089112
2024-09-02 12:16:51,0.084024
2024-09-02 12:16:52,0.352704
2024-09-02 12:16:53,0.199976
2024-09-02 12:16:54,0.192792
2024-09-02 12:16:55,0.069568
2024-09-02 12:16:56,0.049464
2024-09-02 12:16:57,0.032464
2024-09-02 12:16:58,0.031864
2024-09-02 12:16:59,0.042352
2024-09-02 12:17:00,0.035488
2024-09-02 12:17:01,0.040784
2024-09-02 12:17:02,0.040488
2024-09-02 12:17:03,0.048664
2024-09-02 12:17:04,0.055352
2024-09-02 12:17:05,0.151032
2024-09-02 12:17:06,0.046424
2024-09-02 12:17:07,0.04488
2024-09-02 12:17:08,0.060264
2024-09-02 12:17:09,0.020088
2024-09-02 12:17:10,0.06456
2024-09-02 12:17:11,0.047032
2024-09-02 12:17:12,0.039112
2024-09-02 12:17:13,0.042752
2024-09-02 12:17:14,0.041032
2024-09-02 12:17:15,0.047744
2024-09-02 12:17:16,0.04824
2024-09-02 12:17:17,0.058496
2024-09-02 12:17:18,0.059392
2024-09-02 12:17:19,0.041984
2024-09-02 12:17:20,0.02296
2024-09-02 12:17:21,0.068024
2024-09-02 12:17:22,0.045032
2024-09-02 12:17:23,0.165984
2024-09-02 12:17:24,0.216144
2024-09-02 12:17:25,0.066872
2024-09-02 12:17:26,0.070272
2024-09-02 12:17:27,0.069952
2024-09-02 12:17:28,0.031704
2024-09-02 12:17:29,0.180648
2024-09-02 12:17:30,0.203872
2024-09-02 12:17:31,0.231
2024-09-02 12:17:32,0.390208
2024-09-02 12:17:33,0.390872
2024-09-02 12:17:34,0.472896
2024-09-02 12:17:35,0.593464
2024-09-02 12:17:36,0.458192
2024-09-02 12:17:37,0.413368
2024-09-02 12:17:38,0.434408
2024-09-02 12:17:39,0.356712
2024-09-02 12:17:40,0.4434
2024-09-02 12:17:41,0.391808
2024-09-02 12:17:42,0.339984
2024-09-02 12:17:43,0.147984
2024-09-02 12:17:44,0.191048
2024-09-02 12:17:45,0.190744
2024-09-02 12:17:46,0.232096
2024-09-02 12:17:47,0.113736
2024-09-02 12:17:48,0.115032
2024-09-02 12:17:49,0.048184
2024-09-02 12:17:50,0.037904
2024-09-02 12:17:51,0.021888
2024-09-02 12:17:52,0.04892
2024-09-02 12:17:53,0.331608
2024-09-02 12:17:54,0.036944
2024-09-02 12:17:55,0.316
2024-09-02 12:17:56,0.099304
2024-09-02 12:17:57,0.115576
2024-09-02 12:17:58,0.116896
2024-09-02 12:17:59,0.084024
2024-09-02 12:18:00,0.045376
2024-09-02 12:18:01,0.03468
2024-09-02 12:18:02,0.021848
2024-09-02 12:18:03,0.018728
2024-09-02 12:18:04,0.017104
2024-09-02 12:18:05,0.032832
2024-09-02 12:18:06,0.04908
2024-09-02 12:18:07,0.042768
2024-09-02 12:18:08,0.041616
2024-09-02 12:18:09,0.034344
2024-09-02 12:18:10,0.028576
2024-09-02 12:18:11,0.019752
2024-09-02 12:18:12,0.038232
2024-09-02 12:18:13,0.027072
2024-09-02 12:18:14,0.039224
2024-09-02 12:18:15,0.029784
2024-09-02 12:18:16,0.031304
2024-09-02 12:18:17,0.022464
2024-09-02 12:18:18,0.035024
2024-09-02 12:18:19,0.023512
2024-09-02 12:18:20,0.043616
2024-09-02 12:18:21,0.038888
2024-09-02 12:18:22,0.038488
2024-09-02 12:18:23,0.036032
2024-09-02 12:18:24,0.0284
2024-09-02 12:18:25,0.218776
2024-09-02 12:18:26,0.214792
2024-09-02 12:18:27,0.039064
2024-09-02 12:18:28,0.0786
2024-09-02 12:18:29,0.044152
2024-09-02 12:18:30,0.032384
2024-09-02 12:18:31,0.18676
2024-09-02 12:18:32,0.281984
2024-09-02 12:18:33,0.271
2024-09-02 12:18:34,0.345136
2024-09-02 12:18:35,0.516472
2024-09-02 12:18:36,0.503104
2024-09-02 12:18:37,0.53892
2024-09-02 12:18:38,0.543416
2024-09-02 12:18:39,0.429568
2024-09-02 12:18:40,0.364368
2024-09-02 12:18:41,0.436384
2024-09-02 12:18:42,0.426184
2024-09-02 12:18:43,0.337952
2024-09-02 12:18:44,0.327312
2024-09-02 12:18:45,0.261448
2024-09-02 12:18:46,0.218624
2024-09-02 12:18:47,0.100688
2024-09-02 12:18:48,0.107976
2024-09-02 12:18:49,0.082088
2024-09-02 12:18:50,0.05888
2024-09-02 12:18:51,0.068728
2024-09-02 12:18:52,0.024952
2024-09-02 12:18:53,0.084248
2024-09-02 12:18:54,0.306648
2024-09-02 12:18:55,0.077928
2024-09-02 12:18:56,0.288272
2024-09-02 12:18:57,0.09188
2024-09-02 12:18:58,0.07656
2024-09-02 12:18:59,0.070552
2024-09-02 12:19:00,0.059744
2024-09-02 12:19:01,0.056272
2024-09-02 12:19:02,0.060432
2024-09-02 12:19:03,0.077376
2024-09-02 12:19:04,0.056768
2024-09-02 12:19:05,0.035296
2024-09-02 12:19:06,0.040816
2024-09-02 12:19:07,0.021344
2024-09-02 12:19:08,0.02708
2024-09-02 12:19:09,0.02752
2024-09-02 12:19:10,0.049248
2024-09-02 12:19:11,0.048416
2024-09-02 12:19:12,0.048312
2024-09-02 12:19:13,0.029256
2024-09-02 12:19:14,0.0464
2024-09-02 12:19:15,0.023576
2024-09-02 12:19:16,0.043632
2024-09-02 12:19:17,0.054456
2024-09-02 12:19:18,0.05976
2024-09-02 12:19:19,0.028832
2024-09-02 12:19:20,0.041824
2024-09-02 12:19:21,0.0446
2024-09-02 12:19:22,0.04592
2024-09-02 12:19:23,0.040248
2024-09-02 12:19:24,0.047072
2024-09-02 12:19:25,0.023864
2024-09-02 12:19:26,0.213248
2024-09-02 12:19:27,0.172024
2024-09-02 12:19:28,0.053728
2024-09-02 12:19:29,0.056432
2024-09-02 12:19:30,0.061888
2024-09-02 12:19:31,0.040536
2024-09-02 12:19:32,0.127048
2024-09-02 12:19:33,0.264272
2024-09-02 12:19:34,0.251808
2024-09-02 12:19:35,0.326248
2024-09-02 12:19:36,0.430376
2024-09-02 12:19:37,0.545944
2024-09-02 12:19:38,0.5426
2024-09-02 12:19:39,0.520456
2024-09-02 12:19:40,0.539752
2024-09-02 12:19:41,0.449576
2024-09-02 12:19:42,0.532328
2024-09-02 12:19:43,0.427504
2024-09-02 12:19:44,0.375736
2024-09-02 12:19:45,0.35648
2024-09-02 12:19:46,0.282432
2024-09-02 12:19:47,0.339336
2024-09-02 12:19:48,0.316824
2024-09-02 12:19:49,0.139312
2024-09-02 12:19:50,0.070624
2024-09-02 12:19:51,0.062088
2024-09-02 12:19:52,0.062456
2024-09-02 12:19:53,0.068112
2024-09-02 12:19:54,0.082024
2024-09-02 12:19:55,0.081584
2024-09-02 12:19:56,0.054048
2024-09-02 12:19:57,0.043136
2024-09-02 12:19:58,0.045816
2024-09-02 12:19:59,0.048728
2024-09-02 12:20:00,0.042528
2024-09-02 12:20:01,0.046192
2024-09-02 12:20:02,0.048216
2024-09-02 12:20:03,0.047184
2024-09-02 12:20:04,0.039296
2024-09-02 12:20:05,0.043872
2024-09-02 12:20:06,0.05276
2024-09-02 12:20:07,0.058872
2024-09-02 12:20:08,0.035528
2024-09-02 12:20:09,0.052096
2024-09-02 12:20:10,0.025432
2024-09-02 12:20:11,0.049072
2024-09-02 12:20:12,0.328528
2024-09-02 12:20:13,0.03692
2024-09-02 12:20:14,0.095072
2024-09-02 12:20:15,0.051792
2024-09-02 12:20:16,0.040896
2024-09-02 12:20:17,0.024512
2024-09-02 12:20:18,0.032616
2024-09-02 12:20:19,0.04316
2024-09-02 12:20:20,0.05176
2024-09-02 12:20:21,0.04008
2024-09-02 12:20:22,0.041272
2024-09-02 12:20:23,0.056256
2024-09-02 12:20:24,0.050264
2024-09-02 12:20:25,0.050888
2024-09-02 12:20:26,0.062912
2024-09-02 12:20:27,0.054416
2024-09-02 12:20:28,0.054336
2024-09-02 12:20:29,0.050296
2024-09-02 12:20:30,0.042312
2024-09-02 12:20:31,0.046832
2024-09-02 12:20:32,0.043712
2024-09-02 12:20:33,0.055808
2024-09-02 12:20:34,0.051336
2024-09-02 12:20:35,0.048648
2024-09-02 12:20:36,0.046704
2024-09-02 12:20:37,0.066648
2024-09-02 12:20:38,0.053312
2024-09-02 12:20:39,0.045744
2024-09-02 12:20:40,0.057592
2024-09-02 12:20:41,0.040904
2024-09-02 12:20:42,0.037616
2024-09-02 12:20:43,0.037088
2024-09-02 12:20:44,0.039416
2024-09-02 12:20:45,0.043712
2024-09-02 12:20:46,0.042472
2024-09-02 12:20:47,0.09348
2024-09-02 12:20:48,0.036968
2024-09-02 12:20:49,0.174856
2024-09-02 12:20:50,0.112416
2024-09-02 12:20:51,0.084256
2024-09-02 12:20:52,0.030944
2024-09-02 12:20:53,0.058944
2024-09-02 12:20:54,0.040376
2024-09-02 12:20:55,0.089264
2024-09-02 12:20:56,0.03372
2024-09-02 12:20:57,0.042408
2024-09-02 12:20:58,0.043128
2024-09-02 12:20:59,0.057008
2024-09-02 12:21:00,0.017424
2024-09-02 12:21:01,0.078488
2024-09-02 12:21:02,0.046552
2024-09-02 12:21:03,0.038024
2024-09-02 12:21:04,0.035264
2024-09-02 12:21:05,0.071328
2024-09-02 12:21:06,0.035352
2024-09-02 12:21:07,0.055576
2024-09-02 12:21:08,0.03684
2024-09-02 12:21:09,0.0488
2024-09-02 12:21:10,0.037936
2024-09-02 12:21:11,0.035488
2024-09-02 12:21:12,0.04152
2024-09-02 12:21:13,0.035744
2024-09-02 12:21:14,0.035464
2024-09-02 12:21:15,0.03684
2024-09-02 12:21:16,0.044088
2024-09-02 12:21:17,0.026312
2024-09-02 12:21:18,0.031728
2024-09-02 12:21:19,0.228856
2024-09-02 12:21:20,0.221656
2024-09-02 12:21:21,0.062072
2024-09-02 12:21:22,0.08944
2024-09-02 12:21:23,0.056624
2024-09-02 12:21:24,0.043464
2024-09-02 12:21:25,0.269128
2024-09-02 12:21:26,0.236384
2024-09-02 12:21:27,0.265968
2024-09-02 12:21:28,0.491264
2024-09-02 12:21:29,0.485872
2024-09-02 12:21:30,0.547664
2024-09-02 12:21:31,0.69344
2024-09-02 12:21:32,0.53996
2024-09-02 12:21:33,0.338776
2024-09-02 12:21:34,0.394328
2024-09-02 12:21:35,0.461
2024-09-02 12:21:36,0.467832
2024-09-02 12:21:37,0.443064
2024-09-02 12:21:38,0.395816
2024-09-02 12:21:39,0.326776
2024-09-02 12:21:40,0.329816
2024-09-02 12:21:41,0.30996
2024-09-02 12:21:42,0.27408
2024-09-02 12:21:43,0.179952
2024-09-02 12:21:44,0.189312
2024-09-02 12:21:45,0.1466
2024-09-02 12:21:46,0.088488
2024-09-02 12:21:47,0.12704
2024-09-02 12:21:48,0.101112
2024-09-02 12:21:49,0.04108
2024-09-02 12:21:50,0.05196
2024-09-02 12:21:51,0.104176
2024-09-02 12:21:52,0.266944
2024-09-02 12:21:53,0.054296
2024-09-02 12:21:54,0.255776
2024-09-02 12:21:55,0.095864
2024-09-02 12:21:56,0.128352
2024-09-02 12:21:57,0.116896
2024-09-02 12:21:58,0.111384
2024-09-02 12:21:59,0.171304
2024-09-02 12:22:00,0.049496
2024-09-02 12:22:01,0.029736
2024-09-02 12:22:02,0.043152
2024-09-02 12:22:03,0.03392
2024-09-02 12:22:04,0.026552
2024-09-02 12:22:05,0.028936
2024-09-02 12:22:06,0.026376
2024-09-02 12:22:07,0.01972
2024-09-02 12:22:08,0.047464
2024-09-02 12:22:09,0.021272
2024-09-02 12:22:10,0.039304
2024-09-02 12:22:11,0.037056
2024-09-02 12:22:12,0.02368
2024-09-02 12:22:13,0.035976
2024-09-02 12:22:14,0.029976
2024-09-02 12:22:15,0.026864
2024-09-02 12:22:16,0.04276
2024-09-02 12:22:17,0.037848
2024-09-02 12:22:18,0.034912
2024-09-02 12:22:19,0.05428
2024-09-02 12:22:20,0.056128
2024-09-02 12:22:21,0.087592
2024-09-02 12:22:22,0.04068
2024-09-02 12:22:23,0.039224
2024-09-02 12:22:24,0.190064
2024-09-02 12:22:25,0.181064
2024-09-02 12:22:26,0.044728
2024-09-02 12:22:27,0.063264
2024-09-02 12:22:28,0.038416
2024-09-02 12:22:29,0.018704
2024-09-02 12:22:30,0.183976
2024-09-02 12:22:31,0.280368
2024-09-02 12:22:32,0.29904
2024-09-02 12:22:33,0.356752
2024-09-02 12:22:34,0.499792
2024-09-02 12:22:35,0.465824
2024-09-02 12:22:36,0.400368
2024-09-02 12:22:37,0.465752
2024-09-02 12:22:38,0.411856
2024-09-02 12:22:39,0.393688
2024-09-02 12:22:40,0.32484
2024-09-02 12:22:41,0.376952
2024-09-02 12:22:42,0.3424
2024-09-02 12:22:43,0.324544
2024-09-02 12:22:44,0.308376
2024-09-02 12:22:45,0.314048
2024-09-02 12:22:46,0.361152
2024-09-02 12:22:47,0.233912
2024-09-02 12:22:48,0.042248
2024-09-02 12:22:49,0.099944
2024-09-02 12:22:50,0.058952
2024-09-02 12:22:51,0.27636
2024-09-02 12:22:52,0.120312
2024-09-02 12:22:53,0.26164
2024-09-02 12:22:54,0.050168
2024-09-02 12:22:55,0.041768
2024-09-02 12:22:56,0.036416
2024-09-02 12:22:57,0.028432
2024-09-02 12:22:58,0.018128
2024-09-02 12:22:59,0.019248
2024-09-02 12:23:00,0.0176
2024-09-02 12:23:01,0.015224
2024-09-02 12:23:02,0.0176
2024-09-02 12:23:03,0.015224
2024-09-02 12:23:04,0.0176
2024-09-02 12:23:05,0.029944
2024-09-02 12:23:06,0.016504
2024-09-02 12:23:07,0.022648
2024-09-02 12:23:08,0.034656
2024-09-02 12:23:09,0.029384
2024-09-02 12:23:10,0.027808
2024-09-02 12:23:11,0.031984
2024-09-02 12:23:12,0.015312
2024-09-02 12:23:13,0.061968
2024-09-02 12:23:14,0.042384
2024-09-02 12:23:15,0.036656
2024-09-02 12:23:16,0.144896
2024-09-02 12:23:17,0.160184
2024-09-02 12:23:18,0.153224
2024-09-02 12:23:19,0.156376
2024-09-02 12:23:20,0.244688
2024-09-02 12:23:21,0.268856
2024-09-02 12:23:22,0.337208
2024-09-02 12:23:23,0.386072
2024-09-02 12:23:24,0.243544
2024-09-02 12:23:25,0.162088
2024-09-02 12:23:26,0.083536
2024-09-02 12:23:27,0.245456
2024-09-02 12:23:28,0.135328
2024-09-02 12:23:29,0.161664
2024-09-02 12:23:30,0.096712
2024-09-02 12:23:31,0.058848
2024-09-02 12:23:32,0.03228
2024-09-02 12:23:33,0.034296
2024-09-02 12:23:34,0.038464
2024-09-02 12:23:35,0.059608
2024-09-02 12:23:36,0.038168
2024-09-02 12:23:37,0.052176
2024-09-02 12:23:38,0.063912
2024-09-02 12:23:39,0.062648
2024-09-02 12:23:40,0.090344
2024-09-02 12:23:41,0.044096
2024-09-02 12:23:42,0.025928
2024-09-02 12:23:43,0.049112
2024-09-02 12:23:44,0.063104
2024-09-02 12:23:45,0.033216
2024-09-02 12:23:46,0.049312
2024-09-02 12:23:47,0.029024
2024-09-02 12:23:48,0.047672
2024-09-02 12:23:49,0.026248
2024-09-02 12:23:50,0.044032
2024-09-02 12:23:51,0.029224
2024-09-02 12:23:52,0.057184
2024-09-02 12:23:53,0.034552
2024-09-02 12:23:54,0.03104
2024-09-02 12:23:55,0.024504
2024-09-02 12:23:56,0.045352
2024-09-02 12:23:57,0.039952
2024-09-02 12:23:58,0.11416
2024-09-02 12:23:59,0.19204
2024-09-02 12:24:00,0.057144
2024-09-02 12:24:01,0.069024
2024-09-02 12:24:02,0.035656
2024-09-02 12:24:03,0.049728
2024-09-02 12:24:04,0.153104
2024-09-02 12:24:05,0.199632
2024-09-02 12:24:06,0.198464
2024-09-02 12:24:07,0.275664
2024-09-02 12:24:08,0.386688
2024-09-02 12:24:09,0.335504
2024-09-02 12:24:10,0.411096
2024-09-02 12:24:11,0.406944
2024-09-02 12:24:12,0.386984
2024-09-02 12:24:13,0.34216
2024-09-02 12:24:14,0.335656
2024-09-02 12:24:15,0.330072
2024-09-02 12:24:16,0.373248
2024-09-02 12:24:17,0.301776
2024-09-02 12:24:18,0.254168
2024-09-02 12:24:19,0.328056
2024-09-02 12:24:20,0.189064
2024-09-02 12:24:21,0.18492
2024-09-02 12:24:22,0.117584
2024-09-02 12:24:23,0.054888
2024-09-02 12:24:24,0.027672
2024-09-02 12:24:25,0.093848
2024-09-02 12:24:26,0.172856
2024-09-02 12:24:27,0.050984
2024-09-02 12:24:28,0.207784
2024-09-02 12:24:29,0.06656
2024-09-02 12:24:30,0.071392
2024-09-02 12:24:31,0.053416
2024-09-02 12:24:32,0.040312
2024-09-02 12:24:33,0.022976
2024-09-02 12:24:34,0.019272
2024-09-02 12:24:35,0.014104
2024-09-02 12:24:36,0.047544
2024-09-02 12:24:37,0.052696
2024-09-02 12:24:38,0.048976
2024-09-02 12:24:39,0.024624
2024-09-02 12:24:40,0.015824
2024-09-02 12:24:41,0.015632
2024-09-02 12:24:42,0.047672
2024-09-02 12:24:43,0.017608
2024-09-02 12:24:44,0.013808
2024-09-02 12:24:45,0.015648
2024-09-02 12:24:46,0.017736
2024-09-02 12:24:47,0.017144
2024-09-02 12:24:48,0.024256
2024-09-02 12:24:49,0.02664
2024-09-02 12:24:50,0.013848
2024-09-02 12:24:51,0.020064
2024-09-02 12:24:52,0.02104
2024-09-02 12:24:53,0.01908
2024-09-02 12:24:54,0.015192
2024-09-02 12:24:55,0.014392
2024-09-02 12:24:56,0.017224
2024-09-02 12:24:57,0.015192
2024-09-02 12:24:58,0.142888
2024-09-02 12:24:59,0.130408
2024-09-02 12:25:00,0.03344
2024-09-02 12:25:01,0.041072
2024-09-02 12:25:02,0.03404
2024-09-02 12:25:03,0.022544
2024-09-02 12:25:04,0.148016
2024-09-02 12:25:05,0.269616
2024-09-02 12:25:06,0.26676
2024-09-02 12:25:07,0.300088
2024-09-02 12:25:08,0.43628
2024-09-02 12:25:09,0.344952
2024-09-02 12:25:10,0.38864
2024-09-02 12:25:11,0.395176
2024-09-02 12:25:12,0.404008
2024-09-02 12:25:13,0.342432
2024-09-02 12:25:14,0.357616
2024-09-02 12:25:15,0.328832
2024-09-02 12:25:16,0.355032
2024-09-02 12:25:17,0.297616
2024-09-02 12:25:18,0.244536
2024-09-02 12:25:19,0.214784
2024-09-02 12:25:20,0.215856
2024-09-02 12:25:21,0.135016
2024-09-02 12:25:22,0.02748
2024-09-02 12:25:23,0.03076
2024-09-02 12:25:24,0.047488
2024-09-02 12:25:25,0.033312
2024-09-02 12:25:26,0.184504
2024-09-02 12:25:27,0.040528
2024-09-02 12:25:28,0.218096
2024-09-02 12:25:29,0.069096
2024-09-02 12:25:30,0.10368
2024-09-02 12:25:31,0.075824
2024-09-02 12:25:32,0.069608
2024-09-02 12:25:33,0.07332
2024-09-02 12:25:34,0.078216
2024-09-02 12:25:35,0.03076
2024-09-02 12:25:36,0.028384
2024-09-02 12:25:37,0.060136
2024-09-02 12:25:38,0.059904
2024-09-02 12:25:39,0.020664
2024-09-02 12:25:40,0.01948
2024-09-02 12:25:41,0.022328
2024-09-02 12:25:42,0.04028
2024-09-02 12:25:43,0.026312
2024-09-02 12:25:44,0.02956
2024-09-02 12:25:45,0.032304
2024-09-02 12:25:46,0.02936
2024-09-02 12:25:47,0.056776
2024-09-02 12:25:48,0.036496
2024-09-02 12:25:49,0.025928
2024-09-02 12:25:50,0.053328
2024-09-02 12:25:51,0.02404
2024-09-02 12:25:52,0.03816
2024-09-02 12:25:53,0.039232
2024-09-02 12:25:54,0.025664
2024-09-02 12:25:55,0.023424
2024-09-02 12:25:56,0.042592
2024-09-02 12:25:57,0.040952
2024-09-02 12:25:58,0.154536
2024-09-02 12:25:59,0.121024
2024-09-02 12:26:00,0.03668
2024-09-02 12:26:01,0.041696
2024-09-02 12:26:02,0.02112
2024-09-02 12:26:03,0.031536
2024-09-02 12:26:04,0.217784
2024-09-02 12:26:05,0.223152
2024-09-02 12:26:06,0.31172
2024-09-02 12:26:07,0.416864
2024-09-02 12:26:08,0.454016
2024-09-02 12:26:09,0.31964
2024-09-02 12:26:10,0.421448
2024-09-02 12:26:11,0.438088
2024-09-02 12:26:12,0.5518
2024-09-02 12:26:13,0.40264
2024-09-02 12:26:14,0.411224
2024-09-02 12:26:15,0.336712
2024-09-02 12:26:16,0.338904
2024-09-02 12:26:17,0.262328
2024-09-02 12:26:18,0.103016
2024-09-02 12:26:19,0.132744
2024-09-02 12:26:20,0.111976
2024-09-02 12:26:21,0.106736
2024-09-02 12:26:22,0.034792
2024-09-02 12:26:23,0.087448
2024-09-02 12:26:24,0.188728
2024-09-02 12:26:25,0.033112
2024-09-02 12:26:26,0.08956
2024-09-02 12:26:27,0.048104
2024-09-02 12:26:28,0.048152
2024-09-02 12:26:29,0.038792
2024-09-02 12:26:30,0.015536
2024-09-02 12:26:31,0.018264
2024-09-02 12:26:32,0.044256
2024-09-02 12:26:33,0.04864
2024-09-02 12:26:34,0.03676
2024-09-02 12:26:35,0.047288
2024-09-02 12:26:36,0.058056
2024-09-02 12:26:37,0.052864
2024-09-02 12:26:38,0.061632
2024-09-02 12:26:39,0.050512
2024-09-02 12:26:40,0.049984
2024-09-02 12:26:41,0.036424
2024-09-02 12:26:42,0.042304
2024-09-02 12:26:43,0.038256
2024-09-02 12:26:44,0.0386
2024-09-02 12:26:45,0.0414
2024-09-02 12:26:46,0.041008
2024-09-02 12:26:47,0.077016
2024-09-02 12:26:48,0.019048
2024-09-02 12:26:49,0.103544
2024-09-02 12:26:50,0.109448
2024-09-02 12:26:51,0.063432
2024-09-02 12:26:52,0.093168
2024-09-02 12:26:53,0.042296
2024-09-02 12:26:54,0.015584
2024-09-02 12:26:55,0.018328
2024-09-02 12:26:56,0.02912
2024-09-02 12:26:57,0.018
2024-09-02 12:26:58,0.013336
2024-09-02 12:26:59,0.010144
2024-09-02 12:27:00,0.021304
2024-09-02 12:27:01,0.01568
2024-09-02 12:27:02,0.019336
2024-09-02 12:27:03,0.041408
2024-09-02 12:27:04,0.017256
2024-09-02 12:27:05,0.032128
2024-09-02 12:27:06,0.016256
2024-09-02 12:27:07,0.024288
2024-09-02 12:27:08,0.02516
2024-09-02 12:27:09,0.0106
2024-09-02 12:27:10,0.015248
2024-09-02 12:27:11,0.013736
2024-09-02 12:27:12,0.014768
2024-09-02 12:27:13,0.02248
2024-09-02 12:27:14,0.037584
2024-09-02 12:27:15,0.026792
2024-09-02 12:27:16,0.011824
2024-09-02 12:27:17,0.0318
2024-09-02 12:27:18,0.030048
2024-09-02 12:27:19,0.163104
2024-09-02 12:27:20,0.11292
2024-09-02 12:27:21,0.077088
2024-09-02 12:27:22,0.02704
2024-09-02 12:27:23,0.047016
2024-09-02 12:27:24,0.0422
2024-09-02 12:27:25,0.08952
2024-09-02 12:27:26,0.31276
2024-09-02 12:27:27,0.2754
2024-09-02 12:27:28,0.25404
2024-09-02 12:27:29,0.547704
2024-09-02 12:27:30,0.336536
2024-09-02 12:27:31,0.341464
2024-09-02 12:27:32,0.595232
2024-09-02 12:27:33,0.363424
2024-09-02 12:27:34,0.322784
2024-09-02 12:27:35,0.35648
2024-09-02 12:27:36,0.287824
2024-09-02 12:27:37,0.318024
2024-09-02 12:27:38,0.384784
2024-09-02 12:27:39,0.247592
2024-09-02 12:27:40,0.12084
2024-09-02 12:27:41,0.132192
2024-09-02 12:27:42,0.070872
2024-09-02 12:27:43,0.098512
2024-09-02 12:27:44,0.130472
2024-09-02 12:27:45,0.027712
2024-09-02 12:27:46,0.093224
2024-09-02 12:27:47,0.127592
2024-09-02 12:27:48,0.08136
2024-09-02 12:27:49,0.093688
2024-09-02 12:27:50,0.08064
2024-09-02 12:27:51,0.116664
2024-09-02 12:27:52,0.062816
2024-09-02 12:27:53,0.06712
2024-09-02 12:27:54,0.021032
2024-09-02 12:27:55,0.019008
2024-09-02 12:27:56,0.012312
2024-09-02 12:27:57,0.015624
2024-09-02 12:27:58,0.009256
2024-09-02 12:27:59,0.015816
2024-09-02 12:28:00,0.009256
2024-09-02 12:28:01,0.012608
2024-09-02 12:28:02,0.02648
2024-09-02 12:28:03,0.010864
2024-09-02 12:28:04,0.011
2024-09-02 12:28:05,0.011624
2024-09-02 12:28:06,0.017256
2024-09-02 12:28:07,0.013912
2024-09-02 12:28:08,0.03384
2024-09-02 12:28:09,0.012312
2024-09-02 12:28:10,0.0258
2024-09-02 12:28:11,0.02696
2024-09-02 12:28:12,0.0368
2024-09-02 12:28:13,0.019544
2024-09-02 12:28:14,0.023488
2024-09-02 12:28:15,0.030232
2024-09-02 12:28:16,0.029376
2024-09-02 12:28:17,0.059856
2024-09-02 12:28:18,0.094528
2024-09-02 12:28:19,0.028304
2024-09-02 12:28:20,0.063304
2024-09-02 12:28:21,0.03932
2024-09-02 12:28:22,0.034224
2024-09-02 12:28:23,0.155984
2024-09-02 12:28:24,0.167984
2024-09-02 12:28:25,0.15072
2024-09-02 12:28:26,0.290888
2024-09-02 12:28:27,0.202928
2024-09-02 12:28:28,0.241328
2024-09-02 12:28:29,0.294096
2024-09-02 12:28:30,0.271856
2024-09-02 12:28:31,0.262696
2024-09-02 12:28:32,0.285136
2024-09-02 12:28:33,0.304616
2024-09-02 12:28:34,0.168904
2024-09-02 12:28:35,0.150192
2024-09-02 12:28:36,0.23384
2024-09-02 12:28:37,0.17096
2024-09-02 12:28:38,0.031456
2024-09-02 12:28:39,0.031064
2024-09-02 12:28:40,0.046096
2024-09-02 12:28:41,0.127512
2024-09-02 12:28:42,0.031944
2024-09-02 12:28:43,0.16292
2024-09-02 12:28:44,0.080816
2024-09-02 12:28:45,0.038264
2024-09-02 12:28:46,0.028736
2024-09-02 12:28:47,0.019232
2024-09-02 12:28:48,0.019088
2024-09-02 12:28:49,0.01532
2024-09-02 12:28:50,0.014728
2024-09-02 12:28:51,0.03008
2024-09-02 12:28:52,0.021096
2024-09-02 12:28:53,0.023968
2024-09-02 12:28:54,0.039072
2024-09-02 12:28:55,0.035824
2024-09-02 12:28:56,0.023464
2024-09-02 12:28:57,0.02516
2024-09-02 12:28:58,0.021336
2024-09-02 12:28:59,0.017208
2024-09-02 12:29:00,0.029352
2024-09-02 12:29:01,0.01952
2024-09-02 12:29:02,0.014344
2024-09-02 12:29:03,0.037664
2024-09-02 12:29:04,0.016144
2024-09-02 12:29:05,0.0264
2024-09-02 12:29:06,0.011
2024-09-02 12:29:07,0.026888
2024-09-02 12:29:08,0.030144
2024-09-02 12:29:09,0.080728
2024-09-02 12:29:10,0.11376
2024-09-02 12:29:11,0.119096
2024-09-02 12:29:12,0.118432
2024-09-02 12:29:13,0.173944
2024-09-02 12:29:14,0.134968
2024-09-02 12:29:15,0.159896
2024-09-02 12:29:16,0.208616
2024-09-02 12:29:17,0.10124
2024-09-02 12:29:18,0.147352
2024-09-02 12:29:19,0.060136
2024-09-02 12:29:20,0.18208
2024-09-02 12:29:21,0.094712
2024-09-02 12:29:22,0.10216
2024-09-02 12:29:23,0.04812
2024-09-02 12:29:24,0.0498
2024-09-02 12:29:25,0.017208
2024-09-02 12:29:26,0.012904
2024-09-02 12:29:27,0.01392
2024-09-02 12:29:28,0.022552
2024-09-02 12:29:29,0.014976
2024-09-02 12:29:30,0.009256
2024-09-02 12:29:31,0.02276
2024-09-02 12:29:32,0.032744
2024-09-02 12:29:33,0.022168
2024-09-02 12:29:34,0.040528
2024-09-02 12:29:35,0.027888
2024-09-02 12:29:36,0.049736
2024-09-02 12:29:37,0.0608
2024-09-02 12:29:38,0.060496
2024-09-02 12:29:39,0.052464
2024-09-02 12:29:40,0.023904
2024-09-02 12:29:41,0.03428
2024-09-02 12:29:42,0.039824
2024-09-02 12:29:43,0.078512
2024-09-02 12:29:44,0.030032
2024-09-02 12:29:45,0.033928
2024-09-02 12:29:46,0.023592
2024-09-02 12:29:47,0.038456
2024-09-02 12:29:48,0.0284
2024-09-02 12:29:49,0.0178
2024-09-02 12:29:50,0.018392
2024-09-02 12:29:51,0.05748
2024-09-02 12:29:52,0.096528
2024-09-02 12:29:53,0.025568
2024-09-02 12:29:54,0.036848
2024-09-02 12:29:55,0.020128
2024-09-02 12:29:56,0.015712
2024-09-02 12:29:57,0.144336
2024-09-02 12:29:58,0.136536
2024-09-02 12:29:59,0.16312
2024-09-02 12:30:00,0.284656
2024-09-02 12:30:01,0.237392
2024-09-02 12:30:02,0.303624
2024-09-02 12:30:03,0.361928
2024-09-02 12:30:04,0.330656
2024-09-02 12:30:05,0.317888
2024-09-02 12:30:06,0.311624
2024-09-02 12:30:07,0.266192
2024-09-02 12:30:08,0.256192
2024-09-02 12:30:09,0.168992
2024-09-02 12:30:10,0.214368
2024-09-02 12:30:11,0.221416
2024-09-02 12:30:12,0.124488
2024-09-02 12:30:13,0.050192
2024-09-02 12:30:14,0.049024
2024-09-02 12:30:15,0.092072
2024-09-02 12:30:16,0.044936
2024-09-02 12:30:17,0.02028
2024-09-02 12:30:18,0.026272
2024-09-02 12:30:19,0.017072
2024-09-02 12:30:20,0.01768
2024-09-02 12:30:21,0.015696
2024-09-02 12:30:22,0.011944
2024-09-02 12:30:23,0.0078
2024-09-02 12:30:24,0.00096
2024-09-02 12:30:25,0.00096
2024-09-02 12:30:26,0.00096
2024-09-02 12:30:27,0.001056
2024-09-02 12:30:28,0.00048
