time,mbps
2024-09-02 18:16:08,0.008976
2024-09-02 18:16:09,0.20676
2024-09-02 18:16:10,0.02248
2024-09-02 18:16:11,0.016408
2024-09-02 18:16:12,0.01236
2024-09-02 18:16:13,0.017232
2024-09-02 18:16:14,0.065184
2024-09-02 18:16:15,0.345592
2024-09-02 18:16:16,0.041648
2024-09-02 18:16:17,0.028384
2024-09-02 18:16:18,0.02524
2024-09-02 18:16:19,0.02832
2024-09-02 18:16:20,0.0454
2024-09-02 18:16:21,0.028608
2024-09-02 18:16:22,0.026336
2024-09-02 18:16:23,0.03004
2024-09-02 18:16:24,0.02632
2024-09-02 18:16:25,0.02968
2024-09-02 18:16:26,0.028288
2024-09-02 18:16:27,0.035144
2024-09-02 18:16:28,0.029672
2024-09-02 18:16:29,0.032624
2024-09-02 18:16:30,0.024208
2024-09-02 18:16:31,0.023032
2024-09-02 18:16:32,0.027432
2024-09-02 18:16:33,0.029464
2024-09-02 18:16:34,0.028544
2024-09-02 18:16:35,0.032704
2024-09-02 18:16:36,0.019928
2024-09-02 18:16:37,0.0288
2024-09-02 18:16:38,0.020944
2024-09-02 18:16:39,0.023904
2024-09-02 18:16:40,0.020544
2024-09-02 18:16:41,0.021904
2024-09-02 18:16:42,0.021544
2024-09-02 18:16:43,0.023904
2024-09-02 18:16:44,0.020544
2024-09-02 18:16:45,0.024904
2024-09-02 18:16:46,0.012864
2024-09-02 18:16:47,0.015704
2024-09-02 18:16:48,0.019568
2024-09-02 18:16:49,0.024928
2024-09-02 18:16:50,0.019568
2024-09-02 18:16:51,0.021912
2024-09-02 18:16:52,0.016136
2024-09-02 18:16:53,0.021928
2024-09-02 18:16:54,0.022568
2024-09-02 18:16:55,0.02392
2024-09-02 18:16:56,0.01664
2024-09-02 18:16:57,0.018688
2024-09-02 18:16:58,0.017544
2024-09-02 18:16:59,0.019904
2024-09-02 18:17:00,0.015328
2024-09-02 18:17:01,0.0188
2024-09-02 18:17:02,0.018032
2024-09-02 18:17:03,0.020216
2024-09-02 18:17:04,0.019744
2024-09-02 18:17:05,0.022216
2024-09-02 18:17:06,0.018648
2024-09-02 18:17:07,0.020008
2024-09-02 18:17:08,0.018856
2024-09-02 18:17:09,0.02332
2024-09-02 18:17:10,0.019856
2024-09-02 18:17:11,0.023112
2024-09-02 18:17:12,0.020856
2024-09-02 18:17:13,0.020208
2024-09-02 18:17:14,0.018056
2024-09-02 18:17:15,0.02524
2024-09-02 18:17:16,0.01988
2024-09-02 18:17:17,0.02524
2024-09-02 18:17:18,0.02188
2024-09-02 18:17:19,0.022624
2024-09-02 18:17:20,0.020776
2024-09-02 18:17:21,0.02524
2024-09-02 18:17:22,0.021776
2024-09-02 18:17:23,0.02264
2024-09-02 18:17:24,0.021776
2024-09-02 18:17:25,0.02424
2024-09-02 18:17:26,0.02088
2024-09-02 18:17:27,0.024232
2024-09-02 18:17:28,0.021752
2024-09-02 18:17:29,0.023216
2024-09-02 18:17:30,0.01928
2024-09-02 18:17:35,0.20952
2024-09-02 18:17:36,0.00404
2024-09-02 18:17:37,0.013488
2024-09-02 18:17:38,0.013656
2024-09-02 18:17:39,0.03016
2024-09-02 18:17:40,0.306872
2024-09-02 18:17:41,0.036496
2024-09-02 18:17:42,0.030168
2024-09-02 18:17:43,0.030184
2024-09-02 18:17:44,0.032072
2024-09-02 18:17:45,0.027192
2024-09-02 18:17:46,0.028392
2024-09-02 18:17:47,0.028808
2024-09-02 18:17:48,0.04388
2024-09-02 18:17:49,0.026944
2024-09-02 18:17:50,0.08696
2024-09-02 18:17:51,0.028992
2024-09-02 18:17:52,0.01408
2024-09-02 18:17:53,0.012296
2024-09-02 18:17:54,0.0252
2024-09-02 18:17:55,0.015888
2024-09-02 18:17:56,0.015344
2024-09-02 18:17:57,0.01516
2024-09-02 18:17:58,0.02756
2024-09-02 18:17:59,0.021024
2024-09-02 18:18:00,0.029064
2024-09-02 18:18:01,0.02708
2024-09-02 18:18:02,0.02408
2024-09-02 18:18:03,0.0304
2024-09-02 18:18:04,0.028784
2024-09-02 18:18:05,0.005112
2024-09-02 18:18:06,0.005
2024-09-02 18:18:07,0.00436
2024-09-02 18:18:08,0.003464
2024-09-02 18:18:09,0.012336
2024-09-02 18:18:10,0.020048
2024-09-02 18:18:11,0.01136
2024-09-02 18:18:12,0.010208
2024-09-02 18:18:13,0.02212
2024-09-02 18:18:14,0.018264
2024-09-02 18:18:15,0.00508
2024-09-02 18:18:16,0.011296
2024-09-02 18:18:17,0.021952
2024-09-02 18:18:18,0.021664
2024-09-02 18:18:19,0.027448
2024-09-02 18:18:20,0.02256
2024-09-02 18:18:21,0.02212
2024-09-02 18:18:22,0.02584
2024-09-02 18:18:23,0.015672
2024-09-02 18:18:24,0.00512
2024-09-02 18:18:25,0.004376
2024-09-02 18:18:26,0.022856
2024-09-02 18:18:27,0.015808
2024-09-02 18:18:28,0.088592
2024-09-02 18:18:29,0.075488
2024-09-02 18:18:30,0.061896
2024-09-02 18:18:31,0.029936
2024-09-02 18:18:32,0.016856
2024-09-02 18:18:33,0.006904
2024-09-02 18:18:34,0.08208
2024-09-02 18:18:35,0.024072
2024-09-02 18:18:36,0.0104
2024-09-02 18:18:37,0.012904
2024-09-02 18:18:38,0.048712
2024-09-02 18:18:39,0.051768
2024-09-02 18:18:40,0.050416
2024-09-02 18:18:41,0.053888
2024-09-02 18:18:42,0.052288
2024-09-02 18:18:43,0.062184
2024-09-02 18:18:44,0.081296
2024-09-02 18:18:45,0.074448
2024-09-02 18:18:46,0.11812
2024-09-02 18:18:47,0.09724
2024-09-02 18:18:48,0.12208
2024-09-02 18:18:49,0.119264
2024-09-02 18:18:50,0.07188
2024-09-02 18:18:51,0.048176
2024-09-02 18:18:52,0.09408
2024-09-02 18:18:53,0.163072
2024-09-02 18:18:54,0.061696
2024-09-02 18:18:55,0.0312
2024-09-02 18:18:56,0.023568
2024-09-02 18:18:57,0.034048
2024-09-02 18:18:58,0.056984
2024-09-02 18:18:59,0.047976
2024-09-02 18:19:00,0.042136
2024-09-02 18:19:01,0.033832
2024-09-02 18:19:02,0.02256
2024-09-02 18:19:03,0.02496
2024-09-02 18:19:04,0.02984
2024-09-02 18:19:05,0.033768
2024-09-02 18:19:06,0.03552
2024-09-02 18:19:07,0.033152
2024-09-02 18:19:08,0.126968
2024-09-02 18:19:09,0.037984
2024-09-02 18:19:10,0.03856
2024-09-02 18:19:11,0.051552
2024-09-02 18:19:12,0.078704
2024-09-02 18:19:13,0.070152
2024-09-02 18:19:14,0.084544
2024-09-02 18:19:15,0.09572
2024-09-02 18:19:16,0.120936
2024-09-02 18:19:17,0.129456
2024-09-02 18:19:18,0.144312
2024-09-02 18:19:19,0.14292
2024-09-02 18:19:20,0.103352
2024-09-02 18:19:21,0.06532
2024-09-02 18:19:22,0.087544
2024-09-02 18:19:23,0.059912
2024-09-02 18:19:24,0.109432
2024-09-02 18:19:25,0.17124
2024-09-02 18:19:26,0.072328
2024-09-02 18:19:27,0.098528
2024-09-02 18:19:28,0.04716
2024-09-02 18:19:29,0.039912
2024-09-02 18:19:30,0.04832
2024-09-02 18:19:31,0.034392
2024-09-02 18:19:32,0.013504
2024-09-02 18:19:33,0.017408
2024-09-02 18:19:34,0.02188
2024-09-02 18:19:35,0.0068
2024-09-02 18:19:36,0.018504
2024-09-02 18:19:37,0.003816
2024-09-02 18:19:38,0.010736
2024-09-02 18:19:39,0.012944
2024-09-02 18:19:40,0.039984
2024-09-02 18:19:41,0.02052
2024-09-02 18:19:42,0.022528
2024-09-02 18:19:43,0.021496
2024-09-02 18:19:44,0.029584
2024-09-02 18:19:45,0.138584
2024-09-02 18:19:46,0.042128
2024-09-02 18:19:47,0.034304
2024-09-02 18:19:48,0.056648
2024-09-02 18:19:49,0.120088
2024-09-02 18:19:50,0.100992
2024-09-02 18:19:51,0.095536
2024-09-02 18:19:52,0.13344
2024-09-02 18:19:53,0.140544
2024-09-02 18:19:54,0.16716
2024-09-02 18:19:55,0.18076
2024-09-02 18:19:56,0.181672
2024-09-02 18:19:57,0.150752
2024-09-02 18:19:58,0.111064
2024-09-02 18:19:59,0.07892
2024-09-02 18:20:00,0.061448
2024-09-02 18:20:01,0.039896
2024-09-02 18:20:02,0.13196
2024-09-02 18:20:03,0.095864
2024-09-02 18:20:04,0.07164
2024-09-02 18:20:05,0.018528
2024-09-02 18:20:06,0.018624
2024-09-02 18:20:07,0.011864
2024-09-02 18:20:08,0.016864
2024-09-02 18:20:09,0.039288
2024-09-02 18:20:10,0.03792
2024-09-02 18:20:11,0.0642
2024-09-02 18:20:12,0.0728
2024-09-02 18:20:13,0.059016
2024-09-02 18:20:14,0.06172
2024-09-02 18:20:15,0.056632
2024-09-02 18:20:16,0.055888
2024-09-02 18:20:17,0.053368
2024-09-02 18:20:18,0.053192
2024-09-02 18:20:19,0.05556
2024-09-02 18:20:20,0.053192
2024-09-02 18:20:21,0.056368
2024-09-02 18:20:22,0.031896
2024-09-02 18:20:23,0.045712
2024-09-02 18:20:24,0.035152
2024-09-02 18:20:25,0.041176
2024-09-02 18:20:26,0.027704
2024-09-02 18:20:27,0.043608
2024-09-02 18:20:28,0.028048
2024-09-02 18:20:29,0.021632
2024-09-02 18:20:30,0.030288
2024-09-02 18:20:31,0.026704
2024-09-02 18:20:32,0.046704
2024-09-02 18:20:33,0.035488
2024-09-02 18:20:34,0.044048
2024-09-02 18:20:35,0.04648
2024-09-02 18:20:36,0.028008
2024-09-02 18:20:37,0.03132
2024-09-02 18:20:38,0.026464
2024-09-02 18:20:39,0.02172
2024-09-02 18:20:40,0.018008
2024-09-02 18:20:41,0.028872
2024-09-02 18:20:42,0.02264
2024-09-02 18:20:43,0.022408
2024-09-02 18:20:44,0.028776
2024-09-02 18:20:45,0.02084
2024-09-02 18:20:46,0.020392
2024-09-02 18:20:47,0.016936
2024-09-02 18:20:48,0.031632
2024-09-02 18:20:49,0.014048
2024-09-02 18:20:50,0.018472
2024-09-02 18:20:51,0.023048
2024-09-02 18:20:52,0.016864
2024-09-02 18:20:53,0.094416
2024-09-02 18:20:54,0.1258
2024-09-02 18:20:55,0.032128
2024-09-02 18:20:56,0.037104
2024-09-02 18:20:57,0.028656
2024-09-02 18:20:58,0.03504
2024-09-02 18:20:59,0.031992
2024-09-02 18:21:00,0.109504
2024-09-02 18:21:01,0.090424
2024-09-02 18:21:02,0.091856
2024-09-02 18:21:03,0.112144
2024-09-02 18:21:04,0.124032
2024-09-02 18:21:05,0.16004
2024-09-02 18:21:06,0.145128
2024-09-02 18:21:07,0.181104
2024-09-02 18:21:08,0.15172
2024-09-02 18:21:09,0.108728
2024-09-02 18:21:10,0.122
2024-09-02 18:21:11,0.088656
2024-09-02 18:21:12,0.088856
2024-09-02 18:21:13,0.105048
2024-09-02 18:21:14,0.135584
2024-09-02 18:21:15,0.117448
2024-09-02 18:21:16,0.090008
2024-09-02 18:21:17,0.0604
2024-09-02 18:21:18,0.046048
2024-09-02 18:21:19,0.04672
2024-09-02 18:21:20,0.052416
2024-09-02 18:21:21,0.038808
2024-09-02 18:21:22,0.030848
2024-09-02 18:21:23,0.060776
2024-09-02 18:21:24,0.185088
2024-09-02 18:21:25,0.04064
2024-09-02 18:21:26,0.180968
2024-09-02 18:21:27,0.043976
2024-09-02 18:21:28,0.065168
2024-09-02 18:21:29,0.018832
2024-09-02 18:21:30,0.023144
2024-09-02 18:21:31,0.02996
2024-09-02 18:21:32,0.02168
2024-09-02 18:21:33,0.032904
2024-09-02 18:21:34,0.029456
2024-09-02 18:21:35,0.016384
2024-09-02 18:21:36,0.0216
2024-09-02 18:21:37,0.032016
2024-09-02 18:21:38,0.01476
2024-09-02 18:21:39,0.029
2024-09-02 18:21:40,0.0226
2024-09-02 18:21:41,0.021384
2024-09-02 18:21:42,0.019432
2024-09-02 18:21:43,0.034144
2024-09-02 18:21:44,0.03152
2024-09-02 18:21:45,0.022704
2024-09-02 18:21:46,0.017128
2024-09-02 18:21:47,0.032256
2024-09-02 18:21:48,0.015728
2024-09-02 18:21:49,0.013088
2024-09-02 18:21:50,0.024632
2024-09-02 18:21:51,0.02368
2024-09-02 18:21:52,0.010712
2024-09-02 18:21:53,0.032056
2024-09-02 18:21:54,0.035472
2024-09-02 18:21:55,0.01964
2024-09-02 18:21:56,0.118584
2024-09-02 18:21:57,0.120088
2024-09-02 18:21:58,0.025272
2024-09-02 18:21:59,0.051872
2024-09-02 18:22:00,0.047928
2024-09-02 18:22:01,0.021584
2024-09-02 18:22:02,0.064864
2024-09-02 18:22:03,0.090216
2024-09-02 18:22:04,0.087704
2024-09-02 18:22:05,0.088888
2024-09-02 18:22:06,0.118144
2024-09-02 18:22:07,0.132776
2024-09-02 18:22:08,0.125264
2024-09-02 18:22:09,0.168864
2024-09-02 18:22:10,0.142624
2024-09-02 18:22:11,0.113928
2024-09-02 18:22:12,0.108104
2024-09-02 18:22:13,0.099776
2024-09-02 18:22:14,0.099264
2024-09-02 18:22:15,0.114776
2024-09-02 18:22:16,0.093656
2024-09-02 18:22:17,0.080992
2024-09-02 18:22:18,0.045848
2024-09-02 18:22:19,0.035808
2024-09-02 18:22:20,0.198848
2024-09-02 18:22:21,0.045856
2024-09-02 18:22:22,0.038816
2024-09-02 18:22:23,0.18624
2024-09-02 18:22:24,0.047696
2024-09-02 18:22:25,0.0284
2024-09-02 18:22:26,0.030744
2024-09-02 18:22:27,0.041168
2024-09-02 18:22:28,0.025352
2024-09-02 18:22:29,0.022976
2024-09-02 18:22:30,0.02528
2024-09-02 18:22:31,0.020544
2024-09-02 18:22:32,0.017504
2024-09-02 18:22:33,0.04104
2024-09-02 18:22:34,0.0338
2024-09-02 18:22:35,0.043712
2024-09-02 18:22:36,0.023216
2024-09-02 18:22:37,0.026072
2024-09-02 18:22:38,0.029032
2024-09-02 18:22:39,0.028496
2024-09-02 18:22:40,0.02672
2024-09-02 18:22:41,0.022648
2024-09-02 18:22:42,0.020312
2024-09-02 18:22:43,0.027832
2024-09-02 18:22:44,0.034064
2024-09-02 18:22:45,0.024952
2024-09-02 18:22:46,0.018976
2024-09-02 18:22:47,0.026424
2024-09-02 18:22:48,0.024952
2024-09-02 18:22:49,0.01668
2024-09-02 18:22:50,0.026832
2024-09-02 18:22:51,0.017992
2024-09-02 18:22:52,0.021432
2024-09-02 18:22:53,0.113936
2024-09-02 18:22:54,0.12164
2024-09-02 18:22:55,0.025128
2024-09-02 18:22:56,0.056408
2024-09-02 18:22:57,0.038264
2024-09-02 18:22:58,0.016768
2024-09-02 18:22:59,0.090968
2024-09-02 18:23:00,0.108072
2024-09-02 18:23:01,0.09992
2024-09-02 18:23:02,0.135456
2024-09-02 18:23:03,0.110288
2024-09-02 18:23:04,0.165488
2024-09-02 18:23:05,0.20408
2024-09-02 18:23:06,0.1564
2024-09-02 18:23:07,0.164936
2024-09-02 18:23:08,0.130728
2024-09-02 18:23:09,0.134808
2024-09-02 18:23:10,0.13164
2024-09-02 18:23:11,0.138448
2024-09-02 18:23:12,0.147616
2024-09-02 18:23:13,0.091552
2024-09-02 18:23:14,0.113448
2024-09-02 18:23:15,0.096088
2024-09-02 18:23:16,0.091368
2024-09-02 18:23:17,0.136968
2024-09-02 18:23:18,0.07332
2024-09-02 18:23:19,0.069336
2024-09-02 18:23:20,0.057432
2024-09-02 18:23:21,0.069832
2024-09-02 18:23:22,0.04632
2024-09-02 18:23:23,0.040072
2024-09-02 18:23:24,0.18588
2024-09-02 18:23:25,0.075696
2024-09-02 18:23:26,0.087056
2024-09-02 18:23:27,0.045632
2024-09-02 18:23:28,0.048536
2024-09-02 18:23:29,0.0362
2024-09-02 18:23:30,0.043592
2024-09-02 18:23:31,0.033816
2024-09-02 18:23:32,0.029576
2024-09-02 18:23:33,0.032136
2024-09-02 18:23:34,0.039224
2024-09-02 18:23:35,0.059832
2024-09-02 18:23:36,0.042576
2024-09-02 18:23:37,0.041936
2024-09-02 18:23:38,0.044776
2024-09-02 18:23:39,0.048592
2024-09-02 18:23:40,0.058976
2024-09-02 18:23:41,0.044576
2024-09-02 18:23:42,0.043744
2024-09-02 18:23:43,0.051184
2024-09-02 18:23:44,0.056328
2024-09-02 18:23:45,0.053752
2024-09-02 18:23:46,0.057712
2024-09-02 18:23:47,0.053128
2024-09-02 18:23:48,0.050056
2024-09-02 18:23:49,0.036024
2024-09-02 18:23:50,0.055224
2024-09-02 18:23:51,0.048768
2024-09-02 18:23:52,0.049424
2024-09-02 18:23:53,0.053384
2024-09-02 18:23:54,0.055872
2024-09-02 18:23:55,0.047296
2024-09-02 18:23:56,0.048744
2024-09-02 18:23:57,0.043424
2024-09-02 18:23:58,0.04404
2024-09-02 18:23:59,0.044032
2024-09-02 18:24:00,0.079648
2024-09-02 18:24:01,0.038896
2024-09-02 18:24:02,0.161328
2024-09-02 18:24:03,0.090328
2024-09-02 18:24:04,0.091488
2024-09-02 18:24:05,0.144504
2024-09-02 18:24:06,0.118216
2024-09-02 18:24:07,0.05836
2024-09-02 18:24:08,0.052112
2024-09-02 18:24:09,0.060032
2024-09-02 18:24:10,0.037392
2024-09-02 18:24:11,0.030696
2024-09-02 18:24:12,0.052304
2024-09-02 18:24:13,0.045056
2024-09-02 18:24:14,0.04728
2024-09-02 18:24:15,0.027984
2024-09-02 18:24:16,0.033584
2024-09-02 18:24:17,0.044504
2024-09-02 18:24:18,0.041152
2024-09-02 18:24:19,0.03492
2024-09-02 18:24:20,0.019856
2024-09-02 18:24:21,0.014088
2024-09-02 18:24:22,0.038952
2024-09-02 18:24:23,0.027504
2024-09-02 18:24:24,0.035904
2024-09-02 18:24:25,0.03868
2024-09-02 18:24:26,0.060072
2024-09-02 18:24:27,0.05204
2024-09-02 18:24:28,0.022136
2024-09-02 18:24:29,0.033216
2024-09-02 18:24:30,0.030024
2024-09-02 18:24:31,0.020936
2024-09-02 18:24:32,0.138368
2024-09-02 18:24:33,0.15588
2024-09-02 18:24:34,0.03256
2024-09-02 18:24:35,0.063752
2024-09-02 18:24:36,0.055848
2024-09-02 18:24:37,0.031176
2024-09-02 18:24:38,0.082888
2024-09-02 18:24:39,0.120576
2024-09-02 18:24:40,0.11448
2024-09-02 18:24:41,0.118168
2024-09-02 18:24:42,0.190296
2024-09-02 18:24:43,0.157024
2024-09-02 18:24:44,0.156576
2024-09-02 18:24:45,0.227832
2024-09-02 18:24:46,0.176184
2024-09-02 18:24:47,0.128136
2024-09-02 18:24:48,0.179104
2024-09-02 18:24:49,0.139104
2024-09-02 18:24:50,0.086088
2024-09-02 18:24:51,0.126568
2024-09-02 18:24:52,0.09704
2024-09-02 18:24:53,0.082032
2024-09-02 18:24:54,0.119464
2024-09-02 18:24:55,0.158672
2024-09-02 18:24:56,0.116416
2024-09-02 18:24:57,0.047536
2024-09-02 18:24:58,0.049112
2024-09-02 18:24:59,0.048104
2024-09-02 18:25:00,0.050792
2024-09-02 18:25:01,0.044088
2024-09-02 18:25:02,0.056064
2024-09-02 18:25:03,0.046384
2024-09-02 18:25:04,0.02932
2024-09-02 18:25:05,0.048696
2024-09-02 18:25:06,0.058192
2024-09-02 18:25:07,0.024056
2024-09-02 18:25:08,0.031296
2024-09-02 18:25:09,0.021976
2024-09-02 18:25:10,0.036544
2024-09-02 18:25:11,0.046976
2024-09-02 18:25:12,0.021688
2024-09-02 18:25:13,0.035104
2024-09-02 18:25:14,0.215576
2024-09-02 18:25:15,0.039352
2024-09-02 18:25:16,0.22144
2024-09-02 18:25:17,0.0576
2024-09-02 18:25:18,0.039688
2024-09-02 18:25:19,0.033944
2024-09-02 18:25:20,0.02236
2024-09-02 18:25:21,0.027368
2024-09-02 18:25:22,0.024864
2024-09-02 18:25:23,0.045792
2024-09-02 18:25:24,0.029096
2024-09-02 18:25:25,0.03832
2024-09-02 18:25:26,0.026712
2024-09-02 18:25:27,0.031344
2024-09-02 18:25:28,0.031896
2024-09-02 18:25:29,0.021376
2024-09-02 18:25:30,0.035592
2024-09-02 18:25:31,0.029032
2024-09-02 18:25:32,0.017128
2024-09-02 18:25:33,0.019672
2024-09-02 18:25:34,0.02768
2024-09-02 18:25:35,0.013784
2024-09-02 18:25:36,0.016544
2024-09-02 18:25:37,0.013872
2024-09-02 18:25:38,0.024568
2024-09-02 18:25:39,0.038248
2024-09-02 18:25:40,0.034576
2024-09-02 18:25:41,0.016416
2024-09-02 18:25:42,0.015224
2024-09-02 18:25:43,0.014152
2024-09-02 18:25:44,0.026896
2024-09-02 18:25:45,0.016392
2024-09-02 18:25:46,0.132384
2024-09-02 18:25:47,0.128456
2024-09-02 18:25:48,0.030032
2024-09-02 18:25:49,0.05532
2024-09-02 18:25:50,0.04932
2024-09-02 18:25:51,0.026056
2024-09-02 18:25:52,0.085152
2024-09-02 18:25:53,0.125552
2024-09-02 18:25:54,0.110376
2024-09-02 18:25:55,0.162376
2024-09-02 18:25:56,0.193976
2024-09-02 18:25:57,0.176744
2024-09-02 18:25:58,0.248096
2024-09-02 18:25:59,0.259312
2024-09-02 18:26:00,0.204808
2024-09-02 18:26:01,0.166056
2024-09-02 18:26:02,0.157432
2024-09-02 18:26:03,0.132704
2024-09-02 18:26:04,0.122608
2024-09-02 18:26:05,0.161848
2024-09-02 18:26:06,0.150688
2024-09-02 18:26:07,0.137848
2024-09-02 18:26:08,0.086168
2024-09-02 18:26:09,0.062992
2024-09-02 18:26:10,0.068392
2024-09-02 18:26:11,0.078248
2024-09-02 18:26:12,0.04268
2024-09-02 18:26:13,0.035768
2024-09-02 18:26:14,0.038936
2024-09-02 18:26:15,0.033376
2024-09-02 18:26:16,0.048408
2024-09-02 18:26:17,0.02684
2024-09-02 18:26:18,0.053448
2024-09-02 18:26:19,0.215552
2024-09-02 18:26:20,0.045104
2024-09-02 18:26:21,0.27152
2024-09-02 18:26:22,0.08076
2024-09-02 18:26:23,0.106672
2024-09-02 18:26:24,0.035984
2024-09-02 18:26:25,0.046856
2024-09-02 18:26:26,0.038032
2024-09-02 18:26:27,0.033704
2024-09-02 18:26:28,0.027056
2024-09-02 18:26:29,0.030528
2024-09-02 18:26:30,0.026064
2024-09-02 18:26:31,0.047216
2024-09-02 18:26:32,0.02728
2024-09-02 18:26:33,0.021264
2024-09-02 18:26:34,0.022448
2024-09-02 18:26:35,0.03852
2024-09-02 18:26:36,0.026096
2024-09-02 18:26:37,0.028872
2024-09-02 18:26:38,0.018864
2024-09-02 18:26:39,0.02456
2024-09-02 18:26:40,0.041744
2024-09-02 18:26:41,0.127736
2024-09-02 18:26:42,0.02692
2024-09-02 18:26:43,0.0472
2024-09-02 18:26:44,0.05608
2024-09-02 18:26:45,0.158448
2024-09-02 18:26:46,0.125472
2024-09-02 18:26:47,0.11632
2024-09-02 18:26:48,0.195792
2024-09-02 18:26:49,0.185648
2024-09-02 18:26:50,0.206576
2024-09-02 18:26:51,0.270144
2024-09-02 18:26:52,0.281408
2024-09-02 18:26:53,0.233904
2024-09-02 18:26:54,0.212704
2024-09-02 18:26:55,0.27348
2024-09-02 18:26:56,0.172904
2024-09-02 18:26:57,0.183904
2024-09-02 18:26:58,0.197128
2024-09-02 18:26:59,0.224464
2024-09-02 18:27:00,0.186504
2024-09-02 18:27:01,0.151272
2024-09-02 18:27:02,0.138712
2024-09-02 18:27:03,0.15196
2024-09-02 18:27:04,0.162728
2024-09-02 18:27:05,0.134992
2024-09-02 18:27:06,0.07548
2024-09-02 18:27:07,0.104664
2024-09-02 18:27:08,0.130504
2024-09-02 18:27:09,0.115816
2024-09-02 18:27:10,0.115864
2024-09-02 18:27:11,0.073688
2024-09-02 18:27:12,0.069048
2024-09-02 18:27:13,0.221584
2024-09-02 18:27:14,0.200792
2024-09-02 18:27:15,0.145096
2024-09-02 18:27:16,0.05404
2024-09-02 18:27:17,0.045336
2024-09-02 18:27:18,0.028944
2024-09-02 18:27:19,0.038344
2024-09-02 18:27:20,0.052576
2024-09-02 18:27:21,0.03664
2024-09-02 18:27:22,0.051048
2024-09-02 18:27:23,0.017512
2024-09-02 18:27:24,0.041304
2024-09-02 18:27:25,0.051024
2024-09-02 18:27:26,0.03596
2024-09-02 18:27:27,0.019896
2024-09-02 18:27:28,0.038936
2024-09-02 18:27:29,0.03224
2024-09-02 18:27:30,0.015832
2024-09-02 18:27:31,0.052848
2024-09-02 18:27:32,0.046968
2024-09-02 18:27:33,0.0366
2024-09-02 18:27:34,0.025784
2024-09-02 18:27:35,0.041552
2024-09-02 18:27:36,0.088016
2024-09-02 18:27:37,0.040448
2024-09-02 18:27:38,0.04264
2024-09-02 18:27:39,0.025096
2024-09-02 18:27:40,0.026648
2024-09-02 18:27:41,0.034528
2024-09-02 18:27:42,0.044008
2024-09-02 18:27:43,0.03488
2024-09-02 18:27:44,0.163208
2024-09-02 18:27:45,0.194248
2024-09-02 18:27:46,0.01956
2024-09-02 18:27:47,0.063768
2024-09-02 18:27:48,0.041032
2024-09-02 18:27:49,0.029264
2024-09-02 18:27:50,0.116888
2024-09-02 18:27:51,0.215288
2024-09-02 18:27:52,0.174392
2024-09-02 18:27:53,0.199776
2024-09-02 18:27:54,0.359264
2024-09-02 18:27:55,0.324552
2024-09-02 18:27:56,0.251512
2024-09-02 18:27:57,0.301072
2024-09-02 18:27:58,0.271392
2024-09-02 18:27:59,0.185392
2024-09-02 18:28:00,0.183408
2024-09-02 18:28:01,0.23836
2024-09-02 18:28:02,0.250808
2024-09-02 18:28:03,0.214288
2024-09-02 18:28:04,0.217696
2024-09-02 18:28:05,0.17176
2024-09-02 18:28:06,0.157872
2024-09-02 18:28:07,0.170672
2024-09-02 18:28:08,0.156192
2024-09-02 18:28:09,0.116384
2024-09-02 18:28:10,0.109208
2024-09-02 18:28:11,0.109032
2024-09-02 18:28:12,0.067632
2024-09-02 18:28:13,0.063624
2024-09-02 18:28:14,0.073152
2024-09-02 18:28:15,0.045024
2024-09-02 18:28:16,0.05968
2024-09-02 18:28:17,0.229944
2024-09-02 18:28:18,0.067576
2024-09-02 18:28:19,0.22868
2024-09-02 18:28:20,0.108528
2024-09-02 18:28:21,0.070664
2024-09-02 18:28:22,0.027064
2024-09-02 18:28:23,0.020872
2024-09-02 18:28:24,0.035816
2024-09-02 18:28:25,0.010712
2024-09-02 18:28:26,0.013088
2024-09-02 18:28:27,0.010712
2024-09-02 18:28:28,0.016368
2024-09-02 18:28:29,0.013648
2024-09-02 18:28:30,0.01236
2024-09-02 18:28:31,0.031784
2024-09-02 18:28:32,0.01988
2024-09-02 18:28:33,0.024248
2024-09-02 18:28:34,0.031584
2024-09-02 18:28:35,0.057272
2024-09-02 18:28:36,0.019528
2024-09-02 18:28:37,0.046544
2024-09-02 18:28:38,0.073328
2024-09-02 18:28:39,0.058744
2024-09-02 18:28:40,0.074768
2024-09-02 18:28:41,0.041536
2024-09-02 18:28:42,0.027544
2024-09-02 18:28:43,0.0468
2024-09-02 18:28:44,0.038272
2024-09-02 18:28:45,0.027624
2024-09-02 18:28:46,0.02644
2024-09-02 18:28:47,0.022912
2024-09-02 18:28:48,0.036632
2024-09-02 18:28:49,0.024328
2024-09-02 18:28:50,0.034008
2024-09-02 18:28:51,0.023728
2024-09-02 18:28:52,0.046576
2024-09-02 18:28:53,0.039368
2024-09-02 18:28:54,0.039632
2024-09-02 18:28:55,0.01696
2024-09-02 18:28:56,0.04396
2024-09-02 18:28:57,0.07268
2024-09-02 18:28:58,0.068272
2024-09-02 18:28:59,0.032272
2024-09-02 18:29:00,0.04228
2024-09-02 18:29:01,0.027488
2024-09-02 18:29:02,0.026608
2024-09-02 18:29:03,0.028072
2024-09-02 18:29:04,0.028672
2024-09-02 18:29:05,0.031352
2024-09-02 18:29:06,0.026672
2024-09-02 18:29:07,0.037344
2024-09-02 18:29:08,0.024008
2024-09-02 18:29:09,0.06152
2024-09-02 18:29:10,0.196944
2024-09-02 18:29:11,0.062896
2024-09-02 18:29:12,0.026752
2024-09-02 18:29:13,0.085736
2024-09-02 18:29:14,0.056048
2024-09-02 18:29:15,0.047088
2024-09-02 18:29:16,0.128776
2024-09-02 18:29:17,0.253776
2024-09-02 18:29:18,0.186904
2024-09-02 18:29:19,0.171416
2024-09-02 18:29:20,0.367192
2024-09-02 18:29:21,0.27672
2024-09-02 18:29:22,0.269952
2024-09-02 18:29:23,0.420088
2024-09-02 18:29:24,0.229848
2024-09-02 18:29:25,0.188808
2024-09-02 18:29:26,0.36508
2024-09-02 18:29:27,0.162232
2024-09-02 18:29:28,0.243736
2024-09-02 18:29:29,0.254144
2024-09-02 18:29:30,0.144432
2024-09-02 18:29:31,0.131248
2024-09-02 18:29:32,0.243352
2024-09-02 18:29:33,0.084952
2024-09-02 18:29:34,0.088376
2024-09-02 18:29:35,0.098552
2024-09-02 18:29:36,0.103544
2024-09-02 18:29:37,0.037864
2024-09-02 18:29:38,0.05212
2024-09-02 18:29:39,0.037824
2024-09-02 18:29:40,0.274152
2024-09-02 18:29:41,0.037672
2024-09-02 18:29:42,0.292528
2024-09-02 18:29:43,0.072728
2024-09-02 18:29:44,0.033312
2024-09-02 18:29:45,0.02524
2024-09-02 18:29:46,0.033272
2024-09-02 18:29:47,0.015448
2024-09-02 18:29:48,0.027864
2024-09-02 18:29:49,0.027032
2024-09-02 18:29:50,0.034632
2024-09-02 18:29:51,0.01588
2024-09-02 18:29:52,0.031536
2024-09-02 18:29:53,0.0272
2024-09-02 18:29:54,0.038336
2024-09-02 18:29:55,0.015544
2024-09-02 18:29:56,0.010712
2024-09-02 18:29:57,0.018104
2024-09-02 18:29:58,0.015728
2024-09-02 18:29:59,0.021864
2024-09-02 18:30:00,0.023
2024-09-02 18:30:01,0.028088
2024-09-02 18:30:02,0.028168
2024-09-02 18:30:03,0.011984
2024-09-02 18:30:04,0.018112
2024-09-02 18:30:05,0.018416
2024-09-02 18:30:06,0.015896
2024-09-02 18:30:07,0.01508
2024-09-02 18:30:08,0.015392
2024-09-02 18:30:09,0.02344
2024-09-02 18:30:10,0.018144
2024-09-02 18:30:11,0.012456
2024-09-02 18:30:12,0.156112
2024-09-02 18:30:13,0.227856
2024-09-02 18:30:14,0.01944
2024-09-02 18:30:15,0.080072
2024-09-02 18:30:16,0.032712
2024-09-02 18:30:17,0.017752
2024-09-02 18:30:18,0.124712
2024-09-02 18:30:19,0.284928
2024-09-02 18:30:20,0.233568
2024-09-02 18:30:21,0.266048
2024-09-02 18:30:22,0.42564
2024-09-02 18:30:23,0.292736
2024-09-02 18:30:24,0.307688
2024-09-02 18:30:25,0.369512
2024-09-02 18:30:26,0.277496
2024-09-02 18:30:27,0.231584
2024-09-02 18:30:28,0.270736
2024-09-02 18:30:29,0.228784
2024-09-02 18:30:30,0.249216
2024-09-02 18:30:31,0.256536
2024-09-02 18:30:32,0.223024
2024-09-02 18:30:33,0.122656
2024-09-02 18:30:34,0.230392
2024-09-02 18:30:35,0.208672
2024-09-02 18:30:36,0.250832
2024-09-02 18:30:37,0.17644
2024-09-02 18:30:38,0.131424
2024-09-02 18:30:39,0.155704
2024-09-02 18:30:40,0.120304
2024-09-02 18:30:41,0.102472
2024-09-02 18:30:42,0.108088
2024-09-02 18:30:43,0.09596
2024-09-02 18:30:44,0.030112
2024-09-02 18:30:45,0.07544
2024-09-02 18:30:46,0.243984
2024-09-02 18:30:47,0.055416
2024-09-02 18:30:48,0.09048
2024-09-02 18:30:49,0.056984
2024-09-02 18:30:50,0.053624
2024-09-02 18:30:51,0.037552
2024-09-02 18:30:52,0.018096
2024-09-02 18:30:53,0.016616
2024-09-02 18:30:54,0.040992
2024-09-02 18:30:55,0.042728
2024-09-02 18:30:56,0.049472
2024-09-02 18:30:57,0.062304
2024-09-02 18:30:58,0.05532
2024-09-02 18:30:59,0.057848
2024-09-02 18:31:00,0.05632
2024-09-02 18:31:01,0.05148
2024-09-02 18:31:02,0.049912
2024-09-02 18:31:03,0.054768
2024-09-02 18:31:04,0.042
2024-09-02 18:31:05,0.044688
2024-09-02 18:31:06,0.055784
2024-09-02 18:31:07,0.056544
2024-09-02 18:31:08,0.043056
2024-09-02 18:31:09,0.04364
2024-09-02 18:31:10,0.038224
2024-09-02 18:31:11,0.050256
2024-09-02 18:31:12,0.050744
2024-09-02 18:31:13,0.058912
2024-09-02 18:31:14,0.051016
2024-09-02 18:31:15,0.049416
2024-09-02 18:31:16,0.038616
2024-09-02 18:31:17,0.041296
2024-09-02 18:31:18,0.036952
2024-09-02 18:31:19,0.042608
2024-09-02 18:31:20,0.042928
2024-09-02 18:31:21,0.096256
2024-09-02 18:31:22,0.030016
2024-09-02 18:31:23,0.13672
2024-09-02 18:31:24,0.121168
2024-09-02 18:31:25,0.075624
2024-09-02 18:31:26,0.030456
2024-09-02 18:31:27,0.052408
2024-09-02 18:31:28,0.051944
2024-09-02 18:31:29,0.038296
2024-09-02 18:31:30,0.049328
2024-09-02 18:31:31,0.04264
2024-09-02 18:31:32,0.03
2024-09-02 18:31:33,0.029944
2024-09-02 18:31:34,0.01828
2024-09-02 18:31:35,0.04264
2024-09-02 18:31:36,0.019744
2024-09-02 18:31:37,0.02444
2024-09-02 18:31:38,0.01488
2024-09-02 18:31:39,0.024824
2024-09-02 18:31:40,0.058752
2024-09-02 18:31:41,0.041864
2024-09-02 18:31:42,0.04612
2024-09-02 18:31:43,0.0316
2024-09-02 18:31:44,0.020912
2024-09-02 18:31:45,0.02292
2024-09-02 18:31:46,0.028352
2024-09-02 18:31:47,0.026096
2024-09-02 18:31:48,0.052144
2024-09-02 18:31:49,0.032424
2024-09-02 18:31:50,0.040264
2024-09-02 18:31:51,0.017888
2024-09-02 18:31:52,0.031608
2024-09-02 18:31:53,0.058064
2024-09-02 18:31:54,0.171208
2024-09-02 18:31:55,0.113944
2024-09-02 18:31:56,0.03992
2024-09-02 18:31:57,0.075448
2024-09-02 18:31:58,0.047976
2024-09-02 18:31:59,0.065352
2024-09-02 18:32:00,0.219168
2024-09-02 18:32:01,0.218072
2024-09-02 18:32:02,0.244272
2024-09-02 18:32:03,0.388296
2024-09-02 18:32:04,0.320728
2024-09-02 18:32:05,0.295544
2024-09-02 18:32:06,0.442224
2024-09-02 18:32:07,0.335416
2024-09-02 18:32:08,0.291272
2024-09-02 18:32:09,0.38328
2024-09-02 18:32:10,0.30436
2024-09-02 18:32:11,0.226744
2024-09-02 18:32:12,0.280176
2024-09-02 18:32:13,0.25292
2024-09-02 18:32:14,0.211352
2024-09-02 18:32:15,0.222128
2024-09-02 18:32:16,0.25232
2024-09-02 18:32:17,0.174072
2024-09-02 18:32:18,0.201744
2024-09-02 18:32:19,0.13948
2024-09-02 18:32:20,0.106832
2024-09-02 18:32:21,0.160872
2024-09-02 18:32:22,0.183088
2024-09-02 18:32:23,0.122704
2024-09-02 18:32:24,0.14604
2024-09-02 18:32:25,0.130376
2024-09-02 18:32:26,0.133536
2024-09-02 18:32:27,0.094536
2024-09-02 18:32:28,0.140352
2024-09-02 18:32:29,0.064848
2024-09-02 18:32:30,0.126768
2024-09-02 18:32:31,0.041256
2024-09-02 18:32:32,0.055968
2024-09-02 18:32:33,0.041904
2024-09-02 18:32:34,0.287192
2024-09-02 18:32:35,0.052408
2024-09-02 18:32:36,0.297536
2024-09-02 18:32:37,0.083728
2024-09-02 18:32:38,0.03492
2024-09-02 18:32:39,0.067224
2024-09-02 18:32:40,0.058088
2024-09-02 18:32:41,0.02496
2024-09-02 18:32:42,0.028096
2024-09-02 18:32:43,0.020352
2024-09-02 18:32:44,0.019064
2024-09-02 18:32:45,0.059768
2024-09-02 18:32:46,0.02244
2024-09-02 18:32:47,0.026144
2024-09-02 18:32:48,0.022704
2024-09-02 18:32:49,0.029984
2024-09-02 18:32:50,0.028256
2024-09-02 18:32:51,0.035752
2024-09-02 18:32:52,0.039512
2024-09-02 18:32:53,0.015648
2024-09-02 18:32:54,0.018864
2024-09-02 18:32:55,0.016048
2024-09-02 18:32:56,0.015192
2024-09-02 18:32:57,0.02312
2024-09-02 18:32:58,0.01392
2024-09-02 18:32:59,0.014568
2024-09-02 18:33:00,0.03792
2024-09-02 18:33:01,0.02268
2024-09-02 18:33:02,0.023984
2024-09-02 18:33:03,0.015304
2024-09-02 18:33:04,0.017416
2024-09-02 18:33:05,0.01552
2024-09-02 18:33:06,0.142928
2024-09-02 18:33:07,0.180328
2024-09-02 18:33:08,0.024712
2024-09-02 18:33:09,0.073032
2024-09-02 18:33:10,0.044728
2024-09-02 18:33:11,0.024328
2024-09-02 18:33:12,0.222144
2024-09-02 18:33:13,0.222152
2024-09-02 18:33:14,0.234216
2024-09-02 18:33:15,0.380528
2024-09-02 18:33:16,0.361728
2024-09-02 18:33:17,0.3114
2024-09-02 18:33:18,0.441576
2024-09-02 18:33:19,0.344896
2024-09-02 18:33:20,0.282808
2024-09-02 18:33:21,0.349648
2024-09-02 18:33:22,0.278848
2024-09-02 18:33:23,0.261968
2024-09-02 18:33:24,0.338416
2024-09-02 18:33:25,0.268952
2024-09-02 18:33:26,0.196824
2024-09-02 18:33:27,0.251272
2024-09-02 18:33:28,0.222488
2024-09-02 18:33:29,0.218648
2024-09-02 18:33:30,0.17628
2024-09-02 18:33:31,0.178752
2024-09-02 18:33:32,0.127808
2024-09-02 18:33:33,0.153952
2024-09-02 18:33:34,0.146152
2024-09-02 18:33:35,0.121184
2024-09-02 18:33:36,0.117656
2024-09-02 18:33:37,0.121264
2024-09-02 18:33:38,0.080648
2024-09-02 18:33:39,0.026792
2024-09-02 18:33:40,0.054016
2024-09-02 18:33:41,0.03828
2024-09-02 18:33:42,0.27464
2024-09-02 18:33:43,0.041672
2024-09-02 18:33:44,0.396496
2024-09-02 18:33:45,0.108672
2024-09-02 18:33:46,0.057464
2024-09-02 18:33:47,0.0316
2024-09-02 18:33:48,0.037624
2024-09-02 18:33:49,0.033072
2024-09-02 18:33:50,0.044176
2024-09-02 18:33:51,0.038088
2024-09-02 18:33:52,0.06728
2024-09-02 18:33:53,0.018576
2024-09-02 18:33:54,0.023864
2024-09-02 18:33:55,0.026128
2024-09-02 18:33:56,0.0226
2024-09-02 18:33:57,0.04996
2024-09-02 18:33:58,0.039776
2024-09-02 18:33:59,0.044712
2024-09-02 18:34:00,0.0248
2024-09-02 18:34:01,0.02156
2024-09-02 18:34:02,0.022128
2024-09-02 18:34:03,0.024488
2024-09-02 18:34:04,0.182088
2024-09-02 18:34:05,0.032968
2024-09-02 18:34:06,0.059672
2024-09-02 18:34:07,0.09424
2024-09-02 18:34:08,0.133008
2024-09-02 18:34:09,0.287728
2024-09-02 18:34:10,0.252152
2024-09-02 18:34:11,0.251424
2024-09-02 18:34:12,0.380272
2024-09-02 18:34:13,0.40612
2024-09-02 18:34:14,0.339136
2024-09-02 18:34:15,0.347384
2024-09-02 18:34:16,0.211696
2024-09-02 18:34:17,0.163024
2024-09-02 18:34:18,0.168008
2024-09-02 18:34:19,0.196024
2024-09-02 18:34:20,0.089512
2024-09-02 18:34:21,0.30984
2024-09-02 18:34:22,0.238784
2024-09-02 18:34:23,0.149688
2024-09-02 18:34:24,0.116408
2024-09-02 18:34:25,0.029496
2024-09-02 18:34:26,0.057048
2024-09-02 18:34:27,0.079616
2024-09-02 18:34:28,0.058488
2024-09-02 18:34:29,0.03808
2024-09-02 18:34:30,0.06152
2024-09-02 18:34:31,0.055472
2024-09-02 18:34:32,0.097496
2024-09-02 18:34:33,0.123504
2024-09-02 18:34:34,0.050968
2024-09-02 18:34:35,0.065464
2024-09-02 18:34:36,0.02492
2024-09-02 18:34:37,0.027824
2024-09-02 18:34:38,0.015232
2024-09-02 18:34:39,0.038792
2024-09-02 18:34:40,0.02808
2024-09-02 18:34:41,0.038816
2024-09-02 18:34:42,0.033968
2024-09-02 18:34:43,0.02812
2024-09-02 18:34:44,0.012192
2024-09-02 18:34:45,0.032864
2024-09-02 18:34:46,0.096328
2024-09-02 18:34:47,0.039944
2024-09-02 18:34:48,0.037816
2024-09-02 18:34:49,0.02556
2024-09-02 18:34:50,0.052592
2024-09-02 18:34:51,0.037368
2024-09-02 18:34:52,0.089488
2024-09-02 18:34:53,0.236728
2024-09-02 18:34:54,0.093728
2024-09-02 18:34:55,0.061736
2024-09-02 18:34:56,0.066616
2024-09-02 18:34:57,0.051096
2024-09-02 18:34:58,0.072904
2024-09-02 18:34:59,0.209504
2024-09-02 18:35:00,0.289408
2024-09-02 18:35:01,0.285168
2024-09-02 18:35:02,0.370424
2024-09-02 18:35:03,0.453544
2024-09-02 18:35:04,0.400936
2024-09-02 18:35:05,0.37696
2024-09-02 18:35:06,0.391816
2024-09-02 18:35:07,0.383936
2024-09-02 18:35:08,0.23456
2024-09-02 18:35:09,0.309152
2024-09-02 18:35:10,0.303744
2024-09-02 18:35:11,0.227792
2024-09-02 18:35:12,0.238808
2024-09-02 18:35:13,0.197416
2024-09-02 18:35:14,0.206632
2024-09-02 18:35:15,0.207872
2024-09-02 18:35:16,0.189768
2024-09-02 18:35:17,0.21156
2024-09-02 18:35:18,0.14052
2024-09-02 18:35:19,0.138368
2024-09-02 18:35:20,0.144152
2024-09-02 18:35:21,0.124504
2024-09-02 18:35:22,0.137904
2024-09-02 18:35:23,0.069152
2024-09-02 18:35:24,0.072784
2024-09-02 18:35:25,0.075112
2024-09-02 18:35:26,0.060296
2024-09-02 18:35:27,0.059696
2024-09-02 18:35:28,0.085216
2024-09-02 18:35:29,0.085072
2024-09-02 18:35:30,0.082672
2024-09-02 18:35:31,0.034336
2024-09-02 18:35:32,0.073648
2024-09-02 18:35:33,0.3036
2024-09-02 18:35:34,0.038848
2024-09-02 18:35:35,0.296504
2024-09-02 18:35:36,0.072664
2024-09-02 18:35:37,0.04496
2024-09-02 18:35:38,0.019568
2024-09-02 18:35:39,0.014176
2024-09-02 18:35:40,0.018304
2024-09-02 18:35:41,0.044464
2024-09-02 18:35:42,0.036664
2024-09-02 18:35:43,0.05072
2024-09-02 18:35:44,0.04648
2024-09-02 18:35:45,0.063424
2024-09-02 18:35:46,0.02872
2024-09-02 18:35:47,0.047944
2024-09-02 18:35:48,0.02792
2024-09-02 18:35:49,0.028064
2024-09-02 18:35:50,0.034296
2024-09-02 18:35:51,0.029088
2024-09-02 18:35:52,0.0222
2024-09-02 18:35:53,0.05932
2024-09-02 18:35:54,0.03384
2024-09-02 18:35:55,0.027384
2024-09-02 18:35:56,0.044872
2024-09-02 18:35:57,0.062872
2024-09-02 18:35:58,0.04372
2024-09-02 18:35:59,0.04236
2024-09-02 18:36:00,0.095864
2024-09-02 18:36:01,0.044512
2024-09-02 18:36:02,0.062832
2024-09-02 18:36:03,0.05128
2024-09-02 18:36:04,0.03748
2024-09-02 18:36:05,0.053984
2024-09-02 18:36:06,0.040112
2024-09-02 18:36:07,0.044288
2024-09-02 18:36:08,0.081168
2024-09-02 18:36:09,0.046048
2024-09-02 18:36:10,0.043616
2024-09-02 18:36:11,0.022136
2024-09-02 18:36:12,0.018088
2024-09-02 18:36:13,0.0418
2024-09-02 18:36:14,0.03328
2024-09-02 18:36:15,0.047096
2024-09-02 18:36:16,0.042216
2024-09-02 18:36:17,0.019352
2024-09-02 18:36:18,0.03388
2024-09-02 18:36:19,0.024696
2024-09-02 18:36:20,0.03784
2024-09-02 18:36:21,0.033648
2024-09-02 18:36:22,0.020736
2024-09-02 18:36:23,0.024664
2024-09-02 18:36:24,0.0242
2024-09-02 18:36:25,0.152704
2024-09-02 18:36:26,0.206416
2024-09-02 18:36:27,0.058312
2024-09-02 18:36:28,0.048448
2024-09-02 18:36:29,0.05596
2024-09-02 18:36:30,0.07248
2024-09-02 18:36:31,0.121672
2024-09-02 18:36:32,0.235488
2024-09-02 18:36:33,0.385584
2024-09-02 18:36:34,0.333336
2024-09-02 18:36:35,0.33064
2024-09-02 18:36:36,0.47248
2024-09-02 18:36:37,0.437264
2024-09-02 18:36:38,0.387968
2024-09-02 18:36:39,0.51664
2024-09-02 18:36:40,0.367896
2024-09-02 18:36:41,0.287808
2024-09-02 18:36:42,0.416352
2024-09-02 18:36:43,0.29588
2024-09-02 18:36:44,0.286352
2024-09-02 18:36:45,0.465592
2024-09-02 18:36:46,0.25872
2024-09-02 18:36:47,0.169688
2024-09-02 18:36:48,0.14632
2024-09-02 18:36:49,0.11196
2024-09-02 18:36:50,0.127656
2024-09-02 18:36:51,0.098968
2024-09-02 18:36:52,0.085144
2024-09-02 18:36:53,0.103552
2024-09-02 18:36:54,0.089816
2024-09-02 18:36:55,0.079536
2024-09-02 18:36:56,0.08268
2024-09-02 18:36:57,0.03132
2024-09-02 18:36:58,0.142504
2024-09-02 18:36:59,0.315536
2024-09-02 18:37:00,0.043168
2024-09-02 18:37:01,0.332
2024-09-02 18:37:02,0.10908
2024-09-02 18:37:03,0.057624
2024-09-02 18:37:04,0.038952
2024-09-02 18:37:05,0.046912
2024-09-02 18:37:06,0.053656
2024-09-02 18:37:07,0.044344
2024-09-02 18:37:08,0.047736
2024-09-02 18:37:09,0.02608
2024-09-02 18:37:10,0.06484
2024-09-02 18:37:11,0.02052
2024-09-02 18:37:12,0.027176
2024-09-02 18:37:13,0.032864
2024-09-02 18:37:14,0.024432
2024-09-02 18:37:15,0.060048
2024-09-02 18:37:16,0.01876
2024-09-02 18:37:17,0.022384
2024-09-02 18:37:18,0.018832
2024-09-02 18:37:19,0.021592
2024-09-02 18:37:20,0.01308
2024-09-02 18:37:21,0.033624
2024-09-02 18:37:22,0.028064
2024-09-02 18:37:23,0.03668
2024-09-02 18:37:24,0.051504
2024-09-02 18:37:25,0.035264
2024-09-02 18:37:26,0.040368
2024-09-02 18:37:27,0.015992
2024-09-02 18:37:28,0.014176
2024-09-02 18:37:29,0.03568
2024-09-02 18:37:30,0.026264
2024-09-02 18:37:31,0.143288
2024-09-02 18:37:32,0.266304
2024-09-02 18:37:33,0.03196
2024-09-02 18:37:34,0.080704
2024-09-02 18:37:35,0.048664
2024-09-02 18:37:36,0.022008
2024-09-02 18:37:37,0.173912
2024-09-02 18:37:38,0.295424
2024-09-02 18:37:39,0.3344
2024-09-02 18:37:40,0.310528
2024-09-02 18:37:41,0.438952
2024-09-02 18:37:42,0.447152
2024-09-02 18:37:43,0.453808
2024-09-02 18:37:44,0.525584
2024-09-02 18:37:45,0.463872
2024-09-02 18:37:46,0.408256
2024-09-02 18:37:47,0.473952
2024-09-02 18:37:48,0.397536
2024-09-02 18:37:49,0.405904
2024-09-02 18:37:50,0.307912
2024-09-02 18:37:51,0.297432
2024-09-02 18:37:52,0.347336
2024-09-02 18:37:53,0.289392
2024-09-02 18:37:54,0.27676
2024-09-02 18:37:55,0.149744
2024-09-02 18:37:56,0.149304
2024-09-02 18:37:57,0.122424
2024-09-02 18:37:58,0.164392
2024-09-02 18:37:59,0.136488
2024-09-02 18:38:00,0.139304
2024-09-02 18:38:01,0.135728
2024-09-02 18:38:02,0.116568
2024-09-02 18:38:03,0.087384
2024-09-02 18:38:04,0.081216
2024-09-02 18:38:05,0.05252
2024-09-02 18:38:06,0.039144
2024-09-02 18:38:07,0.02524
2024-09-02 18:38:08,0.015464
2024-09-02 18:38:09,0.07768
2024-09-02 18:38:10,0.331192
2024-09-02 18:38:11,0.033744
2024-09-02 18:38:12,0.091208
2024-09-02 18:38:13,0.050136
2024-09-02 18:38:14,0.04576
2024-09-02 18:38:15,0.022056
2024-09-02 18:38:16,0.022816
2024-09-02 18:38:17,0.021992
2024-09-02 18:38:18,0.044448
2024-09-02 18:38:19,0.022776
2024-09-02 18:38:20,0.032256
2024-09-02 18:38:21,0.045152
2024-09-02 18:38:22,0.048368
2024-09-02 18:38:23,0.043368
2024-09-02 18:38:24,0.047448
2024-09-02 18:38:25,0.04928
2024-09-02 18:38:26,0.048096
2024-09-02 18:38:27,0.047584
2024-09-02 18:38:28,0.047192
2024-09-02 18:38:29,0.051768
2024-09-02 18:38:30,0.056264
2024-09-02 18:38:31,0.054248
2024-09-02 18:38:32,0.044664
2024-09-02 18:38:33,0.048872
2024-09-02 18:38:34,0.044536
2024-09-02 18:38:35,0.042856
2024-09-02 18:38:36,0.055552
2024-09-02 18:38:37,0.053368
2024-09-02 18:38:38,0.049696
2024-09-02 18:38:39,0.051288
2024-09-02 18:38:40,0.063392
2024-09-02 18:38:41,0.043992
2024-09-02 18:38:42,0.038296
2024-09-02 18:38:43,0.037176
2024-09-02 18:38:44,0.0388
2024-09-02 18:38:45,0.091488
2024-09-02 18:38:46,0.037576
2024-09-02 18:38:47,0.203904
2024-09-02 18:38:48,0.09704
2024-09-02 18:38:49,0.053632
2024-09-02 18:38:50,0.01828
2024-09-02 18:38:51,0.048808
2024-09-02 18:38:52,0.05756
2024-09-02 18:38:53,0.071664
2024-09-02 18:38:54,0.102352
2024-09-02 18:38:55,0.066552
2024-09-02 18:38:56,0.041288
2024-09-02 18:38:57,0.032216
2024-09-02 18:38:58,0.043104
2024-09-02 18:38:59,0.077072
2024-09-02 18:39:00,0.11296
2024-09-02 18:39:01,0.043664
2024-09-02 18:39:02,0.033504
2024-09-02 18:39:03,0.038104
2024-09-02 18:39:04,0.036544
2024-09-02 18:39:05,0.056272
2024-09-02 18:39:06,0.061904
2024-09-02 18:39:07,0.036832
2024-09-02 18:39:08,0.031664
2024-09-02 18:39:09,0.019384
2024-09-02 18:39:10,0.018632
2024-09-02 18:39:11,0.022384
2024-09-02 18:39:12,0.024368
2024-09-02 18:39:13,0.022576
2024-09-02 18:39:14,0.01548
2024-09-02 18:39:15,0.02516
2024-09-02 18:39:16,0.02536
2024-09-02 18:39:17,0.14844
2024-09-02 18:39:18,0.25932
2024-09-02 18:39:19,0.03256
2024-09-02 18:39:20,0.08464
2024-09-02 18:39:21,0.048032
2024-09-02 18:39:22,0.020512
2024-09-02 18:39:23,0.201248
2024-09-02 18:39:24,0.264576
2024-09-02 18:39:25,0.236744
2024-09-02 18:39:26,0.276248
2024-09-02 18:39:27,0.38312
2024-09-02 18:39:28,0.48384
2024-09-02 18:39:29,0.526816
2024-09-02 18:39:30,0.5018
2024-09-02 18:39:31,0.429448
2024-09-02 18:39:32,0.386936
2024-09-02 18:39:33,0.376432
2024-09-02 18:39:34,0.322224
2024-09-02 18:39:35,0.333384
2024-09-02 18:39:36,0.388208
2024-09-02 18:39:37,0.202984
2024-09-02 18:39:38,0.204968
2024-09-02 18:39:39,0.245096
2024-09-02 18:39:40,0.206248
2024-09-02 18:39:41,0.147008
2024-09-02 18:39:42,0.145936
2024-09-02 18:39:43,0.119456
2024-09-02 18:39:44,0.093904
2024-09-02 18:39:45,0.142072
2024-09-02 18:39:46,0.074424
2024-09-02 18:39:47,0.083272
2024-09-02 18:39:48,0.079488
2024-09-02 18:39:49,0.03144
2024-09-02 18:39:50,0.05884
2024-09-02 18:39:51,0.032048
2024-09-02 18:39:52,0.048504
2024-09-02 18:39:53,0.010712
2024-09-02 18:39:54,0.07636
2024-09-02 18:39:55,0.33412
2024-09-02 18:39:56,0.052056
2024-09-02 18:39:57,0.27088
2024-09-02 18:39:58,0.116888
2024-09-02 18:39:59,0.101208
2024-09-02 18:40:00,0.038088
2024-09-02 18:40:01,0.02168
2024-09-02 18:40:02,0.047376
2024-09-02 18:40:03,0.045144
2024-09-02 18:40:04,0.025096
2024-09-02 18:40:05,0.04396
2024-09-02 18:40:06,0.028728
2024-09-02 18:40:07,0.04892
2024-09-02 18:40:08,0.06508
2024-09-02 18:40:09,0.054136
2024-09-02 18:40:10,0.040936
2024-09-02 18:40:11,0.031568
2024-09-02 18:40:12,0.037592
2024-09-02 18:40:13,0.025016
2024-09-02 18:40:14,0.041968
2024-09-02 18:40:15,0.026504
2024-09-02 18:40:16,0.043856
2024-09-02 18:40:17,0.037264
2024-09-02 18:40:18,0.02444
2024-09-02 18:40:19,0.0112
2024-09-02 18:40:20,0.01528
2024-09-02 18:40:21,0.017904
2024-09-02 18:40:22,0.037376
2024-09-02 18:40:23,0.02176
2024-09-02 18:40:24,0.031552
2024-09-02 18:40:25,0.0208
2024-09-02 18:40:26,0.01764
2024-09-02 18:40:27,0.079352
2024-09-02 18:40:28,0.278552
2024-09-02 18:40:29,0.08488
2024-09-02 18:40:30,0.0564
2024-09-02 18:40:31,0.058768
2024-09-02 18:40:32,0.03492
2024-09-02 18:40:33,0.090304
2024-09-02 18:40:34,0.234712
2024-09-02 18:40:35,0.359272
2024-09-02 18:40:36,0.350488
2024-09-02 18:40:37,0.346144
2024-09-02 18:40:38,0.511728
2024-09-02 18:40:39,0.542184
2024-09-02 18:40:40,0.456984
2024-09-02 18:40:41,0.479968
2024-09-02 18:40:42,0.40676
2024-09-02 18:40:43,0.333144
2024-09-02 18:40:44,0.321288
2024-09-02 18:40:45,0.373216
2024-09-02 18:40:46,0.358576
2024-09-02 18:40:47,0.383464
2024-09-02 18:40:48,0.434152
2024-09-02 18:40:49,0.289584
2024-09-02 18:40:50,0.221416
2024-09-02 18:40:51,0.390064
2024-09-02 18:40:52,0.227408
2024-09-02 18:40:53,0.156792
2024-09-02 18:40:54,0.19628
2024-09-02 18:40:55,0.200864
2024-09-02 18:40:56,0.143912
2024-09-02 18:40:57,0.280272
2024-09-02 18:40:58,0.14572
2024-09-02 18:40:59,0.070104
2024-09-02 18:41:00,0.103672
2024-09-02 18:41:01,0.06584
2024-09-02 18:41:02,0.091928
2024-09-02 18:41:03,0.11472
2024-09-02 18:41:04,0.070992
2024-09-02 18:41:05,0.029128
2024-09-02 18:41:06,0.043552
2024-09-02 18:41:07,0.020944
2024-09-02 18:41:08,0.020384
2024-09-02 18:41:09,0.010712
2024-09-02 18:41:10,0.078112
2024-09-02 18:41:11,0.31852
2024-09-02 18:41:12,0.036776
2024-09-02 18:41:13,0.38428
2024-09-02 18:41:14,0.102432
2024-09-02 18:41:15,0.059248
2024-09-02 18:41:16,0.043472
2024-09-02 18:41:17,0.047376
2024-09-02 18:41:18,0.013888
2024-09-02 18:41:19,0.078904
2024-09-02 18:41:20,0.028096
2024-09-02 18:41:21,0.018048
2024-09-02 18:41:22,0.012264
2024-09-02 18:41:23,0.017488
2024-09-02 18:41:24,0.014944
2024-09-02 18:41:25,0.01576
2024-09-02 18:41:26,0.04932
2024-09-02 18:41:27,0.031424
2024-09-02 18:41:28,0.024768
2024-09-02 18:41:29,0.023984
2024-09-02 18:41:30,0.031104
2024-09-02 18:41:31,0.037544
2024-09-02 18:41:32,0.01252
2024-09-02 18:41:33,0.161208
2024-09-02 18:41:34,0.016552
2024-09-02 18:41:35,0.043048
2024-09-02 18:41:36,0.110616
2024-09-02 18:41:37,0.225336
2024-09-02 18:41:38,0.203136
2024-09-02 18:41:39,0.22756
2024-09-02 18:41:40,0.379
2024-09-02 18:41:41,0.407536
2024-09-02 18:41:42,0.482752
2024-09-02 18:41:43,0.466728
2024-09-02 18:41:44,0.409944
2024-09-02 18:41:45,0.378176
2024-09-02 18:41:46,0.309528
2024-09-02 18:41:47,0.191008
2024-09-02 18:41:48,0.111792
2024-09-02 18:41:49,0.115192
2024-09-02 18:41:50,0.067184
2024-09-02 18:41:51,0.102552
2024-09-02 18:41:52,0.380048
2024-09-02 18:41:53,0.266024
2024-09-02 18:41:54,0.240224
2024-09-02 18:41:55,0.038256
2024-09-02 18:41:56,0.036872
2024-09-02 18:41:57,0.087376
2024-09-02 18:41:58,0.061648
2024-09-02 18:41:59,0.052528
2024-09-02 18:42:00,0.024296
2024-09-02 18:42:01,0.036936
2024-09-02 18:42:02,0.02592
2024-09-02 18:42:03,0.021624
2024-09-02 18:42:04,0.033368
2024-09-02 18:42:05,0.040384
2024-09-02 18:42:06,0.046656
2024-09-02 18:42:07,0.042024
2024-09-02 18:42:08,0.032304
2024-09-02 18:42:09,0.023768
2024-09-02 18:42:10,0.035912
2024-09-02 18:42:11,0.02972
2024-09-02 18:42:12,0.030952
2024-09-02 18:42:13,0.023512
2024-09-02 18:42:14,0.064728
2024-09-02 18:42:15,0.026856
2024-09-02 18:42:16,0.053704
2024-09-02 18:42:17,0.05668
2024-09-02 18:42:18,0.03756
2024-09-02 18:42:19,0.034928
2024-09-02 18:42:20,0.061544
2024-09-02 18:42:21,0.038856
2024-09-02 18:42:22,0.035776
2024-09-02 18:42:23,0.21336
2024-09-02 18:42:24,0.20416
2024-09-02 18:42:25,0.046592
2024-09-02 18:42:26,0.07656
2024-09-02 18:42:27,0.060168
2024-09-02 18:42:28,0.045472
2024-09-02 18:42:29,0.234136
2024-09-02 18:42:30,0.241256
2024-09-02 18:42:31,0.303736
2024-09-02 18:42:32,0.429424
2024-09-02 18:42:33,0.453864
2024-09-02 18:42:34,0.544256
2024-09-02 18:42:35,0.546656
2024-09-02 18:42:36,0.44796
2024-09-02 18:42:37,0.432104
2024-09-02 18:42:38,0.55668
2024-09-02 18:42:39,0.41504
2024-09-02 18:42:40,0.34164
2024-09-02 18:42:41,0.347088
2024-09-02 18:42:42,0.426328
2024-09-02 18:42:43,0.27404
2024-09-02 18:42:44,0.245048
2024-09-02 18:42:45,0.116976
2024-09-02 18:42:46,0.110088
2024-09-02 18:42:47,0.099912
2024-09-02 18:42:48,0.084712
2024-09-02 18:42:49,0.084392
2024-09-02 18:42:50,0.07432
2024-09-02 18:42:51,0.104176
2024-09-02 18:42:52,0.072752
2024-09-02 18:42:53,0.03968
2024-09-02 18:42:54,0.062056
2024-09-02 18:42:55,0.328128
2024-09-02 18:42:56,0.0378
2024-09-02 18:42:57,0.313288
2024-09-02 18:42:58,0.083256
2024-09-02 18:42:59,0.056456
2024-09-02 18:43:00,0.040808
2024-09-02 18:43:01,0.028064
2024-09-02 18:43:02,0.028832
2024-09-02 18:43:03,0.027392
2024-09-02 18:43:04,0.051632
2024-09-02 18:43:05,0.030944
2024-09-02 18:43:06,0.050544
2024-09-02 18:43:07,0.029928
2024-09-02 18:43:08,0.023904
2024-09-02 18:43:09,0.038168
2024-09-02 18:43:10,0.025232
2024-09-02 18:43:11,0.0268
2024-09-02 18:43:12,0.016552
2024-09-02 18:43:13,0.037656
2024-09-02 18:43:14,0.024832
2024-09-02 18:43:15,0.019296
2024-09-02 18:43:16,0.016016
2024-09-02 18:43:17,0.020688
2024-09-02 18:43:18,0.020904
2024-09-02 18:43:19,0.033088
2024-09-02 18:43:20,0.055192
2024-09-02 18:43:21,0.033816
2024-09-02 18:43:22,0.027008
2024-09-02 18:43:23,0.027232
2024-09-02 18:43:24,0.033208
2024-09-02 18:43:25,0.066912
2024-09-02 18:43:26,0.048544
2024-09-02 18:43:27,0.161192
2024-09-02 18:43:28,0.188968
2024-09-02 18:43:29,0.046448
2024-09-02 18:43:30,0.075928
2024-09-02 18:43:31,0.036752
2024-09-02 18:43:32,0.036224
2024-09-02 18:43:33,0.162128
2024-09-02 18:43:34,0.273704
2024-09-02 18:43:35,0.253752
2024-09-02 18:43:36,0.285416
2024-09-02 18:43:37,0.342784
2024-09-02 18:43:38,0.604176
2024-09-02 18:43:39,0.521808
2024-09-02 18:43:40,0.45188
2024-09-02 18:43:41,0.479256
2024-09-02 18:43:42,0.459336
2024-09-02 18:43:43,0.512824
2024-09-02 18:43:44,0.514648
2024-09-02 18:43:45,0.430184
2024-09-02 18:43:46,0.434152
2024-09-02 18:43:47,0.353488
2024-09-02 18:43:48,0.310712
2024-09-02 18:43:49,0.23968
2024-09-02 18:43:50,0.232256
2024-09-02 18:43:51,0.234648
2024-09-02 18:43:52,0.176504
2024-09-02 18:43:53,0.298616
2024-09-02 18:43:54,0.280032
2024-09-02 18:43:55,0.179496
2024-09-02 18:43:56,0.150216
2024-09-02 18:43:57,0.1552
2024-09-02 18:43:58,0.162424
2024-09-02 18:43:59,0.173776
2024-09-02 18:44:00,0.26236
2024-09-02 18:44:01,0.222216
2024-09-02 18:44:02,0.055568
2024-09-02 18:44:03,0.071232
2024-09-02 18:44:04,0.032528
2024-09-02 18:44:05,0.048328
2024-09-02 18:44:06,0.287704
2024-09-02 18:44:07,0.047112
2024-09-02 18:44:08,0.225936
2024-09-02 18:44:09,0.0994
2024-09-02 18:44:10,0.04232
2024-09-02 18:44:11,0.04304
2024-09-02 18:44:12,0.041808
2024-09-02 18:44:13,0.046048
2024-09-02 18:44:14,0.018176
2024-09-02 18:44:15,0.017368
2024-09-02 18:44:16,0.026968
2024-09-02 18:44:17,0.055416
2024-09-02 18:44:18,0.023736
2024-09-02 18:44:19,0.036984
2024-09-02 18:44:20,0.026744
2024-09-02 18:44:21,0.016312
2024-09-02 18:44:22,0.019368
2024-09-02 18:44:23,0.019664
2024-09-02 18:44:24,0.016976
2024-09-02 18:44:25,0.028232
2024-09-02 18:44:26,0.015136
2024-09-02 18:44:27,0.019472
2024-09-02 18:44:28,0.036656
2024-09-02 18:44:29,0.021152
2024-09-02 18:44:30,0.014408
2024-09-02 18:44:31,0.016872
2024-09-02 18:44:32,0.037576
2024-09-02 18:44:33,0.036896
2024-09-02 18:44:34,0.01656
2024-09-02 18:44:35,0.019208
2024-09-02 18:44:36,0.016312
2024-09-02 18:44:37,0.019016
2024-09-02 18:44:38,0.060376
2024-09-02 18:44:39,0.21576
2024-09-02 18:44:40,0.091728
2024-09-02 18:44:41,0.02276
2024-09-02 18:44:42,0.084288
2024-09-02 18:44:43,0.03756
2024-09-02 18:44:44,0.07696
2024-09-02 18:44:45,0.218448
2024-09-02 18:44:46,0.251928
2024-09-02 18:44:47,0.300024
2024-09-02 18:44:48,0.36964
2024-09-02 18:44:49,0.391792
2024-09-02 18:44:50,0.48552
2024-09-02 18:44:51,0.484904
2024-09-02 18:44:52,0.460896
2024-09-02 18:44:53,0.388816
2024-09-02 18:44:54,0.4798
2024-09-02 18:44:55,0.465216
2024-09-02 18:44:56,0.377088
2024-09-02 18:44:57,0.42296
2024-09-02 18:44:58,0.428296
2024-09-02 18:44:59,0.302456
2024-09-02 18:45:00,0.34812
2024-09-02 18:45:01,0.232904
2024-09-02 18:45:02,0.222288
2024-09-02 18:45:03,0.355016
2024-09-02 18:45:04,0.213872
2024-09-02 18:45:05,0.204864
2024-09-02 18:45:06,0.282584
2024-09-02 18:45:07,0.19644
2024-09-02 18:45:08,0.06636
2024-09-02 18:45:09,0.051304
2024-09-02 18:45:10,0.028928
2024-09-02 18:45:11,0.042312
2024-09-02 18:45:12,0.273528
2024-09-02 18:45:13,0.036784
2024-09-02 18:45:14,0.093784
2024-09-02 18:45:15,0.053664
2024-09-02 18:45:16,0.040776
2024-09-02 18:45:17,0.027944
2024-09-02 18:45:18,0.02296
2024-09-02 18:45:19,0.031464
2024-09-02 18:45:20,0.035712
2024-09-02 18:45:21,0.03636
2024-09-02 18:45:22,0.032784
2024-09-02 18:45:23,0.040808
2024-09-02 18:45:24,0.045448
2024-09-02 18:45:25,0.035296
2024-09-02 18:45:26,0.064224
2024-09-02 18:45:27,0.061712
2024-09-02 18:45:28,0.06972
2024-09-02 18:45:29,0.05708
2024-09-02 18:45:30,0.064352
2024-09-02 18:45:31,0.0544
2024-09-02 18:45:32,0.061064
2024-09-02 18:45:33,0.053416
2024-09-02 18:45:34,0.05244
2024-09-02 18:45:35,0.05456
2024-09-02 18:45:36,0.047688
2024-09-02 18:45:37,0.046952
2024-09-02 18:45:38,0.048728
2024-09-02 18:45:39,0.046376
2024-09-02 18:45:40,0.04832
2024-09-02 18:45:41,0.09168
2024-09-02 18:45:42,0.029696
2024-09-02 18:45:43,0.128448
2024-09-02 18:45:44,0.07516
2024-09-02 18:45:45,0.035344
2024-09-02 18:45:46,0.044584
2024-09-02 18:45:47,0.036488
2024-09-02 18:45:48,0.038472
2024-09-02 18:45:49,0.030768
2024-09-02 18:45:50,0.035912
2024-09-02 18:45:51,0.063024
2024-09-02 18:45:52,0.046672
2024-09-02 18:45:53,0.028168
2024-09-02 18:45:54,0.027936
2024-09-02 18:45:55,0.019944
2024-09-02 18:45:56,0.032904
2024-09-02 18:45:57,0.039032
2024-09-02 18:45:58,0.0194
2024-09-02 18:45:59,0.018848
2024-09-02 18:46:00,0.043256
2024-09-02 18:46:01,0.028464
2024-09-02 18:46:02,0.038072
2024-09-02 18:46:03,0.059656
2024-09-02 18:46:04,0.020848
2024-09-02 18:46:05,0.018832
2024-09-02 18:46:06,0.026696
2024-09-02 18:46:07,0.061904
2024-09-02 18:46:08,0.026248
2024-09-02 18:46:09,0.026016
2024-09-02 18:46:10,0.015192
2024-09-02 18:46:11,0.027864
2024-09-02 18:46:12,0.013272
2024-09-02 18:46:13,0.165152
2024-09-02 18:46:14,0.182032
2024-09-02 18:46:15,0.045352
2024-09-02 18:46:16,0.0568
2024-09-02 18:46:17,0.025424
2024-09-02 18:46:18,0.031888
2024-09-02 18:46:19,0.138344
2024-09-02 18:46:20,0.278488
2024-09-02 18:46:21,0.325528
2024-09-02 18:46:22,0.401768
2024-09-02 18:46:23,0.44056
2024-09-02 18:46:24,0.398272
2024-09-02 18:46:25,0.434616
2024-09-02 18:46:26,0.529056
2024-09-02 18:46:27,0.553552
2024-09-02 18:46:28,0.434464
2024-09-02 18:46:29,0.496168
2024-09-02 18:46:30,0.464304
2024-09-02 18:46:31,0.481216
2024-09-02 18:46:32,0.471864
2024-09-02 18:46:33,0.389696
2024-09-02 18:46:34,0.256816
2024-09-02 18:46:35,0.267936
2024-09-02 18:46:36,0.11912
2024-09-02 18:46:37,0.073552
2024-09-02 18:46:38,0.064272
2024-09-02 18:46:39,0.034616
2024-09-02 18:46:40,0.08764
2024-09-02 18:46:41,0.035728
2024-09-02 18:46:42,0.232216
2024-09-02 18:46:43,0.041432
2024-09-02 18:46:44,0.21216
2024-09-02 18:46:45,0.041688
2024-09-02 18:46:46,0.040128
2024-09-02 18:46:47,0.108352
2024-09-02 18:46:48,0.067504
2024-09-02 18:46:49,0.055304
2024-09-02 18:46:50,0.019456
2024-09-02 18:46:51,0.048072
2024-09-02 18:46:52,0.018216
2024-09-02 18:46:53,0.01548
2024-09-02 18:46:54,0.015536
2024-09-02 18:46:55,0.031848
2024-09-02 18:46:56,0.028568
2024-09-02 18:46:57,0.036488
2024-09-02 18:46:58,0.018344
2024-09-02 18:46:59,0.016024
2024-09-02 18:47:00,0.036736
2024-09-02 18:47:01,0.026344
2024-09-02 18:47:02,0.025936
2024-09-02 18:47:03,0.025008
2024-09-02 18:47:04,0.013016
2024-09-02 18:47:05,0.015392
2024-09-02 18:47:06,0.039832
2024-09-02 18:47:07,0.015392
2024-09-02 18:47:08,0.017944
2024-09-02 18:47:09,0.016456
2024-09-02 18:47:10,0.040304
2024-09-02 18:47:11,0.028896
2024-09-02 18:47:12,0.015976
2024-09-02 18:47:13,0.013016
2024-09-02 18:47:14,0.104728
2024-09-02 18:47:15,0.14432
2024-09-02 18:47:16,0.023976
2024-09-02 18:47:17,0.056544
2024-09-02 18:47:18,0.0374
2024-09-02 18:47:19,0.022704
2024-09-02 18:47:20,0.231184
2024-09-02 18:47:21,0.25116
2024-09-02 18:47:22,0.263672
2024-09-02 18:47:23,0.33868
2024-09-02 18:47:24,0.417072
2024-09-02 18:47:25,0.478208
2024-09-02 18:47:26,0.476816
2024-09-02 18:47:27,0.576736
2024-09-02 18:47:28,0.525328
2024-09-02 18:47:29,0.404944
2024-09-02 18:47:30,0.534936
2024-09-02 18:47:31,0.441016
2024-09-02 18:47:32,0.334592
2024-09-02 18:47:33,0.402608
2024-09-02 18:47:34,0.286336
2024-09-02 18:47:35,0.298056
2024-09-02 18:47:36,0.48584
2024-09-02 18:47:37,0.322056
2024-09-02 18:47:38,0.246304
2024-09-02 18:47:39,0.18652
2024-09-02 18:47:40,0.19224
2024-09-02 18:47:41,0.051048
2024-09-02 18:47:42,0.058232
2024-09-02 18:47:43,0.201096
2024-09-02 18:47:44,0.040776
2024-09-02 18:47:45,0.091856
2024-09-02 18:47:46,0.097288
2024-09-02 18:47:47,0.03436
2024-09-02 18:47:48,0.03248
2024-09-02 18:47:49,0.018216
2024-09-02 18:47:50,0.017608
2024-09-02 18:47:51,0.034576
2024-09-02 18:47:52,0.018136
2024-09-02 18:47:53,0.017288
2024-09-02 18:47:54,0.015936
2024-09-02 18:47:55,0.014168
2024-09-02 18:47:56,0.013224
2024-09-02 18:47:57,0.016768
2024-09-02 18:47:58,0.012336
2024-09-02 18:47:59,0.013088
2024-09-02 18:48:00,0.02436
2024-09-02 18:48:01,0.012008
2024-09-02 18:48:02,0.021656
2024-09-02 18:48:03,0.010712
2024-09-02 18:48:04,0.013088
2024-09-02 18:48:05,0.03016
2024-09-02 18:48:06,0.022008
2024-09-02 18:48:07,0.012664
2024-09-02 18:48:08,0.014616
2024-09-02 18:48:09,0.098816
2024-09-02 18:48:10,0.12832
2024-09-02 18:48:11,0.093504
2024-09-02 18:48:12,0.14352
2024-09-02 18:48:13,0.220328
2024-09-02 18:48:14,0.192008
2024-09-02 18:48:15,0.158592
2024-09-02 18:48:16,0.218216
2024-09-02 18:48:17,0.13344
2024-09-02 18:48:18,0.204672
2024-09-02 18:48:19,0.186952
2024-09-02 18:48:20,0.049336
2024-09-02 18:48:21,0.202928
2024-09-02 18:48:22,0.13812
2024-09-02 18:48:23,0.093632
2024-09-02 18:48:24,0.088952
2024-09-02 18:48:25,0.069424
2024-09-02 18:48:26,0.068
2024-09-02 18:48:27,0.031888
2024-09-02 18:48:28,0.034496
2024-09-02 18:48:29,0.04576
2024-09-02 18:48:30,0.030032
2024-09-02 18:48:31,0.023272
2024-09-02 18:48:32,0.042016
2024-09-02 18:48:33,0.034064
2024-09-02 18:48:34,0.050264
2024-09-02 18:48:35,0.0268
2024-09-02 18:48:36,0.023056
2024-09-02 18:48:37,0.031888
2024-09-02 18:48:38,0.02636
2024-09-02 18:48:39,0.03896
2024-09-02 18:48:40,0.016672
2024-09-02 18:48:41,0.030152
2024-09-02 18:48:42,0.0322
2024-09-02 18:48:43,0.017632
2024-09-02 18:48:44,0.013768
2024-09-02 18:48:45,0.052224
2024-09-02 18:48:46,0.03624
2024-09-02 18:48:47,0.02072
2024-09-02 18:48:48,0.020744
2024-09-02 18:48:49,0.016184
2024-09-02 18:48:50,0.01808
2024-09-02 18:48:51,0.026136
2024-09-02 18:48:52,0.113376
2024-09-02 18:48:53,0.111256
2024-09-02 18:48:54,0.033696
2024-09-02 18:48:55,0.0206
2024-09-02 18:48:56,0.047736
2024-09-02 18:48:57,0.02696
2024-09-02 18:48:58,0.059
2024-09-02 18:48:59,0.188984
2024-09-02 18:49:00,0.176136
2024-09-02 18:49:01,0.18476
2024-09-02 18:49:02,0.296704
2024-09-02 18:49:03,0.279888
2024-09-02 18:49:04,0.302688
2024-09-02 18:49:05,0.423832
2024-09-02 18:49:06,0.282704
2024-09-02 18:49:07,0.201248
2024-09-02 18:49:08,0.28104
2024-09-02 18:49:09,0.216984
2024-09-02 18:49:10,0.202936
2024-09-02 18:49:11,0.251352
2024-09-02 18:49:12,0.183944
2024-09-02 18:49:13,0.176552
2024-09-02 18:49:14,0.189432
2024-09-02 18:49:15,0.186464
2024-09-02 18:49:16,0.187144
2024-09-02 18:49:17,0.182328
2024-09-02 18:49:18,0.181072
2024-09-02 18:49:19,0.146808
2024-09-02 18:49:20,0.133104
2024-09-02 18:49:21,0.126944
2024-09-02 18:49:22,0.094616
2024-09-02 18:49:23,0.02848
2024-09-02 18:49:24,0.038848
2024-09-02 18:49:25,0.171136
2024-09-02 18:49:26,0.031744
2024-09-02 18:49:27,0.14388
2024-09-02 18:49:28,0.0344
2024-09-02 18:49:29,0.026712
2024-09-02 18:49:30,0.049448
2024-09-02 18:49:31,0.073992
2024-09-02 18:49:32,0.046112
2024-09-02 18:49:33,0.02064
2024-09-02 18:49:34,0.019648
2024-09-02 18:49:35,0.036904
2024-09-02 18:49:36,0.041968
2024-09-02 18:49:37,0.029072
2024-09-02 18:49:38,0.0472
2024-09-02 18:49:39,0.022
2024-09-02 18:49:40,0.016592
2024-09-02 18:49:41,0.020072
2024-09-02 18:49:42,0.036632
2024-09-02 18:49:43,0.042024
2024-09-02 18:49:44,0.020256
2024-09-02 18:49:45,0.019624
2024-09-02 18:49:46,0.026072
2024-09-02 18:49:47,0.0236
2024-09-02 18:49:48,0.023152
2024-09-02 18:49:49,0.021464
2024-09-02 18:49:50,0.023728
2024-09-02 18:49:51,0.033056
2024-09-02 18:49:52,0.02184
2024-09-02 18:49:53,0.01752
2024-09-02 18:49:54,0.017344
2024-09-02 18:49:55,0.020696
2024-09-02 18:49:56,0.027744
2024-09-02 18:49:57,0.174496
2024-09-02 18:49:58,0.088232
2024-09-02 18:49:59,0.053992
2024-09-02 18:50:00,0.027368
2024-09-02 18:50:01,0.042592
2024-09-02 18:50:02,0.028232
2024-09-02 18:50:03,0.181016
2024-09-02 18:50:04,0.167648
2024-09-02 18:50:05,0.193216
2024-09-02 18:50:06,0.34144
2024-09-02 18:50:07,0.36792
2024-09-02 18:50:08,0.241536
2024-09-02 18:50:09,0.279536
2024-09-02 18:50:10,0.406376
2024-09-02 18:50:11,0.324104
2024-09-02 18:50:12,0.269864
2024-09-02 18:50:13,0.27264
2024-09-02 18:50:14,0.287376
2024-09-02 18:50:15,0.190056
2024-09-02 18:50:16,0.257792
2024-09-02 18:50:17,0.24368
2024-09-02 18:50:18,0.220784
2024-09-02 18:50:19,0.287192
2024-09-02 18:50:20,0.28188
2024-09-02 18:50:21,0.196912
2024-09-02 18:50:22,0.298544
2024-09-02 18:50:23,0.290304
2024-09-02 18:50:24,0.182232
2024-09-02 18:50:25,0.196192
2024-09-02 18:50:26,0.084192
2024-09-02 18:50:27,0.033584
2024-09-02 18:50:28,0.049944
2024-09-02 18:50:29,0.039432
2024-09-02 18:50:30,0.024344
2024-09-02 18:50:31,0.023312
2024-09-02 18:50:32,0.053688
2024-09-02 18:50:33,0.125912
2024-09-02 18:50:34,0.032136
2024-09-02 18:50:35,0.13548
2024-09-02 18:50:36,0.023496
2024-09-02 18:50:37,0.055008
2024-09-02 18:50:38,0.043904
2024-09-02 18:50:39,0.019272
2024-09-02 18:50:40,0.017088
2024-09-02 18:50:41,0.016392
2024-09-02 18:50:42,0.014976
2024-09-02 18:50:43,0.014104
2024-09-02 18:50:44,0.014976
2024-09-02 18:50:45,0.011624
2024-09-02 18:50:46,0.011632
2024-09-02 18:50:47,0.012248
2024-09-02 18:50:48,0.016368
2024-09-02 18:50:49,0.0126
2024-09-02 18:50:50,0.014624
2024-09-02 18:50:51,0.039032
2024-09-02 18:50:52,0.009256
2024-09-02 18:50:53,0.013728
2024-09-02 18:50:54,0.012744
2024-09-02 18:50:55,0.011632
2024-09-02 18:50:56,0.010232
2024-09-02 18:50:57,0.011632
2024-09-02 18:50:58,0.011624
2024-09-02 18:50:59,0.020096
2024-09-02 18:51:00,0.016408
2024-09-02 18:51:01,0.015312
2024-09-02 18:51:02,0.013016
2024-09-02 18:51:03,0.012256
2024-09-02 18:51:04,0.015736
2024-09-02 18:51:05,0.047176
2024-09-02 18:51:06,0.129864
2024-09-02 18:51:07,0.033328
2024-09-02 18:51:08,0.040344
2024-09-02 18:51:09,0.027136
2024-09-02 18:51:10,0.024928
2024-09-02 18:51:11,0.076616
2024-09-02 18:51:12,0.119528
2024-09-02 18:51:13,0.086856
2024-09-02 18:51:14,0.11736
2024-09-02 18:51:15,0.189632
2024-09-02 18:51:16,0.115336
2024-09-02 18:51:17,0.149048
2024-09-02 18:51:18,0.241288
2024-09-02 18:51:19,0.160856
2024-09-02 18:51:20,0.15364
2024-09-02 18:51:21,0.16376
2024-09-02 18:51:22,0.13464
2024-09-02 18:51:23,0.132096
2024-09-02 18:51:24,0.16692
2024-09-02 18:51:25,0.157616
2024-09-02 18:51:26,0.09752
2024-09-02 18:51:27,0.102688
2024-09-02 18:51:28,0.107528
2024-09-02 18:51:29,0.04356
2024-09-02 18:51:30,0.01756
2024-09-02 18:51:31,0.022832
2024-09-02 18:51:32,0.03508
2024-09-02 18:51:33,0.0182
2024-09-02 18:51:34,0.020088
2024-09-02 18:51:35,0.010648
2024-09-02 18:51:36,0.008224
2024-09-02 18:51:37,0.003192
2024-09-02 18:51:38,0.004592
2024-09-02 18:51:39,0.003248
2024-09-02 18:51:40,0.006696
2024-09-02 18:51:41,0.002376
2024-09-02 18:51:42,0.00236
2024-09-02 18:51:43,0.00124
2024-09-02 18:53:17,0.219856
2024-09-02 18:53:18,0.01708
2024-09-02 18:53:19,0.01472
2024-09-02 18:53:20,0.04296
2024-09-02 18:53:21,0.04028
2024-09-02 18:53:22,0.335776
2024-09-02 18:53:23,0.047272
2024-09-02 18:53:24,0.024856
2024-09-02 18:53:25,0.047672
2024-09-02 18:53:26,0.03856
2024-09-02 18:53:27,0.039576
2024-09-02 18:53:28,0.028064
2024-09-02 18:53:29,0.029488
2024-09-02 18:53:30,0.042568
2024-09-02 18:53:31,0.077288
2024-09-02 18:53:32,0.019152
2024-09-02 18:53:33,0.012696
2024-09-02 18:53:34,0.015544
2024-09-02 18:53:35,0.036472
2024-09-02 18:53:36,0.04
2024-09-02 18:53:37,0.038424
2024-09-02 18:53:38,0.02624
2024-09-02 18:53:39,0.025528
2024-09-02 18:53:40,0.0294
2024-09-02 18:53:41,0.03936
2024-09-02 18:53:42,0.034688
2024-09-02 18:53:43,0.02868
2024-09-02 18:53:44,0.006184
2024-09-02 18:53:45,0.009512
2024-09-02 18:53:46,0.01336
2024-09-02 18:53:47,0.004832
2024-09-02 18:53:48,0.004904
2024-09-02 18:53:49,0.005
2024-09-02 18:53:50,0.007384
2024-09-02 18:53:51,0.006264
2024-09-02 18:53:52,0.003928
2024-09-02 18:53:53,0.003952
2024-09-02 18:53:54,0.003816
2024-09-02 18:53:55,0.005736
2024-09-02 18:53:56,0.023976
2024-09-02 18:53:57,0.03264
2024-09-02 18:53:58,0.036896
2024-09-02 18:53:59,0.041104
2024-09-02 18:54:00,0.0266
2024-09-02 18:54:01,0.039304
2024-09-02 18:54:02,0.036456
2024-09-02 18:54:03,0.038864
2024-09-02 18:54:04,0.03832
2024-09-02 18:54:05,0.015936
2024-09-02 18:54:06,0.00436
2024-09-02 18:54:07,0.027456
2024-09-02 18:54:08,0.02344
2024-09-02 18:54:09,0.09104
2024-09-02 18:54:10,0.071592
2024-09-02 18:54:11,0.059736
2024-09-02 18:54:12,0.022448
2024-09-02 18:54:13,0.010376
2024-09-02 18:54:14,0.007904
2024-09-02 18:54:15,0.094568
2024-09-02 18:54:16,0.020744
2024-09-02 18:54:17,0.025336
2024-09-02 18:54:18,0.024928
2024-09-02 18:54:19,0.058552
2024-09-02 18:54:20,0.064304
2024-09-02 18:54:21,0.059552
2024-09-02 18:54:22,0.060352
2024-09-02 18:54:23,0.058016
2024-09-02 18:54:24,0.08692
2024-09-02 18:54:25,0.089584
2024-09-02 18:54:26,0.068096
2024-09-02 18:54:27,0.08536
2024-09-02 18:54:28,0.06612
2024-09-02 18:54:29,0.105912
2024-09-02 18:54:30,0.123576
2024-09-02 18:54:31,0.086544
2024-09-02 18:54:32,0.067424
2024-09-02 18:54:33,0.039072
2024-09-02 18:54:34,0.055728
2024-09-02 18:54:35,0.043984
2024-09-02 18:54:36,0.044048
2024-09-02 18:54:37,0.037144
2024-09-02 18:54:38,0.037368
2024-09-02 18:54:39,0.08036
2024-09-02 18:54:40,0.193312
2024-09-02 18:54:41,0.093192
2024-09-02 18:54:42,0.049312
2024-09-02 18:54:43,0.024136
2024-09-02 18:54:44,0.0408
2024-09-02 18:54:45,0.028152
2024-09-02 18:54:46,0.056248
2024-09-02 18:54:47,0.0568
2024-09-02 18:54:48,0.038248
2024-09-02 18:54:49,0.056896
2024-09-02 18:54:50,0.034152
2024-09-02 18:54:51,0.032264
2024-09-02 18:54:52,0.027672
2024-09-02 18:54:53,0.011368
2024-09-02 18:54:54,0.00724
2024-09-02 18:54:55,0.125528
2024-09-02 18:54:56,0.024608
2024-09-02 18:54:57,0.01732
2024-09-02 18:54:58,0.072104
2024-09-02 18:54:59,0.075504
2024-09-02 18:55:00,0.067456
2024-09-02 18:55:01,0.101216
2024-09-02 18:55:02,0.117928
2024-09-02 18:55:03,0.103
2024-09-02 18:55:04,0.120712
2024-09-02 18:55:05,0.120728
2024-09-02 18:55:06,0.164408
2024-09-02 18:55:07,0.088448
2024-09-02 18:55:08,0.112864
2024-09-02 18:55:09,0.05064
2024-09-02 18:55:10,0.156696
2024-09-02 18:55:11,0.2132
2024-09-02 18:55:12,0.069752
2024-09-02 18:55:13,0.056816
2024-09-02 18:55:14,0.040296
2024-09-02 18:55:15,0.049248
2024-09-02 18:55:16,0.029768
2024-09-02 18:55:17,0.047016
2024-09-02 18:55:18,0.023824
2024-09-02 18:55:19,0.015072
2024-09-02 18:55:20,0.015408
2024-09-02 18:55:21,0.062928
2024-09-02 18:55:22,0.044744
2024-09-02 18:55:23,0.051568
2024-09-02 18:55:24,0.042816
2024-09-02 18:55:25,0.025088
2024-09-02 18:55:26,0.018984
2024-09-02 18:55:27,0.041952
2024-09-02 18:55:28,0.034056
2024-09-02 18:55:29,0.028696
2024-09-02 18:55:30,0.018256
2024-09-02 18:55:31,0.15428
2024-09-02 18:55:32,0.025464
2024-09-02 18:55:33,0.023808
2024-09-02 18:55:34,0.056472
2024-09-02 18:55:35,0.084176
2024-09-02 18:55:36,0.104872
2024-09-02 18:55:37,0.099152
2024-09-02 18:55:38,0.116184
2024-09-02 18:55:39,0.154144
2024-09-02 18:55:40,0.151688
2024-09-02 18:55:41,0.187304
2024-09-02 18:55:42,0.149672
2024-09-02 18:55:43,0.098904
2024-09-02 18:55:44,0.073232
2024-09-02 18:55:45,0.08056
2024-09-02 18:55:46,0.070048
2024-09-02 18:55:47,0.172056
2024-09-02 18:55:48,0.071544
2024-09-02 18:55:49,0.079016
2024-09-02 18:55:50,0.01632
2024-09-02 18:55:51,0.020808
2024-09-02 18:55:52,0.01392
2024-09-02 18:55:53,0.012584
2024-09-02 18:55:54,0.010712
2024-09-02 18:55:55,0.042248
2024-09-02 18:55:56,0.039472
2024-09-02 18:55:57,0.027272
2024-09-02 18:55:58,0.0508
2024-09-02 18:55:59,0.024744
2024-09-02 18:56:00,0.013072
2024-09-02 18:56:01,0.016456
2024-09-02 18:56:02,0.039648
2024-09-02 18:56:03,0.018032
2024-09-02 18:56:04,0.019592
2024-09-02 18:56:05,0.022904
2024-09-02 18:56:06,0.031056
2024-09-02 18:56:07,0.022352
2024-09-02 18:56:08,0.05268
2024-09-02 18:56:09,0.020528
2024-09-02 18:56:10,0.024944
2024-09-02 18:56:11,0.032608
2024-09-02 18:56:12,0.038712
2024-09-02 18:56:13,0.032848
2024-09-02 18:56:14,0.02264
2024-09-02 18:56:15,0.03816
2024-09-02 18:56:16,0.082952
2024-09-02 18:56:17,0.087048
2024-09-02 18:56:18,0.058144
2024-09-02 18:56:19,0.033616
2024-09-02 18:56:20,0.049728
2024-09-02 18:56:21,0.037296
2024-09-02 18:56:22,0.02532
2024-09-02 18:56:23,0.032624
2024-09-02 18:56:24,0.023584
2024-09-02 18:56:25,0.021048
2024-09-02 18:56:26,0.027288
2024-09-02 18:56:27,0.05248
2024-09-02 18:56:28,0.04688
2024-09-02 18:56:29,0.034696
2024-09-02 18:56:30,0.053288
2024-09-02 18:56:31,0.038784
2024-09-02 18:56:32,0.049552
2024-09-02 18:56:33,0.051312
2024-09-02 18:56:34,0.030816
2024-09-02 18:56:35,0.0374
2024-09-02 18:56:36,0.03452
2024-09-02 18:56:37,0.066624
2024-09-02 18:56:38,0.11448
2024-09-02 18:56:39,0.145856
2024-09-02 18:56:40,0.041632
2024-09-02 18:56:41,0.062112
2024-09-02 18:56:42,0.047304
2024-09-02 18:56:43,0.040368
2024-09-02 18:56:44,0.113416
2024-09-02 18:56:45,0.07896
2024-09-02 18:56:46,0.084968
2024-09-02 18:56:47,0.129264
2024-09-02 18:56:48,0.1104
2024-09-02 18:56:49,0.107888
2024-09-02 18:56:50,0.154224
2024-09-02 18:56:51,0.160416
2024-09-02 18:56:52,0.150656
2024-09-02 18:56:53,0.145344
2024-09-02 18:56:54,0.148016
2024-09-02 18:56:55,0.125944
2024-09-02 18:56:56,0.113448
2024-09-02 18:56:57,0.09672
2024-09-02 18:56:58,0.106528
2024-09-02 18:56:59,0.103056
2024-09-02 18:57:00,0.116296
2024-09-02 18:57:01,0.124776
2024-09-02 18:57:02,0.087936
2024-09-02 18:57:03,0.091992
2024-09-02 18:57:04,0.093656
2024-09-02 18:57:05,0.097672
2024-09-02 18:57:06,0.077944
2024-09-02 18:57:07,0.102712
2024-09-02 18:57:08,0.059928
2024-09-02 18:57:09,0.052936
2024-09-02 18:57:10,0.042256
2024-09-02 18:57:11,0.06312
2024-09-02 18:57:12,0.056528
2024-09-02 18:57:13,0.066952
2024-09-02 18:57:14,0.056064
2024-09-02 18:57:15,0.050832
2024-09-02 18:57:16,0.033536
2024-09-02 18:57:17,0.037992
2024-09-02 18:57:18,0.0498
2024-09-02 18:57:19,0.043576
2024-09-02 18:57:20,0.021784
2024-09-02 18:57:21,0.036224
2024-09-02 18:57:22,0.016288
2024-09-02 18:57:23,0.023192
2024-09-02 18:57:24,0.021792
2024-09-02 18:57:25,0.057344
2024-09-02 18:57:26,0.19012
2024-09-02 18:57:27,0.039304
2024-09-02 18:57:28,0.175304
2024-09-02 18:57:29,0.04296
2024-09-02 18:57:30,0.045272
2024-09-02 18:57:31,0.043584
2024-09-02 18:57:32,0.044144
2024-09-02 18:57:33,0.05116
2024-09-02 18:57:34,0.055888
2024-09-02 18:57:35,0.036928
2024-09-02 18:57:36,0.039264
2024-09-02 18:57:37,0.0436
2024-09-02 18:57:38,0.045008
2024-09-02 18:57:39,0.0644
2024-09-02 18:57:40,0.055344
2024-09-02 18:57:41,0.058168
2024-09-02 18:57:42,0.047744
2024-09-02 18:57:43,0.044896
2024-09-02 18:57:44,0.0274
2024-09-02 18:57:45,0.02532
2024-09-02 18:57:46,0.051008
2024-09-02 18:57:47,0.037496
2024-09-02 18:57:48,0.033904
2024-09-02 18:57:49,0.041216
2024-09-02 18:57:50,0.035672
2024-09-02 18:57:51,0.044352
2024-09-02 18:57:52,0.021024
2024-09-02 18:57:53,0.02168
2024-09-02 18:57:54,0.017984
2024-09-02 18:57:55,0.019584
2024-09-02 18:57:56,0.01888
2024-09-02 18:57:57,0.021592
2024-09-02 18:57:58,0.110936
2024-09-02 18:57:59,0.123976
2024-09-02 18:58:00,0.028512
2024-09-02 18:58:01,0.082064
2024-09-02 18:58:02,0.039016
2024-09-02 18:58:03,0.021368
2024-09-02 18:58:04,0.10896
2024-09-02 18:58:05,0.090176
2024-09-02 18:58:06,0.096312
2024-09-02 18:58:07,0.105488
2024-09-02 18:58:08,0.1292
2024-09-02 18:58:09,0.163472
2024-09-02 18:58:10,0.135408
2024-09-02 18:58:11,0.14952
2024-09-02 18:58:12,0.138432
2024-09-02 18:58:13,0.123232
2024-09-02 18:58:14,0.139312
2024-09-02 18:58:15,0.13044
2024-09-02 18:58:16,0.146424
2024-09-02 18:58:17,0.10844
2024-09-02 18:58:18,0.113184
2024-09-02 18:58:19,0.093944
2024-09-02 18:58:20,0.105096
2024-09-02 18:58:21,0.124936
2024-09-02 18:58:22,0.100936
2024-09-02 18:58:23,0.089032
2024-09-02 18:58:24,0.084992
2024-09-02 18:58:25,0.079584
2024-09-02 18:58:26,0.108064
2024-09-02 18:58:27,0.10024
2024-09-02 18:58:28,0.081816
2024-09-02 18:58:29,0.0796
2024-09-02 18:58:30,0.0674
2024-09-02 18:58:31,0.073448
2024-09-02 18:58:32,0.032304
2024-09-02 18:58:33,0.040008
2024-09-02 18:58:34,0.026416
2024-09-02 18:58:35,0.030336
2024-09-02 18:58:36,0.21104
2024-09-02 18:58:37,0.037648
2024-09-02 18:58:38,0.152376
2024-09-02 18:58:39,0.080528
2024-09-02 18:58:40,0.066288
2024-09-02 18:58:41,0.061944
2024-09-02 18:58:42,0.035136
2024-09-02 18:58:43,0.052256
2024-09-02 18:58:44,0.038656
2024-09-02 18:58:45,0.020696
2024-09-02 18:58:46,0.019136
2024-09-02 18:58:47,0.026
2024-09-02 18:58:48,0.016376
2024-09-02 18:58:49,0.018184
2024-09-02 18:58:50,0.021216
2024-09-02 18:58:51,0.02164
2024-09-02 18:58:52,0.026856
2024-09-02 18:58:53,0.028376
2024-09-02 18:58:54,0.024936
2024-09-02 18:58:55,0.034448
2024-09-02 18:58:56,0.043328
2024-09-02 18:58:57,0.064776
2024-09-02 18:58:58,0.025984
2024-09-02 18:58:59,0.019744
2024-09-02 18:59:00,0.029656
2024-09-02 18:59:01,0.02432
2024-09-02 18:59:02,0.020216
2024-09-02 18:59:03,0.021504
2024-09-02 18:59:04,0.018176
2024-09-02 18:59:05,0.019568
2024-09-02 18:59:06,0.016864
2024-09-02 18:59:07,0.022744
2024-09-02 18:59:08,0.074976
2024-09-02 18:59:09,0.149072
2024-09-02 18:59:10,0.080192
2024-09-02 18:59:11,0.04772
2024-09-02 18:59:12,0.048608
2024-09-02 18:59:13,0.035624
2024-09-02 18:59:14,0.060352
2024-09-02 18:59:15,0.119288
2024-09-02 18:59:16,0.1374
2024-09-02 18:59:17,0.186544
2024-09-02 18:59:18,0.22832
2024-09-02 18:59:19,0.18928
2024-09-02 18:59:20,0.19068
2024-09-02 18:59:21,0.211928
2024-09-02 18:59:22,0.151864
2024-09-02 18:59:23,0.214176
2024-09-02 18:59:24,0.160256
2024-09-02 18:59:25,0.151344
2024-09-02 18:59:26,0.161768
2024-09-02 18:59:27,0.170696
2024-09-02 18:59:28,0.138608
2024-09-02 18:59:29,0.135176
2024-09-02 18:59:30,0.11716
2024-09-02 18:59:31,0.1542
2024-09-02 18:59:32,0.13828
2024-09-02 18:59:33,0.14116
2024-09-02 18:59:34,0.124944
2024-09-02 18:59:35,0.102176
2024-09-02 18:59:36,0.0932
2024-09-02 18:59:37,0.085264
2024-09-02 18:59:38,0.09476
2024-09-02 18:59:39,0.09104
2024-09-02 18:59:40,0.07592
2024-09-02 18:59:41,0.090648
2024-09-02 18:59:42,0.065904
2024-09-02 18:59:43,0.068768
2024-09-02 18:59:44,0.104912
2024-09-02 18:59:45,0.075192
2024-09-02 18:59:46,0.081848
2024-09-02 18:59:47,0.072512
2024-09-02 18:59:48,0.074
2024-09-02 18:59:49,0.019872
2024-09-02 18:59:50,0.039616
2024-09-02 18:59:51,0.023952
2024-09-02 18:59:52,0.054632
2024-09-02 18:59:53,0.217456
2024-09-02 18:59:54,0.030208
2024-09-02 18:59:55,0.093808
2024-09-02 18:59:56,0.05744
2024-09-02 18:59:57,0.048416
2024-09-02 18:59:58,0.028936
2024-09-02 18:59:59,0.031992
2024-09-02 19:00:00,0.025416
2024-09-02 19:00:01,0.042288
2024-09-02 19:00:02,0.040488
2024-09-02 19:00:03,0.04392
2024-09-02 19:00:04,0.04068
2024-09-02 19:00:05,0.051192
2024-09-02 19:00:06,0.052536
2024-09-02 19:00:07,0.048416
2024-09-02 19:00:08,0.058976
2024-09-02 19:00:09,0.063056
2024-09-02 19:00:10,0.059104
2024-09-02 19:00:11,0.064448
2024-09-02 19:00:12,0.058584
2024-09-02 19:00:13,0.058336
2024-09-02 19:00:14,0.057328
2024-09-02 19:00:15,0.06352
2024-09-02 19:00:16,0.05648
2024-09-02 19:00:17,0.059552
2024-09-02 19:00:18,0.055808
2024-09-02 19:00:19,0.066384
2024-09-02 19:00:20,0.057088
2024-09-02 19:00:21,0.066504
2024-09-02 19:00:22,0.069256
2024-09-02 19:00:23,0.036048
2024-09-02 19:00:24,0.03476
2024-09-02 19:00:25,0.049864
2024-09-02 19:00:26,0.043184
2024-09-02 19:00:27,0.046968
2024-09-02 19:00:28,0.097528
2024-09-02 19:00:29,0.030712
2024-09-02 19:00:30,0.101928
2024-09-02 19:00:31,0.116112
2024-09-02 19:00:32,0.072808
2024-09-02 19:00:33,0.048672
2024-09-02 19:00:34,0.032368
2024-09-02 19:00:35,0.048128
2024-09-02 19:00:36,0.044016
2024-09-02 19:00:37,0.02716
2024-09-02 19:00:38,0.045544
2024-09-02 19:00:39,0.027024
2024-09-02 19:00:40,0.021592
2024-09-02 19:00:41,0.02048
2024-09-02 19:00:42,0.035968
2024-09-02 19:00:43,0.035464
2024-09-02 19:00:44,0.025672
2024-09-02 19:00:45,0.039664
2024-09-02 19:00:46,0.037336
2024-09-02 19:00:47,0.059856
2024-09-02 19:00:48,0.029904
2024-09-02 19:00:49,0.032112
2024-09-02 19:00:50,0.046296
2024-09-02 19:00:51,0.032392
2024-09-02 19:00:52,0.027888
2024-09-02 19:00:53,0.026232
2024-09-02 19:00:54,0.033912
2024-09-02 19:00:55,0.050368
2024-09-02 19:00:56,0.02536
2024-09-02 19:00:57,0.020296
2024-09-02 19:00:58,0.015584
2024-09-02 19:00:59,0.015352
2024-09-02 19:01:00,0.120528
2024-09-02 19:01:01,0.156448
2024-09-02 19:01:02,0.040216
2024-09-02 19:01:03,0.06004
2024-09-02 19:01:04,0.04336
2024-09-02 19:01:05,0.02472
2024-09-02 19:01:06,0.108328
2024-09-02 19:01:07,0.104848
2024-09-02 19:01:08,0.102344
2024-09-02 19:01:09,0.118984
2024-09-02 19:01:10,0.142992
2024-09-02 19:01:11,0.179264
2024-09-02 19:01:12,0.175624
2024-09-02 19:01:13,0.172808
2024-09-02 19:01:14,0.220304
2024-09-02 19:01:15,0.184464
2024-09-02 19:01:16,0.20244
2024-09-02 19:01:17,0.169464
2024-09-02 19:01:18,0.142872
2024-09-02 19:01:19,0.174144
2024-09-02 19:01:20,0.158152
2024-09-02 19:01:21,0.147664
2024-09-02 19:01:22,0.177552
2024-09-02 19:01:23,0.154176
2024-09-02 19:01:24,0.128152
2024-09-02 19:01:25,0.12584
2024-09-02 19:01:26,0.136392
2024-09-02 19:01:27,0.082104
2024-09-02 19:01:28,0.148336
2024-09-02 19:01:29,0.051592
2024-09-02 19:01:30,0.059408
2024-09-02 19:01:31,0.058304
2024-09-02 19:01:32,0.034776
2024-09-02 19:01:33,0.038088
2024-09-02 19:01:34,0.050024
2024-09-02 19:01:35,0.223432
2024-09-02 19:01:36,0.031856
2024-09-02 19:01:37,0.209568
2024-09-02 19:01:38,0.09004
2024-09-02 19:01:39,0.041552
2024-09-02 19:01:40,0.039968
2024-09-02 19:01:41,0.056592
2024-09-02 19:01:42,0.027256
2024-09-02 19:01:43,0.039448
2024-09-02 19:01:44,0.042896
2024-09-02 19:01:45,0.052192
2024-09-02 19:01:46,0.034904
2024-09-02 19:01:47,0.021952
2024-09-02 19:01:48,0.042496
2024-09-02 19:01:49,0.020168
2024-09-02 19:01:50,0.046072
2024-09-02 19:01:51,0.04472
2024-09-02 19:01:52,0.028792
2024-09-02 19:01:53,0.020216
2024-09-02 19:01:54,0.03544
2024-09-02 19:01:55,0.028328
2024-09-02 19:01:56,0.03552
2024-09-02 19:01:57,0.036296
2024-09-02 19:01:58,0.02464
2024-09-02 19:01:59,0.02452
2024-09-02 19:02:00,0.028328
2024-09-02 19:02:01,0.03776
2024-09-02 19:02:02,0.024232
2024-09-02 19:02:03,0.049344
2024-09-02 19:02:04,0.03124
2024-09-02 19:02:05,0.030544
2024-09-02 19:02:06,0.01516
2024-09-02 19:02:07,0.113232
2024-09-02 19:02:08,0.132696
2024-09-02 19:02:09,0.028064
2024-09-02 19:02:10,0.066456
2024-09-02 19:02:11,0.029856
2024-09-02 19:02:12,0.02432
2024-09-02 19:02:13,0.145096
2024-09-02 19:02:14,0.117168
2024-09-02 19:02:15,0.117416
2024-09-02 19:02:16,0.186264
2024-09-02 19:02:17,0.203376
2024-09-02 19:02:18,0.223552
2024-09-02 19:02:19,0.213264
2024-09-02 19:02:20,0.227288
2024-09-02 19:02:21,0.251672
2024-09-02 19:02:22,0.244784
2024-09-02 19:02:23,0.195848
2024-09-02 19:02:24,0.15852
2024-09-02 19:02:25,0.217904
2024-09-02 19:02:26,0.212088
2024-09-02 19:02:27,0.17016
2024-09-02 19:02:28,0.220168
2024-09-02 19:02:29,0.210568
2024-09-02 19:02:30,0.213416
2024-09-02 19:02:31,0.191048
2024-09-02 19:02:32,0.134312
2024-09-02 19:02:33,0.132192
2024-09-02 19:02:34,0.143432
2024-09-02 19:02:35,0.147352
2024-09-02 19:02:36,0.146968
2024-09-02 19:02:37,0.158048
2024-09-02 19:02:38,0.145192
2024-09-02 19:02:39,0.073392
2024-09-02 19:02:40,0.07732
2024-09-02 19:02:41,0.05632
2024-09-02 19:02:42,0.037128
2024-09-02 19:02:43,0.036336
2024-09-02 19:02:44,0.018184
2024-09-02 19:02:45,0.016144
2024-09-02 19:02:46,0.013576
2024-09-02 19:02:47,0.03568
2024-09-02 19:02:48,0.243056
2024-09-02 19:02:49,0.038264
2024-09-02 19:02:50,0.268104
2024-09-02 19:02:51,0.111608
2024-09-02 19:02:52,0.058296
2024-09-02 19:02:53,0.048304
2024-09-02 19:02:54,0.040096
2024-09-02 19:02:55,0.045608
2024-09-02 19:02:56,0.046872
2024-09-02 19:02:57,0.032536
2024-09-02 19:02:58,0.024696
2024-09-02 19:02:59,0.028208
2024-09-02 19:03:00,0.03976
2024-09-02 19:03:01,0.046224
2024-09-02 19:03:02,0.023864
2024-09-02 19:03:03,0.022112
2024-09-02 19:03:04,0.03328
2024-09-02 19:03:05,0.0232
2024-09-02 19:03:06,0.025336
2024-09-02 19:03:07,0.019632
2024-09-02 19:03:08,0.031552
2024-09-02 19:03:09,0.027616
2024-09-02 19:03:10,0.138448
2024-09-02 19:03:11,0.040416
2024-09-02 19:03:12,0.052128
2024-09-02 19:03:13,0.085168
2024-09-02 19:03:14,0.141856
2024-09-02 19:03:15,0.117464
2024-09-02 19:03:16,0.143496
2024-09-02 19:03:17,0.17448
2024-09-02 19:03:18,0.174704
2024-09-02 19:03:19,0.23336
2024-09-02 19:03:20,0.271776
2024-09-02 19:03:21,0.311312
2024-09-02 19:03:22,0.268256
2024-09-02 19:03:23,0.265064
2024-09-02 19:03:24,0.218544
2024-09-02 19:03:25,0.207352
2024-09-02 19:03:26,0.233736
2024-09-02 19:03:27,0.210784
2024-09-02 19:03:28,0.240288
2024-09-02 19:03:29,0.176176
2024-09-02 19:03:30,0.1474
2024-09-02 19:03:31,0.190544
2024-09-02 19:03:32,0.135208
2024-09-02 19:03:33,0.091632
2024-09-02 19:03:34,0.079552
2024-09-02 19:03:35,0.083728
2024-09-02 19:03:36,0.08388
2024-09-02 19:03:37,0.051272
2024-09-02 19:03:38,0.049312
2024-09-02 19:03:39,0.058608
2024-09-02 19:03:40,0.058256
2024-09-02 19:03:41,0.26164
2024-09-02 19:03:42,0.128616
2024-09-02 19:03:43,0.153424
2024-09-02 19:03:44,0.051512
2024-09-02 19:03:45,0.06696
2024-09-02 19:03:46,0.056536
2024-09-02 19:03:47,0.063752
2024-09-02 19:03:48,0.026688
2024-09-02 19:03:49,0.084752
2024-09-02 19:03:50,0.030872
2024-09-02 19:03:51,0.038048
2024-09-02 19:03:52,0.050304
2024-09-02 19:03:53,0.041912
2024-09-02 19:03:54,0.056576
2024-09-02 19:03:55,0.063192
2024-09-02 19:03:56,0.047648
2024-09-02 19:03:57,0.05532
2024-09-02 19:03:58,0.053096
2024-09-02 19:03:59,0.029816
2024-09-02 19:04:00,0.026896
2024-09-02 19:04:01,0.037672
2024-09-02 19:04:02,0.026352
2024-09-02 19:04:03,0.034376
2024-09-02 19:04:04,0.02132
2024-09-02 19:04:05,0.025936
2024-09-02 19:04:06,0.037192
2024-09-02 19:04:07,0.025128
2024-09-02 19:04:08,0.01976
2024-09-02 19:04:09,0.026664
2024-09-02 19:04:10,0.033672
2024-09-02 19:04:11,0.036232
2024-09-02 19:04:12,0.131984
2024-09-02 19:04:13,0.173896
2024-09-02 19:04:14,0.030136
2024-09-02 19:04:15,0.07792
2024-09-02 19:04:16,0.032568
2024-09-02 19:04:17,0.02792
2024-09-02 19:04:18,0.162136
2024-09-02 19:04:19,0.152304
2024-09-02 19:04:20,0.26492
2024-09-02 19:04:21,0.23492
2024-09-02 19:04:22,0.26976
2024-09-02 19:04:23,0.297896
2024-09-02 19:04:24,0.25856
2024-09-02 19:04:25,0.194832
2024-09-02 19:04:26,0.28376
2024-09-02 19:04:27,0.226728
2024-09-02 19:04:28,0.172312
2024-09-02 19:04:29,0.27388
2024-09-02 19:04:30,0.171544
2024-09-02 19:04:31,0.186104
2024-09-02 19:04:32,0.29036
2024-09-02 19:04:33,0.21776
2024-09-02 19:04:34,0.184384
2024-09-02 19:04:35,0.141256
2024-09-02 19:04:36,0.142968
2024-09-02 19:04:37,0.139192
2024-09-02 19:04:38,0.123464
2024-09-02 19:04:39,0.102552
2024-09-02 19:04:40,0.056368
2024-09-02 19:04:41,0.025256
2024-09-02 19:04:42,0.046464
2024-09-02 19:04:43,0.017296
2024-09-02 19:04:44,0.024752
2024-09-02 19:04:45,0.015096
2024-09-02 19:04:46,0.040944
2024-09-02 19:04:47,0.260184
2024-09-02 19:04:48,0.041136
2024-09-02 19:04:49,0.24588
2024-09-02 19:04:50,0.063752
2024-09-02 19:04:51,0.026272
2024-09-02 19:04:52,0.014328
2024-09-02 19:04:53,0.012528
2024-09-02 19:04:54,0.014432
2024-09-02 19:04:55,0.01476
2024-09-02 19:04:56,0.016048
2024-09-02 19:04:57,0.01896
2024-09-02 19:04:58,0.015544
2024-09-02 19:04:59,0.016856
2024-09-02 19:05:00,0.018448
2024-09-02 19:05:01,0.024048
2024-09-02 19:05:02,0.02184
2024-09-02 19:05:03,0.045328
2024-09-02 19:05:04,0.032696
2024-09-02 19:05:05,0.02452
2024-09-02 19:05:06,0.044192
2024-09-02 19:05:07,0.030736
2024-09-02 19:05:08,0.050976
2024-09-02 19:05:09,0.08656
2024-09-02 19:05:10,0.113904
2024-09-02 19:05:11,0.10028
2024-09-02 19:05:12,0.059496
2024-09-02 19:05:13,0.041544
2024-09-02 19:05:14,0.066568
2024-09-02 19:05:15,0.034448
2024-09-02 19:05:16,0.073224
2024-09-02 19:05:17,0.063672
2024-09-02 19:05:18,0.101312
2024-09-02 19:05:19,0.042664
2024-09-02 19:05:20,0.03896
2024-09-02 19:05:21,0.032728
2024-09-02 19:05:22,0.02952
2024-09-02 19:05:23,0.034416
2024-09-02 19:05:24,0.02684
2024-09-02 19:05:25,0.026616
2024-09-02 19:05:26,0.01864
2024-09-02 19:05:27,0.016368
2024-09-02 19:05:28,0.019848
2024-09-02 19:05:29,0.033712
2024-09-02 19:05:30,0.022344
2024-09-02 19:05:31,0.057064
2024-09-02 19:05:32,0.02948
2024-09-02 19:05:33,0.029472
2024-09-02 19:05:34,0.045216
2024-09-02 19:05:35,0.035752
2024-09-02 19:05:36,0.026984
2024-09-02 19:05:37,0.02124
2024-09-02 19:05:38,0.018232
2024-09-02 19:05:39,0.139776
2024-09-02 19:05:40,0.20948
2024-09-02 19:05:41,0.062968
2024-09-02 19:05:42,0.062728
2024-09-02 19:05:43,0.048912
2024-09-02 19:05:44,0.031544
2024-09-02 19:05:45,0.1128
2024-09-02 19:05:46,0.228656
2024-09-02 19:05:47,0.223872
2024-09-02 19:05:48,0.234032
2024-09-02 19:05:49,0.303688
2024-09-02 19:05:50,0.252496
2024-09-02 19:05:51,0.24908
2024-09-02 19:05:52,0.345504
2024-09-02 19:05:53,0.281592
2024-09-02 19:05:54,0.2202
2024-09-02 19:05:55,0.229296
2024-09-02 19:05:56,0.210984
2024-09-02 19:05:57,0.226208
2024-09-02 19:05:58,0.236624
2024-09-02 19:05:59,0.198136
2024-09-02 19:06:00,0.234408
2024-09-02 19:06:01,0.208016
2024-09-02 19:06:02,0.214544
2024-09-02 19:06:03,0.108072
2024-09-02 19:06:04,0.093128
2024-09-02 19:06:05,0.070944
2024-09-02 19:06:06,0.053552
2024-09-02 19:06:07,0.052544
2024-09-02 19:06:08,0.04828
2024-09-02 19:06:09,0.039576
2024-09-02 19:06:10,0.037568
2024-09-02 19:06:11,0.048296
2024-09-02 19:06:12,0.029264
2024-09-02 19:06:13,0.03296
2024-09-02 19:06:14,0.048384
2024-09-02 19:06:15,0.016024
2024-09-02 19:06:16,0.037936
2024-09-02 19:06:17,0.037736
2024-09-02 19:06:18,0.27216
2024-09-02 19:06:19,0.054352
2024-09-02 19:06:20,0.22052
2024-09-02 19:06:21,0.139224
2024-09-02 19:06:22,0.060696
2024-09-02 19:06:23,0.058208
2024-09-02 19:06:24,0.051984
2024-09-02 19:06:25,0.059064
2024-09-02 19:06:26,0.068592
2024-09-02 19:06:27,0.046464
2024-09-02 19:06:28,0.037632
2024-09-02 19:06:29,0.032056
2024-09-02 19:06:30,0.035072
2024-09-02 19:06:31,0.094296
2024-09-02 19:06:32,0.075672
2024-09-02 19:06:33,0.064088
2024-09-02 19:06:34,0.042944
2024-09-02 19:06:35,0.077792
2024-09-02 19:06:36,0.032552
2024-09-02 19:06:37,0.038768
2024-09-02 19:06:38,0.056976
2024-09-02 19:06:39,0.036816
2024-09-02 19:06:40,0.04212
2024-09-02 19:06:41,0.058864
2024-09-02 19:06:42,0.029472
2024-09-02 19:06:43,0.042056
2024-09-02 19:06:44,0.060384
2024-09-02 19:06:45,0.033336
2024-09-02 19:06:46,0.065016
2024-09-02 19:06:47,0.047592
2024-09-02 19:06:48,0.029744
2024-09-02 19:06:49,0.04516
2024-09-02 19:06:50,0.139968
2024-09-02 19:06:51,0.158216
2024-09-02 19:06:52,0.065328
2024-09-02 19:06:53,0.0658
2024-09-02 19:06:54,0.062592
2024-09-02 19:06:55,0.034096
2024-09-02 19:06:56,0.078152
2024-09-02 19:06:57,0.249448
2024-09-02 19:06:58,0.197648
2024-09-02 19:06:59,0.291568
2024-09-02 19:07:00,0.306592
2024-09-02 19:07:01,0.332032
2024-09-02 19:07:02,0.251664
2024-09-02 19:07:03,0.338048
2024-09-02 19:07:04,0.303128
2024-09-02 19:07:05,0.239064
2024-09-02 19:07:06,0.2438
2024-09-02 19:07:07,0.244192
2024-09-02 19:07:08,0.262616
2024-09-02 19:07:09,0.21816
2024-09-02 19:07:10,0.273872
2024-09-02 19:07:11,0.216848
2024-09-02 19:07:12,0.24508
2024-09-02 19:07:13,0.301576
2024-09-02 19:07:14,0.195824
2024-09-02 19:07:15,0.155976
2024-09-02 19:07:16,0.108192
2024-09-02 19:07:17,0.104696
2024-09-02 19:07:18,0.149536
2024-09-02 19:07:19,0.04348
2024-09-02 19:07:20,0.048992
2024-09-02 19:07:21,0.043408
2024-09-02 19:07:22,0.051592
2024-09-02 19:07:23,0.03968
2024-09-02 19:07:24,0.285728
2024-09-02 19:07:25,0.03012
2024-09-02 19:07:26,0.106392
2024-09-02 19:07:27,0.051952
2024-09-02 19:07:28,0.045712
2024-09-02 19:07:29,0.028152
2024-09-02 19:07:30,0.028112
2024-09-02 19:07:31,0.051456
2024-09-02 19:07:32,0.0412
2024-09-02 19:07:33,0.047048
2024-09-02 19:07:34,0.055896
2024-09-02 19:07:35,0.05536
2024-09-02 19:07:36,0.043728
2024-09-02 19:07:37,0.0568
2024-09-02 19:07:38,0.047808
2024-09-02 19:07:39,0.053072
2024-09-02 19:07:40,0.054864
2024-09-02 19:07:41,0.056472
2024-09-02 19:07:42,0.04824
2024-09-02 19:07:43,0.039456
2024-09-02 19:07:44,0.049952
2024-09-02 19:07:45,0.057784
2024-09-02 19:07:46,0.053136
2024-09-02 19:07:47,0.054176
2024-09-02 19:07:48,0.051
2024-09-02 19:07:49,0.054288
2024-09-02 19:07:50,0.06224
2024-09-02 19:07:51,0.063024
2024-09-02 19:07:52,0.063824
2024-09-02 19:07:53,0.069488
2024-09-02 19:07:54,0.055272
2024-09-02 19:07:55,0.042792
2024-09-02 19:07:56,0.042384
2024-09-02 19:07:57,0.037688
2024-09-02 19:07:58,0.040312
2024-09-02 19:07:59,0.0912
2024-09-02 19:08:00,0.028024
2024-09-02 19:08:01,0.188944
2024-09-02 19:08:02,0.09528
2024-09-02 19:08:03,0.07032
2024-09-02 19:08:04,0.087216
2024-09-02 19:08:05,0.060536
2024-09-02 19:08:06,0.056296
2024-09-02 19:08:07,0.063648
2024-09-02 19:08:08,0.04832
2024-09-02 19:08:09,0.042968
2024-09-02 19:08:10,0.037928
2024-09-02 19:08:11,0.03292
2024-09-02 19:08:12,0.02472
2024-09-02 19:08:13,0.032824
2024-09-02 19:08:14,0.046088
2024-09-02 19:08:15,0.05768
2024-09-02 19:08:16,0.033008
2024-09-02 19:08:17,0.020592
2024-09-02 19:08:18,0.045264
2024-09-02 19:08:19,0.053552
2024-09-02 19:08:20,0.024232
2024-09-02 19:08:21,0.047624
2024-09-02 19:08:22,0.040624
2024-09-02 19:08:23,0.027104
2024-09-02 19:08:24,0.032176
2024-09-02 19:08:25,0.029288
2024-09-02 19:08:26,0.05136
2024-09-02 19:08:27,0.05184
2024-09-02 19:08:28,0.082424
2024-09-02 19:08:29,0.02684
2024-09-02 19:08:30,0.04228
2024-09-02 19:08:31,0.17336
2024-09-02 19:08:32,0.219208
2024-09-02 19:08:33,0.023808
2024-09-02 19:08:34,0.09072
2024-09-02 19:08:35,0.03656
2024-09-02 19:08:36,0.036808
2024-09-02 19:08:37,0.163808
2024-09-02 19:08:38,0.268664
2024-09-02 19:08:39,0.242536
2024-09-02 19:08:40,0.292792
2024-09-02 19:08:41,0.33488
2024-09-02 19:08:42,0.309568
2024-09-02 19:08:43,0.417568
2024-09-02 19:08:44,0.422624
2024-09-02 19:08:45,0.333896
2024-09-02 19:08:46,0.25032
2024-09-02 19:08:47,0.287768
2024-09-02 19:08:48,0.220656
2024-09-02 19:08:49,0.256224
2024-09-02 19:08:50,0.280992
2024-09-02 19:08:51,0.237816
2024-09-02 19:08:52,0.223096
2024-09-02 19:08:53,0.196376
2024-09-02 19:08:54,0.127328
2024-09-02 19:08:55,0.159984
2024-09-02 19:08:56,0.079568
2024-09-02 19:08:57,0.067168
2024-09-02 19:08:58,0.04908
2024-09-02 19:08:59,0.031512
2024-09-02 19:09:00,0.066728
2024-09-02 19:09:01,0.29532
2024-09-02 19:09:02,0.03956
2024-09-02 19:09:03,0.265816
2024-09-02 19:09:04,0.07564
2024-09-02 19:09:05,0.065736
2024-09-02 19:09:06,0.043872
2024-09-02 19:09:07,0.06572
2024-09-02 19:09:08,0.023008
2024-09-02 19:09:09,0.07248
2024-09-02 19:09:10,0.025976
2024-09-02 19:09:11,0.036824
2024-09-02 19:09:12,0.057176
2024-09-02 19:09:13,0.062208
2024-09-02 19:09:14,0.029392
2024-09-02 19:09:15,0.04516
2024-09-02 19:09:16,0.03664
2024-09-02 19:09:17,0.053656
2024-09-02 19:09:18,0.040584
2024-09-02 19:09:19,0.030408
2024-09-02 19:09:20,0.022816
2024-09-02 19:09:21,0.022552
2024-09-02 19:09:22,0.030256
2024-09-02 19:09:23,0.043136
2024-09-02 19:09:24,0.034568
2024-09-02 19:09:25,0.04156
2024-09-02 19:09:26,0.070776
2024-09-02 19:09:27,0.06396
2024-09-02 19:09:28,0.038384
2024-09-02 19:09:29,0.033552
2024-09-02 19:09:30,0.04584
2024-09-02 19:09:31,0.045584
2024-09-02 19:09:32,0.043088
2024-09-02 19:09:33,0.152496
2024-09-02 19:09:34,0.235904
2024-09-02 19:09:35,0.076624
2024-09-02 19:09:36,0.076648
2024-09-02 19:09:37,0.053368
2024-09-02 19:09:38,0.044952
2024-09-02 19:09:39,0.128488
2024-09-02 19:09:40,0.21404
2024-09-02 19:09:41,0.228392
2024-09-02 19:09:42,0.243368
2024-09-02 19:09:43,0.257488
2024-09-02 19:09:44,0.408504
2024-09-02 19:09:45,0.288384
2024-09-02 19:09:46,0.386208
2024-09-02 19:09:47,0.34508
2024-09-02 19:09:48,0.280712
2024-09-02 19:09:49,0.245096
2024-09-02 19:09:50,0.295328
2024-09-02 19:09:51,0.303432
2024-09-02 19:09:52,0.260816
2024-09-02 19:09:53,0.279632
2024-09-02 19:09:54,0.215352
2024-09-02 19:09:55,0.231104
2024-09-02 19:09:56,0.199576
2024-09-02 19:09:57,0.151752
2024-09-02 19:09:58,0.202184
2024-09-02 19:09:59,0.246568
2024-09-02 19:10:00,0.18556
2024-09-02 19:10:01,0.1344
2024-09-02 19:10:02,0.12184
2024-09-02 19:10:03,0.112584
2024-09-02 19:10:04,0.098752
2024-09-02 19:10:05,0.146744
2024-09-02 19:10:06,0.14412
2024-09-02 19:10:07,0.17456
2024-09-02 19:10:08,0.130752
2024-09-02 19:10:09,0.028776
2024-09-02 19:10:10,0.057304
2024-09-02 19:10:11,0.03164
2024-09-02 19:10:12,0.065144
2024-09-02 19:10:13,0.308944
2024-09-02 19:10:14,0.03352
2024-09-02 19:10:15,0.411344
2024-09-02 19:10:16,0.104584
2024-09-02 19:10:17,0.069128
2024-09-02 19:10:18,0.096408
2024-09-02 19:10:19,0.02712
2024-09-02 19:10:20,0.036656
2024-09-02 19:10:21,0.04928
2024-09-02 19:10:22,0.036096
2024-09-02 19:10:23,0.053824
2024-09-02 19:10:24,0.023888
2024-09-02 19:10:25,0.038368
2024-09-02 19:10:26,0.029832
2024-09-02 19:10:27,0.030984
2024-09-02 19:10:28,0.024664
2024-09-02 19:10:29,0.029496
2024-09-02 19:10:30,0.027232
2024-09-02 19:10:31,0.038608
2024-09-02 19:10:32,0.026696
2024-09-02 19:10:33,0.017616
2024-09-02 19:10:34,0.03416
2024-09-02 19:10:35,0.193792
2024-09-02 19:10:36,0.028416
2024-09-02 19:10:37,0.053736
2024-09-02 19:10:38,0.139856
2024-09-02 19:10:39,0.195216
2024-09-02 19:10:40,0.200776
2024-09-02 19:10:41,0.253448
2024-09-02 19:10:42,0.342544
2024-09-02 19:10:43,0.386632
2024-09-02 19:10:44,0.331376
2024-09-02 19:10:45,0.425728
2024-09-02 19:10:46,0.32524
2024-09-02 19:10:47,0.173752
2024-09-02 19:10:48,0.145728
2024-09-02 19:10:49,0.0854
2024-09-02 19:10:50,0.304032
2024-09-02 19:10:51,0.189512
2024-09-02 19:10:52,0.08212
2024-09-02 19:10:53,0.220208
2024-09-02 19:10:54,0.064856
2024-09-02 19:10:55,0.056904
2024-09-02 19:10:56,0.063888
2024-09-02 19:10:57,0.069064
2024-09-02 19:10:58,0.04496
2024-09-02 19:10:59,0.034152
2024-09-02 19:11:00,0.052224
2024-09-02 19:11:01,0.04216
2024-09-02 19:11:02,0.032456
2024-09-02 19:11:03,0.04624
2024-09-02 19:11:04,0.043
2024-09-02 19:11:05,0.04148
2024-09-02 19:11:06,0.0202
2024-09-02 19:11:07,0.049936
2024-09-02 19:11:08,0.048024
2024-09-02 19:11:09,0.047688
2024-09-02 19:11:10,0.017112
2024-09-02 19:11:11,0.019168
2024-09-02 19:11:12,0.025824
2024-09-02 19:11:13,0.046144
2024-09-02 19:11:14,0.035864
2024-09-02 19:11:15,0.053312
2024-09-02 19:11:16,0.067576
2024-09-02 19:11:17,0.021792
2024-09-02 19:11:18,0.033696
2024-09-02 19:11:19,0.031496
2024-09-02 19:11:20,0.0534
2024-09-02 19:11:21,0.108592
2024-09-02 19:11:22,0.23916
2024-09-02 19:11:23,0.111736
2024-09-02 19:11:24,0.0726
2024-09-02 19:11:25,0.072808
2024-09-02 19:11:26,0.053232
2024-09-02 19:11:27,0.07772
2024-09-02 19:11:28,0.173648
2024-09-02 19:11:29,0.333704
2024-09-02 19:11:30,0.309984
2024-09-02 19:11:31,0.366216
2024-09-02 19:11:32,0.358712
2024-09-02 19:11:33,0.426656
2024-09-02 19:11:34,0.398472
2024-09-02 19:11:35,0.43564
2024-09-02 19:11:36,0.360088
2024-09-02 19:11:37,0.3682
2024-09-02 19:11:38,0.362024
2024-09-02 19:11:39,0.28748
2024-09-02 19:11:40,0.308352
2024-09-02 19:11:41,0.307528
2024-09-02 19:11:42,0.262536
2024-09-02 19:11:43,0.247184
2024-09-02 19:11:44,0.230488
2024-09-02 19:11:45,0.190776
2024-09-02 19:11:46,0.14476
2024-09-02 19:11:47,0.171872
2024-09-02 19:11:48,0.121248
2024-09-02 19:11:49,0.094728
2024-09-02 19:11:50,0.089856
2024-09-02 19:11:51,0.066496
2024-09-02 19:11:52,0.034128
2024-09-02 19:11:53,0.061824
2024-09-02 19:11:54,0.32464
2024-09-02 19:11:55,0.050608
2024-09-02 19:11:56,0.281184
2024-09-02 19:11:57,0.069672
2024-09-02 19:11:58,0.038336
2024-09-02 19:11:59,0.0422
2024-09-02 19:12:00,0.0138
2024-09-02 19:12:01,0.020584
2024-09-02 19:12:02,0.0198
2024-09-02 19:12:03,0.037584
2024-09-02 19:12:04,0.040976
2024-09-02 19:12:05,0.064408
2024-09-02 19:12:06,0.0742
2024-09-02 19:12:07,0.0652
2024-09-02 19:12:08,0.051568
2024-09-02 19:12:09,0.085896
2024-09-02 19:12:10,0.06496
2024-09-02 19:12:11,0.0742
2024-09-02 19:12:12,0.065448
2024-09-02 19:12:13,0.03852
2024-09-02 19:12:14,0.042792
2024-09-02 19:12:15,0.0208
2024-09-02 19:12:16,0.028936
2024-09-02 19:12:17,0.03356
2024-09-02 19:12:18,0.045928
2024-09-02 19:12:19,0.037072
2024-09-02 19:12:20,0.087936
2024-09-02 19:12:21,0.044848
2024-09-02 19:12:22,0.049616
2024-09-02 19:12:23,0.068376
2024-09-02 19:12:24,0.064408
2024-09-02 19:12:25,0.065312
2024-09-02 19:12:26,0.046256
2024-09-02 19:12:27,0.032624
2024-09-02 19:12:28,0.04776
2024-09-02 19:12:29,0.035416
2024-09-02 19:12:30,0.034744
2024-09-02 19:12:31,0.064616
2024-09-02 19:12:32,0.080664
2024-09-02 19:12:33,0.05124
2024-09-02 19:12:34,0.066808
2024-09-02 19:12:35,0.055736
2024-09-02 19:12:36,0.066192
2024-09-02 19:12:37,0.07752
2024-09-02 19:12:38,0.068776
2024-09-02 19:12:39,0.030624
2024-09-02 19:12:40,0.048288
2024-09-02 19:12:41,0.032288
2024-09-02 19:12:42,0.0622
2024-09-02 19:12:43,0.026016
2024-09-02 19:12:44,0.032496
2024-09-02 19:12:45,0.057104
2024-09-02 19:12:46,0.14284
2024-09-02 19:12:47,0.206352
2024-09-02 19:12:48,0.061528
2024-09-02 19:12:49,0.063664
2024-09-02 19:12:50,0.059544
2024-09-02 19:12:51,0.055192
2024-09-02 19:12:52,0.12932
2024-09-02 19:12:53,0.281656
2024-09-02 19:12:54,0.281976
2024-09-02 19:12:55,0.353728
2024-09-02 19:12:56,0.382976
2024-09-02 19:12:57,0.482744
2024-09-02 19:12:58,0.450304
2024-09-02 19:12:59,0.365552
2024-09-02 19:13:00,0.39852
2024-09-02 19:13:01,0.30812
2024-09-02 19:13:02,0.278776
2024-09-02 19:13:03,0.3238
2024-09-02 19:13:04,0.23012
2024-09-02 19:13:05,0.27552
2024-09-02 19:13:06,0.314392
2024-09-02 19:13:07,0.283296
2024-09-02 19:13:08,0.173888
2024-09-02 19:13:09,0.153848
2024-09-02 19:13:10,0.131688
2024-09-02 19:13:11,0.146504
2024-09-02 19:13:12,0.165936
2024-09-02 19:13:13,0.112288
2024-09-02 19:13:14,0.152312
2024-09-02 19:13:15,0.062072
2024-09-02 19:13:16,0.059776
2024-09-02 19:13:17,0.035216
2024-09-02 19:13:18,0.06592
2024-09-02 19:13:19,0.331568
2024-09-02 19:13:20,0.036184
2024-09-02 19:13:21,0.317328
2024-09-02 19:13:22,0.062424
2024-09-02 19:13:23,0.045992
2024-09-02 19:13:24,0.074144
2024-09-02 19:13:25,0.058584
2024-09-02 19:13:26,0.021736
2024-09-02 19:13:27,0.07928
2024-09-02 19:13:28,0.053088
2024-09-02 19:13:29,0.05056
2024-09-02 19:13:30,0.05468
2024-09-02 19:13:31,0.034144
2024-09-02 19:13:32,0.082824
2024-09-02 19:13:33,0.04376
2024-09-02 19:13:34,0.040136
2024-09-02 19:13:35,0.028744
2024-09-02 19:13:36,0.027672
2024-09-02 19:13:37,0.03656
2024-09-02 19:13:38,0.061208
2024-09-02 19:13:39,0.031376
2024-09-02 19:13:40,0.04108
2024-09-02 19:13:41,0.061632
2024-09-02 19:13:42,0.054032
2024-09-02 19:13:43,0.027808
2024-09-02 19:13:44,0.038688
2024-09-02 19:13:45,0.027936
2024-09-02 19:13:46,0.028672
2024-09-02 19:13:47,0.025832
2024-09-02 19:13:48,0.026104
2024-09-02 19:13:49,0.025624
2024-09-02 19:13:50,0.049912
2024-09-02 19:13:51,0.158816
2024-09-02 19:13:52,0.246256
2024-09-02 19:13:53,0.055024
2024-09-02 19:13:54,0.100792
2024-09-02 19:13:55,0.049368
2024-09-02 19:13:56,0.08228
2024-09-02 19:13:57,0.220912
2024-09-02 19:13:58,0.233416
2024-09-02 19:13:59,0.269728
2024-09-02 19:14:00,0.35224
2024-09-02 19:14:01,0.360232
2024-09-02 19:14:02,0.342344
2024-09-02 19:14:03,0.546624
2024-09-02 19:14:04,0.459912
2024-09-02 19:14:05,0.392808
2024-09-02 19:14:06,0.37388
2024-09-02 19:14:07,0.310344
2024-09-02 19:14:08,0.281816
2024-09-02 19:14:09,0.343232
2024-09-02 19:14:10,0.1932
2024-09-02 19:14:11,0.231456
2024-09-02 19:14:12,0.282616
2024-09-02 19:14:13,0.14064
2024-09-02 19:14:14,0.128816
2024-09-02 19:14:15,0.086288
2024-09-02 19:14:16,0.081416
2024-09-02 19:14:17,0.070832
2024-09-02 19:14:18,0.077904
2024-09-02 19:14:19,0.057448
2024-09-02 19:14:20,0.064768
2024-09-02 19:14:21,0.035152
2024-09-02 19:14:22,0.055784
2024-09-02 19:14:23,0.020344
2024-09-02 19:14:24,0.032496
2024-09-02 19:14:25,0.012848
2024-09-02 19:14:26,0.04748
2024-09-02 19:14:27,0.305584
2024-09-02 19:14:28,0.076728
2024-09-02 19:14:29,0.084504
2024-09-02 19:14:30,0.051976
2024-09-02 19:14:31,0.055688
2024-09-02 19:14:32,0.0346
2024-09-02 19:14:33,0.026768
2024-09-02 19:14:34,0.033936
2024-09-02 19:14:35,0.031352
2024-09-02 19:14:36,0.04216
2024-09-02 19:14:37,0.037352
2024-09-02 19:14:38,0.05452
2024-09-02 19:14:39,0.050256
2024-09-02 19:14:40,0.046504
2024-09-02 19:14:41,0.048664
2024-09-02 19:14:42,0.050968
2024-09-02 19:14:43,0.055496
2024-09-02 19:14:44,0.058048
2024-09-02 19:14:45,0.05472
2024-09-02 19:14:46,0.053152
2024-09-02 19:14:47,0.055216
2024-09-02 19:14:48,0.05324
2024-09-02 19:14:49,0.058464
2024-09-02 19:14:50,0.061136
2024-09-02 19:14:51,0.05396
2024-09-02 19:14:52,0.047928
2024-09-02 19:14:53,0.050944
2024-09-02 19:14:54,0.04468
2024-09-02 19:14:55,0.049336
2024-09-02 19:14:56,0.058304
2024-09-02 19:14:57,0.056856
2024-09-02 19:14:58,0.0606
2024-09-02 19:14:59,0.04988
2024-09-02 19:15:00,0.040048
2024-09-02 19:15:01,0.043432
2024-09-02 19:15:02,0.100472
2024-09-02 19:15:03,0.031376
2024-09-02 19:15:04,0.132472
2024-09-02 19:15:05,0.123664
2024-09-02 19:15:06,0.088416
2024-09-02 19:15:07,0.0306
2024-09-02 19:15:08,0.045776
2024-09-02 19:15:09,0.033728
2024-09-02 19:15:10,0.036304
2024-09-02 19:15:11,0.02932
2024-09-02 19:15:12,0.05076
2024-09-02 19:15:13,0.04056
2024-09-02 19:15:14,0.0318
2024-09-02 19:15:15,0.034192
2024-09-02 19:15:16,0.045704
2024-09-02 19:15:17,0.019416
2024-09-02 19:15:18,0.036632
2024-09-02 19:15:19,0.021672
2024-09-02 19:15:20,0.025792
2024-09-02 19:15:21,0.036288
2024-09-02 19:15:22,0.02164
2024-09-02 19:15:23,0.03472
2024-09-02 19:15:24,0.031784
2024-09-02 19:15:25,0.04356
2024-09-02 19:15:26,0.04716
2024-09-02 19:15:27,0.042216
2024-09-02 19:15:28,0.053544
2024-09-02 19:15:29,0.029712
2024-09-02 19:15:30,0.023016
2024-09-02 19:15:31,0.029272
2024-09-02 19:15:32,0.038776
2024-09-02 19:15:33,0.021944
2024-09-02 19:15:34,0.103088
2024-09-02 19:15:35,0.281952
2024-09-02 19:15:36,0.097496
2024-09-02 19:15:37,0.064304
2024-09-02 19:15:38,0.058176
2024-09-02 19:15:39,0.05416
2024-09-02 19:15:40,0.099208
2024-09-02 19:15:41,0.202032
2024-09-02 19:15:42,0.259744
2024-09-02 19:15:43,0.237808
2024-09-02 19:15:44,0.313368
2024-09-02 19:15:45,0.463432
2024-09-02 19:15:46,0.46908
2024-09-02 19:15:47,0.483976
2024-09-02 19:15:48,0.437336
2024-09-02 19:15:49,0.315592
2024-09-02 19:15:50,0.289672
2024-09-02 19:15:51,0.392888
2024-09-02 19:15:52,0.328208
2024-09-02 19:15:53,0.225992
2024-09-02 19:15:54,0.258552
2024-09-02 19:15:55,0.20896
2024-09-02 19:15:56,0.091928
2024-09-02 19:15:57,0.07
2024-09-02 19:15:58,0.088064
2024-09-02 19:15:59,0.078752
2024-09-02 19:16:00,0.081992
2024-09-02 19:16:01,0.030288
2024-09-02 19:16:02,0.067136
2024-09-02 19:16:03,0.333688
2024-09-02 19:16:04,0.060632
2024-09-02 19:16:05,0.234104
2024-09-02 19:16:06,0.143
2024-09-02 19:16:07,0.058776
2024-09-02 19:16:08,0.051976
2024-09-02 19:16:09,0.027824
2024-09-02 19:16:10,0.030192
2024-09-02 19:16:11,0.061344
2024-09-02 19:16:12,0.0238
2024-09-02 19:16:13,0.03916
2024-09-02 19:16:14,0.028688
2024-09-02 19:16:15,0.028704
2024-09-02 19:16:16,0.026512
2024-09-02 19:16:17,0.039448
2024-09-02 19:16:18,0.017528
2024-09-02 19:16:19,0.014904
2024-09-02 19:16:20,0.017136
2024-09-02 19:16:21,0.054728
2024-09-02 19:16:22,0.0506
2024-09-02 19:16:23,0.028464
2024-09-02 19:16:24,0.049888
2024-09-02 19:16:25,0.0236
2024-09-02 19:16:26,0.057312
2024-09-02 19:16:27,0.023824
2024-09-02 19:16:28,0.037856
2024-09-02 19:16:29,0.05592
2024-09-02 19:16:30,0.033272
2024-09-02 19:16:31,0.045496
2024-09-02 19:16:32,0.046816
2024-09-02 19:16:33,0.031568
2024-09-02 19:16:34,0.035472
2024-09-02 19:16:35,0.1494
2024-09-02 19:16:36,0.200424
2024-09-02 19:16:37,0.055984
2024-09-02 19:16:38,0.06056
2024-09-02 19:16:39,0.064608
2024-09-02 19:16:40,0.030864
2024-09-02 19:16:41,0.156728
2024-09-02 19:16:42,0.17432
2024-09-02 19:16:43,0.196848
2024-09-02 19:16:44,0.203888
2024-09-02 19:16:45,0.386184
2024-09-02 19:16:46,0.41764
2024-09-02 19:16:47,0.336824
2024-09-02 19:16:48,0.481064
2024-09-02 19:16:49,0.363872
2024-09-02 19:16:50,0.349592
2024-09-02 19:16:51,0.406144
2024-09-02 19:16:52,0.245744
2024-09-02 19:16:53,0.286944
2024-09-02 19:16:54,0.362904
2024-09-02 19:16:55,0.256896
2024-09-02 19:16:56,0.217024
2024-09-02 19:16:57,0.294632
2024-09-02 19:16:58,0.212856
2024-09-02 19:16:59,0.177976
2024-09-02 19:17:00,0.197
2024-09-02 19:17:01,0.171344
2024-09-02 19:17:02,0.075256
2024-09-02 19:17:03,0.04288
2024-09-02 19:17:04,0.077984
2024-09-02 19:17:05,0.348408
2024-09-02 19:17:06,0.08176
2024-09-02 19:17:07,0.045288
2024-09-02 19:17:08,0.485664
2024-09-02 19:17:09,0.092832
2024-09-02 19:17:10,0.07088
2024-09-02 19:17:11,0.042168
2024-09-02 19:17:12,0.037368
2024-09-02 19:17:13,0.025832
2024-09-02 19:17:14,0.044248
2024-09-02 19:17:15,0.023616
2024-09-02 19:17:16,0.02084
2024-09-02 19:17:17,0.01792
2024-09-02 19:17:18,0.030192
2024-09-02 19:17:19,0.030896
2024-09-02 19:17:20,0.028192
2024-09-02 19:17:21,0.016264
2024-09-02 19:17:22,0.032232
2024-09-02 19:17:23,0.033112
2024-09-02 19:17:24,0.020176
2024-09-02 19:17:25,0.014472
2024-09-02 19:17:26,0.016584
2024-09-02 19:17:27,0.162248
2024-09-02 19:17:28,0.06432
2024-09-02 19:17:29,0.0436
2024-09-02 19:17:30,0.028432
2024-09-02 19:17:31,0.204512
2024-09-02 19:17:32,0.291312
2024-09-02 19:17:33,0.198592
2024-09-02 19:17:34,0.258936
2024-09-02 19:17:35,0.398976
2024-09-02 19:17:36,0.462136
2024-09-02 19:17:37,0.549896
2024-09-02 19:17:38,0.545168
2024-09-02 19:17:39,0.435944
2024-09-02 19:17:40,0.337528
2024-09-02 19:17:41,0.186088
2024-09-02 19:17:42,0.157744
2024-09-02 19:17:43,0.126424
2024-09-02 19:17:44,0.09692
2024-09-02 19:17:45,0.08544
2024-09-02 19:17:46,0.069224
2024-09-02 19:17:47,0.37224
2024-09-02 19:17:48,0.173184
2024-09-02 19:17:49,0.21048
2024-09-02 19:17:50,0.085448
2024-09-02 19:17:51,0.03528
2024-09-02 19:17:52,0.031784
2024-09-02 19:17:53,0.032872
2024-09-02 19:17:54,0.047224
2024-09-02 19:17:55,0.03244
2024-09-02 19:17:56,0.046768
2024-09-02 19:17:57,0.054344
2024-09-02 19:17:58,0.042736
2024-09-02 19:17:59,0.14748
2024-09-02 19:18:00,0.063064
2024-09-02 19:18:01,0.042496
2024-09-02 19:18:02,0.050208
2024-09-02 19:18:03,0.052432
2024-09-02 19:18:04,0.031136
2024-09-02 19:18:05,0.049064
2024-09-02 19:18:06,0.049832
2024-09-02 19:18:07,0.043912
2024-09-02 19:18:08,0.036272
2024-09-02 19:18:09,0.026544
2024-09-02 19:18:10,0.039632
2024-09-02 19:18:11,0.043768
2024-09-02 19:18:12,0.048696
2024-09-02 19:18:13,0.04732
2024-09-02 19:18:14,0.037936
2024-09-02 19:18:15,0.028832
2024-09-02 19:18:16,0.051328
2024-09-02 19:18:17,0.044224
2024-09-02 19:18:18,0.173784
2024-09-02 19:18:19,0.220552
2024-09-02 19:18:20,0.055712
2024-09-02 19:18:21,0.100704
2024-09-02 19:18:22,0.035616
2024-09-02 19:18:23,0.032304
2024-09-02 19:18:24,0.238672
2024-09-02 19:18:25,0.186136
2024-09-02 19:18:26,0.223656
2024-09-02 19:18:27,0.353392
2024-09-02 19:18:28,0.377688
2024-09-02 19:18:29,0.61396
2024-09-02 19:18:30,0.622456
2024-09-02 19:18:31,0.553136
2024-09-02 19:18:32,0.473688
2024-09-02 19:18:33,0.520688
2024-09-02 19:18:34,0.411768
2024-09-02 19:18:35,0.56772
2024-09-02 19:18:36,0.450624
2024-09-02 19:18:37,0.40044
2024-09-02 19:18:38,0.202928
2024-09-02 19:18:39,0.315256
2024-09-02 19:18:40,0.308784
2024-09-02 19:18:41,0.400992
2024-09-02 19:18:42,0.186792
2024-09-02 19:18:43,0.0866
2024-09-02 19:18:44,0.041208
2024-09-02 19:18:45,0.040328
2024-09-02 19:18:46,0.02404
2024-09-02 19:18:47,0.297144
2024-09-02 19:18:48,0.0834
2024-09-02 19:18:49,0.245048
2024-09-02 19:18:50,0.131168
2024-09-02 19:18:51,0.116064
2024-09-02 19:18:52,0.126728
2024-09-02 19:18:53,0.058784
2024-09-02 19:18:54,0.065856
2024-09-02 19:18:55,0.038152
2024-09-02 19:18:56,0.025328
2024-09-02 19:18:57,0.031248
2024-09-02 19:18:58,0.023496
2024-09-02 19:18:59,0.025832
2024-09-02 19:19:00,0.028352
2024-09-02 19:19:01,0.044208
2024-09-02 19:19:02,0.04244
2024-09-02 19:19:03,0.035984
2024-09-02 19:19:04,0.0454
2024-09-02 19:19:05,0.029656
2024-09-02 19:19:06,0.029104
2024-09-02 19:19:07,0.03664
2024-09-02 19:19:08,0.050744
2024-09-02 19:19:09,0.037712
2024-09-02 19:19:10,0.022984
2024-09-02 19:19:11,0.023936
2024-09-02 19:19:12,0.025184
2024-09-02 19:19:13,0.027224
2024-09-02 19:19:14,0.02596
2024-09-02 19:19:15,0.043904
2024-09-02 19:19:16,0.03444
2024-09-02 19:19:17,0.043048
2024-09-02 19:19:18,0.0294
2024-09-02 19:19:19,0.037072
2024-09-02 19:19:20,0.212424
2024-09-02 19:19:21,0.21268
2024-09-02 19:19:22,0.031392
2024-09-02 19:19:23,0.083472
2024-09-02 19:19:24,0.0398
2024-09-02 19:19:25,0.026776
2024-09-02 19:19:26,0.226552
2024-09-02 19:19:27,0.293992
2024-09-02 19:19:28,0.27628
2024-09-02 19:19:29,0.366376
2024-09-02 19:19:30,0.559824
2024-09-02 19:19:31,0.53104
2024-09-02 19:19:32,0.506704
2024-09-02 19:19:33,0.546264
2024-09-02 19:19:34,0.43952
2024-09-02 19:19:35,0.36664
2024-09-02 19:19:36,0.41696
2024-09-02 19:19:37,0.398704
2024-09-02 19:19:38,0.32584
2024-09-02 19:19:39,0.299328
2024-09-02 19:19:40,0.26244
2024-09-02 19:19:41,0.199488
2024-09-02 19:19:42,0.098112
2024-09-02 19:19:43,0.097104
2024-09-02 19:19:44,0.073888
2024-09-02 19:19:45,0.055808
2024-09-02 19:19:46,0.059288
2024-09-02 19:19:47,0.022464
2024-09-02 19:19:48,0.090632
2024-09-02 19:19:49,0.332168
2024-09-02 19:19:50,0.041312
2024-09-02 19:19:51,0.314256
2024-09-02 19:19:52,0.0814
2024-09-02 19:19:53,0.057672
2024-09-02 19:19:54,0.058264
2024-09-02 19:19:55,0.063432
2024-09-02 19:19:56,0.031176
2024-09-02 19:19:57,0.045128
2024-09-02 19:19:58,0.082632
2024-09-02 19:19:59,0.029168
2024-09-02 19:20:00,0.037064
2024-09-02 19:20:01,0.0292
2024-09-02 19:20:02,0.022296
2024-09-02 19:20:03,0.040896
2024-09-02 19:20:04,0.037512
2024-09-02 19:20:05,0.051032
2024-09-02 19:20:06,0.045944
2024-09-02 19:20:07,0.047656
2024-09-02 19:20:08,0.027824
2024-09-02 19:20:09,0.0484
2024-09-02 19:20:10,0.02676
2024-09-02 19:20:11,0.057024
2024-09-02 19:20:12,0.044824
2024-09-02 19:20:13,0.058488
2024-09-02 19:20:14,0.028648
2024-09-02 19:20:15,0.054104
2024-09-02 19:20:16,0.027856
2024-09-02 19:20:17,0.059
2024-09-02 19:20:18,0.036784
2024-09-02 19:20:19,0.051176
2024-09-02 19:20:20,0.040448
2024-09-02 19:20:21,0.199432
2024-09-02 19:20:22,0.188872
2024-09-02 19:20:23,0.032128
2024-09-02 19:20:24,0.076688
2024-09-02 19:20:25,0.05468
2024-09-02 19:20:26,0.029528
2024-09-02 19:20:27,0.248968
2024-09-02 19:20:28,0.2124
2024-09-02 19:20:29,0.241856
2024-09-02 19:20:30,0.412576
2024-09-02 19:20:31,0.430752
2024-09-02 19:20:32,0.484736
2024-09-02 19:20:33,0.592872
2024-09-02 19:20:34,0.563128
2024-09-02 19:20:35,0.509224
2024-09-02 19:20:36,0.387912
2024-09-02 19:20:37,0.50936
2024-09-02 19:20:38,0.431072
2024-09-02 19:20:39,0.37708
2024-09-02 19:20:40,0.298736
2024-09-02 19:20:41,0.22628
2024-09-02 19:20:42,0.369472
2024-09-02 19:20:43,0.25592
2024-09-02 19:20:44,0.169296
2024-09-02 19:20:45,0.11236
2024-09-02 19:20:46,0.109464
2024-09-02 19:20:47,0.114232
2024-09-02 19:20:48,0.1242
2024-09-02 19:20:49,0.10224
2024-09-02 19:20:50,0.186392
2024-09-02 19:20:51,0.067112
2024-09-02 19:20:52,0.035712
2024-09-02 19:20:53,0.065896
2024-09-02 19:20:54,0.072896
2024-09-02 19:20:55,0.059176
2024-09-02 19:20:56,0.055704
2024-09-02 19:20:57,0.078576
2024-09-02 19:20:58,0.048296
2024-09-02 19:20:59,0.043712
2024-09-02 19:21:00,0.05648
2024-09-02 19:21:01,0.089064
2024-09-02 19:21:02,0.034976
2024-09-02 19:21:03,0.029864
2024-09-02 19:21:04,0.048496
2024-09-02 19:21:05,0.037408
2024-09-02 19:21:06,0.033752
2024-09-02 19:21:07,0.336248
2024-09-02 19:21:08,0.08176
2024-09-02 19:21:09,0.05232
2024-09-02 19:21:10,0.050896
2024-09-02 19:21:11,0.034792
2024-09-02 19:21:12,0.025096
2024-09-02 19:21:13,0.036208
2024-09-02 19:21:14,0.050136
2024-09-02 19:21:15,0.040456
2024-09-02 19:21:16,0.044392
2024-09-02 19:21:17,0.03836
2024-09-02 19:21:18,0.047976
2024-09-02 19:21:19,0.048736
2024-09-02 19:21:20,0.05732
2024-09-02 19:21:21,0.058952
2024-09-02 19:21:22,0.05656
2024-09-02 19:21:23,0.049728
2024-09-02 19:21:24,0.052608
2024-09-02 19:21:25,0.046656
2024-09-02 19:21:26,0.04944
2024-09-02 19:21:27,0.04964
2024-09-02 19:21:28,0.062576
2024-09-02 19:21:29,0.056056
2024-09-02 19:21:30,0.05328
2024-09-02 19:21:31,0.07372
2024-09-02 19:21:32,0.073744
2024-09-02 19:21:33,0.057384
2024-09-02 19:21:34,0.058552
2024-09-02 19:21:35,0.056864
2024-09-02 19:21:36,0.037952
2024-09-02 19:21:37,0.041288
2024-09-02 19:21:38,0.035128
2024-09-02 19:21:39,0.04844
2024-09-02 19:21:40,0.0552
2024-09-02 19:21:41,0.042744
2024-09-02 19:21:42,0.101312
2024-09-02 19:21:43,0.031512
2024-09-02 19:21:44,0.215064
2024-09-02 19:21:45,0.077672
2024-09-02 19:21:46,0.07232
2024-09-02 19:21:47,0.022888
2024-09-02 19:21:48,0.061584
2024-09-02 19:21:49,0.056616
2024-09-02 19:21:50,0.037944
2024-09-02 19:21:51,0.030432
2024-09-02 19:21:52,0.038896
2024-09-02 19:21:53,0.04352
2024-09-02 19:21:54,0.025048
2024-09-02 19:21:55,0.02696
2024-09-02 19:21:56,0.063968
2024-09-02 19:21:57,0.03068
2024-09-02 19:21:58,0.01716
2024-09-02 19:21:59,0.04232
2024-09-02 19:22:00,0.032552
2024-09-02 19:22:01,0.030184
2024-09-02 19:22:02,0.04664
2024-09-02 19:22:03,0.028032
2024-09-02 19:22:04,0.025528
2024-09-02 19:22:05,0.022392
2024-09-02 19:22:06,0.030576
2024-09-02 19:22:07,0.018392
2024-09-02 19:22:08,0.022872
2024-09-02 19:22:09,0.024008
2024-09-02 19:22:10,0.026416
2024-09-02 19:22:11,0.021248
2024-09-02 19:22:12,0.019552
2024-09-02 19:22:13,0.01996
2024-09-02 19:22:14,0.238576
2024-09-02 19:22:15,0.222184
2024-09-02 19:22:16,0.048088
2024-09-02 19:22:17,0.087504
2024-09-02 19:22:18,0.04856
2024-09-02 19:22:19,0.028464
2024-09-02 19:22:20,0.30772
2024-09-02 19:22:21,0.28092
2024-09-02 19:22:22,0.299088
2024-09-02 19:22:23,0.424864
2024-09-02 19:22:24,0.553128
2024-09-02 19:22:25,0.542264
2024-09-02 19:22:26,0.654024
2024-09-02 19:22:27,0.496048
2024-09-02 19:22:28,0.39192
2024-09-02 19:22:29,0.469072
2024-09-02 19:22:30,0.471656
2024-09-02 19:22:31,0.445736
2024-09-02 19:22:32,0.456784
2024-09-02 19:22:33,0.37712
2024-09-02 19:22:34,0.315112
2024-09-02 19:22:35,0.279032
2024-09-02 19:22:36,0.193816
2024-09-02 19:22:37,0.150112
2024-09-02 19:22:38,0.098688
2024-09-02 19:22:39,0.125072
2024-09-02 19:22:40,0.078904
2024-09-02 19:22:41,0.055856
2024-09-02 19:22:42,0.10908
2024-09-02 19:22:43,0.044664
2024-09-02 19:22:44,0.06344
2024-09-02 19:22:45,0.095656
2024-09-02 19:22:46,0.239792
2024-09-02 19:22:47,0.06536
2024-09-02 19:22:48,0.049432
2024-09-02 19:22:49,0.26684
2024-09-02 19:22:50,0.101944
2024-09-02 19:22:51,0.099968
2024-09-02 19:22:52,0.089728
2024-09-02 19:22:53,0.071888
2024-09-02 19:22:54,0.151248
2024-09-02 19:22:55,0.03164
2024-09-02 19:22:56,0.02884
2024-09-02 19:22:57,0.033552
2024-09-02 19:22:58,0.033552
2024-09-02 19:22:59,0.024736
2024-09-02 19:23:00,0.026048
2024-09-02 19:23:01,0.03676
2024-09-02 19:23:02,0.028232
2024-09-02 19:23:03,0.029624
2024-09-02 19:23:04,0.0308
2024-09-02 19:23:05,0.025128
2024-09-02 19:23:06,0.021984
2024-09-02 19:23:07,0.02024
2024-09-02 19:23:08,0.029648
2024-09-02 19:23:09,0.030376
2024-09-02 19:23:10,0.030936
2024-09-02 19:23:11,0.0322
2024-09-02 19:23:12,0.03492
2024-09-02 19:23:13,0.038592
2024-09-02 19:23:14,0.049664
2024-09-02 19:23:15,0.040848
2024-09-02 19:23:16,0.091288
2024-09-02 19:23:17,0.022792
2024-09-02 19:23:18,0.036608
2024-09-02 19:23:19,0.189976
2024-09-02 19:23:20,0.19824
2024-09-02 19:23:21,0.064632
2024-09-02 19:23:22,0.04508
2024-09-02 19:23:23,0.035064
2024-09-02 19:23:24,0.01236
2024-09-02 19:23:25,0.239152
2024-09-02 19:23:26,0.311432
2024-09-02 19:23:27,0.300136
2024-09-02 19:23:28,0.402456
2024-09-02 19:23:29,0.508856
2024-09-02 19:23:30,0.485568
2024-09-02 19:23:31,0.47628
2024-09-02 19:23:32,0.467464
2024-09-02 19:23:33,0.392248
2024-09-02 19:23:34,0.321616
2024-09-02 19:23:35,0.31804
2024-09-02 19:23:36,0.378024
2024-09-02 19:23:37,0.331144
2024-09-02 19:23:38,0.377248
2024-09-02 19:23:39,0.29688
2024-09-02 19:23:40,0.249488
2024-09-02 19:23:41,0.228328
2024-09-02 19:23:42,0.165312
2024-09-02 19:23:43,0.043824
2024-09-02 19:23:44,0.099976
2024-09-02 19:23:45,0.22876
2024-09-02 19:23:46,0.115304
2024-09-02 19:23:47,0.261512
2024-09-02 19:23:48,0.11316
2024-09-02 19:23:49,0.05108
2024-09-02 19:23:50,0.043
2024-09-02 19:23:51,0.030568
2024-09-02 19:23:52,0.024808
2024-09-02 19:23:53,0.025632
2024-09-02 19:23:54,0.026648
2024-09-02 19:23:55,0.015856
2024-09-02 19:23:56,0.016968
2024-09-02 19:23:57,0.018496
2024-09-02 19:23:58,0.019912
2024-09-02 19:23:59,0.025568
2024-09-02 19:24:00,0.022584
2024-09-02 19:24:01,0.020208
2024-09-02 19:24:02,0.018904
2024-09-02 19:24:03,0.029872
2024-09-02 19:24:04,0.023792
2024-09-02 19:24:05,0.032768
2024-09-02 19:24:06,0.022288
2024-09-02 19:24:07,0.049048
2024-09-02 19:24:08,0.034032
2024-09-02 19:24:09,0.047912
2024-09-02 19:24:10,0.084632
2024-09-02 19:24:11,0.119184
2024-09-02 19:24:12,0.176776
2024-09-02 19:24:13,0.15656
2024-09-02 19:24:14,0.174864
2024-09-02 19:24:15,0.287656
2024-09-02 19:24:16,0.321712
2024-09-02 19:24:17,0.316496
2024-09-02 19:24:18,0.398728
2024-09-02 19:24:19,0.227416
2024-09-02 19:24:20,0.103472
2024-09-02 19:24:21,0.075712
2024-09-02 19:24:22,0.234832
2024-09-02 19:24:23,0.151168
2024-09-02 19:24:24,0.16364
2024-09-02 19:24:25,0.064608
2024-09-02 19:24:26,0.067176
2024-09-02 19:24:27,0.032272
2024-09-02 19:24:28,0.041856
2024-09-02 19:24:29,0.0322
2024-09-02 19:24:30,0.05688
2024-09-02 19:24:31,0.043464
2024-09-02 19:24:32,0.058824
2024-09-02 19:24:33,0.050224
2024-09-02 19:24:34,0.04744
2024-09-02 19:24:35,0.055992
2024-09-02 19:24:36,0.044592
2024-09-02 19:24:37,0.03324
2024-09-02 19:24:38,0.042896
2024-09-02 19:24:39,0.043928
2024-09-02 19:24:40,0.034392
2024-09-02 19:24:41,0.034392
2024-09-02 19:24:42,0.027176
2024-09-02 19:24:43,0.034888
2024-09-02 19:24:44,0.016128
2024-09-02 19:24:45,0.034512
2024-09-02 19:24:46,0.017872
2024-09-02 19:24:47,0.036256
2024-09-02 19:24:48,0.035776
2024-09-02 19:24:49,0.01836
2024-09-02 19:24:50,0.028952
2024-09-02 19:24:51,0.032104
2024-09-02 19:24:52,0.026048
2024-09-02 19:24:53,0.12408
2024-09-02 19:24:54,0.198848
2024-09-02 19:24:55,0.03024
2024-09-02 19:24:56,0.081272
2024-09-02 19:24:57,0.029056
2024-09-02 19:24:58,0.036848
2024-09-02 19:24:59,0.17032
2024-09-02 19:25:00,0.22508
2024-09-02 19:25:01,0.199456
2024-09-02 19:25:02,0.287224
2024-09-02 19:25:03,0.399376
2024-09-02 19:25:04,0.342776
2024-09-02 19:25:05,0.39028
2024-09-02 19:25:06,0.413784
2024-09-02 19:25:07,0.382592
2024-09-02 19:25:08,0.31744
2024-09-02 19:25:09,0.348048
2024-09-02 19:25:10,0.36956
2024-09-02 19:25:11,0.333496
2024-09-02 19:25:12,0.28928
2024-09-02 19:25:13,0.257456
2024-09-02 19:25:14,0.315224
2024-09-02 19:25:15,0.221584
2024-09-02 19:25:16,0.121416
2024-09-02 19:25:17,0.100392
2024-09-02 19:25:18,0.053872
2024-09-02 19:25:19,0.082192
2024-09-02 19:25:20,0.183536
2024-09-02 19:25:21,0.037168
2024-09-02 19:25:22,0.11032
2024-09-02 19:25:23,0.15304
2024-09-02 19:25:24,0.062136
2024-09-02 19:25:25,0.049112
2024-09-02 19:25:26,0.034352
2024-09-02 19:25:27,0.034496
2024-09-02 19:25:28,0.028976
2024-09-02 19:25:29,0.034408
2024-09-02 19:25:30,0.031152
2024-09-02 19:25:31,0.070928
2024-09-02 19:25:32,0.055176
2024-09-02 19:25:33,0.04344
2024-09-02 19:25:34,0.03276
2024-09-02 19:25:35,0.035104
2024-09-02 19:25:36,0.029752
2024-09-02 19:25:37,0.044144
2024-09-02 19:25:38,0.0148
2024-09-02 19:25:39,0.012776
2024-09-02 19:25:40,0.016144
2024-09-02 19:25:41,0.022456
2024-09-02 19:25:42,0.01596
2024-09-02 19:25:43,0.019392
2024-09-02 19:25:44,0.022752
2024-09-02 19:25:45,0.01776
2024-09-02 19:25:46,0.015928
2024-09-02 19:25:47,0.025104
2024-09-02 19:25:48,0.016224
2024-09-02 19:25:49,0.013288
2024-09-02 19:25:50,0.016624
2024-09-02 19:25:51,0.015656
2024-09-02 19:25:52,0.090408
2024-09-02 19:25:53,0.127336
2024-09-02 19:25:54,0.08232
2024-09-02 19:25:55,0.03188
2024-09-02 19:25:56,0.043488
2024-09-02 19:25:57,0.032152
2024-09-02 19:25:58,0.050392
2024-09-02 19:25:59,0.134672
2024-09-02 19:26:00,0.238872
2024-09-02 19:26:01,0.174976
2024-09-02 19:26:02,0.227264
2024-09-02 19:26:03,0.352656
2024-09-02 19:26:04,0.249368
2024-09-02 19:26:05,0.276608
2024-09-02 19:26:06,0.272992
2024-09-02 19:26:07,0.26664
2024-09-02 19:26:08,0.216328
2024-09-02 19:26:09,0.252744
2024-09-02 19:26:10,0.216208
2024-09-02 19:26:11,0.202392
2024-09-02 19:26:12,0.198704
2024-09-02 19:26:13,0.159976
2024-09-02 19:26:14,0.121176
2024-09-02 19:26:15,0.138088
2024-09-02 19:26:16,0.0846
2024-09-02 19:26:17,0.022712
2024-09-02 19:26:18,0.049024
2024-09-02 19:26:19,0.033824
2024-09-02 19:26:20,0.184672
2024-09-02 19:26:21,0.027568
2024-09-02 19:26:22,0.151936
2024-09-02 19:26:23,0.101384
2024-09-02 19:26:24,0.081408
2024-09-02 19:26:25,0.099384
2024-09-02 19:26:26,0.058176
2024-09-02 19:26:27,0.059888
2024-09-02 19:26:28,0.0526
2024-09-02 19:26:29,0.06068
2024-09-02 19:26:30,0.030032
2024-09-02 19:26:31,0.026896
2024-09-02 19:26:32,0.064152
2024-09-02 19:26:33,0.045176
2024-09-02 19:26:34,0.022408
2024-09-02 19:26:35,0.020664
2024-09-02 19:26:36,0.025048
2024-09-02 19:26:37,0.037896
2024-09-02 19:26:38,0.02884
2024-09-02 19:26:39,0.033272
2024-09-02 19:26:40,0.029736
2024-09-02 19:26:41,0.03616
2024-09-02 19:26:42,0.029704
2024-09-02 19:26:43,0.027432
2024-09-02 19:26:44,0.028432
2024-09-02 19:26:45,0.034488
2024-09-02 19:26:46,0.027128
2024-09-02 19:26:47,0.033384
2024-09-02 19:26:48,0.039768
2024-09-02 19:26:49,0.024464
2024-09-02 19:26:50,0.024816
2024-09-02 19:26:51,0.051128
2024-09-02 19:26:52,0.132504
2024-09-02 19:26:53,0.096152
2024-09-02 19:26:54,0.079744
2024-09-02 19:26:55,0.026976
2024-09-02 19:26:56,0.040776
2024-09-02 19:26:57,0.025248
2024-09-02 19:26:58,0.070616
2024-09-02 19:26:59,0.20728
2024-09-02 19:27:00,0.188904
2024-09-02 19:27:01,0.215648
2024-09-02 19:27:02,0.351528
2024-09-02 19:27:03,0.286352
2024-09-02 19:27:04,0.216152
2024-09-02 19:27:05,0.331216
2024-09-02 19:27:06,0.285104
2024-09-02 19:27:07,0.320216
2024-09-02 19:27:08,0.264336
2024-09-02 19:27:09,0.245704
2024-09-02 19:27:10,0.198888
2024-09-02 19:27:11,0.190712
2024-09-02 19:27:12,0.191928
2024-09-02 19:27:13,0.090272
2024-09-02 19:27:14,0.146528
2024-09-02 19:27:15,0.136048
2024-09-02 19:27:16,0.059176
2024-09-02 19:27:17,0.029336
2024-09-02 19:27:18,0.087976
2024-09-02 19:27:19,0.184848
2024-09-02 19:27:20,0.034208
2024-09-02 19:27:21,0.095496
2024-09-02 19:27:22,0.057024
2024-09-02 19:27:23,0.043528
2024-09-02 19:27:24,0.029936
2024-09-02 19:27:25,0.023232
2024-09-02 19:27:26,0.01732
2024-09-02 19:27:27,0.043384
2024-09-02 19:27:28,0.043
2024-09-02 19:27:29,0.030816
2024-09-02 19:27:30,0.044376
2024-09-02 19:27:31,0.043344
2024-09-02 19:27:32,0.055296
2024-09-02 19:27:33,0.054496
2024-09-02 19:27:34,0.056088
2024-09-02 19:27:35,0.0468
2024-09-02 19:27:36,0.040616
2024-09-02 19:27:37,0.029944
2024-09-02 19:27:38,0.019248
2024-09-02 19:27:39,0.015016
2024-09-02 19:27:40,0.017272
2024-09-02 19:27:41,0.019296
2024-09-02 19:27:42,0.054856
2024-09-02 19:27:43,0.027016
2024-09-02 19:27:44,0.1048
2024-09-02 19:27:45,0.102312
2024-09-02 19:27:46,0.066752
2024-09-02 19:27:47,0.066352
2024-09-02 19:27:48,0.032128
2024-09-02 19:27:49,0.013272
2024-09-02 19:27:50,0.023984
2024-09-02 19:27:51,0.022728
2024-09-02 19:27:52,0.014144
2024-09-02 19:27:53,0.016112
2024-09-02 19:27:54,0.017976
2024-09-02 19:27:55,0.02256
2024-09-02 19:27:56,0.0138
2024-09-02 19:27:57,0.02504
2024-09-02 19:27:58,0.0418
2024-09-02 19:27:59,0.011848
2024-09-02 19:28:00,0.039032
2024-09-02 19:28:01,0.018016
2024-09-02 19:28:02,0.020936
2024-09-02 19:28:03,0.016112
2024-09-02 19:28:04,0.016712
2024-09-02 19:28:05,0.011256
2024-09-02 19:28:06,0.02
2024-09-02 19:28:07,0.024456
2024-09-02 19:28:08,0.018464
2024-09-02 19:28:09,0.029072
2024-09-02 19:28:10,0.021272
2024-09-02 19:28:11,0.015368
2024-09-02 19:28:12,0.022368
2024-09-02 19:28:13,0.02972
2024-09-02 19:28:14,0.163976
2024-09-02 19:28:15,0.097968
2024-09-02 19:28:16,0.053832
2024-09-02 19:28:17,0.0344
2024-09-02 19:28:18,0.035104
2024-09-02 19:28:19,0.040416
2024-09-02 19:28:20,0.240848
2024-09-02 19:28:21,0.145368
2024-09-02 19:28:22,0.167256
2024-09-02 19:28:23,0.338448
2024-09-02 19:28:24,0.276312
2024-09-02 19:28:25,0.230496
2024-09-02 19:28:26,0.336016
2024-09-02 19:28:27,0.393312
2024-09-02 19:28:28,0.264608
2024-09-02 19:28:29,0.1836
2024-09-02 19:28:30,0.271968
2024-09-02 19:28:31,0.208192
2024-09-02 19:28:32,0.19904
2024-09-02 19:28:33,0.253896
2024-09-02 19:28:34,0.139992
2024-09-02 19:28:35,0.116784
2024-09-02 19:28:36,0.114136
2024-09-02 19:28:37,0.063048
2024-09-02 19:28:38,0.09452
2024-09-02 19:28:39,0.136928
2024-09-02 19:28:40,0.026824
2024-09-02 19:28:41,0.124088
2024-09-02 19:28:42,0.094272
2024-09-02 19:28:43,0.086424
2024-09-02 19:28:44,0.08824
2024-09-02 19:28:45,0.08844
2024-09-02 19:28:46,0.085184
2024-09-02 19:28:47,0.055224
2024-09-02 19:28:48,0.042616
2024-09-02 19:28:49,0.022928
2024-09-02 19:28:50,0.017072
2024-09-02 19:28:51,0.011672
2024-09-02 19:28:52,0.013336
2024-09-02 19:28:53,0.013928
2024-09-02 19:28:54,0.01212
2024-09-02 19:28:55,0.009672
2024-09-02 19:28:56,0.014392
2024-09-02 19:28:57,0.018488
2024-09-02 19:28:58,0.0144
2024-09-02 19:28:59,0.010808
2024-09-02 19:29:00,0.01588
2024-09-02 19:29:01,0.014312
2024-09-02 19:29:02,0.01844
2024-09-02 19:29:03,0.018728
2024-09-02 19:29:04,0.020664
2024-09-02 19:29:05,0.017488
2024-09-02 19:29:06,0.014776
2024-09-02 19:29:07,0.021664
2024-09-02 19:29:08,0.012752
2024-09-02 19:29:09,0.013912
2024-09-02 19:29:10,0.023488
2024-09-02 19:29:11,0.06416
2024-09-02 19:29:12,0.064568
2024-09-02 19:29:13,0.048576
2024-09-02 19:29:14,0.026672
2024-09-02 19:29:15,0.055528
2024-09-02 19:29:16,0.039128
2024-09-02 19:29:17,0.06236
2024-09-02 19:29:18,0.118552
2024-09-02 19:29:19,0.100248
2024-09-02 19:29:20,0.09032
2024-09-02 19:29:21,0.17416
2024-09-02 19:29:22,0.115896
2024-09-02 19:29:23,0.132664
2024-09-02 19:29:24,0.186664
2024-09-02 19:29:25,0.161456
2024-09-02 19:29:26,0.159952
2024-09-02 19:29:27,0.1926
2024-09-02 19:29:28,0.111704
2024-09-02 19:29:29,0.0656
2024-09-02 19:29:30,0.087752
2024-09-02 19:29:31,0.114184
2024-09-02 19:29:32,0.102016
2024-09-02 19:29:33,0.02584
2024-09-02 19:29:34,0.028064
2024-09-02 19:29:35,0.047688
2024-09-02 19:29:36,0.120888
2024-09-02 19:29:37,0.037184
2024-09-02 19:29:38,0.1712
2024-09-02 19:29:39,0.067208
2024-09-02 19:29:40,0.03552
2024-09-02 19:29:41,0.0272
2024-09-02 19:29:42,0.016944
2024-09-02 19:29:43,0.019088
2024-09-02 19:29:44,0.015248
2024-09-02 19:29:45,0.014512
2024-09-02 19:29:46,0.024736
2024-09-02 19:29:47,0.02276
2024-09-02 19:29:48,0.024616
2024-09-02 19:29:49,0.0172
2024-09-02 19:29:50,0.022848
2024-09-02 19:29:51,0.0196
2024-09-02 19:29:52,0.020408
2024-09-02 19:29:53,0.020264
2024-09-02 19:29:54,0.01672
2024-09-02 19:29:55,0.024312
2024-09-02 19:29:56,0.01672
2024-09-02 19:29:57,0.014184
2024-09-02 19:29:58,0.034712
2024-09-02 19:29:59,0.027232
2024-09-02 19:30:00,0.017816
2024-09-02 19:30:01,0.015168
2024-09-02 19:30:02,0.029144
2024-09-02 19:30:03,0.027608
2024-09-02 19:30:04,0.096184
2024-09-02 19:30:05,0.116648
2024-09-02 19:30:06,0.098056
2024-09-02 19:30:07,0.09948
2024-09-02 19:30:08,0.149992
2024-09-02 19:30:09,0.104824
2024-09-02 19:30:10,0.125256
2024-09-02 19:30:11,0.177792
2024-09-02 19:30:12,0.1298
2024-09-02 19:30:13,0.08648
2024-09-02 19:30:14,0.168352
2024-09-02 19:30:15,0.097576
2024-09-02 19:30:16,0.038504
2024-09-02 19:30:17,0.096816
2024-09-02 19:30:18,0.056496
2024-09-02 19:30:19,0.01728
2024-09-02 19:30:20,0.01672
2024-09-02 19:30:21,0.015048
2024-09-02 19:30:22,0.011632
2024-09-02 19:30:23,0.022856
2024-09-02 19:30:24,0.014488
2024-09-02 19:30:25,0.009256
2024-09-02 19:30:26,0.023408
2024-09-02 19:30:27,0.026032
2024-09-02 19:30:28,0.0266
2024-09-02 19:30:29,0.021488
2024-09-02 19:30:30,0.016712
2024-09-02 19:30:31,0.043416
2024-09-02 19:30:32,0.059544
2024-09-02 19:30:33,0.049392
2024-09-02 19:30:34,0.027512
2024-09-02 19:30:35,0.016128
2024-09-02 19:30:36,0.0246
2024-09-02 19:30:37,0.047592
2024-09-02 19:30:38,0.043712
2024-09-02 19:30:39,0.022968
2024-09-02 19:30:40,0.019992
2024-09-02 19:30:41,0.02576
2024-09-02 19:30:42,0.024864
2024-09-02 19:30:43,0.021728
2024-09-02 19:30:44,0.015344
2024-09-02 19:30:45,0.017976
2024-09-02 19:30:46,0.058792
2024-09-02 19:30:47,0.090528
2024-09-02 19:30:48,0.027536
2024-09-02 19:30:49,0.023968
2024-09-02 19:30:50,0.024288
2024-09-02 19:30:51,0.01396
2024-09-02 19:30:52,0.144304
2024-09-02 19:30:53,0.09968
2024-09-02 19:30:54,0.086864
2024-09-02 19:30:55,0.189152
2024-09-02 19:30:56,0.123888
2024-09-02 19:30:57,0.173344
2024-09-02 19:30:58,0.241408
2024-09-02 19:30:59,0.199728
2024-09-02 19:31:00,0.12944
2024-09-02 19:31:01,0.154984
2024-09-02 19:31:02,0.15484
2024-09-02 19:31:03,0.11896
2024-09-02 19:31:04,0.094248
2024-09-02 19:31:05,0.118744
2024-09-02 19:31:06,0.123072
2024-09-02 19:31:07,0.04764
2024-09-02 19:31:08,0.04844
2024-09-02 19:31:09,0.103424
2024-09-02 19:31:10,0.022064
2024-09-02 19:31:11,0.035824
2024-09-02 19:31:12,0.020008
2024-09-02 19:31:13,0.02008
2024-09-02 19:31:14,0.018736
2024-09-02 19:31:15,0.018936
2024-09-02 19:31:16,0.0158
2024-09-02 19:31:17,0.010832
2024-09-02 19:31:18,0.00508
2024-09-02 19:31:19,0.00276
2024-09-02 19:31:20,0.00508
2024-09-02 19:31:21,0.00456
2024-09-02 19:31:22,0.005776
2024-09-02 19:31:23,0.001728
2024-09-02 19:31:24,0.001872
2024-09-02 19:31:25,0.00124
