time,mbps
2024-09-02 18:16:13,0.211192
2024-09-02 18:16:14,0.014248
2024-09-02 18:16:15,0.025824
2024-09-02 18:16:16,0.015648
2024-09-02 18:16:17,0.012896
2024-09-02 18:16:18,0.331512
2024-09-02 18:16:19,0.082064
2024-09-02 18:16:20,0.042176
2024-09-02 18:16:21,0.025152
2024-09-02 18:16:22,0.026488
2024-09-02 18:16:23,0.02612
2024-09-02 18:16:24,0.0408
2024-09-02 18:16:25,0.033832
2024-09-02 18:16:26,0.030576
2024-09-02 18:16:27,0.026272
2024-09-02 18:16:28,0.030488
2024-09-02 18:16:29,0.03132
2024-09-02 18:16:30,0.028952
2024-09-02 18:16:31,0.032736
2024-09-02 18:16:32,0.033072
2024-09-02 18:16:33,0.032568
2024-09-02 18:16:34,0.028912
2024-09-02 18:16:35,0.026088
2024-09-02 18:16:36,0.027272
2024-09-02 18:16:37,0.030464
2024-09-02 18:16:38,0.030672
2024-09-02 18:16:39,0.030312
2024-09-02 18:16:40,0.034696
2024-09-02 18:16:41,0.030264
2024-09-02 18:16:42,0.022176
2024-09-02 18:16:43,0.021544
2024-09-02 18:16:44,0.023904
2024-09-02 18:16:45,0.019544
2024-09-02 18:16:46,0.023904
2024-09-02 18:16:47,0.021544
2024-09-02 18:16:48,0.023904
2024-09-02 18:16:49,0.02044
2024-09-02 18:16:50,0.022576
2024-09-02 18:16:51,0.018952
2024-09-02 18:16:52,0.021816
2024-09-02 18:16:53,0.021568
2024-09-02 18:16:54,0.022816
2024-09-02 18:16:55,0.019672
2024-09-02 18:16:56,0.019304
2024-09-02 18:16:57,0.019456
2024-09-02 18:16:58,0.024928
2024-09-02 18:16:59,0.022568
2024-09-02 18:17:00,0.02
2024-09-02 18:17:01,0.016544
2024-09-02 18:17:02,0.018792
2024-09-02 18:17:03,0.017952
2024-09-02 18:17:04,0.019896
2024-09-02 18:17:05,0.016544
2024-09-02 18:17:06,0.020296
2024-09-02 18:17:07,0.016856
2024-09-02 18:17:08,0.022216
2024-09-02 18:17:09,0.02024
2024-09-02 18:17:10,0.021
2024-09-02 18:17:11,0.018856
2024-09-02 18:17:12,0.020112
2024-09-02 18:17:13,0.019752
2024-09-02 18:17:14,0.02232
2024-09-02 18:17:15,0.020752
2024-09-02 18:17:16,0.023104
2024-09-02 18:17:17,0.019856
2024-09-02 18:17:18,0.019616
2024-09-02 18:17:19,0.02188
2024-09-02 18:17:20,0.02324
2024-09-02 18:17:21,0.02188
2024-09-02 18:17:22,0.023136
2024-09-02 18:17:23,0.021776
2024-09-02 18:17:24,0.022512
2024-09-02 18:17:25,0.02188
2024-09-02 18:17:26,0.02424
2024-09-02 18:17:27,0.022776
2024-09-02 18:17:28,0.02324
2024-09-02 18:17:29,0.02288
2024-09-02 18:17:30,0.022128
2024-09-02 18:17:31,0.021384
2024-09-02 18:17:32,0.024232
2024-09-02 18:17:33,0.020856
2024-09-02 18:17:34,0.02212
2024-09-02 18:17:35,0.017784
2024-09-02 18:17:36,0.017184
2024-09-02 18:17:37,0.017544
2024-09-02 18:17:38,0.021904
2024-09-02 18:17:39,0.021544
2024-09-02 18:17:40,0.022024
2024-09-02 18:17:41,0.01872
2024-09-02 18:17:42,0.023008
2024-09-02 18:17:43,0.022648
2024-09-02 18:17:44,0.023616
2024-09-02 18:17:45,0.038864
2024-09-02 18:17:46,0.022216
2024-09-02 18:17:47,0.022856
2024-09-02 18:17:48,0.023496
2024-09-02 18:17:49,0.020752
2024-09-02 18:17:50,0.021216
2024-09-02 18:17:51,0.018856
2024-09-02 18:17:52,0.034984
2024-09-02 18:17:53,0.018544
2024-09-02 18:17:54,0.045952
2024-09-02 18:17:55,0.048024
2024-09-02 18:17:56,0.007192
2024-09-02 18:17:57,0.00276
2024-09-02 18:17:58,0.007488
2024-09-02 18:17:59,0.014512
2024-09-02 18:18:00,0.00732
2024-09-02 18:18:01,0.006696
2024-09-02 18:18:02,0.018304
2024-09-02 18:18:03,0.011712
2024-09-02 18:18:04,0.020456
2024-09-02 18:18:05,0.022736
2024-09-02 18:18:06,0.027088
2024-09-02 18:18:07,0.032848
2024-09-02 18:18:08,0.026632
2024-09-02 18:18:09,0.015392
2024-09-02 18:18:10,0.00568
2024-09-02 18:18:11,0.003248
2024-09-02 18:18:12,0.004632
2024-09-02 18:18:13,0.005768
2024-09-02 18:18:14,0.022192
2024-09-02 18:18:15,0.016744
2024-09-02 18:18:16,0.00816
2024-09-02 18:18:17,0.019256
2024-09-02 18:18:18,0.017088
2024-09-02 18:18:19,0.011712
2024-09-02 18:18:20,0.00864
2024-09-02 18:18:21,0.015368
2024-09-02 18:18:22,0.022304
2024-09-02 18:18:23,0.02712
2024-09-02 18:18:24,0.022064
2024-09-02 18:18:25,0.02336
2024-09-02 18:18:26,0.023608
2024-09-02 18:18:27,0.015424
2024-09-02 18:18:28,0.016032
2024-09-02 18:18:29,0.006096
2024-09-02 18:18:30,0.003264
2024-09-02 18:18:31,0.031072
2024-09-02 18:18:32,0.023304
2024-09-02 18:18:33,0.125104
2024-09-02 18:18:34,0.041024
2024-09-02 18:18:35,0.070128
2024-09-02 18:18:36,0.021296
2024-09-02 18:18:37,0.012856
2024-09-02 18:18:38,0.010328
2024-09-02 18:18:39,0.086944
2024-09-02 18:18:40,0.012256
2024-09-02 18:18:41,0.00452
2024-09-02 18:18:42,0.040512
2024-09-02 18:18:43,0.05072
2024-09-02 18:18:44,0.047032
2024-09-02 18:18:45,0.048168
2024-09-02 18:18:46,0.050512
2024-09-02 18:18:47,0.049096
2024-09-02 18:18:48,0.071816
2024-09-02 18:18:49,0.071128
2024-09-02 18:18:50,0.085888
2024-09-02 18:18:51,0.128896
2024-09-02 18:18:52,0.097504
2024-09-02 18:18:53,0.128088
2024-09-02 18:18:54,0.09152
2024-09-02 18:18:55,0.078488
2024-09-02 18:18:56,0.075256
2024-09-02 18:18:57,0.185712
2024-09-02 18:18:58,0.032256
2024-09-02 18:18:59,0.054632
2024-09-02 18:19:00,0.02688
2024-09-02 18:19:01,0.031608
2024-09-02 18:19:02,0.028352
2024-09-02 18:19:03,0.0796
2024-09-02 18:19:04,0.031544
2024-09-02 18:19:05,0.045336
2024-09-02 18:19:06,0.023288
2024-09-02 18:19:07,0.011688
2024-09-02 18:19:08,0.039512
2024-09-02 18:19:09,0.025576
2024-09-02 18:19:10,0.024384
2024-09-02 18:19:11,0.030056
2024-09-02 18:19:12,0.136072
2024-09-02 18:19:13,0.00908
2024-09-02 18:19:14,0.056136
2024-09-02 18:19:15,0.037488
2024-09-02 18:19:16,0.0778
2024-09-02 18:19:17,0.074144
2024-09-02 18:19:18,0.07896
2024-09-02 18:19:19,0.090112
2024-09-02 18:19:20,0.089656
2024-09-02 18:19:21,0.140352
2024-09-02 18:19:22,0.154224
2024-09-02 18:19:23,0.152736
2024-09-02 18:19:24,0.11816
2024-09-02 18:19:25,0.07232
2024-09-02 18:19:26,0.091008
2024-09-02 18:19:27,0.074128
2024-09-02 18:19:28,0.04932
2024-09-02 18:19:29,0.108992
2024-09-02 18:19:30,0.204976
2024-09-02 18:19:31,0.086144
2024-09-02 18:19:32,0.071672
2024-09-02 18:19:33,0.037296
2024-09-02 18:19:34,0.06476
2024-09-02 18:19:35,0.044288
2024-09-02 18:19:36,0.017488
2024-09-02 18:19:37,0.016304
2024-09-02 18:19:38,0.019448
2024-09-02 18:19:39,0.010152
2024-09-02 18:19:40,0.018624
2024-09-02 18:19:41,0.003192
2024-09-02 18:19:42,0.0074
2024-09-02 18:19:43,0.013536
2024-09-02 18:19:44,0.020528
2024-09-02 18:19:45,0.034152
2024-09-02 18:19:46,0.02004
2024-09-02 18:19:47,0.024136
2024-09-02 18:19:48,0.018752
2024-09-02 18:19:49,0.025752
2024-09-02 18:19:50,0.156232
2024-09-02 18:19:51,0.030704
2024-09-02 18:19:52,0.03704
2024-09-02 18:19:53,0.10332
2024-09-02 18:19:54,0.10152
2024-09-02 18:19:55,0.098888
2024-09-02 18:19:56,0.128152
2024-09-02 18:19:57,0.126704
2024-09-02 18:19:58,0.14324
2024-09-02 18:19:59,0.190184
2024-09-02 18:20:00,0.179288
2024-09-02 18:20:01,0.142584
2024-09-02 18:20:02,0.141744
2024-09-02 18:20:03,0.089608
2024-09-02 18:20:04,0.080088
2024-09-02 18:20:05,0.04376
2024-09-02 18:20:06,0.133064
2024-09-02 18:20:07,0.090216
2024-09-02 18:20:08,0.069288
2024-09-02 18:20:09,0.035296
2024-09-02 18:20:10,0.015448
2024-09-02 18:20:11,0.0108
2024-09-02 18:20:12,0.014568
2024-09-02 18:20:13,0.030576
2024-09-02 18:20:14,0.028672
2024-09-02 18:20:15,0.071712
2024-09-02 18:20:16,0.06324
2024-09-02 18:20:17,0.064024
2024-09-02 18:20:18,0.07296
2024-09-02 18:20:19,0.081312
2024-09-02 18:20:20,0.063208
2024-09-02 18:20:21,0.054936
2024-09-02 18:20:22,0.058944
2024-09-02 18:20:23,0.070832
2024-09-02 18:20:24,0.041856
2024-09-02 18:20:25,0.057384
2024-09-02 18:20:26,0.030216
2024-09-02 18:20:27,0.042368
2024-09-02 18:20:28,0.046488
2024-09-02 18:20:29,0.036112
2024-09-02 18:20:30,0.03504
2024-09-02 18:20:31,0.035936
2024-09-02 18:20:32,0.024992
2024-09-02 18:20:33,0.023408
2024-09-02 18:20:34,0.036304
2024-09-02 18:20:35,0.020952
2024-09-02 18:20:36,0.042576
2024-09-02 18:20:37,0.029864
2024-09-02 18:20:38,0.05448
2024-09-02 18:20:39,0.03536
2024-09-02 18:20:40,0.042728
2024-09-02 18:20:41,0.031984
2024-09-02 18:20:42,0.021424
2024-09-02 18:20:43,0.025032
2024-09-02 18:20:44,0.019192
2024-09-02 18:20:45,0.032824
2024-09-02 18:20:46,0.01732
2024-09-02 18:20:47,0.026728
2024-09-02 18:20:48,0.025208
2024-09-02 18:20:49,0.021864
2024-09-02 18:20:50,0.018552
2024-09-02 18:20:51,0.01984
2024-09-02 18:20:52,0.018736
2024-09-02 18:20:53,0.027208
2024-09-02 18:20:54,0.01416
2024-09-02 18:20:55,0.021392
2024-09-02 18:20:56,0.017072
2024-09-02 18:20:57,0.051288
2024-09-02 18:20:58,0.07872
2024-09-02 18:20:59,0.1162
2024-09-02 18:21:00,0.029424
2024-09-02 18:21:01,0.031688
2024-09-02 18:21:02,0.04048
2024-09-02 18:21:03,0.022208
2024-09-02 18:21:04,0.072712
2024-09-02 18:21:05,0.115936
2024-09-02 18:21:06,0.100544
2024-09-02 18:21:07,0.089552
2024-09-02 18:21:08,0.139552
2024-09-02 18:21:09,0.120928
2024-09-02 18:21:10,0.169976
2024-09-02 18:21:11,0.188
2024-09-02 18:21:12,0.170568
2024-09-02 18:21:13,0.105808
2024-09-02 18:21:14,0.124136
2024-09-02 18:21:15,0.097152
2024-09-02 18:21:16,0.085864
2024-09-02 18:21:17,0.111336
2024-09-02 18:21:18,0.090312
2024-09-02 18:21:19,0.1348
2024-09-02 18:21:20,0.12876
2024-09-02 18:21:21,0.084504
2024-09-02 18:21:22,0.054032
2024-09-02 18:21:23,0.048112
2024-09-02 18:21:24,0.039376
2024-09-02 18:21:25,0.058632
2024-09-02 18:21:26,0.042256
2024-09-02 18:21:27,0.056008
2024-09-02 18:21:28,0.194376
2024-09-02 18:21:29,0.03416
2024-09-02 18:21:30,0.15624
2024-09-02 18:21:31,0.060576
2024-09-02 18:21:32,0.06424
2024-09-02 18:21:33,0.035728
2024-09-02 18:21:34,0.021464
2024-09-02 18:21:35,0.018752
2024-09-02 18:21:36,0.0414
2024-09-02 18:21:37,0.022312
2024-09-02 18:21:38,0.047712
2024-09-02 18:21:39,0.023456
2024-09-02 18:21:40,0.017648
2024-09-02 18:21:41,0.037288
2024-09-02 18:21:42,0.0124
2024-09-02 18:21:43,0.019368
2024-09-02 18:21:44,0.028632
2024-09-02 18:21:45,0.021088
2024-09-02 18:21:46,0.022152
2024-09-02 18:21:47,0.023496
2024-09-02 18:21:48,0.04228
2024-09-02 18:21:49,0.022504
2024-09-02 18:21:50,0.014064
2024-09-02 18:21:51,0.024232
2024-09-02 18:21:52,0.024088
2024-09-02 18:21:53,0.010712
2024-09-02 18:21:54,0.022032
2024-09-02 18:21:55,0.025096
2024-09-02 18:21:56,0.013088
2024-09-02 18:21:57,0.026376
2024-09-02 18:21:58,0.03316
2024-09-02 18:21:59,0.025112
2024-09-02 18:22:00,0.091128
2024-09-02 18:22:01,0.136448
2024-09-02 18:22:02,0.0296
2024-09-02 18:22:03,0.032208
2024-09-02 18:22:04,0.05248
2024-09-02 18:22:05,0.036672
2024-09-02 18:22:06,0.0308
2024-09-02 18:22:07,0.109768
2024-09-02 18:22:08,0.07744
2024-09-02 18:22:09,0.098376
2024-09-02 18:22:10,0.114272
2024-09-02 18:22:11,0.113696
2024-09-02 18:22:12,0.154832
2024-09-02 18:22:13,0.181192
2024-09-02 18:22:14,0.17072
2024-09-02 18:22:15,0.151968
2024-09-02 18:22:16,0.125464
2024-09-02 18:22:17,0.10292
2024-09-02 18:22:18,0.128224
2024-09-02 18:22:19,0.142192
2024-09-02 18:22:20,0.090184
2024-09-02 18:22:21,0.092208
2024-09-02 18:22:22,0.075744
2024-09-02 18:22:23,0.023088
2024-09-02 18:22:24,0.0686
2024-09-02 18:22:25,0.191496
2024-09-02 18:22:26,0.0316
2024-09-02 18:22:27,0.190584
2024-09-02 18:22:28,0.0556
2024-09-02 18:22:29,0.018936
2024-09-02 18:22:30,0.026768
2024-09-02 18:22:31,0.053608
2024-09-02 18:22:32,0.031056
2024-09-02 18:22:33,0.026944
2024-09-02 18:22:34,0.026208
2024-09-02 18:22:35,0.027808
2024-09-02 18:22:36,0.021272
2024-09-02 18:22:37,0.035416
2024-09-02 18:22:38,0.048968
2024-09-02 18:22:39,0.047136
2024-09-02 18:22:40,0.031232
2024-09-02 18:22:41,0.021848
2024-09-02 18:22:42,0.032856
2024-09-02 18:22:43,0.020968
2024-09-02 18:22:44,0.028816
2024-09-02 18:22:45,0.023672
2024-09-02 18:22:46,0.026656
2024-09-02 18:22:47,0.014264
2024-09-02 18:22:48,0.040392
2024-09-02 18:22:49,0.027552
2024-09-02 18:22:50,0.020568
2024-09-02 18:22:51,0.020816
2024-09-02 18:22:52,0.023448
2024-09-02 18:22:53,0.022448
2024-09-02 18:22:54,0.017576
2024-09-02 18:22:55,0.032536
2024-09-02 18:22:56,0.010096
2024-09-02 18:22:57,0.11476
2024-09-02 18:22:58,0.107264
2024-09-02 18:22:59,0.028928
2024-09-02 18:23:00,0.04884
2024-09-02 18:23:01,0.044904
2024-09-02 18:23:02,0.02124
2024-09-02 18:23:03,0.07444
2024-09-02 18:23:04,0.084656
2024-09-02 18:23:05,0.100936
2024-09-02 18:23:06,0.135032
2024-09-02 18:23:07,0.107856
2024-09-02 18:23:08,0.147888
2024-09-02 18:23:09,0.195016
2024-09-02 18:23:10,0.167008
2024-09-02 18:23:11,0.163176
2024-09-02 18:23:12,0.162352
2024-09-02 18:23:13,0.11464
2024-09-02 18:23:14,0.142608
2024-09-02 18:23:15,0.133232
2024-09-02 18:23:16,0.139696
2024-09-02 18:23:17,0.111944
2024-09-02 18:23:18,0.114816
2024-09-02 18:23:19,0.08836
2024-09-02 18:23:20,0.094088
2024-09-02 18:23:21,0.141576
2024-09-02 18:23:22,0.07444
2024-09-02 18:23:23,0.080184
2024-09-02 18:23:24,0.055008
2024-09-02 18:23:25,0.053
2024-09-02 18:23:26,0.068976
2024-09-02 18:23:27,0.029608
2024-09-02 18:23:28,0.061384
2024-09-02 18:23:29,0.207112
2024-09-02 18:23:30,0.030952
2024-09-02 18:23:31,0.0924
2024-09-02 18:23:32,0.048344
2024-09-02 18:23:33,0.039144
2024-09-02 18:23:34,0.04032
2024-09-02 18:23:35,0.036192
2024-09-02 18:23:36,0.024024
2024-09-02 18:23:37,0.035096
2024-09-02 18:23:38,0.030408
2024-09-02 18:23:39,0.052344
2024-09-02 18:23:40,0.045776
2024-09-02 18:23:41,0.040392
2024-09-02 18:23:42,0.025984
2024-09-02 18:23:43,0.053032
2024-09-02 18:23:44,0.054904
2024-09-02 18:23:45,0.047144
2024-09-02 18:23:46,0.044464
2024-09-02 18:23:47,0.052368
2024-09-02 18:23:48,0.046816
2024-09-02 18:23:49,0.06572
2024-09-02 18:23:50,0.063112
2024-09-02 18:23:51,0.060336
2024-09-02 18:23:52,0.06292
2024-09-02 18:23:53,0.058664
2024-09-02 18:23:54,0.060824
2024-09-02 18:23:55,0.070224
2024-09-02 18:23:56,0.057464
2024-09-02 18:23:57,0.059608
2024-09-02 18:23:58,0.069824
2024-09-02 18:23:59,0.0594
2024-09-02 18:24:00,0.058808
2024-09-02 18:24:01,0.046464
2024-09-02 18:24:02,0.042248
2024-09-02 18:24:03,0.039872
2024-09-02 18:24:04,0.086336
2024-09-02 18:24:05,0.030768
2024-09-02 18:24:06,0.117424
2024-09-02 18:24:07,0.11836
2024-09-02 18:24:08,0.07836
2024-09-02 18:24:09,0.102032
2024-09-02 18:24:10,0.093792
2024-09-02 18:24:11,0.080232
2024-09-02 18:24:12,0.056048
2024-09-02 18:24:13,0.059912
2024-09-02 18:24:14,0.047376
2024-09-02 18:24:15,0.04316
2024-09-02 18:24:16,0.039488
2024-09-02 18:24:17,0.058776
2024-09-02 18:24:18,0.034936
2024-09-02 18:24:19,0.042856
2024-09-02 18:24:20,0.02044
2024-09-02 18:24:21,0.03468
2024-09-02 18:24:22,0.043688
2024-09-02 18:24:23,0.029792
2024-09-02 18:24:24,0.021088
2024-09-02 18:24:25,0.016344
2024-09-02 18:24:26,0.036304
2024-09-02 18:24:27,0.016904
2024-09-02 18:24:28,0.046416
2024-09-02 18:24:29,0.041816
2024-09-02 18:24:30,0.063392
2024-09-02 18:24:31,0.055352
2024-09-02 18:24:32,0.03948
2024-09-02 18:24:33,0.030448
2024-09-02 18:24:34,0.022456
2024-09-02 18:24:35,0.028392
2024-09-02 18:24:36,0.105528
2024-09-02 18:24:37,0.167008
2024-09-02 18:24:38,0.029424
2024-09-02 18:24:39,0.042816
2024-09-02 18:24:40,0.056352
2024-09-02 18:24:41,0.039512
2024-09-02 18:24:42,0.061352
2024-09-02 18:24:43,0.12456
2024-09-02 18:24:44,0.101216
2024-09-02 18:24:45,0.11876
2024-09-02 18:24:46,0.172904
2024-09-02 18:24:47,0.157256
2024-09-02 18:24:48,0.177768
2024-09-02 18:24:49,0.218656
2024-09-02 18:24:50,0.20584
2024-09-02 18:24:51,0.156712
2024-09-02 18:24:52,0.186896
2024-09-02 18:24:53,0.178168
2024-09-02 18:24:54,0.11392
2024-09-02 18:24:55,0.152672
2024-09-02 18:24:56,0.128296
2024-09-02 18:24:57,0.117464
2024-09-02 18:24:58,0.16652
2024-09-02 18:24:59,0.202976
2024-09-02 18:25:00,0.148728
2024-09-02 18:25:01,0.109152
2024-09-02 18:25:02,0.05844
2024-09-02 18:25:03,0.071824
2024-09-02 18:25:04,0.070528
2024-09-02 18:25:05,0.075352
2024-09-02 18:25:06,0.077464
2024-09-02 18:25:07,0.065688
2024-09-02 18:25:08,0.054976
2024-09-02 18:25:09,0.05028
2024-09-02 18:25:10,0.071168
2024-09-02 18:25:11,0.05436
2024-09-02 18:25:12,0.03212
2024-09-02 18:25:13,0.028768
2024-09-02 18:25:14,0.04212
2024-09-02 18:25:15,0.049136
2024-09-02 18:25:16,0.034584
2024-09-02 18:25:17,0.030952
2024-09-02 18:25:18,0.21564
2024-09-02 18:25:19,0.0342
2024-09-02 18:25:20,0.183312
2024-09-02 18:25:21,0.063064
2024-09-02 18:25:22,0.07468
2024-09-02 18:25:23,0.03092
2024-09-02 18:25:24,0.033144
2024-09-02 18:25:25,0.03484
2024-09-02 18:25:26,0.022456
2024-09-02 18:25:27,0.047344
2024-09-02 18:25:28,0.037256
2024-09-02 18:25:29,0.046672
2024-09-02 18:25:30,0.026104
2024-09-02 18:25:31,0.032864
2024-09-02 18:25:32,0.043144
2024-09-02 18:25:33,0.031784
2024-09-02 18:25:34,0.028976
2024-09-02 18:25:35,0.029272
2024-09-02 18:25:36,0.0364
2024-09-02 18:25:37,0.027408
2024-09-02 18:25:38,0.031944
2024-09-02 18:25:39,0.021032
2024-09-02 18:25:40,0.01724
2024-09-02 18:25:41,0.011344
2024-09-02 18:25:42,0.015704
2024-09-02 18:25:43,0.037568
2024-09-02 18:25:44,0.02836
2024-09-02 18:25:45,0.022256
2024-09-02 18:25:46,0.013088
2024-09-02 18:25:47,0.018288
2024-09-02 18:25:48,0.0266
2024-09-02 18:25:49,0.025968
2024-09-02 18:25:50,0.106224
2024-09-02 18:25:51,0.143352
2024-09-02 18:25:52,0.041032
2024-09-02 18:25:53,0.035792
2024-09-02 18:25:54,0.053032
2024-09-02 18:25:55,0.044424
2024-09-02 18:25:56,0.046
2024-09-02 18:25:57,0.126528
2024-09-02 18:25:58,0.103864
2024-09-02 18:25:59,0.15016
2024-09-02 18:26:00,0.154384
2024-09-02 18:26:01,0.148984
2024-09-02 18:26:02,0.230408
2024-09-02 18:26:03,0.22532
2024-09-02 18:26:04,0.218992
2024-09-02 18:26:05,0.164112
2024-09-02 18:26:06,0.18628
2024-09-02 18:26:07,0.13344
2024-09-02 18:26:08,0.113032
2024-09-02 18:26:09,0.148352
2024-09-02 18:26:10,0.175184
2024-09-02 18:26:11,0.157064
2024-09-02 18:26:12,0.125472
2024-09-02 18:26:13,0.088048
2024-09-02 18:26:14,0.07888
2024-09-02 18:26:15,0.096888
2024-09-02 18:26:16,0.071768
2024-09-02 18:26:17,0.05944
2024-09-02 18:26:18,0.04632
2024-09-02 18:26:19,0.049176
2024-09-02 18:26:20,0.066472
2024-09-02 18:26:21,0.018024
2024-09-02 18:26:22,0.035592
2024-09-02 18:26:23,0.05284
2024-09-02 18:26:24,0.21872
2024-09-02 18:26:25,0.042152
2024-09-02 18:26:26,0.31944
2024-09-02 18:26:27,0.073728
2024-09-02 18:26:28,0.070592
2024-09-02 18:26:29,0.021568
2024-09-02 18:26:30,0.061
2024-09-02 18:26:31,0.0362
2024-09-02 18:26:32,0.032192
2024-09-02 18:26:33,0.022928
2024-09-02 18:26:34,0.031608
2024-09-02 18:26:35,0.019104
2024-09-02 18:26:36,0.034592
2024-09-02 18:26:37,0.041784
2024-09-02 18:26:38,0.029
2024-09-02 18:26:39,0.025864
2024-09-02 18:26:40,0.028856
2024-09-02 18:26:41,0.028416
2024-09-02 18:26:42,0.01352
2024-09-02 18:26:43,0.016504
2024-09-02 18:26:44,0.0268
2024-09-02 18:26:45,0.028992
2024-09-02 18:26:46,0.13004
2024-09-02 18:26:47,0.032624
2024-09-02 18:26:48,0.026696
2024-09-02 18:26:49,0.1112
2024-09-02 18:26:50,0.16308
2024-09-02 18:26:51,0.106016
2024-09-02 18:26:52,0.139776
2024-09-02 18:26:53,0.207424
2024-09-02 18:26:54,0.180192
2024-09-02 18:26:55,0.255032
2024-09-02 18:26:56,0.327864
2024-09-02 18:26:57,0.200176
2024-09-02 18:26:58,0.214736
2024-09-02 18:26:59,0.273144
2024-09-02 18:27:00,0.199976
2024-09-02 18:27:01,0.177232
2024-09-02 18:27:02,0.201992
2024-09-02 18:27:03,0.188624
2024-09-02 18:27:04,0.208176
2024-09-02 18:27:05,0.14948
2024-09-02 18:27:06,0.14532
2024-09-02 18:27:07,0.144448
2024-09-02 18:27:08,0.164648
2024-09-02 18:27:09,0.136376
2024-09-02 18:27:10,0.095656
2024-09-02 18:27:11,0.094616
2024-09-02 18:27:12,0.106816
2024-09-02 18:27:13,0.097672
2024-09-02 18:27:14,0.096832
2024-09-02 18:27:15,0.105664
2024-09-02 18:27:16,0.092272
2024-09-02 18:27:17,0.234336
2024-09-02 18:27:18,0.208648
2024-09-02 18:27:19,0.109632
2024-09-02 18:27:20,0.108816
2024-09-02 18:27:21,0.048544
2024-09-02 18:27:22,0.033752
2024-09-02 18:27:23,0.041584
2024-09-02 18:27:24,0.062184
2024-09-02 18:27:25,0.05072
2024-09-02 18:27:26,0.030584
2024-09-02 18:27:27,0.04316
2024-09-02 18:27:28,0.0296
2024-09-02 18:27:29,0.045816
2024-09-02 18:27:30,0.069872
2024-09-02 18:27:31,0.024864
2024-09-02 18:27:32,0.03
2024-09-02 18:27:33,0.032528
2024-09-02 18:27:34,0.022648
2024-09-02 18:27:35,0.045896
2024-09-02 18:27:36,0.045752
2024-09-02 18:27:37,0.044456
2024-09-02 18:27:38,0.026144
2024-09-02 18:27:39,0.029464
2024-09-02 18:27:40,0.038392
2024-09-02 18:27:41,0.07424
2024-09-02 18:27:42,0.04768
2024-09-02 18:27:43,0.029
2024-09-02 18:27:44,0.027672
2024-09-02 18:27:45,0.051464
2024-09-02 18:27:46,0.034472
2024-09-02 18:27:47,0.050224
2024-09-02 18:27:48,0.140312
2024-09-02 18:27:49,0.206432
2024-09-02 18:27:50,0.037488
2024-09-02 18:27:51,0.048104
2024-09-02 18:27:52,0.044376
2024-09-02 18:27:53,0.04304
2024-09-02 18:27:54,0.054984
2024-09-02 18:27:55,0.221272
2024-09-02 18:27:56,0.169552
2024-09-02 18:27:57,0.189232
2024-09-02 18:27:58,0.336632
2024-09-02 18:27:59,0.322032
2024-09-02 18:28:00,0.289784
2024-09-02 18:28:01,0.296824
2024-09-02 18:28:02,0.298392
2024-09-02 18:28:03,0.197696
2024-09-02 18:28:04,0.184712
2024-09-02 18:28:05,0.257704
2024-09-02 18:28:06,0.229504
2024-09-02 18:28:07,0.236112
2024-09-02 18:28:08,0.238096
2024-09-02 18:28:09,0.176896
2024-09-02 18:28:10,0.201184
2024-09-02 18:28:11,0.20324
2024-09-02 18:28:12,0.171808
2024-09-02 18:28:13,0.163888
2024-09-02 18:28:14,0.1424
2024-09-02 18:28:15,0.15164
2024-09-02 18:28:16,0.104616
2024-09-02 18:28:17,0.085696
2024-09-02 18:28:18,0.07932
2024-09-02 18:28:19,0.078872
2024-09-02 18:28:20,0.042528
2024-09-02 18:28:21,0.078824
2024-09-02 18:28:22,0.243392
2024-09-02 18:28:23,0.037696
2024-09-02 18:28:24,0.295792
2024-09-02 18:28:25,0.076304
2024-09-02 18:28:26,0.01672
2024-09-02 18:28:27,0.027824
2024-09-02 18:28:28,0.036008
2024-09-02 18:28:29,0.012256
2024-09-02 18:28:30,0.012112
2024-09-02 18:28:31,0.009736
2024-09-02 18:28:32,0.0132
2024-09-02 18:28:33,0.009736
2024-09-02 18:28:34,0.018584
2024-09-02 18:28:35,0.031328
2024-09-02 18:28:36,0.023088
2024-09-02 18:28:37,0.014432
2024-09-02 18:28:38,0.038624
2024-09-02 18:28:39,0.045384
2024-09-02 18:28:40,0.039896
2024-09-02 18:28:41,0.029224
2024-09-02 18:28:42,0.06152
2024-09-02 18:28:43,0.082096
2024-09-02 18:28:44,0.081384
2024-09-02 18:28:45,0.048856
2024-09-02 18:28:46,0.030632
2024-09-02 18:28:47,0.038432
2024-09-02 18:28:48,0.051672
2024-09-02 18:28:49,0.034456
2024-09-02 18:28:50,0.016512
2024-09-02 18:28:51,0.030456
2024-09-02 18:28:52,0.031896
2024-09-02 18:28:53,0.02404
2024-09-02 18:28:54,0.03012
2024-09-02 18:28:55,0.0344
2024-09-02 18:28:56,0.053464
2024-09-02 18:28:57,0.024368
2024-09-02 18:28:58,0.01936
2024-09-02 18:28:59,0.041048
2024-09-02 18:29:00,0.024432
2024-09-02 18:29:01,0.072128
2024-09-02 18:29:02,0.036832
2024-09-02 18:29:03,0.053824
2024-09-02 18:29:04,0.012344
2024-09-02 18:29:05,0.05212
2024-09-02 18:29:06,0.023952
2024-09-02 18:29:07,0.014888
2024-09-02 18:29:08,0.035968
2024-09-02 18:29:09,0.039752
2024-09-02 18:29:10,0.035216
2024-09-02 18:29:11,0.035328
2024-09-02 18:29:12,0.027872
2024-09-02 18:29:13,0.018088
2024-09-02 18:29:14,0.137424
2024-09-02 18:29:15,0.145584
2024-09-02 18:29:16,0.033776
2024-09-02 18:29:17,0.072696
2024-09-02 18:29:18,0.062952
2024-09-02 18:29:19,0.028592
2024-09-02 18:29:20,0.11076
2024-09-02 18:29:21,0.249032
2024-09-02 18:29:22,0.143472
2024-09-02 18:29:23,0.163568
2024-09-02 18:29:24,0.34108
2024-09-02 18:29:25,0.285088
2024-09-02 18:29:26,0.321624
2024-09-02 18:29:27,0.338984
2024-09-02 18:29:28,0.279512
2024-09-02 18:29:29,0.199296
2024-09-02 18:29:30,0.3324
2024-09-02 18:29:31,0.181168
2024-09-02 18:29:32,0.203952
2024-09-02 18:29:33,0.290264
2024-09-02 18:29:34,0.164208
2024-09-02 18:29:35,0.145784
2024-09-02 18:29:36,0.235128
2024-09-02 18:29:37,0.122672
2024-09-02 18:29:38,0.118824
2024-09-02 18:29:39,0.116224
2024-09-02 18:29:40,0.11588
2024-09-02 18:29:41,0.067152
2024-09-02 18:29:42,0.027024
2024-09-02 18:29:43,0.061536
2024-09-02 18:29:44,0.263512
2024-09-02 18:29:45,0.034272
2024-09-02 18:29:46,0.28964
2024-09-02 18:29:47,0.069112
2024-09-02 18:29:48,0.047072
2024-09-02 18:29:49,0.030064
2024-09-02 18:29:50,0.036984
2024-09-02 18:29:51,0.016848
2024-09-02 18:29:52,0.028904
2024-09-02 18:29:53,0.021056
2024-09-02 18:29:54,0.013968
2024-09-02 18:29:55,0.039832
2024-09-02 18:29:56,0.011856
2024-09-02 18:29:57,0.026752
2024-09-02 18:29:58,0.041144
2024-09-02 18:29:59,0.018304
2024-09-02 18:30:00,0.010712
2024-09-02 18:30:01,0.020312
2024-09-02 18:30:02,0.01188
2024-09-02 18:30:03,0.022408
2024-09-02 18:30:04,0.02828
2024-09-02 18:30:05,0.017064
2024-09-02 18:30:06,0.040592
2024-09-02 18:30:07,0.012392
2024-09-02 18:30:08,0.023312
2024-09-02 18:30:09,0.021288
2024-09-02 18:30:10,0.016696
2024-09-02 18:30:11,0.015176
2024-09-02 18:30:12,0.021536
2024-09-02 18:30:13,0.026504
2024-09-02 18:30:14,0.029472
2024-09-02 18:30:15,0.016248
2024-09-02 18:30:16,0.146808
2024-09-02 18:30:17,0.22724
2024-09-02 18:30:18,0.030088
2024-09-02 18:30:19,0.0742
2024-09-02 18:30:20,0.038208
2024-09-02 18:30:21,0.023504
2024-09-02 18:30:22,0.088976
2024-09-02 18:30:23,0.231024
2024-09-02 18:30:24,0.19348
2024-09-02 18:30:25,0.228056
2024-09-02 18:30:26,0.346248
2024-09-02 18:30:27,0.25688
2024-09-02 18:30:28,0.334104
2024-09-02 18:30:29,0.33928
2024-09-02 18:30:30,0.273248
2024-09-02 18:30:31,0.21736
2024-09-02 18:30:32,0.220616
2024-09-02 18:30:33,0.240416
2024-09-02 18:30:34,0.232
2024-09-02 18:30:35,0.221312
2024-09-02 18:30:36,0.215008
2024-09-02 18:30:37,0.131944
2024-09-02 18:30:38,0.14932
2024-09-02 18:30:39,0.183336
2024-09-02 18:30:40,0.227776
2024-09-02 18:30:41,0.179752
2024-09-02 18:30:42,0.10756
2024-09-02 18:30:43,0.081864
2024-09-02 18:30:44,0.072624
2024-09-02 18:30:45,0.062344
2024-09-02 18:30:46,0.074584
2024-09-02 18:30:47,0.075344
2024-09-02 18:30:48,0.039504
2024-09-02 18:30:49,0.014264
2024-09-02 18:30:50,0.086904
2024-09-02 18:30:51,0.260104
2024-09-02 18:30:52,0.041656
2024-09-02 18:30:53,0.107344
2024-09-02 18:30:54,0.05428
2024-09-02 18:30:55,0.045848
2024-09-02 18:30:56,0.03236
2024-09-02 18:30:57,0.018632
2024-09-02 18:30:58,0.022448
2024-09-02 18:30:59,0.04488
2024-09-02 18:31:00,0.040568
2024-09-02 18:31:01,0.053592
2024-09-02 18:31:02,0.057256
2024-09-02 18:31:03,0.05624
2024-09-02 18:31:04,0.053992
2024-09-02 18:31:05,0.057272
2024-09-02 18:31:06,0.049288
2024-09-02 18:31:07,0.0598
2024-09-02 18:31:08,0.040832
2024-09-02 18:31:09,0.026728
2024-09-02 18:31:10,0.043952
2024-09-02 18:31:11,0.059968
2024-09-02 18:31:12,0.053096
2024-09-02 18:31:13,0.042488
2024-09-02 18:31:14,0.031696
2024-09-02 18:31:15,0.053888
2024-09-02 18:31:16,0.061056
2024-09-02 18:31:17,0.07032
2024-09-02 18:31:18,0.068384
2024-09-02 18:31:19,0.058584
2024-09-02 18:31:20,0.05124
2024-09-02 18:31:21,0.036184
2024-09-02 18:31:22,0.037984
2024-09-02 18:31:23,0.040096
2024-09-02 18:31:24,0.045312
2024-09-02 18:31:25,0.0392
2024-09-02 18:31:26,0.087344
2024-09-02 18:31:27,0.0312
2024-09-02 18:31:28,0.20888
2024-09-02 18:31:29,0.084784
2024-09-02 18:31:30,0.040544
2024-09-02 18:31:31,0.044672
2024-09-02 18:31:32,0.026712
2024-09-02 18:31:33,0.023096
2024-09-02 18:31:34,0.053264
2024-09-02 18:31:35,0.033032
2024-09-02 18:31:36,0.033024
2024-09-02 18:31:37,0.02436
2024-09-02 18:31:38,0.034912
2024-09-02 18:31:39,0.018976
2024-09-02 18:31:40,0.045088
2024-09-02 18:31:41,0.016448
2024-09-02 18:31:42,0.01324
2024-09-02 18:31:43,0.018152
2024-09-02 18:31:44,0.034888
2024-09-02 18:31:45,0.040648
2024-09-02 18:31:46,0.058856
2024-09-02 18:31:47,0.033208
2024-09-02 18:31:48,0.033224
2024-09-02 18:31:49,0.010712
2024-09-02 18:31:50,0.024568
2024-09-02 18:31:51,0.022944
2024-09-02 18:31:52,0.034616
2024-09-02 18:31:53,0.045152
2024-09-02 18:31:54,0.025736
2024-09-02 18:31:55,0.03004
2024-09-02 18:31:56,0.019664
2024-09-02 18:31:57,0.0252
2024-09-02 18:31:58,0.143712
2024-09-02 18:31:59,0.16816
2024-09-02 18:32:00,0.04768
2024-09-02 18:32:01,0.070064
2024-09-02 18:32:02,0.04608
2024-09-02 18:32:03,0.030456
2024-09-02 18:32:04,0.224536
2024-09-02 18:32:05,0.200944
2024-09-02 18:32:06,0.219256
2024-09-02 18:32:07,0.398672
2024-09-02 18:32:08,0.315608
2024-09-02 18:32:09,0.269768
2024-09-02 18:32:10,0.464984
2024-09-02 18:32:11,0.314616
2024-09-02 18:32:12,0.325656
2024-09-02 18:32:13,0.360008
2024-09-02 18:32:14,0.30528
2024-09-02 18:32:15,0.238952
2024-09-02 18:32:16,0.288464
2024-09-02 18:32:17,0.264616
2024-09-02 18:32:18,0.209328
2024-09-02 18:32:19,0.245696
2024-09-02 18:32:20,0.215464
2024-09-02 18:32:21,0.167216
2024-09-02 18:32:22,0.239912
2024-09-02 18:32:23,0.119584
2024-09-02 18:32:24,0.129952
2024-09-02 18:32:25,0.13896
2024-09-02 18:32:26,0.166376
2024-09-02 18:32:27,0.132256
2024-09-02 18:32:28,0.142624
2024-09-02 18:32:29,0.149464
2024-09-02 18:32:30,0.1038
2024-09-02 18:32:31,0.122696
2024-09-02 18:32:32,0.120832
2024-09-02 18:32:33,0.09952
2024-09-02 18:32:34,0.070352
2024-09-02 18:32:35,0.094752
2024-09-02 18:32:36,0.03348
2024-09-02 18:32:37,0.065272
2024-09-02 18:32:38,0.278448
2024-09-02 18:32:39,0.062192
2024-09-02 18:32:40,0.293312
2024-09-02 18:32:41,0.07708
2024-09-02 18:32:42,0.05312
2024-09-02 18:32:43,0.055656
2024-09-02 18:32:44,0.050432
2024-09-02 18:32:45,0.022072
2024-09-02 18:32:46,0.021064
2024-09-02 18:32:47,0.021056
2024-09-02 18:32:48,0.01568
2024-09-02 18:32:49,0.056672
2024-09-02 18:32:50,0.028664
2024-09-02 18:32:51,0.025112
2024-09-02 18:32:52,0.022536
2024-09-02 18:32:53,0.028816
2024-09-02 18:32:54,0.022168
2024-09-02 18:32:55,0.042424
2024-09-02 18:32:56,0.037408
2024-09-02 18:32:57,0.024064
2024-09-02 18:32:58,0.010712
2024-09-02 18:32:59,0.02632
2024-09-02 18:33:00,0.016192
2024-09-02 18:33:01,0.01796
2024-09-02 18:33:02,0.018088
2024-09-02 18:33:03,0.016192
2024-09-02 18:33:04,0.029016
2024-09-02 18:33:05,0.030616
2024-09-02 18:33:06,0.014808
2024-09-02 18:33:07,0.026304
2024-09-02 18:33:08,0.012456
2024-09-02 18:33:09,0.02
2024-09-02 18:33:10,0.130176
2024-09-02 18:33:11,0.16836
2024-09-02 18:33:12,0.033416
2024-09-02 18:33:13,0.063472
2024-09-02 18:33:14,0.044712
2024-09-02 18:33:15,0.032432
2024-09-02 18:33:16,0.207584
2024-09-02 18:33:17,0.170296
2024-09-02 18:33:18,0.222592
2024-09-02 18:33:19,0.351808
2024-09-02 18:33:20,0.28604
2024-09-02 18:33:21,0.341968
2024-09-02 18:33:22,0.458792
2024-09-02 18:33:23,0.344144
2024-09-02 18:33:24,0.322368
2024-09-02 18:33:25,0.33068
2024-09-02 18:33:26,0.282216
2024-09-02 18:33:27,0.237864
2024-09-02 18:33:28,0.333272
2024-09-02 18:33:29,0.285024
2024-09-02 18:33:30,0.179344
2024-09-02 18:33:31,0.191056
2024-09-02 18:33:32,0.146984
2024-09-02 18:33:33,0.120088
2024-09-02 18:33:34,0.14448
2024-09-02 18:33:35,0.088592
2024-09-02 18:33:36,0.09028
2024-09-02 18:33:37,0.077928
2024-09-02 18:33:38,0.07576
2024-09-02 18:33:39,0.072752
2024-09-02 18:33:40,0.070184
2024-09-02 18:33:41,0.055792
2024-09-02 18:33:42,0.0622
2024-09-02 18:33:43,0.02396
2024-09-02 18:33:44,0.040496
2024-09-02 18:33:45,0.040432
2024-09-02 18:33:46,0.03112
2024-09-02 18:33:47,0.285088
2024-09-02 18:33:48,0.118544
2024-09-02 18:33:49,0.368912
2024-09-02 18:33:50,0.09132
2024-09-02 18:33:51,0.03544
2024-09-02 18:33:52,0.044592
2024-09-02 18:33:53,0.027
2024-09-02 18:33:54,0.056928
2024-09-02 18:33:55,0.058384
2024-09-02 18:33:56,0.069144
2024-09-02 18:33:57,0.020888
2024-09-02 18:33:58,0.03048
2024-09-02 18:33:59,0.036416
2024-09-02 18:34:00,0.021032
2024-09-02 18:34:01,0.047824
2024-09-02 18:34:02,0.041248
2024-09-02 18:34:03,0.064952
2024-09-02 18:34:04,0.0268
2024-09-02 18:34:05,0.037528
2024-09-02 18:34:06,0.023392
2024-09-02 18:34:07,0.016768
2024-09-02 18:34:08,0.048296
2024-09-02 18:34:09,0.182808
2024-09-02 18:34:10,0.06156
2024-09-02 18:34:11,0.04064
2024-09-02 18:34:12,0.14228
2024-09-02 18:34:13,0.25888
2024-09-02 18:34:14,0.246
2024-09-02 18:34:15,0.235256
2024-09-02 18:34:16,0.314496
2024-09-02 18:34:17,0.39512
2024-09-02 18:34:18,0.384184
2024-09-02 18:34:19,0.365904
2024-09-02 18:34:20,0.218896
2024-09-02 18:34:21,0.172544
2024-09-02 18:34:22,0.136072
2024-09-02 18:34:23,0.208552
2024-09-02 18:34:24,0.104472
2024-09-02 18:34:25,0.063832
2024-09-02 18:34:26,0.350928
2024-09-02 18:34:27,0.203304
2024-09-02 18:34:28,0.219536
2024-09-02 18:34:29,0.033224
2024-09-02 18:34:30,0.030448
2024-09-02 18:34:31,0.08168
2024-09-02 18:34:32,0.080336
2024-09-02 18:34:33,0.04356
2024-09-02 18:34:34,0.074064
2024-09-02 18:34:35,0.066104
2024-09-02 18:34:36,0.100504
2024-09-02 18:34:37,0.092576
2024-09-02 18:34:38,0.097664
2024-09-02 18:34:39,0.042832
2024-09-02 18:34:40,0.027864
2024-09-02 18:34:41,0.026376
2024-09-02 18:34:42,0.021112
2024-09-02 18:34:43,0.02148
2024-09-02 18:34:44,0.02832
2024-09-02 18:34:45,0.034864
2024-09-02 18:34:46,0.026408
2024-09-02 18:34:47,0.03252
2024-09-02 18:34:48,0.013368
2024-09-02 18:34:49,0.021024
2024-09-02 18:34:50,0.049944
2024-09-02 18:34:51,0.058952
2024-09-02 18:34:52,0.043936
2024-09-02 18:34:53,0.018648
2024-09-02 18:34:54,0.039104
2024-09-02 18:34:55,0.042336
2024-09-02 18:34:56,0.028336
2024-09-02 18:34:57,0.157928
2024-09-02 18:34:58,0.218896
2024-09-02 18:34:59,0.033816
2024-09-02 18:35:00,0.085
2024-09-02 18:35:01,0.041032
2024-09-02 18:35:02,0.044176
2024-09-02 18:35:03,0.167808
2024-09-02 18:35:04,0.274128
2024-09-02 18:35:05,0.245792
2024-09-02 18:35:06,0.307816
2024-09-02 18:35:07,0.420752
2024-09-02 18:35:08,0.434216
2024-09-02 18:35:09,0.377816
2024-09-02 18:35:10,0.353904
2024-09-02 18:35:11,0.399224
2024-09-02 18:35:12,0.322184
2024-09-02 18:35:13,0.312064
2024-09-02 18:35:14,0.321696
2024-09-02 18:35:15,0.305288
2024-09-02 18:35:16,0.237328
2024-09-02 18:35:17,0.277504
2024-09-02 18:35:18,0.222888
2024-09-02 18:35:19,0.194656
2024-09-02 18:35:20,0.230632
2024-09-02 18:35:21,0.216296
2024-09-02 18:35:22,0.155552
2024-09-02 18:35:23,0.138864
2024-09-02 18:35:24,0.17476
2024-09-02 18:35:25,0.191448
2024-09-02 18:35:26,0.189936
2024-09-02 18:35:27,0.156824
2024-09-02 18:35:28,0.159496
2024-09-02 18:35:29,0.1682
2024-09-02 18:35:30,0.126392
2024-09-02 18:35:31,0.134888
2024-09-02 18:35:32,0.155336
2024-09-02 18:35:33,0.155768
2024-09-02 18:35:34,0.147352
2024-09-02 18:35:35,0.054904
2024-09-02 18:35:36,0.050088
2024-09-02 18:35:37,0.289536
2024-09-02 18:35:38,0.072
2024-09-02 18:35:39,0.036624
2024-09-02 18:35:40,0.332688
2024-09-02 18:35:41,0.058744
2024-09-02 18:35:42,0.016808
2024-09-02 18:35:43,0.013208
2024-09-02 18:35:44,0.014352
2024-09-02 18:35:45,0.01544
2024-09-02 18:35:46,0.064112
2024-09-02 18:35:47,0.04948
2024-09-02 18:35:48,0.03456
2024-09-02 18:35:49,0.043064
2024-09-02 18:35:50,0.052696
2024-09-02 18:35:51,0.023712
2024-09-02 18:35:52,0.036568
2024-09-02 18:35:53,0.020768
2024-09-02 18:35:54,0.036232
2024-09-02 18:35:55,0.026808
2024-09-02 18:35:56,0.014464
2024-09-02 18:35:57,0.035672
2024-09-02 18:35:58,0.018832
2024-09-02 18:35:59,0.038552
2024-09-02 18:36:00,0.034024
2024-09-02 18:36:01,0.045832
2024-09-02 18:36:02,0.052344
2024-09-02 18:36:03,0.043776
2024-09-02 18:36:04,0.078784
2024-09-02 18:36:05,0.056584
2024-09-02 18:36:06,0.057056
2024-09-02 18:36:07,0.03344
2024-09-02 18:36:08,0.056648
2024-09-02 18:36:09,0.049528
2024-09-02 18:36:10,0.028224
2024-09-02 18:36:11,0.033904
2024-09-02 18:36:12,0.068672
2024-09-02 18:36:13,0.050232
2024-09-02 18:36:14,0.039904
2024-09-02 18:36:15,0.035448
2024-09-02 18:36:16,0.016624
2024-09-02 18:36:17,0.030616
2024-09-02 18:36:18,0.034768
2024-09-02 18:36:19,0.043472
2024-09-02 18:36:20,0.037736
2024-09-02 18:36:21,0.018704
2024-09-02 18:36:22,0.01976
2024-09-02 18:36:23,0.023904
2024-09-02 18:36:24,0.042648
2024-09-02 18:36:25,0.028672
2024-09-02 18:36:26,0.034736
2024-09-02 18:36:27,0.016392
2024-09-02 18:36:28,0.01396
2024-09-02 18:36:29,0.03548
2024-09-02 18:36:30,0.153616
2024-09-02 18:36:31,0.214984
2024-09-02 18:36:32,0.019384
2024-09-02 18:36:33,0.07732
2024-09-02 18:36:34,0.068064
2024-09-02 18:36:35,0.028896
2024-09-02 18:36:36,0.23536
2024-09-02 18:36:37,0.345744
2024-09-02 18:36:38,0.289
2024-09-02 18:36:39,0.291264
2024-09-02 18:36:40,0.474384
2024-09-02 18:36:41,0.411032
2024-09-02 18:36:42,0.385856
2024-09-02 18:36:43,0.500592
2024-09-02 18:36:44,0.400296
2024-09-02 18:36:45,0.312352
2024-09-02 18:36:46,0.368936
2024-09-02 18:36:47,0.371296
2024-09-02 18:36:48,0.303936
2024-09-02 18:36:49,0.405856
2024-09-02 18:36:50,0.361848
2024-09-02 18:36:51,0.262544
2024-09-02 18:36:52,0.210632
2024-09-02 18:36:53,0.240328
2024-09-02 18:36:54,0.208056
2024-09-02 18:36:55,0.218784
2024-09-02 18:36:56,0.175496
2024-09-02 18:36:57,0.225544
2024-09-02 18:36:58,0.201104
2024-09-02 18:36:59,0.149472
2024-09-02 18:37:00,0.154536
2024-09-02 18:37:01,0.033336
2024-09-02 18:37:02,0.120944
2024-09-02 18:37:03,0.314552
2024-09-02 18:37:04,0.059088
2024-09-02 18:37:05,0.26796
2024-09-02 18:37:06,0.119416
2024-09-02 18:37:07,0.096912
2024-09-02 18:37:08,0.037544
2024-09-02 18:37:09,0.0482
2024-09-02 18:37:10,0.050968
2024-09-02 18:37:11,0.034584
2024-09-02 18:37:12,0.037592
2024-09-02 18:37:13,0.022784
2024-09-02 18:37:14,0.03992
2024-09-02 18:37:15,0.040408
2024-09-02 18:37:16,0.024928
2024-09-02 18:37:17,0.02128
2024-09-02 18:37:18,0.027464
2024-09-02 18:37:19,0.046152
2024-09-02 18:37:20,0.027744
2024-09-02 18:37:21,0.02232
2024-09-02 18:37:22,0.020368
2024-09-02 18:37:23,0.018424
2024-09-02 18:37:24,0.017384
2024-09-02 18:37:25,0.023968
2024-09-02 18:37:26,0.023192
2024-09-02 18:37:27,0.016128
2024-09-02 18:37:28,0.027272
2024-09-02 18:37:29,0.062144
2024-09-02 18:37:30,0.03696
2024-09-02 18:37:31,0.0234
2024-09-02 18:37:32,0.013088
2024-09-02 18:37:33,0.032664
2024-09-02 18:37:34,0.026672
2024-09-02 18:37:35,0.13692
2024-09-02 18:37:36,0.23832
2024-09-02 18:37:37,0.065296
2024-09-02 18:37:38,0.070168
2024-09-02 18:37:39,0.043648
2024-09-02 18:37:40,0.034248
2024-09-02 18:37:41,0.084928
2024-09-02 18:37:42,0.262872
2024-09-02 18:37:43,0.269864
2024-09-02 18:37:44,0.302912
2024-09-02 18:37:45,0.352536
2024-09-02 18:37:46,0.403712
2024-09-02 18:37:47,0.411072
2024-09-02 18:37:48,0.42956
2024-09-02 18:37:49,0.463856
2024-09-02 18:37:50,0.367688
2024-09-02 18:37:51,0.291584
2024-09-02 18:37:52,0.40296
2024-09-02 18:37:53,0.307696
2024-09-02 18:37:54,0.289352
2024-09-02 18:37:55,0.309944
2024-09-02 18:37:56,0.328768
2024-09-02 18:37:57,0.235592
2024-09-02 18:37:58,0.301112
2024-09-02 18:37:59,0.243264
2024-09-02 18:38:00,0.219312
2024-09-02 18:38:01,0.234664
2024-09-02 18:38:02,0.216632
2024-09-02 18:38:03,0.180968
2024-09-02 18:38:04,0.238168
2024-09-02 18:38:05,0.195216
2024-09-02 18:38:06,0.23484
2024-09-02 18:38:07,0.167328
2024-09-02 18:38:08,0.081616
2024-09-02 18:38:09,0.108024
2024-09-02 18:38:10,0.03676
2024-09-02 18:38:11,0.04136
2024-09-02 18:38:12,0.010712
2024-09-02 18:38:13,0.072896
2024-09-02 18:38:14,0.31824
2024-09-02 18:38:15,0.059144
2024-09-02 18:38:16,0.080944
2024-09-02 18:38:17,0.048536
2024-09-02 18:38:18,0.048
2024-09-02 18:38:19,0.031448
2024-09-02 18:38:20,0.019248
2024-09-02 18:38:21,0.018336
2024-09-02 18:38:22,0.038408
2024-09-02 18:38:23,0.028984
2024-09-02 18:38:24,0.024608
2024-09-02 18:38:25,0.032176
2024-09-02 18:38:26,0.04668
2024-09-02 18:38:27,0.021576
2024-09-02 18:38:28,0.034184
2024-09-02 18:38:29,0.029168
2024-09-02 18:38:30,0.038472
2024-09-02 18:38:31,0.052568
2024-09-02 18:38:32,0.036
2024-09-02 18:38:33,0.045832
2024-09-02 18:38:34,0.056536
2024-09-02 18:38:35,0.059064
2024-09-02 18:38:36,0.056648
2024-09-02 18:38:37,0.05572
2024-09-02 18:38:38,0.054712
2024-09-02 18:38:39,0.057608
2024-09-02 18:38:40,0.061984
2024-09-02 18:38:41,0.06836
2024-09-02 18:38:42,0.064888
2024-09-02 18:38:43,0.062968
2024-09-02 18:38:44,0.075216
2024-09-02 18:38:45,0.07044
2024-09-02 18:38:46,0.050592
2024-09-02 18:38:47,0.043176
2024-09-02 18:38:48,0.0424
2024-09-02 18:38:49,0.101312
2024-09-02 18:38:50,0.038392
2024-09-02 18:38:51,0.135728
2024-09-02 18:38:52,0.127872
2024-09-02 18:38:53,0.089704
2024-09-02 18:38:54,0.035232
2024-09-02 18:38:55,0.035368
2024-09-02 18:38:56,0.022952
2024-09-02 18:38:57,0.081536
2024-09-02 18:38:58,0.099608
2024-09-02 18:38:59,0.086
2024-09-02 18:39:00,0.041168
2024-09-02 18:39:01,0.035944
2024-09-02 18:39:02,0.038768
2024-09-02 18:39:03,0.046096
2024-09-02 18:39:04,0.095712
2024-09-02 18:39:05,0.069968
2024-09-02 18:39:06,0.031384
2024-09-02 18:39:07,0.032488
2024-09-02 18:39:08,0.033464
2024-09-02 18:39:09,0.059984
2024-09-02 18:39:10,0.042
2024-09-02 18:39:11,0.04108
2024-09-02 18:39:12,0.023664
2024-09-02 18:39:13,0.020968
2024-09-02 18:39:14,0.023896
2024-09-02 18:39:15,0.018888
2024-09-02 18:39:16,0.025256
2024-09-02 18:39:17,0.024224
2024-09-02 18:39:18,0.019856
2024-09-02 18:39:19,0.02276
2024-09-02 18:39:20,0.011344
2024-09-02 18:39:21,0.138328
2024-09-02 18:39:22,0.216248
2024-09-02 18:39:23,0.071168
2024-09-02 18:39:24,0.053616
2024-09-02 18:39:25,0.060024
2024-09-02 18:39:26,0.036472
2024-09-02 18:39:27,0.110312
2024-09-02 18:39:28,0.212328
2024-09-02 18:39:29,0.318904
2024-09-02 18:39:30,0.257192
2024-09-02 18:39:31,0.274104
2024-09-02 18:39:32,0.440376
2024-09-02 18:39:33,0.454
2024-09-02 18:39:34,0.482056
2024-09-02 18:39:35,0.489472
2024-09-02 18:39:36,0.330328
2024-09-02 18:39:37,0.377344
2024-09-02 18:39:38,0.365712
2024-09-02 18:39:39,0.311072
2024-09-02 18:39:40,0.404504
2024-09-02 18:39:41,0.328464
2024-09-02 18:39:42,0.285144
2024-09-02 18:39:43,0.301504
2024-09-02 18:39:44,0.332512
2024-09-02 18:39:45,0.226944
2024-09-02 18:39:46,0.221024
2024-09-02 18:39:47,0.23724
2024-09-02 18:39:48,0.166472
2024-09-02 18:39:49,0.2246
2024-09-02 18:39:50,0.134208
2024-09-02 18:39:51,0.16964
2024-09-02 18:39:52,0.152144
2024-09-02 18:39:53,0.099544
2024-09-02 18:39:54,0.064616
2024-09-02 18:39:55,0.047584
2024-09-02 18:39:56,0.045688
2024-09-02 18:39:57,0.014416
2024-09-02 18:39:58,0.037944
2024-09-02 18:39:59,0.060944
2024-09-02 18:40:00,0.346616
2024-09-02 18:40:01,0.037608
2024-09-02 18:40:02,0.348112
2024-09-02 18:40:03,0.104896
2024-09-02 18:40:04,0.053432
2024-09-02 18:40:05,0.041
2024-09-02 18:40:06,0.036408
2024-09-02 18:40:07,0.070616
2024-09-02 18:40:08,0.0268
2024-09-02 18:40:09,0.034168
2024-09-02 18:40:10,0.0394
2024-09-02 18:40:11,0.052896
2024-09-02 18:40:12,0.044432
2024-09-02 18:40:13,0.082896
2024-09-02 18:40:14,0.043224
2024-09-02 18:40:15,0.03572
2024-09-02 18:40:16,0.045176
2024-09-02 18:40:17,0.019856
2024-09-02 18:40:18,0.037544
2024-09-02 18:40:19,0.035672
2024-09-02 18:40:20,0.029848
2024-09-02 18:40:21,0.030432
2024-09-02 18:40:22,0.022064
2024-09-02 18:40:23,0.01608
2024-09-02 18:40:24,0.013728
2024-09-02 18:40:25,0.014272
2024-09-02 18:40:26,0.036344
2024-09-02 18:40:27,0.026
2024-09-02 18:40:28,0.023432
2024-09-02 18:40:29,0.020584
2024-09-02 18:40:30,0.0206
2024-09-02 18:40:31,0.016336
2024-09-02 18:40:32,0.178384
2024-09-02 18:40:33,0.23148
2024-09-02 18:40:34,0.024336
2024-09-02 18:40:35,0.09092
2024-09-02 18:40:36,0.034016
2024-09-02 18:40:37,0.022792
2024-09-02 18:40:38,0.220608
2024-09-02 18:40:39,0.330024
2024-09-02 18:40:40,0.315816
2024-09-02 18:40:41,0.386
2024-09-02 18:40:42,0.503856
2024-09-02 18:40:43,0.53016
2024-09-02 18:40:44,0.442536
2024-09-02 18:40:45,0.478024
2024-09-02 18:40:46,0.448864
2024-09-02 18:40:47,0.369088
2024-09-02 18:40:48,0.312544
2024-09-02 18:40:49,0.368664
2024-09-02 18:40:50,0.32312
2024-09-02 18:40:51,0.318712
2024-09-02 18:40:52,0.46916
2024-09-02 18:40:53,0.33976
2024-09-02 18:40:54,0.20468
2024-09-02 18:40:55,0.320048
2024-09-02 18:40:56,0.205152
2024-09-02 18:40:57,0.172056
2024-09-02 18:40:58,0.231896
2024-09-02 18:40:59,0.194216
2024-09-02 18:41:00,0.184272
2024-09-02 18:41:01,0.263664
2024-09-02 18:41:02,0.2298
2024-09-02 18:41:03,0.137984
2024-09-02 18:41:04,0.140184
2024-09-02 18:41:05,0.148192
2024-09-02 18:41:06,0.168392
2024-09-02 18:41:07,0.154008
2024-09-02 18:41:08,0.164888
2024-09-02 18:41:09,0.040464
2024-09-02 18:41:10,0.039912
2024-09-02 18:41:11,0.0202
2024-09-02 18:41:12,0.022752
2024-09-02 18:41:13,0.014272
2024-09-02 18:41:14,0.066352
2024-09-02 18:41:15,0.2992
2024-09-02 18:41:16,0.05472
2024-09-02 18:41:17,0.031024
2024-09-02 18:41:18,0.447
2024-09-02 18:41:19,0.074192
2024-09-02 18:41:20,0.0392
2024-09-02 18:41:21,0.045064
2024-09-02 18:41:22,0.025608
2024-09-02 18:41:23,0.047352
2024-09-02 18:41:24,0.055944
2024-09-02 18:41:25,0.018384
2024-09-02 18:41:26,0.012776
2024-09-02 18:41:27,0.01732
2024-09-02 18:41:28,0.01336
2024-09-02 18:41:29,0.018432
2024-09-02 18:41:30,0.03268
2024-09-02 18:41:31,0.035592
2024-09-02 18:41:32,0.025952
2024-09-02 18:41:33,0.022824
2024-09-02 18:41:34,0.021136
2024-09-02 18:41:35,0.026824
2024-09-02 18:41:36,0.013312
2024-09-02 18:41:37,0.150848
2024-09-02 18:41:38,0.03184
2024-09-02 18:41:39,0.037112
2024-09-02 18:41:40,0.02592
2024-09-02 18:41:41,0.207912
2024-09-02 18:41:42,0.245384
2024-09-02 18:41:43,0.200128
2024-09-02 18:41:44,0.236856
2024-09-02 18:41:45,0.463152
2024-09-02 18:41:46,0.420104
2024-09-02 18:41:47,0.452144
2024-09-02 18:41:48,0.498784
2024-09-02 18:41:49,0.404208
2024-09-02 18:41:50,0.326288
2024-09-02 18:41:51,0.268048
2024-09-02 18:41:52,0.19744
2024-09-02 18:41:53,0.13164
2024-09-02 18:41:54,0.129392
2024-09-02 18:41:55,0.102272
2024-09-02 18:41:56,0.373064
2024-09-02 18:41:57,0.269448
2024-09-02 18:41:58,0.225128
2024-09-02 18:41:59,0.080272
2024-09-02 18:42:00,0.020656
2024-09-02 18:42:01,0.077504
2024-09-02 18:42:02,0.05496
2024-09-02 18:42:03,0.043608
2024-09-02 18:42:04,0.044872
2024-09-02 18:42:05,0.030056
2024-09-02 18:42:06,0.037048
2024-09-02 18:42:07,0.033656
2024-09-02 18:42:08,0.025232
2024-09-02 18:42:09,0.045176
2024-09-02 18:42:10,0.023424
2024-09-02 18:42:11,0.04436
2024-09-02 18:42:12,0.042136
2024-09-02 18:42:13,0.03512
2024-09-02 18:42:14,0.015648
2024-09-02 18:42:15,0.031
2024-09-02 18:42:16,0.030208
2024-09-02 18:42:17,0.033496
2024-09-02 18:42:18,0.062008
2024-09-02 18:42:19,0.040664
2024-09-02 18:42:20,0.037344
2024-09-02 18:42:21,0.0436
2024-09-02 18:42:22,0.03776
2024-09-02 18:42:23,0.028712
2024-09-02 18:42:24,0.048232
2024-09-02 18:42:25,0.04828
2024-09-02 18:42:26,0.048088
2024-09-02 18:42:27,0.183512
2024-09-02 18:42:28,0.204968
2024-09-02 18:42:29,0.064216
2024-09-02 18:42:30,0.057992
2024-09-02 18:42:31,0.07664
2024-09-02 18:42:32,0.0552
2024-09-02 18:42:33,0.189216
2024-09-02 18:42:34,0.211288
2024-09-02 18:42:35,0.261832
2024-09-02 18:42:36,0.394576
2024-09-02 18:42:37,0.409088
2024-09-02 18:42:38,0.516672
2024-09-02 18:42:39,0.602328
2024-09-02 18:42:40,0.494176
2024-09-02 18:42:41,0.452312
2024-09-02 18:42:42,0.583008
2024-09-02 18:42:43,0.481408
2024-09-02 18:42:44,0.398096
2024-09-02 18:42:45,0.413312
2024-09-02 18:42:46,0.498688
2024-09-02 18:42:47,0.357808
2024-09-02 18:42:48,0.370104
2024-09-02 18:42:49,0.275544
2024-09-02 18:42:50,0.205632
2024-09-02 18:42:51,0.249304
2024-09-02 18:42:52,0.177696
2024-09-02 18:42:53,0.180464
2024-09-02 18:42:54,0.189664
2024-09-02 18:42:55,0.199384
2024-09-02 18:42:56,0.173968
2024-09-02 18:42:57,0.040048
2024-09-02 18:42:58,0.058176
2024-09-02 18:42:59,0.301488
2024-09-02 18:43:00,0.065016
2024-09-02 18:43:01,0.24764
2024-09-02 18:43:02,0.127608
2024-09-02 18:43:03,0.079792
2024-09-02 18:43:04,0.032096
2024-09-02 18:43:05,0.031656
2024-09-02 18:43:06,0.025776
2024-09-02 18:43:07,0.030272
2024-09-02 18:43:08,0.046272
2024-09-02 18:43:09,0.022264
2024-09-02 18:43:10,0.047872
2024-09-02 18:43:11,0.035536
2024-09-02 18:43:12,0.022904
2024-09-02 18:43:13,0.036528
2024-09-02 18:43:14,0.025104
2024-09-02 18:43:15,0.029344
2024-09-02 18:43:16,0.01596
2024-09-02 18:43:17,0.0374
2024-09-02 18:43:18,0.021288
2024-09-02 18:43:19,0.019984
2024-09-02 18:43:20,0.017592
2024-09-02 18:43:21,0.026568
2024-09-02 18:43:22,0.018008
2024-09-02 18:43:23,0.044032
2024-09-02 18:43:24,0.025392
2024-09-02 18:43:25,0.07408
2024-09-02 18:43:26,0.029672
2024-09-02 18:43:27,0.038128
2024-09-02 18:43:28,0.031744
2024-09-02 18:43:29,0.042864
2024-09-02 18:43:30,0.081192
2024-09-02 18:43:31,0.118992
2024-09-02 18:43:32,0.201432
2024-09-02 18:43:33,0.077728
2024-09-02 18:43:34,0.043752
2024-09-02 18:43:35,0.07524
2024-09-02 18:43:36,0.040104
2024-09-02 18:43:37,0.084984
2024-09-02 18:43:38,0.235448
2024-09-02 18:43:39,0.288352
2024-09-02 18:43:40,0.291336
2024-09-02 18:43:41,0.304208
2024-09-02 18:43:42,0.551744
2024-09-02 18:43:43,0.537024
2024-09-02 18:43:44,0.468608
2024-09-02 18:43:45,0.490144
2024-09-02 18:43:46,0.443304
2024-09-02 18:43:47,0.491856
2024-09-02 18:43:48,0.52236
2024-09-02 18:43:49,0.481536
2024-09-02 18:43:50,0.384544
2024-09-02 18:43:51,0.38972
2024-09-02 18:43:52,0.320216
2024-09-02 18:43:53,0.268832
2024-09-02 18:43:54,0.227344
2024-09-02 18:43:55,0.22808
2024-09-02 18:43:56,0.198616
2024-09-02 18:43:57,0.220208
2024-09-02 18:43:58,0.319992
2024-09-02 18:43:59,0.200424
2024-09-02 18:44:00,0.153928
2024-09-02 18:44:01,0.151272
2024-09-02 18:44:02,0.151584
2024-09-02 18:44:03,0.159696
2024-09-02 18:44:04,0.218424
2024-09-02 18:44:05,0.272024
2024-09-02 18:44:06,0.096456
2024-09-02 18:44:07,0.046224
2024-09-02 18:44:08,0.04776
2024-09-02 18:44:09,0.026192
2024-09-02 18:44:10,0.053128
2024-09-02 18:44:11,0.298104
2024-09-02 18:44:12,0.037136
2024-09-02 18:44:13,0.275168
2024-09-02 18:44:14,0.06088
2024-09-02 18:44:15,0.039232
2024-09-02 18:44:16,0.02408
2024-09-02 18:44:17,0.065592
2024-09-02 18:44:18,0.02604
2024-09-02 18:44:19,0.01592
2024-09-02 18:44:20,0.036992
2024-09-02 18:44:21,0.071464
2024-09-02 18:44:22,0.023384
2024-09-02 18:44:23,0.0268
2024-09-02 18:44:24,0.059368
2024-09-02 18:44:25,0.023432
2024-09-02 18:44:26,0.019464
2024-09-02 18:44:27,0.019976
2024-09-02 18:44:28,0.039496
2024-09-02 18:44:29,0.033016
2024-09-02 18:44:30,0.023488
2024-09-02 18:44:31,0.023344
2024-09-02 18:44:32,0.051632
2024-09-02 18:44:33,0.027472
2024-09-02 18:44:34,0.017952
2024-09-02 18:44:35,0.025896
2024-09-02 18:44:36,0.01388
2024-09-02 18:44:37,0.082776
2024-09-02 18:44:38,0.02244
2024-09-02 18:44:39,0.01724
2024-09-02 18:44:40,0.021576
2024-09-02 18:44:41,0.027424
2024-09-02 18:44:42,0.01436
2024-09-02 18:44:43,0.1334
2024-09-02 18:44:44,0.211384
2024-09-02 18:44:45,0.03208
2024-09-02 18:44:46,0.073408
2024-09-02 18:44:47,0.0474
2024-09-02 18:44:48,0.027888
2024-09-02 18:44:49,0.23544
2024-09-02 18:44:50,0.222168
2024-09-02 18:44:51,0.244936
2024-09-02 18:44:52,0.44948
2024-09-02 18:44:53,0.375784
2024-09-02 18:44:54,0.528112
2024-09-02 18:44:55,0.50716
2024-09-02 18:44:56,0.515784
2024-09-02 18:44:57,0.4406
2024-09-02 18:44:58,0.458888
2024-09-02 18:44:59,0.52036
2024-09-02 18:45:00,0.436968
2024-09-02 18:45:01,0.395536
2024-09-02 18:45:02,0.446816
2024-09-02 18:45:03,0.390832
2024-09-02 18:45:04,0.328648
2024-09-02 18:45:05,0.316616
2024-09-02 18:45:06,0.203208
2024-09-02 18:45:07,0.175792
2024-09-02 18:45:08,0.148408
2024-09-02 18:45:09,0.075408
2024-09-02 18:45:10,0.10776
2024-09-02 18:45:11,0.12808
2024-09-02 18:45:12,0.04992
2024-09-02 18:45:13,0.037624
2024-09-02 18:45:14,0.030784
2024-09-02 18:45:15,0.03956
2024-09-02 18:45:16,0.238424
2024-09-02 18:45:17,0.049904
2024-09-02 18:45:18,0.090424
2024-09-02 18:45:19,0.04244
2024-09-02 18:45:20,0.047832
2024-09-02 18:45:21,0.030688
2024-09-02 18:45:22,0.024432
2024-09-02 18:45:23,0.026408
2024-09-02 18:45:24,0.032256
2024-09-02 18:45:25,0.041192
2024-09-02 18:45:26,0.034784
2024-09-02 18:45:27,0.0368
2024-09-02 18:45:28,0.03632
2024-09-02 18:45:29,0.0342
2024-09-02 18:45:30,0.052536
2024-09-02 18:45:31,0.055632
2024-09-02 18:45:32,0.062664
2024-09-02 18:45:33,0.070608
2024-09-02 18:45:34,0.060864
2024-09-02 18:45:35,0.058928
2024-09-02 18:45:36,0.065848
2024-09-02 18:45:37,0.05944
2024-09-02 18:45:38,0.058488
2024-09-02 18:45:39,0.058272
2024-09-02 18:45:40,0.050768
2024-09-02 18:45:41,0.04704
2024-09-02 18:45:42,0.052952
2024-09-02 18:45:43,0.049584
2024-09-02 18:45:44,0.051392
2024-09-02 18:45:45,0.1006
2024-09-02 18:45:46,0.021008
2024-09-02 18:45:47,0.113848
2024-09-02 18:45:48,0.076792
2024-09-02 18:45:49,0.043624
2024-09-02 18:45:50,0.030008
2024-09-02 18:45:51,0.038592
2024-09-02 18:45:52,0.044184
2024-09-02 18:45:53,0.048584
2024-09-02 18:45:54,0.025104
2024-09-02 18:45:55,0.06736
2024-09-02 18:45:56,0.021768
2024-09-02 18:45:57,0.039368
2024-09-02 18:45:58,0.0306
2024-09-02 18:45:59,0.020272
2024-09-02 18:46:00,0.028744
2024-09-02 18:46:01,0.052624
2024-09-02 18:46:02,0.028
2024-09-02 18:46:03,0.018848
2024-09-02 18:46:04,0.025112
2024-09-02 18:46:05,0.04272
2024-09-02 18:46:06,0.034856
2024-09-02 18:46:07,0.058408
2024-09-02 18:46:08,0.033792
2024-09-02 18:46:09,0.02612
2024-09-02 18:46:10,0.024944
2024-09-02 18:46:11,0.040416
2024-09-02 18:46:12,0.040568
2024-09-02 18:46:13,0.020256
2024-09-02 18:46:14,0.015888
2024-09-02 18:46:15,0.023128
2024-09-02 18:46:16,0.013272
2024-09-02 18:46:17,0.119424
2024-09-02 18:46:18,0.20368
2024-09-02 18:46:19,0.06844
2024-09-02 18:46:20,0.040736
2024-09-02 18:46:21,0.043328
2024-09-02 18:46:22,0.030264
2024-09-02 18:46:23,0.067624
2024-09-02 18:46:24,0.157168
2024-09-02 18:46:25,0.316408
2024-09-02 18:46:26,0.282992
2024-09-02 18:46:27,0.317936
2024-09-02 18:46:28,0.487688
2024-09-02 18:46:29,0.458296
2024-09-02 18:46:30,0.561728
2024-09-02 18:46:31,0.552824
2024-09-02 18:46:32,0.44876
2024-09-02 18:46:33,0.414496
2024-09-02 18:46:34,0.4228
2024-09-02 18:46:35,0.475992
2024-09-02 18:46:36,0.419792
2024-09-02 18:46:37,0.425552
2024-09-02 18:46:38,0.28456
2024-09-02 18:46:39,0.292792
2024-09-02 18:46:40,0.249376
2024-09-02 18:46:41,0.185992
2024-09-02 18:46:42,0.102728
2024-09-02 18:46:43,0.086472
2024-09-02 18:46:44,0.074368
2024-09-02 18:46:45,0.052624
2024-09-02 18:46:46,0.224336
2024-09-02 18:46:47,0.035192
2024-09-02 18:46:48,0.204712
2024-09-02 18:46:49,0.03952
2024-09-02 18:46:50,0.031936
2024-09-02 18:46:51,0.1026
2024-09-02 18:46:52,0.086432
2024-09-02 18:46:53,0.050016
2024-09-02 18:46:54,0.032968
2024-09-02 18:46:55,0.030104
2024-09-02 18:46:56,0.029072
2024-09-02 18:46:57,0.013016
2024-09-02 18:46:58,0.018
2024-09-02 18:46:59,0.013016
2024-09-02 18:47:00,0.03288
2024-09-02 18:47:01,0.02332
2024-09-02 18:47:02,0.014136
2024-09-02 18:47:03,0.025848
2024-09-02 18:47:04,0.013016
2024-09-02 18:47:05,0.031936
2024-09-02 18:47:06,0.02588
2024-09-02 18:47:07,0.015392
2024-09-02 18:47:08,0.014896
2024-09-02 18:47:09,0.015392
2024-09-02 18:47:10,0.032136
2024-09-02 18:47:11,0.016344
2024-09-02 18:47:12,0.016776
2024-09-02 18:47:13,0.018224
2024-09-02 18:47:14,0.02728
2024-09-02 18:47:15,0.016424
2024-09-02 18:47:16,0.020832
2024-09-02 18:47:17,0.013016
2024-09-02 18:47:18,0.092152
2024-09-02 18:47:19,0.15392
2024-09-02 18:47:20,0.030392
2024-09-02 18:47:21,0.04808
2024-09-02 18:47:22,0.043144
2024-09-02 18:47:23,0.027616
2024-09-02 18:47:24,0.167184
2024-09-02 18:47:25,0.197056
2024-09-02 18:47:26,0.231128
2024-09-02 18:47:27,0.35348
2024-09-02 18:47:28,0.369672
2024-09-02 18:47:29,0.36304
2024-09-02 18:47:30,0.373464
2024-09-02 18:47:31,0.455528
2024-09-02 18:47:32,0.393896
2024-09-02 18:47:33,0.374352
2024-09-02 18:47:34,0.465632
2024-09-02 18:47:35,0.395368
2024-09-02 18:47:36,0.345672
2024-09-02 18:47:37,0.331672
2024-09-02 18:47:38,0.289256
2024-09-02 18:47:39,0.281896
2024-09-02 18:47:40,0.383944
2024-09-02 18:47:41,0.316696
2024-09-02 18:47:42,0.22164
2024-09-02 18:47:43,0.329512
2024-09-02 18:47:44,0.3852
2024-09-02 18:47:45,0.066744
2024-09-02 18:47:46,0.04164
2024-09-02 18:47:47,0.095088
2024-09-02 18:47:48,0.179368
2024-09-02 18:47:49,0.034432
2024-09-02 18:47:50,0.17368
2024-09-02 18:47:51,0.033168
2024-09-02 18:47:52,0.036368
2024-09-02 18:47:53,0.02436
2024-09-02 18:47:54,0.016368
2024-09-02 18:47:55,0.033664
2024-09-02 18:47:56,0.016584
2024-09-02 18:47:57,0.021472
2024-09-02 18:47:58,0.011848
2024-09-02 18:47:59,0.018256
2024-09-02 18:48:00,0.013224
2024-09-02 18:48:01,0.015144
2024-09-02 18:48:02,0.012336
2024-09-02 18:48:03,0.012968
2024-09-02 18:48:04,0.023536
2024-09-02 18:48:05,0.014624
2024-09-02 18:48:06,0.020984
2024-09-02 18:48:07,0.012328
2024-09-02 18:48:08,0.013088
2024-09-02 18:48:09,0.010712
2024-09-02 18:48:10,0.041768
2024-09-02 18:48:11,0.014232
2024-09-02 18:48:12,0.014616
2024-09-02 18:48:13,0.068744
2024-09-02 18:48:14,0.138088
2024-09-02 18:48:15,0.12056
2024-09-02 18:48:16,0.154544
2024-09-02 18:48:17,0.26052
2024-09-02 18:48:18,0.235
2024-09-02 18:48:19,0.220256
2024-09-02 18:48:20,0.264104
2024-09-02 18:48:21,0.184912
2024-09-02 18:48:22,0.240912
2024-09-02 18:48:23,0.24092
2024-09-02 18:48:24,0.049584
2024-09-02 18:48:25,0.07128
2024-09-02 18:48:26,0.219288
2024-09-02 18:48:27,0.134392
2024-09-02 18:48:28,0.133744
2024-09-02 18:48:29,0.091928
2024-09-02 18:48:30,0.074648
2024-09-02 18:48:31,0.049576
2024-09-02 18:48:32,0.043648
2024-09-02 18:48:33,0.053808
2024-09-02 18:48:34,0.039296
2024-09-02 18:48:35,0.021328
2024-09-02 18:48:36,0.051304
2024-09-02 18:48:37,0.026728
2024-09-02 18:48:38,0.079072
2024-09-02 18:48:39,0.044696
2024-09-02 18:48:40,0.019176
2024-09-02 18:48:41,0.01528
2024-09-02 18:48:42,0.065128
2024-09-02 18:48:43,0.051712
2024-09-02 18:48:44,0.013432
2024-09-02 18:48:45,0.036792
2024-09-02 18:48:46,0.028256
2024-09-02 18:48:47,0.032856
2024-09-02 18:48:48,0.012928
2024-09-02 18:48:49,0.041352
2024-09-02 18:48:50,0.030528
2024-09-02 18:48:51,0.040344
2024-09-02 18:48:52,0.016432
2024-09-02 18:48:53,0.02824
2024-09-02 18:48:54,0.023112
2024-09-02 18:48:55,0.025584
2024-09-02 18:48:56,0.013648
2024-09-02 18:48:57,0.155752
2024-09-02 18:48:58,0.093624
2024-09-02 18:48:59,0.018928
2024-09-02 18:49:00,0.044888
2024-09-02 18:49:01,0.034856
2024-09-02 18:49:02,0.020136
2024-09-02 18:49:03,0.184168
2024-09-02 18:49:04,0.24456
2024-09-02 18:49:05,0.261608
2024-09-02 18:49:06,0.372936
2024-09-02 18:49:07,0.368976
2024-09-02 18:49:08,0.409184
2024-09-02 18:49:09,0.528256
2024-09-02 18:49:10,0.518
2024-09-02 18:49:11,0.431952
2024-09-02 18:49:12,0.41496
2024-09-02 18:49:13,0.407352
2024-09-02 18:49:14,0.3186
2024-09-02 18:49:15,0.411656
2024-09-02 18:49:16,0.374168
2024-09-02 18:49:17,0.279952
2024-09-02 18:49:18,0.292576
2024-09-02 18:49:19,0.389312
2024-09-02 18:49:20,0.352128
2024-09-02 18:49:21,0.286272
2024-09-02 18:49:22,0.310512
2024-09-02 18:49:23,0.297416
2024-09-02 18:49:24,0.263016
2024-09-02 18:49:25,0.244984
2024-09-02 18:49:26,0.1794
2024-09-02 18:49:27,0.035296
2024-09-02 18:49:28,0.03208
2024-09-02 18:49:29,0.167464
2024-09-02 18:49:30,0.032056
2024-09-02 18:49:31,0.133896
2024-09-02 18:49:32,0.05776
2024-09-02 18:49:33,0.036896
2024-09-02 18:49:34,0.044216
2024-09-02 18:49:35,0.046816
2024-09-02 18:49:36,0.089928
2024-09-02 18:49:37,0.027496
2024-09-02 18:49:38,0.014368
2024-09-02 18:49:39,0.03344
2024-09-02 18:49:40,0.029648
2024-09-02 18:49:41,0.048232
2024-09-02 18:49:42,0.046088
2024-09-02 18:49:43,0.032608
2024-09-02 18:49:44,0.018336
2024-09-02 18:49:45,0.019448
2024-09-02 18:49:46,0.038536
2024-09-02 18:49:47,0.040608
2024-09-02 18:49:48,0.031608
2024-09-02 18:49:49,0.016088
2024-09-02 18:49:50,0.035272
2024-09-02 18:49:51,0.029504
2024-09-02 18:49:52,0.025728
2024-09-02 18:49:53,0.029744
2024-09-02 18:49:54,0.021056
2024-09-02 18:49:55,0.034008
2024-09-02 18:49:56,0.020096
2024-09-02 18:49:57,0.018776
2024-09-02 18:49:58,0.013992
2024-09-02 18:49:59,0.0192
2024-09-02 18:50:00,0.05912
2024-09-02 18:50:01,0.024544
2024-09-02 18:50:02,0.188608
2024-09-02 18:50:03,0.11052
2024-09-02 18:50:04,0.024408
2024-09-02 18:50:05,0.047096
2024-09-02 18:50:06,0.031144
2024-09-02 18:50:07,0.01928
2024-09-02 18:50:08,0.297904
2024-09-02 18:50:09,0.250056
2024-09-02 18:50:10,0.296656
2024-09-02 18:50:11,0.503896
2024-09-02 18:50:12,0.459976
2024-09-02 18:50:13,0.406168
2024-09-02 18:50:14,0.522664
2024-09-02 18:50:15,0.488096
2024-09-02 18:50:16,0.454336
2024-09-02 18:50:17,0.50048
2024-09-02 18:50:18,0.40008
2024-09-02 18:50:19,0.350904
2024-09-02 18:50:20,0.421768
2024-09-02 18:50:21,0.392288
2024-09-02 18:50:22,0.364744
2024-09-02 18:50:23,0.449712
2024-09-02 18:50:24,0.381496
2024-09-02 18:50:25,0.367384
2024-09-02 18:50:26,0.424024
2024-09-02 18:50:27,0.442976
2024-09-02 18:50:28,0.386264
2024-09-02 18:50:29,0.338024
2024-09-02 18:50:30,0.165328
2024-09-02 18:50:31,0.04224
2024-09-02 18:50:32,0.053792
2024-09-02 18:50:33,0.045688
2024-09-02 18:50:34,0.032096
2024-09-02 18:50:35,0.02812
2024-09-02 18:50:36,0.055112
2024-09-02 18:50:37,0.122672
2024-09-02 18:50:38,0.021512
2024-09-02 18:50:39,0.12716
2024-09-02 18:50:40,0.041672
2024-09-02 18:50:41,0.055584
2024-09-02 18:50:42,0.055528
2024-09-02 18:50:43,0.020024
2024-09-02 18:50:44,0.015592
2024-09-02 18:50:45,0.020256
2024-09-02 18:50:46,0.015104
2024-09-02 18:50:47,0.009368
2024-09-02 18:50:48,0.012256
2024-09-02 18:50:49,0.013368
2024-09-02 18:50:50,0.010648
2024-09-02 18:50:51,0.025728
2024-09-02 18:50:52,0.0126
2024-09-02 18:50:53,0.014976
2024-09-02 18:50:54,0.011624
2024-09-02 18:50:55,0.035808
2024-09-02 18:50:56,0.011624
2024-09-02 18:50:57,0.012608
2024-09-02 18:50:58,0.012744
2024-09-02 18:50:59,0.012752
2024-09-02 18:51:00,0.010232
2024-09-02 18:51:01,0.009888
2024-09-02 18:51:02,0.011976
2024-09-02 18:51:03,0.015272
2024-09-02 18:51:04,0.017392
2024-09-02 18:51:05,0.011544
2024-09-02 18:51:06,0.011632
2024-09-02 18:51:07,0.011624
2024-09-02 18:51:08,0.014
2024-09-02 18:51:09,0.029376
2024-09-02 18:51:10,0.119872
2024-09-02 18:51:11,0.045072
2024-09-02 18:51:12,0.026072
2024-09-02 18:51:13,0.027016
2024-09-02 18:51:14,0.0292
2024-09-02 18:51:15,0.051
2024-09-02 18:51:16,0.124704
2024-09-02 18:51:17,0.146856
2024-09-02 18:51:18,0.184624
2024-09-02 18:51:19,0.317944
2024-09-02 18:51:20,0.214448
2024-09-02 18:51:21,0.238608
2024-09-02 18:51:22,0.304896
2024-09-02 18:51:23,0.356072
2024-09-02 18:51:24,0.318472
2024-09-02 18:51:25,0.271488
2024-09-02 18:51:26,0.339808
2024-09-02 18:51:27,0.25392
2024-09-02 18:51:28,0.225104
2024-09-02 18:51:29,0.354904
2024-09-02 18:51:30,0.227696
2024-09-02 18:51:31,0.18232
2024-09-02 18:51:32,0.117112
2024-09-02 18:51:33,0.0416
2024-09-02 18:51:34,0.018088
2024-09-02 18:51:35,0.025048
2024-09-02 18:51:36,0.032832
2024-09-02 18:51:37,0.017184
2024-09-02 18:51:38,0.017696
2024-09-02 18:51:39,0.009144
2024-09-02 18:51:40,0.00264
2024-09-02 18:51:41,0.00096
2024-09-02 18:51:42,0.00096
2024-09-02 18:51:43,0.00096
2024-09-02 18:51:44,0.00096
2024-09-02 18:51:45,0.000576
2024-09-02 18:53:22,0.2302
2024-09-02 18:53:23,0.010384
2024-09-02 18:53:24,0.031256
2024-09-02 18:53:25,0.025928
2024-09-02 18:53:26,0.050576
2024-09-02 18:53:27,0.336368
2024-09-02 18:53:28,0.028096
2024-09-02 18:53:29,0.03808
2024-09-02 18:53:30,0.034808
2024-09-02 18:53:31,0.048576
2024-09-02 18:53:32,0.0298
2024-09-02 18:53:33,0.026728
2024-09-02 18:53:34,0.04404
2024-09-02 18:53:35,0.05732
2024-09-02 18:53:36,0.055176
2024-09-02 18:53:37,0.01148
2024-09-02 18:53:38,0.014704
2024-09-02 18:53:39,0.027536
2024-09-02 18:53:40,0.045072
2024-09-02 18:53:41,0.040504
2024-09-02 18:53:42,0.03204
2024-09-02 18:53:43,0.02736
2024-09-02 18:53:44,0.01912
2024-09-02 18:53:45,0.043856
2024-09-02 18:53:46,0.031528
2024-09-02 18:53:47,0.036496
2024-09-02 18:53:48,0.0194
2024-09-02 18:53:49,0.017664
2024-09-02 18:53:50,0.018568
2024-09-02 18:53:51,0.006752
2024-09-02 18:53:52,0.00512
2024-09-02 18:53:53,0.003808
2024-09-02 18:53:54,0.006168
2024-09-02 18:53:55,0.010456
2024-09-02 18:53:56,0.004632
2024-09-02 18:53:57,0.003736
2024-09-02 18:53:58,0.00512
2024-09-02 18:53:59,0.00552
2024-09-02 18:54:00,0.020184
2024-09-02 18:54:01,0.029104
2024-09-02 18:54:02,0.036608
2024-09-02 18:54:03,0.038904
2024-09-02 18:54:04,0.033832
2024-09-02 18:54:05,0.033464
2024-09-02 18:54:06,0.039
2024-09-02 18:54:07,0.036064
2024-09-02 18:54:08,0.0418
2024-09-02 18:54:09,0.023144
2024-09-02 18:54:10,0.004576
2024-09-02 18:54:11,0.020744
2024-09-02 18:54:12,0.017136
2024-09-02 18:54:13,0.091568
2024-09-02 18:54:14,0.075824
2024-09-02 18:54:15,0.052368
2024-09-02 18:54:16,0.048752
2024-09-02 18:54:17,0.007176
2024-09-02 18:54:18,0.012752
2024-09-02 18:54:19,0.021464
2024-09-02 18:54:20,0.08304
2024-09-02 18:54:21,0.027272
2024-09-02 18:54:22,0.019544
2024-09-02 18:54:23,0.04756
2024-09-02 18:54:24,0.069952
2024-09-02 18:54:25,0.069816
2024-09-02 18:54:26,0.061696
2024-09-02 18:54:27,0.066248
2024-09-02 18:54:28,0.082176
2024-09-02 18:54:29,0.09732
2024-09-02 18:54:30,0.077792
2024-09-02 18:54:31,0.074432
2024-09-02 18:54:32,0.074352
2024-09-02 18:54:33,0.08056
2024-09-02 18:54:34,0.135072
2024-09-02 18:54:35,0.092664
2024-09-02 18:54:36,0.082
2024-09-02 18:54:37,0.043232
2024-09-02 18:54:38,0.046672
2024-09-02 18:54:39,0.05308
2024-09-02 18:54:40,0.040912
2024-09-02 18:54:41,0.038024
2024-09-02 18:54:42,0.040264
2024-09-02 18:54:43,0.081408
2024-09-02 18:54:44,0.188816
2024-09-02 18:54:45,0.080216
2024-09-02 18:54:46,0.075984
2024-09-02 18:54:47,0.03424
2024-09-02 18:54:48,0.04444
2024-09-02 18:54:49,0.031952
2024-09-02 18:54:50,0.038304
2024-09-02 18:54:51,0.06564
2024-09-02 18:54:52,0.04736
2024-09-02 18:54:53,0.037944
2024-09-02 18:54:54,0.038248
2024-09-02 18:54:55,0.012656
2024-09-02 18:54:56,0.024088
2024-09-02 18:54:57,0.013488
2024-09-02 18:54:58,0.004672
2024-09-02 18:54:59,0.114904
2024-09-02 18:55:00,0.03548
2024-09-02 18:55:01,0.013312
2024-09-02 18:55:02,0.053744
2024-09-02 18:55:03,0.075664
2024-09-02 18:55:04,0.074232
2024-09-02 18:55:05,0.090704
2024-09-02 18:55:06,0.125
2024-09-02 18:55:07,0.083736
2024-09-02 18:55:08,0.117664
2024-09-02 18:55:09,0.131352
2024-09-02 18:55:10,0.154152
2024-09-02 18:55:11,0.08996
2024-09-02 18:55:12,0.111192
2024-09-02 18:55:13,0.061904
2024-09-02 18:55:14,0.090912
2024-09-02 18:55:15,0.12568
2024-09-02 18:55:16,0.221472
2024-09-02 18:55:17,0.092592
2024-09-02 18:55:18,0.029824
2024-09-02 18:55:19,0.04104
2024-09-02 18:55:20,0.047696
2024-09-02 18:55:21,0.054096
2024-09-02 18:55:22,0.02036
2024-09-02 18:55:23,0.016208
2024-09-02 18:55:24,0.008312
2024-09-02 18:55:25,0.068536
2024-09-02 18:55:26,0.043976
2024-09-02 18:55:27,0.045096
2024-09-02 18:55:28,0.050528
2024-09-02 18:55:29,0.0296
2024-09-02 18:55:30,0.017368
2024-09-02 18:55:31,0.038864
2024-09-02 18:55:32,0.060816
2024-09-02 18:55:33,0.03648
2024-09-02 18:55:34,0.027984
2024-09-02 18:55:35,0.030928
2024-09-02 18:55:36,0.158272
2024-09-02 18:55:37,0.0296
2024-09-02 18:55:38,0.028744
2024-09-02 18:55:39,0.096456
2024-09-02 18:55:40,0.09952
2024-09-02 18:55:41,0.083048
2024-09-02 18:55:42,0.127312
2024-09-02 18:55:43,0.138896
2024-09-02 18:55:44,0.163368
2024-09-02 18:55:45,0.178768
2024-09-02 18:55:46,0.171288
2024-09-02 18:55:47,0.1118
2024-09-02 18:55:48,0.081824
2024-09-02 18:55:49,0.089192
2024-09-02 18:55:50,0.071104
2024-09-02 18:55:51,0.183136
2024-09-02 18:55:52,0.080064
2024-09-02 18:55:53,0.080232
2024-09-02 18:55:54,0.017408
2024-09-02 18:55:55,0.018304
2024-09-02 18:55:56,0.013072
2024-09-02 18:55:57,0.014464
2024-09-02 18:55:58,0.016912
2024-09-02 18:55:59,0.010712
2024-09-02 18:56:00,0.051216
2024-09-02 18:56:01,0.04632
2024-09-02 18:56:02,0.045832
2024-09-02 18:56:03,0.01976
2024-09-02 18:56:04,0.021512
2024-09-02 18:56:05,0.01748
2024-09-02 18:56:06,0.03904
2024-09-02 18:56:07,0.022656
2024-09-02 18:56:08,0.013696
2024-09-02 18:56:09,0.028976
2024-09-02 18:56:10,0.026744
2024-09-02 18:56:11,0.020496
2024-09-02 18:56:12,0.045296
2024-09-02 18:56:13,0.019392
2024-09-02 18:56:14,0.024888
2024-09-02 18:56:15,0.029344
2024-09-02 18:56:16,0.028904
2024-09-02 18:56:17,0.039848
2024-09-02 18:56:18,0.031784
2024-09-02 18:56:19,0.024872
2024-09-02 18:56:20,0.065776
2024-09-02 18:56:21,0.10364
2024-09-02 18:56:22,0.05724
2024-09-02 18:56:23,0.050616
2024-09-02 18:56:24,0.043952
2024-09-02 18:56:25,0.051656
2024-09-02 18:56:26,0.028968
2024-09-02 18:56:27,0.028024
2024-09-02 18:56:28,0.032528
2024-09-02 18:56:29,0.032208
2024-09-02 18:56:30,0.018672
2024-09-02 18:56:31,0.049424
2024-09-02 18:56:32,0.038368
2024-09-02 18:56:33,0.044856
2024-09-02 18:56:34,0.039304
2024-09-02 18:56:35,0.050352
2024-09-02 18:56:36,0.044728
2024-09-02 18:56:37,0.036568
2024-09-02 18:56:38,0.038096
2024-09-02 18:56:39,0.026168
2024-09-02 18:56:40,0.044352
2024-09-02 18:56:41,0.053672
2024-09-02 18:56:42,0.10992
2024-09-02 18:56:43,0.12228
2024-09-02 18:56:44,0.05844
2024-09-02 18:56:45,0.047096
2024-09-02 18:56:46,0.046664
2024-09-02 18:56:47,0.048632
2024-09-02 18:56:48,0.075432
2024-09-02 18:56:49,0.092368
2024-09-02 18:56:50,0.079872
2024-09-02 18:56:51,0.097024
2024-09-02 18:56:52,0.100768
2024-09-02 18:56:53,0.121272
2024-09-02 18:56:54,0.125024
2024-09-02 18:56:55,0.15704
2024-09-02 18:56:56,0.15044
2024-09-02 18:56:57,0.139984
2024-09-02 18:56:58,0.124904
2024-09-02 18:56:59,0.111304
2024-09-02 18:57:00,0.100792
2024-09-02 18:57:01,0.094496
2024-09-02 18:57:02,0.097016
2024-09-02 18:57:03,0.094464
2024-09-02 18:57:04,0.114376
2024-09-02 18:57:05,0.116024
2024-09-02 18:57:06,0.078856
2024-09-02 18:57:07,0.075544
2024-09-02 18:57:08,0.0912
2024-09-02 18:57:09,0.081752
2024-09-02 18:57:10,0.083488
2024-09-02 18:57:11,0.086064
2024-09-02 18:57:12,0.07352
2024-09-02 18:57:13,0.059584
2024-09-02 18:57:14,0.054528
2024-09-02 18:57:15,0.06892
2024-09-02 18:57:16,0.076664
2024-09-02 18:57:17,0.073248
2024-09-02 18:57:18,0.080184
2024-09-02 18:57:19,0.060184
2024-09-02 18:57:20,0.043624
2024-09-02 18:57:21,0.04428
2024-09-02 18:57:22,0.053224
2024-09-02 18:57:23,0.06348
2024-09-02 18:57:24,0.027376
2024-09-02 18:57:25,0.038072
2024-09-02 18:57:26,0.010896
2024-09-02 18:57:27,0.029976
2024-09-02 18:57:28,0.0214
2024-09-02 18:57:29,0.05512
2024-09-02 18:57:30,0.196456
2024-09-02 18:57:31,0.029216
2024-09-02 18:57:32,0.171544
2024-09-02 18:57:33,0.043872
2024-09-02 18:57:34,0.062232
2024-09-02 18:57:35,0.044296
2024-09-02 18:57:36,0.031312
2024-09-02 18:57:37,0.058248
2024-09-02 18:57:38,0.052016
2024-09-02 18:57:39,0.04996
2024-09-02 18:57:40,0.035984
2024-09-02 18:57:41,0.039144
2024-09-02 18:57:42,0.039216
2024-09-02 18:57:43,0.06244
2024-09-02 18:57:44,0.064112
2024-09-02 18:57:45,0.052688
2024-09-02 18:57:46,0.047336
2024-09-02 18:57:47,0.046712
2024-09-02 18:57:48,0.02588
2024-09-02 18:57:49,0.022232
2024-09-02 18:57:50,0.04852
2024-09-02 18:57:51,0.034472
2024-09-02 18:57:52,0.034056
2024-09-02 18:57:53,0.04036
2024-09-02 18:57:54,0.036768
2024-09-02 18:57:55,0.03908
2024-09-02 18:57:56,0.025968
2024-09-02 18:57:57,0.021704
2024-09-02 18:57:58,0.018472
2024-09-02 18:57:59,0.01784
2024-09-02 18:58:00,0.020624
2024-09-02 18:58:01,0.017648
2024-09-02 18:58:02,0.1068
2024-09-02 18:58:03,0.111024
2024-09-02 18:58:04,0.039072
2024-09-02 18:58:05,0.057416
2024-09-02 18:58:06,0.04796
2024-09-02 18:58:07,0.026808
2024-09-02 18:58:08,0.090216
2024-09-02 18:58:09,0.07848
2024-09-02 18:58:10,0.090208
2024-09-02 18:58:11,0.099504
2024-09-02 18:58:12,0.11608
2024-09-02 18:58:13,0.164776
2024-09-02 18:58:14,0.143744
2024-09-02 18:58:15,0.143536
2024-09-02 18:58:16,0.137288
2024-09-02 18:58:17,0.120368
2024-09-02 18:58:18,0.11984
2024-09-02 18:58:19,0.138464
2024-09-02 18:58:20,0.149024
2024-09-02 18:58:21,0.104976
2024-09-02 18:58:22,0.120576
2024-09-02 18:58:23,0.11072
2024-09-02 18:58:24,0.087456
2024-09-02 18:58:25,0.125304
2024-09-02 18:58:26,0.101712
2024-09-02 18:58:27,0.096432
2024-09-02 18:58:28,0.086872
2024-09-02 18:58:29,0.07972
2024-09-02 18:58:30,0.094808
2024-09-02 18:58:31,0.102944
2024-09-02 18:58:32,0.098912
2024-09-02 18:58:33,0.063336
2024-09-02 18:58:34,0.0908
2024-09-02 18:58:35,0.048872
2024-09-02 18:58:36,0.053208
2024-09-02 18:58:37,0.030768
2024-09-02 18:58:38,0.033472
2024-09-02 18:58:39,0.016504
2024-09-02 18:58:40,0.063512
2024-09-02 18:58:41,0.189184
2024-09-02 18:58:42,0.03536
2024-09-02 18:58:43,0.18712
2024-09-02 18:58:44,0.061192
2024-09-02 18:58:45,0.0866
2024-09-02 18:58:46,0.034112
2024-09-02 18:58:47,0.0428
2024-09-02 18:58:48,0.060256
2024-09-02 18:58:49,0.029888
2024-09-02 18:58:50,0.01868
2024-09-02 18:58:51,0.027328
2024-09-02 18:58:52,0.015216
2024-09-02 18:58:53,0.0192
2024-09-02 18:58:54,0.023592
2024-09-02 18:58:55,0.018952
2024-09-02 18:58:56,0.022072
2024-09-02 18:58:57,0.037352
2024-09-02 18:58:58,0.030032
2024-09-02 18:58:59,0.035992
2024-09-02 18:59:00,0.035736
2024-09-02 18:59:01,0.061184
2024-09-02 18:59:02,0.030272
2024-09-02 18:59:03,0.021504
2024-09-02 18:59:04,0.032224
2024-09-02 18:59:05,0.030184
2024-09-02 18:59:06,0.015648
2024-09-02 18:59:07,0.019784
2024-09-02 18:59:08,0.022112
2024-09-02 18:59:09,0.021976
2024-09-02 18:59:10,0.023384
2024-09-02 18:59:11,0.023624
2024-09-02 18:59:12,0.027864
2024-09-02 18:59:13,0.119224
2024-09-02 18:59:14,0.145464
2024-09-02 18:59:15,0.038032
2024-09-02 18:59:16,0.067872
2024-09-02 18:59:17,0.035616
2024-09-02 18:59:18,0.022688
2024-09-02 18:59:19,0.129336
2024-09-02 18:59:20,0.133952
2024-09-02 18:59:21,0.150656
2024-09-02 18:59:22,0.238384
2024-09-02 18:59:23,0.221024
2024-09-02 18:59:24,0.194008
2024-09-02 18:59:25,0.228672
2024-09-02 18:59:26,0.179264
2024-09-02 18:59:27,0.165712
2024-09-02 18:59:28,0.19904
2024-09-02 18:59:29,0.168672
2024-09-02 18:59:30,0.14796
2024-09-02 18:59:31,0.170496
2024-09-02 18:59:32,0.141576
2024-09-02 18:59:33,0.15316
2024-09-02 18:59:34,0.127344
2024-09-02 18:59:35,0.1572
2024-09-02 18:59:36,0.150888
2024-09-02 18:59:37,0.135208
2024-09-02 18:59:38,0.127312
2024-09-02 18:59:39,0.114704
2024-09-02 18:59:40,0.100752
2024-09-02 18:59:41,0.087848
2024-09-02 18:59:42,0.071856
2024-09-02 18:59:43,0.079976
2024-09-02 18:59:44,0.07824
2024-09-02 18:59:45,0.074392
2024-09-02 18:59:46,0.066192
2024-09-02 18:59:47,0.060824
2024-09-02 18:59:48,0.082536
2024-09-02 18:59:49,0.074352
2024-09-02 18:59:50,0.057592
2024-09-02 18:59:51,0.052848
2024-09-02 18:59:52,0.069992
2024-09-02 18:59:53,0.020392
2024-09-02 18:59:54,0.04276
2024-09-02 18:59:55,0.021376
2024-09-02 18:59:56,0.054584
2024-09-02 18:59:57,0.220368
2024-09-02 18:59:58,0.028072
2024-09-02 18:59:59,0.097024
2024-09-02 19:00:00,0.058032
2024-09-02 19:00:01,0.060448
2024-09-02 19:00:02,0.032648
2024-09-02 19:00:03,0.032368
2024-09-02 19:00:04,0.029704
2024-09-02 19:00:05,0.037736
2024-09-02 19:00:06,0.038808
2024-09-02 19:00:07,0.045792
2024-09-02 19:00:08,0.038752
2024-09-02 19:00:09,0.046976
2024-09-02 19:00:10,0.057528
2024-09-02 19:00:11,0.0474
2024-09-02 19:00:12,0.056744
2024-09-02 19:00:13,0.067288
2024-09-02 19:00:14,0.069152
2024-09-02 19:00:15,0.065784
2024-09-02 19:00:16,0.066928
2024-09-02 19:00:17,0.063464
2024-09-02 19:00:18,0.062336
2024-09-02 19:00:19,0.071536
2024-09-02 19:00:20,0.06336
2024-09-02 19:00:21,0.059752
2024-09-02 19:00:22,0.05108
2024-09-02 19:00:23,0.053864
2024-09-02 19:00:24,0.05564
2024-09-02 19:00:25,0.0574
2024-09-02 19:00:26,0.071712
2024-09-02 19:00:27,0.055808
2024-09-02 19:00:28,0.04532
2024-09-02 19:00:29,0.043136
2024-09-02 19:00:30,0.042272
2024-09-02 19:00:31,0.060968
2024-09-02 19:00:32,0.112832
2024-09-02 19:00:33,0.025608
2024-09-02 19:00:34,0.096608
2024-09-02 19:00:35,0.10936
2024-09-02 19:00:36,0.078704
2024-09-02 19:00:37,0.050488
2024-09-02 19:00:38,0.024688
2024-09-02 19:00:39,0.0526
2024-09-02 19:00:40,0.044528
2024-09-02 19:00:41,0.04004
2024-09-02 19:00:42,0.06184
2024-09-02 19:00:43,0.02072
2024-09-02 19:00:44,0.031256
2024-09-02 19:00:45,0.023024
2024-09-02 19:00:46,0.019768
2024-09-02 19:00:47,0.047088
2024-09-02 19:00:48,0.036568
2024-09-02 19:00:49,0.019744
2024-09-02 19:00:50,0.035152
2024-09-02 19:00:51,0.050728
2024-09-02 19:00:52,0.029288
2024-09-02 19:00:53,0.029512
2024-09-02 19:00:54,0.056744
2024-09-02 19:00:55,0.03644
2024-09-02 19:00:56,0.041
2024-09-02 19:00:57,0.029936
2024-09-02 19:00:58,0.026608
2024-09-02 19:00:59,0.056992
2024-09-02 19:01:00,0.024848
2024-09-02 19:01:01,0.020496
2024-09-02 19:01:02,0.014728
2024-09-02 19:01:03,0.015984
2024-09-02 19:01:04,0.068552
2024-09-02 19:01:05,0.190624
2024-09-02 19:01:06,0.063128
2024-09-02 19:01:07,0.041664
2024-09-02 19:01:08,0.055528
2024-09-02 19:01:09,0.031192
2024-09-02 19:01:10,0.065416
2024-09-02 19:01:11,0.1186
2024-09-02 19:01:12,0.138672
2024-09-02 19:01:13,0.129256
2024-09-02 19:01:14,0.1272
2024-09-02 19:01:15,0.2222
2024-09-02 19:01:16,0.168768
2024-09-02 19:01:17,0.219104
2024-09-02 19:01:18,0.219904
2024-09-02 19:01:19,0.188256
2024-09-02 19:01:20,0.1634
2024-09-02 19:01:21,0.205056
2024-09-02 19:01:22,0.162528
2024-09-02 19:01:23,0.164896
2024-09-02 19:01:24,0.186624
2024-09-02 19:01:25,0.16144
2024-09-02 19:01:26,0.169856
2024-09-02 19:01:27,0.180888
2024-09-02 19:01:28,0.131936
2024-09-02 19:01:29,0.126912
2024-09-02 19:01:30,0.147224
2024-09-02 19:01:31,0.1342
2024-09-02 19:01:32,0.122424
2024-09-02 19:01:33,0.069968
2024-09-02 19:01:34,0.0546
2024-09-02 19:01:35,0.06828
2024-09-02 19:01:36,0.034448
2024-09-02 19:01:37,0.039968
2024-09-02 19:01:38,0.04592
2024-09-02 19:01:39,0.224144
2024-09-02 19:01:40,0.031512
2024-09-02 19:01:41,0.198464
2024-09-02 19:01:42,0.073704
2024-09-02 19:01:43,0.071112
2024-09-02 19:01:44,0.036952
2024-09-02 19:01:45,0.053
2024-09-02 19:01:46,0.016016
2024-09-02 19:01:47,0.047848
2024-09-02 19:01:48,0.051128
2024-09-02 19:01:49,0.047816
2024-09-02 19:01:50,0.023048
2024-09-02 19:01:51,0.034688
2024-09-02 19:01:52,0.034696
2024-09-02 19:01:53,0.018592
2024-09-02 19:01:54,0.0494
2024-09-02 19:01:55,0.0488
2024-09-02 19:01:56,0.026144
2024-09-02 19:01:57,0.029616
2024-09-02 19:01:58,0.035584
2024-09-02 19:01:59,0.032472
2024-09-02 19:02:00,0.052256
2024-09-02 19:02:01,0.04148
2024-09-02 19:02:02,0.025608
2024-09-02 19:02:03,0.029896
2024-09-02 19:02:04,0.03232
2024-09-02 19:02:05,0.042376
2024-09-02 19:02:06,0.034632
2024-09-02 19:02:07,0.044072
2024-09-02 19:02:08,0.03892
2024-09-02 19:02:09,0.035704
2024-09-02 19:02:10,0.018544
2024-09-02 19:02:11,0.10096
2024-09-02 19:02:12,0.117352
2024-09-02 19:02:13,0.043728
2024-09-02 19:02:14,0.032984
2024-09-02 19:02:15,0.04696
2024-09-02 19:02:16,0.030248
2024-09-02 19:02:17,0.11336
2024-09-02 19:02:18,0.109408
2024-09-02 19:02:19,0.093528
2024-09-02 19:02:20,0.141248
2024-09-02 19:02:21,0.1768
2024-09-02 19:02:22,0.188144
2024-09-02 19:02:23,0.186112
2024-09-02 19:02:24,0.20984
2024-09-02 19:02:25,0.229872
2024-09-02 19:02:26,0.208904
2024-09-02 19:02:27,0.172528
2024-09-02 19:02:28,0.139776
2024-09-02 19:02:29,0.17016
2024-09-02 19:02:30,0.195896
2024-09-02 19:02:31,0.122448
2024-09-02 19:02:32,0.129544
2024-09-02 19:02:33,0.184752
2024-09-02 19:02:34,0.154576
2024-09-02 19:02:35,0.153672
2024-09-02 19:02:36,0.077
2024-09-02 19:02:37,0.067776
2024-09-02 19:02:38,0.080392
2024-09-02 19:02:39,0.088424
2024-09-02 19:02:40,0.074872
2024-09-02 19:02:41,0.091536
2024-09-02 19:02:42,0.081072
2024-09-02 19:02:43,0.062296
2024-09-02 19:02:44,0.066816
2024-09-02 19:02:45,0.058304
2024-09-02 19:02:46,0.047336
2024-09-02 19:02:47,0.038584
2024-09-02 19:02:48,0.025896
2024-09-02 19:02:49,0.020664
2024-09-02 19:02:50,0.013664
2024-09-02 19:02:51,0.021592
2024-09-02 19:02:52,0.221936
2024-09-02 19:02:53,0.05996
2024-09-02 19:02:54,0.034576
2024-09-02 19:02:55,0.328288
2024-09-02 19:02:56,0.0644
2024-09-02 19:02:57,0.077856
2024-09-02 19:02:58,0.026264
2024-09-02 19:02:59,0.053712
2024-09-02 19:03:00,0.064816
2024-09-02 19:03:01,0.038304
2024-09-02 19:03:02,0.03564
2024-09-02 19:03:03,0.024608
2024-09-02 19:03:04,0.041416
2024-09-02 19:03:05,0.052704
2024-09-02 19:03:06,0.021304
2024-09-02 19:03:07,0.027392
2024-09-02 19:03:08,0.038592
2024-09-02 19:03:09,0.025416
2024-09-02 19:03:10,0.023912
2024-09-02 19:03:11,0.019728
2024-09-02 19:03:12,0.022592
2024-09-02 19:03:13,0.025704
2024-09-02 19:03:14,0.031648
2024-09-02 19:03:15,0.144272
2024-09-02 19:03:16,0.055752
2024-09-02 19:03:17,0.050888
2024-09-02 19:03:18,0.12804
2024-09-02 19:03:19,0.125352
2024-09-02 19:03:20,0.135536
2024-09-02 19:03:21,0.15572
2024-09-02 19:03:22,0.192488
2024-09-02 19:03:23,0.211504
2024-09-02 19:03:24,0.244576
2024-09-02 19:03:25,0.344088
2024-09-02 19:03:26,0.252272
2024-09-02 19:03:27,0.25512
2024-09-02 19:03:28,0.240936
2024-09-02 19:03:29,0.213808
2024-09-02 19:03:30,0.22
2024-09-02 19:03:31,0.196768
2024-09-02 19:03:32,0.200416
2024-09-02 19:03:33,0.184416
2024-09-02 19:03:34,0.16236
2024-09-02 19:03:35,0.168632
2024-09-02 19:03:36,0.167496
2024-09-02 19:03:37,0.116656
2024-09-02 19:03:38,0.071456
2024-09-02 19:03:39,0.099024
2024-09-02 19:03:40,0.1042
2024-09-02 19:03:41,0.066416
2024-09-02 19:03:42,0.047312
2024-09-02 19:03:43,0.048976
2024-09-02 19:03:44,0.067352
2024-09-02 19:03:45,0.250232
2024-09-02 19:03:46,0.124808
2024-09-02 19:03:47,0.128408
2024-09-02 19:03:48,0.061768
2024-09-02 19:03:49,0.073872
2024-09-02 19:03:50,0.058976
2024-09-02 19:03:51,0.052424
2024-09-02 19:03:52,0.046664
2024-09-02 19:03:53,0.094224
2024-09-02 19:03:54,0.029976
2024-09-02 19:03:55,0.035568
2024-09-02 19:03:56,0.05676
2024-09-02 19:03:57,0.049208
2024-09-02 19:03:58,0.04944
2024-09-02 19:03:59,0.073376
2024-09-02 19:04:00,0.051264
2024-09-02 19:04:01,0.04624
2024-09-02 19:04:02,0.037296
2024-09-02 19:04:03,0.03952
2024-09-02 19:04:04,0.024464
2024-09-02 19:04:05,0.036896
2024-09-02 19:04:06,0.031896
2024-09-02 19:04:07,0.02916
2024-09-02 19:04:08,0.028992
2024-09-02 19:04:09,0.02128
2024-09-02 19:04:10,0.039576
2024-09-02 19:04:11,0.024984
2024-09-02 19:04:12,0.019112
2024-09-02 19:04:13,0.024976
2024-09-02 19:04:14,0.027272
2024-09-02 19:04:15,0.045944
2024-09-02 19:04:16,0.119536
2024-09-02 19:04:17,0.147944
2024-09-02 19:04:18,0.067272
2024-09-02 19:04:19,0.072288
2024-09-02 19:04:20,0.029344
2024-09-02 19:04:21,0.040024
2024-09-02 19:04:22,0.131768
2024-09-02 19:04:23,0.143248
2024-09-02 19:04:24,0.252824
2024-09-02 19:04:25,0.250168
2024-09-02 19:04:26,0.212888
2024-09-02 19:04:27,0.284672
2024-09-02 19:04:28,0.248904
2024-09-02 19:04:29,0.198256
2024-09-02 19:04:30,0.300344
2024-09-02 19:04:31,0.232248
2024-09-02 19:04:32,0.179888
2024-09-02 19:04:33,0.266192
2024-09-02 19:04:34,0.180472
2024-09-02 19:04:35,0.184136
2024-09-02 19:04:36,0.232136
2024-09-02 19:04:37,0.248728
2024-09-02 19:04:38,0.19776
2024-09-02 19:04:39,0.157216
2024-09-02 19:04:40,0.17004
2024-09-02 19:04:41,0.173992
2024-09-02 19:04:42,0.122136
2024-09-02 19:04:43,0.147096
2024-09-02 19:04:44,0.079464
2024-09-02 19:04:45,0.031648
2024-09-02 19:04:46,0.035176
2024-09-02 19:04:47,0.026152
2024-09-02 19:04:48,0.022128
2024-09-02 19:04:49,0.017824
2024-09-02 19:04:50,0.033728
2024-09-02 19:04:51,0.252512
2024-09-02 19:04:52,0.042864
2024-09-02 19:04:53,0.212304
2024-09-02 19:04:54,0.097416
2024-09-02 19:04:55,0.038672
2024-09-02 19:04:56,0.01476
2024-09-02 19:04:57,0.013016
2024-09-02 19:04:58,0.015392
2024-09-02 19:04:59,0.013336
2024-09-02 19:05:00,0.015392
2024-09-02 19:05:01,0.013016
2024-09-02 19:05:02,0.015392
2024-09-02 19:05:03,0.014968
2024-09-02 19:05:04,0.017344
2024-09-02 19:05:05,0.020264
2024-09-02 19:05:06,0.025328
2024-09-02 19:05:07,0.03352
2024-09-02 19:05:08,0.048824
2024-09-02 19:05:09,0.021768
2024-09-02 19:05:10,0.039664
2024-09-02 19:05:11,0.03724
2024-09-02 19:05:12,0.049744
2024-09-02 19:05:13,0.086272
2024-09-02 19:05:14,0.10816
2024-09-02 19:05:15,0.102976
2024-09-02 19:05:16,0.057384
2024-09-02 19:05:17,0.054672
2024-09-02 19:05:18,0.043056
2024-09-02 19:05:19,0.06124
2024-09-02 19:05:20,0.057248
2024-09-02 19:05:21,0.077624
2024-09-02 19:05:22,0.100272
2024-09-02 19:05:23,0.0384
2024-09-02 19:05:24,0.050072
2024-09-02 19:05:25,0.022736
2024-09-02 19:05:26,0.030768
2024-09-02 19:05:27,0.02888
2024-09-02 19:05:28,0.027088
2024-09-02 19:05:29,0.03124
2024-09-02 19:05:30,0.017832
2024-09-02 19:05:31,0.018704
2024-09-02 19:05:32,0.021648
2024-09-02 19:05:33,0.033272
2024-09-02 19:05:34,0.020432
2024-09-02 19:05:35,0.052176
2024-09-02 19:05:36,0.016904
2024-09-02 19:05:37,0.033264
2024-09-02 19:05:38,0.034072
2024-09-02 19:05:39,0.02544
2024-09-02 19:05:40,0.020424
2024-09-02 19:05:41,0.025568
2024-09-02 19:05:42,0.01332
2024-09-02 19:05:43,0.071752
2024-09-02 19:05:44,0.243112
2024-09-02 19:05:45,0.102488
2024-09-02 19:05:46,0.032072
2024-09-02 19:05:47,0.082456
2024-09-02 19:05:48,0.034504
2024-09-02 19:05:49,0.018272
2024-09-02 19:05:50,0.23504
2024-09-02 19:05:51,0.22624
2024-09-02 19:05:52,0.194176
2024-09-02 19:05:53,0.163248
2024-09-02 19:05:54,0.33004
2024-09-02 19:05:55,0.22232
2024-09-02 19:05:56,0.291736
2024-09-02 19:05:57,0.356744
2024-09-02 19:05:58,0.218376
2024-09-02 19:05:59,0.185696
2024-09-02 19:06:00,0.278448
2024-09-02 19:06:01,0.200768
2024-09-02 19:06:02,0.20424
2024-09-02 19:06:03,0.228104
2024-09-02 19:06:04,0.2182
2024-09-02 19:06:05,0.223016
2024-09-02 19:06:06,0.20216
2024-09-02 19:06:07,0.146688
2024-09-02 19:06:08,0.10856
2024-09-02 19:06:09,0.079608
2024-09-02 19:06:10,0.05648
2024-09-02 19:06:11,0.04788
2024-09-02 19:06:12,0.053496
2024-09-02 19:06:13,0.04172
2024-09-02 19:06:14,0.0352
2024-09-02 19:06:15,0.05192
2024-09-02 19:06:16,0.03444
2024-09-02 19:06:17,0.02728
2024-09-02 19:06:18,0.059704
2024-09-02 19:06:19,0.014392
2024-09-02 19:06:20,0.031736
2024-09-02 19:06:21,0.03548
2024-09-02 19:06:22,0.223816
2024-09-02 19:06:23,0.105736
2024-09-02 19:06:24,0.125752
2024-09-02 19:06:25,0.20192
2024-09-02 19:06:26,0.115936
2024-09-02 19:06:27,0.069632
2024-09-02 19:06:28,0.052256
2024-09-02 19:06:29,0.052664
2024-09-02 19:06:30,0.074688
2024-09-02 19:06:31,0.083528
2024-09-02 19:06:32,0.039496
2024-09-02 19:06:33,0.028496
2024-09-02 19:06:34,0.044208
2024-09-02 19:06:35,0.078264
2024-09-02 19:06:36,0.078672
2024-09-02 19:06:37,0.101976
2024-09-02 19:06:38,0.038072
2024-09-02 19:06:39,0.099288
2024-09-02 19:06:40,0.06588
2024-09-02 19:06:41,0.060816
2024-09-02 19:06:42,0.077328
2024-09-02 19:06:43,0.033368
2024-09-02 19:06:44,0.066576
2024-09-02 19:06:45,0.083968
2024-09-02 19:06:46,0.039712
2024-09-02 19:06:47,0.046808
2024-09-02 19:06:48,0.088928
2024-09-02 19:06:49,0.05208
2024-09-02 19:06:50,0.07228
2024-09-02 19:06:51,0.070768
2024-09-02 19:06:52,0.045336
2024-09-02 19:06:53,0.048896
2024-09-02 19:06:54,0.062456
2024-09-02 19:06:55,0.152632
2024-09-02 19:06:56,0.179424
2024-09-02 19:06:57,0.045552
2024-09-02 19:06:58,0.094424
2024-09-02 19:06:59,0.0398
2024-09-02 19:07:00,0.014328
2024-09-02 19:07:01,0.242048
2024-09-02 19:07:02,0.21172
2024-09-02 19:07:03,0.223064
2024-09-02 19:07:04,0.388824
2024-09-02 19:07:05,0.386384
2024-09-02 19:07:06,0.29068
2024-09-02 19:07:07,0.310304
2024-09-02 19:07:08,0.282832
2024-09-02 19:07:09,0.273632
2024-09-02 19:07:10,0.234224
2024-09-02 19:07:11,0.274808
2024-09-02 19:07:12,0.263664
2024-09-02 19:07:13,0.236216
2024-09-02 19:07:14,0.280152
2024-09-02 19:07:15,0.218864
2024-09-02 19:07:16,0.219832
2024-09-02 19:07:17,0.272864
2024-09-02 19:07:18,0.266872
2024-09-02 19:07:19,0.12288
2024-09-02 19:07:20,0.072528
2024-09-02 19:07:21,0.084464
2024-09-02 19:07:22,0.067024
2024-09-02 19:07:23,0.089856
2024-09-02 19:07:24,0.04672
2024-09-02 19:07:25,0.048904
2024-09-02 19:07:26,0.03632
2024-09-02 19:07:27,0.057272
2024-09-02 19:07:28,0.281016
2024-09-02 19:07:29,0.035616
2024-09-02 19:07:30,0.09652
2024-09-02 19:07:31,0.054272
2024-09-02 19:07:32,0.04744
2024-09-02 19:07:33,0.028368
2024-09-02 19:07:34,0.03012
2024-09-02 19:07:35,0.04304
2024-09-02 19:07:36,0.063872
2024-09-02 19:07:37,0.048048
2024-09-02 19:07:38,0.060664
2024-09-02 19:07:39,0.060584
2024-09-02 19:07:40,0.055416
2024-09-02 19:07:41,0.0546
2024-09-02 19:07:42,0.061648
2024-09-02 19:07:43,0.043832
2024-09-02 19:07:44,0.058184
2024-09-02 19:07:45,0.058112
2024-09-02 19:07:46,0.04804
2024-09-02 19:07:47,0.043736
2024-09-02 19:07:48,0.044616
2024-09-02 19:07:49,0.05632
2024-09-02 19:07:50,0.049512
2024-09-02 19:07:51,0.056952
2024-09-02 19:07:52,0.047016
2024-09-02 19:07:53,0.051176
2024-09-02 19:07:54,0.05036
2024-09-02 19:07:55,0.06128
2024-09-02 19:07:56,0.05804
2024-09-02 19:07:57,0.06868
2024-09-02 19:07:58,0.05436
2024-09-02 19:07:59,0.052808
2024-09-02 19:08:00,0.050736
2024-09-02 19:08:01,0.048112
2024-09-02 19:08:02,0.051368
2024-09-02 19:08:03,0.100256
2024-09-02 19:08:04,0.035592
2024-09-02 19:08:05,0.15408
2024-09-02 19:08:06,0.119728
2024-09-02 19:08:07,0.069816
2024-09-02 19:08:08,0.065704
2024-09-02 19:08:09,0.080584
2024-09-02 19:08:10,0.049528
2024-09-02 19:08:11,0.038216
2024-09-02 19:08:12,0.038992
2024-09-02 19:08:13,0.05328
2024-09-02 19:08:14,0.036304
2024-09-02 19:08:15,0.041872
2024-09-02 19:08:16,0.027968
2024-09-02 19:08:17,0.034776
2024-09-02 19:08:18,0.041728
2024-09-02 19:08:19,0.058472
2024-09-02 19:08:20,0.018488
2024-09-02 19:08:21,0.026488
2024-09-02 19:08:22,0.033264
2024-09-02 19:08:23,0.0398
2024-09-02 19:08:24,0.026496
2024-09-02 19:08:25,0.038264
2024-09-02 19:08:26,0.03476
2024-09-02 19:08:27,0.034272
2024-09-02 19:08:28,0.033264
2024-09-02 19:08:29,0.025136
2024-09-02 19:08:30,0.042688
2024-09-02 19:08:31,0.062192
2024-09-02 19:08:32,0.079032
2024-09-02 19:08:33,0.031896
2024-09-02 19:08:34,0.049272
2024-09-02 19:08:35,0.150424
2024-09-02 19:08:36,0.262504
2024-09-02 19:08:37,0.040088
2024-09-02 19:08:38,0.09084
2024-09-02 19:08:39,0.037552
2024-09-02 19:08:40,0.04632
2024-09-02 19:08:41,0.147728
2024-09-02 19:08:42,0.237976
2024-09-02 19:08:43,0.25412
2024-09-02 19:08:44,0.274104
2024-09-02 19:08:45,0.34572
2024-09-02 19:08:46,0.293872
2024-09-02 19:08:47,0.341024
2024-09-02 19:08:48,0.424688
2024-09-02 19:08:49,0.350368
2024-09-02 19:08:50,0.25108
2024-09-02 19:08:51,0.26268
2024-09-02 19:08:52,0.213192
2024-09-02 19:08:53,0.204616
2024-09-02 19:08:54,0.197528
2024-09-02 19:08:55,0.209168
2024-09-02 19:08:56,0.2042
2024-09-02 19:08:57,0.162552
2024-09-02 19:08:58,0.125296
2024-09-02 19:08:59,0.118168
2024-09-02 19:09:00,0.101608
2024-09-02 19:09:01,0.072
2024-09-02 19:09:02,0.05916
2024-09-02 19:09:03,0.030168
2024-09-02 19:09:04,0.06724
2024-09-02 19:09:05,0.2778
2024-09-02 19:09:06,0.054768
2024-09-02 19:09:07,0.227432
2024-09-02 19:09:08,0.1074
2024-09-02 19:09:09,0.077936
2024-09-02 19:09:10,0.048824
2024-09-02 19:09:11,0.059608
2024-09-02 19:09:12,0.043984
2024-09-02 19:09:13,0.062048
2024-09-02 19:09:14,0.049608
2024-09-02 19:09:15,0.03548
2024-09-02 19:09:16,0.0662
2024-09-02 19:09:17,0.063864
2024-09-02 19:09:18,0.048904
2024-09-02 19:09:19,0.05108
2024-09-02 19:09:20,0.04116
2024-09-02 19:09:21,0.048472
2024-09-02 19:09:22,0.053456
2024-09-02 19:09:23,0.024176
2024-09-02 19:09:24,0.03652
2024-09-02 19:09:25,0.01828
2024-09-02 19:09:26,0.0326
2024-09-02 19:09:27,0.059848
2024-09-02 19:09:28,0.046176
2024-09-02 19:09:29,0.035232
2024-09-02 19:09:30,0.070392
2024-09-02 19:09:31,0.091928
2024-09-02 19:09:32,0.035576
2024-09-02 19:09:33,0.050856
2024-09-02 19:09:34,0.057936
2024-09-02 19:09:35,0.04036
2024-09-02 19:09:36,0.063624
2024-09-02 19:09:37,0.098536
2024-09-02 19:09:38,0.280304
2024-09-02 19:09:39,0.100088
2024-09-02 19:09:40,0.054912
2024-09-02 19:09:41,0.06968
2024-09-02 19:09:42,0.0434
2024-09-02 19:09:43,0.067016
2024-09-02 19:09:44,0.16788
2024-09-02 19:09:45,0.267728
2024-09-02 19:09:46,0.224688
2024-09-02 19:09:47,0.269232
2024-09-02 19:09:48,0.355368
2024-09-02 19:09:49,0.279752
2024-09-02 19:09:50,0.368864
2024-09-02 19:09:51,0.306488
2024-09-02 19:09:52,0.255048
2024-09-02 19:09:53,0.24104
2024-09-02 19:09:54,0.246888
2024-09-02 19:09:55,0.196432
2024-09-02 19:09:56,0.21632
2024-09-02 19:09:57,0.220888
2024-09-02 19:09:58,0.200152
2024-09-02 19:09:59,0.170056
2024-09-02 19:10:00,0.17084
2024-09-02 19:10:01,0.159968
2024-09-02 19:10:02,0.207056
2024-09-02 19:10:03,0.139408
2024-09-02 19:10:04,0.107664
2024-09-02 19:10:05,0.067984
2024-09-02 19:10:06,0.069472
2024-09-02 19:10:07,0.067872
2024-09-02 19:10:08,0.052448
2024-09-02 19:10:09,0.0694
2024-09-02 19:10:10,0.067904
2024-09-02 19:10:11,0.084616
2024-09-02 19:10:12,0.084544
2024-09-02 19:10:13,0.034576
2024-09-02 19:10:14,0.051904
2024-09-02 19:10:15,0.032336
2024-09-02 19:10:16,0.067024
2024-09-02 19:10:17,0.28316
2024-09-02 19:10:18,0.057176
2024-09-02 19:10:19,0.317584
2024-09-02 19:10:20,0.17216
2024-09-02 19:10:21,0.092176
2024-09-02 19:10:22,0.10972
2024-09-02 19:10:23,0.030784
2024-09-02 19:10:24,0.041048
2024-09-02 19:10:25,0.038392
2024-09-02 19:10:26,0.035936
2024-09-02 19:10:27,0.063808
2024-09-02 19:10:28,0.022984
2024-09-02 19:10:29,0.042424
2024-09-02 19:10:30,0.02668
2024-09-02 19:10:31,0.03628
2024-09-02 19:10:32,0.022192
2024-09-02 19:10:33,0.032344
2024-09-02 19:10:34,0.028848
2024-09-02 19:10:35,0.030592
2024-09-02 19:10:36,0.035048
2024-09-02 19:10:37,0.019968
2024-09-02 19:10:38,0.028904
2024-09-02 19:10:39,0.18452
2024-09-02 19:10:40,0.044664
2024-09-02 19:10:41,0.041544
2024-09-02 19:10:42,0.110088
2024-09-02 19:10:43,0.135664
2024-09-02 19:10:44,0.246296
2024-09-02 19:10:45,0.243288
2024-09-02 19:10:46,0.296288
2024-09-02 19:10:47,0.385832
2024-09-02 19:10:48,0.326968
2024-09-02 19:10:49,0.380392
2024-09-02 19:10:50,0.353992
2024-09-02 19:10:51,0.225944
2024-09-02 19:10:52,0.175648
2024-09-02 19:10:53,0.091008
2024-09-02 19:10:54,0.091256
2024-09-02 19:10:55,0.326472
2024-09-02 19:10:56,0.182736
2024-09-02 19:10:57,0.190952
2024-09-02 19:10:58,0.072184
2024-09-02 19:10:59,0.06352
2024-09-02 19:11:00,0.07172
2024-09-02 19:11:01,0.076976
2024-09-02 19:11:02,0.042704
2024-09-02 19:11:03,0.038176
2024-09-02 19:11:04,0.046336
2024-09-02 19:11:05,0.041616
2024-09-02 19:11:06,0.029864
2024-09-02 19:11:07,0.029432
2024-09-02 19:11:08,0.057792
2024-09-02 19:11:09,0.03448
2024-09-02 19:11:10,0.01908
2024-09-02 19:11:11,0.040296
2024-09-02 19:11:12,0.043664
2024-09-02 19:11:13,0.040432
2024-09-02 19:11:14,0.019776
2024-09-02 19:11:15,0.018736
2024-09-02 19:11:16,0.024136
2024-09-02 19:11:17,0.045664
2024-09-02 19:11:18,0.04268
2024-09-02 19:11:19,0.041632
2024-09-02 19:11:20,0.07072
2024-09-02 19:11:21,0.030256
2024-09-02 19:11:22,0.028168
2024-09-02 19:11:23,0.024184
2024-09-02 19:11:24,0.035936
2024-09-02 19:11:25,0.051384
2024-09-02 19:11:26,0.17792
2024-09-02 19:11:27,0.231848
2024-09-02 19:11:28,0.026872
2024-09-02 19:11:29,0.097872
2024-09-02 19:11:30,0.057824
2024-09-02 19:11:31,0.036176
2024-09-02 19:11:32,0.173424
2024-09-02 19:11:33,0.297664
2024-09-02 19:11:34,0.295616
2024-09-02 19:11:35,0.307992
2024-09-02 19:11:36,0.37852
2024-09-02 19:11:37,0.373152
2024-09-02 19:11:38,0.364512
2024-09-02 19:11:39,0.429872
2024-09-02 19:11:40,0.400328
2024-09-02 19:11:41,0.407552
2024-09-02 19:11:42,0.386272
2024-09-02 19:11:43,0.239568
2024-09-02 19:11:44,0.291352
2024-09-02 19:11:45,0.289824
2024-09-02 19:11:46,0.215712
2024-09-02 19:11:47,0.228512
2024-09-02 19:11:48,0.20448
2024-09-02 19:11:49,0.223424
2024-09-02 19:11:50,0.147776
2024-09-02 19:11:51,0.163152
2024-09-02 19:11:52,0.156736
2024-09-02 19:11:53,0.090608
2024-09-02 19:11:54,0.114832
2024-09-02 19:11:55,0.127992
2024-09-02 19:11:56,0.040104
2024-09-02 19:11:57,0.0584
2024-09-02 19:11:58,0.2938
2024-09-02 19:11:59,0.075312
2024-09-02 19:12:00,0.226024
2024-09-02 19:12:01,0.122056
2024-09-02 19:12:02,0.046784
2024-09-02 19:12:03,0.0486
2024-09-02 19:12:04,0.013992
2024-09-02 19:12:05,0.022368
2024-09-02 19:12:06,0.017792
2024-09-02 19:12:07,0.029656
2024-09-02 19:12:08,0.041664
2024-09-02 19:12:09,0.066248
2024-09-02 19:12:10,0.073384
2024-09-02 19:12:11,0.0732
2024-09-02 19:12:12,0.050984
2024-09-02 19:12:13,0.093504
2024-09-02 19:12:14,0.061728
2024-09-02 19:12:15,0.078
2024-09-02 19:12:16,0.061904
2024-09-02 19:12:17,0.048808
2024-09-02 19:12:18,0.040752
2024-09-02 19:12:19,0.030872
2024-09-02 19:12:20,0.040344
2024-09-02 19:12:21,0.023992
2024-09-02 19:12:22,0.043864
2024-09-02 19:12:23,0.057776
2024-09-02 19:12:24,0.076536
2024-09-02 19:12:25,0.07076
2024-09-02 19:12:26,0.056992
2024-09-02 19:12:27,0.043704
2024-09-02 19:12:28,0.080288
2024-09-02 19:12:29,0.083392
2024-09-02 19:12:30,0.0532
2024-09-02 19:12:31,0.030536
2024-09-02 19:12:32,0.049792
2024-09-02 19:12:33,0.042976
2024-09-02 19:12:34,0.027208
2024-09-02 19:12:35,0.052136
2024-09-02 19:12:36,0.06992
2024-09-02 19:12:37,0.077728
2024-09-02 19:12:38,0.079216
2024-09-02 19:12:39,0.067288
2024-09-02 19:12:40,0.063088
2024-09-02 19:12:41,0.041856
2024-09-02 19:12:42,0.065088
2024-09-02 19:12:43,0.050512
2024-09-02 19:12:44,0.04056
2024-09-02 19:12:45,0.057952
2024-09-02 19:12:46,0.033984
2024-09-02 19:12:47,0.047984
2024-09-02 19:12:48,0.024968
2024-09-02 19:12:49,0.030864
2024-09-02 19:12:50,0.087416
2024-09-02 19:12:51,0.223456
2024-09-02 19:12:52,0.085992
2024-09-02 19:12:53,0.022408
2024-09-02 19:12:54,0.082768
2024-09-02 19:12:55,0.050992
2024-09-02 19:12:56,0.069096
2024-09-02 19:12:57,0.188784
2024-09-02 19:12:58,0.326696
2024-09-02 19:12:59,0.336712
2024-09-02 19:13:00,0.37448
2024-09-02 19:13:01,0.438968
2024-09-02 19:13:02,0.353664
2024-09-02 19:13:03,0.347728
2024-09-02 19:13:04,0.408352
2024-09-02 19:13:05,0.300256
2024-09-02 19:13:06,0.247376
2024-09-02 19:13:07,0.305064
2024-09-02 19:13:08,0.23952
2024-09-02 19:13:09,0.254888
2024-09-02 19:13:10,0.200864
2024-09-02 19:13:11,0.239512
2024-09-02 19:13:12,0.120352
2024-09-02 19:13:13,0.102824
2024-09-02 19:13:14,0.098952
2024-09-02 19:13:15,0.095408
2024-09-02 19:13:16,0.102112
2024-09-02 19:13:17,0.073936
2024-09-02 19:13:18,0.093648
2024-09-02 19:13:19,0.079224
2024-09-02 19:13:20,0.064608
2024-09-02 19:13:21,0.031112
2024-09-02 19:13:22,0.06656
2024-09-02 19:13:23,0.329864
2024-09-02 19:13:24,0.037304
2024-09-02 19:13:25,0.300208
2024-09-02 19:13:26,0.072824
2024-09-02 19:13:27,0.0612
2024-09-02 19:13:28,0.077544
2024-09-02 19:13:29,0.071416
2024-09-02 19:13:30,0.030272
2024-09-02 19:13:31,0.073456
2024-09-02 19:13:32,0.066128
2024-09-02 19:13:33,0.06252
2024-09-02 19:13:34,0.073384
2024-09-02 19:13:35,0.03152
2024-09-02 19:13:36,0.079752
2024-09-02 19:13:37,0.071504
2024-09-02 19:13:38,0.035984
2024-09-02 19:13:39,0.064216
2024-09-02 19:13:40,0.035424
2024-09-02 19:13:41,0.041168
2024-09-02 19:13:42,0.065272
2024-09-02 19:13:43,0.047296
2024-09-02 19:13:44,0.046504
2024-09-02 19:13:45,0.058464
2024-09-02 19:13:46,0.058024
2024-09-02 19:13:47,0.037952
2024-09-02 19:13:48,0.038536
2024-09-02 19:13:49,0.034904
2024-09-02 19:13:50,0.03972
2024-09-02 19:13:51,0.029744
2024-09-02 19:13:52,0.040312
2024-09-02 19:13:53,0.019984
2024-09-02 19:13:54,0.036408
2024-09-02 19:13:55,0.166792
2024-09-02 19:13:56,0.205016
2024-09-02 19:13:57,0.110872
2024-09-02 19:13:58,0.094648
2024-09-02 19:13:59,0.073968
2024-09-02 19:14:00,0.055336
2024-09-02 19:14:01,0.119744
2024-09-02 19:14:02,0.244368
2024-09-02 19:14:03,0.254576
2024-09-02 19:14:04,0.281872
2024-09-02 19:14:05,0.408312
2024-09-02 19:14:06,0.292096
2024-09-02 19:14:07,0.424824
2024-09-02 19:14:08,0.510048
2024-09-02 19:14:09,0.357448
2024-09-02 19:14:10,0.302864
2024-09-02 19:14:11,0.397184
2024-09-02 19:14:12,0.274224
2024-09-02 19:14:13,0.306488
2024-09-02 19:14:14,0.268832
2024-09-02 19:14:15,0.191968
2024-09-02 19:14:16,0.20324
2024-09-02 19:14:17,0.190816
2024-09-02 19:14:18,0.094168
2024-09-02 19:14:19,0.117984
2024-09-02 19:14:20,0.081928
2024-09-02 19:14:21,0.060632
2024-09-02 19:14:22,0.086784
2024-09-02 19:14:23,0.067888
2024-09-02 19:14:24,0.065776
2024-09-02 19:14:25,0.036816
2024-09-02 19:14:26,0.041408
2024-09-02 19:14:27,0.023624
2024-09-02 19:14:28,0.023752
2024-09-02 19:14:29,0.017344
2024-09-02 19:14:30,0.031056
2024-09-02 19:14:31,0.035016
2024-09-02 19:14:32,0.343384
2024-09-02 19:14:33,0.090328
2024-09-02 19:14:34,0.053696
2024-09-02 19:14:35,0.049944
2024-09-02 19:14:36,0.056992
2024-09-02 19:14:37,0.029872
2024-09-02 19:14:38,0.042544
2024-09-02 19:14:39,0.033488
2024-09-02 19:14:40,0.047392
2024-09-02 19:14:41,0.044296
2024-09-02 19:14:42,0.057536
2024-09-02 19:14:43,0.065304
2024-09-02 19:14:44,0.052232
2024-09-02 19:14:45,0.049568
2024-09-02 19:14:46,0.047744
2024-09-02 19:14:47,0.055056
2024-09-02 19:14:48,0.051696
2024-09-02 19:14:49,0.04944
2024-09-02 19:14:50,0.048848
2024-09-02 19:14:51,0.043856
2024-09-02 19:14:52,0.051152
2024-09-02 19:14:53,0.054592
2024-09-02 19:14:54,0.053672
2024-09-02 19:14:55,0.044704
2024-09-02 19:14:56,0.038336
2024-09-02 19:14:57,0.038208
2024-09-02 19:14:58,0.039712
2024-09-02 19:14:59,0.036984
2024-09-02 19:15:00,0.051496
2024-09-02 19:15:01,0.041704
2024-09-02 19:15:02,0.048192
2024-09-02 19:15:03,0.041136
2024-09-02 19:15:04,0.040624
2024-09-02 19:15:05,0.043104
2024-09-02 19:15:06,0.101032
2024-09-02 19:15:07,0.028312
2024-09-02 19:15:08,0.030264
2024-09-02 19:15:09,0.215632
2024-09-02 19:15:10,0.085216
2024-09-02 19:15:11,0.051408
2024-09-02 19:15:12,0.061096
2024-09-02 19:15:13,0.046096
2024-09-02 19:15:14,0.038296
2024-09-02 19:15:15,0.038248
2024-09-02 19:15:16,0.053704
2024-09-02 19:15:17,0.035648
2024-09-02 19:15:18,0.035864
2024-09-02 19:15:19,0.044784
2024-09-02 19:15:20,0.040432
2024-09-02 19:15:21,0.042336
2024-09-02 19:15:22,0.034264
2024-09-02 19:15:23,0.02672
2024-09-02 19:15:24,0.03632
2024-09-02 19:15:25,0.051368
2024-09-02 19:15:26,0.033304
2024-09-02 19:15:27,0.044872
2024-09-02 19:15:28,0.033144
2024-09-02 19:15:29,0.047272
2024-09-02 19:15:30,0.087024
2024-09-02 19:15:31,0.034504
2024-09-02 19:15:32,0.070136
2024-09-02 19:15:33,0.063296
2024-09-02 19:15:34,0.03176
2024-09-02 19:15:35,0.033048
2024-09-02 19:15:36,0.065624
2024-09-02 19:15:37,0.031504
2024-09-02 19:15:38,0.044344
2024-09-02 19:15:39,0.180624
2024-09-02 19:15:40,0.245224
2024-09-02 19:15:41,0.031504
2024-09-02 19:15:42,0.091816
2024-09-02 19:15:43,0.060992
2024-09-02 19:15:44,0.041944
2024-09-02 19:15:45,0.198096
2024-09-02 19:15:46,0.249808
2024-09-02 19:15:47,0.243704
2024-09-02 19:15:48,0.294808
2024-09-02 19:15:49,0.388856
2024-09-02 19:15:50,0.442904
2024-09-02 19:15:51,0.401224
2024-09-02 19:15:52,0.364072
2024-09-02 19:15:53,0.322048
2024-09-02 19:15:54,0.266112
2024-09-02 19:15:55,0.323688
2024-09-02 19:15:56,0.323072
2024-09-02 19:15:57,0.262688
2024-09-02 19:15:58,0.20864
2024-09-02 19:15:59,0.240216
2024-09-02 19:16:00,0.117384
2024-09-02 19:16:01,0.081504
2024-09-02 19:16:02,0.078608
2024-09-02 19:16:03,0.075344
2024-09-02 19:16:04,0.09212
2024-09-02 19:16:05,0.043048
2024-09-02 19:16:06,0.048304
2024-09-02 19:16:07,0.280648
2024-09-02 19:16:08,0.119696
2024-09-02 19:16:09,0.03356
2024-09-02 19:16:10,0.3174
2024-09-02 19:16:11,0.085792
2024-09-02 19:16:12,0.046528
2024-09-02 19:16:13,0.044248
2024-09-02 19:16:14,0.032104
2024-09-02 19:16:15,0.077336
2024-09-02 19:16:16,0.037096
2024-09-02 19:16:17,0.037472
2024-09-02 19:16:18,0.040872
2024-09-02 19:16:19,0.03888
2024-09-02 19:16:20,0.03604
2024-09-02 19:16:21,0.047088
2024-09-02 19:16:22,0.018672
2024-09-02 19:16:23,0.01476
2024-09-02 19:16:24,0.016648
2024-09-02 19:16:25,0.048072
2024-09-02 19:16:26,0.050592
2024-09-02 19:16:27,0.03064
2024-09-02 19:16:28,0.056016
2024-09-02 19:16:29,0.036784
2024-09-02 19:16:30,0.070696
2024-09-02 19:16:31,0.035328
2024-09-02 19:16:32,0.03568
2024-09-02 19:16:33,0.063648
2024-09-02 19:16:34,0.038576
2024-09-02 19:16:35,0.023848
2024-09-02 19:16:36,0.060688
2024-09-02 19:16:37,0.032152
2024-09-02 19:16:38,0.031928
2024-09-02 19:16:39,0.08256
2024-09-02 19:16:40,0.196416
2024-09-02 19:16:41,0.123112
2024-09-02 19:16:42,0.022736
2024-09-02 19:16:43,0.095408
2024-09-02 19:16:44,0.03868
2024-09-02 19:16:45,0.01568
2024-09-02 19:16:46,0.267824
2024-09-02 19:16:47,0.187144
2024-09-02 19:16:48,0.22592
2024-09-02 19:16:49,0.355448
2024-09-02 19:16:50,0.38156
2024-09-02 19:16:51,0.359824
2024-09-02 19:16:52,0.473296
2024-09-02 19:16:53,0.374832
2024-09-02 19:16:54,0.35248
2024-09-02 19:16:55,0.427504
2024-09-02 19:16:56,0.244568
2024-09-02 19:16:57,0.296616
2024-09-02 19:16:58,0.337856
2024-09-02 19:16:59,0.283768
2024-09-02 19:17:00,0.206128
2024-09-02 19:17:01,0.28916
2024-09-02 19:17:02,0.216712
2024-09-02 19:17:03,0.186624
2024-09-02 19:17:04,0.157648
2024-09-02 19:17:05,0.19492
2024-09-02 19:17:06,0.122584
2024-09-02 19:17:07,0.051552
2024-09-02 19:17:08,0.049352
2024-09-02 19:17:09,0.074872
2024-09-02 19:17:10,0.402672
2024-09-02 19:17:11,0.090088
2024-09-02 19:17:12,0.475024
2024-09-02 19:17:13,0.097264
2024-09-02 19:17:14,0.092936
2024-09-02 19:17:15,0.048312
2024-09-02 19:17:16,0.039816
2024-09-02 19:17:17,0.037288
2024-09-02 19:17:18,0.055736
2024-09-02 19:17:19,0.036352
2024-09-02 19:17:20,0.020376
2024-09-02 19:17:21,0.0194
2024-09-02 19:17:22,0.030456
2024-09-02 19:17:23,0.033168
2024-09-02 19:17:24,0.033528
2024-09-02 19:17:25,0.016128
2024-09-02 19:17:26,0.031984
2024-09-02 19:17:27,0.029944
2024-09-02 19:17:28,0.022704
2024-09-02 19:17:29,0.013016
2024-09-02 19:17:30,0.01804
2024-09-02 19:17:31,0.025856
2024-09-02 19:17:32,0.19816
2024-09-02 19:17:33,0.040176
2024-09-02 19:17:34,0.036736
2024-09-02 19:17:35,0.169544
2024-09-02 19:17:36,0.242224
2024-09-02 19:17:37,0.229464
2024-09-02 19:17:38,0.242088
2024-09-02 19:17:39,0.3358
2024-09-02 19:17:40,0.456192
2024-09-02 19:17:41,0.556192
2024-09-02 19:17:42,0.50752
2024-09-02 19:17:43,0.455192
2024-09-02 19:17:44,0.350456
2024-09-02 19:17:45,0.221048
2024-09-02 19:17:46,0.154312
2024-09-02 19:17:47,0.15628
2024-09-02 19:17:48,0.11108
2024-09-02 19:17:49,0.091048
2024-09-02 19:17:50,0.082872
2024-09-02 19:17:51,0.368632
2024-09-02 19:17:52,0.180336
2024-09-02 19:17:53,0.197968
2024-09-02 19:17:54,0.07472
2024-09-02 19:17:55,0.058272
2024-09-02 19:17:56,0.03688
2024-09-02 19:17:57,0.03268
2024-09-02 19:17:58,0.028456
2024-09-02 19:17:59,0.036584
2024-09-02 19:18:00,0.04276
2024-09-02 19:18:01,0.042408
2024-09-02 19:18:02,0.050344
2024-09-02 19:18:03,0.052712
2024-09-02 19:18:04,0.14176
2024-09-02 19:18:05,0.051296
2024-09-02 19:18:06,0.041072
2024-09-02 19:18:07,0.059544
2024-09-02 19:18:08,0.020688
2024-09-02 19:18:09,0.072264
2024-09-02 19:18:10,0.05364
2024-09-02 19:18:11,0.046072
2024-09-02 19:18:12,0.037872
2024-09-02 19:18:13,0.031208
2024-09-02 19:18:14,0.042928
2024-09-02 19:18:15,0.029224
2024-09-02 19:18:16,0.057744
2024-09-02 19:18:17,0.050576
2024-09-02 19:18:18,0.038928
2024-09-02 19:18:19,0.024896
2024-09-02 19:18:20,0.05296
2024-09-02 19:18:21,0.043368
2024-09-02 19:18:22,0.171576
2024-09-02 19:18:23,0.201352
2024-09-02 19:18:24,0.060336
2024-09-02 19:18:25,0.07788
2024-09-02 19:18:26,0.067024
2024-09-02 19:18:27,0.029816
2024-09-02 19:18:28,0.176144
2024-09-02 19:18:29,0.208336
2024-09-02 19:18:30,0.208936
2024-09-02 19:18:31,0.371872
2024-09-02 19:18:32,0.381592
2024-09-02 19:18:33,0.501488
2024-09-02 19:18:34,0.61796
2024-09-02 19:18:35,0.501856
2024-09-02 19:18:36,0.4554
2024-09-02 19:18:37,0.411168
2024-09-02 19:18:38,0.410168
2024-09-02 19:18:39,0.49056
2024-09-02 19:18:40,0.37408
2024-09-02 19:18:41,0.343128
2024-09-02 19:18:42,0.208168
2024-09-02 19:18:43,0.25616
2024-09-02 19:18:44,0.25848
2024-09-02 19:18:45,0.299744
2024-09-02 19:18:46,0.152448
2024-09-02 19:18:47,0.182576
2024-09-02 19:18:48,0.048856
2024-09-02 19:18:49,0.042136
2024-09-02 19:18:50,0.018992
2024-09-02 19:18:51,0.048808
2024-09-02 19:18:52,0.328256
2024-09-02 19:18:53,0.039464
2024-09-02 19:18:54,0.30764
2024-09-02 19:18:55,0.11044
2024-09-02 19:18:56,0.13412
2024-09-02 19:18:57,0.070928
2024-09-02 19:18:58,0.062152
2024-09-02 19:18:59,0.035936
2024-09-02 19:19:00,0.04336
2024-09-02 19:19:01,0.035
2024-09-02 19:19:02,0.017688
2024-09-02 19:19:03,0.021432
2024-09-02 19:19:04,0.03276
2024-09-02 19:19:05,0.039736
2024-09-02 19:19:06,0.040072
2024-09-02 19:19:07,0.039272
2024-09-02 19:19:08,0.040744
2024-09-02 19:19:09,0.02724
2024-09-02 19:19:10,0.024128
2024-09-02 19:19:11,0.033312
2024-09-02 19:19:12,0.033528
2024-09-02 19:19:13,0.042152
2024-09-02 19:19:14,0.03532
2024-09-02 19:19:15,0.024952
2024-09-02 19:19:16,0.027152
2024-09-02 19:19:17,0.027048
2024-09-02 19:19:18,0.025888
2024-09-02 19:19:19,0.040408
2024-09-02 19:19:20,0.037776
2024-09-02 19:19:21,0.039232
2024-09-02 19:19:22,0.033256
2024-09-02 19:19:23,0.023216
2024-09-02 19:19:24,0.2194
2024-09-02 19:19:25,0.211464
2024-09-02 19:19:26,0.036608
2024-09-02 19:19:27,0.07852
2024-09-02 19:19:28,0.043496
2024-09-02 19:19:29,0.033384
2024-09-02 19:19:30,0.193736
2024-09-02 19:19:31,0.252776
2024-09-02 19:19:32,0.234688
2024-09-02 19:19:33,0.342552
2024-09-02 19:19:34,0.491968
2024-09-02 19:19:35,0.466072
2024-09-02 19:19:36,0.53984
2024-09-02 19:19:37,0.547096
2024-09-02 19:19:38,0.502584
2024-09-02 19:19:39,0.41076
2024-09-02 19:19:40,0.431168
2024-09-02 19:19:41,0.36912
2024-09-02 19:19:42,0.336216
2024-09-02 19:19:43,0.34616
2024-09-02 19:19:44,0.304648
2024-09-02 19:19:45,0.2134
2024-09-02 19:19:46,0.107608
2024-09-02 19:19:47,0.106144
2024-09-02 19:19:48,0.07304
2024-09-02 19:19:49,0.058192
2024-09-02 19:19:50,0.065304
2024-09-02 19:19:51,0.02668
2024-09-02 19:19:52,0.082584
2024-09-02 19:19:53,0.305168
2024-09-02 19:19:54,0.074848
2024-09-02 19:19:55,0.29036
2024-09-02 19:19:56,0.0856
2024-09-02 19:19:57,0.07408
2024-09-02 19:19:58,0.055648
2024-09-02 19:19:59,0.046936
2024-09-02 19:20:00,0.035776
2024-09-02 19:20:01,0.045448
2024-09-02 19:20:02,0.063896
2024-09-02 19:20:03,0.045184
2024-09-02 19:20:04,0.033296
2024-09-02 19:20:05,0.02932
2024-09-02 19:20:06,0.019736
2024-09-02 19:20:07,0.023336
2024-09-02 19:20:08,0.025952
2024-09-02 19:20:09,0.04916
2024-09-02 19:20:10,0.054488
2024-09-02 19:20:11,0.062752
2024-09-02 19:20:12,0.033672
2024-09-02 19:20:13,0.044104
2024-09-02 19:20:14,0.023248
2024-09-02 19:20:15,0.051872
2024-09-02 19:20:16,0.06224
2024-09-02 19:20:17,0.0592
2024-09-02 19:20:18,0.025648
2024-09-02 19:20:19,0.028352
2024-09-02 19:20:20,0.052552
2024-09-02 19:20:21,0.046072
2024-09-02 19:20:22,0.04208
2024-09-02 19:20:23,0.053024
2024-09-02 19:20:24,0.02072
2024-09-02 19:20:25,0.210576
2024-09-02 19:20:26,0.168552
2024-09-02 19:20:27,0.057784
2024-09-02 19:20:28,0.05632
2024-09-02 19:20:29,0.054288
2024-09-02 19:20:30,0.035944
2024-09-02 19:20:31,0.140352
2024-09-02 19:20:32,0.27344
2024-09-02 19:20:33,0.258856
2024-09-02 19:20:34,0.3488
2024-09-02 19:20:35,0.3984
2024-09-02 19:20:36,0.525408
2024-09-02 19:20:37,0.522312
2024-09-02 19:20:38,0.508984
2024-09-02 19:20:39,0.528352
2024-09-02 19:20:40,0.438768
2024-09-02 19:20:41,0.536128
2024-09-02 19:20:42,0.387456
2024-09-02 19:20:43,0.341976
2024-09-02 19:20:44,0.286408
2024-09-02 19:20:45,0.282464
2024-09-02 19:20:46,0.32524
2024-09-02 19:20:47,0.288816
2024-09-02 19:20:48,0.157728
2024-09-02 19:20:49,0.066592
2024-09-02 19:20:50,0.054896
2024-09-02 19:20:51,0.050592
2024-09-02 19:20:52,0.065728
2024-09-02 19:20:53,0.060816
2024-09-02 19:20:54,0.07792
2024-09-02 19:20:55,0.037152
2024-09-02 19:20:56,0.033328
2024-09-02 19:20:57,0.03848
2024-09-02 19:20:58,0.039584
2024-09-02 19:20:59,0.028704
2024-09-02 19:21:00,0.033992
2024-09-02 19:21:01,0.043688
2024-09-02 19:21:02,0.036976
2024-09-02 19:21:03,0.03324
2024-09-02 19:21:04,0.035216
2024-09-02 19:21:05,0.045256
2024-09-02 19:21:06,0.049728
2024-09-02 19:21:07,0.032752
2024-09-02 19:21:08,0.049112
2024-09-02 19:21:09,0.026936
2024-09-02 19:21:10,0.045056
2024-09-02 19:21:11,0.329224
2024-09-02 19:21:12,0.035464
2024-09-02 19:21:13,0.098144
2024-09-02 19:21:14,0.054528
2024-09-02 19:21:15,0.03948
2024-09-02 19:21:16,0.026928
2024-09-02 19:21:17,0.030728
2024-09-02 19:21:18,0.045048
2024-09-02 19:21:19,0.047896
2024-09-02 19:21:20,0.042912
2024-09-02 19:21:21,0.03596
2024-09-02 19:21:22,0.052072
2024-09-02 19:21:23,0.048048
2024-09-02 19:21:24,0.05416
2024-09-02 19:21:25,0.0552
2024-09-02 19:21:26,0.055688
2024-09-02 19:21:27,0.053152
2024-09-02 19:21:28,0.049688
2024-09-02 19:21:29,0.049416
2024-09-02 19:21:30,0.046936
2024-09-02 19:21:31,0.051968
2024-09-02 19:21:32,0.06092
2024-09-02 19:21:33,0.060376
2024-09-02 19:21:34,0.056936
2024-09-02 19:21:35,0.072992
2024-09-02 19:21:36,0.077784
2024-09-02 19:21:37,0.069984
2024-09-02 19:21:38,0.06124
2024-09-02 19:21:39,0.072008
2024-09-02 19:21:40,0.04208
2024-09-02 19:21:41,0.032568
2024-09-02 19:21:42,0.032408
2024-09-02 19:21:43,0.034104
2024-09-02 19:21:44,0.039784
2024-09-02 19:21:45,0.041
2024-09-02 19:21:46,0.096512
2024-09-02 19:21:47,0.034896
2024-09-02 19:21:48,0.192488
2024-09-02 19:21:49,0.095168
2024-09-02 19:21:50,0.087824
2024-09-02 19:21:51,0.02568
2024-09-02 19:21:52,0.049616
2024-09-02 19:21:53,0.033712
2024-09-02 19:21:54,0.071616
2024-09-02 19:21:55,0.022152
2024-09-02 19:21:56,0.032576
2024-09-02 19:21:57,0.044216
2024-09-02 19:21:58,0.033616
2024-09-02 19:21:59,0.017344
2024-09-02 19:22:00,0.06068
2024-09-02 19:22:01,0.036368
2024-09-02 19:22:02,0.016448
2024-09-02 19:22:03,0.0308
2024-09-02 19:22:04,0.04852
2024-09-02 19:22:05,0.027624
2024-09-02 19:22:06,0.039992
2024-09-02 19:22:07,0.025944
2024-09-02 19:22:08,0.029944
2024-09-02 19:22:09,0.026208
2024-09-02 19:22:10,0.022216
2024-09-02 19:22:11,0.024024
2024-09-02 19:22:12,0.021928
2024-09-02 19:22:13,0.022912
2024-09-02 19:22:14,0.027192
2024-09-02 19:22:15,0.021232
2024-09-02 19:22:16,0.020632
2024-09-02 19:22:17,0.021712
2024-09-02 19:22:18,0.216832
2024-09-02 19:22:19,0.214608
2024-09-02 19:22:20,0.061808
2024-09-02 19:22:21,0.076912
2024-09-02 19:22:22,0.05044
2024-09-02 19:22:23,0.039488
2024-09-02 19:22:24,0.284352
2024-09-02 19:22:25,0.236424
2024-09-02 19:22:26,0.259256
2024-09-02 19:22:27,0.443576
2024-09-02 19:22:28,0.526704
2024-09-02 19:22:29,0.52844
2024-09-02 19:22:30,0.694272
2024-09-02 19:22:31,0.511968
2024-09-02 19:22:32,0.331672
2024-09-02 19:22:33,0.438624
2024-09-02 19:22:34,0.488128
2024-09-02 19:22:35,0.44748
2024-09-02 19:22:36,0.435176
2024-09-02 19:22:37,0.41056
2024-09-02 19:22:38,0.311648
2024-09-02 19:22:39,0.292472
2024-09-02 19:22:40,0.20492
2024-09-02 19:22:41,0.168312
2024-09-02 19:22:42,0.111032
2024-09-02 19:22:43,0.132992
2024-09-02 19:22:44,0.07816
2024-09-02 19:22:45,0.059072
2024-09-02 19:22:46,0.070632
2024-09-02 19:22:47,0.083728
2024-09-02 19:22:48,0.038952
2024-09-02 19:22:49,0.053872
2024-09-02 19:22:50,0.103176
2024-09-02 19:22:51,0.26164
2024-09-02 19:22:52,0.0584
2024-09-02 19:22:53,0.259176
2024-09-02 19:22:54,0.093824
2024-09-02 19:22:55,0.1134
2024-09-02 19:22:56,0.09832
2024-09-02 19:22:57,0.065832
2024-09-02 19:22:58,0.146712
2024-09-02 19:22:59,0.045072
2024-09-02 19:23:00,0.03088
2024-09-02 19:23:01,0.026072
2024-09-02 19:23:02,0.027768
2024-09-02 19:23:03,0.026552
2024-09-02 19:23:04,0.02496
2024-09-02 19:23:05,0.024696
2024-09-02 19:23:06,0.020368
2024-09-02 19:23:07,0.03856
2024-09-02 19:23:08,0.021272
2024-09-02 19:23:09,0.030096
2024-09-02 19:23:10,0.027272
2024-09-02 19:23:11,0.019512
2024-09-02 19:23:12,0.023712
2024-09-02 19:23:13,0.032992
2024-09-02 19:23:14,0.024296
2024-09-02 19:23:15,0.030312
2024-09-02 19:23:16,0.031496
2024-09-02 19:23:17,0.029176
2024-09-02 19:23:18,0.048344
2024-09-02 19:23:19,0.032584
2024-09-02 19:23:20,0.069768
2024-09-02 19:23:21,0.026144
2024-09-02 19:23:22,0.025936
2024-09-02 19:23:23,0.190144
2024-09-02 19:23:24,0.193976
2024-09-02 19:23:25,0.043568
2024-09-02 19:23:26,0.075064
2024-09-02 19:23:27,0.029472
2024-09-02 19:23:28,0.023048
2024-09-02 19:23:29,0.189472
2024-09-02 19:23:30,0.306264
2024-09-02 19:23:31,0.311248
2024-09-02 19:23:32,0.362064
2024-09-02 19:23:33,0.502728
2024-09-02 19:23:34,0.4302
2024-09-02 19:23:35,0.397712
2024-09-02 19:23:36,0.492584
2024-09-02 19:23:37,0.427632
2024-09-02 19:23:38,0.3616
2024-09-02 19:23:39,0.354808
2024-09-02 19:23:40,0.292616
2024-09-02 19:23:41,0.308536
2024-09-02 19:23:42,0.345424
2024-09-02 19:23:43,0.2458
2024-09-02 19:23:44,0.179232
2024-09-02 19:23:45,0.185912
2024-09-02 19:23:46,0.12236
2024-09-02 19:23:47,0.040704
2024-09-02 19:23:48,0.09104
2024-09-02 19:23:49,0.053584
2024-09-02 19:23:50,0.279928
2024-09-02 19:23:51,0.122136
2024-09-02 19:23:52,0.273904
2024-09-02 19:23:53,0.055048
2024-09-02 19:23:54,0.046328
2024-09-02 19:23:55,0.040856
2024-09-02 19:23:56,0.03008
2024-09-02 19:23:57,0.015752
2024-09-02 19:23:58,0.0206
2024-09-02 19:23:59,0.015224
2024-09-02 19:24:00,0.0176
2024-09-02 19:24:01,0.015224
2024-09-02 19:24:02,0.015856
2024-09-02 19:24:03,0.016968
2024-09-02 19:24:04,0.027952
2024-09-02 19:24:05,0.0176
2024-09-02 19:24:06,0.020512
2024-09-02 19:24:07,0.027936
2024-09-02 19:24:08,0.020136
2024-09-02 19:24:09,0.031176
2024-09-02 19:24:10,0.021768
2024-09-02 19:24:11,0.02004
2024-09-02 19:24:12,0.061512
2024-09-02 19:24:13,0.044864
2024-09-02 19:24:14,0.041696
2024-09-02 19:24:15,0.158768
2024-09-02 19:24:16,0.155224
2024-09-02 19:24:17,0.15948
2024-09-02 19:24:18,0.166224
2024-09-02 19:24:19,0.233008
2024-09-02 19:24:20,0.280232
2024-09-02 19:24:21,0.328088
2024-09-02 19:24:22,0.35528
2024-09-02 19:24:23,0.274632
2024-09-02 19:24:24,0.178752
2024-09-02 19:24:25,0.092944
2024-09-02 19:24:26,0.261816
2024-09-02 19:24:27,0.14108
2024-09-02 19:24:28,0.161912
2024-09-02 19:24:29,0.084736
2024-09-02 19:24:30,0.071624
2024-09-02 19:24:31,0.048176
2024-09-02 19:24:32,0.04728
2024-09-02 19:24:33,0.055072
2024-09-02 19:24:34,0.06636
2024-09-02 19:24:35,0.047752
2024-09-02 19:24:36,0.06484
2024-09-02 19:24:37,0.063616
2024-09-02 19:24:38,0.057256
2024-09-02 19:24:39,0.077864
2024-09-02 19:24:40,0.055392
2024-09-02 19:24:41,0.045144
2024-09-02 19:24:42,0.051336
2024-09-02 19:24:43,0.046648
2024-09-02 19:24:44,0.036176
2024-09-02 19:24:45,0.033864
2024-09-02 19:24:46,0.022912
2024-09-02 19:24:47,0.035568
2024-09-02 19:24:48,0.018504
2024-09-02 19:24:49,0.024288
2024-09-02 19:24:50,0.021536
2024-09-02 19:24:51,0.035928
2024-09-02 19:24:52,0.048672
2024-09-02 19:24:53,0.021648
2024-09-02 19:24:54,0.025624
2024-09-02 19:24:55,0.040272
2024-09-02 19:24:56,0.03488
2024-09-02 19:24:57,0.111744
2024-09-02 19:24:58,0.201072
2024-09-02 19:24:59,0.0452
2024-09-02 19:25:00,0.070616
2024-09-02 19:25:01,0.039664
2024-09-02 19:25:02,0.030992
2024-09-02 19:25:03,0.156752
2024-09-02 19:25:04,0.215408
2024-09-02 19:25:05,0.238032
2024-09-02 19:25:06,0.321208
2024-09-02 19:25:07,0.410448
2024-09-02 19:25:08,0.345736
2024-09-02 19:25:09,0.370728
2024-09-02 19:25:10,0.45572
2024-09-02 19:25:11,0.426536
2024-09-02 19:25:12,0.38396
2024-09-02 19:25:13,0.3072
2024-09-02 19:25:14,0.334344
2024-09-02 19:25:15,0.36656
2024-09-02 19:25:16,0.367688
2024-09-02 19:25:17,0.320304
2024-09-02 19:25:18,0.313784
2024-09-02 19:25:19,0.266464
2024-09-02 19:25:20,0.279144
2024-09-02 19:25:21,0.232008
2024-09-02 19:25:22,0.065864
2024-09-02 19:25:23,0.0414
2024-09-02 19:25:24,0.110288
2024-09-02 19:25:25,0.184384
2024-09-02 19:25:26,0.059192
2024-09-02 19:25:27,0.215344
2024-09-02 19:25:28,0.065592
2024-09-02 19:25:29,0.061992
2024-09-02 19:25:30,0.039016
2024-09-02 19:25:31,0.042
2024-09-02 19:25:32,0.0228
2024-09-02 19:25:33,0.031592
2024-09-02 19:25:34,0.025416
2024-09-02 19:25:35,0.068552
2024-09-02 19:25:36,0.062104
2024-09-02 19:25:37,0.037328
2024-09-02 19:25:38,0.030736
2024-09-02 19:25:39,0.018576
2024-09-02 19:25:40,0.019256
2024-09-02 19:25:41,0.046792
2024-09-02 19:25:42,0.022064
2024-09-02 19:25:43,0.013808
2024-09-02 19:25:44,0.015648
2024-09-02 19:25:45,0.019088
2024-09-02 19:25:46,0.019512
2024-09-02 19:25:47,0.018456
2024-09-02 19:25:48,0.02084
2024-09-02 19:25:49,0.016224
2024-09-02 19:25:50,0.019688
2024-09-02 19:25:51,0.023392
2024-09-02 19:25:52,0.016704
2024-09-02 19:25:53,0.017568
2024-09-02 19:25:54,0.01376
2024-09-02 19:25:55,0.017208
2024-09-02 19:25:56,0.01784
2024-09-02 19:25:57,0.148192
2024-09-02 19:25:58,0.140072
2024-09-02 19:25:59,0.034456
2024-09-02 19:26:00,0.040072
2024-09-02 19:26:01,0.032336
2024-09-02 19:26:02,0.024288
2024-09-02 19:26:03,0.151632
2024-09-02 19:26:04,0.288264
2024-09-02 19:26:05,0.253544
2024-09-02 19:26:06,0.312568
2024-09-02 19:26:07,0.425304
2024-09-02 19:26:08,0.350152
2024-09-02 19:26:09,0.390048
2024-09-02 19:26:10,0.398392
2024-09-02 19:26:11,0.40304
2024-09-02 19:26:12,0.347608
2024-09-02 19:26:13,0.360424
2024-09-02 19:26:14,0.330968
2024-09-02 19:26:15,0.35744
2024-09-02 19:26:16,0.296288
2024-09-02 19:26:17,0.24776
2024-09-02 19:26:18,0.212104
2024-09-02 19:26:19,0.221048
2024-09-02 19:26:20,0.131328
2024-09-02 19:26:21,0.028192
2024-09-02 19:26:22,0.031184
2024-09-02 19:26:23,0.053688
2024-09-02 19:26:24,0.037656
2024-09-02 19:26:25,0.184576
2024-09-02 19:26:26,0.044392
2024-09-02 19:26:27,0.228456
2024-09-02 19:26:28,0.07052
2024-09-02 19:26:29,0.08156
2024-09-02 19:26:30,0.07244
2024-09-02 19:26:31,0.0456
2024-09-02 19:26:32,0.06108
2024-09-02 19:26:33,0.066784
2024-09-02 19:26:34,0.043432
2024-09-02 19:26:35,0.026008
2024-09-02 19:26:36,0.07332
2024-09-02 19:26:37,0.060552
2024-09-02 19:26:38,0.028704
2024-09-02 19:26:39,0.03172
2024-09-02 19:26:40,0.026984
2024-09-02 19:26:41,0.046552
2024-09-02 19:26:42,0.057056
2024-09-02 19:26:43,0.046896
2024-09-02 19:26:44,0.05848
2024-09-02 19:26:45,0.03236
2024-09-02 19:26:46,0.052248
2024-09-02 19:26:47,0.029544
2024-09-02 19:26:48,0.031568
2024-09-02 19:26:49,0.036584
2024-09-02 19:26:50,0.02104
2024-09-02 19:26:51,0.041408
2024-09-02 19:26:52,0.03584
2024-09-02 19:26:53,0.037688
2024-09-02 19:26:54,0.047664
2024-09-02 19:26:55,0.051688
2024-09-02 19:26:56,0.050928
2024-09-02 19:26:57,0.159392
2024-09-02 19:26:58,0.112656
2024-09-02 19:26:59,0.028664
2024-09-02 19:27:00,0.052544
2024-09-02 19:27:01,0.01868
2024-09-02 19:27:02,0.0578
2024-09-02 19:27:03,0.233104
2024-09-02 19:27:04,0.249096
2024-09-02 19:27:05,0.305816
2024-09-02 19:27:06,0.431784
2024-09-02 19:27:07,0.483136
2024-09-02 19:27:08,0.388816
2024-09-02 19:27:09,0.431248
2024-09-02 19:27:10,0.453248
2024-09-02 19:27:11,0.482888
2024-09-02 19:27:12,0.372776
2024-09-02 19:27:13,0.410736
2024-09-02 19:27:14,0.298176
2024-09-02 19:27:15,0.365104
2024-09-02 19:27:16,0.35532
2024-09-02 19:27:17,0.205688
2024-09-02 19:27:18,0.274088
2024-09-02 19:27:19,0.235296
2024-09-02 19:27:20,0.175488
2024-09-02 19:27:21,0.038904
2024-09-02 19:27:22,0.099248
2024-09-02 19:27:23,0.189848
2024-09-02 19:27:24,0.041992
2024-09-02 19:27:25,0.090464
2024-09-02 19:27:26,0.06464
2024-09-02 19:27:27,0.049032
2024-09-02 19:27:28,0.0422
2024-09-02 19:27:29,0.018264
2024-09-02 19:27:30,0.024344
2024-09-02 19:27:31,0.04792
2024-09-02 19:27:32,0.048
2024-09-02 19:27:33,0.033872
2024-09-02 19:27:34,0.04364
2024-09-02 19:27:35,0.048336
2024-09-02 19:27:36,0.049608
2024-09-02 19:27:37,0.068472
2024-09-02 19:27:38,0.06292
2024-09-02 19:27:39,0.053776
2024-09-02 19:27:40,0.032904
2024-09-02 19:27:41,0.037416
2024-09-02 19:27:42,0.03236
2024-09-02 19:27:43,0.035856
2024-09-02 19:27:44,0.03044
2024-09-02 19:27:45,0.034904
2024-09-02 19:27:46,0.074896
2024-09-02 19:27:47,0.020656
2024-09-02 19:27:48,0.110272
2024-09-02 19:27:49,0.105304
2024-09-02 19:27:50,0.066128
2024-09-02 19:27:51,0.084432
2024-09-02 19:27:52,0.050352
2024-09-02 19:27:53,0.023384
2024-09-02 19:27:54,0.023656
2024-09-02 19:27:55,0.030944
2024-09-02 19:27:56,0.027184
2024-09-02 19:27:57,0.023264
2024-09-02 19:27:58,0.014248
2024-09-02 19:27:59,0.050768
2024-09-02 19:28:00,0.02564
2024-09-02 19:28:01,0.02844
2024-09-02 19:28:02,0.075136
2024-09-02 19:28:03,0.023344
2024-09-02 19:28:04,0.052504
2024-09-02 19:28:05,0.022584
2024-09-02 19:28:06,0.028264
2024-09-02 19:28:07,0.01972
2024-09-02 19:28:08,0.0106
2024-09-02 19:28:09,0.023168
2024-09-02 19:28:10,0.021944
2024-09-02 19:28:11,0.02068
2024-09-02 19:28:12,0.04608
2024-09-02 19:28:13,0.0414
2024-09-02 19:28:14,0.033176
2024-09-02 19:28:15,0.011192
2024-09-02 19:28:16,0.047496
2024-09-02 19:28:17,0.03168
2024-09-02 19:28:18,0.15524
2024-09-02 19:28:19,0.113256
2024-09-02 19:28:20,0.073824
2024-09-02 19:28:21,0.029184
2024-09-02 19:28:22,0.047304
2024-09-02 19:28:23,0.040552
2024-09-02 19:28:24,0.130352
2024-09-02 19:28:25,0.275336
2024-09-02 19:28:26,0.281
2024-09-02 19:28:27,0.314296
2024-09-02 19:28:28,0.591224
2024-09-02 19:28:29,0.390104
2024-09-02 19:28:30,0.430424
2024-09-02 19:28:31,0.63536
2024-09-02 19:28:32,0.446736
2024-09-02 19:28:33,0.373608
2024-09-02 19:28:34,0.395112
2024-09-02 19:28:35,0.363504
2024-09-02 19:28:36,0.389248
2024-09-02 19:28:37,0.425672
2024-09-02 19:28:38,0.341488
2024-09-02 19:28:39,0.23168
2024-09-02 19:28:40,0.229408
2024-09-02 19:28:41,0.071384
2024-09-02 19:28:42,0.097592
2024-09-02 19:28:43,0.134352
2024-09-02 19:28:44,0.043048
2024-09-02 19:28:45,0.100456
2024-09-02 19:28:46,0.13916
2024-09-02 19:28:47,0.075168
2024-09-02 19:28:48,0.07596
2024-09-02 19:28:49,0.080048
2024-09-02 19:28:50,0.089616
2024-09-02 19:28:51,0.057048
2024-09-02 19:28:52,0.0554
2024-09-02 19:28:53,0.033584
2024-09-02 19:28:54,0.023936
2024-09-02 19:28:55,0.021848
2024-09-02 19:28:56,0.020656
2024-09-02 19:28:57,0.011824
2024-09-02 19:28:58,0.017192
2024-09-02 19:28:59,0.015064
2024-09-02 19:29:00,0.01052
2024-09-02 19:29:01,0.019272
2024-09-02 19:29:02,0.009168
2024-09-02 19:29:03,0.011632
2024-09-02 19:29:04,0.011624
2024-09-02 19:29:05,0.015392
2024-09-02 19:29:06,0.017536
2024-09-02 19:29:07,0.026368
2024-09-02 19:29:08,0.017056
2024-09-02 19:29:09,0.016696
2024-09-02 19:29:10,0.021736
2024-09-02 19:29:11,0.018048
2024-09-02 19:29:12,0.01428
2024-09-02 19:29:13,0.01136
2024-09-02 19:29:14,0.024616
2024-09-02 19:29:15,0.044032
2024-09-02 19:29:16,0.071712
2024-09-02 19:29:17,0.062864
2024-09-02 19:29:18,0.024552
2024-09-02 19:29:19,0.062848
2024-09-02 19:29:20,0.035064
2024-09-02 19:29:21,0.029104
2024-09-02 19:29:22,0.167176
2024-09-02 19:29:23,0.17096
2024-09-02 19:29:24,0.147648
2024-09-02 19:29:25,0.296784
2024-09-02 19:29:26,0.212512
2024-09-02 19:29:27,0.246128
2024-09-02 19:29:28,0.32308
2024-09-02 19:29:29,0.267992
2024-09-02 19:29:30,0.264624
2024-09-02 19:29:31,0.265984
2024-09-02 19:29:32,0.330168
2024-09-02 19:29:33,0.16588
2024-09-02 19:29:34,0.139112
2024-09-02 19:29:35,0.23588
2024-09-02 19:29:36,0.17972
2024-09-02 19:29:37,0.031808
2024-09-02 19:29:38,0.033264
2024-09-02 19:29:39,0.044928
2024-09-02 19:29:40,0.13468
2024-09-02 19:29:41,0.030944
2024-09-02 19:29:42,0.1774
2024-09-02 19:29:43,0.082736
2024-09-02 19:29:44,0.048976
2024-09-02 19:29:45,0.032344
2024-09-02 19:29:46,0.024008
2024-09-02 19:29:47,0.019504
2024-09-02 19:29:48,0.016128
2024-09-02 19:29:49,0.01772
2024-09-02 19:29:50,0.025928
2024-09-02 19:29:51,0.02092
2024-09-02 19:29:52,0.013632
2024-09-02 19:29:53,0.024792
2024-09-02 19:29:54,0.018024
2024-09-02 19:29:55,0.018744
2024-09-02 19:29:56,0.023136
2024-09-02 19:29:57,0.016424
2024-09-02 19:29:58,0.014936
2024-09-02 19:29:59,0.0186
2024-09-02 19:30:00,0.015912
2024-09-02 19:30:01,0.012392
2024-09-02 19:30:02,0.035656
2024-09-02 19:30:03,0.020408
2024-09-02 19:30:04,0.033312
2024-09-02 19:30:05,0.010568
2024-09-02 19:30:06,0.034896
2024-09-02 19:30:07,0.035096
2024-09-02 19:30:08,0.111464
2024-09-02 19:30:09,0.133568
2024-09-02 19:30:10,0.1266
2024-09-02 19:30:11,0.123664
2024-09-02 19:30:12,0.18856
2024-09-02 19:30:13,0.154248
2024-09-02 19:30:14,0.162496
2024-09-02 19:30:15,0.219144
2024-09-02 19:30:16,0.1464
2024-09-02 19:30:17,0.146632
2024-09-02 19:30:18,0.078752
2024-09-02 19:30:19,0.185048
2024-09-02 19:30:20,0.10068
2024-09-02 19:30:21,0.100272
2024-09-02 19:30:22,0.051896
2024-09-02 19:30:23,0.060912
2024-09-02 19:30:24,0.019992
2024-09-02 19:30:25,0.011928
2024-09-02 19:30:26,0.012944
2024-09-02 19:30:27,0.04064
2024-09-02 19:30:28,0.023328
2024-09-02 19:30:29,0.010648
2024-09-02 19:30:30,0.036992
2024-09-02 19:30:31,0.04144
2024-09-02 19:30:32,0.032224
2024-09-02 19:30:33,0.036016
2024-09-02 19:30:34,0.016168
2024-09-02 19:30:35,0.074632
2024-09-02 19:30:36,0.06236
2024-09-02 19:30:37,0.058344
2024-09-02 19:30:38,0.059128
2024-09-02 19:30:39,0.015792
2024-09-02 19:30:40,0.031864
2024-09-02 19:30:41,0.025624
2024-09-02 19:30:42,0.068896
2024-09-02 19:30:43,0.027088
2024-09-02 19:30:44,0.025528
2024-09-02 19:30:45,0.02084
2024-09-02 19:30:46,0.030304
2024-09-02 19:30:47,0.020664
2024-09-02 19:30:48,0.022048
2024-09-02 19:30:49,0.026176
2024-09-02 19:30:50,0.066168
2024-09-02 19:30:51,0.098088
2024-09-02 19:30:52,0.02752
2024-09-02 19:30:53,0.038344
2024-09-02 19:30:54,0.021712
2024-09-02 19:30:55,0.016792
2024-09-02 19:30:56,0.15096
2024-09-02 19:30:57,0.137544
2024-09-02 19:30:58,0.163944
2024-09-02 19:30:59,0.286488
2024-09-02 19:31:00,0.239832
2024-09-02 19:31:01,0.313512
2024-09-02 19:31:02,0.360848
2024-09-02 19:31:03,0.338848
2024-09-02 19:31:04,0.321128
2024-09-02 19:31:05,0.328128
2024-09-02 19:31:06,0.289384
2024-09-02 19:31:07,0.230384
2024-09-02 19:31:08,0.172592
2024-09-02 19:31:09,0.228816
2024-09-02 19:31:10,0.211008
2024-09-02 19:31:11,0.120656
2024-09-02 19:31:12,0.047856
2024-09-02 19:31:13,0.041808
2024-09-02 19:31:14,0.093744
2024-09-02 19:31:15,0.042816
2024-09-02 19:31:16,0.022672
2024-09-02 19:31:17,0.024504
2024-09-02 19:31:18,0.011488
2024-09-02 19:31:19,0.007232
2024-09-02 19:31:20,0.008992
2024-09-02 19:31:21,0.006768
2024-09-02 19:31:22,0.00204
2024-09-02 19:31:23,0.00096
2024-09-02 19:31:24,0.00096
2024-09-02 19:31:25,0.00096
2024-09-02 19:31:26,0.0046
