time,mbps
2024-05-24 09:54:27,0.152328
2024-05-24 09:54:28,0.021408
2024-05-24 09:54:29,0.034224
2024-05-24 09:54:30,0.01724
2024-05-24 09:54:31,0.036392
2024-05-24 09:54:32,0.035992
2024-05-24 09:54:33,0.029032
2024-05-24 09:54:34,0.31176
2024-05-24 09:54:35,0.034008
2024-05-24 09:54:36,0.043088
2024-05-24 09:54:37,0.038912
2024-05-24 09:54:38,0.04
2024-05-24 09:54:39,0.037184
2024-05-24 09:54:40,0.05816
2024-05-24 09:54:41,0.045416
2024-05-24 09:54:42,0.028904
2024-05-24 09:54:43,0.040432
2024-05-24 09:54:44,0.031264
2024-05-24 09:54:45,0.03328
2024-05-24 09:54:46,0.034976
2024-05-24 09:54:47,0.040088
2024-05-24 09:54:48,0.036216
2024-05-24 09:54:49,0.0326
2024-05-24 09:54:50,0.028576
2024-05-24 09:54:51,0.028088
2024-05-24 09:54:52,0.02712
2024-05-24 09:54:53,0.027376
2024-05-24 09:54:54,0.02312
2024-05-24 09:54:55,0.02648
2024-05-24 09:54:56,0.023608
2024-05-24 09:54:57,0.02948
2024-05-24 09:54:58,0.020784
2024-05-24 09:54:59,0.029672
2024-05-24 09:55:00,0.024112
2024-05-24 09:55:01,0.027272
2024-05-24 09:55:02,0.022192
2024-05-24 09:55:03,0.028896
2024-05-24 09:55:04,0.02512
2024-05-24 09:55:05,0.029376
2024-05-24 09:55:06,0.02412
2024-05-24 09:55:07,0.0262
2024-05-24 09:55:08,0.023424
2024-05-24 09:55:09,0.022584
2024-05-24 09:55:10,0.023864
2024-05-24 09:55:11,0.033648
2024-05-24 09:55:12,0.023072
2024-05-24 09:55:13,0.254872
2024-05-24 09:55:14,0.035536
2024-05-24 09:55:15,0.050016
2024-05-24 09:55:16,0.030896
2024-05-24 09:55:17,0.04372
2024-05-24 09:55:18,0.047184
2024-05-24 09:55:19,0.035616
2024-05-24 09:55:20,0.029824
2024-05-24 09:55:21,0.026808
2024-05-24 09:55:22,0.02416
2024-05-24 09:55:23,0.040312
2024-05-24 09:55:24,0.045976
2024-05-24 09:55:25,0.029152
2024-05-24 09:55:26,0.054888
2024-05-24 09:55:27,0.060616
2024-05-24 09:55:28,0.057664
2024-05-24 09:55:29,0.066496
2024-05-24 09:55:30,0.065656
2024-05-24 09:55:31,0.061856
2024-05-24 09:55:32,0.04964
2024-05-24 09:55:33,0.050608
2024-05-24 09:55:34,0.040584
2024-05-24 09:55:35,0.032776
2024-05-24 09:55:36,0.03228
2024-05-24 09:55:37,0.05308
2024-05-24 09:55:38,0.054584
2024-05-24 09:55:39,0.064384
2024-05-24 09:55:40,0.037688
2024-05-24 09:55:41,0.060192
2024-05-24 09:55:42,0.049104
2024-05-24 09:55:43,0.06168
2024-05-24 09:55:44,0.060648
2024-05-24 09:55:45,0.05052
2024-05-24 09:55:46,0.055112
2024-05-24 09:55:47,0.046392
2024-05-24 09:55:48,0.03488
2024-05-24 09:55:49,0.038792
2024-05-24 09:55:50,0.052704
2024-05-24 09:55:51,0.06208
2024-05-24 09:55:52,0.0558
2024-05-24 09:55:53,0.076776
2024-05-24 09:55:54,0.064232
2024-05-24 09:55:55,0.065536
2024-05-24 09:55:56,0.053944
2024-05-24 09:55:57,0.076056
2024-05-24 09:55:58,0.0486
2024-05-24 09:55:59,0.054056
2024-05-24 09:56:00,0.05488
2024-05-24 09:56:01,0.048656
2024-05-24 09:56:02,0.043152
2024-05-24 09:56:03,0.04388
2024-05-24 09:56:04,0.041912
2024-05-24 09:56:05,0.062856
2024-05-24 09:56:06,0.03104
2024-05-24 09:56:07,0.046448
2024-05-24 09:56:08,0.038928
2024-05-24 09:56:09,0.042864
2024-05-24 09:56:10,0.039784
2024-05-24 09:56:11,0.054048
2024-05-24 09:56:12,0.055184
2024-05-24 09:56:13,0.073032
2024-05-24 09:56:14,0.042896
2024-05-24 09:56:15,0.035672
2024-05-24 09:56:16,0.036664
2024-05-24 09:56:17,0.044104
2024-05-24 09:56:18,0.03968
2024-05-24 09:56:19,0.059104
2024-05-24 09:56:20,0.05792
2024-05-24 09:56:21,0.0678
2024-05-24 09:56:22,0.054232
2024-05-24 09:56:23,0.060832
2024-05-24 09:56:24,0.051216
2024-05-24 09:56:25,0.063664
2024-05-24 09:56:26,0.05016
2024-05-24 09:56:27,0.06288
2024-05-24 09:56:28,0.062016
2024-05-24 09:56:29,0.072728
2024-05-24 09:56:30,0.077872
2024-05-24 09:56:31,0.088416
2024-05-24 09:56:32,0.077128
2024-05-24 09:56:33,0.090656
2024-05-24 09:56:34,0.083568
2024-05-24 09:56:35,0.072432
2024-05-24 09:56:36,0.080208
2024-05-24 09:56:37,0.080792
2024-05-24 09:56:38,0.087256
2024-05-24 09:56:39,0.090152
2024-05-24 09:56:40,0.104368
2024-05-24 09:56:41,0.08744
2024-05-24 09:56:42,0.109976
2024-05-24 09:56:43,0.083256
2024-05-24 09:56:44,0.099496
2024-05-24 09:56:45,0.091376
2024-05-24 09:56:46,0.091072
2024-05-24 09:56:47,0.115888
2024-05-24 09:56:48,0.094088
2024-05-24 09:56:49,0.105048
2024-05-24 09:56:50,0.1278
2024-05-24 09:56:51,0.11172
2024-05-24 09:56:52,0.1044
2024-05-24 09:56:53,0.09656
2024-05-24 09:56:54,0.109192
2024-05-24 09:56:55,0.102136
2024-05-24 09:56:56,0.09156
2024-05-24 09:56:57,0.094152
2024-05-24 09:56:58,0.112096
2024-05-24 09:56:59,0.119424
2024-05-24 09:57:00,0.10236
2024-05-24 09:57:01,0.102488
2024-05-24 09:57:02,0.09708
2024-05-24 09:57:03,0.11988
2024-05-24 09:57:04,0.125728
2024-05-24 09:57:05,0.106784
2024-05-24 09:57:06,0.133304
2024-05-24 09:57:07,0.137736
2024-05-24 09:57:08,0.104608
2024-05-24 09:57:09,0.119856
2024-05-24 09:57:10,0.11556
2024-05-24 09:57:11,0.127376
2024-05-24 09:57:12,0.118
2024-05-24 09:57:13,0.161592
2024-05-24 09:57:14,0.140688
2024-05-24 09:57:15,0.124464
2024-05-24 09:57:16,0.126672
2024-05-24 09:57:17,0.118568
2024-05-24 09:57:18,0.130488
2024-05-24 09:57:19,0.136552
2024-05-24 09:57:20,0.14848
2024-05-24 09:57:21,0.127
2024-05-24 09:57:22,0.138784
2024-05-24 09:57:23,0.144136
2024-05-24 09:57:24,0.118464
2024-05-24 09:57:25,0.134832
2024-05-24 09:57:26,0.12924
2024-05-24 09:57:27,0.13008
2024-05-24 09:57:28,0.128536
2024-05-24 09:57:29,0.119816
2024-05-24 09:57:30,0.109576
2024-05-24 09:57:31,0.10836
2024-05-24 09:57:32,0.111152
2024-05-24 09:57:33,0.13988
2024-05-24 09:57:34,0.114016
2024-05-24 09:57:35,0.122208
2024-05-24 09:57:36,0.1224
2024-05-24 09:57:37,0.1144
2024-05-24 09:57:38,0.126968
2024-05-24 09:57:39,0.115224
2024-05-24 09:57:40,0.116496
2024-05-24 09:57:41,0.136336
2024-05-24 09:57:42,0.14892
2024-05-24 09:57:43,0.15024
2024-05-24 09:57:44,0.148392
2024-05-24 09:57:45,0.131168
2024-05-24 09:57:46,0.147632
2024-05-24 09:57:47,0.136744
2024-05-24 09:57:48,0.163464
2024-05-24 09:57:49,0.138656
2024-05-24 09:57:50,0.1336
2024-05-24 09:57:51,0.158416
2024-05-24 09:57:52,0.14476
2024-05-24 09:57:53,0.143784
2024-05-24 09:57:54,0.126944
2024-05-24 09:57:55,0.123456
2024-05-24 09:57:56,0.12084
2024-05-24 09:57:57,0.124528
2024-05-24 09:57:58,0.136512
2024-05-24 09:57:59,0.134096
2024-05-24 09:58:00,0.110736
2024-05-24 09:58:01,0.11572
2024-05-24 09:58:02,0.108632
2024-05-24 09:58:03,0.119344
2024-05-24 09:58:04,0.117008
2024-05-24 09:58:05,0.141968
2024-05-24 09:58:06,0.148648
2024-05-24 09:58:07,0.152824
2024-05-24 09:58:08,0.11904
2024-05-24 09:58:09,0.145768
2024-05-24 09:58:10,0.139512
2024-05-24 09:58:11,0.149736
2024-05-24 09:58:12,0.14848
2024-05-24 09:58:13,0.169056
2024-05-24 09:58:14,0.138352
2024-05-24 09:58:15,0.163952
2024-05-24 09:58:16,0.157832
2024-05-24 09:58:17,0.11704
2024-05-24 09:58:18,0.121248
2024-05-24 09:58:19,0.13232
2024-05-24 09:58:20,0.126232
2024-05-24 09:58:21,0.140576
2024-05-24 09:58:22,0.126
2024-05-24 09:58:23,0.130592
2024-05-24 09:58:24,0.105416
2024-05-24 09:58:25,0.12684
2024-05-24 09:58:26,0.125064
2024-05-24 09:58:27,0.124096
2024-05-24 09:58:28,0.105768
2024-05-24 09:58:29,0.145192
2024-05-24 09:58:30,0.137808
2024-05-24 09:58:31,0.110744
2024-05-24 09:58:32,0.108944
2024-05-24 09:58:33,0.101808
2024-05-24 09:58:34,0.103056
2024-05-24 09:58:35,0.115408
2024-05-24 09:58:36,0.107792
2024-05-24 09:58:37,0.09368
2024-05-24 09:58:38,0.11748
2024-05-24 09:58:39,0.11408
2024-05-24 09:58:40,0.120336
2024-05-24 09:58:41,0.118424
2024-05-24 09:58:42,0.143496
2024-05-24 09:58:43,0.131864
2024-05-24 09:58:44,0.127752
2024-05-24 09:58:45,0.127328
2024-05-24 09:58:46,0.1576
2024-05-24 09:58:47,0.145816
2024-05-24 09:58:48,0.140224
2024-05-24 09:58:49,0.141016
2024-05-24 09:58:50,0.14808
2024-05-24 09:58:51,0.14388
2024-05-24 09:58:52,0.142376
2024-05-24 09:58:53,0.172368
2024-05-24 09:58:54,0.134432
2024-05-24 09:58:55,0.16336
2024-05-24 09:58:56,0.147448
2024-05-24 09:58:57,0.17236
2024-05-24 09:58:58,0.1716
2024-05-24 09:58:59,0.140488
2024-05-24 09:59:00,0.137784
2024-05-24 09:59:01,0.137984
2024-05-24 09:59:02,0.128536
2024-05-24 09:59:03,0.121568
2024-05-24 09:59:04,0.128656
2024-05-24 09:59:05,0.131144
2024-05-24 09:59:06,0.127256
2024-05-24 09:59:07,0.140904
2024-05-24 09:59:08,0.123416
2024-05-24 09:59:09,0.115096
2024-05-24 09:59:10,0.158432
2024-05-24 09:59:11,0.134096
2024-05-24 09:59:12,0.118744
2024-05-24 09:59:13,0.195656
2024-05-24 09:59:14,0.153768
2024-05-24 09:59:15,0.169696
2024-05-24 09:59:16,0.168136
2024-05-24 09:59:17,0.141152
2024-05-24 09:59:18,0.132976
2024-05-24 09:59:19,0.13428
2024-05-24 09:59:20,0.16784
2024-05-24 09:59:21,0.139216
2024-05-24 09:59:22,0.158552
2024-05-24 09:59:23,0.130496
2024-05-24 09:59:24,0.123768
2024-05-24 09:59:25,0.129496
2024-05-24 09:59:26,0.14016
2024-05-24 09:59:27,0.15176
2024-05-24 09:59:28,0.14484
2024-05-24 09:59:29,0.131528
2024-05-24 09:59:30,0.154432
2024-05-24 09:59:31,0.150152
2024-05-24 09:59:32,0.194408
2024-05-24 09:59:33,0.1456
2024-05-24 09:59:34,0.140536
2024-05-24 09:59:35,0.128256
2024-05-24 09:59:36,0.140688
2024-05-24 09:59:37,0.14612
2024-05-24 09:59:38,0.144456
2024-05-24 09:59:39,0.122768
2024-05-24 09:59:40,0.125504
2024-05-24 09:59:41,0.118048
2024-05-24 09:59:42,0.129848
2024-05-24 09:59:43,0.126144
2024-05-24 09:59:44,0.163432
2024-05-24 09:59:45,0.15248
2024-05-24 09:59:46,0.164248
2024-05-24 09:59:47,0.131264
2024-05-24 09:59:48,0.120776
2024-05-24 09:59:49,0.135272
2024-05-24 09:59:50,0.141696
2024-05-24 09:59:51,0.17252
2024-05-24 09:59:52,0.17716
2024-05-24 09:59:53,0.126208
2024-05-24 09:59:54,0.099832
2024-05-24 09:59:55,0.106312
2024-05-24 09:59:56,0.105072
2024-05-24 09:59:57,0.1142
2024-05-24 09:59:58,0.111584
2024-05-24 09:59:59,0.112184
2024-05-24 10:00:00,0.132536
2024-05-24 10:00:01,0.127152
2024-05-24 10:00:02,0.121512
2024-05-24 10:00:03,0.127792
2024-05-24 10:00:04,0.099896
2024-05-24 10:00:05,0.108072
2024-05-24 10:00:06,0.103192
2024-05-24 10:00:07,0.11772
2024-05-24 10:00:08,0.136896
2024-05-24 10:00:09,0.11648
2024-05-24 10:00:10,0.126216
2024-05-24 10:00:11,0.132504
2024-05-24 10:00:12,0.145128
2024-05-24 10:00:13,0.155584
2024-05-24 10:00:14,0.127968
2024-05-24 10:00:15,0.132456
2024-05-24 10:00:16,0.133672
2024-05-24 10:00:17,0.132688
2024-05-24 10:00:18,0.147768
2024-05-24 10:00:19,0.135568
2024-05-24 10:00:20,0.129944
2024-05-24 10:00:21,0.11636
2024-05-24 10:00:22,0.112048
2024-05-24 10:00:23,0.133144
2024-05-24 10:00:24,0.137032
2024-05-24 10:00:25,0.133584
2024-05-24 10:00:26,0.142304
2024-05-24 10:00:27,0.111672
2024-05-24 10:00:28,0.11208
2024-05-24 10:00:29,0.123312
2024-05-24 10:00:30,0.122472
2024-05-24 10:00:31,0.111192
2024-05-24 10:00:32,0.104976
2024-05-24 10:00:33,0.12884
2024-05-24 10:00:34,0.113112
2024-05-24 10:00:35,0.115896
2024-05-24 10:00:36,0.116464
2024-05-24 10:00:37,0.135776
2024-05-24 10:00:38,0.109664
2024-05-24 10:00:39,0.150288
2024-05-24 10:00:40,0.142184
2024-05-24 10:00:41,0.17168
2024-05-24 10:00:42,0.154104
2024-05-24 10:00:43,0.145024
2024-05-24 10:00:44,0.145256
2024-05-24 10:00:45,0.14204
2024-05-24 10:00:46,0.143912
2024-05-24 10:00:47,0.158312
2024-05-24 10:00:48,0.154976
2024-05-24 10:00:49,0.179368
2024-05-24 10:00:50,0.179392
2024-05-24 10:00:51,0.205032
2024-05-24 10:00:52,0.174192
2024-05-24 10:00:53,0.131312
2024-05-24 10:00:54,0.134664
2024-05-24 10:00:55,0.125424
2024-05-24 10:00:56,0.142464
2024-05-24 10:00:57,0.12612
2024-05-24 10:00:58,0.123296
2024-05-24 10:00:59,0.135032
2024-05-24 10:01:00,0.139832
2024-05-24 10:01:01,0.12948
2024-05-24 10:01:02,0.124448
2024-05-24 10:01:03,0.13712
2024-05-24 10:01:04,0.12816
2024-05-24 10:01:05,0.132024
2024-05-24 10:01:06,0.125344
2024-05-24 10:01:07,0.130512
2024-05-24 10:01:08,0.127824
2024-05-24 10:01:09,0.126864
2024-05-24 10:01:10,0.114648
2024-05-24 10:01:11,0.117312
2024-05-24 10:01:12,0.136424
2024-05-24 10:01:13,0.148696
2024-05-24 10:01:14,0.1356
2024-05-24 10:01:15,0.118616
2024-05-24 10:01:16,0.116024
2024-05-24 10:01:17,0.122528
2024-05-24 10:01:18,0.133072
2024-05-24 10:01:19,0.16488
2024-05-24 10:01:20,0.190928
2024-05-24 10:01:21,0.148872
2024-05-24 10:01:22,0.150232
2024-05-24 10:01:23,0.141568
2024-05-24 10:01:24,0.146184
2024-05-24 10:01:25,0.130936
2024-05-24 10:01:26,0.12988
2024-05-24 10:01:27,0.1254
2024-05-24 10:01:28,0.153088
2024-05-24 10:01:29,0.151816
2024-05-24 10:01:30,0.143384
2024-05-24 10:01:31,0.156904
2024-05-24 10:01:32,0.136776
2024-05-24 10:01:33,0.116416
2024-05-24 10:01:34,0.113784
2024-05-24 10:01:35,0.10924
2024-05-24 10:01:36,0.126208
2024-05-24 10:01:37,0.150112
2024-05-24 10:01:38,0.1274
2024-05-24 10:01:39,0.112616
2024-05-24 10:01:40,0.120656
2024-05-24 10:01:41,0.101672
2024-05-24 10:01:42,0.122056
2024-05-24 10:01:43,0.124432
2024-05-24 10:01:44,0.127912
2024-05-24 10:01:45,0.116696
2024-05-24 10:01:46,0.097216
2024-05-24 10:01:47,0.098592
2024-05-24 10:01:48,0.123568
2024-05-24 10:01:49,0.128424
2024-05-24 10:01:50,0.135448
2024-05-24 10:01:51,0.160168
2024-05-24 10:01:52,0.15092
2024-05-24 10:01:53,0.14068
2024-05-24 10:01:54,0.156352
2024-05-24 10:01:55,0.153072
2024-05-24 10:01:56,0.12524
2024-05-24 10:01:57,0.115992
2024-05-24 10:01:58,0.121632
2024-05-24 10:01:59,0.10612
2024-05-24 10:02:00,0.102128
2024-05-24 10:02:01,0.117712
2024-05-24 10:02:02,0.10148
2024-05-24 10:02:03,0.108624
2024-05-24 10:02:04,0.10396
2024-05-24 10:02:05,0.103472
2024-05-24 10:02:06,0.115368
2024-05-24 10:02:07,0.112728
2024-05-24 10:02:08,0.125896
2024-05-24 10:02:09,0.127168
2024-05-24 10:02:10,0.151424
2024-05-24 10:02:11,0.179584
2024-05-24 10:02:12,0.169056
2024-05-24 10:02:13,0.201768
2024-05-24 10:02:14,0.15252
2024-05-24 10:02:15,0.160608
2024-05-24 10:02:16,0.129064
2024-05-24 10:02:17,0.133536
2024-05-24 10:02:18,0.136296
2024-05-24 10:02:19,0.141176
2024-05-24 10:02:20,0.155608
2024-05-24 10:02:21,0.186512
2024-05-24 10:02:22,0.221424
2024-05-24 10:02:23,0.2058
2024-05-24 10:02:24,0.162544
2024-05-24 10:02:25,0.147752
2024-05-24 10:02:26,0.136568
2024-05-24 10:02:27,0.15292
2024-05-24 10:02:28,0.14128
2024-05-24 10:02:29,0.155696
2024-05-24 10:02:30,0.136136
2024-05-24 10:02:31,0.117912
2024-05-24 10:02:32,0.11888
2024-05-24 10:02:33,0.138448
2024-05-24 10:02:34,0.126432
2024-05-24 10:02:35,0.153792
2024-05-24 10:02:36,0.152368
2024-05-24 10:02:37,0.150112
2024-05-24 10:02:38,0.143424
2024-05-24 10:02:39,0.12288
2024-05-24 10:02:40,0.11176
2024-05-24 10:02:41,0.126064
2024-05-24 10:02:42,0.129728
2024-05-24 10:02:43,0.12532
2024-05-24 10:02:44,0.115696
2024-05-24 10:02:45,0.122096
2024-05-24 10:02:46,0.128096
2024-05-24 10:02:47,0.139696
2024-05-24 10:02:48,0.14668
2024-05-24 10:02:49,0.154864
2024-05-24 10:02:50,0.19164
2024-05-24 10:02:51,0.155024
2024-05-24 10:02:52,0.145864
2024-05-24 10:02:53,0.135928
2024-05-24 10:02:54,0.137704
2024-05-24 10:02:55,0.140016
2024-05-24 10:02:56,0.111168
2024-05-24 10:02:57,0.148168
2024-05-24 10:02:58,0.13432
2024-05-24 10:02:59,0.126408
2024-05-24 10:03:00,0.127392
2024-05-24 10:03:01,0.129312
2024-05-24 10:03:02,0.12628
2024-05-24 10:03:03,0.11912
2024-05-24 10:03:04,0.112672
2024-05-24 10:03:05,0.142256
2024-05-24 10:03:06,0.097664
2024-05-24 10:03:07,0.132096
2024-05-24 10:03:08,0.122784
2024-05-24 10:03:09,0.116416
2024-05-24 10:03:10,0.111328
2024-05-24 10:03:11,0.1192
2024-05-24 10:03:12,0.112072
2024-05-24 10:03:13,0.14552
2024-05-24 10:03:14,0.118184
2024-05-24 10:03:15,0.125888
2024-05-24 10:03:16,0.115832
2024-05-24 10:03:17,0.121008
2024-05-24 10:03:18,0.126368
2024-05-24 10:03:19,0.11368
2024-05-24 10:03:20,0.146544
2024-05-24 10:03:21,0.139504
2024-05-24 10:03:22,0.152744
2024-05-24 10:03:23,0.132448
2024-05-24 10:03:24,0.10864
2024-05-24 10:03:25,0.122344
2024-05-24 10:03:26,0.130672
2024-05-24 10:03:27,0.119048
2024-05-24 10:03:28,0.130584
2024-05-24 10:03:29,0.127976
2024-05-24 10:03:30,0.117504
2024-05-24 10:03:31,0.12024
2024-05-24 10:03:32,0.151712
2024-05-24 10:03:33,0.154536
2024-05-24 10:03:34,0.146464
2024-05-24 10:03:35,0.138288
2024-05-24 10:03:36,0.143192
2024-05-24 10:03:37,0.147672
2024-05-24 10:03:38,0.104536
2024-05-24 10:03:39,0.103944
2024-05-24 10:03:40,0.13184
2024-05-24 10:03:41,0.098368
2024-05-24 10:03:42,0.106808
2024-05-24 10:03:43,0.113992
2024-05-24 10:03:44,0.111832
2024-05-24 10:03:45,0.135536
2024-05-24 10:03:46,0.132608
2024-05-24 10:03:47,0.11764
2024-05-24 10:03:48,0.132624
2024-05-24 10:03:49,0.136312
2024-05-24 10:03:50,0.147384
2024-05-24 10:03:51,0.114904
2024-05-24 10:03:52,0.132752
2024-05-24 10:03:53,0.134616
2024-05-24 10:03:54,0.1242
2024-05-24 10:03:55,0.125584
2024-05-24 10:03:56,0.114544
2024-05-24 10:03:57,0.137056
2024-05-24 10:03:58,0.12704
2024-05-24 10:03:59,0.138744
2024-05-24 10:04:00,0.138472
2024-05-24 10:04:01,0.127136
2024-05-24 10:04:02,0.112232
2024-05-24 10:04:03,0.102664
2024-05-24 10:04:04,0.115008
2024-05-24 10:04:05,0.115448
2024-05-24 10:04:06,0.116248
2024-05-24 10:04:07,0.091816
2024-05-24 10:04:08,0.089272
2024-05-24 10:04:09,0.089784
2024-05-24 10:04:10,0.111816
2024-05-24 10:04:11,0.138768
2024-05-24 10:04:12,0.121256
2024-05-24 10:04:13,0.137928
2024-05-24 10:04:14,0.126728
2024-05-24 10:04:15,0.124896
2024-05-24 10:04:16,0.12344
2024-05-24 10:04:17,0.130128
2024-05-24 10:04:18,0.121472
2024-05-24 10:04:19,0.130544
2024-05-24 10:04:20,0.154616
2024-05-24 10:04:21,0.162224
2024-05-24 10:04:22,0.150872
2024-05-24 10:04:23,0.142952
2024-05-24 10:04:24,0.119528
2024-05-24 10:04:25,0.120936
2024-05-24 10:04:26,0.11372
2024-05-24 10:04:27,0.119776
2024-05-24 10:04:28,0.118416
2024-05-24 10:04:29,0.153392
2024-05-24 10:04:30,0.153008
2024-05-24 10:04:31,0.151224
2024-05-24 10:04:32,0.143088
2024-05-24 10:04:33,0.129056
2024-05-24 10:04:34,0.137976
2024-05-24 10:04:35,0.167864
2024-05-24 10:04:36,0.117776
2024-05-24 10:04:37,0.123216
2024-05-24 10:04:38,0.114384
2024-05-24 10:04:39,0.13544
2024-05-24 10:04:40,0.130608
2024-05-24 10:04:41,0.146968
2024-05-24 10:04:42,0.107024
2024-05-24 10:04:43,0.142816
2024-05-24 10:04:44,0.19944
2024-05-24 10:04:45,0.151296
2024-05-24 10:04:46,0.151192
2024-05-24 10:04:47,0.14616
2024-05-24 10:04:48,0.152032
2024-05-24 10:04:49,0.145264
2024-05-24 10:04:50,0.148176
2024-05-24 10:04:51,0.168024
2024-05-24 10:04:52,0.140416
2024-05-24 10:04:53,0.137744
2024-05-24 10:04:54,0.112856
2024-05-24 10:04:55,0.135632
2024-05-24 10:04:56,0.114032
2024-05-24 10:04:57,0.132168
2024-05-24 10:04:58,0.101008
2024-05-24 10:04:59,0.11936
2024-05-24 10:05:00,0.10972
2024-05-24 10:05:01,0.102328
2024-05-24 10:05:02,0.101632
2024-05-24 10:05:03,0.10304
2024-05-24 10:05:04,0.094456
2024-05-24 10:05:05,0.126024
2024-05-24 10:05:06,0.103248
2024-05-24 10:05:07,0.146416
2024-05-24 10:05:08,0.12528
2024-05-24 10:05:09,0.148368
2024-05-24 10:05:10,0.153024
2024-05-24 10:05:11,0.105296
2024-05-24 10:05:12,0.095264
2024-05-24 10:05:13,0.175016
2024-05-24 10:05:14,0.099368
2024-05-24 10:05:15,0.127248
2024-05-24 10:05:16,0.123776
2024-05-24 10:05:17,0.125624
2024-05-24 10:05:18,0.156704
2024-05-24 10:05:19,0.144584
2024-05-24 10:05:20,0.160832
2024-05-24 10:05:21,0.137296
2024-05-24 10:05:22,0.125592
2024-05-24 10:05:23,0.122712
2024-05-24 10:05:24,0.11664
2024-05-24 10:05:25,0.113536
2024-05-24 10:05:26,0.095272
2024-05-24 10:05:27,0.120832
2024-05-24 10:05:28,0.111976
2024-05-24 10:05:29,0.124904
2024-05-24 10:05:30,0.1072
2024-05-24 10:05:31,0.093768
2024-05-24 10:05:32,0.092352
2024-05-24 10:05:33,0.105944
2024-05-24 10:05:34,0.10176
2024-05-24 10:05:35,0.095864
2024-05-24 10:05:36,0.14364
2024-05-24 10:05:37,0.105848
2024-05-24 10:05:38,0.104704
2024-05-24 10:05:39,0.122816
2024-05-24 10:05:40,0.135216
2024-05-24 10:05:41,0.154328
2024-05-24 10:05:42,0.124448
2024-05-24 10:05:43,0.12792
2024-05-24 10:05:44,0.130736
2024-05-24 10:05:45,0.134776
2024-05-24 10:05:46,0.138264
2024-05-24 10:05:47,0.123552
2024-05-24 10:05:48,0.148512
2024-05-24 10:05:49,0.123264
2024-05-24 10:05:50,0.12156
2024-05-24 10:05:51,0.114056
2024-05-24 10:05:52,0.122392
2024-05-24 10:05:53,0.10896
2024-05-24 10:05:54,0.123912
2024-05-24 10:05:55,0.1312
2024-05-24 10:05:56,0.11164
2024-05-24 10:05:57,0.143648
2024-05-24 10:05:58,0.131888
2024-05-24 10:05:59,0.108136
2024-05-24 10:06:00,0.116832
2024-05-24 10:06:01,0.110904
2024-05-24 10:06:02,0.095712
2024-05-24 10:06:03,0.114864
2024-05-24 10:06:04,0.15232
2024-05-24 10:06:05,0.137888
2024-05-24 10:06:06,0.155368
2024-05-24 10:06:07,0.149664
2024-05-24 10:06:08,0.155496
2024-05-24 10:06:09,0.15824
2024-05-24 10:06:10,0.159136
2024-05-24 10:06:11,0.171232
2024-05-24 10:06:12,0.1468
2024-05-24 10:06:13,0.196952
2024-05-24 10:06:14,0.17676
2024-05-24 10:06:15,0.13988
2024-05-24 10:06:16,0.181032
2024-05-24 10:06:17,0.128968
2024-05-24 10:06:18,0.153544
2024-05-24 10:06:19,0.15044
2024-05-24 10:06:20,0.14064
2024-05-24 10:06:21,0.13936
2024-05-24 10:06:22,0.148736
2024-05-24 10:06:23,0.128624
2024-05-24 10:06:24,0.15
2024-05-24 10:06:25,0.153016
2024-05-24 10:06:26,0.13764
2024-05-24 10:06:27,0.1444
2024-05-24 10:06:28,0.145232
2024-05-24 10:06:29,0.151696
2024-05-24 10:06:30,0.176976
2024-05-24 10:06:31,0.148816
2024-05-24 10:06:32,0.141104
2024-05-24 10:06:33,0.164208
2024-05-24 10:06:34,0.159816
2024-05-24 10:06:35,0.196728
2024-05-24 10:06:36,0.179104
2024-05-24 10:06:37,0.146032
2024-05-24 10:06:38,0.163416
2024-05-24 10:06:39,0.16564
2024-05-24 10:06:40,0.143864
2024-05-24 10:06:41,0.112296
2024-05-24 10:06:42,0.131928
2024-05-24 10:06:43,0.118328
2024-05-24 10:06:44,0.128568
2024-05-24 10:06:45,0.137816
2024-05-24 10:06:46,0.153344
2024-05-24 10:06:47,0.13064
2024-05-24 10:06:48,0.150752
2024-05-24 10:06:49,0.132992
2024-05-24 10:06:50,0.158096
2024-05-24 10:06:51,0.130416
2024-05-24 10:06:52,0.153232
2024-05-24 10:06:53,0.129776
2024-05-24 10:06:54,0.164472
2024-05-24 10:06:55,0.165968
2024-05-24 10:06:56,0.179904
2024-05-24 10:06:57,0.135416
2024-05-24 10:06:58,0.12632
2024-05-24 10:06:59,0.110848
2024-05-24 10:07:00,0.122552
2024-05-24 10:07:01,0.106808
2024-05-24 10:07:02,0.138088
2024-05-24 10:07:03,0.120792
2024-05-24 10:07:04,0.153864
2024-05-24 10:07:05,0.15216
2024-05-24 10:07:06,0.119824
2024-05-24 10:07:07,0.164832
2024-05-24 10:07:08,0.199984
2024-05-24 10:07:09,0.185832
2024-05-24 10:07:10,0.181632
2024-05-24 10:07:11,0.141688
2024-05-24 10:07:12,0.1492
2024-05-24 10:07:13,0.20476
2024-05-24 10:07:14,0.16048
2024-05-24 10:07:15,0.142496
2024-05-24 10:07:16,0.127832
2024-05-24 10:07:17,0.127632
2024-05-24 10:07:18,0.16084
2024-05-24 10:07:19,0.124072
2024-05-24 10:07:20,0.166656
2024-05-24 10:07:21,0.192776
2024-05-24 10:07:22,0.173976
2024-05-24 10:07:23,0.148752
2024-05-24 10:07:24,0.140296
2024-05-24 10:07:25,0.137672
2024-05-24 10:07:26,0.13032
2024-05-24 10:07:27,0.127048
2024-05-24 10:07:28,0.135992
2024-05-24 10:07:29,0.112048
2024-05-24 10:07:30,0.118304
2024-05-24 10:07:31,0.109496
2024-05-24 10:07:32,0.109608
2024-05-24 10:07:33,0.112768
2024-05-24 10:07:34,0.108712
2024-05-24 10:07:35,0.120712
2024-05-24 10:07:36,0.1288
2024-05-24 10:07:37,0.138496
2024-05-24 10:07:38,0.139872
2024-05-24 10:07:39,0.14112
2024-05-24 10:07:40,0.116056
2024-05-24 10:07:41,0.113832
2024-05-24 10:07:42,0.147208
2024-05-24 10:07:43,0.140792
2024-05-24 10:07:44,0.136576
2024-05-24 10:07:45,0.119864
2024-05-24 10:07:46,0.141136
2024-05-24 10:07:47,0.160472
2024-05-24 10:07:48,0.153688
2024-05-24 10:07:49,0.138904
2024-05-24 10:07:50,0.128192
2024-05-24 10:07:51,0.145904
2024-05-24 10:07:52,0.133184
2024-05-24 10:07:53,0.140768
2024-05-24 10:07:54,0.1372
2024-05-24 10:07:55,0.099808
2024-05-24 10:07:56,0.1062
2024-05-24 10:07:57,0.119248
2024-05-24 10:07:58,0.1194
2024-05-24 10:07:59,0.088
2024-05-24 10:08:00,0.103496
2024-05-24 10:08:01,0.118912
2024-05-24 10:08:02,0.118896
2024-05-24 10:08:03,0.103896
2024-05-24 10:08:04,0.127672
2024-05-24 10:08:05,0.14448
2024-05-24 10:08:06,0.167984
2024-05-24 10:08:07,0.172264
2024-05-24 10:08:08,0.168376
2024-05-24 10:08:09,0.209832
2024-05-24 10:08:10,0.221128
2024-05-24 10:08:11,0.199344
2024-05-24 10:08:12,0.177088
2024-05-24 10:08:13,0.181592
2024-05-24 10:08:14,0.14024
2024-05-24 10:08:15,0.110952
2024-05-24 10:08:16,0.117504
2024-05-24 10:08:17,0.126024
2024-05-24 10:08:18,0.152488
2024-05-24 10:08:19,0.130864
2024-05-24 10:08:20,0.140704
2024-05-24 10:08:21,0.143496
2024-05-24 10:08:22,0.139008
2024-05-24 10:08:23,0.110312
2024-05-24 10:08:24,0.130408
2024-05-24 10:08:25,0.106624
2024-05-24 10:08:26,0.1036
2024-05-24 10:08:27,0.115072
2024-05-24 10:08:28,0.103088
2024-05-24 10:08:29,0.102696
2024-05-24 10:08:30,0.110528
2024-05-24 10:08:31,0.100968
2024-05-24 10:08:32,0.1132
2024-05-24 10:08:33,0.131216
2024-05-24 10:08:34,0.128672
2024-05-24 10:08:35,0.1538
2024-05-24 10:08:36,0.148448
2024-05-24 10:08:37,0.148496
2024-05-24 10:08:38,0.133656
2024-05-24 10:08:39,0.145016
2024-05-24 10:08:40,0.143792
2024-05-24 10:08:41,0.1378
2024-05-24 10:08:42,0.122192
2024-05-24 10:08:43,0.143784
2024-05-24 10:08:44,0.142728
2024-05-24 10:08:45,0.165824
2024-05-24 10:08:46,0.146144
2024-05-24 10:08:47,0.123784
2024-05-24 10:08:48,0.12412
2024-05-24 10:08:49,0.1166
2024-05-24 10:08:50,0.126328
2024-05-24 10:08:51,0.119944
2024-05-24 10:08:52,0.140112
2024-05-24 10:08:53,0.118224
2024-05-24 10:08:54,0.099704
2024-05-24 10:08:55,0.11136
2024-05-24 10:08:56,0.114864
2024-05-24 10:08:57,0.10304
2024-05-24 10:08:58,0.122016
2024-05-24 10:08:59,0.123392
2024-05-24 10:09:00,0.129408
2024-05-24 10:09:01,0.135328
2024-05-24 10:09:02,0.11892
2024-05-24 10:09:03,0.106304
2024-05-24 10:09:04,0.10696
2024-05-24 10:09:05,0.11004
2024-05-24 10:09:06,0.113952
2024-05-24 10:09:07,0.112408
2024-05-24 10:09:08,0.130728
2024-05-24 10:09:09,0.125968
2024-05-24 10:09:10,0.135096
2024-05-24 10:09:11,0.165984
2024-05-24 10:09:12,0.202272
2024-05-24 10:09:13,0.2314
2024-05-24 10:09:14,0.168072
2024-05-24 10:09:15,0.17084
2024-05-24 10:09:16,0.129144
2024-05-24 10:09:17,0.15584
2024-05-24 10:09:18,0.185992
2024-05-24 10:09:19,0.135992
2024-05-24 10:09:20,0.140768
2024-05-24 10:09:21,0.140416
2024-05-24 10:09:22,0.145592
2024-05-24 10:09:23,0.13788
2024-05-24 10:09:24,0.14272
2024-05-24 10:09:25,0.113224
2024-05-24 10:09:26,0.106632
2024-05-24 10:09:27,0.112592
2024-05-24 10:09:28,0.09892
2024-05-24 10:09:29,0.093128
2024-05-24 10:09:30,0.122048
2024-05-24 10:09:31,0.108624
2024-05-24 10:09:32,0.112824
2024-05-24 10:09:33,0.106104
2024-05-24 10:09:34,0.115568
2024-05-24 10:09:35,0.113352
2024-05-24 10:09:36,0.089144
2024-05-24 10:09:37,0.107456
2024-05-24 10:09:38,0.099648
2024-05-24 10:09:39,0.086288
2024-05-24 10:09:40,0.088672
2024-05-24 10:09:41,0.093256
2024-05-24 10:09:42,0.090544
2024-05-24 10:09:43,0.105648
2024-05-24 10:09:44,0.106216
2024-05-24 10:09:45,0.095976
2024-05-24 10:09:46,0.105296
2024-05-24 10:09:47,0.101648
2024-05-24 10:09:48,0.124584
2024-05-24 10:09:49,0.121096
2024-05-24 10:09:50,0.140144
2024-05-24 10:09:51,0.135344
2024-05-24 10:09:52,0.124736
2024-05-24 10:09:53,0.118752
2024-05-24 10:09:54,0.124176
2024-05-24 10:09:55,0.135728
2024-05-24 10:09:56,0.143064
2024-05-24 10:09:57,0.117224
2024-05-24 10:09:58,0.12016
2024-05-24 10:09:59,0.115312
2024-05-24 10:10:00,0.126768
2024-05-24 10:10:01,0.125232
2024-05-24 10:10:02,0.114696
2024-05-24 10:10:03,0.149688
2024-05-24 10:10:04,0.158184
2024-05-24 10:10:05,0.139096
2024-05-24 10:10:06,0.1338
2024-05-24 10:10:07,0.143568
2024-05-24 10:10:08,0.11292
2024-05-24 10:10:09,0.121592
2024-05-24 10:10:10,0.163328
2024-05-24 10:10:11,0.17292
2024-05-24 10:10:12,0.244664
2024-05-24 10:10:13,0.22436
2024-05-24 10:10:14,0.14172
2024-05-24 10:10:15,0.158856
2024-05-24 10:10:16,0.176872
2024-05-24 10:10:17,0.116552
2024-05-24 10:10:18,0.185368
2024-05-24 10:10:19,0.171168
2024-05-24 10:10:20,0.184048
2024-05-24 10:10:21,0.196696
2024-05-24 10:10:22,0.157032
2024-05-24 10:10:23,0.113008
2024-05-24 10:10:24,0.1136
2024-05-24 10:10:25,0.18208
2024-05-24 10:10:26,0.158568
2024-05-24 10:10:27,0.124728
2024-05-24 10:10:28,0.112
2024-05-24 10:10:29,0.126376
2024-05-24 10:10:30,0.126896
2024-05-24 10:10:31,0.123848
2024-05-24 10:10:32,0.106664
2024-05-24 10:10:33,0.100512
2024-05-24 10:10:34,0.089376
2024-05-24 10:10:35,0.131568
2024-05-24 10:10:36,0.11256
2024-05-24 10:10:37,0.119872
2024-05-24 10:10:38,0.120808
2024-05-24 10:10:39,0.15416
2024-05-24 10:10:40,0.141736
2024-05-24 10:10:41,0.150472
2024-05-24 10:10:42,0.123664
2024-05-24 10:10:43,0.136776
2024-05-24 10:10:44,0.143088
2024-05-24 10:10:45,0.130816
2024-05-24 10:10:46,0.13592
2024-05-24 10:10:47,0.110064
2024-05-24 10:10:48,0.140072
2024-05-24 10:10:49,0.115176
2024-05-24 10:10:50,0.136584
2024-05-24 10:10:51,0.116336
2024-05-24 10:10:52,0.11312
2024-05-24 10:10:53,0.097096
2024-05-24 10:10:54,0.104872
2024-05-24 10:10:55,0.114704
2024-05-24 10:10:56,0.117288
2024-05-24 10:10:57,0.137848
2024-05-24 10:10:58,0.133784
2024-05-24 10:10:59,0.115008
2024-05-24 10:11:00,0.131144
2024-05-24 10:11:01,0.127624
2024-05-24 10:11:02,0.119088
2024-05-24 10:11:03,0.107192
2024-05-24 10:11:04,0.16016
2024-05-24 10:11:05,0.121496
2024-05-24 10:11:06,0.140496
2024-05-24 10:11:07,0.127104
2024-05-24 10:11:08,0.111968
2024-05-24 10:11:09,0.130984
2024-05-24 10:11:10,0.122736
2024-05-24 10:11:11,0.1144
2024-05-24 10:11:12,0.113808
2024-05-24 10:11:13,0.174808
2024-05-24 10:11:14,0.148448
2024-05-24 10:11:15,0.137008
2024-05-24 10:11:16,0.156144
2024-05-24 10:11:17,0.212072
2024-05-24 10:11:18,0.148264
2024-05-24 10:11:19,0.143848
2024-05-24 10:11:20,0.106128
2024-05-24 10:11:21,0.116528
2024-05-24 10:11:22,0.124688
2024-05-24 10:11:23,0.1012
2024-05-24 10:11:24,0.109344
2024-05-24 10:11:25,0.134016
2024-05-24 10:11:26,0.1032
2024-05-24 10:11:27,0.093552
2024-05-24 10:11:28,0.107464
2024-05-24 10:11:29,0.094456
2024-05-24 10:11:30,0.097256
2024-05-24 10:11:31,0.093048
2024-05-24 10:11:32,0.106232
2024-05-24 10:11:33,0.129184
2024-05-24 10:11:34,0.136504
2024-05-24 10:11:35,0.153088
2024-05-24 10:11:36,0.131536
2024-05-24 10:11:37,0.144992
2024-05-24 10:11:38,0.129008
2024-05-24 10:11:39,0.122024
2024-05-24 10:11:40,0.165456
2024-05-24 10:11:41,0.182072
2024-05-24 10:11:42,0.129432
2024-05-24 10:11:43,0.12644
2024-05-24 10:11:44,0.144168
2024-05-24 10:11:45,0.13152
2024-05-24 10:11:46,0.10888
2024-05-24 10:11:47,0.135144
2024-05-24 10:11:48,0.140392
2024-05-24 10:11:49,0.126728
2024-05-24 10:11:50,0.157568
2024-05-24 10:11:51,0.179176
2024-05-24 10:11:52,0.214848
2024-05-24 10:11:53,0.153392
2024-05-24 10:11:54,0.17352
2024-05-24 10:11:55,0.14404
2024-05-24 10:11:56,0.122576
2024-05-24 10:11:57,0.116936
2024-05-24 10:11:58,0.107632
2024-05-24 10:11:59,0.10588
2024-05-24 10:12:00,0.121152
2024-05-24 10:12:01,0.0912
2024-05-24 10:12:02,0.100184
2024-05-24 10:12:03,0.117936
2024-05-24 10:12:04,0.115336
2024-05-24 10:12:05,0.102856
2024-05-24 10:12:06,0.104744
2024-05-24 10:12:07,0.118584
2024-05-24 10:12:08,0.153456
2024-05-24 10:12:09,0.190648
2024-05-24 10:12:10,0.16832
2024-05-24 10:12:11,0.165152
2024-05-24 10:12:12,0.140888
2024-05-24 10:12:13,0.16704
2024-05-24 10:12:14,0.136784
2024-05-24 10:12:15,0.127256
2024-05-24 10:12:16,0.164552
2024-05-24 10:12:17,0.162656
2024-05-24 10:12:18,0.208136
2024-05-24 10:12:19,0.147008
2024-05-24 10:12:20,0.140336
2024-05-24 10:12:21,0.128896
2024-05-24 10:12:22,0.138744
2024-05-24 10:12:23,0.139368
2024-05-24 10:12:24,0.16204
2024-05-24 10:12:25,0.166232
2024-05-24 10:12:26,0.152224
2024-05-24 10:12:27,0.114416
2024-05-24 10:12:28,0.112608
2024-05-24 10:12:29,0.097184
2024-05-24 10:12:30,0.101888
2024-05-24 10:12:31,0.08116
2024-05-24 10:12:32,0.078864
2024-05-24 10:12:33,0.101512
2024-05-24 10:12:34,0.11292
2024-05-24 10:12:35,0.081976
2024-05-24 10:12:36,0.082552
2024-05-24 10:12:37,0.07868
2024-05-24 10:12:38,0.103848
2024-05-24 10:12:39,0.108096
2024-05-24 10:12:40,0.102128
2024-05-24 10:12:41,0.101976
2024-05-24 10:12:42,0.106056
2024-05-24 10:12:43,0.105728
2024-05-24 10:12:44,0.125888
2024-05-24 10:12:45,0.178952
2024-05-24 10:12:46,0.159112
2024-05-24 10:12:47,0.134992
2024-05-24 10:12:48,0.15716
2024-05-24 10:12:49,0.150552
2024-05-24 10:12:50,0.124208
2024-05-24 10:12:51,0.160184
2024-05-24 10:12:52,0.155648
2024-05-24 10:12:53,0.127784
2024-05-24 10:12:54,0.149952
2024-05-24 10:12:55,0.138792
2024-05-24 10:12:56,0.13648
2024-05-24 10:12:57,0.116312
2024-05-24 10:12:58,0.125016
2024-05-24 10:12:59,0.12496
2024-05-24 10:13:00,0.13404
2024-05-24 10:13:01,0.114608
2024-05-24 10:13:02,0.1194
2024-05-24 10:13:03,0.118232
2024-05-24 10:13:04,0.133456
2024-05-24 10:13:05,0.139104
2024-05-24 10:13:06,0.112696
2024-05-24 10:13:07,0.114832
2024-05-24 10:13:08,0.113104
2024-05-24 10:13:09,0.12232
2024-05-24 10:13:10,0.122736
2024-05-24 10:13:11,0.13936
2024-05-24 10:13:12,0.128
2024-05-24 10:13:13,0.18852
2024-05-24 10:13:14,0.140352
2024-05-24 10:13:15,0.121352
2024-05-24 10:13:16,0.138344
2024-05-24 10:13:17,0.120712
2024-05-24 10:13:18,0.160352
2024-05-24 10:13:19,0.15828
2024-05-24 10:13:20,0.173632
2024-05-24 10:13:21,0.133536
2024-05-24 10:13:22,0.151616
2024-05-24 10:13:23,0.139664
2024-05-24 10:13:24,0.128728
2024-05-24 10:13:25,0.1474
2024-05-24 10:13:26,0.182088
2024-05-24 10:13:27,0.17752
2024-05-24 10:13:28,0.166744
2024-05-24 10:13:29,0.138328
2024-05-24 10:13:30,0.14744
2024-05-24 10:13:31,0.151736
2024-05-24 10:13:32,0.166568
2024-05-24 10:13:33,0.161448
2024-05-24 10:13:34,0.131336
2024-05-24 10:13:35,0.10456
2024-05-24 10:13:36,0.109664
2024-05-24 10:13:37,0.108544
2024-05-24 10:13:38,0.142192
2024-05-24 10:13:39,0.137816
2024-05-24 10:13:40,0.131544
2024-05-24 10:13:41,0.132824
2024-05-24 10:13:42,0.134824
2024-05-24 10:13:43,0.12592
2024-05-24 10:13:44,0.163968
2024-05-24 10:13:45,0.187288
2024-05-24 10:13:46,0.209384
2024-05-24 10:13:47,0.242696
2024-05-24 10:13:48,0.191616
2024-05-24 10:13:49,0.241904
2024-05-24 10:13:50,0.207208
2024-05-24 10:13:51,0.186504
2024-05-24 10:13:52,0.202304
2024-05-24 10:13:53,0.205344
2024-05-24 10:13:54,0.178784
2024-05-24 10:13:55,0.15808
2024-05-24 10:13:56,0.193504
2024-05-24 10:13:57,0.149112
2024-05-24 10:13:58,0.149968
2024-05-24 10:13:59,0.136168
2024-05-24 10:14:00,0.14284
2024-05-24 10:14:01,0.137656
2024-05-24 10:14:02,0.122808
2024-05-24 10:14:03,0.123184
2024-05-24 10:14:04,0.134048
2024-05-24 10:14:05,0.112136
2024-05-24 10:14:06,0.108176
2024-05-24 10:14:07,0.123592
2024-05-24 10:14:08,0.109272
2024-05-24 10:14:09,0.1066
2024-05-24 10:14:10,0.112616
2024-05-24 10:14:11,0.11256
2024-05-24 10:14:12,0.108872
2024-05-24 10:14:13,0.16828
2024-05-24 10:14:14,0.128344
2024-05-24 10:14:15,0.112168
2024-05-24 10:14:16,0.09048
2024-05-24 10:14:17,0.113328
2024-05-24 10:14:18,0.128072
2024-05-24 10:14:19,0.12872
2024-05-24 10:14:20,0.131808
2024-05-24 10:14:21,0.111984
2024-05-24 10:14:22,0.128256
2024-05-24 10:14:23,0.133576
2024-05-24 10:14:24,0.092552
2024-05-24 10:14:25,0.132096
2024-05-24 10:14:26,0.113568
2024-05-24 10:14:27,0.216488
2024-05-24 10:14:28,0.136928
2024-05-24 10:14:29,0.157728
2024-05-24 10:14:30,0.154528
2024-05-24 10:14:31,0.144616
2024-05-24 10:14:32,0.153008
2024-05-24 10:14:33,0.100392
2024-05-24 10:14:34,0.095232
2024-05-24 10:14:35,0.095736
2024-05-24 10:14:36,0.116232
2024-05-24 10:14:37,0.09896
2024-05-24 10:14:38,0.10576
2024-05-24 10:14:39,0.109624
2024-05-24 10:14:40,0.114112
2024-05-24 10:14:41,0.114264
2024-05-24 10:14:42,0.127448
2024-05-24 10:14:43,0.140216
2024-05-24 10:14:44,0.128136
2024-05-24 10:14:45,0.12832
2024-05-24 10:14:46,0.163848
2024-05-24 10:14:47,0.1188
2024-05-24 10:14:48,0.134992
2024-05-24 10:14:49,0.148848
2024-05-24 10:14:50,0.134112
2024-05-24 10:14:51,0.145464
2024-05-24 10:14:52,0.174504
2024-05-24 10:14:53,0.156432
2024-05-24 10:14:54,0.178144
2024-05-24 10:14:55,0.149272
2024-05-24 10:14:56,0.155128
2024-05-24 10:14:57,0.1428
2024-05-24 10:14:58,0.107064
2024-05-24 10:14:59,0.10528
2024-05-24 10:15:00,0.115792
2024-05-24 10:15:01,0.115576
2024-05-24 10:15:02,0.124552
2024-05-24 10:15:03,0.101096
2024-05-24 10:15:04,0.097
2024-05-24 10:15:05,0.1318
2024-05-24 10:15:06,0.148472
2024-05-24 10:15:07,0.102496
2024-05-24 10:15:08,0.105712
2024-05-24 10:15:09,0.132328
2024-05-24 10:15:10,0.123816
2024-05-24 10:15:11,0.106584
2024-05-24 10:15:12,0.124672
2024-05-24 10:15:13,0.15496
2024-05-24 10:15:14,0.157392
2024-05-24 10:15:15,0.189056
2024-05-24 10:15:16,0.176976
2024-05-24 10:15:17,0.190528
2024-05-24 10:15:18,0.13228
2024-05-24 10:15:19,0.138696
2024-05-24 10:15:20,0.108944
2024-05-24 10:15:21,0.125704
2024-05-24 10:15:22,0.165992
2024-05-24 10:15:23,0.129936
2024-05-24 10:15:24,0.129224
2024-05-24 10:15:25,0.119504
2024-05-24 10:15:26,0.121768
2024-05-24 10:15:27,0.116384
2024-05-24 10:15:28,0.123024
2024-05-24 10:15:29,0.13312
2024-05-24 10:15:30,0.13408
2024-05-24 10:15:31,0.148424
2024-05-24 10:15:32,0.1198
2024-05-24 10:15:33,0.124504
2024-05-24 10:15:34,0.125112
2024-05-24 10:15:35,0.121952
2024-05-24 10:15:36,0.113864
2024-05-24 10:15:37,0.147912
2024-05-24 10:15:38,0.154232
2024-05-24 10:15:39,0.143712
2024-05-24 10:15:40,0.138128
2024-05-24 10:15:41,0.145216
2024-05-24 10:15:42,0.115424
2024-05-24 10:15:43,0.157512
2024-05-24 10:15:44,0.173264
2024-05-24 10:15:45,0.17184
2024-05-24 10:15:46,0.204632
2024-05-24 10:15:47,0.150136
2024-05-24 10:15:48,0.164096
2024-05-24 10:15:49,0.135232
2024-05-24 10:15:50,0.138176
2024-05-24 10:15:51,0.129984
2024-05-24 10:15:52,0.113544
2024-05-24 10:15:53,0.125608
2024-05-24 10:15:54,0.119464
2024-05-24 10:15:55,0.123616
2024-05-24 10:15:56,0.100208
2024-05-24 10:15:57,0.114584
2024-05-24 10:15:58,0.095632
2024-05-24 10:15:59,0.103032
2024-05-24 10:16:00,0.091
2024-05-24 10:16:01,0.088328
2024-05-24 10:16:02,0.103872
2024-05-24 10:16:03,0.113616
2024-05-24 10:16:04,0.127592
2024-05-24 10:16:05,0.108504
2024-05-24 10:16:06,0.1248
2024-05-24 10:16:07,0.088864
2024-05-24 10:16:08,0.103328
2024-05-24 10:16:09,0.115792
2024-05-24 10:16:10,0.099528
2024-05-24 10:16:11,0.112536
2024-05-24 10:16:12,0.122256
2024-05-24 10:16:13,0.162688
2024-05-24 10:16:14,0.133296
2024-05-24 10:16:15,0.159024
2024-05-24 10:16:16,0.15388
2024-05-24 10:16:17,0.155168
2024-05-24 10:16:18,0.155928
2024-05-24 10:16:19,0.158672
2024-05-24 10:16:20,0.222808
2024-05-24 10:16:21,0.148328
2024-05-24 10:16:22,0.132056
2024-05-24 10:16:23,0.157736
2024-05-24 10:16:24,0.145032
2024-05-24 10:16:25,0.117472
2024-05-24 10:16:26,0.1204
2024-05-24 10:16:27,0.112456
2024-05-24 10:16:28,0.149672
2024-05-24 10:16:29,0.12668
2024-05-24 10:16:30,0.120488
2024-05-24 10:16:31,0.126096
2024-05-24 10:16:32,0.097824
2024-05-24 10:16:33,0.127128
2024-05-24 10:16:34,0.111736
2024-05-24 10:16:35,0.11992
2024-05-24 10:16:36,0.123752
2024-05-24 10:16:37,0.12632
2024-05-24 10:16:38,0.12748
2024-05-24 10:16:39,0.115896
2024-05-24 10:16:40,0.121768
2024-05-24 10:16:41,0.113544
2024-05-24 10:16:42,0.124704
2024-05-24 10:16:43,0.1174
2024-05-24 10:16:44,0.098656
2024-05-24 10:16:45,0.122248
2024-05-24 10:16:46,0.124672
2024-05-24 10:16:47,0.122624
2024-05-24 10:16:48,0.158984
2024-05-24 10:16:49,0.151176
2024-05-24 10:16:50,0.202752
2024-05-24 10:16:51,0.173872
2024-05-24 10:16:52,0.248216
2024-05-24 10:16:53,0.160616
2024-05-24 10:16:54,0.1592
2024-05-24 10:16:55,0.194728
2024-05-24 10:16:56,0.135256
2024-05-24 10:16:57,0.164928
2024-05-24 10:16:58,0.16988
2024-05-24 10:16:59,0.137176
2024-05-24 10:17:00,0.13092
2024-05-24 10:17:01,0.15568
2024-05-24 10:17:02,0.154408
2024-05-24 10:17:03,0.177592
2024-05-24 10:17:04,0.246512
2024-05-24 10:17:05,0.200592
2024-05-24 10:17:06,0.15864
2024-05-24 10:17:07,0.156664
2024-05-24 10:17:08,0.174632
2024-05-24 10:17:09,0.125312
2024-05-24 10:17:10,0.138848
2024-05-24 10:17:11,0.104352
2024-05-24 10:17:12,0.112976
2024-05-24 10:17:13,0.1386
2024-05-24 10:17:14,0.150912
2024-05-24 10:17:15,0.084664
2024-05-24 10:17:16,0.097192
2024-05-24 10:17:17,0.1252
2024-05-24 10:17:18,0.128
2024-05-24 10:17:19,0.123896
2024-05-24 10:17:20,0.12924
2024-05-24 10:17:21,0.132176
2024-05-24 10:17:22,0.119464
2024-05-24 10:17:23,0.135728
2024-05-24 10:17:24,0.108176
2024-05-24 10:17:25,0.087408
2024-05-24 10:17:26,0.095096
2024-05-24 10:17:27,0.093136
2024-05-24 10:17:28,0.109416
2024-05-24 10:17:29,0.094856
2024-05-24 10:17:30,0.111768
2024-05-24 10:17:31,0.10344
2024-05-24 10:17:32,0.138408
2024-05-24 10:17:33,0.113168
2024-05-24 10:17:34,0.121728
2024-05-24 10:17:35,0.14144
2024-05-24 10:17:36,0.10916
2024-05-24 10:17:37,0.102808
2024-05-24 10:17:38,0.099528
2024-05-24 10:17:39,0.12756
2024-05-24 10:17:40,0.115432
2024-05-24 10:17:41,0.13976
2024-05-24 10:17:42,0.148848
2024-05-24 10:17:43,0.147624
2024-05-24 10:17:44,0.112224
2024-05-24 10:17:45,0.118376
2024-05-24 10:17:46,0.111608
2024-05-24 10:17:47,0.11904
2024-05-24 10:17:48,0.129928
2024-05-24 10:17:49,0.127312
2024-05-24 10:17:50,0.086464
2024-05-24 10:17:51,0.095712
2024-05-24 10:17:52,0.137928
2024-05-24 10:17:53,0.145128
2024-05-24 10:17:54,0.106344
2024-05-24 10:17:55,0.129448
2024-05-24 10:17:56,0.192312
2024-05-24 10:17:57,0.11468
2024-05-24 10:17:58,0.18516
2024-05-24 10:17:59,0.17128
2024-05-24 10:18:00,0.176224
2024-05-24 10:18:01,0.215952
2024-05-24 10:18:02,0.20896
2024-05-24 10:18:03,0.19524
2024-05-24 10:18:04,0.197376
2024-05-24 10:18:05,0.126728
2024-05-24 10:18:06,0.115624
2024-05-24 10:18:07,0.128352
2024-05-24 10:18:08,0.122376
2024-05-24 10:18:09,0.12836
2024-05-24 10:18:10,0.09544
2024-05-24 10:18:11,0.1046
2024-05-24 10:18:12,0.125328
2024-05-24 10:18:13,0.14256
2024-05-24 10:18:14,0.118624
2024-05-24 10:18:15,0.127096
2024-05-24 10:18:16,0.126296
2024-05-24 10:18:17,0.152704
2024-05-24 10:18:18,0.133648
2024-05-24 10:18:19,0.149024
2024-05-24 10:18:20,0.123808
2024-05-24 10:18:21,0.121552
2024-05-24 10:18:22,0.146952
2024-05-24 10:18:23,0.162888
2024-05-24 10:18:24,0.14784
2024-05-24 10:18:25,0.13704
2024-05-24 10:18:26,0.166608
2024-05-24 10:18:27,0.149888
2024-05-24 10:18:28,0.184392
2024-05-24 10:18:29,0.136176
2024-05-24 10:18:30,0.158888
2024-05-24 10:18:31,0.141576
2024-05-24 10:18:32,0.147776
2024-05-24 10:18:33,0.148264
2024-05-24 10:18:34,0.140976
2024-05-24 10:18:35,0.125344
2024-05-24 10:18:36,0.119936
2024-05-24 10:18:37,0.113576
2024-05-24 10:18:38,0.09632
2024-05-24 10:18:39,0.106184
2024-05-24 10:18:40,0.10664
2024-05-24 10:18:41,0.09568
2024-05-24 10:18:42,0.139416
2024-05-24 10:18:43,0.113824
2024-05-24 10:18:44,0.123592
2024-05-24 10:18:45,0.138056
2024-05-24 10:18:46,0.1032
2024-05-24 10:18:47,0.122784
2024-05-24 10:18:48,0.123832
2024-05-24 10:18:49,0.184048
2024-05-24 10:18:50,0.15144
2024-05-24 10:18:51,0.142928
2024-05-24 10:18:52,0.11024
2024-05-24 10:18:53,0.168672
2024-05-24 10:18:54,0.141
2024-05-24 10:18:55,0.15116
2024-05-24 10:18:56,0.117424
2024-05-24 10:18:57,0.12556
2024-05-24 10:18:58,0.128128
2024-05-24 10:18:59,0.11948
2024-05-24 10:19:00,0.136232
2024-05-24 10:19:01,0.109112
2024-05-24 10:19:02,0.136136
2024-05-24 10:19:03,0.145216
2024-05-24 10:19:04,0.160112
2024-05-24 10:19:05,0.119392
2024-05-24 10:19:06,0.128608
2024-05-24 10:19:07,0.119096
2024-05-24 10:19:08,0.12456
2024-05-24 10:19:09,0.138264
2024-05-24 10:19:10,0.174896
2024-05-24 10:19:11,0.1598
2024-05-24 10:19:12,0.11996
2024-05-24 10:19:13,0.140416
2024-05-24 10:19:14,0.110464
2024-05-24 10:19:15,0.117536
2024-05-24 10:19:16,0.108944
2024-05-24 10:19:17,0.12016
2024-05-24 10:19:18,0.116456
2024-05-24 10:19:19,0.149832
2024-05-24 10:19:20,0.14704
2024-05-24 10:19:21,0.160416
2024-05-24 10:19:22,0.144016
2024-05-24 10:19:23,0.133416
2024-05-24 10:19:24,0.122728
2024-05-24 10:19:25,0.144216
2024-05-24 10:19:26,0.185992
2024-05-24 10:19:27,0.133568
2024-05-24 10:19:28,0.166064
2024-05-24 10:19:29,0.152528
2024-05-24 10:19:30,0.177672
2024-05-24 10:19:31,0.151248
2024-05-24 10:19:32,0.158216
2024-05-24 10:19:33,0.1326
2024-05-24 10:19:34,0.1138
2024-05-24 10:19:35,0.113688
2024-05-24 10:19:36,0.107416
2024-05-24 10:19:37,0.116056
2024-05-24 10:19:38,0.101488
2024-05-24 10:19:39,0.078856
2024-05-24 10:19:40,0.10656
2024-05-24 10:19:41,0.108176
2024-05-24 10:19:42,0.097144
2024-05-24 10:19:43,0.111624
2024-05-24 10:19:44,0.134984
2024-05-24 10:19:45,0.1498
2024-05-24 10:19:46,0.129056
2024-05-24 10:19:47,0.126448
2024-05-24 10:19:48,0.1242
2024-05-24 10:19:49,0.12432
2024-05-24 10:19:50,0.139352
2024-05-24 10:19:51,0.175032
2024-05-24 10:19:52,0.156056
2024-05-24 10:19:53,0.17504
2024-05-24 10:19:54,0.175024
2024-05-24 10:19:55,0.118696
2024-05-24 10:19:56,0.120152
2024-05-24 10:19:57,0.126584
2024-05-24 10:19:58,0.112368
2024-05-24 10:19:59,0.119312
2024-05-24 10:20:00,0.106512
2024-05-24 10:20:01,0.10632
2024-05-24 10:20:02,0.124672
2024-05-24 10:20:03,0.11008
2024-05-24 10:20:04,0.113968
2024-05-24 10:20:05,0.104072
2024-05-24 10:20:06,0.107144
2024-05-24 10:20:07,0.143696
2024-05-24 10:20:08,0.15444
2024-05-24 10:20:09,0.204104
2024-05-24 10:20:10,0.167296
2024-05-24 10:20:11,0.098488
2024-05-24 10:20:12,0.099352
2024-05-24 10:20:13,0.164144
2024-05-24 10:20:14,0.112968
2024-05-24 10:20:15,0.131504
2024-05-24 10:20:16,0.15348
2024-05-24 10:20:17,0.150544
2024-05-24 10:20:18,0.15704
2024-05-24 10:20:19,0.154448
2024-05-24 10:20:20,0.163792
2024-05-24 10:20:21,0.118032
2024-05-24 10:20:22,0.136928
2024-05-24 10:20:23,0.171656
2024-05-24 10:20:24,0.112168
2024-05-24 10:20:25,0.128552
2024-05-24 10:20:26,0.160624
2024-05-24 10:20:27,0.147712
2024-05-24 10:20:28,0.134872
2024-05-24 10:20:29,0.116776
2024-05-24 10:20:30,0.136768
2024-05-24 10:20:31,0.155424
2024-05-24 10:20:32,0.16076
2024-05-24 10:20:33,0.133168
2024-05-24 10:20:34,0.120144
2024-05-24 10:20:35,0.122064
2024-05-24 10:20:36,0.132584
2024-05-24 10:20:37,0.121816
2024-05-24 10:20:38,0.118608
2024-05-24 10:20:39,0.138984
2024-05-24 10:20:40,0.131104
2024-05-24 10:20:41,0.150872
2024-05-24 10:20:42,0.126824
2024-05-24 10:20:43,0.161552
2024-05-24 10:20:44,0.11384
2024-05-24 10:20:45,0.175344
2024-05-24 10:20:46,0.132656
2024-05-24 10:20:47,0.13452
2024-05-24 10:20:48,0.089968
2024-05-24 10:20:49,0.106136
2024-05-24 10:20:50,0.076704
2024-05-24 10:20:51,0.108616
2024-05-24 10:20:52,0.118744
2024-05-24 10:20:53,0.133672
2024-05-24 10:20:54,0.116216
2024-05-24 10:20:55,0.122864
2024-05-24 10:20:56,0.132664
2024-05-24 10:20:57,0.111056
2024-05-24 10:20:58,0.120784
2024-05-24 10:20:59,0.11804
2024-05-24 10:21:00,0.135304
2024-05-24 10:21:01,0.14804
2024-05-24 10:21:02,0.144584
2024-05-24 10:21:03,0.133
2024-05-24 10:21:04,0.114952
2024-05-24 10:21:05,0.120864
2024-05-24 10:21:06,0.118136
2024-05-24 10:21:07,0.125912
2024-05-24 10:21:08,0.126344
2024-05-24 10:21:09,0.126824
2024-05-24 10:21:10,0.187728
2024-05-24 10:21:11,0.165632
2024-05-24 10:21:12,0.147688
2024-05-24 10:21:13,0.14852
2024-05-24 10:21:14,0.15272
2024-05-24 10:21:15,0.129744
2024-05-24 10:21:16,0.14028
2024-05-24 10:21:17,0.134648
2024-05-24 10:21:18,0.129872
2024-05-24 10:21:19,0.176072
2024-05-24 10:21:20,0.14432
2024-05-24 10:21:21,0.11656
2024-05-24 10:21:22,0.128632
2024-05-24 10:21:23,0.144024
2024-05-24 10:21:24,0.146888
2024-05-24 10:21:25,0.12492
2024-05-24 10:21:26,0.142632
2024-05-24 10:21:27,0.153912
2024-05-24 10:21:28,0.165528
2024-05-24 10:21:29,0.144168
2024-05-24 10:21:30,0.132568
2024-05-24 10:21:31,0.155656
2024-05-24 10:21:32,0.156192
2024-05-24 10:21:33,0.164136
2024-05-24 10:21:34,0.167592
2024-05-24 10:21:35,0.254416
2024-05-24 10:21:36,0.177528
2024-05-24 10:21:37,0.147432
2024-05-24 10:21:38,0.147952
2024-05-24 10:21:39,0.136664
2024-05-24 10:21:40,0.114464
2024-05-24 10:21:41,0.134912
2024-05-24 10:21:42,0.104528
2024-05-24 10:21:43,0.100992
2024-05-24 10:21:44,0.119544
2024-05-24 10:21:45,0.122832
2024-05-24 10:21:46,0.101416
2024-05-24 10:21:47,0.09096
2024-05-24 10:21:48,0.087768
2024-05-24 10:21:49,0.090912
2024-05-24 10:21:50,0.078768
2024-05-24 10:21:51,0.09092
2024-05-24 10:21:52,0.090248
2024-05-24 10:21:53,0.084632
2024-05-24 10:21:54,0.08928
2024-05-24 10:21:55,0.118192
2024-05-24 10:21:56,0.112592
2024-05-24 10:21:57,0.121936
2024-05-24 10:21:58,0.153896
2024-05-24 10:21:59,0.14776
2024-05-24 10:22:00,0.138504
2024-05-24 10:22:01,0.104928
2024-05-24 10:22:02,0.108232
2024-05-24 10:22:03,0.153944
2024-05-24 10:22:04,0.140672
2024-05-24 10:22:05,0.110232
2024-05-24 10:22:06,0.10724
2024-05-24 10:22:07,0.132872
2024-05-24 10:22:08,0.145352
2024-05-24 10:22:09,0.156872
2024-05-24 10:22:10,0.1642
2024-05-24 10:22:11,0.127
2024-05-24 10:22:12,0.109752
2024-05-24 10:22:13,0.15156
2024-05-24 10:22:14,0.126312
2024-05-24 10:22:15,0.13904
2024-05-24 10:22:16,0.093272
2024-05-24 10:22:17,0.097192
2024-05-24 10:22:18,0.084728
2024-05-24 10:22:19,0.111712
2024-05-24 10:22:20,0.111056
2024-05-24 10:22:21,0.12156
2024-05-24 10:22:22,0.124696
2024-05-24 10:22:23,0.114616
2024-05-24 10:22:24,0.099688
2024-05-24 10:22:25,0.097064
2024-05-24 10:22:26,0.109152
2024-05-24 10:22:27,0.105312
2024-05-24 10:22:28,0.11196
2024-05-24 10:22:29,0.099496
2024-05-24 10:22:30,0.103536
2024-05-24 10:22:31,0.106824
2024-05-24 10:22:32,0.139608
2024-05-24 10:22:33,0.134944
2024-05-24 10:22:34,0.13024
2024-05-24 10:22:35,0.122752
2024-05-24 10:22:36,0.140456
2024-05-24 10:22:37,0.1564
2024-05-24 10:22:38,0.157576
2024-05-24 10:22:39,0.113496
2024-05-24 10:22:40,0.110544
2024-05-24 10:22:41,0.11312
2024-05-24 10:22:42,0.114392
2024-05-24 10:22:43,0.122416
2024-05-24 10:22:44,0.10656
2024-05-24 10:22:45,0.118024
2024-05-24 10:22:46,0.1278
2024-05-24 10:22:47,0.147608
2024-05-24 10:22:48,0.149848
2024-05-24 10:22:49,0.156984
2024-05-24 10:22:50,0.151496
2024-05-24 10:22:51,0.132848
2024-05-24 10:22:52,0.168024
2024-05-24 10:22:53,0.166152
2024-05-24 10:22:54,0.100352
2024-05-24 10:22:55,0.108256
2024-05-24 10:22:56,0.109928
2024-05-24 10:22:57,0.129872
2024-05-24 10:22:58,0.160704
2024-05-24 10:22:59,0.158992
2024-05-24 10:23:00,0.156128
2024-05-24 10:23:01,0.158616
2024-05-24 10:23:02,0.133632
2024-05-24 10:23:03,0.1312
2024-05-24 10:23:04,0.162664
2024-05-24 10:23:05,0.126384
2024-05-24 10:23:06,0.153328
2024-05-24 10:23:07,0.151848
2024-05-24 10:23:08,0.16864
2024-05-24 10:23:09,0.156224
2024-05-24 10:23:10,0.161344
2024-05-24 10:23:11,0.141992
2024-05-24 10:23:12,0.11744
2024-05-24 10:23:13,0.149808
2024-05-24 10:23:14,0.108584
2024-05-24 10:23:15,0.139144
2024-05-24 10:23:16,0.109896
2024-05-24 10:23:17,0.135688
2024-05-24 10:23:18,0.150128
2024-05-24 10:23:19,0.13732
2024-05-24 10:23:20,0.162704
2024-05-24 10:23:21,0.162456
2024-05-24 10:23:22,0.227696
2024-05-24 10:23:23,0.220296
2024-05-24 10:23:24,0.219216
2024-05-24 10:23:25,0.199832
2024-05-24 10:23:26,0.192032
2024-05-24 10:23:27,0.114448
2024-05-24 10:23:28,0.102544
2024-05-24 10:23:29,0.1146
2024-05-24 10:23:30,0.12228
2024-05-24 10:23:31,0.163936
2024-05-24 10:23:32,0.140968
2024-05-24 10:23:33,0.143248
2024-05-24 10:23:34,0.118928
2024-05-24 10:23:35,0.11196
2024-05-24 10:23:36,0.113048
2024-05-24 10:23:37,0.124704
2024-05-24 10:23:38,0.098416
2024-05-24 10:23:39,0.11584
2024-05-24 10:23:40,0.153144
2024-05-24 10:23:41,0.136848
2024-05-24 10:23:42,0.116264
2024-05-24 10:23:43,0.1088
2024-05-24 10:23:44,0.102312
2024-05-24 10:23:45,0.089808
2024-05-24 10:23:46,0.100944
2024-05-24 10:23:47,0.102864
2024-05-24 10:23:48,0.092544
2024-05-24 10:23:49,0.114272
2024-05-24 10:23:50,0.103528
2024-05-24 10:23:51,0.113728
2024-05-24 10:23:52,0.125432
2024-05-24 10:23:53,0.132768
2024-05-24 10:23:54,0.142144
2024-05-24 10:23:55,0.159696
2024-05-24 10:23:56,0.222688
2024-05-24 10:23:57,0.240624
2024-05-24 10:23:58,0.183536
2024-05-24 10:23:59,0.245064
2024-05-24 10:24:00,0.202568
2024-05-24 10:24:01,0.181688
2024-05-24 10:24:02,0.193936
2024-05-24 10:24:03,0.131192
2024-05-24 10:24:04,0.150216
2024-05-24 10:24:05,0.190208
2024-05-24 10:24:06,0.14988
2024-05-24 10:24:07,0.157976
2024-05-24 10:24:08,0.151848
2024-05-24 10:24:09,0.131608
2024-05-24 10:24:10,0.097184
2024-05-24 10:24:11,0.08884
2024-05-24 10:24:12,0.087992
2024-05-24 10:24:13,0.132472
2024-05-24 10:24:14,0.097288
2024-05-24 10:24:15,0.087776
2024-05-24 10:24:16,0.095704
2024-05-24 10:24:17,0.117712
2024-05-24 10:24:18,0.113392
2024-05-24 10:24:19,0.140968
2024-05-24 10:24:20,0.132744
2024-05-24 10:24:21,0.115728
2024-05-24 10:24:22,0.110112
2024-05-24 10:24:23,0.111136
2024-05-24 10:24:24,0.100384
2024-05-24 10:24:25,0.103632
2024-05-24 10:24:26,0.1338
2024-05-24 10:24:27,0.104736
2024-05-24 10:24:28,0.102912
2024-05-24 10:24:29,0.093208
2024-05-24 10:24:30,0.085904
2024-05-24 10:24:31,0.088936
2024-05-24 10:24:32,0.105544
2024-05-24 10:24:33,0.104536
2024-05-24 10:24:34,0.106328
2024-05-24 10:24:35,0.128608
2024-05-24 10:24:36,0.150128
2024-05-24 10:24:37,0.144712
2024-05-24 10:24:38,0.134112
2024-05-24 10:24:39,0.141448
2024-05-24 10:24:40,0.114104
2024-05-24 10:24:41,0.114352
2024-05-24 10:24:42,0.097904
2024-05-24 10:24:43,0.080192
2024-05-24 10:24:44,0.07488
2024-05-24 10:24:45,0.095144
2024-05-24 10:24:46,0.103136
2024-05-24 10:24:47,0.101056
2024-05-24 10:24:48,0.106216
2024-05-24 10:24:49,0.121704
2024-05-24 10:24:50,0.12588
2024-05-24 10:24:51,0.117088
2024-05-24 10:24:52,0.108088
2024-05-24 10:24:53,0.113616
2024-05-24 10:24:54,0.119816
2024-05-24 10:24:55,0.136072
2024-05-24 10:24:56,0.146696
2024-05-24 10:24:57,0.155216
2024-05-24 10:24:58,0.141096
2024-05-24 10:24:59,0.111672
2024-05-24 10:25:00,0.16848
2024-05-24 10:25:01,0.139384
2024-05-24 10:25:02,0.139744
2024-05-24 10:25:03,0.1534
2024-05-24 10:25:04,0.13452
2024-05-24 10:25:05,0.126
2024-05-24 10:25:06,0.144248
2024-05-24 10:25:07,0.142688
2024-05-24 10:25:08,0.135984
2024-05-24 10:25:09,0.141112
2024-05-24 10:25:10,0.1392
2024-05-24 10:25:11,0.198656
2024-05-24 10:25:12,0.158728
2024-05-24 10:25:13,0.177288
2024-05-24 10:25:14,0.135328
2024-05-24 10:25:15,0.114728
2024-05-24 10:25:16,0.111312
2024-05-24 10:25:17,0.103616
2024-05-24 10:25:18,0.114288
2024-05-24 10:25:19,0.129016
2024-05-24 10:25:20,0.117592
2024-05-24 10:25:21,0.132456
2024-05-24 10:25:22,0.11616
2024-05-24 10:25:23,0.12396
2024-05-24 10:25:24,0.109792
2024-05-24 10:25:25,0.110096
2024-05-24 10:25:26,0.099656
2024-05-24 10:25:27,0.148864
2024-05-24 10:25:28,0.118152
2024-05-24 10:25:29,0.114336
2024-05-24 10:25:30,0.113272
2024-05-24 10:25:31,0.098968
2024-05-24 10:25:32,0.108864
2024-05-24 10:25:33,0.093664
2024-05-24 10:25:34,0.107952
2024-05-24 10:25:35,0.11068
2024-05-24 10:25:36,0.113344
2024-05-24 10:25:37,0.128968
2024-05-24 10:25:38,0.11468
2024-05-24 10:25:39,0.113192
2024-05-24 10:25:40,0.098392
2024-05-24 10:25:41,0.120944
2024-05-24 10:25:42,0.10848
2024-05-24 10:25:43,0.122216
2024-05-24 10:25:44,0.104304
2024-05-24 10:25:45,0.113256
2024-05-24 10:25:46,0.094056
2024-05-24 10:25:47,0.113768
2024-05-24 10:25:48,0.134176
2024-05-24 10:25:49,0.197216
2024-05-24 10:25:50,0.153176
2024-05-24 10:25:51,0.146064
2024-05-24 10:25:52,0.111824
2024-05-24 10:25:53,0.105088
2024-05-24 10:25:54,0.099336
2024-05-24 10:25:55,0.085256
2024-05-24 10:25:56,0.08008
2024-05-24 10:25:57,0.117056
2024-05-24 10:25:58,0.107248
2024-05-24 10:25:59,0.114976
2024-05-24 10:26:00,0.115952
2024-05-24 10:26:01,0.156232
2024-05-24 10:26:02,0.132904
2024-05-24 10:26:03,0.11968
2024-05-24 10:26:04,0.156472
2024-05-24 10:26:05,0.153024
2024-05-24 10:26:06,0.136776
2024-05-24 10:26:07,0.174704
2024-05-24 10:26:08,0.16248
2024-05-24 10:26:09,0.145456
2024-05-24 10:26:10,0.156096
2024-05-24 10:26:11,0.15848
2024-05-24 10:26:12,0.140448
2024-05-24 10:26:13,0.161624
2024-05-24 10:26:14,0.101248
2024-05-24 10:26:15,0.1202
2024-05-24 10:26:16,0.1224
2024-05-24 10:26:17,0.110432
2024-05-24 10:26:18,0.10868
2024-05-24 10:26:19,0.154496
2024-05-24 10:26:20,0.115712
2024-05-24 10:26:21,0.143288
2024-05-24 10:26:22,0.128752
2024-05-24 10:26:23,0.149152
2024-05-24 10:26:24,0.15696
2024-05-24 10:26:25,0.156384
2024-05-24 10:26:26,0.162736
2024-05-24 10:26:27,0.153152
2024-05-24 10:26:28,0.127576
2024-05-24 10:26:29,0.123296
2024-05-24 10:26:30,0.13696
2024-05-24 10:26:31,0.157344
2024-05-24 10:26:32,0.16024
2024-05-24 10:26:33,0.163688
2024-05-24 10:26:34,0.152776
2024-05-24 10:26:35,0.158528
2024-05-24 10:26:36,0.132632
2024-05-24 10:26:37,0.1356
2024-05-24 10:26:38,0.13356
2024-05-24 10:26:39,0.125704
2024-05-24 10:26:40,0.126736
2024-05-24 10:26:41,0.118448
2024-05-24 10:26:42,0.134888
2024-05-24 10:26:43,0.156464
2024-05-24 10:26:44,0.1438
2024-05-24 10:26:45,0.140848
2024-05-24 10:26:46,0.152448
2024-05-24 10:26:47,0.187624
2024-05-24 10:26:48,0.19608
2024-05-24 10:26:49,0.263648
2024-05-24 10:26:50,0.257952
2024-05-24 10:26:51,0.214568
2024-05-24 10:26:52,0.359064
2024-05-24 10:26:53,0.304584
2024-05-24 10:26:54,0.276504
2024-05-24 10:26:55,0.180136
2024-05-24 10:26:56,0.156816
2024-05-24 10:26:57,0.169496
2024-05-24 10:26:58,0.157608
2024-05-24 10:26:59,0.151472
2024-05-24 10:27:00,0.177352
2024-05-24 10:27:01,0.154096
2024-05-24 10:27:02,0.125088
2024-05-24 10:27:03,0.107864
2024-05-24 10:27:04,0.12876
2024-05-24 10:27:05,0.139136
2024-05-24 10:27:06,0.052952
2024-05-24 10:27:07,0.05696
2024-05-24 10:27:08,0.040792
2024-05-24 10:27:09,0.038704
2024-05-24 10:27:10,0.006872
2024-05-24 10:27:11,0.00188
2024-05-24 10:27:12,0.00124
2024-05-24 10:27:13,0.005832
2024-05-24 10:30:37,0.01316
2024-05-24 10:30:38,0.152552
2024-05-24 10:30:39,0.026792
2024-05-24 10:30:40,0.037848
2024-05-24 10:30:41,0.034304
2024-05-24 10:30:42,0.288112
2024-05-24 10:30:43,0.032392
2024-05-24 10:30:44,0.039304
2024-05-24 10:30:45,0.03088
2024-05-24 10:30:46,0.038048
2024-05-24 10:30:47,0.059032
2024-05-24 10:30:48,0.037736
2024-05-24 10:30:49,0.186272
2024-05-24 10:30:50,0.092936
2024-05-24 10:30:51,0.07004
2024-05-24 10:30:52,0.072368
2024-05-24 10:30:53,0.07272
2024-05-24 10:30:54,0.079936
2024-05-24 10:30:55,0.071504
2024-05-24 10:30:56,0.090296
2024-05-24 10:30:57,0.072984
2024-05-24 10:30:58,0.082864
2024-05-24 10:30:59,0.072696
2024-05-24 10:31:00,0.083152
2024-05-24 10:31:01,0.070352
2024-05-24 10:31:02,0.076136
2024-05-24 10:31:03,0.071176
2024-05-24 10:31:04,0.10864
2024-05-24 10:31:05,0.102248
2024-05-24 10:31:06,0.093976
2024-05-24 10:31:07,0.093976
2024-05-24 10:31:08,0.098656
2024-05-24 10:31:09,0.094792
2024-05-24 10:31:10,0.1096
2024-05-24 10:31:11,0.1062
2024-05-24 10:31:12,0.117856
2024-05-24 10:31:13,0.111272
2024-05-24 10:31:14,0.100976
2024-05-24 10:31:15,0.09896
2024-05-24 10:31:16,0.09836
2024-05-24 10:31:17,0.09432
2024-05-24 10:31:18,0.12636
2024-05-24 10:31:19,0.105752
2024-05-24 10:31:20,0.183616
2024-05-24 10:31:21,0.150568
2024-05-24 10:31:22,0.232816
2024-05-24 10:31:23,0.241784
2024-05-24 10:31:24,0.191552
2024-05-24 10:31:25,0.13864
2024-05-24 10:31:26,0.141792
2024-05-24 10:31:27,0.153128
2024-05-24 10:31:28,0.162672
2024-05-24 10:31:29,0.166744
2024-05-24 10:31:30,0.139968
2024-05-24 10:31:31,0.128504
2024-05-24 10:31:32,0.1206
2024-05-24 10:31:33,0.119168
2024-05-24 10:31:34,0.181128
2024-05-24 10:31:35,0.125376
2024-05-24 10:31:36,0.120328
2024-05-24 10:31:37,0.126432
2024-05-24 10:31:38,0.130176
2024-05-24 10:31:39,0.145384
2024-05-24 10:31:40,0.169056
2024-05-24 10:31:41,0.127328
2024-05-24 10:31:42,0.11784
2024-05-24 10:31:43,0.180528
2024-05-24 10:31:44,0.172592
2024-05-24 10:31:45,0.099008
2024-05-24 10:31:46,0.089984
2024-05-24 10:31:47,0.098664
2024-05-24 10:31:48,0.11052
2024-05-24 10:31:49,0.122752
2024-05-24 10:31:50,0.107176
2024-05-24 10:31:51,0.094992
2024-05-24 10:31:52,0.115488
2024-05-24 10:31:53,0.117424
2024-05-24 10:31:54,0.115248
2024-05-24 10:31:55,0.157824
2024-05-24 10:31:56,0.115368
2024-05-24 10:31:57,0.107792
2024-05-24 10:31:58,0.105024
2024-05-24 10:31:59,0.119776
2024-05-24 10:32:00,0.14372
2024-05-24 10:32:01,0.146904
2024-05-24 10:32:02,0.147568
2024-05-24 10:32:03,0.154
2024-05-24 10:32:04,0.161288
2024-05-24 10:32:05,0.150952
2024-05-24 10:32:06,0.180896
2024-05-24 10:32:07,0.159384
2024-05-24 10:32:08,0.148744
2024-05-24 10:32:09,0.193184
2024-05-24 10:32:10,0.15996
2024-05-24 10:32:11,0.16244
2024-05-24 10:32:12,0.14344
2024-05-24 10:32:13,0.138128
2024-05-24 10:32:14,0.154176
2024-05-24 10:32:15,0.163112
2024-05-24 10:32:16,0.159856
2024-05-24 10:32:17,0.11872
2024-05-24 10:32:18,0.110312
2024-05-24 10:32:19,0.131872
2024-05-24 10:32:20,0.11112
2024-05-24 10:32:21,0.099696
2024-05-24 10:32:22,0.108576
2024-05-24 10:32:23,0.126224
2024-05-24 10:32:24,0.118408
2024-05-24 10:32:25,0.121152
2024-05-24 10:32:26,0.107792
2024-05-24 10:32:27,0.117736
2024-05-24 10:32:28,0.128656
2024-05-24 10:32:29,0.120376
2024-05-24 10:32:30,0.117376
2024-05-24 10:32:31,0.112936
2024-05-24 10:32:32,0.148224
2024-05-24 10:32:33,0.109656
2024-05-24 10:32:34,0.112032
2024-05-24 10:32:35,0.138256
2024-05-24 10:32:36,0.117112
2024-05-24 10:32:37,0.144656
2024-05-24 10:32:38,0.177888
2024-05-24 10:32:39,0.1704
2024-05-24 10:32:40,0.184192
2024-05-24 10:32:41,0.228224
2024-05-24 10:32:42,0.214768
2024-05-24 10:32:43,0.218464
2024-05-24 10:32:44,0.149352
2024-05-24 10:32:45,0.158744
2024-05-24 10:32:46,0.117584
2024-05-24 10:32:47,0.118856
2024-05-24 10:32:48,0.123592
2024-05-24 10:32:49,0.157608
2024-05-24 10:32:50,0.111928
2024-05-24 10:32:51,0.149256
2024-05-24 10:32:52,0.113496
2024-05-24 10:32:53,0.127736
2024-05-24 10:32:54,0.179472
2024-05-24 10:32:55,0.105984
2024-05-24 10:32:56,0.094304
2024-05-24 10:32:57,0.104504
2024-05-24 10:32:58,0.098288
2024-05-24 10:32:59,0.150832
2024-05-24 10:33:00,0.16104
2024-05-24 10:33:01,0.144792
2024-05-24 10:33:02,0.146592
2024-05-24 10:33:03,0.182712
2024-05-24 10:33:04,0.220816
2024-05-24 10:33:05,0.173936
2024-05-24 10:33:06,0.148184
2024-05-24 10:33:07,0.142872
2024-05-24 10:33:08,0.15224
2024-05-24 10:33:09,0.176768
2024-05-24 10:33:10,0.143864
2024-05-24 10:33:11,0.133728
2024-05-24 10:33:12,0.133104
2024-05-24 10:33:13,0.162552
2024-05-24 10:33:14,0.137992
2024-05-24 10:33:15,0.1208
2024-05-24 10:33:16,0.132584
2024-05-24 10:33:17,0.126512
2024-05-24 10:33:18,0.137544
2024-05-24 10:33:19,0.139544
2024-05-24 10:33:20,0.13016
2024-05-24 10:33:21,0.116392
2024-05-24 10:33:22,0.13548
2024-05-24 10:33:23,0.116552
2024-05-24 10:33:24,0.098096
2024-05-24 10:33:25,0.125392
2024-05-24 10:33:26,0.128528
2024-05-24 10:33:27,0.170776
2024-05-24 10:33:28,0.230856
2024-05-24 10:33:29,0.142904
2024-05-24 10:33:30,0.137256
2024-05-24 10:33:31,0.179888
2024-05-24 10:33:32,0.150176
2024-05-24 10:33:33,0.126456
2024-05-24 10:33:34,0.120512
2024-05-24 10:33:35,0.125448
2024-05-24 10:33:36,0.127592
2024-05-24 10:33:37,0.13884
2024-05-24 10:33:38,0.140968
2024-05-24 10:33:39,0.1524
2024-05-24 10:33:40,0.184088
2024-05-24 10:33:41,0.247264
2024-05-24 10:33:42,0.28008
2024-05-24 10:33:43,0.149464
2024-05-24 10:33:44,0.130744
2024-05-24 10:33:45,0.128096
2024-05-24 10:33:46,0.11752
2024-05-24 10:33:47,0.11136
2024-05-24 10:33:48,0.11588
2024-05-24 10:33:49,0.163296
2024-05-24 10:33:50,0.12772
2024-05-24 10:33:51,0.157728
2024-05-24 10:33:52,0.148448
2024-05-24 10:33:53,0.159704
2024-05-24 10:33:54,0.145208
2024-05-24 10:33:55,0.194552
2024-05-24 10:33:56,0.11752
2024-05-24 10:33:57,0.112336
2024-05-24 10:33:58,0.128024
2024-05-24 10:33:59,0.130848
2024-05-24 10:34:00,0.147896
2024-05-24 10:34:01,0.1324
2024-05-24 10:34:02,0.126488
2024-05-24 10:34:03,0.133296
2024-05-24 10:34:04,0.166456
2024-05-24 10:34:05,0.186624
2024-05-24 10:34:06,0.142552
2024-05-24 10:34:07,0.129976
2024-05-24 10:34:08,0.145048
2024-05-24 10:34:09,0.15236
2024-05-24 10:34:10,0.201968
2024-05-24 10:34:11,0.123152
2024-05-24 10:34:12,0.145
2024-05-24 10:34:13,0.116368
2024-05-24 10:34:14,0.127992
2024-05-24 10:34:15,0.13692
2024-05-24 10:34:16,0.147104
2024-05-24 10:34:17,0.152752
2024-05-24 10:34:18,0.207104
2024-05-24 10:34:19,0.235608
2024-05-24 10:34:20,0.274552
2024-05-24 10:34:21,0.255376
2024-05-24 10:34:22,0.168712
2024-05-24 10:34:23,0.194024
2024-05-24 10:34:24,0.132016
2024-05-24 10:34:25,0.151584
2024-05-24 10:34:26,0.11892
2024-05-24 10:34:27,0.162744
2024-05-24 10:34:28,0.182968
2024-05-24 10:34:29,0.179136
2024-05-24 10:34:30,0.126328
2024-05-24 10:34:31,0.137832
2024-05-24 10:34:32,0.107784
2024-05-24 10:34:33,0.10716
2024-05-24 10:34:34,0.136032
2024-05-24 10:34:35,0.113016
2024-05-24 10:34:36,0.107984
2024-05-24 10:34:37,0.088608
2024-05-24 10:34:38,0.08636
2024-05-24 10:34:39,0.100856
2024-05-24 10:34:40,0.127064
2024-05-24 10:34:41,0.118968
2024-05-24 10:34:42,0.15084
2024-05-24 10:34:43,0.1582
2024-05-24 10:34:44,0.183648
2024-05-24 10:34:45,0.184864
2024-05-24 10:34:46,0.197024
2024-05-24 10:34:47,0.151816
2024-05-24 10:34:48,0.223168
2024-05-24 10:34:49,0.216064
2024-05-24 10:34:50,0.196168
2024-05-24 10:34:51,0.17972
2024-05-24 10:34:52,0.146104
2024-05-24 10:34:53,0.143864
2024-05-24 10:34:54,0.128848
2024-05-24 10:34:55,0.126784
2024-05-24 10:34:56,0.127336
2024-05-24 10:34:57,0.132208
2024-05-24 10:34:58,0.140888
2024-05-24 10:34:59,0.147456
2024-05-24 10:35:00,0.125808
2024-05-24 10:35:01,0.148864
2024-05-24 10:35:02,0.13628
2024-05-24 10:35:03,0.114056
2024-05-24 10:35:04,0.107392
2024-05-24 10:35:05,0.113232
2024-05-24 10:35:06,0.123376
2024-05-24 10:35:07,0.127936
2024-05-24 10:35:08,0.153608
2024-05-24 10:35:09,0.16248
2024-05-24 10:35:10,0.16608
2024-05-24 10:35:11,0.1834
2024-05-24 10:35:12,0.185896
2024-05-24 10:35:13,0.16908
2024-05-24 10:35:14,0.194792
2024-05-24 10:35:15,0.146264
2024-05-24 10:35:16,0.12888
2024-05-24 10:35:17,0.130472
2024-05-24 10:35:18,0.132704
2024-05-24 10:35:19,0.155208
2024-05-24 10:35:20,0.12756
2024-05-24 10:35:21,0.150952
2024-05-24 10:35:22,0.174728
2024-05-24 10:35:23,0.132
2024-05-24 10:35:24,0.136264
2024-05-24 10:35:25,0.177904
2024-05-24 10:35:26,0.123816
2024-05-24 10:35:27,0.135592
2024-05-24 10:35:28,0.191744
2024-05-24 10:35:29,0.143104
2024-05-24 10:35:30,0.137952
2024-05-24 10:35:31,0.136776
2024-05-24 10:35:32,0.147424
2024-05-24 10:35:33,0.09976
2024-05-24 10:35:34,0.109456
2024-05-24 10:35:35,0.114632
2024-05-24 10:35:36,0.146936
2024-05-24 10:35:37,0.17744
2024-05-24 10:35:38,0.110696
2024-05-24 10:35:39,0.111144
2024-05-24 10:35:40,0.117296
2024-05-24 10:35:41,0.09092
2024-05-24 10:35:42,0.108744
2024-05-24 10:35:43,0.102408
2024-05-24 10:35:44,0.126176
2024-05-24 10:35:45,0.120864
2024-05-24 10:35:46,0.177048
2024-05-24 10:35:47,0.134904
2024-05-24 10:35:48,0.100048
2024-05-24 10:35:49,0.153216
2024-05-24 10:35:50,0.1182
2024-05-24 10:35:51,0.11228
2024-05-24 10:35:52,0.101864
2024-05-24 10:35:53,0.113624
2024-05-24 10:35:54,0.116504
2024-05-24 10:35:55,0.114048
2024-05-24 10:35:56,0.100328
2024-05-24 10:35:57,0.134832
2024-05-24 10:35:58,0.094144
2024-05-24 10:35:59,0.114808
2024-05-24 10:36:00,0.116456
2024-05-24 10:36:01,0.12752
2024-05-24 10:36:02,0.122784
2024-05-24 10:36:03,0.107192
2024-05-24 10:36:04,0.155608
2024-05-24 10:36:05,0.124832
2024-05-24 10:36:06,0.145536
2024-05-24 10:36:07,0.164104
2024-05-24 10:36:08,0.147728
2024-05-24 10:36:09,0.148064
2024-05-24 10:36:10,0.12992
2024-05-24 10:36:11,0.152312
2024-05-24 10:36:12,0.129328
2024-05-24 10:36:13,0.114792
2024-05-24 10:36:14,0.11088
2024-05-24 10:36:15,0.118576
2024-05-24 10:36:16,0.117552
2024-05-24 10:36:17,0.14632
2024-05-24 10:36:18,0.167648
2024-05-24 10:36:19,0.141848
2024-05-24 10:36:20,0.190128
2024-05-24 10:36:21,0.138808
2024-05-24 10:36:22,0.127832
2024-05-24 10:36:23,0.117936
2024-05-24 10:36:24,0.114688
2024-05-24 10:36:25,0.127344
2024-05-24 10:36:26,0.133272
2024-05-24 10:36:27,0.130256
2024-05-24 10:36:28,0.212472
2024-05-24 10:36:29,0.128448
2024-05-24 10:36:30,0.110392
2024-05-24 10:36:31,0.133848
2024-05-24 10:36:32,0.123376
2024-05-24 10:36:33,0.120736
2024-05-24 10:36:34,0.111416
2024-05-24 10:36:35,0.123416
2024-05-24 10:36:36,0.188224
2024-05-24 10:36:37,0.152088
2024-05-24 10:36:38,0.162528
2024-05-24 10:36:39,0.166056
2024-05-24 10:36:40,0.15184
2024-05-24 10:36:41,0.220384
2024-05-24 10:36:42,0.277112
2024-05-24 10:36:43,0.247816
2024-05-24 10:36:44,0.175312
2024-05-24 10:36:45,0.232752
2024-05-24 10:36:46,0.20344
2024-05-24 10:36:47,0.139432
2024-05-24 10:36:48,0.141704
2024-05-24 10:36:49,0.203088
2024-05-24 10:36:50,0.173008
2024-05-24 10:36:51,0.141808
2024-05-24 10:36:52,0.1822
2024-05-24 10:36:53,0.179248
2024-05-24 10:36:54,0.134384
2024-05-24 10:36:55,0.108088
2024-05-24 10:36:56,0.1246
2024-05-24 10:36:57,0.097744
2024-05-24 10:36:58,0.084776
2024-05-24 10:36:59,0.118128
2024-05-24 10:37:00,0.156608
2024-05-24 10:37:01,0.140816
2024-05-24 10:37:02,0.11624
2024-05-24 10:37:03,0.12444
2024-05-24 10:37:04,0.096832
2024-05-24 10:37:05,0.109792
2024-05-24 10:37:06,0.083792
2024-05-24 10:37:07,0.097896
2024-05-24 10:37:08,0.08236
2024-05-24 10:37:09,0.076216
2024-05-24 10:37:10,0.060416
2024-05-24 10:37:11,0.052288
2024-05-24 10:37:12,0.076424
2024-05-24 10:37:13,0.13232
2024-05-24 10:37:14,0.155184
2024-05-24 10:37:15,0.09524
2024-05-24 10:37:16,0.107712
2024-05-24 10:37:17,0.09516
2024-05-24 10:37:18,0.111752
2024-05-24 10:37:19,0.096216
2024-05-24 10:37:20,0.113416
2024-05-24 10:37:21,0.12712
2024-05-24 10:37:22,0.109896
2024-05-24 10:37:23,0.13144
2024-05-24 10:37:24,0.149368
2024-05-24 10:37:25,0.124744
2024-05-24 10:37:26,0.104104
2024-05-24 10:37:27,0.126024
2024-05-24 10:37:28,0.162096
2024-05-24 10:37:29,0.138592
2024-05-24 10:37:30,0.123432
2024-05-24 10:37:31,0.143608
2024-05-24 10:37:32,0.10636
2024-05-24 10:37:33,0.216928
2024-05-24 10:37:34,0.162792
2024-05-24 10:37:35,0.134376
2024-05-24 10:37:36,0.205208
2024-05-24 10:37:37,0.131984
2024-05-24 10:37:38,0.11892
2024-05-24 10:37:39,0.130272
2024-05-24 10:37:40,0.142792
2024-05-24 10:37:41,0.145384
2024-05-24 10:37:42,0.173544
2024-05-24 10:37:43,0.144456
2024-05-24 10:37:44,0.122712
2024-05-24 10:37:45,0.12604
2024-05-24 10:37:46,0.115592
2024-05-24 10:37:47,0.121448
2024-05-24 10:37:48,0.132032
2024-05-24 10:37:49,0.151624
2024-05-24 10:37:50,0.163168
2024-05-24 10:37:51,0.121096
2024-05-24 10:37:52,0.141504
2024-05-24 10:37:53,0.145128
2024-05-24 10:37:54,0.126832
2024-05-24 10:37:55,0.103776
2024-05-24 10:37:56,0.184336
2024-05-24 10:37:57,0.151384
2024-05-24 10:37:58,0.158912
2024-05-24 10:37:59,0.132864
2024-05-24 10:38:00,0.150008
2024-05-24 10:38:01,0.16268
2024-05-24 10:38:02,0.1798
2024-05-24 10:38:03,0.246776
2024-05-24 10:38:04,0.181952
2024-05-24 10:38:05,0.181224
2024-05-24 10:38:06,0.229184
2024-05-24 10:38:07,0.180696
2024-05-24 10:38:08,0.20692
2024-05-24 10:38:09,0.264112
2024-05-24 10:38:10,0.20288
2024-05-24 10:38:11,0.158312
2024-05-24 10:38:12,0.130456
2024-05-24 10:38:13,0.115136
2024-05-24 10:38:14,0.161584
2024-05-24 10:38:15,0.240464
2024-05-24 10:38:16,0.152656
2024-05-24 10:38:17,0.13372
2024-05-24 10:38:18,0.19692
2024-05-24 10:38:19,0.136824
2024-05-24 10:38:20,0.116112
2024-05-24 10:38:21,0.129976
2024-05-24 10:38:22,0.12096
2024-05-24 10:38:23,0.134032
2024-05-24 10:38:24,0.15252
2024-05-24 10:38:25,0.131296
2024-05-24 10:38:26,0.125872
2024-05-24 10:38:27,0.124256
2024-05-24 10:38:28,0.111528
2024-05-24 10:38:29,0.164576
2024-05-24 10:38:30,0.108112
2024-05-24 10:38:31,0.105352
2024-05-24 10:38:32,0.168824
2024-05-24 10:38:33,0.145168
2024-05-24 10:38:34,0.110936
2024-05-24 10:38:35,0.197152
2024-05-24 10:38:36,0.153104
2024-05-24 10:38:37,0.124536
2024-05-24 10:38:38,0.096256
2024-05-24 10:38:39,0.0934
2024-05-24 10:38:40,0.09932
2024-05-24 10:38:41,0.097792
2024-05-24 10:38:42,0.116368
2024-05-24 10:38:43,0.127912
2024-05-24 10:38:44,0.16436
2024-05-24 10:38:45,0.18668
2024-05-24 10:38:46,0.159168
2024-05-24 10:38:47,0.205656
2024-05-24 10:38:48,0.212776
2024-05-24 10:38:49,0.19836
2024-05-24 10:38:50,0.167192
2024-05-24 10:38:51,0.122512
2024-05-24 10:38:52,0.131496
2024-05-24 10:38:53,0.140712
2024-05-24 10:38:54,0.131
2024-05-24 10:38:55,0.100224
2024-05-24 10:38:56,0.119792
2024-05-24 10:38:57,0.1278
2024-05-24 10:38:58,0.161064
2024-05-24 10:38:59,0.131136
2024-05-24 10:39:00,0.11936
2024-05-24 10:39:01,0.141752
2024-05-24 10:39:02,0.124512
2024-05-24 10:39:03,0.134464
2024-05-24 10:39:04,0.117944
2024-05-24 10:39:05,0.1208
2024-05-24 10:39:06,0.0996
2024-05-24 10:39:07,0.076392
2024-05-24 10:39:08,0.088704
2024-05-24 10:39:09,0.087488
2024-05-24 10:39:10,0.102832
2024-05-24 10:39:11,0.085608
2024-05-24 10:39:12,0.096384
2024-05-24 10:39:13,0.09088
2024-05-24 10:39:14,0.098568
2024-05-24 10:39:15,0.103152
2024-05-24 10:39:16,0.091792
2024-05-24 10:39:17,0.097296
2024-05-24 10:39:18,0.119816
2024-05-24 10:39:19,0.119456
2024-05-24 10:39:20,0.101688
2024-05-24 10:39:21,0.11252
2024-05-24 10:39:22,0.123848
2024-05-24 10:39:23,0.101136
2024-05-24 10:39:24,0.136512
2024-05-24 10:39:25,0.141744
2024-05-24 10:39:26,0.170752
2024-05-24 10:39:27,0.158568
2024-05-24 10:39:28,0.127136
2024-05-24 10:39:29,0.132808
2024-05-24 10:39:30,0.136616
2024-05-24 10:39:31,0.208384
2024-05-24 10:39:32,0.291848
2024-05-24 10:39:33,0.259768
2024-05-24 10:39:34,0.248888
2024-05-24 10:39:35,0.218528
2024-05-24 10:39:36,0.193896
2024-05-24 10:39:37,0.19264
2024-05-24 10:39:38,0.143128
2024-05-24 10:39:39,0.168624
2024-05-24 10:39:40,0.126064
2024-05-24 10:39:41,0.138616
2024-05-24 10:39:42,0.163376
2024-05-24 10:39:43,0.114176
2024-05-24 10:39:44,0.10876
2024-05-24 10:39:45,0.101752
2024-05-24 10:39:46,0.112656
2024-05-24 10:39:47,0.097936
2024-05-24 10:39:48,0.115208
2024-05-24 10:39:49,0.167496
2024-05-24 10:39:50,0.10416
2024-05-24 10:39:51,0.097336
2024-05-24 10:39:52,0.100624
2024-05-24 10:39:53,0.092568
2024-05-24 10:39:54,0.108216
2024-05-24 10:39:55,0.103768
2024-05-24 10:39:56,0.123456
2024-05-24 10:39:57,0.10156
2024-05-24 10:39:58,0.092128
2024-05-24 10:39:59,0.133464
2024-05-24 10:40:00,0.133968
2024-05-24 10:40:01,0.1816
2024-05-24 10:40:02,0.1808
2024-05-24 10:40:03,0.13776
2024-05-24 10:40:04,0.12972
2024-05-24 10:40:05,0.132408
2024-05-24 10:40:06,0.11864
2024-05-24 10:40:07,0.119288
2024-05-24 10:40:08,0.123624
2024-05-24 10:40:09,0.114488
2024-05-24 10:40:10,0.115352
2024-05-24 10:40:11,0.11788
2024-05-24 10:40:12,0.131424
2024-05-24 10:40:13,0.10856
2024-05-24 10:40:14,0.096928
2024-05-24 10:40:15,0.09964
2024-05-24 10:40:16,0.1002
2024-05-24 10:40:17,0.101648
2024-05-24 10:40:18,0.133912
2024-05-24 10:40:19,0.131288
2024-05-24 10:40:20,0.109744
2024-05-24 10:40:21,0.125832
2024-05-24 10:40:22,0.113824
2024-05-24 10:40:23,0.112576
2024-05-24 10:40:24,0.130152
2024-05-24 10:40:25,0.154272
2024-05-24 10:40:26,0.13956
2024-05-24 10:40:27,0.122872
2024-05-24 10:40:28,0.129624
2024-05-24 10:40:29,0.150632
2024-05-24 10:40:30,0.158208
2024-05-24 10:40:31,0.14844
2024-05-24 10:40:32,0.1602
2024-05-24 10:40:33,0.148
2024-05-24 10:40:34,0.322776
2024-05-24 10:40:35,0.268608
2024-05-24 10:40:36,0.208872
2024-05-24 10:40:37,0.240208
2024-05-24 10:40:38,0.19864
2024-05-24 10:40:39,0.277944
2024-05-24 10:40:40,0.270016
2024-05-24 10:40:41,0.156496
2024-05-24 10:40:42,0.178368
2024-05-24 10:40:43,0.140496
2024-05-24 10:40:44,0.134184
2024-05-24 10:40:45,0.16884
2024-05-24 10:40:46,0.135848
2024-05-24 10:40:47,0.116712
2024-05-24 10:40:48,0.139616
2024-05-24 10:40:49,0.133712
2024-05-24 10:40:50,0.155632
2024-05-24 10:40:51,0.125856
2024-05-24 10:40:52,0.129504
2024-05-24 10:40:53,0.169912
2024-05-24 10:40:54,0.177696
2024-05-24 10:40:55,0.131352
2024-05-24 10:40:56,0.13448
2024-05-24 10:40:57,0.124776
2024-05-24 10:40:58,0.129336
2024-05-24 10:40:59,0.165872
2024-05-24 10:41:00,0.118104
2024-05-24 10:41:01,0.099416
2024-05-24 10:41:02,0.095184
2024-05-24 10:41:03,0.107208
2024-05-24 10:41:04,0.113544
2024-05-24 10:41:05,0.104888
2024-05-24 10:41:06,0.091208
2024-05-24 10:41:07,0.089016
2024-05-24 10:41:08,0.095664
2024-05-24 10:41:09,0.098144
2024-05-24 10:41:10,0.117944
2024-05-24 10:41:11,0.133296
2024-05-24 10:41:12,0.161488
2024-05-24 10:41:13,0.194616
2024-05-24 10:41:14,0.164328
2024-05-24 10:41:15,0.1858
2024-05-24 10:41:16,0.145792
2024-05-24 10:41:17,0.131024
2024-05-24 10:41:18,0.166664
2024-05-24 10:41:19,0.174984
2024-05-24 10:41:20,0.174096
2024-05-24 10:41:21,0.118536
2024-05-24 10:41:22,0.122192
2024-05-24 10:41:23,0.10488
2024-05-24 10:41:24,0.11208
2024-05-24 10:41:25,0.127456
2024-05-24 10:41:26,0.14236
2024-05-24 10:41:27,0.117264
2024-05-24 10:41:28,0.129048
2024-05-24 10:41:29,0.121264
2024-05-24 10:41:30,0.122272
2024-05-24 10:41:31,0.147008
2024-05-24 10:41:32,0.166712
2024-05-24 10:41:33,0.200944
2024-05-24 10:41:34,0.13108
2024-05-24 10:41:35,0.18268
2024-05-24 10:41:36,0.174808
2024-05-24 10:41:37,0.185104
2024-05-24 10:41:38,0.149272
2024-05-24 10:41:39,0.150672
2024-05-24 10:41:40,0.170328
2024-05-24 10:41:41,0.17648
2024-05-24 10:41:42,0.122176
2024-05-24 10:41:43,0.11444
2024-05-24 10:41:44,0.1078
2024-05-24 10:41:45,0.12564
2024-05-24 10:41:46,0.115568
2024-05-24 10:41:47,0.141352
2024-05-24 10:41:48,0.150048
2024-05-24 10:41:49,0.187176
2024-05-24 10:41:50,0.135352
2024-05-24 10:41:51,0.120544
2024-05-24 10:41:52,0.114624
2024-05-24 10:41:53,0.125048
2024-05-24 10:41:54,0.112768
2024-05-24 10:41:55,0.10028
2024-05-24 10:41:56,0.16152
2024-05-24 10:41:57,0.121392
2024-05-24 10:41:58,0.09296
2024-05-24 10:41:59,0.094368
2024-05-24 10:42:00,0.111112
2024-05-24 10:42:01,0.112712
2024-05-24 10:42:02,0.117432
2024-05-24 10:42:03,0.12376
2024-05-24 10:42:04,0.173048
2024-05-24 10:42:05,0.11132
2024-05-24 10:42:06,0.149768
2024-05-24 10:42:07,0.114808
2024-05-24 10:42:08,0.14316
2024-05-24 10:42:09,0.172552
2024-05-24 10:42:10,0.20336
2024-05-24 10:42:11,0.351976
2024-05-24 10:42:12,0.281096
2024-05-24 10:42:13,0.158656
2024-05-24 10:42:14,0.196216
2024-05-24 10:42:15,0.153344
2024-05-24 10:42:16,0.18828
2024-05-24 10:42:17,0.119848
2024-05-24 10:42:18,0.112248
2024-05-24 10:42:19,0.073616
2024-05-24 10:42:20,0.069096
2024-05-24 10:42:21,0.087184
2024-05-24 10:42:22,0.133848
2024-05-24 10:42:23,0.131216
2024-05-24 10:42:24,0.15968
2024-05-24 10:42:25,0.132648
2024-05-24 10:42:26,0.11236
2024-05-24 10:42:27,0.11424
2024-05-24 10:42:28,0.078912
2024-05-24 10:42:29,0.099224
2024-05-24 10:42:30,0.102872
2024-05-24 10:42:31,0.077112
2024-05-24 10:42:32,0.089744
2024-05-24 10:42:33,0.101008
2024-05-24 10:42:34,0.09924
2024-05-24 10:42:35,0.07976
2024-05-24 10:42:36,0.069784
2024-05-24 10:42:37,0.084928
2024-05-24 10:42:38,0.0974
2024-05-24 10:42:39,0.105768
2024-05-24 10:42:40,0.142888
2024-05-24 10:42:41,0.118552
2024-05-24 10:42:42,0.10436
2024-05-24 10:42:43,0.13396
2024-05-24 10:42:44,0.135096
2024-05-24 10:42:45,0.118256
2024-05-24 10:42:46,0.131456
2024-05-24 10:42:47,0.113472
2024-05-24 10:42:48,0.120056
2024-05-24 10:42:49,0.173728
2024-05-24 10:42:50,0.1568
2024-05-24 10:42:51,0.14284
2024-05-24 10:42:52,0.177872
2024-05-24 10:42:53,0.203624
2024-05-24 10:42:54,0.254576
2024-05-24 10:42:55,0.266584
2024-05-24 10:42:56,0.30088
2024-05-24 10:42:57,0.190808
2024-05-24 10:42:58,0.186328
2024-05-24 10:42:59,0.195496
2024-05-24 10:43:00,0.206632
2024-05-24 10:43:01,0.184448
2024-05-24 10:43:02,0.141736
2024-05-24 10:43:03,0.151064
2024-05-24 10:43:04,0.126488
2024-05-24 10:43:05,0.18132
2024-05-24 10:43:06,0.13724
2024-05-24 10:43:07,0.181408
2024-05-24 10:43:08,0.135344
2024-05-24 10:43:09,0.131512
2024-05-24 10:43:10,0.120912
2024-05-24 10:43:11,0.11692
2024-05-24 10:43:12,0.129344
2024-05-24 10:43:13,0.104928
2024-05-24 10:43:14,0.114664
2024-05-24 10:43:15,0.11132
2024-05-24 10:43:16,0.113576
2024-05-24 10:43:17,0.1272
2024-05-24 10:43:18,0.127384
2024-05-24 10:43:19,0.130576
2024-05-24 10:43:20,0.13884
2024-05-24 10:43:21,0.209592
2024-05-24 10:43:22,0.148192
2024-05-24 10:43:23,0.122432
2024-05-24 10:43:24,0.122376
2024-05-24 10:43:25,0.128448
2024-05-24 10:43:26,0.129792
2024-05-24 10:43:27,0.1192
2024-05-24 10:43:28,0.178112
2024-05-24 10:43:29,0.15724
2024-05-24 10:43:30,0.156
2024-05-24 10:43:31,0.177848
2024-05-24 10:43:32,0.204016
2024-05-24 10:43:33,0.17772
2024-05-24 10:43:34,0.167176
2024-05-24 10:43:35,0.210192
2024-05-24 10:43:36,0.184184
2024-05-24 10:43:37,0.342752
2024-05-24 10:43:38,0.225144
2024-05-24 10:43:39,0.157328
2024-05-24 10:43:40,0.153184
2024-05-24 10:43:41,0.229136
2024-05-24 10:43:42,0.219184
2024-05-24 10:43:43,0.15764
2024-05-24 10:43:44,0.120072
2024-05-24 10:43:45,0.096552
2024-05-24 10:43:46,0.17168
2024-05-24 10:43:47,0.192624
2024-05-24 10:43:48,0.117008
2024-05-24 10:43:49,0.161432
2024-05-24 10:43:50,0.117416
2024-05-24 10:43:51,0.135928
2024-05-24 10:43:52,0.1332
2024-05-24 10:43:53,0.09424
2024-05-24 10:43:54,0.092824
2024-05-24 10:43:55,0.097696
2024-05-24 10:43:56,0.058224
2024-05-24 10:43:57,0.053816
2024-05-24 10:43:58,0.060144
2024-05-24 10:43:59,0.05888
2024-05-24 10:44:00,0.070056
2024-05-24 10:44:01,0.096416
2024-05-24 10:44:02,0.12632
2024-05-24 10:44:03,0.101272
2024-05-24 10:44:04,0.112208
2024-05-24 10:44:05,0.12716
2024-05-24 10:44:06,0.093848
2024-05-24 10:44:07,0.146
2024-05-24 10:44:08,0.148312
2024-05-24 10:44:09,0.111568
2024-05-24 10:44:10,0.116208
2024-05-24 10:44:11,0.110976
2024-05-24 10:44:12,0.131232
2024-05-24 10:44:13,0.079344
2024-05-24 10:44:14,0.059728
2024-05-24 10:44:15,0.070136
2024-05-24 10:44:16,0.1102
2024-05-24 10:44:17,0.118864
2024-05-24 10:44:18,0.150216
2024-05-24 10:44:19,0.165704
2024-05-24 10:44:20,0.14332
2024-05-24 10:44:21,0.124664
2024-05-24 10:44:22,0.14976
2024-05-24 10:44:23,0.119048
2024-05-24 10:44:24,0.155072
2024-05-24 10:44:25,0.174712
2024-05-24 10:44:26,0.23152
2024-05-24 10:44:27,0.194192
2024-05-24 10:44:28,0.176192
2024-05-24 10:44:29,0.241064
2024-05-24 10:44:30,0.289008
2024-05-24 10:44:31,0.236872
2024-05-24 10:44:32,0.278536
2024-05-24 10:44:33,0.289104
2024-05-24 10:44:34,0.175776
2024-05-24 10:44:35,0.199872
2024-05-24 10:44:36,0.11376
2024-05-24 10:44:37,0.117408
2024-05-24 10:44:38,0.11072
2024-05-24 10:44:39,0.113328
2024-05-24 10:44:40,0.113152
2024-05-24 10:44:41,0.139504
2024-05-24 10:44:42,0.169008
2024-05-24 10:44:43,0.128064
2024-05-24 10:44:44,0.100784
2024-05-24 10:44:45,0.125328
2024-05-24 10:44:46,0.108824
2024-05-24 10:44:47,0.13312
2024-05-24 10:44:48,0.124456
2024-05-24 10:44:49,0.129016
2024-05-24 10:44:50,0.216848
2024-05-24 10:44:51,0.12
2024-05-24 10:44:52,0.111232
2024-05-24 10:44:53,0.097872
2024-05-24 10:44:54,0.112688
2024-05-24 10:44:55,0.13772
2024-05-24 10:44:56,0.155704
2024-05-24 10:44:57,0.14596
2024-05-24 10:44:58,0.1442
2024-05-24 10:44:59,0.134544
2024-05-24 10:45:00,0.145816
2024-05-24 10:45:01,0.14452
2024-05-24 10:45:02,0.159496
2024-05-24 10:45:03,0.173904
2024-05-24 10:45:04,0.104504
2024-05-24 10:45:05,0.128368
2024-05-24 10:45:06,0.121688
2024-05-24 10:45:07,0.128728
2024-05-24 10:45:08,0.125824
2024-05-24 10:45:09,0.18324
2024-05-24 10:45:10,0.235096
2024-05-24 10:45:11,0.299784
2024-05-24 10:45:12,0.288584
2024-05-24 10:45:13,0.163848
2024-05-24 10:45:14,0.188872
2024-05-24 10:45:15,0.219208
2024-05-24 10:45:16,0.198448
2024-05-24 10:45:17,0.238248
2024-05-24 10:45:18,0.153368
2024-05-24 10:45:19,0.129448
2024-05-24 10:45:20,0.21228
2024-05-24 10:45:21,0.177392
2024-05-24 10:45:22,0.20492
2024-05-24 10:45:23,0.17568
2024-05-24 10:45:24,0.223504
2024-05-24 10:45:25,0.124984
2024-05-24 10:45:26,0.104184
2024-05-24 10:45:27,0.100896
2024-05-24 10:45:28,0.086536
2024-05-24 10:45:29,0.103496
2024-05-24 10:45:30,0.09188
2024-05-24 10:45:31,0.147712
2024-05-24 10:45:32,0.12276
2024-05-24 10:45:33,0.1082
2024-05-24 10:45:34,0.097096
2024-05-24 10:45:35,0.112664
2024-05-24 10:45:36,0.057912
2024-05-24 10:45:37,0.068184
2024-05-24 10:45:38,0.07424
2024-05-24 10:45:39,0.0498
2024-05-24 10:45:40,0.051368
2024-05-24 10:45:41,0.039128
2024-05-24 10:45:42,0.0444
2024-05-24 10:45:43,0.057848
2024-05-24 10:45:44,0.079776
2024-05-24 10:45:45,0.090704
2024-05-24 10:45:46,0.127168
2024-05-24 10:45:47,0.103632
2024-05-24 10:45:48,0.08664
2024-05-24 10:45:49,0.08576
2024-05-24 10:45:50,0.12404
2024-05-24 10:45:51,0.123736
2024-05-24 10:45:52,0.072264
2024-05-24 10:45:53,0.068696
2024-05-24 10:45:54,0.085728
2024-05-24 10:45:55,0.056992
2024-05-24 10:45:56,0.08736
2024-05-24 10:45:57,0.091736
2024-05-24 10:45:58,0.085896
2024-05-24 10:45:59,0.096208
2024-05-24 10:46:00,0.10708
2024-05-24 10:46:01,0.136
2024-05-24 10:46:02,0.1042
2024-05-24 10:46:03,0.123344
2024-05-24 10:46:04,0.105232
2024-05-24 10:46:05,0.131864
2024-05-24 10:46:06,0.150088
2024-05-24 10:46:07,0.169944
2024-05-24 10:46:08,0.131536
2024-05-24 10:46:09,0.132944
2024-05-24 10:46:10,0.149864
2024-05-24 10:46:11,0.154736
2024-05-24 10:46:12,0.139
2024-05-24 10:46:13,0.13704
2024-05-24 10:46:14,0.124968
2024-05-24 10:46:15,0.148376
2024-05-24 10:46:16,0.121232
2024-05-24 10:46:17,0.123584
2024-05-24 10:46:18,0.12448
2024-05-24 10:46:19,0.135496
2024-05-24 10:46:20,0.172248
2024-05-24 10:46:21,0.192728
2024-05-24 10:46:22,0.260952
2024-05-24 10:46:23,0.220336
2024-05-24 10:46:24,0.193696
2024-05-24 10:46:25,0.195208
2024-05-24 10:46:26,0.189976
2024-05-24 10:46:27,0.251432
2024-05-24 10:46:28,0.261664
2024-05-24 10:46:29,0.21384
2024-05-24 10:46:30,0.227888
2024-05-24 10:46:31,0.167048
2024-05-24 10:46:32,0.145544
2024-05-24 10:46:33,0.12784
2024-05-24 10:46:34,0.154696
2024-05-24 10:46:35,0.132232
2024-05-24 10:46:36,0.20448
2024-05-24 10:46:37,0.223056
2024-05-24 10:46:38,0.237536
2024-05-24 10:46:39,0.169224
2024-05-24 10:46:40,0.146776
2024-05-24 10:46:41,0.148768
2024-05-24 10:46:42,0.147184
2024-05-24 10:46:43,0.133552
2024-05-24 10:46:44,0.150816
2024-05-24 10:46:45,0.143024
2024-05-24 10:46:46,0.127288
2024-05-24 10:46:47,0.200536
2024-05-24 10:46:48,0.17508
2024-05-24 10:46:49,0.145224
2024-05-24 10:46:50,0.186744
2024-05-24 10:46:51,0.192184
2024-05-24 10:46:52,0.127096
2024-05-24 10:46:53,0.134592
2024-05-24 10:46:54,0.144784
2024-05-24 10:46:55,0.156944
2024-05-24 10:46:56,0.126512
2024-05-24 10:46:57,0.111264
2024-05-24 10:46:58,0.1126
2024-05-24 10:46:59,0.09676
2024-05-24 10:47:00,0.139624
2024-05-24 10:47:01,0.114696
2024-05-24 10:47:02,0.147
2024-05-24 10:47:03,0.1426
2024-05-24 10:47:04,0.147128
2024-05-24 10:47:05,0.132656
2024-05-24 10:47:06,0.129384
2024-05-24 10:47:07,0.13884
2024-05-24 10:47:08,0.143216
2024-05-24 10:47:09,0.098128
2024-05-24 10:47:10,0.122192
2024-05-24 10:47:11,0.089664
2024-05-24 10:47:12,0.080784
2024-05-24 10:47:13,0.08252
2024-05-24 10:47:14,0.07124
2024-05-24 10:47:15,0.049608
2024-05-24 10:47:16,0.00124
2024-05-24 10:47:17,0.00188
2024-05-24 10:47:18,0.00124
2024-05-24 10:47:19,0.002544
2024-05-24 10:47:20,0.00568
2024-05-24 10:54:22,0.156248
2024-05-24 10:54:23,0.020352
2024-05-24 10:54:24,0.026912
2024-05-24 10:54:25,0.022424
2024-05-24 10:54:26,0.036392
2024-05-24 10:54:27,0.04596
2024-05-24 10:54:28,0.314704
2024-05-24 10:54:29,0.045336
2024-05-24 10:54:30,0.045064
2024-05-24 10:54:31,0.061984
2024-05-24 10:54:32,0.046752
2024-05-24 10:54:33,0.066528
2024-05-24 10:54:34,0.033968
2024-05-24 10:54:35,0.027832
2024-05-24 10:54:36,0.034376
2024-05-24 10:54:37,0.02764
2024-05-24 10:54:38,0.033384
2024-05-24 10:54:39,0.033168
2024-05-24 10:54:40,0.04644
2024-05-24 10:54:41,0.042344
2024-05-24 10:54:42,0.038312
2024-05-24 10:54:43,0.028552
2024-05-24 10:54:44,0.024768
2024-05-24 10:54:45,0.024304
2024-05-24 10:54:46,0.027768
2024-05-24 10:54:47,0.026304
2024-05-24 10:54:48,0.030872
2024-05-24 10:54:49,0.039776
2024-05-24 10:54:50,0.027352
2024-05-24 10:54:51,0.242712
2024-05-24 10:54:52,0.02396
2024-05-24 10:54:53,0.044704
2024-05-24 10:54:54,0.016808
2024-05-24 10:54:55,0.031392
2024-05-24 10:54:56,0.061272
2024-05-24 10:54:57,0.04268
2024-05-24 10:54:58,0.050184
2024-05-24 10:54:59,0.02444
2024-05-24 10:55:00,0.048024
2024-05-24 10:55:01,0.029176
2024-05-24 10:55:02,0.0134
2024-05-24 10:55:03,0.01052
2024-05-24 10:55:04,0.011648
2024-05-24 10:55:05,0.0164
2024-05-24 10:55:06,0.0398
2024-05-24 10:55:07,0.0332
2024-05-24 10:55:08,0.020904
2024-05-24 10:55:09,0.02896
2024-05-24 10:55:10,0.037032
2024-05-24 10:55:11,0.020656
2024-05-24 10:55:12,0.01864
2024-05-24 10:55:13,0.01492
2024-05-24 10:55:14,0.017424
2024-05-24 10:55:15,0.018512
2024-05-24 10:55:16,0.0358
2024-05-24 10:55:17,0.020768
2024-05-24 10:55:18,0.01176
2024-05-24 10:55:19,0.021616
2024-05-24 10:55:20,0.01396
2024-05-24 10:55:21,0.047656
2024-05-24 10:55:22,0.02944
2024-05-24 10:55:23,0.031168
2024-05-24 10:55:24,0.018008
2024-05-24 10:55:25,0.02028
2024-05-24 10:55:26,0.021936
2024-05-24 10:55:27,0.035416
2024-05-24 10:55:28,0.03644
2024-05-24 10:55:29,0.032808
2024-05-24 10:55:30,0.038968
2024-05-24 10:55:31,0.04136
2024-05-24 10:55:32,0.046016
2024-05-24 10:55:33,0.03844
2024-05-24 10:55:34,0.058872
2024-05-24 10:55:35,0.039232
2024-05-24 10:55:36,0.046528
2024-05-24 10:55:37,0.049224
2024-05-24 10:55:38,0.041632
2024-05-24 10:55:39,0.022584
2024-05-24 10:55:40,0.063352
2024-05-24 10:55:41,0.072448
2024-05-24 10:55:42,0.063168
2024-05-24 10:55:43,0.066024
2024-05-24 10:55:44,0.057632
2024-05-24 10:55:45,0.097072
2024-05-24 10:55:46,0.071552
2024-05-24 10:55:47,0.066872
2024-05-24 10:55:48,0.059096
2024-05-24 10:55:49,0.053784
2024-05-24 10:55:50,0.036376
2024-05-24 10:55:51,0.080056
2024-05-24 10:55:52,0.058856
2024-05-24 10:55:53,0.030912
2024-05-24 10:55:54,0.036832
2024-05-24 10:55:55,0.054168
2024-05-24 10:55:56,0.065496
2024-05-24 10:55:57,0.058696
2024-05-24 10:55:58,0.076784
2024-05-24 10:55:59,0.07112
2024-05-24 10:56:00,0.064576
2024-05-24 10:56:01,0.05576
2024-05-24 10:56:02,0.057168
2024-05-24 10:56:03,0.045
2024-05-24 10:56:04,0.044336
2024-05-24 10:56:05,0.034416
2024-05-24 10:56:06,0.03152
2024-05-24 10:56:07,0.033312
2024-05-24 10:56:08,0.055832
2024-05-24 10:56:09,0.055824
2024-05-24 10:56:10,0.057144
2024-05-24 10:56:11,0.058896
2024-05-24 10:56:12,0.06052
2024-05-24 10:56:13,0.047576
2024-05-24 10:56:14,0.05048
2024-05-24 10:56:15,0.071232
2024-05-24 10:56:16,0.07492
2024-05-24 10:56:17,0.051584
2024-05-24 10:56:18,0.06452
2024-05-24 10:56:19,0.08612
2024-05-24 10:56:20,0.092712
2024-05-24 10:56:21,0.079152
2024-05-24 10:56:22,0.088424
2024-05-24 10:56:23,0.081176
2024-05-24 10:56:24,0.099688
2024-05-24 10:56:25,0.081928
2024-05-24 10:56:26,0.090584
2024-05-24 10:56:27,0.087192
2024-05-24 10:56:28,0.12348
2024-05-24 10:56:29,0.146584
2024-05-24 10:56:30,0.11236
2024-05-24 10:56:31,0.133456
2024-05-24 10:56:32,0.106328
2024-05-24 10:56:33,0.113752
2024-05-24 10:56:34,0.114264
2024-05-24 10:56:35,0.114312
2024-05-24 10:56:36,0.10944
2024-05-24 10:56:37,0.134336
2024-05-24 10:56:38,0.113576
2024-05-24 10:56:39,0.126432
2024-05-24 10:56:40,0.180016
2024-05-24 10:56:41,0.12068
2024-05-24 10:56:42,0.115368
2024-05-24 10:56:43,0.115232
2024-05-24 10:56:44,0.1118
2024-05-24 10:56:45,0.14952
2024-05-24 10:56:46,0.11364
2024-05-24 10:56:47,0.116576
2024-05-24 10:56:48,0.115216
2024-05-24 10:56:49,0.123656
2024-05-24 10:56:50,0.118872
2024-05-24 10:56:51,0.16592
2024-05-24 10:56:52,0.135432
2024-05-24 10:56:53,0.176624
2024-05-24 10:56:54,0.136864
2024-05-24 10:56:55,0.140856
2024-05-24 10:56:56,0.132184
2024-05-24 10:56:57,0.16084
2024-05-24 10:56:58,0.157248
2024-05-24 10:56:59,0.152712
2024-05-24 10:57:00,0.144944
2024-05-24 10:57:01,0.149944
2024-05-24 10:57:02,0.123392
2024-05-24 10:57:03,0.132744
2024-05-24 10:57:04,0.134416
2024-05-24 10:57:05,0.230088
2024-05-24 10:57:06,0.131736
2024-05-24 10:57:07,0.133032
2024-05-24 10:57:08,0.114064
2024-05-24 10:57:09,0.134984
2024-05-24 10:57:10,0.117464
2024-05-24 10:57:11,0.110048
2024-05-24 10:57:12,0.115808
2024-05-24 10:57:13,0.15148
2024-05-24 10:57:14,0.120912
2024-05-24 10:57:15,0.12716
2024-05-24 10:57:16,0.122256
2024-05-24 10:57:17,0.108376
2024-05-24 10:57:18,0.137048
2024-05-24 10:57:19,0.18452
2024-05-24 10:57:20,0.127544
2024-05-24 10:57:21,0.136848
2024-05-24 10:57:22,0.11804
2024-05-24 10:57:23,0.124968
2024-05-24 10:57:24,0.119936
2024-05-24 10:57:25,0.124528
2024-05-24 10:57:26,0.125032
2024-05-24 10:57:27,0.1328
2024-05-24 10:57:28,0.136072
2024-05-24 10:57:29,0.153648
2024-05-24 10:57:30,0.145024
2024-05-24 10:57:31,0.187856
2024-05-24 10:57:32,0.17368
2024-05-24 10:57:33,0.126904
2024-05-24 10:57:34,0.12676
2024-05-24 10:57:35,0.150792
2024-05-24 10:57:36,0.15084
2024-05-24 10:57:37,0.144816
2024-05-24 10:57:38,0.1516
2024-05-24 10:57:39,0.1418
2024-05-24 10:57:40,0.171776
2024-05-24 10:57:41,0.136464
2024-05-24 10:57:42,0.145728
2024-05-24 10:57:43,0.1204
2024-05-24 10:57:44,0.12416
2024-05-24 10:57:45,0.116064
2024-05-24 10:57:46,0.14644
2024-05-24 10:57:47,0.116536
2024-05-24 10:57:48,0.13316
2024-05-24 10:57:49,0.114176
2024-05-24 10:57:50,0.117232
2024-05-24 10:57:51,0.155608
2024-05-24 10:57:52,0.12632
2024-05-24 10:57:53,0.134256
2024-05-24 10:57:54,0.147848
2024-05-24 10:57:55,0.134576
2024-05-24 10:57:56,0.21476
2024-05-24 10:57:57,0.186632
2024-05-24 10:57:58,0.167904
2024-05-24 10:57:59,0.125472
2024-05-24 10:58:00,0.134552
2024-05-24 10:58:01,0.120296
2024-05-24 10:58:02,0.120792
2024-05-24 10:58:03,0.137552
2024-05-24 10:58:04,0.114216
2024-05-24 10:58:05,0.13568
2024-05-24 10:58:06,0.135824
2024-05-24 10:58:07,0.126536
2024-05-24 10:58:08,0.12008
2024-05-24 10:58:09,0.17
2024-05-24 10:58:10,0.127472
2024-05-24 10:58:11,0.119896
2024-05-24 10:58:12,0.093968
2024-05-24 10:58:13,0.120008
2024-05-24 10:58:14,0.106552
2024-05-24 10:58:15,0.113344
2024-05-24 10:58:16,0.109648
2024-05-24 10:58:17,0.11708
2024-05-24 10:58:18,0.117104
2024-05-24 10:58:19,0.115624
2024-05-24 10:58:20,0.146632
2024-05-24 10:58:21,0.130632
2024-05-24 10:58:22,0.13076
2024-05-24 10:58:23,0.111976
2024-05-24 10:58:24,0.131888
2024-05-24 10:58:25,0.125344
2024-05-24 10:58:26,0.12668
2024-05-24 10:58:27,0.112712
2024-05-24 10:58:28,0.1178
2024-05-24 10:58:29,0.123544
2024-05-24 10:58:30,0.107056
2024-05-24 10:58:31,0.110208
2024-05-24 10:58:32,0.11604
2024-05-24 10:58:33,0.1068
2024-05-24 10:58:34,0.11656
2024-05-24 10:58:35,0.097936
2024-05-24 10:58:36,0.113864
2024-05-24 10:58:37,0.102168
2024-05-24 10:58:38,0.11956
2024-05-24 10:58:39,0.167208
2024-05-24 10:58:40,0.123256
2024-05-24 10:58:41,0.102824
2024-05-24 10:58:42,0.117096
2024-05-24 10:58:43,0.101504
2024-05-24 10:58:44,0.107344
2024-05-24 10:58:45,0.0918
2024-05-24 10:58:46,0.100816
2024-05-24 10:58:47,0.109784
2024-05-24 10:58:48,0.121288
2024-05-24 10:58:49,0.136568
2024-05-24 10:58:50,0.14472
2024-05-24 10:58:51,0.149592
2024-05-24 10:58:52,0.123496
2024-05-24 10:58:53,0.123032
2024-05-24 10:58:54,0.129112
2024-05-24 10:58:55,0.106968
2024-05-24 10:58:56,0.133504
2024-05-24 10:58:57,0.126168
2024-05-24 10:58:58,0.12664
2024-05-24 10:58:59,0.125752
2024-05-24 10:59:00,0.134312
2024-05-24 10:59:01,0.118656
2024-05-24 10:59:02,0.1514
2024-05-24 10:59:03,0.165464
2024-05-24 10:59:04,0.154784
2024-05-24 10:59:05,0.143352
2024-05-24 10:59:06,0.184832
2024-05-24 10:59:07,0.161792
2024-05-24 10:59:08,0.136952
2024-05-24 10:59:09,0.131288
2024-05-24 10:59:10,0.116944
2024-05-24 10:59:11,0.128464
2024-05-24 10:59:12,0.111712
2024-05-24 10:59:13,0.119048
2024-05-24 10:59:14,0.111896
2024-05-24 10:59:15,0.138536
2024-05-24 10:59:16,0.107992
2024-05-24 10:59:17,0.099776
2024-05-24 10:59:18,0.10632
2024-05-24 10:59:19,0.117656
2024-05-24 10:59:20,0.109216
2024-05-24 10:59:21,0.118376
2024-05-24 10:59:22,0.10392
2024-05-24 10:59:23,0.10808
2024-05-24 10:59:24,0.133048
2024-05-24 10:59:25,0.126024
2024-05-24 10:59:26,0.135904
2024-05-24 10:59:27,0.119344
2024-05-24 10:59:28,0.128312
2024-05-24 10:59:29,0.111896
2024-05-24 10:59:30,0.130672
2024-05-24 10:59:31,0.133096
2024-05-24 10:59:32,0.119592
2024-05-24 10:59:33,0.122456
2024-05-24 10:59:34,0.119952
2024-05-24 10:59:35,0.122208
2024-05-24 10:59:36,0.133496
2024-05-24 10:59:37,0.127136
2024-05-24 10:59:38,0.127424
2024-05-24 10:59:39,0.106672
2024-05-24 10:59:40,0.125912
2024-05-24 10:59:41,0.153384
2024-05-24 10:59:42,0.100296
2024-05-24 10:59:43,0.114072
2024-05-24 10:59:44,0.107344
2024-05-24 10:59:45,0.11372
2024-05-24 10:59:46,0.103088
2024-05-24 10:59:47,0.119576
2024-05-24 10:59:48,0.117872
2024-05-24 10:59:49,0.121488
2024-05-24 10:59:50,0.143936
2024-05-24 10:59:51,0.167016
2024-05-24 10:59:52,0.12968
2024-05-24 10:59:53,0.14064
2024-05-24 10:59:54,0.139224
2024-05-24 10:59:55,0.136664
2024-05-24 10:59:56,0.154872
2024-05-24 10:59:57,0.14036
2024-05-24 10:59:58,0.135696
2024-05-24 10:59:59,0.129144
2024-05-24 11:00:00,0.17228
2024-05-24 11:00:01,0.137696
2024-05-24 11:00:02,0.169048
2024-05-24 11:00:03,0.133104
2024-05-24 11:00:04,0.136608
2024-05-24 11:00:05,0.134776
2024-05-24 11:00:06,0.125432
2024-05-24 11:00:07,0.117928
2024-05-24 11:00:08,0.130768
2024-05-24 11:00:09,0.122424
2024-05-24 11:00:10,0.112792
2024-05-24 11:00:11,0.098872
2024-05-24 11:00:12,0.132352
2024-05-24 11:00:13,0.139248
2024-05-24 11:00:14,0.145984
2024-05-24 11:00:15,0.128184
2024-05-24 11:00:16,0.168472
2024-05-24 11:00:17,0.141296
2024-05-24 11:00:18,0.133008
2024-05-24 11:00:19,0.135608
2024-05-24 11:00:20,0.130712
2024-05-24 11:00:21,0.134312
2024-05-24 11:00:22,0.132192
2024-05-24 11:00:23,0.112744
2024-05-24 11:00:24,0.14352
2024-05-24 11:00:25,0.144776
2024-05-24 11:00:26,0.1446
2024-05-24 11:00:27,0.136848
2024-05-24 11:00:28,0.147616
2024-05-24 11:00:29,0.13188
2024-05-24 11:00:30,0.144592
2024-05-24 11:00:31,0.148272
2024-05-24 11:00:32,0.12772
2024-05-24 11:00:33,0.129016
2024-05-24 11:00:34,0.130776
2024-05-24 11:00:35,0.137368
2024-05-24 11:00:36,0.129296
2024-05-24 11:00:37,0.138728
2024-05-24 11:00:38,0.153704
2024-05-24 11:00:39,0.14876
2024-05-24 11:00:40,0.132704
2024-05-24 11:00:41,0.153488
2024-05-24 11:00:42,0.123992
2024-05-24 11:00:43,0.120928
2024-05-24 11:00:44,0.142792
2024-05-24 11:00:45,0.118312
2024-05-24 11:00:46,0.142872
2024-05-24 11:00:47,0.123872
2024-05-24 11:00:48,0.110592
2024-05-24 11:00:49,0.161072
2024-05-24 11:00:50,0.11528
2024-05-24 11:00:51,0.137824
2024-05-24 11:00:52,0.1166
2024-05-24 11:00:53,0.143792
2024-05-24 11:00:54,0.145088
2024-05-24 11:00:55,0.124424
2024-05-24 11:00:56,0.136432
2024-05-24 11:00:57,0.169928
2024-05-24 11:00:58,0.163312
2024-05-24 11:00:59,0.135912
2024-05-24 11:01:00,0.140712
2024-05-24 11:01:01,0.143056
2024-05-24 11:01:02,0.142112
2024-05-24 11:01:03,0.1444
2024-05-24 11:01:04,0.134432
2024-05-24 11:01:05,0.119488
2024-05-24 11:01:06,0.11568
2024-05-24 11:01:07,0.120224
2024-05-24 11:01:08,0.134776
2024-05-24 11:01:09,0.13764
2024-05-24 11:01:10,0.116776
2024-05-24 11:01:11,0.160536
2024-05-24 11:01:12,0.119176
2024-05-24 11:01:13,0.12688
2024-05-24 11:01:14,0.1094
2024-05-24 11:01:15,0.11376
2024-05-24 11:01:16,0.109216
2024-05-24 11:01:17,0.15792
2024-05-24 11:01:18,0.12244
2024-05-24 11:01:19,0.115536
2024-05-24 11:01:20,0.107632
2024-05-24 11:01:21,0.13128
2024-05-24 11:01:22,0.14248
2024-05-24 11:01:23,0.117344
2024-05-24 11:01:24,0.13928
2024-05-24 11:01:25,0.126312
2024-05-24 11:01:26,0.183064
2024-05-24 11:01:27,0.227408
2024-05-24 11:01:28,0.173616
2024-05-24 11:01:29,0.171496
2024-05-24 11:01:30,0.138624
2024-05-24 11:01:31,0.136856
2024-05-24 11:01:32,0.16368
2024-05-24 11:01:33,0.150616
2024-05-24 11:01:34,0.167864
2024-05-24 11:01:35,0.16292
2024-05-24 11:01:36,0.155304
2024-05-24 11:01:37,0.157112
2024-05-24 11:01:38,0.123616
2024-05-24 11:01:39,0.155904
2024-05-24 11:01:40,0.147776
2024-05-24 11:01:41,0.135568
2024-05-24 11:01:42,0.14564
2024-05-24 11:01:43,0.118816
2024-05-24 11:01:44,0.112768
2024-05-24 11:01:45,0.108624
2024-05-24 11:01:46,0.114192
2024-05-24 11:01:47,0.110744
2024-05-24 11:01:48,0.122328
2024-05-24 11:01:49,0.126344
2024-05-24 11:01:50,0.134336
2024-05-24 11:01:51,0.191704
2024-05-24 11:01:52,0.155016
2024-05-24 11:01:53,0.142832
2024-05-24 11:01:54,0.114808
2024-05-24 11:01:55,0.14516
2024-05-24 11:01:56,0.115816
2024-05-24 11:01:57,0.164432
2024-05-24 11:01:58,0.123568
2024-05-24 11:01:59,0.108152
2024-05-24 11:02:00,0.110472
2024-05-24 11:02:01,0.123176
2024-05-24 11:02:02,0.133472
2024-05-24 11:02:03,0.105792
2024-05-24 11:02:04,0.108776
2024-05-24 11:02:05,0.11612
2024-05-24 11:02:06,0.120168
2024-05-24 11:02:07,0.108704
2024-05-24 11:02:08,0.084104
2024-05-24 11:02:09,0.09756
2024-05-24 11:02:10,0.095376
2024-05-24 11:02:11,0.101664
2024-05-24 11:02:12,0.089976
2024-05-24 11:02:13,0.089
2024-05-24 11:02:14,0.084568
2024-05-24 11:02:15,0.10372
2024-05-24 11:02:16,0.118712
2024-05-24 11:02:17,0.12508
2024-05-24 11:02:18,0.098984
2024-05-24 11:02:19,0.127824
2024-05-24 11:02:20,0.121096
2024-05-24 11:02:21,0.150968
2024-05-24 11:02:22,0.10976
2024-05-24 11:02:23,0.148976
2024-05-24 11:02:24,0.117904
2024-05-24 11:02:25,0.112456
2024-05-24 11:02:26,0.11564
2024-05-24 11:02:27,0.121208
2024-05-24 11:02:28,0.116576
2024-05-24 11:02:29,0.099352
2024-05-24 11:02:30,0.122888
2024-05-24 11:02:31,0.118248
2024-05-24 11:02:32,0.116112
2024-05-24 11:02:33,0.11216
2024-05-24 11:02:34,0.127552
2024-05-24 11:02:35,0.097232
2024-05-24 11:02:36,0.104968
2024-05-24 11:02:37,0.098456
2024-05-24 11:02:38,0.106128
2024-05-24 11:02:39,0.103968
2024-05-24 11:02:40,0.110616
2024-05-24 11:02:41,0.109456
2024-05-24 11:02:42,0.106448
2024-05-24 11:02:43,0.110448
2024-05-24 11:02:44,0.157808
2024-05-24 11:02:45,0.096272
2024-05-24 11:02:46,0.1014
2024-05-24 11:02:47,0.115536
2024-05-24 11:02:48,0.108304
2024-05-24 11:02:49,0.132584
2024-05-24 11:02:50,0.130752
2024-05-24 11:02:51,0.161224
2024-05-24 11:02:52,0.150576
2024-05-24 11:02:53,0.159016
2024-05-24 11:02:54,0.18064
2024-05-24 11:02:55,0.157656
2024-05-24 11:02:56,0.174792
2024-05-24 11:02:57,0.184504
2024-05-24 11:02:58,0.182512
2024-05-24 11:02:59,0.160336
2024-05-24 11:03:00,0.1814
2024-05-24 11:03:01,0.1378
2024-05-24 11:03:02,0.138472
2024-05-24 11:03:03,0.138768
2024-05-24 11:03:04,0.142776
2024-05-24 11:03:05,0.14312
2024-05-24 11:03:06,0.155584
2024-05-24 11:03:07,0.165896
2024-05-24 11:03:08,0.176144
2024-05-24 11:03:09,0.1258
2024-05-24 11:03:10,0.128752
2024-05-24 11:03:11,0.112728
2024-05-24 11:03:12,0.118776
2024-05-24 11:03:13,0.151176
2024-05-24 11:03:14,0.102128
2024-05-24 11:03:15,0.127472
2024-05-24 11:03:16,0.120704
2024-05-24 11:03:17,0.128384
2024-05-24 11:03:18,0.1688
2024-05-24 11:03:19,0.143944
2024-05-24 11:03:20,0.16296
2024-05-24 11:03:21,0.16052
2024-05-24 11:03:22,0.133648
2024-05-24 11:03:23,0.120176
2024-05-24 11:03:24,0.142984
2024-05-24 11:03:25,0.121888
2024-05-24 11:03:26,0.114128
2024-05-24 11:03:27,0.129184
2024-05-24 11:03:28,0.121912
2024-05-24 11:03:29,0.114968
2024-05-24 11:03:30,0.108272
2024-05-24 11:03:31,0.09192
2024-05-24 11:03:32,0.111088
2024-05-24 11:03:33,0.107064
2024-05-24 11:03:34,0.097592
2024-05-24 11:03:35,0.081376
2024-05-24 11:03:36,0.093016
2024-05-24 11:03:37,0.09272
2024-05-24 11:03:38,0.095672
2024-05-24 11:03:39,0.105312
2024-05-24 11:03:40,0.094608
2024-05-24 11:03:41,0.0994
2024-05-24 11:03:42,0.096216
2024-05-24 11:03:43,0.120096
2024-05-24 11:03:44,0.100352
2024-05-24 11:03:45,0.148312
2024-05-24 11:03:46,0.12548
2024-05-24 11:03:47,0.119408
2024-05-24 11:03:48,0.135736
2024-05-24 11:03:49,0.123728
2024-05-24 11:03:50,0.13976
2024-05-24 11:03:51,0.154376
2024-05-24 11:03:52,0.139864
2024-05-24 11:03:53,0.13616
2024-05-24 11:03:54,0.148408
2024-05-24 11:03:55,0.14584
2024-05-24 11:03:56,0.133176
2024-05-24 11:03:57,0.141992
2024-05-24 11:03:58,0.162312
2024-05-24 11:03:59,0.144528
2024-05-24 11:04:00,0.124144
2024-05-24 11:04:01,0.121224
2024-05-24 11:04:02,0.108776
2024-05-24 11:04:03,0.132272
2024-05-24 11:04:04,0.11628
2024-05-24 11:04:05,0.0962
2024-05-24 11:04:06,0.1186
2024-05-24 11:04:07,0.1436
2024-05-24 11:04:08,0.11788
2024-05-24 11:04:09,0.121448
2024-05-24 11:04:10,0.118888
2024-05-24 11:04:11,0.105616
2024-05-24 11:04:12,0.115384
2024-05-24 11:04:13,0.096704
2024-05-24 11:04:14,0.076384
2024-05-24 11:04:15,0.103216
2024-05-24 11:04:16,0.088296
2024-05-24 11:04:17,0.107896
2024-05-24 11:04:18,0.100224
2024-05-24 11:04:19,0.101376
2024-05-24 11:04:20,0.127464
2024-05-24 11:04:21,0.11784
2024-05-24 11:04:22,0.112832
2024-05-24 11:04:23,0.11876
2024-05-24 11:04:24,0.133104
2024-05-24 11:04:25,0.119544
2024-05-24 11:04:26,0.122744
2024-05-24 11:04:27,0.136776
2024-05-24 11:04:28,0.133752
2024-05-24 11:04:29,0.14748
2024-05-24 11:04:30,0.13872
2024-05-24 11:04:31,0.129448
2024-05-24 11:04:32,0.166512
2024-05-24 11:04:33,0.148576
2024-05-24 11:04:34,0.116664
2024-05-24 11:04:35,0.132336
2024-05-24 11:04:36,0.165744
2024-05-24 11:04:37,0.181584
2024-05-24 11:04:38,0.131584
2024-05-24 11:04:39,0.166376
2024-05-24 11:04:40,0.161064
2024-05-24 11:04:41,0.135032
2024-05-24 11:04:42,0.164704
2024-05-24 11:04:43,0.160816
2024-05-24 11:04:44,0.182368
2024-05-24 11:04:45,0.197624
2024-05-24 11:04:46,0.117568
2024-05-24 11:04:47,0.12584
2024-05-24 11:04:48,0.134056
2024-05-24 11:04:49,0.116512
2024-05-24 11:04:50,0.111864
2024-05-24 11:04:51,0.145488
2024-05-24 11:04:52,0.129256
2024-05-24 11:04:53,0.128824
2024-05-24 11:04:54,0.12664
2024-05-24 11:04:55,0.1318
2024-05-24 11:04:56,0.123648
2024-05-24 11:04:57,0.103184
2024-05-24 11:04:58,0.145768
2024-05-24 11:04:59,0.117464
2024-05-24 11:05:00,0.147424
2024-05-24 11:05:01,0.12112
2024-05-24 11:05:02,0.136776
2024-05-24 11:05:03,0.127752
2024-05-24 11:05:04,0.125704
2024-05-24 11:05:05,0.114296
2024-05-24 11:05:06,0.137472
2024-05-24 11:05:07,0.109664
2024-05-24 11:05:08,0.092576
2024-05-24 11:05:09,0.120776
2024-05-24 11:05:10,0.113712
2024-05-24 11:05:11,0.101616
2024-05-24 11:05:12,0.098824
2024-05-24 11:05:13,0.116
2024-05-24 11:05:14,0.096912
2024-05-24 11:05:15,0.094696
2024-05-24 11:05:16,0.099784
2024-05-24 11:05:17,0.104176
2024-05-24 11:05:18,0.089584
2024-05-24 11:05:19,0.107048
2024-05-24 11:05:20,0.093992
2024-05-24 11:05:21,0.130784
2024-05-24 11:05:22,0.094048
2024-05-24 11:05:23,0.121888
2024-05-24 11:05:24,0.099792
2024-05-24 11:05:25,0.108048
2024-05-24 11:05:26,0.112224
2024-05-24 11:05:27,0.1124
2024-05-24 11:05:28,0.13548
2024-05-24 11:05:29,0.114584
2024-05-24 11:05:30,0.122624
2024-05-24 11:05:31,0.117464
2024-05-24 11:05:32,0.10944
2024-05-24 11:05:33,0.093264
2024-05-24 11:05:34,0.114592
2024-05-24 11:05:35,0.110832
2024-05-24 11:05:36,0.103624
2024-05-24 11:05:37,0.071664
2024-05-24 11:05:38,0.08208
2024-05-24 11:05:39,0.082056
2024-05-24 11:05:40,0.102688
2024-05-24 11:05:41,0.1066
2024-05-24 11:05:42,0.100904
2024-05-24 11:05:43,0.10696
2024-05-24 11:05:44,0.1244
2024-05-24 11:05:45,0.12272
2024-05-24 11:05:46,0.13304
2024-05-24 11:05:47,0.154448
2024-05-24 11:05:48,0.16632
2024-05-24 11:05:49,0.137672
2024-05-24 11:05:50,0.13872
2024-05-24 11:05:51,0.175504
2024-05-24 11:05:52,0.152232
2024-05-24 11:05:53,0.1354
2024-05-24 11:05:54,0.135224
2024-05-24 11:05:55,0.124112
2024-05-24 11:05:56,0.154864
2024-05-24 11:05:57,0.157624
2024-05-24 11:05:58,0.158584
2024-05-24 11:05:59,0.159424
2024-05-24 11:06:00,0.151376
2024-05-24 11:06:01,0.151472
2024-05-24 11:06:02,0.159856
2024-05-24 11:06:03,0.133248
2024-05-24 11:06:04,0.101064
2024-05-24 11:06:05,0.124352
2024-05-24 11:06:06,0.118832
2024-05-24 11:06:07,0.11024
2024-05-24 11:06:08,0.101192
2024-05-24 11:06:09,0.090376
2024-05-24 11:06:10,0.089872
2024-05-24 11:06:11,0.083552
2024-05-24 11:06:12,0.0842
2024-05-24 11:06:13,0.08956
2024-05-24 11:06:14,0.070704
2024-05-24 11:06:15,0.078416
2024-05-24 11:06:16,0.096272
2024-05-24 11:06:17,0.102776
2024-05-24 11:06:18,0.094672
2024-05-24 11:06:19,0.10864
2024-05-24 11:06:20,0.114704
2024-05-24 11:06:21,0.114024
2024-05-24 11:06:22,0.11576
2024-05-24 11:06:23,0.126912
2024-05-24 11:06:24,0.13192
2024-05-24 11:06:25,0.122408
2024-05-24 11:06:26,0.13884
2024-05-24 11:06:27,0.189312
2024-05-24 11:06:28,0.206104
2024-05-24 11:06:29,0.192208
2024-05-24 11:06:30,0.168432
2024-05-24 11:06:31,0.13892
2024-05-24 11:06:32,0.135328
2024-05-24 11:06:33,0.147808
2024-05-24 11:06:34,0.111832
2024-05-24 11:06:35,0.116448
2024-05-24 11:06:36,0.119792
2024-05-24 11:06:37,0.134536
2024-05-24 11:06:38,0.167072
2024-05-24 11:06:39,0.16112
2024-05-24 11:06:40,0.172032
2024-05-24 11:06:41,0.179048
2024-05-24 11:06:42,0.194408
2024-05-24 11:06:43,0.199704
2024-05-24 11:06:44,0.211136
2024-05-24 11:06:45,0.21944
2024-05-24 11:06:46,0.142144
2024-05-24 11:06:47,0.14292
2024-05-24 11:06:48,0.142224
2024-05-24 11:06:49,0.139688
2024-05-24 11:06:50,0.16412
2024-05-24 11:06:51,0.199096
2024-05-24 11:06:52,0.174904
2024-05-24 11:06:53,0.190472
2024-05-24 11:06:54,0.2116
2024-05-24 11:06:55,0.205056
2024-05-24 11:06:56,0.19272
2024-05-24 11:06:57,0.202256
2024-05-24 11:06:58,0.226376
2024-05-24 11:06:59,0.184352
2024-05-24 11:07:00,0.192472
2024-05-24 11:07:01,0.176872
2024-05-24 11:07:02,0.138384
2024-05-24 11:07:03,0.136056
2024-05-24 11:07:04,0.128208
2024-05-24 11:07:05,0.143384
2024-05-24 11:07:06,0.1312
2024-05-24 11:07:07,0.126064
2024-05-24 11:07:08,0.128112
2024-05-24 11:07:09,0.119496
2024-05-24 11:07:10,0.092912
2024-05-24 11:07:11,0.11276
2024-05-24 11:07:12,0.11116
2024-05-24 11:07:13,0.129176
2024-05-24 11:07:14,0.125888
2024-05-24 11:07:15,0.146384
2024-05-24 11:07:16,0.129872
2024-05-24 11:07:17,0.130144
2024-05-24 11:07:18,0.144672
2024-05-24 11:07:19,0.143616
2024-05-24 11:07:20,0.143448
2024-05-24 11:07:21,0.133632
2024-05-24 11:07:22,0.116384
2024-05-24 11:07:23,0.10976
2024-05-24 11:07:24,0.105672
2024-05-24 11:07:25,0.142336
2024-05-24 11:07:26,0.16152
2024-05-24 11:07:27,0.123664
2024-05-24 11:07:28,0.142664
2024-05-24 11:07:29,0.128048
2024-05-24 11:07:30,0.147096
2024-05-24 11:07:31,0.140824
2024-05-24 11:07:32,0.124328
2024-05-24 11:07:33,0.109256
2024-05-24 11:07:34,0.114304
2024-05-24 11:07:35,0.109128
2024-05-24 11:07:36,0.129696
2024-05-24 11:07:37,0.100136
2024-05-24 11:07:38,0.101592
2024-05-24 11:07:39,0.103296
2024-05-24 11:07:40,0.106256
2024-05-24 11:07:41,0.097072
2024-05-24 11:07:42,0.107808
2024-05-24 11:07:43,0.121256
2024-05-24 11:07:44,0.123784
2024-05-24 11:07:45,0.097864
2024-05-24 11:07:46,0.083112
2024-05-24 11:07:47,0.08444
2024-05-24 11:07:48,0.103248
2024-05-24 11:07:49,0.122288
2024-05-24 11:07:50,0.09628
2024-05-24 11:07:51,0.113672
2024-05-24 11:07:52,0.13476
2024-05-24 11:07:53,0.119312
2024-05-24 11:07:54,0.176624
2024-05-24 11:07:55,0.152712
2024-05-24 11:07:56,0.135184
2024-05-24 11:07:57,0.134248
2024-05-24 11:07:58,0.175216
2024-05-24 11:07:59,0.15876
2024-05-24 11:08:00,0.143528
2024-05-24 11:08:01,0.106376
2024-05-24 11:08:02,0.14908
2024-05-24 11:08:03,0.134248
2024-05-24 11:08:04,0.111872
2024-05-24 11:08:05,0.122112
2024-05-24 11:08:06,0.16856
2024-05-24 11:08:07,0.120488
2024-05-24 11:08:08,0.11868
2024-05-24 11:08:09,0.088928
2024-05-24 11:08:10,0.090464
2024-05-24 11:08:11,0.154448
2024-05-24 11:08:12,0.099648
2024-05-24 11:08:13,0.096184
2024-05-24 11:08:14,0.083656
2024-05-24 11:08:15,0.081352
2024-05-24 11:08:16,0.106664
2024-05-24 11:08:17,0.099864
2024-05-24 11:08:18,0.10808
2024-05-24 11:08:19,0.13016
2024-05-24 11:08:20,0.114016
2024-05-24 11:08:21,0.129336
2024-05-24 11:08:22,0.136568
2024-05-24 11:08:23,0.126624
2024-05-24 11:08:24,0.11884
2024-05-24 11:08:25,0.119584
2024-05-24 11:08:26,0.164808
2024-05-24 11:08:27,0.101104
2024-05-24 11:08:28,0.12264
2024-05-24 11:08:29,0.090768
2024-05-24 11:08:30,0.09984
2024-05-24 11:08:31,0.106312
2024-05-24 11:08:32,0.102256
2024-05-24 11:08:33,0.081976
2024-05-24 11:08:34,0.100272
2024-05-24 11:08:35,0.0802
2024-05-24 11:08:36,0.087248
2024-05-24 11:08:37,0.092304
2024-05-24 11:08:38,0.086136
2024-05-24 11:08:39,0.093696
2024-05-24 11:08:40,0.088
2024-05-24 11:08:41,0.10784
2024-05-24 11:08:42,0.088864
2024-05-24 11:08:43,0.16428
2024-05-24 11:08:44,0.106576
2024-05-24 11:08:45,0.13324
2024-05-24 11:08:46,0.129808
2024-05-24 11:08:47,0.207336
2024-05-24 11:08:48,0.15604
2024-05-24 11:08:49,0.132032
2024-05-24 11:08:50,0.147008
2024-05-24 11:08:51,0.158616
2024-05-24 11:08:52,0.169288
2024-05-24 11:08:53,0.136136
2024-05-24 11:08:54,0.175632
2024-05-24 11:08:55,0.156504
2024-05-24 11:08:56,0.203352
2024-05-24 11:08:57,0.12656
2024-05-24 11:08:58,0.107016
2024-05-24 11:08:59,0.112696
2024-05-24 11:09:00,0.105256
2024-05-24 11:09:01,0.107872
2024-05-24 11:09:02,0.105616
2024-05-24 11:09:03,0.1066
2024-05-24 11:09:04,0.12756
2024-05-24 11:09:05,0.123112
2024-05-24 11:09:06,0.117904
2024-05-24 11:09:07,0.160328
2024-05-24 11:09:08,0.145432
2024-05-24 11:09:09,0.094424
2024-05-24 11:09:10,0.088976
2024-05-24 11:09:11,0.104136
2024-05-24 11:09:12,0.092336
2024-05-24 11:09:13,0.09324
2024-05-24 11:09:14,0.080912
2024-05-24 11:09:15,0.08788
2024-05-24 11:09:16,0.089776
2024-05-24 11:09:17,0.100312
2024-05-24 11:09:18,0.097912
2024-05-24 11:09:19,0.125496
2024-05-24 11:09:20,0.119248
2024-05-24 11:09:21,0.122776
2024-05-24 11:09:22,0.114352
2024-05-24 11:09:23,0.148296
2024-05-24 11:09:24,0.117304
2024-05-24 11:09:25,0.104432
2024-05-24 11:09:26,0.1274
2024-05-24 11:09:27,0.141368
2024-05-24 11:09:28,0.154256
2024-05-24 11:09:29,0.181536
2024-05-24 11:09:30,0.154432
2024-05-24 11:09:31,0.137264
2024-05-24 11:09:32,0.17316
2024-05-24 11:09:33,0.163424
2024-05-24 11:09:34,0.154408
2024-05-24 11:09:35,0.140608
2024-05-24 11:09:36,0.171712
2024-05-24 11:09:37,0.16908
2024-05-24 11:09:38,0.126528
2024-05-24 11:09:39,0.124968
2024-05-24 11:09:40,0.12296
2024-05-24 11:09:41,0.123088
2024-05-24 11:09:42,0.1502
2024-05-24 11:09:43,0.189528
2024-05-24 11:09:44,0.139656
2024-05-24 11:09:45,0.127528
2024-05-24 11:09:46,0.133312
2024-05-24 11:09:47,0.158336
2024-05-24 11:09:48,0.137008
2024-05-24 11:09:49,0.159824
2024-05-24 11:09:50,0.17004
2024-05-24 11:09:51,0.167176
2024-05-24 11:09:52,0.112992
2024-05-24 11:09:53,0.11632
2024-05-24 11:09:54,0.121512
2024-05-24 11:09:55,0.1
2024-05-24 11:09:56,0.100696
2024-05-24 11:09:57,0.125336
2024-05-24 11:09:58,0.125224
2024-05-24 11:09:59,0.128568
2024-05-24 11:10:00,0.110536
2024-05-24 11:10:01,0.103224
2024-05-24 11:10:02,0.084192
2024-05-24 11:10:03,0.085656
2024-05-24 11:10:04,0.084896
2024-05-24 11:10:05,0.088208
2024-05-24 11:10:06,0.089336
2024-05-24 11:10:07,0.082224
2024-05-24 11:10:08,0.075032
2024-05-24 11:10:09,0.088256
2024-05-24 11:10:10,0.08112
2024-05-24 11:10:11,0.1016
2024-05-24 11:10:12,0.099656
2024-05-24 11:10:13,0.118704
2024-05-24 11:10:14,0.110416
2024-05-24 11:10:15,0.102296
2024-05-24 11:10:16,0.096064
2024-05-24 11:10:17,0.09532
2024-05-24 11:10:18,0.094664
2024-05-24 11:10:19,0.125904
2024-05-24 11:10:20,0.14904
2024-05-24 11:10:21,0.112488
2024-05-24 11:10:22,0.11744
2024-05-24 11:10:23,0.125384
2024-05-24 11:10:24,0.145328
2024-05-24 11:10:25,0.172376
2024-05-24 11:10:26,0.149488
2024-05-24 11:10:27,0.136296
2024-05-24 11:10:28,0.156304
2024-05-24 11:10:29,0.187104
2024-05-24 11:10:30,0.149128
2024-05-24 11:10:31,0.130008
2024-05-24 11:10:32,0.135192
2024-05-24 11:10:33,0.147256
2024-05-24 11:10:34,0.12924
2024-05-24 11:10:35,0.116784
2024-05-24 11:10:36,0.102472
2024-05-24 11:10:37,0.133672
2024-05-24 11:10:38,0.180248
2024-05-24 11:10:39,0.140592
2024-05-24 11:10:40,0.127264
2024-05-24 11:10:41,0.146168
2024-05-24 11:10:42,0.117808
2024-05-24 11:10:43,0.123968
2024-05-24 11:10:44,0.13136
2024-05-24 11:10:45,0.141432
2024-05-24 11:10:46,0.127
2024-05-24 11:10:47,0.127128
2024-05-24 11:10:48,0.11664
2024-05-24 11:10:49,0.146008
2024-05-24 11:10:50,0.13192
2024-05-24 11:10:51,0.192464
2024-05-24 11:10:52,0.144984
2024-05-24 11:10:53,0.130184
2024-05-24 11:10:54,0.147312
2024-05-24 11:10:55,0.114792
2024-05-24 11:10:56,0.145848
2024-05-24 11:10:57,0.16088
2024-05-24 11:10:58,0.171768
2024-05-24 11:10:59,0.15576
2024-05-24 11:11:00,0.166392
2024-05-24 11:11:01,0.177048
2024-05-24 11:11:02,0.16476
2024-05-24 11:11:03,0.136264
2024-05-24 11:11:04,0.131384
2024-05-24 11:11:05,0.116136
2024-05-24 11:11:06,0.146768
2024-05-24 11:11:07,0.107744
2024-05-24 11:11:08,0.102
2024-05-24 11:11:09,0.139728
2024-05-24 11:11:10,0.108912
2024-05-24 11:11:11,0.169864
2024-05-24 11:11:12,0.165312
2024-05-24 11:11:13,0.162096
2024-05-24 11:11:14,0.168664
2024-05-24 11:11:15,0.153648
2024-05-24 11:11:16,0.153624
2024-05-24 11:11:17,0.15496
2024-05-24 11:11:18,0.147768
2024-05-24 11:11:19,0.160744
2024-05-24 11:11:20,0.143336
2024-05-24 11:11:21,0.13
2024-05-24 11:11:22,0.117872
2024-05-24 11:11:23,0.137784
2024-05-24 11:11:24,0.12176
2024-05-24 11:11:25,0.139432
2024-05-24 11:11:26,0.210136
2024-05-24 11:11:27,0.152424
2024-05-24 11:11:28,0.137384
2024-05-24 11:11:29,0.137448
2024-05-24 11:11:30,0.155488
2024-05-24 11:11:31,0.183944
2024-05-24 11:11:32,0.127176
2024-05-24 11:11:33,0.14228
2024-05-24 11:11:34,0.121064
2024-05-24 11:11:35,0.119864
2024-05-24 11:11:36,0.090144
2024-05-24 11:11:37,0.090416
2024-05-24 11:11:38,0.085352
2024-05-24 11:11:39,0.109152
2024-05-24 11:11:40,0.101824
2024-05-24 11:11:41,0.1344
2024-05-24 11:11:42,0.162376
2024-05-24 11:11:43,0.136256
2024-05-24 11:11:44,0.125928
2024-05-24 11:11:45,0.119568
2024-05-24 11:11:46,0.128168
2024-05-24 11:11:47,0.125688
2024-05-24 11:11:48,0.106344
2024-05-24 11:11:49,0.135992
2024-05-24 11:11:50,0.163448
2024-05-24 11:11:51,0.232288
2024-05-24 11:11:52,0.203032
2024-05-24 11:11:53,0.1246
2024-05-24 11:11:54,0.120048
2024-05-24 11:11:55,0.142168
2024-05-24 11:11:56,0.1318
2024-05-24 11:11:57,0.14848
2024-05-24 11:11:58,0.161056
2024-05-24 11:11:59,0.150272
2024-05-24 11:12:00,0.116456
2024-05-24 11:12:01,0.133288
2024-05-24 11:12:02,0.114648
2024-05-24 11:12:03,0.1066
2024-05-24 11:12:04,0.103464
2024-05-24 11:12:05,0.088392
2024-05-24 11:12:06,0.109632
2024-05-24 11:12:07,0.10856
2024-05-24 11:12:08,0.118264
2024-05-24 11:12:09,0.10668
2024-05-24 11:12:10,0.10056
2024-05-24 11:12:11,0.112112
2024-05-24 11:12:12,0.106048
2024-05-24 11:12:13,0.108608
2024-05-24 11:12:14,0.104552
2024-05-24 11:12:15,0.097568
2024-05-24 11:12:16,0.102072
2024-05-24 11:12:17,0.118704
2024-05-24 11:12:18,0.118288
2024-05-24 11:12:19,0.148136
2024-05-24 11:12:20,0.155088
2024-05-24 11:12:21,0.126576
2024-05-24 11:12:22,0.123
2024-05-24 11:12:23,0.13056
2024-05-24 11:12:24,0.124016
2024-05-24 11:12:25,0.102632
2024-05-24 11:12:26,0.111928
2024-05-24 11:12:27,0.117104
2024-05-24 11:12:28,0.10556
2024-05-24 11:12:29,0.117888
2024-05-24 11:12:30,0.115688
2024-05-24 11:12:31,0.103376
2024-05-24 11:12:32,0.11444
2024-05-24 11:12:33,0.091264
2024-05-24 11:12:34,0.095576
2024-05-24 11:12:35,0.126152
2024-05-24 11:12:36,0.124568
2024-05-24 11:12:37,0.114912
2024-05-24 11:12:38,0.094376
2024-05-24 11:12:39,0.126992
2024-05-24 11:12:40,0.124432
2024-05-24 11:12:41,0.113544
2024-05-24 11:12:42,0.116552
2024-05-24 11:12:43,0.122176
2024-05-24 11:12:44,0.134552
2024-05-24 11:12:45,0.14084
2024-05-24 11:12:46,0.102624
2024-05-24 11:12:47,0.103328
2024-05-24 11:12:48,0.100696
2024-05-24 11:12:49,0.094816
2024-05-24 11:12:50,0.102456
2024-05-24 11:12:51,0.14336
2024-05-24 11:12:52,0.092128
2024-05-24 11:12:53,0.105536
2024-05-24 11:12:54,0.12312
2024-05-24 11:12:55,0.148912
2024-05-24 11:12:56,0.184992
2024-05-24 11:12:57,0.171688
2024-05-24 11:12:58,0.16392
2024-05-24 11:12:59,0.15936
2024-05-24 11:13:00,0.13128
2024-05-24 11:13:01,0.158888
2024-05-24 11:13:02,0.182424
2024-05-24 11:13:03,0.149824
2024-05-24 11:13:04,0.135264
2024-05-24 11:13:05,0.161904
2024-05-24 11:13:06,0.15444
2024-05-24 11:13:07,0.171488
2024-05-24 11:13:08,0.161176
2024-05-24 11:13:09,0.156304
2024-05-24 11:13:10,0.123424
2024-05-24 11:13:11,0.117744
2024-05-24 11:13:12,0.151904
2024-05-24 11:13:13,0.160168
2024-05-24 11:13:14,0.145272
2024-05-24 11:13:15,0.108504
2024-05-24 11:13:16,0.105
2024-05-24 11:13:17,0.131392
2024-05-24 11:13:18,0.130608
2024-05-24 11:13:19,0.139496
2024-05-24 11:13:20,0.118904
2024-05-24 11:13:21,0.130104
2024-05-24 11:13:22,0.161208
2024-05-24 11:13:23,0.134736
2024-05-24 11:13:24,0.19224
2024-05-24 11:13:25,0.150336
2024-05-24 11:13:26,0.149144
2024-05-24 11:13:27,0.135448
2024-05-24 11:13:28,0.128
2024-05-24 11:13:29,0.189528
2024-05-24 11:13:30,0.126
2024-05-24 11:13:31,0.133136
2024-05-24 11:13:32,0.133688
2024-05-24 11:13:33,0.165496
2024-05-24 11:13:34,0.14424
2024-05-24 11:13:35,0.114792
2024-05-24 11:13:36,0.120248
2024-05-24 11:13:37,0.108232
2024-05-24 11:13:38,0.109072
2024-05-24 11:13:39,0.131104
2024-05-24 11:13:40,0.138632
2024-05-24 11:13:41,0.129328
2024-05-24 11:13:42,0.112856
2024-05-24 11:13:43,0.138032
2024-05-24 11:13:44,0.1132
2024-05-24 11:13:45,0.243384
2024-05-24 11:13:46,0.130184
2024-05-24 11:13:47,0.106256
2024-05-24 11:13:48,0.125256
2024-05-24 11:13:49,0.117424
2024-05-24 11:13:50,0.194128
2024-05-24 11:13:51,0.165296
2024-05-24 11:13:52,0.14268
2024-05-24 11:13:53,0.136208
2024-05-24 11:13:54,0.104824
2024-05-24 11:13:55,0.122296
2024-05-24 11:13:56,0.124928
2024-05-24 11:13:57,0.105216
2024-05-24 11:13:58,0.111752
2024-05-24 11:13:59,0.098592
2024-05-24 11:14:00,0.094376
2024-05-24 11:14:01,0.110968
2024-05-24 11:14:02,0.123368
2024-05-24 11:14:03,0.110528
2024-05-24 11:14:04,0.100744
2024-05-24 11:14:05,0.099368
2024-05-24 11:14:06,0.080488
2024-05-24 11:14:07,0.10676
2024-05-24 11:14:08,0.120264
2024-05-24 11:14:09,0.101216
2024-05-24 11:14:10,0.13312
2024-05-24 11:14:11,0.1354
2024-05-24 11:14:12,0.130496
2024-05-24 11:14:13,0.13192
2024-05-24 11:14:14,0.129432
2024-05-24 11:14:15,0.14772
2024-05-24 11:14:16,0.109672
2024-05-24 11:14:17,0.103264
2024-05-24 11:14:18,0.145832
2024-05-24 11:14:19,0.118784
2024-05-24 11:14:20,0.09828
2024-05-24 11:14:21,0.140392
2024-05-24 11:14:22,0.099272
2024-05-24 11:14:23,0.103272
2024-05-24 11:14:24,0.094592
2024-05-24 11:14:25,0.077304
2024-05-24 11:14:26,0.09844
2024-05-24 11:14:27,0.114128
2024-05-24 11:14:28,0.11688
2024-05-24 11:14:29,0.110408
2024-05-24 11:14:30,0.120712
2024-05-24 11:14:31,0.1282
2024-05-24 11:14:32,0.1206
2024-05-24 11:14:33,0.114704
2024-05-24 11:14:34,0.09348
2024-05-24 11:14:35,0.0934
2024-05-24 11:14:36,0.101112
2024-05-24 11:14:37,0.088928
2024-05-24 11:14:38,0.09192
2024-05-24 11:14:39,0.08996
2024-05-24 11:14:40,0.101928
2024-05-24 11:14:41,0.111328
2024-05-24 11:14:42,0.104816
2024-05-24 11:14:43,0.118808
2024-05-24 11:14:44,0.126296
2024-05-24 11:14:45,0.130048
2024-05-24 11:14:46,0.1158
2024-05-24 11:14:47,0.153576
2024-05-24 11:14:48,0.158648
2024-05-24 11:14:49,0.179224
2024-05-24 11:14:50,0.230144
2024-05-24 11:14:51,0.239352
2024-05-24 11:14:52,0.16404
2024-05-24 11:14:53,0.134216
2024-05-24 11:14:54,0.131512
2024-05-24 11:14:55,0.132688
2024-05-24 11:14:56,0.112864
2024-05-24 11:14:57,0.133192
2024-05-24 11:14:58,0.122392
2024-05-24 11:14:59,0.112368
2024-05-24 11:15:00,0.14572
2024-05-24 11:15:01,0.15176
2024-05-24 11:15:02,0.138752
2024-05-24 11:15:03,0.163464
2024-05-24 11:15:04,0.20256
2024-05-24 11:15:05,0.197488
2024-05-24 11:15:06,0.171944
2024-05-24 11:15:07,0.181144
2024-05-24 11:15:08,0.17136
2024-05-24 11:15:09,0.144424
2024-05-24 11:15:10,0.182208
2024-05-24 11:15:11,0.117096
2024-05-24 11:15:12,0.11164
2024-05-24 11:15:13,0.106232
2024-05-24 11:15:14,0.138224
2024-05-24 11:15:15,0.111024
2024-05-24 11:15:16,0.117048
2024-05-24 11:15:17,0.132752
2024-05-24 11:15:18,0.15444
2024-05-24 11:15:19,0.182912
2024-05-24 11:15:20,0.129648
2024-05-24 11:15:21,0.09476
2024-05-24 11:15:22,0.088328
2024-05-24 11:15:23,0.09084
2024-05-24 11:15:24,0.085088
2024-05-24 11:15:25,0.08424
2024-05-24 11:15:26,0.101768
2024-05-24 11:15:27,0.099976
2024-05-24 11:15:28,0.11052
2024-05-24 11:15:29,0.09632
2024-05-24 11:15:30,0.10524
2024-05-24 11:15:31,0.098096
2024-05-24 11:15:32,0.082144
2024-05-24 11:15:33,0.092744
2024-05-24 11:15:34,0.083712
2024-05-24 11:15:35,0.107416
2024-05-24 11:15:36,0.103472
2024-05-24 11:15:37,0.0972
2024-05-24 11:15:38,0.103784
2024-05-24 11:15:39,0.106512
2024-05-24 11:15:40,0.113096
2024-05-24 11:15:41,0.111024
2024-05-24 11:15:42,0.169408
2024-05-24 11:15:43,0.129992
2024-05-24 11:15:44,0.112096
2024-05-24 11:15:45,0.10676
2024-05-24 11:15:46,0.137408
2024-05-24 11:15:47,0.137552
2024-05-24 11:15:48,0.136824
2024-05-24 11:15:49,0.125848
2024-05-24 11:15:50,0.118832
2024-05-24 11:15:51,0.130464
2024-05-24 11:15:52,0.096504
2024-05-24 11:15:53,0.090032
2024-05-24 11:15:54,0.094424
2024-05-24 11:15:55,0.098832
2024-05-24 11:15:56,0.10992
2024-05-24 11:15:57,0.097064
2024-05-24 11:15:58,0.107456
2024-05-24 11:15:59,0.115944
2024-05-24 11:16:00,0.158792
2024-05-24 11:16:01,0.157848
2024-05-24 11:16:02,0.180312
2024-05-24 11:16:03,0.079976
2024-05-24 11:16:04,0.119576
2024-05-24 11:16:05,0.094864
2024-05-24 11:16:06,0.097544
2024-05-24 11:16:07,0.09992
2024-05-24 11:16:08,0.095296
2024-05-24 11:16:09,0.0794
2024-05-24 11:16:10,0.095768
2024-05-24 11:16:11,0.081232
2024-05-24 11:16:12,0.092168
2024-05-24 11:16:13,0.0912
2024-05-24 11:16:14,0.135168
2024-05-24 11:16:15,0.16188
2024-05-24 11:16:16,0.144992
2024-05-24 11:16:17,0.144704
2024-05-24 11:16:18,0.137376
2024-05-24 11:16:19,0.148416
2024-05-24 11:16:20,0.145488
2024-05-24 11:16:21,0.133816
2024-05-24 11:16:22,0.124592
2024-05-24 11:16:23,0.162752
2024-05-24 11:16:24,0.161328
2024-05-24 11:16:25,0.133432
2024-05-24 11:16:26,0.161472
2024-05-24 11:16:27,0.194184
2024-05-24 11:16:28,0.179664
2024-05-24 11:16:29,0.169712
2024-05-24 11:16:30,0.134016
2024-05-24 11:16:31,0.098056
2024-05-24 11:16:32,0.097656
2024-05-24 11:16:33,0.10076
2024-05-24 11:16:34,0.151704
2024-05-24 11:16:35,0.133568
2024-05-24 11:16:36,0.162
2024-05-24 11:16:37,0.16852
2024-05-24 11:16:38,0.156808
2024-05-24 11:16:39,0.154704
2024-05-24 11:16:40,0.17488
2024-05-24 11:16:41,0.21708
2024-05-24 11:16:42,0.188448
2024-05-24 11:16:43,0.164352
2024-05-24 11:16:44,0.149208
2024-05-24 11:16:45,0.126344
2024-05-24 11:16:46,0.110184
2024-05-24 11:16:47,0.081584
2024-05-24 11:16:48,0.095496
2024-05-24 11:16:49,0.087136
2024-05-24 11:16:50,0.086816
2024-05-24 11:16:51,0.109952
2024-05-24 11:16:52,0.080424
2024-05-24 11:16:53,0.050664
2024-05-24 11:16:54,0.087104
2024-05-24 11:16:55,0.123136
2024-05-24 11:16:56,0.137272
2024-05-24 11:16:57,0.108568
2024-05-24 11:16:58,0.118648
2024-05-24 11:16:59,0.162504
2024-05-24 11:17:00,0.104688
2024-05-24 11:17:01,0.1338
2024-05-24 11:17:02,0.086624
2024-05-24 11:17:03,0.098816
2024-05-24 11:17:04,0.089576
2024-05-24 11:17:05,0.108736
2024-05-24 11:17:06,0.109128
2024-05-24 11:17:07,0.105232
2024-05-24 11:17:08,0.109248
2024-05-24 11:17:09,0.106472
2024-05-24 11:17:10,0.1132
2024-05-24 11:17:11,0.113696
2024-05-24 11:17:12,0.11564
2024-05-24 11:17:13,0.126968
2024-05-24 11:17:14,0.114176
2024-05-24 11:17:15,0.13572
2024-05-24 11:17:16,0.127944
2024-05-24 11:17:17,0.146904
2024-05-24 11:17:18,0.141352
2024-05-24 11:17:19,0.120136
2024-05-24 11:17:20,0.11212
2024-05-24 11:17:21,0.098384
2024-05-24 11:17:22,0.133968
2024-05-24 11:17:23,0.134584
2024-05-24 11:17:24,0.149472
2024-05-24 11:17:25,0.178152
2024-05-24 11:17:26,0.15464
2024-05-24 11:17:27,0.145216
2024-05-24 11:17:28,0.180736
2024-05-24 11:17:29,0.181608
2024-05-24 11:17:30,0.252032
2024-05-24 11:17:31,0.159736
2024-05-24 11:17:32,0.220728
2024-05-24 11:17:33,0.15856
2024-05-24 11:17:34,0.177272
2024-05-24 11:17:35,0.146472
2024-05-24 11:17:36,0.139008
2024-05-24 11:17:37,0.13388
2024-05-24 11:17:38,0.132432
2024-05-24 11:17:39,0.11756
2024-05-24 11:17:40,0.110616
2024-05-24 11:17:41,0.147656
2024-05-24 11:17:42,0.127424
2024-05-24 11:17:43,0.088648
2024-05-24 11:17:44,0.08972
2024-05-24 11:17:45,0.100376
2024-05-24 11:17:46,0.098648
2024-05-24 11:17:47,0.101
2024-05-24 11:17:48,0.115728
2024-05-24 11:17:49,0.102952
2024-05-24 11:17:50,0.08916
2024-05-24 11:17:51,0.107704
2024-05-24 11:17:52,0.077112
2024-05-24 11:17:53,0.129976
2024-05-24 11:17:54,0.133536
2024-05-24 11:17:55,0.102456
2024-05-24 11:17:56,0.102648
2024-05-24 11:17:57,0.117824
2024-05-24 11:17:58,0.17248
2024-05-24 11:17:59,0.128648
2024-05-24 11:18:00,0.145344
2024-05-24 11:18:01,0.12732
2024-05-24 11:18:02,0.101184
2024-05-24 11:18:03,0.163208
2024-05-24 11:18:04,0.088384
2024-05-24 11:18:05,0.0682
2024-05-24 11:18:06,0.066064
2024-05-24 11:18:07,0.07292
2024-05-24 11:18:08,0.081536
2024-05-24 11:18:09,0.095072
2024-05-24 11:18:10,0.135344
2024-05-24 11:18:11,0.105824
2024-05-24 11:18:12,0.122816
2024-05-24 11:18:13,0.111096
2024-05-24 11:18:14,0.105024
2024-05-24 11:18:15,0.12464
2024-05-24 11:18:16,0.114528
2024-05-24 11:18:17,0.167312
2024-05-24 11:18:18,0.13716
2024-05-24 11:18:19,0.123488
2024-05-24 11:18:20,0.14868
2024-05-24 11:18:21,0.156744
2024-05-24 11:18:22,0.149224
2024-05-24 11:18:23,0.111784
2024-05-24 11:18:24,0.14584
2024-05-24 11:18:25,0.11464
2024-05-24 11:18:26,0.122752
2024-05-24 11:18:27,0.115944
2024-05-24 11:18:28,0.137168
2024-05-24 11:18:29,0.119272
2024-05-24 11:18:30,0.105456
2024-05-24 11:18:31,0.103904
2024-05-24 11:18:32,0.130192
2024-05-24 11:18:33,0.136944
2024-05-24 11:18:34,0.099856
2024-05-24 11:18:35,0.126256
2024-05-24 11:18:36,0.1166
2024-05-24 11:18:37,0.110432
2024-05-24 11:18:38,0.128048
2024-05-24 11:18:39,0.128144
2024-05-24 11:18:40,0.097328
2024-05-24 11:18:41,0.119496
2024-05-24 11:18:42,0.113584
2024-05-24 11:18:43,0.08344
2024-05-24 11:18:44,0.09276
2024-05-24 11:18:45,0.116296
2024-05-24 11:18:46,0.104592
2024-05-24 11:18:47,0.094256
2024-05-24 11:18:48,0.144856
2024-05-24 11:18:49,0.176496
2024-05-24 11:18:50,0.12188
2024-05-24 11:18:51,0.139144
2024-05-24 11:18:52,0.11592
2024-05-24 11:18:53,0.162928
2024-05-24 11:18:54,0.127304
2024-05-24 11:18:55,0.131832
2024-05-24 11:18:56,0.14404
2024-05-24 11:18:57,0.134168
2024-05-24 11:18:58,0.11604
2024-05-24 11:18:59,0.108192
2024-05-24 11:19:00,0.13928
2024-05-24 11:19:01,0.11544
2024-05-24 11:19:02,0.092656
2024-05-24 11:19:03,0.102088
2024-05-24 11:19:04,0.121832
2024-05-24 11:19:05,0.111352
2024-05-24 11:19:06,0.108648
2024-05-24 11:19:07,0.113392
2024-05-24 11:19:08,0.116704
2024-05-24 11:19:09,0.124952
2024-05-24 11:19:10,0.133672
2024-05-24 11:19:11,0.113392
2024-05-24 11:19:12,0.132456
2024-05-24 11:19:13,0.130032
2024-05-24 11:19:14,0.120384
2024-05-24 11:19:15,0.135048
2024-05-24 11:19:16,0.150856
2024-05-24 11:19:17,0.150632
2024-05-24 11:19:18,0.149256
2024-05-24 11:19:19,0.167944
2024-05-24 11:19:20,0.150992
2024-05-24 11:19:21,0.174288
2024-05-24 11:19:22,0.127064
2024-05-24 11:19:23,0.156112
2024-05-24 11:19:24,0.128168
2024-05-24 11:19:25,0.10976
2024-05-24 11:19:26,0.119688
2024-05-24 11:19:27,0.120296
2024-05-24 11:19:28,0.120528
2024-05-24 11:19:29,0.153624
2024-05-24 11:19:30,0.14504
2024-05-24 11:19:31,0.194672
2024-05-24 11:19:32,0.142248
2024-05-24 11:19:33,0.146544
2024-05-24 11:19:34,0.1702
2024-05-24 11:19:35,0.170344
2024-05-24 11:19:36,0.153176
2024-05-24 11:19:37,0.132416
2024-05-24 11:19:38,0.17324
2024-05-24 11:19:39,0.140496
2024-05-24 11:19:40,0.1394
2024-05-24 11:19:41,0.124392
2024-05-24 11:19:42,0.14012
2024-05-24 11:19:43,0.138712
2024-05-24 11:19:44,0.126904
2024-05-24 11:19:45,0.136888
2024-05-24 11:19:46,0.105576
2024-05-24 11:19:47,0.104432
2024-05-24 11:19:48,0.145
2024-05-24 11:19:49,0.145456
2024-05-24 11:19:50,0.20392
2024-05-24 11:19:51,0.234088
2024-05-24 11:19:52,0.121656
2024-05-24 11:19:53,0.123728
2024-05-24 11:19:54,0.132768
2024-05-24 11:19:55,0.12988
2024-05-24 11:19:56,0.133112
2024-05-24 11:19:57,0.132736
2024-05-24 11:19:58,0.171376
2024-05-24 11:19:59,0.149384
2024-05-24 11:20:00,0.173944
2024-05-24 11:20:01,0.176512
2024-05-24 11:20:02,0.161448
2024-05-24 11:20:03,0.157752
2024-05-24 11:20:04,0.157672
2024-05-24 11:20:05,0.1452
2024-05-24 11:20:06,0.132384
2024-05-24 11:20:07,0.13576
2024-05-24 11:20:08,0.14812
2024-05-24 11:20:09,0.176832
2024-05-24 11:20:10,0.16632
2024-05-24 11:20:11,0.177336
2024-05-24 11:20:12,0.18584
2024-05-24 11:20:13,0.20136
2024-05-24 11:20:14,0.170928
2024-05-24 11:20:15,0.179608
2024-05-24 11:20:16,0.328
2024-05-24 11:20:17,0.193736
2024-05-24 11:20:18,0.175104
2024-05-24 11:20:19,0.163696
2024-05-24 11:20:20,0.15768
2024-05-24 11:20:21,0.177344
2024-05-24 11:20:22,0.156056
2024-05-24 11:20:23,0.158264
2024-05-24 11:20:24,0.149024
2024-05-24 11:20:25,0.085664
2024-05-24 11:20:26,0.102544
2024-05-24 11:20:27,0.119136
2024-05-24 11:20:28,0.108704
2024-05-24 11:20:29,0.08748
2024-05-24 11:20:30,0.111168
2024-05-24 11:20:31,0.140976
2024-05-24 11:20:32,0.1344
2024-05-24 11:20:33,0.115776
2024-05-24 11:20:34,0.088624
2024-05-24 11:20:35,0.101
2024-05-24 11:20:36,0.103784
2024-05-24 11:20:37,0.097776
2024-05-24 11:20:38,0.08568
2024-05-24 11:20:39,0.08196
2024-05-24 11:20:40,0.08392
2024-05-24 11:20:41,0.087352
2024-05-24 11:20:42,0.077024
2024-05-24 11:20:43,0.084272
2024-05-24 11:20:44,0.086032
2024-05-24 11:20:45,0.088376
2024-05-24 11:20:46,0.100008
2024-05-24 11:20:47,0.107928
2024-05-24 11:20:48,0.120536
2024-05-24 11:20:49,0.103544
2024-05-24 11:20:50,0.116592
2024-05-24 11:20:51,0.141896
2024-05-24 11:20:52,0.118576
2024-05-24 11:20:53,0.1074
2024-05-24 11:20:54,0.141552
2024-05-24 11:20:55,0.143992
2024-05-24 11:20:56,0.125504
2024-05-24 11:20:57,0.121696
2024-05-24 11:20:58,0.10636
2024-05-24 11:20:59,0.131288
2024-05-24 11:21:00,0.11068
2024-05-24 11:21:01,0.13912
2024-05-24 11:21:02,0.11604
2024-05-24 11:21:03,0.168216
2024-05-24 11:21:04,0.197496
2024-05-24 11:21:05,0.138512
2024-05-24 11:21:06,0.14224
2024-05-24 11:21:07,0.12204
2024-05-24 11:21:08,0.177416
2024-05-24 11:21:09,0.113792
2024-05-24 11:21:10,0.126992
2024-05-24 11:21:11,0.12132
2024-05-24 11:21:12,0.114624
2024-05-24 11:21:13,0.136048
2024-05-24 11:21:14,0.149192
2024-05-24 11:21:15,0.14868
2024-05-24 11:21:16,0.108336
2024-05-24 11:21:17,0.080832
2024-05-24 11:21:18,0.104256
2024-05-24 11:21:19,0.09784
2024-05-24 11:21:20,0.10376
2024-05-24 11:21:21,0.088664
2024-05-24 11:21:22,0.111112
2024-05-24 11:21:23,0.116984
2024-05-24 11:21:24,0.108304
2024-05-24 11:21:25,0.101592
2024-05-24 11:21:26,0.087752
2024-05-24 11:21:27,0.114968
2024-05-24 11:21:28,0.10536
2024-05-24 11:21:29,0.13644
2024-05-24 11:21:30,0.112352
2024-05-24 11:21:31,0.15
2024-05-24 11:21:32,0.126472
2024-05-24 11:21:33,0.15956
2024-05-24 11:21:34,0.114216
2024-05-24 11:21:35,0.108344
2024-05-24 11:21:36,0.138328
2024-05-24 11:21:37,0.11604
2024-05-24 11:21:38,0.107568
2024-05-24 11:21:39,0.125232
2024-05-24 11:21:40,0.122864
2024-05-24 11:21:41,0.134488
2024-05-24 11:21:42,0.133312
2024-05-24 11:21:43,0.09964
2024-05-24 11:21:44,0.113096
2024-05-24 11:21:45,0.1164
2024-05-24 11:21:46,0.128952
2024-05-24 11:21:47,0.104016
2024-05-24 11:21:48,0.127288
2024-05-24 11:21:49,0.111408
2024-05-24 11:21:50,0.120304
2024-05-24 11:21:51,0.146528
2024-05-24 11:21:52,0.105184
2024-05-24 11:21:53,0.163016
2024-05-24 11:21:54,0.113664
2024-05-24 11:21:55,0.155496
2024-05-24 11:21:56,0.116944
2024-05-24 11:21:57,0.148704
2024-05-24 11:21:58,0.176656
2024-05-24 11:21:59,0.150264
2024-05-24 11:22:00,0.154272
2024-05-24 11:22:01,0.158904
2024-05-24 11:22:02,0.177224
2024-05-24 11:22:03,0.145376
2024-05-24 11:22:04,0.121784
2024-05-24 11:22:05,0.175448
2024-05-24 11:22:06,0.134544
2024-05-24 11:22:07,0.12376
2024-05-24 11:22:08,0.177352
2024-05-24 11:22:09,0.188216
2024-05-24 11:22:10,0.137272
2024-05-24 11:22:11,0.190792
2024-05-24 11:22:12,0.183272
2024-05-24 11:22:13,0.120816
2024-05-24 11:22:14,0.126264
2024-05-24 11:22:15,0.077616
2024-05-24 11:22:16,0.11464
2024-05-24 11:22:17,0.119128
2024-05-24 11:22:18,0.1206
2024-05-24 11:22:19,0.135608
2024-05-24 11:22:20,0.110136
2024-05-24 11:22:21,0.125448
2024-05-24 11:22:22,0.14896
2024-05-24 11:22:23,0.127456
2024-05-24 11:22:24,0.131848
2024-05-24 11:22:25,0.111792
2024-05-24 11:22:26,0.094464
2024-05-24 11:22:27,0.095272
2024-05-24 11:22:28,0.08816
2024-05-24 11:22:29,0.079064
2024-05-24 11:22:30,0.077688
2024-05-24 11:22:31,0.069592
2024-05-24 11:22:32,0.070584
2024-05-24 11:22:33,0.08836
2024-05-24 11:22:34,0.118912
2024-05-24 11:22:35,0.112392
2024-05-24 11:22:36,0.137872
2024-05-24 11:22:37,0.153824
2024-05-24 11:22:38,0.125168
2024-05-24 11:22:39,0.132576
2024-05-24 11:22:40,0.159944
2024-05-24 11:22:41,0.126864
2024-05-24 11:22:42,0.137752
2024-05-24 11:22:43,0.128432
2024-05-24 11:22:44,0.182968
2024-05-24 11:22:45,0.122688
2024-05-24 11:22:46,0.112896
2024-05-24 11:22:47,0.104816
2024-05-24 11:22:48,0.103448
2024-05-24 11:22:49,0.123672
2024-05-24 11:22:50,0.101048
2024-05-24 11:22:51,0.141728
2024-05-24 11:22:52,0.102976
2024-05-24 11:22:53,0.086904
2024-05-24 11:22:54,0.082568
2024-05-24 11:22:55,0.097976
2024-05-24 11:22:56,0.096088
2024-05-24 11:22:57,0.118904
2024-05-24 11:22:58,0.096432
2024-05-24 11:22:59,0.11968
2024-05-24 11:23:00,0.114656
2024-05-24 11:23:01,0.146688
2024-05-24 11:23:02,0.160152
2024-05-24 11:23:03,0.138472
2024-05-24 11:23:04,0.142168
2024-05-24 11:23:05,0.15056
2024-05-24 11:23:06,0.141816
2024-05-24 11:23:07,0.122368
2024-05-24 11:23:08,0.141584
2024-05-24 11:23:09,0.106904
2024-05-24 11:23:10,0.153432
2024-05-24 11:23:11,0.125904
2024-05-24 11:23:12,0.124064
2024-05-24 11:23:13,0.151944
2024-05-24 11:23:14,0.18332
2024-05-24 11:23:15,0.24172
2024-05-24 11:23:16,0.18264
2024-05-24 11:23:17,0.155856
2024-05-24 11:23:18,0.20484
2024-05-24 11:23:19,0.186696
2024-05-24 11:23:20,0.198328
2024-05-24 11:23:21,0.183488
2024-05-24 11:23:22,0.172592
2024-05-24 11:23:23,0.155752
2024-05-24 11:23:24,0.145568
2024-05-24 11:23:25,0.118608
2024-05-24 11:23:26,0.154792
2024-05-24 11:23:27,0.160272
2024-05-24 11:23:28,0.169784
2024-05-24 11:23:29,0.148224
2024-05-24 11:23:30,0.185128
2024-05-24 11:23:31,0.191752
2024-05-24 11:23:32,0.166848
2024-05-24 11:23:33,0.182008
2024-05-24 11:23:34,0.192632
2024-05-24 11:23:35,0.17284
2024-05-24 11:23:36,0.211248
2024-05-24 11:23:37,0.194752
2024-05-24 11:23:38,0.19884
2024-05-24 11:23:39,0.149528
2024-05-24 11:23:40,0.116056
2024-05-24 11:23:41,0.08028
2024-05-24 11:23:42,0.088128
2024-05-24 11:23:43,0.059088
2024-05-24 11:23:44,0.046248
2024-05-24 11:23:45,0.001728
2024-05-24 11:23:46,0.00188
2024-05-24 11:23:47,0.00124
2024-05-24 11:23:48,0.004928
2024-05-24 11:29:29,0.15228
2024-05-24 11:29:30,0.014808
2024-05-24 11:29:31,0.0328
2024-05-24 11:29:32,0.029968
2024-05-24 11:29:33,0.059936
2024-05-24 11:29:34,0.301912
2024-05-24 11:29:35,0.068864
2024-05-24 11:29:36,0.044648
2024-05-24 11:29:37,0.033952
2024-05-24 11:29:38,0.048552
2024-05-24 11:29:39,0.064968
2024-05-24 11:29:40,0.03588
2024-05-24 11:29:41,0.038176
2024-05-24 11:29:42,0.034152
2024-05-24 11:29:43,0.054056
2024-05-24 11:29:44,0.047504
2024-05-24 11:29:45,0.043872
2024-05-24 11:29:46,0.03436
2024-05-24 11:29:47,0.037136
2024-05-24 11:29:48,0.034136
2024-05-24 11:29:49,0.037552
2024-05-24 11:29:50,0.026352
2024-05-24 11:29:51,0.030816
2024-05-24 11:29:52,0.025248
2024-05-24 11:29:53,0.029304
2024-05-24 11:29:54,0.027352
2024-05-24 11:29:55,0.030792
2024-05-24 11:29:56,0.029456
2024-05-24 11:29:57,0.027704
2024-05-24 11:29:58,0.02544
2024-05-24 11:29:59,0.027504
2024-05-24 11:30:00,0.029568
2024-05-24 11:30:01,0.033936
2024-05-24 11:30:02,0.026352
2024-05-24 11:30:03,0.028096
2024-05-24 11:30:04,0.027456
2024-05-24 11:30:05,0.036144
2024-05-24 11:30:06,0.023552
2024-05-24 11:30:07,0.025608
2024-05-24 11:30:08,0.022936
2024-05-24 11:30:09,0.168864
2024-05-24 11:30:10,0.141816
2024-05-24 11:30:11,0.0492
2024-05-24 11:30:12,0.038472
2024-05-24 11:30:13,0.032416
2024-05-24 11:30:14,0.055592
2024-05-24 11:30:15,0.047544
2024-05-24 11:30:16,0.040944
2024-05-24 11:30:17,0.029288
2024-05-24 11:30:18,0.026344
2024-05-24 11:30:19,0.035072
2024-05-24 11:30:20,0.026672
2024-05-24 11:30:21,0.032696
2024-05-24 11:30:22,0.039544
2024-05-24 11:30:23,0.034632
2024-05-24 11:30:24,0.02912
2024-05-24 11:30:25,0.042616
2024-05-24 11:30:26,0.033848
2024-05-24 11:30:27,0.0486
2024-05-24 11:30:28,0.031952
2024-05-24 11:30:29,0.048608
2024-05-24 11:30:30,0.040328
2024-05-24 11:30:31,0.04248
2024-05-24 11:30:32,0.036912
2024-05-24 11:30:33,0.037912
2024-05-24 11:30:34,0.034008
2024-05-24 11:30:35,0.04072
2024-05-24 11:30:36,0.043728
2024-05-24 11:30:37,0.053544
2024-05-24 11:30:38,0.039512
2024-05-24 11:30:39,0.066024
2024-05-24 11:30:40,0.061672
2024-05-24 11:30:41,0.049096
2024-05-24 11:30:42,0.067232
2024-05-24 11:30:43,0.06024
2024-05-24 11:30:44,0.052688
2024-05-24 11:30:45,0.039944
2024-05-24 11:30:46,0.048992
2024-05-24 11:30:47,0.0464
2024-05-24 11:30:48,0.0474
2024-05-24 11:30:49,0.065208
2024-05-24 11:30:50,0.036448
2024-05-24 11:30:51,0.06084
2024-05-24 11:30:52,0.048776
2024-05-24 11:30:53,0.038576
2024-05-24 11:30:54,0.05384
2024-05-24 11:30:55,0.057288
2024-05-24 11:30:56,0.048592
2024-05-24 11:30:57,0.055368
2024-05-24 11:30:58,0.051376
2024-05-24 11:30:59,0.059024
2024-05-24 11:31:00,0.049552
2024-05-24 11:31:01,0.061952
2024-05-24 11:31:02,0.038776
2024-05-24 11:31:03,0.047112
2024-05-24 11:31:04,0.049576
2024-05-24 11:31:05,0.044888
2024-05-24 11:31:06,0.03876
2024-05-24 11:31:07,0.038368
2024-05-24 11:31:08,0.040072
2024-05-24 11:31:09,0.046544
2024-05-24 11:31:10,0.0528
2024-05-24 11:31:11,0.039392
2024-05-24 11:31:12,0.047432
2024-05-24 11:31:13,0.049728
2024-05-24 11:31:14,0.05384
2024-05-24 11:31:15,0.067088
2024-05-24 11:31:16,0.048592
2024-05-24 11:31:17,0.079688
2024-05-24 11:31:18,0.063496
2024-05-24 11:31:19,0.060792
2024-05-24 11:31:20,0.050568
2024-05-24 11:31:21,0.07096
2024-05-24 11:31:22,0.060712
2024-05-24 11:31:23,0.071816
2024-05-24 11:31:24,0.064504
2024-05-24 11:31:25,0.062488
2024-05-24 11:31:26,0.06412
2024-05-24 11:31:27,0.06788
2024-05-24 11:31:28,0.057456
2024-05-24 11:31:29,0.070232
2024-05-24 11:31:30,0.062848
2024-05-24 11:31:31,0.068152
2024-05-24 11:31:32,0.062144
2024-05-24 11:31:33,0.068384
2024-05-24 11:31:34,0.071552
2024-05-24 11:31:35,0.056256
2024-05-24 11:31:36,0.070168
2024-05-24 11:31:37,0.059656
2024-05-24 11:31:38,0.099256
2024-05-24 11:31:39,0.092112
2024-05-24 11:31:40,0.095184
2024-05-24 11:31:41,0.093672
2024-05-24 11:31:42,0.094216
2024-05-24 11:31:43,0.09672
2024-05-24 11:31:44,0.104584
2024-05-24 11:31:45,0.100872
2024-05-24 11:31:46,0.105928
2024-05-24 11:31:47,0.112
2024-05-24 11:31:48,0.117848
2024-05-24 11:31:49,0.10404
2024-05-24 11:31:50,0.131584
2024-05-24 11:31:51,0.121824
2024-05-24 11:31:52,0.11504
2024-05-24 11:31:53,0.133928
2024-05-24 11:31:54,0.098816
2024-05-24 11:31:55,0.100528
2024-05-24 11:31:56,0.12308
2024-05-24 11:31:57,0.09368
2024-05-24 11:31:58,0.143432
2024-05-24 11:31:59,0.123104
2024-05-24 11:32:00,0.098832
2024-05-24 11:32:01,0.120176
2024-05-24 11:32:02,0.136712
2024-05-24 11:32:03,0.120296
2024-05-24 11:32:04,0.146856
2024-05-24 11:32:05,0.119448
2024-05-24 11:32:06,0.110608
2024-05-24 11:32:07,0.12092
2024-05-24 11:32:08,0.148816
2024-05-24 11:32:09,0.1482
2024-05-24 11:32:10,0.129168
2024-05-24 11:32:11,0.12648
2024-05-24 11:32:12,0.17052
2024-05-24 11:32:13,0.125072
2024-05-24 11:32:14,0.152352
2024-05-24 11:32:15,0.14872
2024-05-24 11:32:16,0.143976
2024-05-24 11:32:17,0.14768
2024-05-24 11:32:18,0.164296
2024-05-24 11:32:19,0.185976
2024-05-24 11:32:20,0.145976
2024-05-24 11:32:21,0.124976
2024-05-24 11:32:22,0.152096
2024-05-24 11:32:23,0.130688
2024-05-24 11:32:24,0.169096
2024-05-24 11:32:25,0.154064
2024-05-24 11:32:26,0.131232
2024-05-24 11:32:27,0.17612
2024-05-24 11:32:28,0.119296
2024-05-24 11:32:29,0.134656
2024-05-24 11:32:30,0.11424
2024-05-24 11:32:31,0.104624
2024-05-24 11:32:32,0.18308
2024-05-24 11:32:33,0.132312
2024-05-24 11:32:34,0.106704
2024-05-24 11:32:35,0.11396
2024-05-24 11:32:36,0.135312
2024-05-24 11:32:37,0.157184
2024-05-24 11:32:38,0.13972
2024-05-24 11:32:39,0.121224
2024-05-24 11:32:40,0.143824
2024-05-24 11:32:41,0.129776
2024-05-24 11:32:42,0.121624
2024-05-24 11:32:43,0.136024
2024-05-24 11:32:44,0.15212
2024-05-24 11:32:45,0.173216
2024-05-24 11:32:46,0.134512
2024-05-24 11:32:47,0.145032
2024-05-24 11:32:48,0.157864
2024-05-24 11:32:49,0.120424
2024-05-24 11:32:50,0.137432
2024-05-24 11:32:51,0.11076
2024-05-24 11:32:52,0.153016
2024-05-24 11:32:53,0.195072
2024-05-24 11:32:54,0.150432
2024-05-24 11:32:55,0.138552
2024-05-24 11:32:56,0.160792
2024-05-24 11:32:57,0.141656
2024-05-24 11:32:58,0.129728
2024-05-24 11:32:59,0.115824
2024-05-24 11:33:00,0.119304
2024-05-24 11:33:01,0.123816
2024-05-24 11:33:02,0.142224
2024-05-24 11:33:03,0.122936
2024-05-24 11:33:04,0.137776
2024-05-24 11:33:05,0.12816
2024-05-24 11:33:06,0.128664
2024-05-24 11:33:07,0.125296
2024-05-24 11:33:08,0.11676
2024-05-24 11:33:09,0.136864
2024-05-24 11:33:10,0.194688
2024-05-24 11:33:11,0.125104
2024-05-24 11:33:12,0.12644
2024-05-24 11:33:13,0.14416
2024-05-24 11:33:14,0.174592
2024-05-24 11:33:15,0.139136
2024-05-24 11:33:16,0.157344
2024-05-24 11:33:17,0.157784
2024-05-24 11:33:18,0.199424
2024-05-24 11:33:19,0.191504
2024-05-24 11:33:20,0.194304
2024-05-24 11:33:21,0.193584
2024-05-24 11:33:22,0.140224
2024-05-24 11:33:23,0.16988
2024-05-24 11:33:24,0.179952
2024-05-24 11:33:25,0.191328
2024-05-24 11:33:26,0.125432
2024-05-24 11:33:27,0.18736
2024-05-24 11:33:28,0.183872
2024-05-24 11:33:29,0.195368
2024-05-24 11:33:30,0.142976
2024-05-24 11:33:31,0.169152
2024-05-24 11:33:32,0.147088
2024-05-24 11:33:33,0.124128
2024-05-24 11:33:34,0.117432
2024-05-24 11:33:35,0.148544
2024-05-24 11:33:36,0.132448
2024-05-24 11:33:37,0.134512
2024-05-24 11:33:38,0.141392
2024-05-24 11:33:39,0.141064
2024-05-24 11:33:40,0.11688
2024-05-24 11:33:41,0.120544
2024-05-24 11:33:42,0.12276
2024-05-24 11:33:43,0.13124
2024-05-24 11:33:44,0.142152
2024-05-24 11:33:45,0.139056
2024-05-24 11:33:46,0.132136
2024-05-24 11:33:47,0.21512
2024-05-24 11:33:48,0.149792
2024-05-24 11:33:49,0.132888
2024-05-24 11:33:50,0.167304
2024-05-24 11:33:51,0.15392
2024-05-24 11:33:52,0.14772
2024-05-24 11:33:53,0.174936
2024-05-24 11:33:54,0.183144
2024-05-24 11:33:55,0.175088
2024-05-24 11:33:56,0.135488
2024-05-24 11:33:57,0.171728
2024-05-24 11:33:58,0.184512
2024-05-24 11:33:59,0.17356
2024-05-24 11:34:00,0.164616
2024-05-24 11:34:01,0.205216
2024-05-24 11:34:02,0.12628
2024-05-24 11:34:03,0.171576
2024-05-24 11:34:04,0.135224
2024-05-24 11:34:05,0.10684
2024-05-24 11:34:06,0.106688
2024-05-24 11:34:07,0.151368
2024-05-24 11:34:08,0.129984
2024-05-24 11:34:09,0.128576
2024-05-24 11:34:10,0.20972
2024-05-24 11:34:11,0.141024
2024-05-24 11:34:12,0.15744
2024-05-24 11:34:13,0.131248
2024-05-24 11:34:14,0.149704
2024-05-24 11:34:15,0.158936
2024-05-24 11:34:16,0.164672
2024-05-24 11:34:17,0.18344
2024-05-24 11:34:18,0.155976
2024-05-24 11:34:19,0.18132
2024-05-24 11:34:20,0.13644
2024-05-24 11:34:21,0.148056
2024-05-24 11:34:22,0.13064
2024-05-24 11:34:23,0.196024
2024-05-24 11:34:24,0.150176
2024-05-24 11:34:25,0.132304
2024-05-24 11:34:26,0.131864
2024-05-24 11:34:27,0.132848
2024-05-24 11:34:28,0.118936
2024-05-24 11:34:29,0.12824
2024-05-24 11:34:30,0.114896
2024-05-24 11:34:31,0.112984
2024-05-24 11:34:32,0.110376
2024-05-24 11:34:33,0.114776
2024-05-24 11:34:34,0.146128
2024-05-24 11:34:35,0.14388
2024-05-24 11:34:36,0.136768
2024-05-24 11:34:37,0.1186
2024-05-24 11:34:38,0.161744
2024-05-24 11:34:39,0.134112
2024-05-24 11:34:40,0.125416
2024-05-24 11:34:41,0.153864
2024-05-24 11:34:42,0.1508
2024-05-24 11:34:43,0.141368
2024-05-24 11:34:44,0.148232
2024-05-24 11:34:45,0.152864
2024-05-24 11:34:46,0.145632
2024-05-24 11:34:47,0.147568
2024-05-24 11:34:48,0.2036
2024-05-24 11:34:49,0.150856
2024-05-24 11:34:50,0.157224
2024-05-24 11:34:51,0.129928
2024-05-24 11:34:52,0.144648
2024-05-24 11:34:53,0.127808
2024-05-24 11:34:54,0.131344
2024-05-24 11:34:55,0.12704
2024-05-24 11:34:56,0.161
2024-05-24 11:34:57,0.121792
2024-05-24 11:34:58,0.189224
2024-05-24 11:34:59,0.162104
2024-05-24 11:35:00,0.146176
2024-05-24 11:35:01,0.124832
2024-05-24 11:35:02,0.130272
2024-05-24 11:35:03,0.145136
2024-05-24 11:35:04,0.11108
2024-05-24 11:35:05,0.142096
2024-05-24 11:35:06,0.153168
2024-05-24 11:35:07,0.120064
2024-05-24 11:35:08,0.134512
2024-05-24 11:35:09,0.1312
2024-05-24 11:35:10,0.150216
2024-05-24 11:35:11,0.121592
2024-05-24 11:35:12,0.126944
2024-05-24 11:35:13,0.114424
2024-05-24 11:35:14,0.1258
2024-05-24 11:35:15,0.126352
2024-05-24 11:35:16,0.149568
2024-05-24 11:35:17,0.172776
2024-05-24 11:35:18,0.124984
2024-05-24 11:35:19,0.181584
2024-05-24 11:35:20,0.184728
2024-05-24 11:35:21,0.153216
2024-05-24 11:35:22,0.158808
2024-05-24 11:35:23,0.145128
2024-05-24 11:35:24,0.128864
2024-05-24 11:35:25,0.138288
2024-05-24 11:35:26,0.147816
2024-05-24 11:35:27,0.128744
2024-05-24 11:35:28,0.113216
2024-05-24 11:35:29,0.11852
2024-05-24 11:35:30,0.109704
2024-05-24 11:35:31,0.101744
2024-05-24 11:35:32,0.100312
2024-05-24 11:35:33,0.112168
2024-05-24 11:35:34,0.113512
2024-05-24 11:35:35,0.091512
2024-05-24 11:35:36,0.108376
2024-05-24 11:35:37,0.122864
2024-05-24 11:35:38,0.146504
2024-05-24 11:35:39,0.101016
2024-05-24 11:35:40,0.119704
2024-05-24 11:35:41,0.13504
2024-05-24 11:35:42,0.123192
2024-05-24 11:35:43,0.135088
2024-05-24 11:35:44,0.133776
2024-05-24 11:35:45,0.140336
2024-05-24 11:35:46,0.175344
2024-05-24 11:35:47,0.205576
2024-05-24 11:35:48,0.148944
2024-05-24 11:35:49,0.146032
2024-05-24 11:35:50,0.136624
2024-05-24 11:35:51,0.189288
2024-05-24 11:35:52,0.155624
2024-05-24 11:35:53,0.124792
2024-05-24 11:35:54,0.11592
2024-05-24 11:35:55,0.104688
2024-05-24 11:35:56,0.110672
2024-05-24 11:35:57,0.109864
2024-05-24 11:35:58,0.103064
2024-05-24 11:35:59,0.111704
2024-05-24 11:36:00,0.118264
2024-05-24 11:36:01,0.122736
2024-05-24 11:36:02,0.128176
2024-05-24 11:36:03,0.119456
2024-05-24 11:36:04,0.113896
2024-05-24 11:36:05,0.158144
2024-05-24 11:36:06,0.114232
2024-05-24 11:36:07,0.193304
2024-05-24 11:36:08,0.144352
2024-05-24 11:36:09,0.135192
2024-05-24 11:36:10,0.185824
2024-05-24 11:36:11,0.16804
2024-05-24 11:36:12,0.130368
2024-05-24 11:36:13,0.19792
2024-05-24 11:36:14,0.159392
2024-05-24 11:36:15,0.246552
2024-05-24 11:36:16,0.155816
2024-05-24 11:36:17,0.154872
2024-05-24 11:36:18,0.211184
2024-05-24 11:36:19,0.181024
2024-05-24 11:36:20,0.153192
2024-05-24 11:36:21,0.14784
2024-05-24 11:36:22,0.1556
2024-05-24 11:36:23,0.145848
2024-05-24 11:36:24,0.190104
2024-05-24 11:36:25,0.163152
2024-05-24 11:36:26,0.16144
2024-05-24 11:36:27,0.20928
2024-05-24 11:36:28,0.139648
2024-05-24 11:36:29,0.135512
2024-05-24 11:36:30,0.160968
2024-05-24 11:36:31,0.132016
2024-05-24 11:36:32,0.112896
2024-05-24 11:36:33,0.16444
2024-05-24 11:36:34,0.149368
2024-05-24 11:36:35,0.144264
2024-05-24 11:36:36,0.10832
2024-05-24 11:36:37,0.173896
2024-05-24 11:36:38,0.178464
2024-05-24 11:36:39,0.138752
2024-05-24 11:36:40,0.116864
2024-05-24 11:36:41,0.134784
2024-05-24 11:36:42,0.141592
2024-05-24 11:36:43,0.149
2024-05-24 11:36:44,0.143504
2024-05-24 11:36:45,0.164552
2024-05-24 11:36:46,0.161008
2024-05-24 11:36:47,0.138256
2024-05-24 11:36:48,0.12932
2024-05-24 11:36:49,0.151776
2024-05-24 11:36:50,0.126424
2024-05-24 11:36:51,0.099864
2024-05-24 11:36:52,0.113576
2024-05-24 11:36:53,0.12468
2024-05-24 11:36:54,0.110952
2024-05-24 11:36:55,0.1196
2024-05-24 11:36:56,0.123688
2024-05-24 11:36:57,0.110928
2024-05-24 11:36:58,0.13396
2024-05-24 11:36:59,0.107168
2024-05-24 11:37:00,0.134184
2024-05-24 11:37:01,0.116888
2024-05-24 11:37:02,0.138032
2024-05-24 11:37:03,0.110952
2024-05-24 11:37:04,0.097576
2024-05-24 11:37:05,0.12928
2024-05-24 11:37:06,0.11212
2024-05-24 11:37:07,0.13212
2024-05-24 11:37:08,0.13656
2024-05-24 11:37:09,0.135216
2024-05-24 11:37:10,0.163376
2024-05-24 11:37:11,0.19184
2024-05-24 11:37:12,0.171104
2024-05-24 11:37:13,0.152144
2024-05-24 11:37:14,0.16716
2024-05-24 11:37:15,0.150128
2024-05-24 11:37:16,0.16604
2024-05-24 11:37:17,0.150744
2024-05-24 11:37:18,0.180432
2024-05-24 11:37:19,0.15548
2024-05-24 11:37:20,0.190576
2024-05-24 11:37:21,0.17052
2024-05-24 11:37:22,0.154064
2024-05-24 11:37:23,0.16044
2024-05-24 11:37:24,0.158832
2024-05-24 11:37:25,0.144112
2024-05-24 11:37:26,0.154304
2024-05-24 11:37:27,0.134136
2024-05-24 11:37:28,0.129912
2024-05-24 11:37:29,0.135256
2024-05-24 11:37:30,0.115928
2024-05-24 11:37:31,0.13596
2024-05-24 11:37:32,0.17812
2024-05-24 11:37:33,0.12832
2024-05-24 11:37:34,0.129368
2024-05-24 11:37:35,0.163736
2024-05-24 11:37:36,0.14552
2024-05-24 11:37:37,0.128544
2024-05-24 11:37:38,0.110136
2024-05-24 11:37:39,0.116864
2024-05-24 11:37:40,0.10828
2024-05-24 11:37:41,0.13564
2024-05-24 11:37:42,0.145232
2024-05-24 11:37:43,0.159168
2024-05-24 11:37:44,0.124152
2024-05-24 11:37:45,0.148368
2024-05-24 11:37:46,0.15832
2024-05-24 11:37:47,0.175256
2024-05-24 11:37:48,0.160064
2024-05-24 11:37:49,0.153272
2024-05-24 11:37:50,0.201112
2024-05-24 11:37:51,0.152136
2024-05-24 11:37:52,0.173816
2024-05-24 11:37:53,0.180248
2024-05-24 11:37:54,0.113032
2024-05-24 11:37:55,0.139736
2024-05-24 11:37:56,0.145648
2024-05-24 11:37:57,0.182344
2024-05-24 11:37:58,0.216224
2024-05-24 11:37:59,0.157008
2024-05-24 11:38:00,0.154144
2024-05-24 11:38:01,0.141944
2024-05-24 11:38:02,0.19564
2024-05-24 11:38:03,0.167936
2024-05-24 11:38:04,0.149264
2024-05-24 11:38:05,0.126888
2024-05-24 11:38:06,0.122424
2024-05-24 11:38:07,0.1196
2024-05-24 11:38:08,0.125016
2024-05-24 11:38:09,0.160056
2024-05-24 11:38:10,0.146088
2024-05-24 11:38:11,0.106104
2024-05-24 11:38:12,0.135096
2024-05-24 11:38:13,0.158504
2024-05-24 11:38:14,0.161968
2024-05-24 11:38:15,0.176928
2024-05-24 11:38:16,0.144096
2024-05-24 11:38:17,0.120336
2024-05-24 11:38:18,0.115072
2024-05-24 11:38:19,0.120984
2024-05-24 11:38:20,0.09136
2024-05-24 11:38:21,0.095792
2024-05-24 11:38:22,0.098008
2024-05-24 11:38:23,0.084608
2024-05-24 11:38:24,0.29616
2024-05-24 11:38:25,0.227656
2024-05-24 11:38:26,0.130496
2024-05-24 11:38:27,0.159584
2024-05-24 11:38:28,0.128344
2024-05-24 11:38:29,0.117648
2024-05-24 11:38:30,0.150312
2024-05-24 11:38:31,0.146648
2024-05-24 11:38:32,0.136376
2024-05-24 11:38:33,0.146048
2024-05-24 11:38:34,0.1406
2024-05-24 11:38:35,0.122024
2024-05-24 11:38:36,0.132696
2024-05-24 11:38:37,0.119696
2024-05-24 11:38:38,0.108168
2024-05-24 11:38:39,0.122728
2024-05-24 11:38:40,0.143544
2024-05-24 11:38:41,0.114736
2024-05-24 11:38:42,0.140184
2024-05-24 11:38:43,0.12548
2024-05-24 11:38:44,0.129176
2024-05-24 11:38:45,0.152488
2024-05-24 11:38:46,0.141152
2024-05-24 11:38:47,0.132464
2024-05-24 11:38:48,0.126768
2024-05-24 11:38:49,0.146344
2024-05-24 11:38:50,0.128216
2024-05-24 11:38:51,0.150456
2024-05-24 11:38:52,0.1574
2024-05-24 11:38:53,0.13516
2024-05-24 11:38:54,0.13008
2024-05-24 11:38:55,0.114816
2024-05-24 11:38:56,0.115496
2024-05-24 11:38:57,0.12808
2024-05-24 11:38:58,0.133224
2024-05-24 11:38:59,0.15768
2024-05-24 11:39:00,0.11772
2024-05-24 11:39:01,0.116512
2024-05-24 11:39:02,0.138496
2024-05-24 11:39:03,0.134528
2024-05-24 11:39:04,0.116496
2024-05-24 11:39:05,0.161752
2024-05-24 11:39:06,0.149016
2024-05-24 11:39:07,0.144992
2024-05-24 11:39:08,0.189416
2024-05-24 11:39:09,0.155464
2024-05-24 11:39:10,0.195312
2024-05-24 11:39:11,0.167592
2024-05-24 11:39:12,0.180528
2024-05-24 11:39:13,0.156304
2024-05-24 11:39:14,0.177096
2024-05-24 11:39:15,0.169232
2024-05-24 11:39:16,0.190448
2024-05-24 11:39:17,0.219936
2024-05-24 11:39:18,0.141072
2024-05-24 11:39:19,0.177808
2024-05-24 11:39:20,0.214496
2024-05-24 11:39:21,0.120992
2024-05-24 11:39:22,0.137952
2024-05-24 11:39:23,0.194312
2024-05-24 11:39:24,0.170656
2024-05-24 11:39:25,0.173
2024-05-24 11:39:26,0.153304
2024-05-24 11:39:27,0.121352
2024-05-24 11:39:28,0.137392
2024-05-24 11:39:29,0.131896
2024-05-24 11:39:30,0.13128
2024-05-24 11:39:31,0.109248
2024-05-24 11:39:32,0.12936
2024-05-24 11:39:33,0.12216
2024-05-24 11:39:34,0.107792
2024-05-24 11:39:35,0.122352
2024-05-24 11:39:36,0.135256
2024-05-24 11:39:37,0.116704
2024-05-24 11:39:38,0.1208
2024-05-24 11:39:39,0.12708
2024-05-24 11:39:40,0.12224
2024-05-24 11:39:41,0.122632
2024-05-24 11:39:42,0.149208
2024-05-24 11:39:43,0.136824
2024-05-24 11:39:44,0.191312
2024-05-24 11:39:45,0.134376
2024-05-24 11:39:46,0.164056
2024-05-24 11:39:47,0.150736
2024-05-24 11:39:48,0.125184
2024-05-24 11:39:49,0.150816
2024-05-24 11:39:50,0.170528
2024-05-24 11:39:51,0.131952
2024-05-24 11:39:52,0.200352
2024-05-24 11:39:53,0.20668
2024-05-24 11:39:54,0.135776
2024-05-24 11:39:55,0.097384
2024-05-24 11:39:56,0.128464
2024-05-24 11:39:57,0.12524
2024-05-24 11:39:58,0.129312
2024-05-24 11:39:59,0.109032
2024-05-24 11:40:00,0.103168
2024-05-24 11:40:01,0.086608
2024-05-24 11:40:02,0.10272
2024-05-24 11:40:03,0.113344
2024-05-24 11:40:04,0.100176
2024-05-24 11:40:05,0.104512
2024-05-24 11:40:06,0.114328
2024-05-24 11:40:07,0.107448
2024-05-24 11:40:08,0.12604
2024-05-24 11:40:09,0.112904
2024-05-24 11:40:10,0.132112
2024-05-24 11:40:11,0.112
2024-05-24 11:40:12,0.11692
2024-05-24 11:40:13,0.109976
2024-05-24 11:40:14,0.121296
2024-05-24 11:40:15,0.134616
2024-05-24 11:40:16,0.136384
2024-05-24 11:40:17,0.132752
2024-05-24 11:40:18,0.131328
2024-05-24 11:40:19,0.136688
2024-05-24 11:40:20,0.116424
2024-05-24 11:40:21,0.126672
2024-05-24 11:40:22,0.12972
2024-05-24 11:40:23,0.130744
2024-05-24 11:40:24,0.110336
2024-05-24 11:40:25,0.122688
2024-05-24 11:40:26,0.14016
2024-05-24 11:40:27,0.11416
2024-05-24 11:40:28,0.130352
2024-05-24 11:40:29,0.107512
2024-05-24 11:40:30,0.104976
2024-05-24 11:40:31,0.116504
2024-05-24 11:40:32,0.113824
2024-05-24 11:40:33,0.129376
2024-05-24 11:40:34,0.14068
2024-05-24 11:40:35,0.116984
2024-05-24 11:40:36,0.108472
2024-05-24 11:40:37,0.12668
2024-05-24 11:40:38,0.130264
2024-05-24 11:40:39,0.122056
2024-05-24 11:40:40,0.140264
2024-05-24 11:40:41,0.14496
2024-05-24 11:40:42,0.145448
2024-05-24 11:40:43,0.16604
2024-05-24 11:40:44,0.170224
2024-05-24 11:40:45,0.165112
2024-05-24 11:40:46,0.169456
2024-05-24 11:40:47,0.19728
2024-05-24 11:40:48,0.18168
2024-05-24 11:40:49,0.154464
2024-05-24 11:40:50,0.226856
2024-05-24 11:40:51,0.156808
2024-05-24 11:40:52,0.192288
2024-05-24 11:40:53,0.21804
2024-05-24 11:40:54,0.158664
2024-05-24 11:40:55,0.183008
2024-05-24 11:40:56,0.183016
2024-05-24 11:40:57,0.156768
2024-05-24 11:40:58,0.152608
2024-05-24 11:40:59,0.109872
2024-05-24 11:41:00,0.165472
2024-05-24 11:41:01,0.157152
2024-05-24 11:41:02,0.137808
2024-05-24 11:41:03,0.090968
2024-05-24 11:41:04,0.103528
2024-05-24 11:41:05,0.126736
2024-05-24 11:41:06,0.138808
2024-05-24 11:41:07,0.102192
2024-05-24 11:41:08,0.13932
2024-05-24 11:41:09,0.138208
2024-05-24 11:41:10,0.16848
2024-05-24 11:41:11,0.132024
2024-05-24 11:41:12,0.134088
2024-05-24 11:41:13,0.147672
2024-05-24 11:41:14,0.144112
2024-05-24 11:41:15,0.139016
2024-05-24 11:41:16,0.148312
2024-05-24 11:41:17,0.151488
2024-05-24 11:41:18,0.161448
2024-05-24 11:41:19,0.217824
2024-05-24 11:41:20,0.151984
2024-05-24 11:41:21,0.206096
2024-05-24 11:41:22,0.123024
2024-05-24 11:41:23,0.14088
2024-05-24 11:41:24,0.11204
2024-05-24 11:41:25,0.126528
2024-05-24 11:41:26,0.11152
2024-05-24 11:41:27,0.10608
2024-05-24 11:41:28,0.125
2024-05-24 11:41:29,0.108688
2024-05-24 11:41:30,0.095864
2024-05-24 11:41:31,0.110576
2024-05-24 11:41:32,0.123768
2024-05-24 11:41:33,0.147168
2024-05-24 11:41:34,0.15456
2024-05-24 11:41:35,0.14884
2024-05-24 11:41:36,0.16456
2024-05-24 11:41:37,0.204224
2024-05-24 11:41:38,0.15992
2024-05-24 11:41:39,0.120888
2024-05-24 11:41:40,0.127312
2024-05-24 11:41:41,0.129208
2024-05-24 11:41:42,0.123952
2024-05-24 11:41:43,0.200272
2024-05-24 11:41:44,0.163824
2024-05-24 11:41:45,0.2182
2024-05-24 11:41:46,0.378192
2024-05-24 11:41:47,0.269408
2024-05-24 11:41:48,0.176384
2024-05-24 11:41:49,0.162544
2024-05-24 11:41:50,0.166168
2024-05-24 11:41:51,0.14784
2024-05-24 11:41:52,0.153816
2024-05-24 11:41:53,0.133016
2024-05-24 11:41:54,0.157128
2024-05-24 11:41:55,0.16956
2024-05-24 11:41:56,0.111048
2024-05-24 11:41:57,0.11868
2024-05-24 11:41:58,0.121504
2024-05-24 11:41:59,0.116968
2024-05-24 11:42:00,0.100576
2024-05-24 11:42:01,0.155048
2024-05-24 11:42:02,0.131472
2024-05-24 11:42:03,0.12704
2024-05-24 11:42:04,0.133104
2024-05-24 11:42:05,0.137016
2024-05-24 11:42:06,0.185896
2024-05-24 11:42:07,0.265512
2024-05-24 11:42:08,0.120776
2024-05-24 11:42:09,0.117008
2024-05-24 11:42:10,0.179328
2024-05-24 11:42:11,0.140104
2024-05-24 11:42:12,0.113776
2024-05-24 11:42:13,0.112712
2024-05-24 11:42:14,0.10504
2024-05-24 11:42:15,0.138696
2024-05-24 11:42:16,0.146832
2024-05-24 11:42:17,0.136592
2024-05-24 11:42:18,0.130456
2024-05-24 11:42:19,0.182344
2024-05-24 11:42:20,0.157304
2024-05-24 11:42:21,0.138768
2024-05-24 11:42:22,0.127344
2024-05-24 11:42:23,0.129216
2024-05-24 11:42:24,0.110248
2024-05-24 11:42:25,0.089744
2024-05-24 11:42:26,0.100352
2024-05-24 11:42:27,0.098248
2024-05-24 11:42:28,0.102944
2024-05-24 11:42:29,0.09288
2024-05-24 11:42:30,0.096408
2024-05-24 11:42:31,0.099144
2024-05-24 11:42:32,0.095368
2024-05-24 11:42:33,0.10992
2024-05-24 11:42:34,0.109296
2024-05-24 11:42:35,0.097632
2024-05-24 11:42:36,0.118
2024-05-24 11:42:37,0.11116
2024-05-24 11:42:38,0.130392
2024-05-24 11:42:39,0.134472
2024-05-24 11:42:40,0.147248
2024-05-24 11:42:41,0.167024
2024-05-24 11:42:42,0.154256
2024-05-24 11:42:43,0.170448
2024-05-24 11:42:44,0.125112
2024-05-24 11:42:45,0.235368
2024-05-24 11:42:46,0.12136
2024-05-24 11:42:47,0.08448
2024-05-24 11:42:48,0.071504
2024-05-24 11:42:49,0.090336
2024-05-24 11:42:50,0.085496
2024-05-24 11:42:51,0.068344
2024-05-24 11:42:52,0.192576
2024-05-24 11:42:53,0.099416
2024-05-24 11:42:54,0.097104
2024-05-24 11:42:55,0.081776
2024-05-24 11:42:56,0.103688
2024-05-24 11:42:57,0.083208
2024-05-24 11:42:58,0.111376
2024-05-24 11:42:59,0.100016
2024-05-24 11:43:00,0.0882
2024-05-24 11:43:01,0.099888
2024-05-24 11:43:02,0.111928
2024-05-24 11:43:03,0.128616
2024-05-24 11:43:04,0.157928
2024-05-24 11:43:05,0.115488
2024-05-24 11:43:06,0.1306
2024-05-24 11:43:07,0.085776
2024-05-24 11:43:08,0.13704
2024-05-24 11:43:09,0.11688
2024-05-24 11:43:10,0.155352
2024-05-24 11:43:11,0.163288
2024-05-24 11:43:12,0.126488
2024-05-24 11:43:13,0.185024
2024-05-24 11:43:14,0.16228
2024-05-24 11:43:15,0.153408
2024-05-24 11:43:16,0.188352
2024-05-24 11:43:17,0.14944
2024-05-24 11:43:18,0.133752
2024-05-24 11:43:19,0.173856
2024-05-24 11:43:20,0.135368
2024-05-24 11:43:21,0.15408
2024-05-24 11:43:22,0.135368
2024-05-24 11:43:23,0.129168
2024-05-24 11:43:24,0.116616
2024-05-24 11:43:25,0.150608
2024-05-24 11:43:26,0.108472
2024-05-24 11:43:27,0.146672
2024-05-24 11:43:28,0.153744
2024-05-24 11:43:29,0.195328
2024-05-24 11:43:30,0.18288
2024-05-24 11:43:31,0.239336
2024-05-24 11:43:32,0.161984
2024-05-24 11:43:33,0.206368
2024-05-24 11:43:34,0.22208
2024-05-24 11:43:35,0.211248
2024-05-24 11:43:36,0.18248
2024-05-24 11:43:37,0.198048
2024-05-24 11:43:38,0.118896
2024-05-24 11:43:39,0.131
2024-05-24 11:43:40,0.130608
2024-05-24 11:43:41,0.119464
2024-05-24 11:43:42,0.122168
2024-05-24 11:43:43,0.117056
2024-05-24 11:43:44,0.143816
2024-05-24 11:43:45,0.141544
2024-05-24 11:43:46,0.154224
2024-05-24 11:43:47,0.168144
2024-05-24 11:43:48,0.11748
2024-05-24 11:43:49,0.170712
2024-05-24 11:43:50,0.221728
2024-05-24 11:43:51,0.199248
2024-05-24 11:43:52,0.165544
2024-05-24 11:43:53,0.154872
2024-05-24 11:43:54,0.147408
2024-05-24 11:43:55,0.136112
2024-05-24 11:43:56,0.1478
2024-05-24 11:43:57,0.135144
2024-05-24 11:43:58,0.14856
2024-05-24 11:43:59,0.128432
2024-05-24 11:44:00,0.141072
2024-05-24 11:44:01,0.140424
2024-05-24 11:44:02,0.138104
2024-05-24 11:44:03,0.199504
2024-05-24 11:44:04,0.147752
2024-05-24 11:44:05,0.153376
2024-05-24 11:44:06,0.113
2024-05-24 11:44:07,0.128328
2024-05-24 11:44:08,0.121904
2024-05-24 11:44:09,0.107792
2024-05-24 11:44:10,0.158248
2024-05-24 11:44:11,0.125376
2024-05-24 11:44:12,0.127888
2024-05-24 11:44:13,0.105632
2024-05-24 11:44:14,0.085344
2024-05-24 11:44:15,0.093392
2024-05-24 11:44:16,0.098328
2024-05-24 11:44:17,0.111248
2024-05-24 11:44:18,0.094488
2024-05-24 11:44:19,0.109256
2024-05-24 11:44:20,0.121208
2024-05-24 11:44:21,0.09044
2024-05-24 11:44:22,0.102048
2024-05-24 11:44:23,0.10124
2024-05-24 11:44:24,0.093984
2024-05-24 11:44:25,0.11956
2024-05-24 11:44:26,0.102728
2024-05-24 11:44:27,0.104488
2024-05-24 11:44:28,0.1082
2024-05-24 11:44:29,0.118456
2024-05-24 11:44:30,0.128416
2024-05-24 11:44:31,0.11652
2024-05-24 11:44:32,0.14192
2024-05-24 11:44:33,0.1262
2024-05-24 11:44:34,0.109448
2024-05-24 11:44:35,0.130208
2024-05-24 11:44:36,0.107008
2024-05-24 11:44:37,0.087776
2024-05-24 11:44:38,0.12128
2024-05-24 11:44:39,0.132168
2024-05-24 11:44:40,0.124696
2024-05-24 11:44:41,0.111936
2024-05-24 11:44:42,0.084416
2024-05-24 11:44:43,0.08288
2024-05-24 11:44:44,0.083464
2024-05-24 11:44:45,0.109048
2024-05-24 11:44:46,0.111992
2024-05-24 11:44:47,0.136448
2024-05-24 11:44:48,0.161136
2024-05-24 11:44:49,0.138712
2024-05-24 11:44:50,0.173856
2024-05-24 11:44:51,0.108072
2024-05-24 11:44:52,0.107656
2024-05-24 11:44:53,0.119184
2024-05-24 11:44:54,0.173312
2024-05-24 11:44:55,0.119536
2024-05-24 11:44:56,0.113784
2024-05-24 11:44:57,0.122064
2024-05-24 11:44:58,0.144184
2024-05-24 11:44:59,0.13256
2024-05-24 11:45:00,0.153672
2024-05-24 11:45:01,0.13036
2024-05-24 11:45:02,0.161088
2024-05-24 11:45:03,0.16744
2024-05-24 11:45:04,0.142496
2024-05-24 11:45:05,0.14336
2024-05-24 11:45:06,0.172296
2024-05-24 11:45:07,0.174152
2024-05-24 11:45:08,0.210328
2024-05-24 11:45:09,0.135088
2024-05-24 11:45:10,0.16852
2024-05-24 11:45:11,0.086408
2024-05-24 11:45:12,0.07244
2024-05-24 11:45:13,0.062928
2024-05-24 11:45:14,0.063648
2024-05-24 11:45:15,0.27776
2024-05-24 11:45:16,0.179328
2024-05-24 11:45:17,0.188808
2024-05-24 11:45:18,0.15352
2024-05-24 11:45:19,0.176936
2024-05-24 11:45:20,0.231616
2024-05-24 11:45:21,0.156568
2024-05-24 11:45:22,0.146008
2024-05-24 11:45:23,0.12428
2024-05-24 11:45:24,0.13744
2024-05-24 11:45:25,0.091384
2024-05-24 11:45:26,0.097112
2024-05-24 11:45:27,0.080288
2024-05-24 11:45:28,0.084456
2024-05-24 11:45:29,0.10688
2024-05-24 11:45:30,0.103544
2024-05-24 11:45:31,0.105064
2024-05-24 11:45:32,0.114016
2024-05-24 11:45:33,0.128136
2024-05-24 11:45:34,0.052512
2024-05-24 11:45:35,0.046872
2024-05-24 11:45:36,0.037776
2024-05-24 11:45:37,0.0366
2024-05-24 11:45:38,0.010544
2024-05-24 11:45:39,0.00632
