time,mbps
2024-06-27 11:39:15,0.033664
2024-06-27 11:39:16,0.03132
2024-06-27 11:39:17,0.0394
2024-06-27 11:39:18,0.035376
2024-06-27 11:39:19,0.054296
2024-06-27 11:39:20,0.041328
2024-06-27 11:39:21,0.062136
2024-06-27 11:39:22,0.032904
2024-06-27 11:39:23,0.038936
2024-06-27 11:39:24,0.051456
2024-06-27 11:39:25,0.045528
2024-06-27 11:39:26,0.049528
2024-06-27 11:39:27,0.036872
2024-06-27 11:39:28,0.034592
2024-06-27 11:39:29,0.027872
2024-06-27 11:39:30,0.025776
2024-06-27 11:39:31,0.028872
2024-06-27 11:39:32,0.02668
2024-06-27 11:39:33,0.026952
2024-06-27 11:39:34,0.02868
2024-06-27 11:39:35,0.023872
2024-06-27 11:39:36,0.021776
2024-06-27 11:39:37,0.025
2024-06-27 11:39:38,0.023776
2024-06-27 11:39:39,0.031992
2024-06-27 11:39:40,0.022488
2024-06-27 11:39:41,0.021488
2024-06-27 11:39:42,0.023584
2024-06-27 11:39:43,0.023488
2024-06-27 11:39:44,0.025392
2024-06-27 11:39:45,0.02868
2024-06-27 11:39:46,0.028408
2024-06-27 11:39:47,0.026776
2024-06-27 11:39:48,0.026872
2024-06-27 11:39:49,0.026776
2024-06-27 11:39:50,0.026776
2024-06-27 11:39:51,0.027872
2024-06-27 11:39:52,0.030776
2024-06-27 11:39:53,0.027776
2024-06-27 11:39:54,0.028176
2024-06-27 11:39:55,0.029872
2024-06-27 11:39:56,0.02868
2024-06-27 11:39:57,0.025872
2024-06-27 11:39:58,0.022776
2024-06-27 11:39:59,0.027872
2024-06-27 11:40:00,0.028776
2024-06-27 11:40:01,0.027776
2024-06-27 11:40:02,0.024776
2024-06-27 11:40:03,0.028952
2024-06-27 11:40:04,0.02368
2024-06-27 11:40:05,0.026872
2024-06-27 11:40:06,0.025776
2024-06-27 11:40:07,0.025872
2024-06-27 11:40:08,0.0316
2024-06-27 11:40:09,0.022584
2024-06-27 11:40:10,0.021488
2024-06-27 11:40:11,0.022552
2024-06-27 11:40:12,0.0202
2024-06-27 11:40:13,0.026776
2024-06-27 11:40:14,0.023392
2024-06-27 11:40:15,0.025392
2024-06-27 11:40:16,0.024584
2024-06-27 11:40:17,0.2254
2024-06-27 11:40:18,0.047456
2024-06-27 11:40:19,0.046896
2024-06-27 11:40:20,0.035824
2024-06-27 11:40:21,0.049016
2024-06-27 11:40:22,0.069736
2024-06-27 11:40:23,0.046592
2024-06-27 11:40:24,0.043776
2024-06-27 11:40:25,0.04628
2024-06-27 11:40:26,0.05452
2024-06-27 11:40:27,0.071808
2024-06-27 11:40:28,0.054944
2024-06-27 11:40:29,0.027472
2024-06-27 11:40:30,0.050432
2024-06-27 11:40:31,0.041656
2024-06-27 11:40:32,0.048248
2024-06-27 11:40:33,0.047512
2024-06-27 11:40:34,0.035
2024-06-27 11:40:35,0.046032
2024-06-27 11:40:36,0.052224
2024-06-27 11:40:37,0.058024
2024-06-27 11:40:38,0.049008
2024-06-27 11:40:39,0.048464
2024-06-27 11:40:40,0.04104
2024-06-27 11:40:41,0.036872
2024-06-27 11:40:42,0.05916
2024-06-27 11:40:43,0.036888
2024-06-27 11:40:44,0.04604
2024-06-27 11:40:45,0.050416
2024-06-27 11:40:46,0.056056
2024-06-27 11:40:47,0.078416
2024-06-27 11:40:48,0.070344
2024-06-27 11:40:49,0.049176
2024-06-27 11:40:50,0.062728
2024-06-27 11:40:51,0.053216
2024-06-27 11:40:52,0.066016
2024-06-27 11:40:53,0.057968
2024-06-27 11:40:54,0.064696
2024-06-27 11:40:55,0.092824
2024-06-27 11:40:56,0.074544
2024-06-27 11:40:57,0.068032
2024-06-27 11:40:58,0.062656
2024-06-27 11:40:59,0.053704
2024-06-27 11:41:00,0.060576
2024-06-27 11:41:01,0.054176
2024-06-27 11:41:02,0.047088
2024-06-27 11:41:03,0.039984
2024-06-27 11:41:04,0.036184
2024-06-27 11:41:05,0.060808
2024-06-27 11:41:06,0.034456
2024-06-27 11:41:07,0.033504
2024-06-27 11:41:08,0.03624
2024-06-27 11:41:09,0.043008
2024-06-27 11:41:10,0.036304
2024-06-27 11:41:11,0.05908
2024-06-27 11:41:12,0.0606
2024-06-27 11:41:13,0.106456
2024-06-27 11:41:14,0.113
2024-06-27 11:41:15,0.082928
2024-06-27 11:41:16,0.09928
2024-06-27 11:41:17,0.124768
2024-06-27 11:41:18,0.095448
2024-06-27 11:41:19,0.105656
2024-06-27 11:41:20,0.086128
2024-06-27 11:41:21,0.094976
2024-06-27 11:41:22,0.08024
2024-06-27 11:41:23,0.093928
2024-06-27 11:41:24,0.073824
2024-06-27 11:41:25,0.070584
2024-06-27 11:41:26,0.063672
2024-06-27 11:41:27,0.064712
2024-06-27 11:41:28,0.071672
2024-06-27 11:41:29,0.063744
2024-06-27 11:41:30,0.073232
2024-06-27 11:41:31,0.046392
2024-06-27 11:41:32,0.057856
2024-06-27 11:41:33,0.060552
2024-06-27 11:41:34,0.07176
2024-06-27 11:41:35,0.07092
2024-06-27 11:41:36,0.063632
2024-06-27 11:41:37,0.078928
2024-06-27 11:41:38,0.076872
2024-06-27 11:41:39,0.064528
2024-06-27 11:41:40,0.064656
2024-06-27 11:41:41,0.044904
2024-06-27 11:41:42,0.045784
2024-06-27 11:41:43,0.059696
2024-06-27 11:41:44,0.058112
2024-06-27 11:41:45,0.05928
2024-06-27 11:41:46,0.093872
2024-06-27 11:41:47,0.08864
2024-06-27 11:41:48,0.097952
2024-06-27 11:41:49,0.08708
2024-06-27 11:41:50,0.093176
2024-06-27 11:41:51,0.104936
2024-06-27 11:41:52,0.092688
2024-06-27 11:41:53,0.115008
2024-06-27 11:41:54,0.08992
2024-06-27 11:41:55,0.109424
2024-06-27 11:41:56,0.128
2024-06-27 11:41:57,0.1156
2024-06-27 11:41:58,0.108792
2024-06-27 11:41:59,0.12584
2024-06-27 11:42:00,0.108312
2024-06-27 11:42:01,0.131336
2024-06-27 11:42:02,0.119696
2024-06-27 11:42:03,0.113632
2024-06-27 11:42:04,0.117768
2024-06-27 11:42:05,0.127152
2024-06-27 11:42:06,0.112976
2024-06-27 11:42:07,0.107872
2024-06-27 11:42:08,0.116368
2024-06-27 11:42:09,0.1132
2024-06-27 11:42:10,0.112672
2024-06-27 11:42:11,0.107536
2024-06-27 11:42:12,0.116
2024-06-27 11:42:13,0.11056
2024-06-27 11:42:14,0.152912
2024-06-27 11:42:15,0.134704
2024-06-27 11:42:16,0.143792
2024-06-27 11:42:17,0.17336
2024-06-27 11:42:18,0.13244
2024-06-27 11:42:19,0.148992
2024-06-27 11:42:20,0.153016
2024-06-27 11:42:21,0.159848
2024-06-27 11:42:22,0.156496
2024-06-27 11:42:23,0.146384
2024-06-27 11:42:24,0.14132
2024-06-27 11:42:25,0.153984
2024-06-27 11:42:26,0.150832
2024-06-27 11:42:27,0.173056
2024-06-27 11:42:28,0.16412
2024-06-27 11:42:29,0.139792
2024-06-27 11:42:30,0.131208
2024-06-27 11:42:31,0.165208
2024-06-27 11:42:32,0.110424
2024-06-27 11:42:33,0.13592
2024-06-27 11:42:34,0.12176
2024-06-27 11:42:35,0.145912
2024-06-27 11:42:36,0.166592
2024-06-27 11:42:37,0.16
2024-06-27 11:42:38,0.155024
2024-06-27 11:42:39,0.144384
2024-06-27 11:42:40,0.137888
2024-06-27 11:42:41,0.156224
2024-06-27 11:42:42,0.130072
2024-06-27 11:42:43,0.133536
2024-06-27 11:42:44,0.13188
2024-06-27 11:42:45,0.137984
2024-06-27 11:42:46,0.129424
2024-06-27 11:42:47,0.156672
2024-06-27 11:42:48,0.1486
2024-06-27 11:42:49,0.161128
2024-06-27 11:42:50,0.168976
2024-06-27 11:42:51,0.156208
2024-06-27 11:42:52,0.169144
2024-06-27 11:42:53,0.16228
2024-06-27 11:42:54,0.146304
2024-06-27 11:42:55,0.177048
2024-06-27 11:42:56,0.140512
2024-06-27 11:42:57,0.180808
2024-06-27 11:42:58,0.153464
2024-06-27 11:42:59,0.1592
2024-06-27 11:43:00,0.129264
2024-06-27 11:43:01,0.1584
2024-06-27 11:43:02,0.148472
2024-06-27 11:43:03,0.174136
2024-06-27 11:43:04,0.152432
2024-06-27 11:43:05,0.134248
2024-06-27 11:43:06,0.131208
2024-06-27 11:43:07,0.126064
2024-06-27 11:43:08,0.140272
2024-06-27 11:43:09,0.137968
2024-06-27 11:43:10,0.166648
2024-06-27 11:43:11,0.132824
2024-06-27 11:43:12,0.123408
2024-06-27 11:43:13,0.121296
2024-06-27 11:43:14,0.105592
2024-06-27 11:43:15,0.12044
2024-06-27 11:43:16,0.126848
2024-06-27 11:43:17,0.178704
2024-06-27 11:43:18,0.179136
2024-06-27 11:43:19,0.189072
2024-06-27 11:43:20,0.157496
2024-06-27 11:43:21,0.153296
2024-06-27 11:43:22,0.152544
2024-06-27 11:43:23,0.150272
2024-06-27 11:43:24,0.154344
2024-06-27 11:43:25,0.163904
2024-06-27 11:43:26,0.146848
2024-06-27 11:43:27,0.144264
2024-06-27 11:43:28,0.129456
2024-06-27 11:43:29,0.153224
2024-06-27 11:43:30,0.155368
2024-06-27 11:43:31,0.139936
2024-06-27 11:43:32,0.137728
2024-06-27 11:43:33,0.137864
2024-06-27 11:43:34,0.134672
2024-06-27 11:43:35,0.145328
2024-06-27 11:43:36,0.12688
2024-06-27 11:43:37,0.146352
2024-06-27 11:43:38,0.130576
2024-06-27 11:43:39,0.10836
2024-06-27 11:43:40,0.13824
2024-06-27 11:43:41,0.144472
2024-06-27 11:43:42,0.137648
2024-06-27 11:43:43,0.132128
2024-06-27 11:43:44,0.132232
2024-06-27 11:43:45,0.181176
2024-06-27 11:43:46,0.147608
2024-06-27 11:43:47,0.157448
2024-06-27 11:43:48,0.148928
2024-06-27 11:43:49,0.151992
2024-06-27 11:43:50,0.151136
2024-06-27 11:43:51,0.157696
2024-06-27 11:43:52,0.135216
2024-06-27 11:43:53,0.152176
2024-06-27 11:43:54,0.163952
2024-06-27 11:43:55,0.155496
2024-06-27 11:43:56,0.131344
2024-06-27 11:43:57,0.136224
2024-06-27 11:43:58,0.123312
2024-06-27 11:43:59,0.128496
2024-06-27 11:44:00,0.13956
2024-06-27 11:44:01,0.129224
2024-06-27 11:44:02,0.173904
2024-06-27 11:44:03,0.125776
2024-06-27 11:44:04,0.110104
2024-06-27 11:44:05,0.152312
2024-06-27 11:44:06,0.144072
2024-06-27 11:44:07,0.152064
2024-06-27 11:44:08,0.113352
2024-06-27 11:44:09,0.13172
2024-06-27 11:44:10,0.117736
2024-06-27 11:44:11,0.107888
2024-06-27 11:44:12,0.13072
2024-06-27 11:44:13,0.118376
2024-06-27 11:44:14,0.100448
2024-06-27 11:44:15,0.112472
2024-06-27 11:44:16,0.106448
2024-06-27 11:44:17,0.158984
2024-06-27 11:44:18,0.126528
2024-06-27 11:44:19,0.134896
2024-06-27 11:44:20,0.154608
2024-06-27 11:44:21,0.133432
2024-06-27 11:44:22,0.138808
2024-06-27 11:44:23,0.150576
2024-06-27 11:44:24,0.151624
2024-06-27 11:44:25,0.13552
2024-06-27 11:44:26,0.142784
2024-06-27 11:44:27,0.119184
2024-06-27 11:44:28,0.147232
2024-06-27 11:44:29,0.169208
2024-06-27 11:44:30,0.127576
2024-06-27 11:44:31,0.129896
2024-06-27 11:44:32,0.128304
2024-06-27 11:44:33,0.14548
2024-06-27 11:44:34,0.12268
2024-06-27 11:44:35,0.14304
2024-06-27 11:44:36,0.1328
2024-06-27 11:44:37,0.130048
2024-06-27 11:44:38,0.11912
2024-06-27 11:44:39,0.12504
2024-06-27 11:44:40,0.118864
2024-06-27 11:44:41,0.12364
2024-06-27 11:44:42,0.109264
2024-06-27 11:44:43,0.13048
2024-06-27 11:44:44,0.13528
2024-06-27 11:44:45,0.126496
2024-06-27 11:44:46,0.116408
2024-06-27 11:44:47,0.125424
2024-06-27 11:44:48,0.131624
2024-06-27 11:44:49,0.146312
2024-06-27 11:44:50,0.161048
2024-06-27 11:44:51,0.187624
2024-06-27 11:44:52,0.161192
2024-06-27 11:44:53,0.15556
2024-06-27 11:44:54,0.14532
2024-06-27 11:44:55,0.186744
2024-06-27 11:44:56,0.192248
2024-06-27 11:44:57,0.146216
2024-06-27 11:44:58,0.140504
2024-06-27 11:44:59,0.151744
2024-06-27 11:45:00,0.145536
2024-06-27 11:45:01,0.148216
2024-06-27 11:45:02,0.147656
2024-06-27 11:45:03,0.1204
2024-06-27 11:45:04,0.111936
2024-06-27 11:45:05,0.133472
2024-06-27 11:45:06,0.114368
2024-06-27 11:45:07,0.13388
2024-06-27 11:45:08,0.11556
2024-06-27 11:45:09,0.126256
2024-06-27 11:45:10,0.106864
2024-06-27 11:45:11,0.1048
2024-06-27 11:45:12,0.12232
2024-06-27 11:45:13,0.118848
2024-06-27 11:45:14,0.109904
2024-06-27 11:45:15,0.131096
2024-06-27 11:45:16,0.133472
2024-06-27 11:45:17,0.17136
2024-06-27 11:45:18,0.130136
2024-06-27 11:45:19,0.144192
2024-06-27 11:45:20,0.132992
2024-06-27 11:45:21,0.144528
2024-06-27 11:45:22,0.143056
2024-06-27 11:45:23,0.153232
2024-06-27 11:45:24,0.174088
2024-06-27 11:45:25,0.152424
2024-06-27 11:45:26,0.142504
2024-06-27 11:45:27,0.15596
2024-06-27 11:45:28,0.143488
2024-06-27 11:45:29,0.13972
2024-06-27 11:45:30,0.16072
2024-06-27 11:45:31,0.132392
2024-06-27 11:45:32,0.124568
2024-06-27 11:45:33,0.152336
2024-06-27 11:45:34,0.14504
2024-06-27 11:45:35,0.146136
2024-06-27 11:45:36,0.15132
2024-06-27 11:45:37,0.146088
2024-06-27 11:45:38,0.13988
2024-06-27 11:45:39,0.142176
2024-06-27 11:45:40,0.139616
2024-06-27 11:45:41,0.146744
2024-06-27 11:45:42,0.14956
2024-06-27 11:45:43,0.118104
2024-06-27 11:45:44,0.143776
2024-06-27 11:45:45,0.156256
2024-06-27 11:45:46,0.135072
2024-06-27 11:45:47,0.149064
2024-06-27 11:45:48,0.145256
2024-06-27 11:45:49,0.161208
2024-06-27 11:45:50,0.138208
2024-06-27 11:45:51,0.15408
2024-06-27 11:45:52,0.150856
2024-06-27 11:45:53,0.145712
2024-06-27 11:45:54,0.152864
2024-06-27 11:45:55,0.143472
2024-06-27 11:45:56,0.146456
2024-06-27 11:45:57,0.138096
2024-06-27 11:45:58,0.127416
2024-06-27 11:45:59,0.149632
2024-06-27 11:46:00,0.136256
2024-06-27 11:46:01,0.162464
2024-06-27 11:46:02,0.163056
2024-06-27 11:46:03,0.177864
2024-06-27 11:46:04,0.137664
2024-06-27 11:46:05,0.15436
2024-06-27 11:46:06,0.13056
2024-06-27 11:46:07,0.141632
2024-06-27 11:46:08,0.119448
2024-06-27 11:46:09,0.10532
2024-06-27 11:46:10,0.153056
2024-06-27 11:46:11,0.137776
2024-06-27 11:46:12,0.114376
2024-06-27 11:46:13,0.111608
2024-06-27 11:46:14,0.10396
2024-06-27 11:46:15,0.108744
2024-06-27 11:46:16,0.098992
2024-06-27 11:46:17,0.164096
2024-06-27 11:46:18,0.123248
2024-06-27 11:46:19,0.1128
2024-06-27 11:46:20,0.106048
2024-06-27 11:46:21,0.139552
2024-06-27 11:46:22,0.113056
2024-06-27 11:46:23,0.12304
2024-06-27 11:46:24,0.135304
2024-06-27 11:46:25,0.164104
2024-06-27 11:46:26,0.17096
2024-06-27 11:46:27,0.150464
2024-06-27 11:46:28,0.12944
2024-06-27 11:46:29,0.119784
2024-06-27 11:46:30,0.145584
2024-06-27 11:46:31,0.110376
2024-06-27 11:46:32,0.126648
2024-06-27 11:46:33,0.148928
2024-06-27 11:46:34,0.137504
2024-06-27 11:46:35,0.12892
2024-06-27 11:46:36,0.144184
2024-06-27 11:46:37,0.136096
2024-06-27 11:46:38,0.12628
2024-06-27 11:46:39,0.145248
2024-06-27 11:46:40,0.137456
2024-06-27 11:46:41,0.124704
2024-06-27 11:46:42,0.154976
2024-06-27 11:46:43,0.148712
2024-06-27 11:46:44,0.14704
2024-06-27 11:46:45,0.156936
2024-06-27 11:46:46,0.154584
2024-06-27 11:46:47,0.201496
2024-06-27 11:46:48,0.190992
2024-06-27 11:46:49,0.171888
2024-06-27 11:46:50,0.149752
2024-06-27 11:46:51,0.179736
2024-06-27 11:46:52,0.18352
2024-06-27 11:46:53,0.176816
2024-06-27 11:46:54,0.175336
2024-06-27 11:46:55,0.164744
2024-06-27 11:46:56,0.147728
2024-06-27 11:46:57,0.134152
2024-06-27 11:46:58,0.12528
2024-06-27 11:46:59,0.121224
2024-06-27 11:47:00,0.110136
2024-06-27 11:47:01,0.09824
2024-06-27 11:47:02,0.095784
2024-06-27 11:47:03,0.097544
2024-06-27 11:47:04,0.076968
2024-06-27 11:47:05,0.093648
2024-06-27 11:47:06,0.080976
2024-06-27 11:47:07,0.090544
2024-06-27 11:47:08,0.079928
2024-06-27 11:47:09,0.115992
2024-06-27 11:47:10,0.102696
2024-06-27 11:47:11,0.114936
2024-06-27 11:47:12,0.112464
2024-06-27 11:47:13,0.124112
2024-06-27 11:47:14,0.115584
2024-06-27 11:47:15,0.115432
2024-06-27 11:47:16,0.124144
2024-06-27 11:47:17,0.160984
2024-06-27 11:47:18,0.143008
2024-06-27 11:47:19,0.138448
2024-06-27 11:47:20,0.156352
2024-06-27 11:47:21,0.146736
2024-06-27 11:47:22,0.175984
2024-06-27 11:47:23,0.133224
2024-06-27 11:47:24,0.15636
2024-06-27 11:47:25,0.144608
2024-06-27 11:47:26,0.129304
2024-06-27 11:47:27,0.129592
2024-06-27 11:47:28,0.146584
2024-06-27 11:47:29,0.118216
2024-06-27 11:47:30,0.160536
2024-06-27 11:47:31,0.127328
2024-06-27 11:47:32,0.144264
2024-06-27 11:47:33,0.142272
2024-06-27 11:47:34,0.142352
2024-06-27 11:47:35,0.128776
2024-06-27 11:47:36,0.130584
2024-06-27 11:47:37,0.162144
2024-06-27 11:47:38,0.147696
2024-06-27 11:47:39,0.18256
2024-06-27 11:47:40,0.135976
2024-06-27 11:47:41,0.12104
2024-06-27 11:47:42,0.134016
2024-06-27 11:47:43,0.122616
2024-06-27 11:47:44,0.15584
2024-06-27 11:47:45,0.138992
2024-06-27 11:47:46,0.127448
2024-06-27 11:47:47,0.141736
2024-06-27 11:47:48,0.141512
2024-06-27 11:47:49,0.129456
2024-06-27 11:47:50,0.20096
2024-06-27 11:47:51,0.173504
2024-06-27 11:47:52,0.161864
2024-06-27 11:47:53,0.149872
2024-06-27 11:47:54,0.1294
2024-06-27 11:47:55,0.159536
2024-06-27 11:47:56,0.152048
2024-06-27 11:47:57,0.151904
2024-06-27 11:47:58,0.148816
2024-06-27 11:47:59,0.129368
2024-06-27 11:48:00,0.14496
2024-06-27 11:48:01,0.142304
2024-06-27 11:48:02,0.131992
2024-06-27 11:48:03,0.133344
2024-06-27 11:48:04,0.12176
2024-06-27 11:48:05,0.133352
2024-06-27 11:48:06,0.138256
2024-06-27 11:48:07,0.152144
2024-06-27 11:48:08,0.154736
2024-06-27 11:48:09,0.14436
2024-06-27 11:48:10,0.129448
2024-06-27 11:48:11,0.155048
2024-06-27 11:48:12,0.163952
2024-06-27 11:48:13,0.169856
2024-06-27 11:48:14,0.14844
2024-06-27 11:48:15,0.122048
2024-06-27 11:48:16,0.134064
2024-06-27 11:48:17,0.186872
2024-06-27 11:48:18,0.106888
2024-06-27 11:48:19,0.12948
2024-06-27 11:48:20,0.15804
2024-06-27 11:48:21,0.2026
2024-06-27 11:48:22,0.160688
2024-06-27 11:48:23,0.16928
2024-06-27 11:48:24,0.164736
2024-06-27 11:48:25,0.203232
2024-06-27 11:48:26,0.186408
2024-06-27 11:48:27,0.2378
2024-06-27 11:48:28,0.210384
2024-06-27 11:48:29,0.162608
2024-06-27 11:48:30,0.200728
2024-06-27 11:48:31,0.176816
2024-06-27 11:48:32,0.196376
2024-06-27 11:48:33,0.202328
2024-06-27 11:48:34,0.168816
2024-06-27 11:48:35,0.171408
2024-06-27 11:48:36,0.149072
2024-06-27 11:48:37,0.133896
2024-06-27 11:48:38,0.142192
2024-06-27 11:48:39,0.126904
2024-06-27 11:48:40,0.109128
2024-06-27 11:48:41,0.108384
2024-06-27 11:48:42,0.099832
2024-06-27 11:48:43,0.092776
2024-06-27 11:48:44,0.114384
2024-06-27 11:48:45,0.1116
2024-06-27 11:48:46,0.141704
2024-06-27 11:48:47,0.140768
2024-06-27 11:48:48,0.15548
2024-06-27 11:48:49,0.122704
2024-06-27 11:48:50,0.151136
2024-06-27 11:48:51,0.160208
2024-06-27 11:48:52,0.17648
2024-06-27 11:48:53,0.210784
2024-06-27 11:48:54,0.194904
2024-06-27 11:48:55,0.175952
2024-06-27 11:48:56,0.17312
2024-06-27 11:48:57,0.14536
2024-06-27 11:48:58,0.173496
2024-06-27 11:48:59,0.17852
2024-06-27 11:49:00,0.174552
2024-06-27 11:49:01,0.14784
2024-06-27 11:49:02,0.166488
2024-06-27 11:49:03,0.147952
2024-06-27 11:49:04,0.12684
2024-06-27 11:49:05,0.138888
2024-06-27 11:49:06,0.11156
2024-06-27 11:49:07,0.136472
2024-06-27 11:49:08,0.11208
2024-06-27 11:49:09,0.134656
2024-06-27 11:49:10,0.134808
2024-06-27 11:49:11,0.127792
2024-06-27 11:49:12,0.140584
2024-06-27 11:49:13,0.109096
2024-06-27 11:49:14,0.123904
2024-06-27 11:49:15,0.136864
2024-06-27 11:49:16,0.136696
2024-06-27 11:49:17,0.220928
2024-06-27 11:49:18,0.144424
2024-06-27 11:49:19,0.130968
2024-06-27 11:49:20,0.152456
2024-06-27 11:49:21,0.128776
2024-06-27 11:49:22,0.186072
2024-06-27 11:49:23,0.169584
2024-06-27 11:49:24,0.164504
2024-06-27 11:49:25,0.1856
2024-06-27 11:49:26,0.193496
2024-06-27 11:49:27,0.150136
2024-06-27 11:49:28,0.1232
2024-06-27 11:49:29,0.111056
2024-06-27 11:49:30,0.14516
2024-06-27 11:49:31,0.120632
2024-06-27 11:49:32,0.139832
2024-06-27 11:49:33,0.163432
2024-06-27 11:49:34,0.124976
2024-06-27 11:49:35,0.12952
2024-06-27 11:49:36,0.144888
2024-06-27 11:49:37,0.133848
2024-06-27 11:49:38,0.130896
2024-06-27 11:49:39,0.134408
2024-06-27 11:49:40,0.141496
2024-06-27 11:49:41,0.123008
2024-06-27 11:49:42,0.128264
2024-06-27 11:49:43,0.131464
2024-06-27 11:49:44,0.11552
2024-06-27 11:49:45,0.141424
2024-06-27 11:49:46,0.108232
2024-06-27 11:49:47,0.111712
2024-06-27 11:49:48,0.124432
2024-06-27 11:49:49,0.121432
2024-06-27 11:49:50,0.140152
2024-06-27 11:49:51,0.124648
2024-06-27 11:49:52,0.144104
2024-06-27 11:49:53,0.128776
2024-06-27 11:49:54,0.166
2024-06-27 11:49:55,0.147304
2024-06-27 11:49:56,0.153968
2024-06-27 11:49:57,0.160736
2024-06-27 11:49:58,0.162816
2024-06-27 11:49:59,0.15424
2024-06-27 11:50:00,0.143536
2024-06-27 11:50:01,0.114392
2024-06-27 11:50:02,0.136032
2024-06-27 11:50:03,0.130328
2024-06-27 11:50:04,0.147992
2024-06-27 11:50:05,0.121632
2024-06-27 11:50:06,0.114176
2024-06-27 11:50:07,0.125632
2024-06-27 11:50:08,0.12008
2024-06-27 11:50:09,0.12488
2024-06-27 11:50:10,0.118976
2024-06-27 11:50:11,0.133968
2024-06-27 11:50:12,0.155592
2024-06-27 11:50:13,0.170416
2024-06-27 11:50:14,0.196112
2024-06-27 11:50:15,0.18832
2024-06-27 11:50:16,0.16228
2024-06-27 11:50:17,0.194144
2024-06-27 11:50:18,0.152792
2024-06-27 11:50:19,0.161296
2024-06-27 11:50:20,0.164944
2024-06-27 11:50:21,0.153752
2024-06-27 11:50:22,0.120584
2024-06-27 11:50:23,0.156184
2024-06-27 11:50:24,0.168416
2024-06-27 11:50:25,0.155424
2024-06-27 11:50:26,0.16676
2024-06-27 11:50:27,0.170128
2024-06-27 11:50:28,0.159952
2024-06-27 11:50:29,0.149632
2024-06-27 11:50:30,0.162504
2024-06-27 11:50:31,0.13796
2024-06-27 11:50:32,0.136904
2024-06-27 11:50:33,0.116912
2024-06-27 11:50:34,0.134752
2024-06-27 11:50:35,0.15004
2024-06-27 11:50:36,0.132904
2024-06-27 11:50:37,0.116456
2024-06-27 11:50:38,0.154816
2024-06-27 11:50:39,0.11004
2024-06-27 11:50:40,0.124184
2024-06-27 11:50:41,0.154024
2024-06-27 11:50:42,0.137792
2024-06-27 11:50:43,0.128488
2024-06-27 11:50:44,0.13308
2024-06-27 11:50:45,0.140624
2024-06-27 11:50:46,0.129144
2024-06-27 11:50:47,0.112728
2024-06-27 11:50:48,0.156768
2024-06-27 11:50:49,0.13248
2024-06-27 11:50:50,0.141344
2024-06-27 11:50:51,0.1532
2024-06-27 11:50:52,0.16188
2024-06-27 11:50:53,0.132816
2024-06-27 11:50:54,0.139296
2024-06-27 11:50:55,0.149016
2024-06-27 11:50:56,0.160808
2024-06-27 11:50:57,0.158512
2024-06-27 11:50:58,0.158904
2024-06-27 11:50:59,0.171936
2024-06-27 11:51:00,0.157632
2024-06-27 11:51:01,0.150528
2024-06-27 11:51:02,0.159672
2024-06-27 11:51:03,0.113496
2024-06-27 11:51:04,0.099816
2024-06-27 11:51:05,0.091968
2024-06-27 11:51:06,0.089744
2024-06-27 11:51:07,0.1004
2024-06-27 11:51:08,0.12756
2024-06-27 11:51:09,0.118608
2024-06-27 11:51:10,0.09208
2024-06-27 11:51:11,0.11376
2024-06-27 11:51:12,0.095992
2024-06-27 11:51:13,0.101592
2024-06-27 11:51:14,0.118
2024-06-27 11:51:15,0.133024
2024-06-27 11:51:16,0.13992
2024-06-27 11:51:17,0.200728
2024-06-27 11:51:18,0.15816
2024-06-27 11:51:19,0.127168
2024-06-27 11:51:20,0.148472
2024-06-27 11:51:21,0.1592
2024-06-27 11:51:22,0.151224
2024-06-27 11:51:23,0.149696
2024-06-27 11:51:24,0.128824
2024-06-27 11:51:25,0.149304
2024-06-27 11:51:26,0.130456
2024-06-27 11:51:27,0.152736
2024-06-27 11:51:28,0.128488
2024-06-27 11:51:29,0.111704
2024-06-27 11:51:30,0.107288
2024-06-27 11:51:31,0.113536
2024-06-27 11:51:32,0.114456
2024-06-27 11:51:33,0.121648
2024-06-27 11:51:34,0.126448
2024-06-27 11:51:35,0.12392
2024-06-27 11:51:36,0.1302
2024-06-27 11:51:37,0.120672
2024-06-27 11:51:38,0.142408
2024-06-27 11:51:39,0.103296
2024-06-27 11:51:40,0.121264
2024-06-27 11:51:41,0.108704
2024-06-27 11:51:42,0.121744
2024-06-27 11:51:43,0.110488
2024-06-27 11:51:44,0.128904
2024-06-27 11:51:45,0.145616
2024-06-27 11:51:46,0.184296
2024-06-27 11:51:47,0.152312
2024-06-27 11:51:48,0.217192
2024-06-27 11:51:49,0.16916
2024-06-27 11:51:50,0.155776
2024-06-27 11:51:51,0.182616
2024-06-27 11:51:52,0.19272
2024-06-27 11:51:53,0.163232
2024-06-27 11:51:54,0.177664
2024-06-27 11:51:55,0.20356
2024-06-27 11:51:56,0.206336
2024-06-27 11:51:57,0.221672
2024-06-27 11:51:58,0.222672
2024-06-27 11:51:59,0.190592
2024-06-27 11:52:00,0.177568
2024-06-27 11:52:01,0.16012
2024-06-27 11:52:02,0.152904
2024-06-27 11:52:03,0.147712
2024-06-27 11:52:04,0.143672
2024-06-27 11:52:05,0.149208
2024-06-27 11:52:06,0.152832
2024-06-27 11:52:07,0.185816
2024-06-27 11:52:08,0.171336
2024-06-27 11:52:09,0.166504
2024-06-27 11:52:10,0.163368
2024-06-27 11:52:11,0.145792
2024-06-27 11:52:12,0.152016
2024-06-27 11:52:13,0.15584
2024-06-27 11:52:14,0.16892
2024-06-27 11:52:15,0.149024
2024-06-27 11:52:16,0.160208
2024-06-27 11:52:17,0.219464
2024-06-27 11:52:18,0.15568
2024-06-27 11:52:19,0.137472
2024-06-27 11:52:20,0.168456
2024-06-27 11:52:21,0.19728
2024-06-27 11:52:22,0.23468
2024-06-27 11:52:23,0.206928
2024-06-27 11:52:24,0.202432
2024-06-27 11:52:25,0.159776
2024-06-27 11:52:26,0.144232
2024-06-27 11:52:27,0.151352
2024-06-27 11:52:28,0.133136
2024-06-27 11:52:29,0.144512
2024-06-27 11:52:30,0.107816
2024-06-27 11:52:31,0.100888
2024-06-27 11:52:32,0.096528
2024-06-27 11:52:33,0.08744
2024-06-27 11:52:34,0.130728
2024-06-27 11:52:35,0.142896
2024-06-27 11:52:36,0.128152
2024-06-27 11:52:37,0.12416
2024-06-27 11:52:38,0.096696
2024-06-27 11:52:39,0.118712
2024-06-27 11:52:40,0.156576
2024-06-27 11:52:41,0.150496
2024-06-27 11:52:42,0.126088
2024-06-27 11:52:43,0.135304
2024-06-27 11:52:44,0.155616
2024-06-27 11:52:45,0.15804
2024-06-27 11:52:46,0.138736
2024-06-27 11:52:47,0.165408
2024-06-27 11:52:48,0.219752
2024-06-27 11:52:49,0.207656
2024-06-27 11:52:50,0.174064
2024-06-27 11:52:51,0.164288
2024-06-27 11:52:52,0.245304
2024-06-27 11:52:53,0.205256
2024-06-27 11:52:54,0.172952
2024-06-27 11:52:55,0.171384
2024-06-27 11:52:56,0.175256
2024-06-27 11:52:57,0.168824
2024-06-27 11:52:58,0.144928
2024-06-27 11:52:59,0.151256
2024-06-27 11:53:00,0.1306
2024-06-27 11:53:01,0.116912
2024-06-27 11:53:02,0.119552
2024-06-27 11:53:03,0.123296
2024-06-27 11:53:04,0.111816
2024-06-27 11:53:05,0.125912
2024-06-27 11:53:06,0.126688
2024-06-27 11:53:07,0.133112
2024-06-27 11:53:08,0.086448
2024-06-27 11:53:09,0.090432
2024-06-27 11:53:10,0.08692
2024-06-27 11:53:11,0.092576
2024-06-27 11:53:12,0.088
2024-06-27 11:53:13,0.074288
2024-06-27 11:53:14,0.101792
2024-06-27 11:53:15,0.091808
2024-06-27 11:53:16,0.107536
2024-06-27 11:53:17,0.123168
2024-06-27 11:53:18,0.100848
2024-06-27 11:53:19,0.08944
2024-06-27 11:53:20,0.078768
2024-06-27 11:53:21,0.0964
2024-06-27 11:53:22,0.091864
2024-06-27 11:53:23,0.096352
2024-06-27 11:53:24,0.100384
2024-06-27 11:53:25,0.112232
2024-06-27 11:53:26,0.098608
2024-06-27 11:53:27,0.108096
2024-06-27 11:53:28,0.136184
2024-06-27 11:53:29,0.073688
2024-06-27 11:53:30,0.086832
2024-06-27 11:53:31,0.091448
2024-06-27 11:53:32,0.081504
2024-06-27 11:53:33,0.156616
2024-06-27 11:53:34,0.083352
2024-06-27 11:53:35,0.08616
2024-06-27 11:53:36,0.077776
2024-06-27 11:53:37,0.10132
2024-06-27 11:53:38,0.14288
2024-06-27 11:53:39,0.124312
2024-06-27 11:53:40,0.129864
2024-06-27 11:53:41,0.161672
2024-06-27 11:53:42,0.149024
2024-06-27 11:53:43,0.175488
2024-06-27 11:53:44,0.16364
2024-06-27 11:53:45,0.145064
2024-06-27 11:53:46,0.152672
2024-06-27 11:53:47,0.143992
2024-06-27 11:53:48,0.152112
2024-06-27 11:53:49,0.14096
2024-06-27 11:53:50,0.169544
2024-06-27 11:53:51,0.155456
2024-06-27 11:53:52,0.154048
2024-06-27 11:53:53,0.126416
2024-06-27 11:53:54,0.121568
2024-06-27 11:53:55,0.12512
2024-06-27 11:53:56,0.134248
2024-06-27 11:53:57,0.11156
2024-06-27 11:53:58,0.125152
2024-06-27 11:53:59,0.110048
2024-06-27 11:54:00,0.118608
2024-06-27 11:54:01,0.11164
2024-06-27 11:54:02,0.102184
2024-06-27 11:54:03,0.09228
2024-06-27 11:54:04,0.097224
2024-06-27 11:54:05,0.096744
2024-06-27 11:54:06,0.085656
2024-06-27 11:54:07,0.115496
2024-06-27 11:54:08,0.096248
2024-06-27 11:54:09,0.100984
2024-06-27 11:54:10,0.102656
2024-06-27 11:54:11,0.091448
2024-06-27 11:54:12,0.099816
2024-06-27 11:54:13,0.113592
2024-06-27 11:54:14,0.132376
2024-06-27 11:54:15,0.166376
2024-06-27 11:54:16,0.172072
2024-06-27 11:54:17,0.1902
2024-06-27 11:54:18,0.179976
2024-06-27 11:54:19,0.166968
2024-06-27 11:54:20,0.176856
2024-06-27 11:54:21,0.160728
2024-06-27 11:54:22,0.19012
2024-06-27 11:54:23,0.17532
2024-06-27 11:54:24,0.167
2024-06-27 11:54:25,0.196872
2024-06-27 11:54:26,0.235064
2024-06-27 11:54:27,0.1718
2024-06-27 11:54:28,0.15312
2024-06-27 11:54:29,0.145536
2024-06-27 11:54:30,0.1154
2024-06-27 11:54:31,0.122184
2024-06-27 11:54:32,0.105048
2024-06-27 11:54:33,0.119632
2024-06-27 11:54:34,0.101768
2024-06-27 11:54:35,0.09452
2024-06-27 11:54:36,0.099112
2024-06-27 11:54:37,0.117992
2024-06-27 11:54:38,0.144584
2024-06-27 11:54:39,0.120504
2024-06-27 11:54:40,0.150136
2024-06-27 11:54:41,0.132528
2024-06-27 11:54:42,0.138536
2024-06-27 11:54:43,0.128928
2024-06-27 11:54:44,0.139984
2024-06-27 11:54:45,0.136344
2024-06-27 11:54:46,0.120936
2024-06-27 11:54:47,0.139064
2024-06-27 11:54:48,0.112176
2024-06-27 11:54:49,0.112064
2024-06-27 11:54:50,0.141416
2024-06-27 11:54:51,0.118032
2024-06-27 11:54:52,0.105736
2024-06-27 11:54:53,0.131928
2024-06-27 11:54:54,0.132552
2024-06-27 11:54:55,0.125032
2024-06-27 11:54:56,0.145616
2024-06-27 11:54:57,0.148432
2024-06-27 11:54:58,0.180552
2024-06-27 11:54:59,0.134728
2024-06-27 11:55:00,0.137576
2024-06-27 11:55:01,0.14236
2024-06-27 11:55:02,0.136752
2024-06-27 11:55:03,0.1372
2024-06-27 11:55:04,0.130072
2024-06-27 11:55:05,0.131856
2024-06-27 11:55:06,0.179424
2024-06-27 11:55:07,0.178768
2024-06-27 11:55:08,0.143992
2024-06-27 11:55:09,0.140168
2024-06-27 11:55:10,0.124464
2024-06-27 11:55:11,0.212056
2024-06-27 11:55:12,0.160128
2024-06-27 11:55:13,0.267144
2024-06-27 11:55:14,0.214064
2024-06-27 11:55:15,0.191112
2024-06-27 11:55:16,0.162976
2024-06-27 11:55:17,0.227424
2024-06-27 11:55:18,0.154136
2024-06-27 11:55:19,0.16152
2024-06-27 11:55:20,0.17372
2024-06-27 11:55:21,0.187584
2024-06-27 11:55:22,0.185344
2024-06-27 11:55:23,0.1648
2024-06-27 11:55:24,0.163848
2024-06-27 11:55:25,0.17752
2024-06-27 11:55:26,0.173992
2024-06-27 11:55:27,0.147184
2024-06-27 11:55:28,0.166928
2024-06-27 11:55:29,0.15612
2024-06-27 11:55:30,0.189504
2024-06-27 11:55:31,0.162776
2024-06-27 11:55:32,0.1876
2024-06-27 11:55:33,0.174032
2024-06-27 11:55:34,0.183568
2024-06-27 11:55:35,0.183952
2024-06-27 11:55:36,0.149216
2024-06-27 11:55:37,0.145576
2024-06-27 11:55:38,0.192744
2024-06-27 11:55:39,0.208424
2024-06-27 11:55:40,0.211776
2024-06-27 11:55:41,0.207768
2024-06-27 11:55:42,0.15988
2024-06-27 11:55:43,0.193816
2024-06-27 11:55:44,0.188744
2024-06-27 11:55:45,0.236552
2024-06-27 11:55:46,0.168688
2024-06-27 11:55:47,0.142568
2024-06-27 11:55:48,0.16736
2024-06-27 11:55:49,0.163248
2024-06-27 11:55:50,0.154368
2024-06-27 11:55:51,0.144272
2024-06-27 11:55:52,0.15788
2024-06-27 11:55:53,0.144472
2024-06-27 11:55:54,0.150024
2024-06-27 11:55:55,0.166992
2024-06-27 11:55:56,0.147416
2024-06-27 11:55:57,0.12464
2024-06-27 11:55:58,0.131608
2024-06-27 11:55:59,0.11672
2024-06-27 11:56:00,0.136648
2024-06-27 11:56:01,0.12804
2024-06-27 11:56:02,0.136808
2024-06-27 11:56:03,0.16468
2024-06-27 11:56:04,0.170168
2024-06-27 11:56:05,0.158912
2024-06-27 11:56:06,0.170752
2024-06-27 11:56:07,0.174816
2024-06-27 11:56:08,0.127176
2024-06-27 11:56:09,0.102232
2024-06-27 11:56:10,0.1242
2024-06-27 11:56:11,0.1096
2024-06-27 11:56:12,0.119016
2024-06-27 11:56:13,0.111952
2024-06-27 11:56:14,0.124536
2024-06-27 11:56:15,0.114472
2024-06-27 11:56:16,0.145496
2024-06-27 11:56:17,0.163048
2024-06-27 11:56:18,0.125336
2024-06-27 11:56:19,0.125768
2024-06-27 11:56:20,0.156384
2024-06-27 11:56:21,0.127912
2024-06-27 11:56:22,0.11768
2024-06-27 11:56:23,0.127384
2024-06-27 11:56:24,0.12264
2024-06-27 11:56:25,0.120632
2024-06-27 11:56:26,0.127408
2024-06-27 11:56:27,0.131112
2024-06-27 11:56:28,0.151856
2024-06-27 11:56:29,0.105864
2024-06-27 11:56:30,0.105192
2024-06-27 11:56:31,0.113176
2024-06-27 11:56:32,0.088624
2024-06-27 11:56:33,0.104448
2024-06-27 11:56:34,0.108664
2024-06-27 11:56:35,0.127664
2024-06-27 11:56:36,0.099184
2024-06-27 11:56:37,0.103016
2024-06-27 11:56:38,0.131272
2024-06-27 11:56:39,0.132272
2024-06-27 11:56:40,0.105984
2024-06-27 11:56:41,0.123024
2024-06-27 11:56:42,0.138376
2024-06-27 11:56:43,0.136072
2024-06-27 11:56:44,0.134432
2024-06-27 11:56:45,0.15236
2024-06-27 11:56:46,0.146272
2024-06-27 11:56:47,0.139248
2024-06-27 11:56:48,0.140736
2024-06-27 11:56:49,0.117952
2024-06-27 11:56:50,0.099928
2024-06-27 11:56:51,0.108896
2024-06-27 11:56:52,0.1248
2024-06-27 11:56:53,0.12784
2024-06-27 11:56:54,0.114544
2024-06-27 11:56:55,0.12364
2024-06-27 11:56:56,0.136728
2024-06-27 11:56:57,0.131792
2024-06-27 11:56:58,0.128544
2024-06-27 11:56:59,0.128776
2024-06-27 11:57:00,0.122616
2024-06-27 11:57:01,0.10952
2024-06-27 11:57:02,0.113808
2024-06-27 11:57:03,0.132536
2024-06-27 11:57:04,0.13624
2024-06-27 11:57:05,0.118168
2024-06-27 11:57:06,0.156528
2024-06-27 11:57:07,0.222824
2024-06-27 11:57:08,0.174328
2024-06-27 11:57:09,0.175472
2024-06-27 11:57:10,0.199712
2024-06-27 11:57:11,0.201432
2024-06-27 11:57:12,0.167336
2024-06-27 11:57:13,0.174952
2024-06-27 11:57:14,0.167808
2024-06-27 11:57:15,0.176736
2024-06-27 11:57:16,0.130304
2024-06-27 11:57:17,0.185752
2024-06-27 11:57:18,0.160616
2024-06-27 11:57:19,0.168904
2024-06-27 11:57:20,0.18028
2024-06-27 11:57:21,0.156528
2024-06-27 11:57:22,0.182136
2024-06-27 11:57:23,0.184472
2024-06-27 11:57:24,0.196736
2024-06-27 11:57:25,0.191664
2024-06-27 11:57:26,0.164552
2024-06-27 11:57:27,0.194504
2024-06-27 11:57:28,0.17784
2024-06-27 11:57:29,0.157904
2024-06-27 11:57:30,0.165648
2024-06-27 11:57:31,0.212296
2024-06-27 11:57:32,0.14264
2024-06-27 11:57:33,0.129104
2024-06-27 11:57:34,0.105104
2024-06-27 11:57:35,0.111256
2024-06-27 11:57:36,0.113216
2024-06-27 11:57:37,0.11028
2024-06-27 11:57:38,0.107928
2024-06-27 11:57:39,0.116728
2024-06-27 11:57:40,0.12944
2024-06-27 11:57:41,0.130168
2024-06-27 11:57:42,0.130784
2024-06-27 11:57:43,0.1358
2024-06-27 11:57:44,0.136392
2024-06-27 11:57:45,0.138672
2024-06-27 11:57:46,0.148384
2024-06-27 11:57:47,0.144792
2024-06-27 11:57:48,0.148296
2024-06-27 11:57:49,0.163328
2024-06-27 11:57:50,0.143664
2024-06-27 11:57:51,0.144304
2024-06-27 11:57:52,0.146568
2024-06-27 11:57:53,0.125264
2024-06-27 11:57:54,0.132696
2024-06-27 11:57:55,0.115248
2024-06-27 11:57:56,0.12064
2024-06-27 11:57:57,0.096288
2024-06-27 11:57:58,0.100584
2024-06-27 11:57:59,0.10812
2024-06-27 11:58:00,0.109776
2024-06-27 11:58:01,0.136784
2024-06-27 11:58:02,0.128752
2024-06-27 11:58:03,0.13336
2024-06-27 11:58:04,0.1102
2024-06-27 11:58:05,0.124336
2024-06-27 11:58:06,0.135424
2024-06-27 11:58:07,0.120976
2024-06-27 11:58:08,0.122848
2024-06-27 11:58:09,0.138616
2024-06-27 11:58:10,0.164536
2024-06-27 11:58:11,0.145888
2024-06-27 11:58:12,0.161656
2024-06-27 11:58:13,0.184872
2024-06-27 11:58:14,0.1702
2024-06-27 11:58:15,0.129592
2024-06-27 11:58:16,0.15508
2024-06-27 11:58:17,0.1892
2024-06-27 11:58:18,0.1454
2024-06-27 11:58:19,0.132928
2024-06-27 11:58:20,0.16184
2024-06-27 11:58:21,0.13568
2024-06-27 11:58:22,0.145232
2024-06-27 11:58:23,0.131848
2024-06-27 11:58:24,0.117704
2024-06-27 11:58:25,0.130512
2024-06-27 11:58:26,0.156672
2024-06-27 11:58:27,0.135872
2024-06-27 11:58:28,0.148192
2024-06-27 11:58:29,0.148864
2024-06-27 11:58:30,0.132368
2024-06-27 11:58:31,0.176936
2024-06-27 11:58:32,0.146576
2024-06-27 11:58:33,0.141616
2024-06-27 11:58:34,0.179888
2024-06-27 11:58:35,0.20192
2024-06-27 11:58:36,0.172128
2024-06-27 11:58:37,0.178672
2024-06-27 11:58:38,0.135496
2024-06-27 11:58:39,0.125976
2024-06-27 11:58:40,0.164824
2024-06-27 11:58:41,0.177968
2024-06-27 11:58:42,0.162824
2024-06-27 11:58:43,0.165576
2024-06-27 11:58:44,0.136688
2024-06-27 11:58:45,0.137536
2024-06-27 11:58:46,0.140512
2024-06-27 11:58:47,0.151344
2024-06-27 11:58:48,0.159328
2024-06-27 11:58:49,0.14228
2024-06-27 11:58:50,0.131608
2024-06-27 11:58:51,0.1558
2024-06-27 11:58:52,0.152992
2024-06-27 11:58:53,0.17452
2024-06-27 11:58:54,0.15312
2024-06-27 11:58:55,0.175
2024-06-27 11:58:56,0.142904
2024-06-27 11:58:57,0.148944
2024-06-27 11:58:58,0.122344
2024-06-27 11:58:59,0.110664
2024-06-27 11:59:00,0.132592
2024-06-27 11:59:01,0.14296
2024-06-27 11:59:02,0.175344
2024-06-27 11:59:03,0.18692
2024-06-27 11:59:04,0.221664
2024-06-27 11:59:05,0.191272
2024-06-27 11:59:06,0.247864
2024-06-27 11:59:07,0.190504
2024-06-27 11:59:08,0.17856
2024-06-27 11:59:09,0.218528
2024-06-27 11:59:10,0.166728
2024-06-27 11:59:11,0.14452
2024-06-27 11:59:12,0.202168
2024-06-27 11:59:13,0.169192
2024-06-27 11:59:14,0.161296
2024-06-27 11:59:15,0.180496
2024-06-27 11:59:16,0.149176
2024-06-27 11:59:17,0.235344
2024-06-27 11:59:18,0.212352
2024-06-27 11:59:19,0.190704
2024-06-27 11:59:20,0.20504
2024-06-27 11:59:21,0.173864
2024-06-27 11:59:22,0.189328
2024-06-27 11:59:23,0.152576
2024-06-27 11:59:24,0.1202
2024-06-27 11:59:25,0.154304
2024-06-27 11:59:26,0.134424
2024-06-27 11:59:27,0.106752
2024-06-27 11:59:28,0.147432
2024-06-27 11:59:29,0.11056
2024-06-27 11:59:30,0.106424
2024-06-27 11:59:31,0.099792
2024-06-27 11:59:32,0.098616
2024-06-27 11:59:33,0.091664
2024-06-27 11:59:34,0.098792
2024-06-27 11:59:35,0.12304
2024-06-27 11:59:36,0.097704
2024-06-27 11:59:37,0.112584
2024-06-27 11:59:38,0.108104
2024-06-27 11:59:39,0.118904
2024-06-27 11:59:40,0.11424
2024-06-27 11:59:41,0.12204
2024-06-27 11:59:42,0.114376
2024-06-27 11:59:43,0.090792
2024-06-27 11:59:44,0.10768
2024-06-27 11:59:45,0.111288
2024-06-27 11:59:46,0.118184
2024-06-27 11:59:47,0.11416
2024-06-27 11:59:48,0.087776
2024-06-27 11:59:49,0.089008
2024-06-27 11:59:50,0.097024
2024-06-27 11:59:51,0.099616
2024-06-27 11:59:52,0.105592
2024-06-27 11:59:53,0.124368
2024-06-27 11:59:54,0.132824
2024-06-27 11:59:55,0.142288
2024-06-27 11:59:56,0.145168
2024-06-27 11:59:57,0.142968
2024-06-27 11:59:58,0.133104
2024-06-27 11:59:59,0.118192
2024-06-27 12:00:00,0.103888
2024-06-27 12:00:01,0.116656
2024-06-27 12:00:02,0.121192
2024-06-27 12:00:03,0.133312
2024-06-27 12:00:04,0.14736
2024-06-27 12:00:05,0.135112
2024-06-27 12:00:06,0.144504
2024-06-27 12:00:07,0.12336
2024-06-27 12:00:08,0.107288
2024-06-27 12:00:09,0.128272
2024-06-27 12:00:10,0.143792
2024-06-27 12:00:11,0.135208
2024-06-27 12:00:12,0.127528
2024-06-27 12:00:13,0.120496
2024-06-27 12:00:14,0.109144
2024-06-27 12:00:15,0.12496
2024-06-27 12:00:16,0.163232
2024-06-27 12:00:17,0.213672
2024-06-27 12:00:18,0.159464
2024-06-27 12:00:19,0.15808
2024-06-27 12:00:20,0.125552
2024-06-27 12:00:21,0.144968
2024-06-27 12:00:22,0.131872
2024-06-27 12:00:23,0.15932
2024-06-27 12:00:24,0.19276
2024-06-27 12:00:25,0.173432
2024-06-27 12:00:26,0.160208
2024-06-27 12:00:27,0.167952
2024-06-27 12:00:28,0.133456
2024-06-27 12:00:29,0.13092
2024-06-27 12:00:30,0.128928
2024-06-27 12:00:31,0.120464
2024-06-27 12:00:32,0.115792
2024-06-27 12:00:33,0.126088
2024-06-27 12:00:34,0.124624
2024-06-27 12:00:35,0.109696
2024-06-27 12:00:36,0.115408
2024-06-27 12:00:37,0.101696
2024-06-27 12:00:38,0.104432
2024-06-27 12:00:39,0.109608
2024-06-27 12:00:40,0.112976
2024-06-27 12:00:41,0.120536
2024-06-27 12:00:42,0.14024
2024-06-27 12:00:43,0.109864
2024-06-27 12:00:44,0.115312
2024-06-27 12:00:45,0.132264
2024-06-27 12:00:46,0.13824
2024-06-27 12:00:47,0.153336
2024-06-27 12:00:48,0.15216
2024-06-27 12:00:49,0.134968
2024-06-27 12:00:50,0.174224
2024-06-27 12:00:51,0.184776
2024-06-27 12:00:52,0.232152
2024-06-27 12:00:53,0.212872
2024-06-27 12:00:54,0.214512
2024-06-27 12:00:55,0.205736
2024-06-27 12:00:56,0.22232
2024-06-27 12:00:57,0.228344
2024-06-27 12:00:58,0.182968
2024-06-27 12:00:59,0.173112
2024-06-27 12:01:00,0.195784
2024-06-27 12:01:01,0.1938
2024-06-27 12:01:02,0.216408
2024-06-27 12:01:03,0.204576
2024-06-27 12:01:04,0.228624
2024-06-27 12:01:05,0.186784
2024-06-27 12:01:06,0.19708
2024-06-27 12:01:07,0.19332
2024-06-27 12:01:08,0.185616
2024-06-27 12:01:09,0.226424
2024-06-27 12:01:10,0.146776
2024-06-27 12:01:11,0.160808
2024-06-27 12:01:12,0.149736
2024-06-27 12:01:13,0.158872
2024-06-27 12:01:14,0.133424
2024-06-27 12:01:15,0.118464
2024-06-27 12:01:16,0.16464
2024-06-27 12:01:17,0.198008
2024-06-27 12:01:18,0.198328
2024-06-27 12:01:19,0.124864
2024-06-27 12:01:20,0.117848
2024-06-27 12:01:21,0.124352
2024-06-27 12:01:22,0.142392
2024-06-27 12:01:23,0.14612
2024-06-27 12:01:24,0.162424
2024-06-27 12:01:25,0.158048
2024-06-27 12:01:26,0.156032
2024-06-27 12:01:27,0.149072
2024-06-27 12:01:28,0.125288
2024-06-27 12:01:29,0.132488
2024-06-27 12:01:30,0.101336
2024-06-27 12:01:31,0.10564
2024-06-27 12:01:32,0.092976
2024-06-27 12:01:33,0.090616
2024-06-27 12:01:34,0.083912
2024-06-27 12:01:35,0.090816
2024-06-27 12:01:36,0.080776
2024-06-27 12:01:37,0.09828
2024-06-27 12:01:38,0.104176
2024-06-27 12:01:39,0.095688
2024-06-27 12:01:40,0.107632
2024-06-27 12:01:41,0.106688
2024-06-27 12:01:42,0.102168
2024-06-27 12:01:43,0.109704
2024-06-27 12:01:44,0.104632
2024-06-27 12:01:45,0.10192
2024-06-27 12:01:46,0.103032
2024-06-27 12:01:47,0.1046
2024-06-27 12:01:48,0.113608
2024-06-27 12:01:49,0.137408
2024-06-27 12:01:50,0.102248
2024-06-27 12:01:51,0.10912
2024-06-27 12:01:52,0.13008
2024-06-27 12:01:53,0.139136
2024-06-27 12:01:54,0.152208
2024-06-27 12:01:55,0.155944
2024-06-27 12:01:56,0.13828
2024-06-27 12:01:57,0.125296
2024-06-27 12:01:58,0.131016
2024-06-27 12:01:59,0.116328
2024-06-27 12:02:00,0.113448
2024-06-27 12:02:01,0.100592
2024-06-27 12:02:02,0.089688
2024-06-27 12:02:03,0.08756
2024-06-27 12:02:04,0.08188
2024-06-27 12:02:05,0.095256
2024-06-27 12:02:06,0.107368
2024-06-27 12:02:07,0.112936
2024-06-27 12:02:08,0.104808
2024-06-27 12:02:09,0.089456
2024-06-27 12:02:10,0.105544
2024-06-27 12:02:11,0.118328
2024-06-27 12:02:12,0.124104
2024-06-27 12:02:13,0.130728
2024-06-27 12:02:14,0.144528
2024-06-27 12:02:15,0.138656
2024-06-27 12:02:16,0.132128
2024-06-27 12:02:17,0.156344
2024-06-27 12:02:18,0.1438
2024-06-27 12:02:19,0.144024
2024-06-27 12:02:20,0.122656
2024-06-27 12:02:21,0.123448
2024-06-27 12:02:22,0.110656
2024-06-27 12:02:23,0.106944
2024-06-27 12:02:24,0.136416
2024-06-27 12:02:25,0.166656
2024-06-27 12:02:26,0.135368
2024-06-27 12:02:27,0.159832
2024-06-27 12:02:28,0.139
2024-06-27 12:02:29,0.1734
2024-06-27 12:02:30,0.169672
2024-06-27 12:02:31,0.136024
2024-06-27 12:02:32,0.138704
2024-06-27 12:02:33,0.136576
2024-06-27 12:02:34,0.141272
2024-06-27 12:02:35,0.109784
2024-06-27 12:02:36,0.122568
2024-06-27 12:02:37,0.107528
2024-06-27 12:02:38,0.0966
2024-06-27 12:02:39,0.070928
2024-06-27 12:02:40,0.084248
2024-06-27 12:02:41,0.091552
2024-06-27 12:02:42,0.112968
2024-06-27 12:02:43,0.159704
2024-06-27 12:02:44,0.128176
2024-06-27 12:02:45,0.135544
2024-06-27 12:02:46,0.14656
2024-06-27 12:02:47,0.160336
2024-06-27 12:02:48,0.174984
2024-06-27 12:02:49,0.206328
2024-06-27 12:02:50,0.152224
2024-06-27 12:02:51,0.144008
2024-06-27 12:02:52,0.167328
2024-06-27 12:02:53,0.15368
2024-06-27 12:02:54,0.164784
2024-06-27 12:02:55,0.169464
2024-06-27 12:02:56,0.117608
2024-06-27 12:02:57,0.163392
2024-06-27 12:02:58,0.121816
2024-06-27 12:02:59,0.130656
2024-06-27 12:03:00,0.114704
2024-06-27 12:03:01,0.117808
2024-06-27 12:03:02,0.126048
2024-06-27 12:03:03,0.12832
2024-06-27 12:03:04,0.112928
2024-06-27 12:03:05,0.123552
2024-06-27 12:03:06,0.139584
2024-06-27 12:03:07,0.11896
2024-06-27 12:03:08,0.122208
2024-06-27 12:03:09,0.098064
2024-06-27 12:03:10,0.123528
2024-06-27 12:03:11,0.213128
2024-06-27 12:03:12,0.159992
2024-06-27 12:03:13,0.145304
2024-06-27 12:03:14,0.14376
2024-06-27 12:03:15,0.135392
2024-06-27 12:03:16,0.148256
2024-06-27 12:03:17,0.170024
2024-06-27 12:03:18,0.179056
2024-06-27 12:03:19,0.179344
2024-06-27 12:03:20,0.125656
2024-06-27 12:03:21,0.146144
2024-06-27 12:03:22,0.134824
2024-06-27 12:03:23,0.151104
2024-06-27 12:03:24,0.18596
2024-06-27 12:03:25,0.14972
2024-06-27 12:03:26,0.194664
2024-06-27 12:03:27,0.200608
2024-06-27 12:03:28,0.219232
2024-06-27 12:03:29,0.187064
2024-06-27 12:03:30,0.171048
2024-06-27 12:03:31,0.194368
2024-06-27 12:03:32,0.19128
2024-06-27 12:03:33,0.143912
2024-06-27 12:03:34,0.151576
2024-06-27 12:03:35,0.1306
2024-06-27 12:03:36,0.134784
2024-06-27 12:03:37,0.146904
2024-06-27 12:03:38,0.114184
2024-06-27 12:03:39,0.153328
2024-06-27 12:03:40,0.135688
2024-06-27 12:03:41,0.122352
2024-06-27 12:03:42,0.115424
2024-06-27 12:03:43,0.125024
2024-06-27 12:03:44,0.1074
2024-06-27 12:03:45,0.109688
2024-06-27 12:03:46,0.110424
2024-06-27 12:03:47,0.114664
2024-06-27 12:03:48,0.098536
2024-06-27 12:03:49,0.135728
2024-06-27 12:03:50,0.13064
2024-06-27 12:03:51,0.131096
2024-06-27 12:03:52,0.143104
2024-06-27 12:03:53,0.162824
2024-06-27 12:03:54,0.129488
2024-06-27 12:03:55,0.14776
2024-06-27 12:03:56,0.153536
2024-06-27 12:03:57,0.133496
2024-06-27 12:03:58,0.15392
2024-06-27 12:03:59,0.136736
2024-06-27 12:04:00,0.131904
2024-06-27 12:04:01,0.113624
2024-06-27 12:04:02,0.141912
2024-06-27 12:04:03,0.146472
2024-06-27 12:04:04,0.134872
2024-06-27 12:04:05,0.172104
2024-06-27 12:04:06,0.167736
2024-06-27 12:04:07,0.16688
2024-06-27 12:04:08,0.160416
2024-06-27 12:04:09,0.141352
2024-06-27 12:04:10,0.132288
2024-06-27 12:04:11,0.135304
2024-06-27 12:04:12,0.13956
2024-06-27 12:04:13,0.131208
2024-06-27 12:04:14,0.150104
2024-06-27 12:04:15,0.129696
2024-06-27 12:04:16,0.1438
2024-06-27 12:04:17,0.143728
2024-06-27 12:04:18,0.166544
2024-06-27 12:04:19,0.12296
2024-06-27 12:04:20,0.112016
2024-06-27 12:04:21,0.11428
2024-06-27 12:04:22,0.111768
2024-06-27 12:04:23,0.162992
2024-06-27 12:04:24,0.103264
2024-06-27 12:04:25,0.122552
2024-06-27 12:04:26,0.102216
2024-06-27 12:04:27,0.115088
2024-06-27 12:04:28,0.115392
2024-06-27 12:04:29,0.131504
2024-06-27 12:04:30,0.111368
2024-06-27 12:04:31,0.131432
2024-06-27 12:04:32,0.131216
2024-06-27 12:04:33,0.104688
2024-06-27 12:04:34,0.119896
2024-06-27 12:04:35,0.117352
2024-06-27 12:04:36,0.101496
2024-06-27 12:04:37,0.103032
2024-06-27 12:04:38,0.152232
2024-06-27 12:04:39,0.142104
2024-06-27 12:04:40,0.149472
2024-06-27 12:04:41,0.15148
2024-06-27 12:04:42,0.155448
2024-06-27 12:04:43,0.140664
2024-06-27 12:04:44,0.159192
2024-06-27 12:04:45,0.164728
2024-06-27 12:04:46,0.133616
2024-06-27 12:04:47,0.118384
2024-06-27 12:04:48,0.136792
2024-06-27 12:04:49,0.141376
2024-06-27 12:04:50,0.135
2024-06-27 12:04:51,0.181976
2024-06-27 12:04:52,0.176672
2024-06-27 12:04:53,0.195984
2024-06-27 12:04:54,0.1472
2024-06-27 12:04:55,0.164128
2024-06-27 12:04:56,0.113472
2024-06-27 12:04:57,0.144368
2024-06-27 12:04:58,0.115336
2024-06-27 12:04:59,0.156184
2024-06-27 12:05:00,0.119936
2024-06-27 12:05:01,0.1426
2024-06-27 12:05:02,0.139608
2024-06-27 12:05:03,0.14888
2024-06-27 12:05:04,0.128976
2024-06-27 12:05:05,0.098528
2024-06-27 12:05:06,0.13076
2024-06-27 12:05:07,0.134928
2024-06-27 12:05:08,0.121192
2024-06-27 12:05:09,0.140288
2024-06-27 12:05:10,0.194296
2024-06-27 12:05:11,0.162256
2024-06-27 12:05:12,0.18272
2024-06-27 12:05:13,0.246352
2024-06-27 12:05:14,0.227568
2024-06-27 12:05:15,0.267688
2024-06-27 12:05:16,0.24756
2024-06-27 12:05:17,0.241632
2024-06-27 12:05:18,0.310712
2024-06-27 12:05:19,0.16904
2024-06-27 12:05:20,0.161016
2024-06-27 12:05:21,0.175152
2024-06-27 12:05:22,0.144536
2024-06-27 12:05:23,0.13336
2024-06-27 12:05:24,0.135936
2024-06-27 12:05:25,0.150472
2024-06-27 12:05:26,0.134552
2024-06-27 12:05:27,0.1486
2024-06-27 12:05:28,0.151888
2024-06-27 12:05:29,0.15332
2024-06-27 12:05:30,0.110096
2024-06-27 12:05:31,0.112008
2024-06-27 12:05:32,0.108008
2024-06-27 12:05:33,0.135712
2024-06-27 12:05:34,0.141824
2024-06-27 12:05:35,0.16308
2024-06-27 12:05:36,0.148864
2024-06-27 12:05:37,0.204344
2024-06-27 12:05:38,0.125224
2024-06-27 12:05:39,0.144056
2024-06-27 12:05:40,0.144096
2024-06-27 12:05:41,0.137008
2024-06-27 12:05:42,0.143968
2024-06-27 12:05:43,0.130472
2024-06-27 12:05:44,0.121296
2024-06-27 12:05:45,0.116432
2024-06-27 12:05:46,0.110176
2024-06-27 12:05:47,0.113664
2024-06-27 12:05:48,0.110512
2024-06-27 12:05:49,0.092904
2024-06-27 12:05:50,0.115392
2024-06-27 12:05:51,0.09828
2024-06-27 12:05:52,0.103488
2024-06-27 12:05:53,0.118968
2024-06-27 12:05:54,0.117144
2024-06-27 12:05:55,0.134632
2024-06-27 12:05:56,0.170528
2024-06-27 12:05:57,0.1576
2024-06-27 12:05:58,0.173048
2024-06-27 12:05:59,0.141872
2024-06-27 12:06:00,0.158152
2024-06-27 12:06:01,0.13452
2024-06-27 12:06:02,0.14328
2024-06-27 12:06:03,0.115928
2024-06-27 12:06:04,0.125144
2024-06-27 12:06:05,0.130248
2024-06-27 12:06:06,0.133664
2024-06-27 12:06:07,0.105384
2024-06-27 12:06:08,0.0996
2024-06-27 12:06:09,0.103672
2024-06-27 12:06:10,0.096256
2024-06-27 12:06:11,0.097368
2024-06-27 12:06:12,0.10596
2024-06-27 12:06:13,0.142384
2024-06-27 12:06:14,0.128376
2024-06-27 12:06:15,0.144192
2024-06-27 12:06:16,0.118208
2024-06-27 12:06:17,0.14756
2024-06-27 12:06:18,0.116096
2024-06-27 12:06:19,0.136632
2024-06-27 12:06:20,0.168576
2024-06-27 12:06:21,0.160912
2024-06-27 12:06:22,0.198256
2024-06-27 12:06:23,0.128768
2024-06-27 12:06:24,0.164064
2024-06-27 12:06:25,0.134328
2024-06-27 12:06:26,0.134648
2024-06-27 12:06:27,0.153632
2024-06-27 12:06:28,0.140152
2024-06-27 12:06:29,0.133368
2024-06-27 12:06:30,0.167472
2024-06-27 12:06:31,0.130624
2024-06-27 12:06:32,0.104144
2024-06-27 12:06:33,0.11132
2024-06-27 12:06:34,0.126144
2024-06-27 12:06:35,0.115216
2024-06-27 12:06:36,0.114032
2024-06-27 12:06:37,0.126328
2024-06-27 12:06:38,0.112256
2024-06-27 12:06:39,0.126112
2024-06-27 12:06:40,0.164648
2024-06-27 12:06:41,0.090616
2024-06-27 12:06:42,0.096688
2024-06-27 12:06:43,0.110912
2024-06-27 12:06:44,0.104864
2024-06-27 12:06:45,0.11404
2024-06-27 12:06:46,0.129544
2024-06-27 12:06:47,0.15312
2024-06-27 12:06:48,0.158184
2024-06-27 12:06:49,0.128536
2024-06-27 12:06:50,0.117312
2024-06-27 12:06:51,0.13104
2024-06-27 12:06:52,0.129416
2024-06-27 12:06:53,0.124248
2024-06-27 12:06:54,0.145816
2024-06-27 12:06:55,0.123088
2024-06-27 12:06:56,0.12288
2024-06-27 12:06:57,0.120944
2024-06-27 12:06:58,0.129944
2024-06-27 12:06:59,0.127368
2024-06-27 12:07:00,0.125712
2024-06-27 12:07:01,0.157464
2024-06-27 12:07:02,0.142776
2024-06-27 12:07:03,0.182112
2024-06-27 12:07:04,0.138424
2024-06-27 12:07:05,0.148968
2024-06-27 12:07:06,0.17136
2024-06-27 12:07:07,0.250032
2024-06-27 12:07:08,0.204536
2024-06-27 12:07:09,0.230904
2024-06-27 12:07:10,0.2348
2024-06-27 12:07:11,0.203512
2024-06-27 12:07:12,0.17892
2024-06-27 12:07:13,0.169888
2024-06-27 12:07:14,0.13832
2024-06-27 12:07:15,0.159824
2024-06-27 12:07:16,0.138152
2024-06-27 12:07:17,0.150864
2024-06-27 12:07:18,0.110624
2024-06-27 12:07:19,0.150992
2024-06-27 12:07:20,0.14488
2024-06-27 12:07:21,0.136064
2024-06-27 12:07:22,0.129144
2024-06-27 12:07:23,0.095824
2024-06-27 12:07:24,0.115568
2024-06-27 12:07:25,0.130744
2024-06-27 12:07:26,0.117288
2024-06-27 12:07:27,0.123912
2024-06-27 12:07:28,0.122216
2024-06-27 12:07:29,0.115664
2024-06-27 12:07:30,0.100072
2024-06-27 12:07:31,0.11264
2024-06-27 12:07:32,0.137224
2024-06-27 12:07:33,0.127336
2024-06-27 12:07:34,0.183048
2024-06-27 12:07:35,0.165024
2024-06-27 12:07:36,0.193992
2024-06-27 12:07:37,0.166768
2024-06-27 12:07:38,0.232712
2024-06-27 12:07:39,0.246688
2024-06-27 12:07:40,0.258192
2024-06-27 12:07:41,0.183144
2024-06-27 12:07:42,0.210992
2024-06-27 12:07:43,0.163408
2024-06-27 12:07:44,0.161984
2024-06-27 12:07:45,0.175392
2024-06-27 12:07:46,0.184216
2024-06-27 12:07:47,0.173136
2024-06-27 12:07:48,0.164432
2024-06-27 12:07:49,0.1484
2024-06-27 12:07:50,0.146672
2024-06-27 12:07:51,0.131424
2024-06-27 12:07:52,0.138976
2024-06-27 12:07:53,0.13816
2024-06-27 12:07:54,0.143808
2024-06-27 12:07:55,0.16528
2024-06-27 12:07:56,0.151136
2024-06-27 12:07:57,0.22584
2024-06-27 12:07:58,0.180352
2024-06-27 12:07:59,0.16852
2024-06-27 12:08:00,0.245784
2024-06-27 12:08:01,0.255728
2024-06-27 12:08:02,0.284144
2024-06-27 12:08:03,0.316048
2024-06-27 12:08:04,0.271216
2024-06-27 12:08:05,0.291672
2024-06-27 12:08:06,0.233072
2024-06-27 12:08:07,0.252536
2024-06-27 12:08:08,0.226592
2024-06-27 12:08:09,0.211312
2024-06-27 12:08:10,0.199552
2024-06-27 12:08:11,0.176512
2024-06-27 12:08:12,0.207616
2024-06-27 12:08:13,0.147696
2024-06-27 12:08:14,0.128664
2024-06-27 12:08:15,0.210608
2024-06-27 12:08:16,0.172832
2024-06-27 12:08:17,0.236128
2024-06-27 12:08:18,0.168144
2024-06-27 12:08:19,0.1244
2024-06-27 12:08:20,0.12856
2024-06-27 12:08:21,0.117656
2024-06-27 12:08:22,0.147192
2024-06-27 12:08:23,0.14512
2024-06-27 12:08:24,0.12788
2024-06-27 12:08:25,0.130208
2024-06-27 12:08:26,0.136944
2024-06-27 12:08:27,0.144544
2024-06-27 12:08:28,0.19488
2024-06-27 12:08:29,0.287072
2024-06-27 12:08:30,0.249384
2024-06-27 12:08:31,0.2184
2024-06-27 12:08:32,0.219024
2024-06-27 12:08:33,0.1818
2024-06-27 12:08:34,0.160144
2024-06-27 12:08:35,0.145936
2024-06-27 12:08:36,0.15952
2024-06-27 12:08:37,0.136344
2024-06-27 12:08:38,0.132624
2024-06-27 12:08:39,0.128896
2024-06-27 12:08:40,0.113616
2024-06-27 12:08:41,0.115912
2024-06-27 12:08:42,0.113272
2024-06-27 12:08:43,0.130376
2024-06-27 12:08:44,0.148648
2024-06-27 12:08:45,0.14016
2024-06-27 12:08:46,0.15428
2024-06-27 12:08:47,0.140008
2024-06-27 12:08:48,0.144344
2024-06-27 12:08:49,0.1338
2024-06-27 12:08:50,0.151264
2024-06-27 12:08:51,0.127856
2024-06-27 12:08:52,0.181248
2024-06-27 12:08:53,0.200752
2024-06-27 12:08:54,0.197568
2024-06-27 12:08:55,0.228224
2024-06-27 12:08:56,0.286544
2024-06-27 12:08:57,0.163992
2024-06-27 12:08:58,0.218408
2024-06-27 12:08:59,0.212792
2024-06-27 12:09:00,0.22748
2024-06-27 12:09:01,0.194272
2024-06-27 12:09:02,0.134288
2024-06-27 12:09:03,0.147568
2024-06-27 12:09:04,0.099
2024-06-27 12:09:05,0.117152
2024-06-27 12:09:06,0.113256
2024-06-27 12:09:07,0.093152
2024-06-27 12:09:08,0.113376
2024-06-27 12:09:09,0.088856
2024-06-27 12:09:10,0.09348
2024-06-27 12:09:11,0.135576
2024-06-27 12:09:12,0.208016
2024-06-27 12:09:13,0.249312
2024-06-27 12:09:14,0.254856
2024-06-27 12:09:15,0.248336
2024-06-27 12:09:16,0.174704
2024-06-27 12:09:17,0.146336
2024-06-27 12:09:18,0.158352
2024-06-27 12:09:19,0.107664
2024-06-27 12:09:20,0.098488
2024-06-27 12:09:21,0.116824
2024-06-27 12:09:22,0.13144
2024-06-27 12:09:23,0.126288
2024-06-27 12:09:24,0.13032
2024-06-27 12:09:25,0.09148
2024-06-27 12:09:26,0.09924
2024-06-27 12:09:27,0.097224
2024-06-27 12:09:28,0.153456
2024-06-27 12:09:29,0.17888
2024-06-27 12:09:30,0.144656
2024-06-27 12:09:31,0.176856
2024-06-27 12:09:32,0.26716
2024-06-27 12:09:33,0.233752
2024-06-27 12:09:34,0.197328
2024-06-27 12:09:35,0.199664
2024-06-27 12:09:36,0.177328
2024-06-27 12:09:37,0.144664
2024-06-27 12:09:38,0.140304
2024-06-27 12:09:39,0.145336
2024-06-27 12:09:40,0.151472
2024-06-27 12:09:41,0.123296
2024-06-27 12:09:42,0.136712
2024-06-27 12:09:43,0.162232
2024-06-27 12:09:44,0.215904
2024-06-27 12:09:45,0.151248
2024-06-27 12:09:46,0.154128
2024-06-27 12:09:47,0.144048
2024-06-27 12:09:48,0.143664
2024-06-27 12:09:49,0.11808
2024-06-27 12:09:50,0.088352
2024-06-27 12:09:51,0.102152
2024-06-27 12:09:52,0.105352
2024-06-27 12:09:53,0.136384
2024-06-27 12:09:54,0.112704
2024-06-27 12:09:55,0.118208
2024-06-27 12:09:56,0.106464
2024-06-27 12:09:57,0.161248
2024-06-27 12:09:58,0.102432
2024-06-27 12:09:59,0.122232
2024-06-27 12:10:00,0.121896
2024-06-27 12:10:01,0.134416
2024-06-27 12:10:02,0.121576
2024-06-27 12:10:03,0.1096
2024-06-27 12:10:04,0.121688
2024-06-27 12:10:05,0.102
2024-06-27 12:10:06,0.1072
2024-06-27 12:10:07,0.12292
2024-06-27 12:10:08,0.126704
2024-06-27 12:10:09,0.157144
2024-06-27 12:10:10,0.24544
2024-06-27 12:10:11,0.217264
2024-06-27 12:10:12,0.177
2024-06-27 12:10:13,0.130624
2024-06-27 12:10:14,0.13572
2024-06-27 12:10:15,0.113688
2024-06-27 12:10:16,0.106704
2024-06-27 12:10:17,0.1142
2024-06-27 12:10:18,0.1206
2024-06-27 12:10:19,0.081992
2024-06-27 12:10:20,0.101208
2024-06-27 12:10:21,0.104712
2024-06-27 12:10:22,0.143288
2024-06-27 12:10:23,0.124968
2024-06-27 12:10:24,0.14828
2024-06-27 12:10:25,0.133256
2024-06-27 12:10:26,0.16656
2024-06-27 12:10:27,0.123864
2024-06-27 12:10:28,0.157152
2024-06-27 12:10:29,0.219616
2024-06-27 12:10:30,0.234
2024-06-27 12:10:31,0.228944
2024-06-27 12:10:32,0.197472
2024-06-27 12:10:33,0.120824
2024-06-27 12:10:34,0.148056
2024-06-27 12:10:35,0.159768
2024-06-27 12:10:36,0.14944
2024-06-27 12:10:37,0.179688
2024-06-27 12:10:38,0.1196
2024-06-27 12:10:39,0.092824
2024-06-27 12:10:40,0.093184
2024-06-27 12:10:41,0.108376
2024-06-27 12:10:42,0.109448
2024-06-27 12:10:43,0.09916
2024-06-27 12:10:44,0.14096
2024-06-27 12:10:45,0.201336
2024-06-27 12:10:46,0.185296
2024-06-27 12:10:47,0.214064
2024-06-27 12:10:48,0.221056
2024-06-27 12:10:49,0.157712
2024-06-27 12:10:50,0.261032
2024-06-27 12:10:51,0.217464
2024-06-27 12:10:52,0.197208
2024-06-27 12:10:53,0.1714
2024-06-27 12:10:54,0.15152
2024-06-27 12:10:55,0.14756
2024-06-27 12:10:56,0.159752
2024-06-27 12:10:57,0.258632
2024-06-27 12:10:58,0.25516
2024-06-27 12:10:59,0.235472
2024-06-27 12:11:00,0.299344
2024-06-27 12:11:01,0.211072
2024-06-27 12:11:02,0.222296
2024-06-27 12:11:03,0.212072
2024-06-27 12:11:04,0.207032
2024-06-27 12:11:05,0.152
2024-06-27 12:11:06,0.232472
2024-06-27 12:11:07,0.281408
2024-06-27 12:11:08,0.29372
2024-06-27 12:11:09,0.259888
2024-06-27 12:11:10,0.254368
2024-06-27 12:11:11,0.274528
2024-06-27 12:11:12,0.161992
2024-06-27 12:11:13,0.278008
2024-06-27 12:11:14,0.314224
2024-06-27 12:11:15,0.221904
2024-06-27 12:11:16,0.358
2024-06-27 12:11:17,0.23872
2024-06-27 12:11:18,0.278464
2024-06-27 12:11:19,0.272864
2024-06-27 12:11:20,0.260752
2024-06-27 12:11:21,0.222952
2024-06-27 12:11:22,0.219016
2024-06-27 12:11:23,0.2224
2024-06-27 12:11:24,0.263208
2024-06-27 12:11:25,0.22328
2024-06-27 12:11:26,0.178112
2024-06-27 12:11:27,0.20576
2024-06-27 12:11:28,0.148872
2024-06-27 12:11:29,0.179208
2024-06-27 12:11:30,0.198536
2024-06-27 12:11:31,0.147528
2024-06-27 12:11:32,0.123712
2024-06-27 12:11:33,0.177608
2024-06-27 12:11:34,0.210752
2024-06-27 12:11:35,0.109288
2024-06-27 12:11:36,0.118296
2024-06-27 12:11:37,0.10568
2024-06-27 12:11:38,0.106888
2024-06-27 12:11:39,0.101832
2024-06-27 12:11:40,0.095064
2024-06-27 12:11:41,0.118272
2024-06-27 12:11:42,0.10984
2024-06-27 12:11:43,0.160328
2024-06-27 12:11:44,0.141792
2024-06-27 12:11:45,0.117896
2024-06-27 12:11:46,0.105592
2024-06-27 12:11:47,0.117152
2024-06-27 12:11:48,0.128664
2024-06-27 12:11:49,0.18304
2024-06-27 12:11:50,0.102136
2024-06-27 12:11:51,0.088544
2024-06-27 12:11:52,0.076776
2024-06-27 12:11:53,0.07972
2024-06-27 12:11:54,0.08144
2024-06-27 12:11:55,0.083032
2024-06-27 12:11:56,0.084384
2024-06-27 12:11:57,0.09968
2024-06-27 12:11:58,0.111504
2024-06-27 12:11:59,0.106808
2024-06-27 12:12:00,0.1284
2024-06-27 12:12:01,0.118416
2024-06-27 12:12:02,0.116672
2024-06-27 12:12:03,0.121216
2024-06-27 12:12:04,0.118416
2024-06-27 12:12:05,0.098376
2024-06-27 12:12:06,0.095216
2024-06-27 12:12:07,0.107352
2024-06-27 12:12:08,0.101552
2024-06-27 12:12:09,0.090136
2024-06-27 12:12:10,0.106168
2024-06-27 12:12:11,0.091184
2024-06-27 12:12:12,0.11884
2024-06-27 12:12:13,0.1332
2024-06-27 12:12:14,0.191184
2024-06-27 12:12:15,0.189912
2024-06-27 12:12:16,0.14288
2024-06-27 12:12:17,0.24116
2024-06-27 12:12:18,0.241624
2024-06-27 12:12:19,0.150608
2024-06-27 12:12:20,0.157288
2024-06-27 12:12:21,0.126808
2024-06-27 12:12:22,0.099504
2024-06-27 12:12:23,0.12792
2024-06-27 12:12:24,0.098512
2024-06-27 12:12:25,0.13652
2024-06-27 12:12:26,0.096584
2024-06-27 12:12:27,0.130232
2024-06-27 12:12:28,0.100648
2024-06-27 12:12:29,0.120288
2024-06-27 12:12:30,0.145632
2024-06-27 12:12:31,0.145232
2024-06-27 12:12:32,0.158912
2024-06-27 12:12:33,0.24564
2024-06-27 12:12:34,0.293392
2024-06-27 12:12:35,0.241784
2024-06-27 12:12:36,0.168384
2024-06-27 12:12:37,0.135896
2024-06-27 12:12:38,0.177384
2024-06-27 12:12:39,0.120712
2024-06-27 12:12:40,0.116544
2024-06-27 12:12:41,0.108672
2024-06-27 12:12:42,0.113664
2024-06-27 12:12:43,0.138624
2024-06-27 12:12:44,0.130872
2024-06-27 12:12:45,0.154952
2024-06-27 12:12:46,0.147056
2024-06-27 12:12:47,0.174976
2024-06-27 12:12:48,0.150768
2024-06-27 12:12:49,0.153288
2024-06-27 12:12:50,0.152848
2024-06-27 12:12:51,0.199968
2024-06-27 12:12:52,0.192152
2024-06-27 12:12:53,0.144136
2024-06-27 12:12:54,0.120696
2024-06-27 12:12:55,0.18404
2024-06-27 12:12:56,0.143488
2024-06-27 12:12:57,0.1464
2024-06-27 12:12:58,0.128
2024-06-27 12:12:59,0.128752
2024-06-27 12:13:00,0.15176
2024-06-27 12:13:01,0.142104
2024-06-27 12:13:02,0.13132
2024-06-27 12:13:03,0.154008
2024-06-27 12:13:04,0.126952
2024-06-27 12:13:05,0.142112
2024-06-27 12:13:06,0.120848
2024-06-27 12:13:07,0.097912
2024-06-27 12:13:08,0.120136
2024-06-27 12:13:09,0.163408
2024-06-27 12:13:10,0.1324
2024-06-27 12:13:11,0.15016
2024-06-27 12:13:12,0.276624
2024-06-27 12:13:13,0.305432
2024-06-27 12:13:14,0.261696
2024-06-27 12:13:15,0.32412
2024-06-27 12:13:16,0.199032
2024-06-27 12:13:17,0.18388
2024-06-27 12:13:18,0.213776
2024-06-27 12:13:19,0.212512
2024-06-27 12:13:20,0.147624
2024-06-27 12:13:21,0.176856
2024-06-27 12:13:22,0.202512
2024-06-27 12:13:23,0.185896
2024-06-27 12:13:24,0.219352
2024-06-27 12:13:25,0.228832
2024-06-27 12:13:26,0.210232
2024-06-27 12:13:27,0.23116
2024-06-27 12:13:28,0.200656
2024-06-27 12:13:29,0.231184
2024-06-27 12:13:30,0.291328
2024-06-27 12:13:31,0.422048
2024-06-27 12:13:32,0.2696
2024-06-27 12:13:33,0.386952
2024-06-27 12:13:34,0.329936
2024-06-27 12:13:35,0.376464
2024-06-27 12:13:36,0.356088
2024-06-27 12:13:37,0.257616
2024-06-27 12:13:38,0.217
2024-06-27 12:13:39,0.2114
2024-06-27 12:13:40,0.216496
2024-06-27 12:13:41,0.220352
2024-06-27 12:13:42,0.134824
2024-06-27 12:13:43,0.159528
2024-06-27 12:13:44,0.137976
2024-06-27 12:13:45,0.138976
2024-06-27 12:13:46,0.209592
2024-06-27 12:13:47,0.183176
2024-06-27 12:13:48,0.136576
2024-06-27 12:13:49,0.122512
2024-06-27 12:13:50,0.14244
2024-06-27 12:13:51,0.146744
2024-06-27 12:13:52,0.180152
2024-06-27 12:13:53,0.152528
2024-06-27 12:13:54,0.305448
2024-06-27 12:13:55,0.230856
2024-06-27 12:13:56,0.126936
2024-06-27 12:13:57,0.128752
2024-06-27 12:13:58,0.17948
2024-06-27 12:13:59,0.110784
2024-06-27 12:14:00,0.137024
2024-06-27 12:14:01,0.128928
2024-06-27 12:14:02,0.12112
2024-06-27 12:14:03,0.115472
2024-06-27 12:14:04,0.115656
2024-06-27 12:14:05,0.135144
2024-06-27 12:14:06,0.114528
2024-06-27 12:14:07,0.121184
2024-06-27 12:14:08,0.111832
2024-06-27 12:14:09,0.110152
2024-06-27 12:14:10,0.09928
2024-06-27 12:14:11,0.10572
2024-06-27 12:14:12,0.11268
2024-06-27 12:14:13,0.103672
2024-06-27 12:14:14,0.121504
2024-06-27 12:14:15,0.16268
2024-06-27 12:14:16,0.17224
2024-06-27 12:14:17,0.19384
2024-06-27 12:14:18,0.184904
2024-06-27 12:14:19,0.152088
2024-06-27 12:14:20,0.16676
2024-06-27 12:14:21,0.139736
2024-06-27 12:14:22,0.116808
2024-06-27 12:14:23,0.13676
2024-06-27 12:14:24,0.12628
2024-06-27 12:14:25,0.128744
2024-06-27 12:14:26,0.101736
2024-06-27 12:14:27,0.114776
2024-06-27 12:14:28,0.139968
2024-06-27 12:14:29,0.142248
2024-06-27 12:14:30,0.123424
2024-06-27 12:14:31,0.119248
2024-06-27 12:14:32,0.129448
2024-06-27 12:14:33,0.147688
2024-06-27 12:14:34,0.122336
2024-06-27 12:14:35,0.128608
2024-06-27 12:14:36,0.112616
2024-06-27 12:14:37,0.123152
2024-06-27 12:14:38,0.137264
2024-06-27 12:14:39,0.13464
2024-06-27 12:14:40,0.128776
2024-06-27 12:14:41,0.125216
2024-06-27 12:14:42,0.114936
2024-06-27 12:14:43,0.117664
2024-06-27 12:14:44,0.118312
2024-06-27 12:14:45,0.137968
2024-06-27 12:14:46,0.130136
2024-06-27 12:14:47,0.150344
2024-06-27 12:14:48,0.131984
2024-06-27 12:14:49,0.138008
2024-06-27 12:14:50,0.15056
2024-06-27 12:14:51,0.129064
2024-06-27 12:14:52,0.173768
2024-06-27 12:14:53,0.16348
2024-06-27 12:14:54,0.175712
2024-06-27 12:14:55,0.25632
2024-06-27 12:14:56,0.154016
2024-06-27 12:14:57,0.150256
2024-06-27 12:14:58,0.163792
2024-06-27 12:14:59,0.112712
2024-06-27 12:15:00,0.100264
2024-06-27 12:15:01,0.126232
2024-06-27 12:15:02,0.120776
2024-06-27 12:15:03,0.117968
2024-06-27 12:15:04,0.14528
2024-06-27 12:15:05,0.119232
2024-06-27 12:15:06,0.20928
2024-06-27 12:15:07,0.256344
2024-06-27 12:15:08,0.202736
2024-06-27 12:15:09,0.149952
2024-06-27 12:15:10,0.171208
2024-06-27 12:15:11,0.128584
2024-06-27 12:15:12,0.115808
2024-06-27 12:15:13,0.117032
2024-06-27 12:15:14,0.140176
2024-06-27 12:15:15,0.131064
2024-06-27 12:15:16,0.128104
2024-06-27 12:15:17,0.12456
2024-06-27 12:15:18,0.230496
2024-06-27 12:15:19,0.1734
2024-06-27 12:15:20,0.168176
2024-06-27 12:15:21,0.13596
2024-06-27 12:15:22,0.13196
2024-06-27 12:15:23,0.12616
2024-06-27 12:15:24,0.186824
2024-06-27 12:15:25,0.197688
2024-06-27 12:15:26,0.2454
2024-06-27 12:15:27,0.26564
2024-06-27 12:15:28,0.187056
2024-06-27 12:15:29,0.23592
2024-06-27 12:15:30,0.229176
2024-06-27 12:15:31,0.235216
2024-06-27 12:15:32,0.232352
2024-06-27 12:15:33,0.231968
2024-06-27 12:15:34,0.176112
2024-06-27 12:15:35,0.12264
2024-06-27 12:15:36,0.107736
2024-06-27 12:15:37,0.109824
2024-06-27 12:15:38,0.117328
2024-06-27 12:15:39,0.140016
2024-06-27 12:15:40,0.212456
2024-06-27 12:15:41,0.196304
2024-06-27 12:15:42,0.160784
2024-06-27 12:15:43,0.154152
2024-06-27 12:15:44,0.16724
2024-06-27 12:15:45,0.179288
2024-06-27 12:15:46,0.153736
2024-06-27 12:15:47,0.131256
2024-06-27 12:15:48,0.206112
2024-06-27 12:15:49,0.242048
2024-06-27 12:15:50,0.257848
2024-06-27 12:15:51,0.278
2024-06-27 12:15:52,0.198016
2024-06-27 12:15:53,0.276608
2024-06-27 12:15:54,0.251872
2024-06-27 12:15:55,0.268208
2024-06-27 12:15:56,0.228912
2024-06-27 12:15:57,0.2014
2024-06-27 12:15:58,0.15624
2024-06-27 12:15:59,0.13412
2024-06-27 12:16:00,0.137608
2024-06-27 12:16:01,0.135184
2024-06-27 12:16:02,0.166168
2024-06-27 12:16:03,0.244632
2024-06-27 12:16:04,0.203008
2024-06-27 12:16:05,0.178304
2024-06-27 12:16:06,0.127496
2024-06-27 12:16:07,0.136768
2024-06-27 12:16:08,0.112416
2024-06-27 12:16:09,0.131664
2024-06-27 12:16:10,0.114072
2024-06-27 12:16:11,0.125464
2024-06-27 12:16:12,0.122048
2024-06-27 12:16:13,0.132624
2024-06-27 12:16:14,0.110688
2024-06-27 12:16:15,0.190376
2024-06-27 12:16:16,0.215232
2024-06-27 12:16:17,0.174248
2024-06-27 12:16:18,0.227656
2024-06-27 12:16:19,0.156192
2024-06-27 12:16:20,0.141544
2024-06-27 12:16:21,0.109272
2024-06-27 12:16:22,0.10624
2024-06-27 12:16:23,0.11536
2024-06-27 12:16:24,0.1064
2024-06-27 12:16:25,0.09836
2024-06-27 12:16:26,0.088448
2024-06-27 12:16:27,0.08596
2024-06-27 12:16:28,0.078312
2024-06-27 12:16:29,0.084016
2024-06-27 12:16:30,0.08856
2024-06-27 12:16:31,0.076904
2024-06-27 12:16:32,0.081136
2024-06-27 12:16:33,0.079968
2024-06-27 12:16:34,0.131976
2024-06-27 12:16:35,0.127304
2024-06-27 12:16:36,0.144952
2024-06-27 12:16:37,0.154304
2024-06-27 12:16:38,0.135952
2024-06-27 12:16:39,0.126016
2024-06-27 12:16:40,0.141048
2024-06-27 12:16:41,0.125264
2024-06-27 12:16:42,0.133368
2024-06-27 12:16:43,0.16196
2024-06-27 12:16:44,0.138776
2024-06-27 12:16:45,0.151008
2024-06-27 12:16:46,0.149856
2024-06-27 12:16:47,0.102152
2024-06-27 12:16:48,0.118664
2024-06-27 12:16:49,0.1116
2024-06-27 12:16:50,0.093728
2024-06-27 12:16:51,0.094856
2024-06-27 12:16:52,0.10876
2024-06-27 12:16:53,0.133384
2024-06-27 12:16:54,0.15324
2024-06-27 12:16:55,0.25064
2024-06-27 12:16:56,0.211904
2024-06-27 12:16:57,0.152696
2024-06-27 12:16:58,0.141216
2024-06-27 12:16:59,0.131648
2024-06-27 12:17:00,0.1408
2024-06-27 12:17:01,0.129792
2024-06-27 12:17:02,0.177376
2024-06-27 12:17:03,0.092064
2024-06-27 12:17:04,0.114448
2024-06-27 12:17:05,0.108864
2024-06-27 12:17:06,0.104032
2024-06-27 12:17:07,0.113192
2024-06-27 12:17:08,0.100488
2024-06-27 12:17:09,0.099752
2024-06-27 12:17:10,0.109248
2024-06-27 12:17:11,0.126128
2024-06-27 12:17:12,0.115656
2024-06-27 12:17:13,0.140904
2024-06-27 12:17:14,0.13788
2024-06-27 12:17:15,0.127504
2024-06-27 12:17:16,0.133704
2024-06-27 12:17:17,0.12888
2024-06-27 12:17:18,0.155968
2024-06-27 12:17:19,0.129672
2024-06-27 12:17:20,0.1156
2024-06-27 12:17:21,0.12872
2024-06-27 12:17:22,0.15012
2024-06-27 12:17:23,0.137912
2024-06-27 12:17:24,0.105888
2024-06-27 12:17:25,0.132472
2024-06-27 12:17:26,0.107232
2024-06-27 12:17:27,0.092472
2024-06-27 12:17:28,0.098088
2024-06-27 12:17:29,0.104656
2024-06-27 12:17:30,0.143408
2024-06-27 12:17:31,0.16244
2024-06-27 12:17:32,0.202912
2024-06-27 12:17:33,0.264688
2024-06-27 12:17:34,0.183136
2024-06-27 12:17:35,0.2034
2024-06-27 12:17:36,0.153384
2024-06-27 12:17:37,0.22436
2024-06-27 12:17:38,0.25068
2024-06-27 12:17:39,0.177256
2024-06-27 12:17:40,0.290448
2024-06-27 12:17:41,0.259352
2024-06-27 12:17:42,0.28792
2024-06-27 12:17:43,0.386592
2024-06-27 12:17:44,0.247608
2024-06-27 12:17:45,0.234896
2024-06-27 12:17:46,0.274136
2024-06-27 12:17:47,0.211248
2024-06-27 12:17:48,0.183496
2024-06-27 12:17:49,0.16616
2024-06-27 12:17:50,0.149728
2024-06-27 12:17:51,0.123
2024-06-27 12:17:52,0.158304
2024-06-27 12:17:53,0.11532
2024-06-27 12:17:54,0.123424
2024-06-27 12:17:55,0.128472
2024-06-27 12:17:56,0.122112
2024-06-27 12:17:57,0.139976
2024-06-27 12:17:58,0.135928
2024-06-27 12:17:59,0.159136
2024-06-27 12:18:00,0.166184
2024-06-27 12:18:01,0.187224
2024-06-27 12:18:02,0.180008
2024-06-27 12:18:03,0.169528
2024-06-27 12:18:04,0.162768
2024-06-27 12:18:05,0.150112
2024-06-27 12:18:06,0.151072
2024-06-27 12:18:07,0.129672
2024-06-27 12:18:08,0.142168
2024-06-27 12:18:09,0.172944
2024-06-27 12:18:10,0.171328
2024-06-27 12:18:11,0.153496
2024-06-27 12:18:12,0.18204
2024-06-27 12:18:13,0.207456
2024-06-27 12:18:14,0.155536
2024-06-27 12:18:15,0.177704
2024-06-27 12:18:16,0.164016
2024-06-27 12:18:17,0.18348
2024-06-27 12:18:18,0.173368
2024-06-27 12:18:19,0.203296
2024-06-27 12:18:20,0.183672
2024-06-27 12:18:21,0.136696
2024-06-27 12:18:22,0.13256
2024-06-27 12:18:23,0.11584
2024-06-27 12:18:24,0.170776
2024-06-27 12:18:25,0.143384
2024-06-27 12:18:26,0.124752
2024-06-27 12:18:27,0.118008
2024-06-27 12:18:28,0.094032
2024-06-27 12:18:29,0.08744
2024-06-27 12:18:30,0.10104
2024-06-27 12:18:31,0.106096
2024-06-27 12:18:32,0.102192
2024-06-27 12:18:33,0.09492
2024-06-27 12:18:34,0.103048
2024-06-27 12:18:35,0.078272
2024-06-27 12:18:36,0.098584
2024-06-27 12:18:37,0.122904
2024-06-27 12:18:38,0.141056
2024-06-27 12:18:39,0.13512
2024-06-27 12:18:40,0.147968
2024-06-27 12:18:41,0.141536
2024-06-27 12:18:42,0.114496
2024-06-27 12:18:43,0.127704
2024-06-27 12:18:44,0.14848
2024-06-27 12:18:45,0.112544
2024-06-27 12:18:46,0.119032
2024-06-27 12:18:47,0.116888
2024-06-27 12:18:48,0.129296
2024-06-27 12:18:49,0.097696
2024-06-27 12:18:50,0.124056
2024-06-27 12:18:51,0.125392
2024-06-27 12:18:52,0.114016
2024-06-27 12:18:53,0.131376
2024-06-27 12:18:54,0.16936
2024-06-27 12:18:55,0.181904
2024-06-27 12:18:56,0.190968
2024-06-27 12:18:57,0.217512
2024-06-27 12:18:58,0.274744
2024-06-27 12:18:59,0.248968
2024-06-27 12:19:00,0.186112
2024-06-27 12:19:01,0.16076
2024-06-27 12:19:02,0.198344
2024-06-27 12:19:03,0.158568
2024-06-27 12:19:04,0.105864
2024-06-27 12:19:05,0.11564
2024-06-27 12:19:06,0.133144
2024-06-27 12:19:07,0.103792
2024-06-27 12:19:08,0.11732
2024-06-27 12:19:09,0.112472
2024-06-27 12:19:10,0.146312
2024-06-27 12:19:11,0.088784
2024-06-27 12:19:12,0.115336
2024-06-27 12:19:13,0.123608
2024-06-27 12:19:14,0.118024
2024-06-27 12:19:15,0.12332
2024-06-27 12:19:16,0.108592
2024-06-27 12:19:17,0.078168
2024-06-27 12:19:18,0.12016
2024-06-27 12:19:19,0.088048
2024-06-27 12:19:20,0.100496
2024-06-27 12:19:21,0.108048
2024-06-27 12:19:22,0.175792
2024-06-27 12:19:23,0.134104
2024-06-27 12:19:24,0.13
2024-06-27 12:19:25,0.090168
2024-06-27 12:19:26,0.106504
2024-06-27 12:19:27,0.115768
2024-06-27 12:19:28,0.127216
2024-06-27 12:19:29,0.112368
2024-06-27 12:19:30,0.095592
2024-06-27 12:19:31,0.10688
2024-06-27 12:19:32,0.126888
2024-06-27 12:19:33,0.101976
2024-06-27 12:19:34,0.119848
2024-06-27 12:19:35,0.1248
2024-06-27 12:19:36,0.128888
2024-06-27 12:19:37,0.12872
2024-06-27 12:19:38,0.128032
2024-06-27 12:19:39,0.11884
2024-06-27 12:19:40,0.13336
2024-06-27 12:19:41,0.122568
2024-06-27 12:19:42,0.178272
2024-06-27 12:19:43,0.174776
2024-06-27 12:19:44,0.158848
2024-06-27 12:19:45,0.176064
2024-06-27 12:19:46,0.09352
2024-06-27 12:19:47,0.10652
2024-06-27 12:19:48,0.105096
2024-06-27 12:19:49,0.128096
2024-06-27 12:19:50,0.1208
2024-06-27 12:19:51,0.141208
2024-06-27 12:19:52,0.115472
2024-06-27 12:19:53,0.131552
2024-06-27 12:19:54,0.154752
2024-06-27 12:19:55,0.152992
2024-06-27 12:19:56,0.170488
2024-06-27 12:19:57,0.175104
2024-06-27 12:19:58,0.186632
2024-06-27 12:19:59,0.173096
2024-06-27 12:20:00,0.16356
2024-06-27 12:20:01,0.180376
2024-06-27 12:20:02,0.239184
2024-06-27 12:20:03,0.19596
2024-06-27 12:20:04,0.165328
2024-06-27 12:20:05,0.215752
2024-06-27 12:20:06,0.226432
2024-06-27 12:20:07,0.285584
2024-06-27 12:20:08,0.330688
2024-06-27 12:20:09,0.314664
2024-06-27 12:20:10,0.363224
2024-06-27 12:20:11,0.31744
2024-06-27 12:20:12,0.272816
2024-06-27 12:20:13,0.2172
2024-06-27 12:20:14,0.230424
2024-06-27 12:20:15,0.238784
2024-06-27 12:20:16,0.270696
2024-06-27 12:20:17,0.179088
2024-06-27 12:20:18,0.11304
2024-06-27 12:20:19,0.061472
2024-06-27 12:20:20,0.063288
2024-06-27 12:20:21,0.059624
2024-06-27 12:20:22,0.017448
2024-06-27 12:20:23,0.00568
2024-06-27 12:36:28,0.024824
2024-06-27 12:36:29,0.101424
2024-06-27 12:36:30,0.030464
2024-06-27 12:36:31,0.025856
2024-06-27 12:36:32,0.017392
2024-06-27 12:36:33,0.041088
2024-06-27 12:36:34,0.308336
2024-06-27 12:36:35,0.044152
2024-06-27 12:36:36,0.057464
2024-06-27 12:36:37,0.077256
2024-06-27 12:36:38,0.039768
2024-06-27 12:36:39,0.034048
2024-06-27 12:36:40,0.03204
2024-06-27 12:36:41,0.033264
2024-06-27 12:36:42,0.030952
2024-06-27 12:36:43,0.038776
2024-06-27 12:36:44,0.038128
2024-06-27 12:36:45,0.036736
2024-06-27 12:36:46,0.03948
2024-06-27 12:36:47,0.039416
2024-06-27 12:36:48,0.03704
2024-06-27 12:36:49,0.0306
2024-06-27 12:36:50,0.027416
2024-06-27 12:36:51,0.027528
2024-06-27 12:36:52,0.023072
2024-06-27 12:36:53,0.029624
2024-06-27 12:36:54,0.049272
2024-06-27 12:36:55,0.027216
2024-06-27 12:36:56,0.030328
2024-06-27 12:36:57,0.028904
2024-06-27 12:36:58,0.024048
2024-06-27 12:36:59,0.02552
2024-06-27 12:37:00,0.022168
2024-06-27 12:37:01,0.025216
2024-06-27 12:37:02,0.02096
2024-06-27 12:37:03,0.026536
2024-06-27 12:37:04,0.023064
2024-06-27 12:37:05,0.027632
2024-06-27 12:37:06,0.019968
2024-06-27 12:37:07,0.022216
2024-06-27 12:37:08,0.01896
2024-06-27 12:37:09,0.024424
2024-06-27 12:37:10,0.018448
2024-06-27 12:37:11,0.02212
2024-06-27 12:37:12,0.020824
2024-06-27 12:37:13,0.02232
2024-06-27 12:37:14,0.019856
2024-06-27 12:37:15,0.022224
2024-06-27 12:37:16,0.021576
2024-06-27 12:37:17,0.027832
2024-06-27 12:37:18,0.02088
2024-06-27 12:37:19,0.027432
2024-06-27 12:37:20,0.025072
2024-06-27 12:37:21,0.022432
2024-06-27 12:37:22,0.020168
2024-06-27 12:37:23,0.024432
2024-06-27 12:37:24,0.023168
2024-06-27 12:37:25,0.023432
2024-06-27 12:37:26,0.024048
2024-06-27 12:37:27,0.028728
2024-06-27 12:37:28,0.025968
2024-06-27 12:37:29,0.02504
2024-06-27 12:37:30,0.026272
2024-06-27 12:37:31,0.025328
2024-06-27 12:37:32,0.023072
2024-06-27 12:37:33,0.028024
2024-06-27 12:37:34,0.022976
2024-06-27 12:37:35,0.025336
2024-06-27 12:37:36,0.02236
2024-06-27 12:37:37,0.026336
2024-06-27 12:37:38,0.025168
2024-06-27 12:37:39,0.026528
2024-06-27 12:37:40,0.02716
2024-06-27 12:37:41,0.024504
2024-06-27 12:37:42,0.028144
2024-06-27 12:37:43,0.050592
2024-06-27 12:37:44,0.028856
2024-06-27 12:37:45,0.030216
2024-06-27 12:37:46,0.028856
2024-06-27 12:37:47,0.031216
2024-06-27 12:37:48,0.025272
2024-06-27 12:37:49,0.027216
2024-06-27 12:37:50,0.197344
2024-06-27 12:37:51,0.027528
2024-06-27 12:37:52,0.03948
2024-06-27 12:37:53,0.017368
2024-06-27 12:37:54,0.03716
2024-06-27 12:37:55,0.054752
2024-06-27 12:37:56,0.043952
2024-06-27 12:37:57,0.031408
2024-06-27 12:37:58,0.017424
2024-06-27 12:37:59,0.016816
2024-06-27 12:38:00,0.02476
2024-06-27 12:38:01,0.018744
2024-06-27 12:38:02,0.020264
2024-06-27 12:38:03,0.01684
2024-06-27 12:38:04,0.01748
2024-06-27 12:38:05,0.038656
2024-06-27 12:38:06,0.039256
2024-06-27 12:38:07,0.039976
2024-06-27 12:38:08,0.033272
2024-06-27 12:38:09,0.031152
2024-06-27 12:38:10,0.034664
2024-06-27 12:38:11,0.037856
2024-06-27 12:38:12,0.023896
2024-06-27 12:38:13,0.037304
2024-06-27 12:38:14,0.023016
2024-06-27 12:38:15,0.031328
2024-06-27 12:38:16,0.03112
2024-06-27 12:38:17,0.044608
2024-06-27 12:38:18,0.059664
2024-06-27 12:38:19,0.080176
2024-06-27 12:38:20,0.065256
2024-06-27 12:38:21,0.05876
2024-06-27 12:38:22,0.04988
2024-06-27 12:38:23,0.057968
2024-06-27 12:38:24,0.06784
2024-06-27 12:38:25,0.05868
2024-06-27 12:38:26,0.03392
2024-06-27 12:38:27,0.037392
2024-06-27 12:38:28,0.067992
2024-06-27 12:38:29,0.068976
2024-06-27 12:38:30,0.100648
2024-06-27 12:38:31,0.07492
2024-06-27 12:38:32,0.136944
2024-06-27 12:38:33,0.1104
2024-06-27 12:38:34,0.11672
2024-06-27 12:38:35,0.124176
2024-06-27 12:38:36,0.103192
2024-06-27 12:38:37,0.098544
2024-06-27 12:38:38,0.087576
2024-06-27 12:38:39,0.099328
2024-06-27 12:38:40,0.082968
2024-06-27 12:38:41,0.090336
2024-06-27 12:38:42,0.0822
2024-06-27 12:38:43,0.087728
2024-06-27 12:38:44,0.089744
2024-06-27 12:38:45,0.048872
2024-06-27 12:38:46,0.054472
2024-06-27 12:38:47,0.038624
2024-06-27 12:38:48,0.053304
2024-06-27 12:38:49,0.035768
2024-06-27 12:38:50,0.063744
2024-06-27 12:38:51,0.028496
2024-06-27 12:38:52,0.030504
2024-06-27 12:38:53,0.026768
2024-06-27 12:38:54,0.031568
2024-06-27 12:38:55,0.037424
2024-06-27 12:38:56,0.055688
2024-06-27 12:38:57,0.044264
2024-06-27 12:38:58,0.059856
2024-06-27 12:38:59,0.056328
2024-06-27 12:39:00,0.04568
2024-06-27 12:39:01,0.052664
2024-06-27 12:39:02,0.034896
2024-06-27 12:39:03,0.034048
2024-06-27 12:39:04,0.030712
2024-06-27 12:39:05,0.042736
2024-06-27 12:39:06,0.02964
2024-06-27 12:39:07,0.0362
2024-06-27 12:39:08,0.033504
2024-06-27 12:39:09,0.032336
2024-06-27 12:39:10,0.03448
2024-06-27 12:39:11,0.041432
2024-06-27 12:39:12,0.032944
2024-06-27 12:39:13,0.048784
2024-06-27 12:39:14,0.0646
2024-06-27 12:39:15,0.050712
2024-06-27 12:39:16,0.075328
2024-06-27 12:39:17,0.06052
2024-06-27 12:39:18,0.068424
2024-06-27 12:39:19,0.088216
2024-06-27 12:39:20,0.092304
2024-06-27 12:39:21,0.08944
2024-06-27 12:39:22,0.090584
2024-06-27 12:39:23,0.083592
2024-06-27 12:39:24,0.083936
2024-06-27 12:39:25,0.090688
2024-06-27 12:39:26,0.10128
2024-06-27 12:39:27,0.1248
2024-06-27 12:39:28,0.108128
2024-06-27 12:39:29,0.115344
2024-06-27 12:39:30,0.114824
2024-06-27 12:39:31,0.109592
2024-06-27 12:39:32,0.113512
2024-06-27 12:39:33,0.129152
2024-06-27 12:39:34,0.112616
2024-06-27 12:39:35,0.112256
2024-06-27 12:39:36,0.117816
2024-06-27 12:39:37,0.108864
2024-06-27 12:39:38,0.094032
2024-06-27 12:39:39,0.094568
2024-06-27 12:39:40,0.131872
2024-06-27 12:39:41,0.12004
2024-06-27 12:39:42,0.099632
2024-06-27 12:39:43,0.173592
2024-06-27 12:39:44,0.12056
2024-06-27 12:39:45,0.134776
2024-06-27 12:39:46,0.122872
2024-06-27 12:39:47,0.12472
2024-06-27 12:39:48,0.115312
2024-06-27 12:39:49,0.123176
2024-06-27 12:39:50,0.160976
2024-06-27 12:39:51,0.139952
2024-06-27 12:39:52,0.13024
2024-06-27 12:39:53,0.127064
2024-06-27 12:39:54,0.119208
2024-06-27 12:39:55,0.125648
2024-06-27 12:39:56,0.180688
2024-06-27 12:39:57,0.117592
2024-06-27 12:39:58,0.11488
2024-06-27 12:39:59,0.112048
2024-06-27 12:40:00,0.121912
2024-06-27 12:40:01,0.124192
2024-06-27 12:40:02,0.121616
2024-06-27 12:40:03,0.140568
2024-06-27 12:40:04,0.167016
2024-06-27 12:40:05,0.243128
2024-06-27 12:40:06,0.155384
2024-06-27 12:40:07,0.185448
2024-06-27 12:40:08,0.160096
2024-06-27 12:40:09,0.149408
2024-06-27 12:40:10,0.147384
2024-06-27 12:40:11,0.142256
2024-06-27 12:40:12,0.145856
2024-06-27 12:40:13,0.121536
2024-06-27 12:40:14,0.138968
2024-06-27 12:40:15,0.133456
2024-06-27 12:40:16,0.166592
2024-06-27 12:40:17,0.122216
2024-06-27 12:40:18,0.140432
2024-06-27 12:40:19,0.158816
2024-06-27 12:40:20,0.125776
2024-06-27 12:40:21,0.131776
2024-06-27 12:40:22,0.121632
2024-06-27 12:40:23,0.155192
2024-06-27 12:40:24,0.142296
2024-06-27 12:40:25,0.150952
2024-06-27 12:40:26,0.147432
2024-06-27 12:40:27,0.13524
2024-06-27 12:40:28,0.15288
2024-06-27 12:40:29,0.178144
2024-06-27 12:40:30,0.1526
2024-06-27 12:40:31,0.139696
2024-06-27 12:40:32,0.153384
2024-06-27 12:40:33,0.162312
2024-06-27 12:40:34,0.136344
2024-06-27 12:40:35,0.117504
2024-06-27 12:40:36,0.16356
2024-06-27 12:40:37,0.130352
2024-06-27 12:40:38,0.128984
2024-06-27 12:40:39,0.13904
2024-06-27 12:40:40,0.160784
2024-06-27 12:40:41,0.159592
2024-06-27 12:40:42,0.129568
2024-06-27 12:40:43,0.135104
2024-06-27 12:40:44,0.129712
2024-06-27 12:40:45,0.1236
2024-06-27 12:40:46,0.174448
2024-06-27 12:40:47,0.159088
2024-06-27 12:40:48,0.115976
2024-06-27 12:40:49,0.126752
2024-06-27 12:40:50,0.15604
2024-06-27 12:40:51,0.170528
2024-06-27 12:40:52,0.131032
2024-06-27 12:40:53,0.134832
2024-06-27 12:40:54,0.12108
2024-06-27 12:40:55,0.1246
2024-06-27 12:40:56,0.11516
2024-06-27 12:40:57,0.11824
2024-06-27 12:40:58,0.11024
2024-06-27 12:40:59,0.116368
2024-06-27 12:41:00,0.117208
2024-06-27 12:41:01,0.111288
2024-06-27 12:41:02,0.121432
2024-06-27 12:41:03,0.123248
2024-06-27 12:41:04,0.144792
2024-06-27 12:41:05,0.138328
2024-06-27 12:41:06,0.13756
2024-06-27 12:41:07,0.12792
2024-06-27 12:41:08,0.145456
2024-06-27 12:41:09,0.103328
2024-06-27 12:41:10,0.113304
2024-06-27 12:41:11,0.125016
2024-06-27 12:41:12,0.12628
2024-06-27 12:41:13,0.152712
2024-06-27 12:41:14,0.10108
2024-06-27 12:41:15,0.131296
2024-06-27 12:41:16,0.099976
2024-06-27 12:41:17,0.097664
2024-06-27 12:41:18,0.095624
2024-06-27 12:41:19,0.12616
2024-06-27 12:41:20,0.105608
2024-06-27 12:41:21,0.106808
2024-06-27 12:41:22,0.099744
2024-06-27 12:41:23,0.103632
2024-06-27 12:41:24,0.105056
2024-06-27 12:41:25,0.12292
2024-06-27 12:41:26,0.114472
2024-06-27 12:41:27,0.11424
2024-06-27 12:41:28,0.112208
2024-06-27 12:41:29,0.14048
2024-06-27 12:41:30,0.119176
2024-06-27 12:41:31,0.12392
2024-06-27 12:41:32,0.160584
2024-06-27 12:41:33,0.103016
2024-06-27 12:41:34,0.106552
2024-06-27 12:41:35,0.113536
2024-06-27 12:41:36,0.127416
2024-06-27 12:41:37,0.119536
2024-06-27 12:41:38,0.193512
2024-06-27 12:41:39,0.147352
2024-06-27 12:41:40,0.163704
2024-06-27 12:41:41,0.127848
2024-06-27 12:41:42,0.104192
2024-06-27 12:41:43,0.107416
2024-06-27 12:41:44,0.11912
2024-06-27 12:41:45,0.134584
2024-06-27 12:41:46,0.110424
2024-06-27 12:41:47,0.108312
2024-06-27 12:41:48,0.112304
2024-06-27 12:41:49,0.11736
2024-06-27 12:41:50,0.139352
2024-06-27 12:41:51,0.107
2024-06-27 12:41:52,0.134112
2024-06-27 12:41:53,0.131536
2024-06-27 12:41:54,0.133176
2024-06-27 12:41:55,0.163072
2024-06-27 12:41:56,0.1482
2024-06-27 12:41:57,0.18436
2024-06-27 12:41:58,0.208008
2024-06-27 12:41:59,0.173736
2024-06-27 12:42:00,0.133792
2024-06-27 12:42:01,0.144952
2024-06-27 12:42:02,0.142648
2024-06-27 12:42:03,0.152864
2024-06-27 12:42:04,0.138352
2024-06-27 12:42:05,0.153304
2024-06-27 12:42:06,0.144072
2024-06-27 12:42:07,0.181088
2024-06-27 12:42:08,0.16712
2024-06-27 12:42:09,0.16256
2024-06-27 12:42:10,0.160944
2024-06-27 12:42:11,0.153392
2024-06-27 12:42:12,0.140296
2024-06-27 12:42:13,0.13536
2024-06-27 12:42:14,0.131968
2024-06-27 12:42:15,0.141072
2024-06-27 12:42:16,0.125016
2024-06-27 12:42:17,0.155312
2024-06-27 12:42:18,0.126008
2024-06-27 12:42:19,0.146072
2024-06-27 12:42:20,0.15992
2024-06-27 12:42:21,0.151576
2024-06-27 12:42:22,0.174352
2024-06-27 12:42:23,0.157448
2024-06-27 12:42:24,0.123192
2024-06-27 12:42:25,0.125
2024-06-27 12:42:26,0.118208
2024-06-27 12:42:27,0.120416
2024-06-27 12:42:28,0.128648
2024-06-27 12:42:29,0.134024
2024-06-27 12:42:30,0.123736
2024-06-27 12:42:31,0.134392
2024-06-27 12:42:32,0.10332
2024-06-27 12:42:33,0.105416
2024-06-27 12:42:34,0.10304
2024-06-27 12:42:35,0.114328
2024-06-27 12:42:36,0.104216
2024-06-27 12:42:37,0.094688
2024-06-27 12:42:38,0.097592
2024-06-27 12:42:39,0.12924
2024-06-27 12:42:40,0.0986
2024-06-27 12:42:41,0.105488
2024-06-27 12:42:42,0.149008
2024-06-27 12:42:43,0.148072
2024-06-27 12:42:44,0.155592
2024-06-27 12:42:45,0.11056
2024-06-27 12:42:46,0.104872
2024-06-27 12:42:47,0.110224
2024-06-27 12:42:48,0.123824
2024-06-27 12:42:49,0.127272
2024-06-27 12:42:50,0.1352
2024-06-27 12:42:51,0.140296
2024-06-27 12:42:52,0.131216
2024-06-27 12:42:53,0.103864
2024-06-27 12:42:54,0.113208
2024-06-27 12:42:55,0.122024
2024-06-27 12:42:56,0.140232
2024-06-27 12:42:57,0.125744
2024-06-27 12:42:58,0.109168
2024-06-27 12:42:59,0.121992
2024-06-27 12:43:00,0.13428
2024-06-27 12:43:01,0.12028
2024-06-27 12:43:02,0.107616
2024-06-27 12:43:03,0.138664
2024-06-27 12:43:04,0.128704
2024-06-27 12:43:05,0.146432
2024-06-27 12:43:06,0.130752
2024-06-27 12:43:07,0.18356
2024-06-27 12:43:08,0.156856
2024-06-27 12:43:09,0.157088
2024-06-27 12:43:10,0.153104
2024-06-27 12:43:11,0.139152
2024-06-27 12:43:12,0.168368
2024-06-27 12:43:13,0.129312
2024-06-27 12:43:14,0.132208
2024-06-27 12:43:15,0.12452
2024-06-27 12:43:16,0.104136
2024-06-27 12:43:17,0.094392
2024-06-27 12:43:18,0.104464
2024-06-27 12:43:19,0.101144
2024-06-27 12:43:20,0.121888
2024-06-27 12:43:21,0.108816
2024-06-27 12:43:22,0.1144
2024-06-27 12:43:23,0.14632
2024-06-27 12:43:24,0.110216
2024-06-27 12:43:25,0.122056
2024-06-27 12:43:26,0.126496
2024-06-27 12:43:27,0.10696
2024-06-27 12:43:28,0.118608
2024-06-27 12:43:29,0.109512
2024-06-27 12:43:30,0.130496
2024-06-27 12:43:31,0.110344
2024-06-27 12:43:32,0.11632
2024-06-27 12:43:33,0.111616
2024-06-27 12:43:34,0.102864
2024-06-27 12:43:35,0.12408
2024-06-27 12:43:36,0.141096
2024-06-27 12:43:37,0.166344
2024-06-27 12:43:38,0.151264
2024-06-27 12:43:39,0.150072
2024-06-27 12:43:40,0.149112
2024-06-27 12:43:41,0.184512
2024-06-27 12:43:42,0.181464
2024-06-27 12:43:43,0.195808
2024-06-27 12:43:44,0.118304
2024-06-27 12:43:45,0.126984
2024-06-27 12:43:46,0.118544
2024-06-27 12:43:47,0.114424
2024-06-27 12:43:48,0.123448
2024-06-27 12:43:49,0.123448
2024-06-27 12:43:50,0.19136
2024-06-27 12:43:51,0.141496
2024-06-27 12:43:52,0.147064
2024-06-27 12:43:53,0.133832
2024-06-27 12:43:54,0.1272
2024-06-27 12:43:55,0.149528
2024-06-27 12:43:56,0.180328
2024-06-27 12:43:57,0.158128
2024-06-27 12:43:58,0.171776
2024-06-27 12:43:59,0.166272
2024-06-27 12:44:00,0.126192
2024-06-27 12:44:01,0.125864
2024-06-27 12:44:02,0.131496
2024-06-27 12:44:03,0.12312
2024-06-27 12:44:04,0.132056
2024-06-27 12:44:05,0.131496
2024-06-27 12:44:06,0.120608
2024-06-27 12:44:07,0.112328
2024-06-27 12:44:08,0.111848
2024-06-27 12:44:09,0.158632
2024-06-27 12:44:10,0.154032
2024-06-27 12:44:11,0.133816
2024-06-27 12:44:12,0.143768
2024-06-27 12:44:13,0.135296
2024-06-27 12:44:14,0.127472
2024-06-27 12:44:15,0.161296
2024-06-27 12:44:16,0.138808
2024-06-27 12:44:17,0.204208
2024-06-27 12:44:18,0.159944
2024-06-27 12:44:19,0.175176
2024-06-27 12:44:20,0.13028
2024-06-27 12:44:21,0.130976
2024-06-27 12:44:22,0.124408
2024-06-27 12:44:23,0.154864
2024-06-27 12:44:24,0.123648
2024-06-27 12:44:25,0.121616
2024-06-27 12:44:26,0.114416
2024-06-27 12:44:27,0.136416
2024-06-27 12:44:28,0.126528
2024-06-27 12:44:29,0.108704
2024-06-27 12:44:30,0.123888
2024-06-27 12:44:31,0.100968
2024-06-27 12:44:32,0.123776
2024-06-27 12:44:33,0.152016
2024-06-27 12:44:34,0.132584
2024-06-27 12:44:35,0.13348
2024-06-27 12:44:36,0.15528
2024-06-27 12:44:37,0.123872
2024-06-27 12:44:38,0.12892
2024-06-27 12:44:39,0.129384
2024-06-27 12:44:40,0.12708
2024-06-27 12:44:41,0.152992
2024-06-27 12:44:42,0.143096
2024-06-27 12:44:43,0.13868
2024-06-27 12:44:44,0.179904
2024-06-27 12:44:45,0.128056
2024-06-27 12:44:46,0.173456
2024-06-27 12:44:47,0.123296
2024-06-27 12:44:48,0.131328
2024-06-27 12:44:49,0.109656
2024-06-27 12:44:50,0.163776
2024-06-27 12:44:51,0.132792
2024-06-27 12:44:52,0.1784
2024-06-27 12:44:53,0.161768
2024-06-27 12:44:54,0.17796
2024-06-27 12:44:55,0.134488
2024-06-27 12:44:56,0.132712
2024-06-27 12:44:57,0.134544
2024-06-27 12:44:58,0.159592
2024-06-27 12:44:59,0.134224
2024-06-27 12:45:00,0.120616
2024-06-27 12:45:01,0.118992
2024-06-27 12:45:02,0.1418
2024-06-27 12:45:03,0.123648
2024-06-27 12:45:04,0.115616
2024-06-27 12:45:05,0.12488
2024-06-27 12:45:06,0.113832
2024-06-27 12:45:07,0.134232
2024-06-27 12:45:08,0.148624
2024-06-27 12:45:09,0.131904
2024-06-27 12:45:10,0.121008
2024-06-27 12:45:11,0.123128
2024-06-27 12:45:12,0.120048
2024-06-27 12:45:13,0.108368
2024-06-27 12:45:14,0.12152
2024-06-27 12:45:15,0.127408
2024-06-27 12:45:16,0.127968
2024-06-27 12:45:17,0.120624
2024-06-27 12:45:18,0.106144
2024-06-27 12:45:19,0.174864
2024-06-27 12:45:20,0.147752
2024-06-27 12:45:21,0.141272
2024-06-27 12:45:22,0.179272
2024-06-27 12:45:23,0.14408
2024-06-27 12:45:24,0.122864
2024-06-27 12:45:25,0.158904
2024-06-27 12:45:26,0.157416
2024-06-27 12:45:27,0.15976
2024-06-27 12:45:28,0.140576
2024-06-27 12:45:29,0.132752
2024-06-27 12:45:30,0.149224
2024-06-27 12:45:31,0.157096
2024-06-27 12:45:32,0.150792
2024-06-27 12:45:33,0.14148
2024-06-27 12:45:34,0.116104
2024-06-27 12:45:35,0.108832
2024-06-27 12:45:36,0.122864
2024-06-27 12:45:37,0.095864
2024-06-27 12:45:38,0.122312
2024-06-27 12:45:39,0.11724
2024-06-27 12:45:40,0.132792
2024-06-27 12:45:41,0.1208
2024-06-27 12:45:42,0.121936
2024-06-27 12:45:43,0.116632
2024-06-27 12:45:44,0.134304
2024-06-27 12:45:45,0.136376
2024-06-27 12:45:46,0.133608
2024-06-27 12:45:47,0.13036
2024-06-27 12:45:48,0.11896
2024-06-27 12:45:49,0.119928
2024-06-27 12:45:50,0.15796
2024-06-27 12:45:51,0.129128
2024-06-27 12:45:52,0.128176
2024-06-27 12:45:53,0.124264
2024-06-27 12:45:54,0.110376
2024-06-27 12:45:55,0.163016
2024-06-27 12:45:56,0.109048
2024-06-27 12:45:57,0.118624
2024-06-27 12:45:58,0.133848
2024-06-27 12:45:59,0.12412
2024-06-27 12:46:00,0.115272
2024-06-27 12:46:01,0.131544
2024-06-27 12:46:02,0.13908
2024-06-27 12:46:03,0.11428
2024-06-27 12:46:04,0.099952
2024-06-27 12:46:05,0.119608
2024-06-27 12:46:06,0.098544
2024-06-27 12:46:07,0.11772
2024-06-27 12:46:08,0.13828
2024-06-27 12:46:09,0.113016
2024-06-27 12:46:10,0.114368
2024-06-27 12:46:11,0.099248
2024-06-27 12:46:12,0.112256
2024-06-27 12:46:13,0.122304
2024-06-27 12:46:14,0.153696
2024-06-27 12:46:15,0.165384
2024-06-27 12:46:16,0.196312
2024-06-27 12:46:17,0.154352
2024-06-27 12:46:18,0.162168
2024-06-27 12:46:19,0.139
2024-06-27 12:46:20,0.148656
2024-06-27 12:46:21,0.181936
2024-06-27 12:46:22,0.191096
2024-06-27 12:46:23,0.147528
2024-06-27 12:46:24,0.170992
2024-06-27 12:46:25,0.183688
2024-06-27 12:46:26,0.184096
2024-06-27 12:46:27,0.15196
2024-06-27 12:46:28,0.143048
2024-06-27 12:46:29,0.150824
2024-06-27 12:46:30,0.118048
2024-06-27 12:46:31,0.12352
2024-06-27 12:46:32,0.121672
2024-06-27 12:46:33,0.120128
2024-06-27 12:46:34,0.119648
2024-06-27 12:46:35,0.11192
2024-06-27 12:46:36,0.096832
2024-06-27 12:46:37,0.102544
2024-06-27 12:46:38,0.097376
2024-06-27 12:46:39,0.096512
2024-06-27 12:46:40,0.117184
2024-06-27 12:46:41,0.136944
2024-06-27 12:46:42,0.116272
2024-06-27 12:46:43,0.099232
2024-06-27 12:46:44,0.11148
2024-06-27 12:46:45,0.124432
2024-06-27 12:46:46,0.158264
2024-06-27 12:46:47,0.16676
2024-06-27 12:46:48,0.140824
2024-06-27 12:46:49,0.136488
2024-06-27 12:46:50,0.171624
2024-06-27 12:46:51,0.135112
2024-06-27 12:46:52,0.112272
2024-06-27 12:46:53,0.124296
2024-06-27 12:46:54,0.116552
2024-06-27 12:46:55,0.137256
2024-06-27 12:46:56,0.136448
2024-06-27 12:46:57,0.142632
2024-06-27 12:46:58,0.144632
2024-06-27 12:46:59,0.1264
2024-06-27 12:47:00,0.117656
2024-06-27 12:47:01,0.10708
2024-06-27 12:47:02,0.104536
2024-06-27 12:47:03,0.114944
2024-06-27 12:47:04,0.12984
2024-06-27 12:47:05,0.137472
2024-06-27 12:47:06,0.128352
2024-06-27 12:47:07,0.151584
2024-06-27 12:47:08,0.171744
2024-06-27 12:47:09,0.175448
2024-06-27 12:47:10,0.180024
2024-06-27 12:47:11,0.145248
2024-06-27 12:47:12,0.18448
2024-06-27 12:47:13,0.140536
2024-06-27 12:47:14,0.144296
2024-06-27 12:47:15,0.15504
2024-06-27 12:47:16,0.131096
2024-06-27 12:47:17,0.133976
2024-06-27 12:47:18,0.163592
2024-06-27 12:47:19,0.10388
2024-06-27 12:47:20,0.110056
2024-06-27 12:47:21,0.110552
2024-06-27 12:47:22,0.156792
2024-06-27 12:47:23,0.145952
2024-06-27 12:47:24,0.115232
2024-06-27 12:47:25,0.112224
2024-06-27 12:47:26,0.113616
2024-06-27 12:47:27,0.099712
2024-06-27 12:47:28,0.111064
2024-06-27 12:47:29,0.122632
2024-06-27 12:47:30,0.136896
2024-06-27 12:47:31,0.126248
2024-06-27 12:47:32,0.098992
2024-06-27 12:47:33,0.097296
2024-06-27 12:47:34,0.096536
2024-06-27 12:47:35,0.106208
2024-06-27 12:47:36,0.119152
2024-06-27 12:47:37,0.118072
2024-06-27 12:47:38,0.113416
2024-06-27 12:47:39,0.113048
2024-06-27 12:47:40,0.090528
2024-06-27 12:47:41,0.072488
2024-06-27 12:47:42,0.080304
2024-06-27 12:47:43,0.077608
2024-06-27 12:47:44,0.094216
2024-06-27 12:47:45,0.089248
2024-06-27 12:47:46,0.085864
2024-06-27 12:47:47,0.106936
2024-06-27 12:47:48,0.1054
2024-06-27 12:47:49,0.093448
2024-06-27 12:47:50,0.13616
2024-06-27 12:47:51,0.116456
2024-06-27 12:47:52,0.099248
2024-06-27 12:47:53,0.102504
2024-06-27 12:47:54,0.108216
2024-06-27 12:47:55,0.123472
2024-06-27 12:47:56,0.112976
2024-06-27 12:47:57,0.125624
2024-06-27 12:47:58,0.126288
2024-06-27 12:47:59,0.12896
2024-06-27 12:48:00,0.137664
2024-06-27 12:48:01,0.135912
2024-06-27 12:48:02,0.123872
2024-06-27 12:48:03,0.140432
2024-06-27 12:48:04,0.16232
2024-06-27 12:48:05,0.118264
2024-06-27 12:48:06,0.113152
2024-06-27 12:48:07,0.16036
2024-06-27 12:48:08,0.124488
2024-06-27 12:48:09,0.141032
2024-06-27 12:48:10,0.15528
2024-06-27 12:48:11,0.127624
2024-06-27 12:48:12,0.115424
2024-06-27 12:48:13,0.103512
2024-06-27 12:48:14,0.110176
2024-06-27 12:48:15,0.101088
2024-06-27 12:48:16,0.110384
2024-06-27 12:48:17,0.113624
2024-06-27 12:48:18,0.098936
2024-06-27 12:48:19,0.115872
2024-06-27 12:48:20,0.183376
2024-06-27 12:48:21,0.153472
2024-06-27 12:48:22,0.146896
2024-06-27 12:48:23,0.159336
2024-06-27 12:48:24,0.167864
2024-06-27 12:48:25,0.165448
2024-06-27 12:48:26,0.16116
2024-06-27 12:48:27,0.145032
2024-06-27 12:48:28,0.174456
2024-06-27 12:48:29,0.151832
2024-06-27 12:48:30,0.204096
2024-06-27 12:48:31,0.123432
2024-06-27 12:48:32,0.117784
2024-06-27 12:48:33,0.120376
2024-06-27 12:48:34,0.133528
2024-06-27 12:48:35,0.129848
2024-06-27 12:48:36,0.136552
2024-06-27 12:48:37,0.113128
2024-06-27 12:48:38,0.099424
2024-06-27 12:48:39,0.154816
2024-06-27 12:48:40,0.117864
2024-06-27 12:48:41,0.085768
2024-06-27 12:48:42,0.141384
2024-06-27 12:48:43,0.119736
2024-06-27 12:48:44,0.130096
2024-06-27 12:48:45,0.123888
2024-06-27 12:48:46,0.159944
2024-06-27 12:48:47,0.210448
2024-06-27 12:48:48,0.20896
2024-06-27 12:48:49,0.201856
2024-06-27 12:48:50,0.197768
2024-06-27 12:48:51,0.157664
2024-06-27 12:48:52,0.182696
2024-06-27 12:48:53,0.164456
2024-06-27 12:48:54,0.14436
2024-06-27 12:48:55,0.133072
2024-06-27 12:48:56,0.140448
2024-06-27 12:48:57,0.131648
2024-06-27 12:48:58,0.135272
2024-06-27 12:48:59,0.172032
2024-06-27 12:49:00,0.123256
2024-06-27 12:49:01,0.146032
2024-06-27 12:49:02,0.134152
2024-06-27 12:49:03,0.123728
2024-06-27 12:49:04,0.163016
2024-06-27 12:49:05,0.119272
2024-06-27 12:49:06,0.108904
2024-06-27 12:49:07,0.113504
2024-06-27 12:49:08,0.127008
2024-06-27 12:49:09,0.1284
2024-06-27 12:49:10,0.099408
2024-06-27 12:49:11,0.12192
2024-06-27 12:49:12,0.106456
2024-06-27 12:49:13,0.130536
2024-06-27 12:49:14,0.143616
2024-06-27 12:49:15,0.121152
2024-06-27 12:49:16,0.17688
2024-06-27 12:49:17,0.118152
2024-06-27 12:49:18,0.11324
2024-06-27 12:49:19,0.112112
2024-06-27 12:49:20,0.11648
2024-06-27 12:49:21,0.126184
2024-06-27 12:49:22,0.132976
2024-06-27 12:49:23,0.118216
2024-06-27 12:49:24,0.109608
2024-06-27 12:49:25,0.115408
2024-06-27 12:49:26,0.171504
2024-06-27 12:49:27,0.187944
2024-06-27 12:49:28,0.146752
2024-06-27 12:49:29,0.176096
2024-06-27 12:49:30,0.162968
2024-06-27 12:49:31,0.12516
2024-06-27 12:49:32,0.124128
2024-06-27 12:49:33,0.161416
2024-06-27 12:49:34,0.15108
2024-06-27 12:49:35,0.127096
2024-06-27 12:49:36,0.161848
2024-06-27 12:49:37,0.133664
2024-06-27 12:49:38,0.134544
2024-06-27 12:49:39,0.095872
2024-06-27 12:49:40,0.097472
2024-06-27 12:49:41,0.079816
2024-06-27 12:49:42,0.100136
2024-06-27 12:49:43,0.104
2024-06-27 12:49:44,0.104088
2024-06-27 12:49:45,0.110656
2024-06-27 12:49:46,0.1238
2024-06-27 12:49:47,0.111808
2024-06-27 12:49:48,0.115512
2024-06-27 12:49:49,0.110544
2024-06-27 12:49:50,0.167872
2024-06-27 12:49:51,0.1098
2024-06-27 12:49:52,0.104808
2024-06-27 12:49:53,0.119576
2024-06-27 12:49:54,0.118
2024-06-27 12:49:55,0.105104
2024-06-27 12:49:56,0.125888
2024-06-27 12:49:57,0.1376
2024-06-27 12:49:58,0.128504
2024-06-27 12:49:59,0.119808
2024-06-27 12:50:00,0.121648
2024-06-27 12:50:01,0.1324
2024-06-27 12:50:02,0.154904
2024-06-27 12:50:03,0.116464
2024-06-27 12:50:04,0.109064
2024-06-27 12:50:05,0.123992
2024-06-27 12:50:06,0.120648
2024-06-27 12:50:07,0.123624
2024-06-27 12:50:08,0.1244
2024-06-27 12:50:09,0.109912
2024-06-27 12:50:10,0.1086
2024-06-27 12:50:11,0.108064
2024-06-27 12:50:12,0.102576
2024-06-27 12:50:13,0.091944
2024-06-27 12:50:14,0.125424
2024-06-27 12:50:15,0.118464
2024-06-27 12:50:16,0.11552
2024-06-27 12:50:17,0.089512
2024-06-27 12:50:18,0.104176
2024-06-27 12:50:19,0.128544
2024-06-27 12:50:20,0.11936
2024-06-27 12:50:21,0.107464
2024-06-27 12:50:22,0.11524
2024-06-27 12:50:23,0.13148
2024-06-27 12:50:24,0.137192
2024-06-27 12:50:25,0.174408
2024-06-27 12:50:26,0.14888
2024-06-27 12:50:27,0.154664
2024-06-27 12:50:28,0.15388
2024-06-27 12:50:29,0.130864
2024-06-27 12:50:30,0.110848
2024-06-27 12:50:31,0.137312
2024-06-27 12:50:32,0.101608
2024-06-27 12:50:33,0.111104
2024-06-27 12:50:34,0.093936
2024-06-27 12:50:35,0.097168
2024-06-27 12:50:36,0.119664
2024-06-27 12:50:37,0.092536
2024-06-27 12:50:38,0.139496
2024-06-27 12:50:39,0.124008
2024-06-27 12:50:40,0.102936
2024-06-27 12:50:41,0.106136
2024-06-27 12:50:42,0.116984
2024-06-27 12:50:43,0.112168
2024-06-27 12:50:44,0.139064
2024-06-27 12:50:45,0.099424
2024-06-27 12:50:46,0.12396
2024-06-27 12:50:47,0.107808
2024-06-27 12:50:48,0.112928
2024-06-27 12:50:49,0.120104
2024-06-27 12:50:50,0.172256
2024-06-27 12:50:51,0.142776
2024-06-27 12:50:52,0.139904
2024-06-27 12:50:53,0.154736
2024-06-27 12:50:54,0.143896
2024-06-27 12:50:55,0.19068
2024-06-27 12:50:56,0.224584
2024-06-27 12:50:57,0.221024
2024-06-27 12:50:58,0.195192
2024-06-27 12:50:59,0.15884
2024-06-27 12:51:00,0.167288
2024-06-27 12:51:01,0.121256
2024-06-27 12:51:02,0.11184
2024-06-27 12:51:03,0.16872
2024-06-27 12:51:04,0.14704
2024-06-27 12:51:05,0.164848
2024-06-27 12:51:06,0.132232
2024-06-27 12:51:07,0.165104
2024-06-27 12:51:08,0.12956
2024-06-27 12:51:09,0.199376
2024-06-27 12:51:10,0.11224
2024-06-27 12:51:11,0.17692
2024-06-27 12:51:12,0.140384
2024-06-27 12:51:13,0.116008
2024-06-27 12:51:14,0.12196
2024-06-27 12:51:15,0.107664
2024-06-27 12:51:16,0.1056
2024-06-27 12:51:17,0.110272
2024-06-27 12:51:18,0.106088
2024-06-27 12:51:19,0.103592
2024-06-27 12:51:20,0.095408
2024-06-27 12:51:21,0.115184
2024-06-27 12:51:22,0.143552
2024-06-27 12:51:23,0.110312
2024-06-27 12:51:24,0.13488
2024-06-27 12:51:25,0.128744
2024-06-27 12:51:26,0.127784
2024-06-27 12:51:27,0.155736
2024-06-27 12:51:28,0.173656
2024-06-27 12:51:29,0.129096
2024-06-27 12:51:30,0.137984
2024-06-27 12:51:31,0.110408
2024-06-27 12:51:32,0.115104
2024-06-27 12:51:33,0.109464
2024-06-27 12:51:34,0.1348
2024-06-27 12:51:35,0.114312
2024-06-27 12:51:36,0.112136
2024-06-27 12:51:37,0.134024
2024-06-27 12:51:38,0.142072
2024-06-27 12:51:39,0.115472
2024-06-27 12:51:40,0.136472
2024-06-27 12:51:41,0.123384
2024-06-27 12:51:42,0.121032
2024-06-27 12:51:43,0.155824
2024-06-27 12:51:44,0.204016
2024-06-27 12:51:45,0.152728
2024-06-27 12:51:46,0.134136
2024-06-27 12:51:47,0.113936
2024-06-27 12:51:48,0.133824
2024-06-27 12:51:49,0.101376
2024-06-27 12:51:50,0.18156
2024-06-27 12:51:51,0.123688
2024-06-27 12:51:52,0.12384
2024-06-27 12:51:53,0.151408
2024-06-27 12:51:54,0.130576
2024-06-27 12:51:55,0.118352
2024-06-27 12:51:56,0.121216
2024-06-27 12:51:57,0.12148
2024-06-27 12:51:58,0.130456
2024-06-27 12:51:59,0.133888
2024-06-27 12:52:00,0.138848
2024-06-27 12:52:01,0.1258
2024-06-27 12:52:02,0.108768
2024-06-27 12:52:03,0.108688
2024-06-27 12:52:04,0.151392
2024-06-27 12:52:05,0.133712
2024-06-27 12:52:06,0.089376
2024-06-27 12:52:07,0.078288
2024-06-27 12:52:08,0.087552
2024-06-27 12:52:09,0.087552
2024-06-27 12:52:10,0.086672
2024-06-27 12:52:11,0.103864
2024-06-27 12:52:12,0.083496
2024-06-27 12:52:13,0.10224
2024-06-27 12:52:14,0.08176
2024-06-27 12:52:15,0.107696
2024-06-27 12:52:16,0.084304
2024-06-27 12:52:17,0.093256
2024-06-27 12:52:18,0.089776
2024-06-27 12:52:19,0.101608
2024-06-27 12:52:20,0.120456
2024-06-27 12:52:21,0.122008
2024-06-27 12:52:22,0.101568
2024-06-27 12:52:23,0.102632
2024-06-27 12:52:24,0.145792
2024-06-27 12:52:25,0.146472
2024-06-27 12:52:26,0.126392
2024-06-27 12:52:27,0.135672
2024-06-27 12:52:28,0.11456
2024-06-27 12:52:29,0.132936
2024-06-27 12:52:30,0.111384
2024-06-27 12:52:31,0.135368
2024-06-27 12:52:32,0.132208
2024-06-27 12:52:33,0.125312
2024-06-27 12:52:34,0.123216
2024-06-27 12:52:35,0.108992
2024-06-27 12:52:36,0.106584
2024-06-27 12:52:37,0.116056
2024-06-27 12:52:38,0.141008
2024-06-27 12:52:39,0.183024
2024-06-27 12:52:40,0.137072
2024-06-27 12:52:41,0.13668
2024-06-27 12:52:42,0.146592
2024-06-27 12:52:43,0.143744
2024-06-27 12:52:44,0.152048
2024-06-27 12:52:45,0.122184
2024-06-27 12:52:46,0.110976
2024-06-27 12:52:47,0.121256
2024-06-27 12:52:48,0.151072
2024-06-27 12:52:49,0.144624
2024-06-27 12:52:50,0.20116
2024-06-27 12:52:51,0.168296
2024-06-27 12:52:52,0.177488
2024-06-27 12:52:53,0.228544
2024-06-27 12:52:54,0.170416
2024-06-27 12:52:55,0.199664
2024-06-27 12:52:56,0.158032
2024-06-27 12:52:57,0.175976
2024-06-27 12:52:58,0.15412
2024-06-27 12:52:59,0.198168
2024-06-27 12:53:00,0.138144
2024-06-27 12:53:01,0.142592
2024-06-27 12:53:02,0.142904
2024-06-27 12:53:03,0.144592
2024-06-27 12:53:04,0.14236
2024-06-27 12:53:05,0.10728
2024-06-27 12:53:06,0.11444
2024-06-27 12:53:07,0.099912
2024-06-27 12:53:08,0.098928
2024-06-27 12:53:09,0.091208
2024-06-27 12:53:10,0.117536
2024-06-27 12:53:11,0.102456
2024-06-27 12:53:12,0.0978
2024-06-27 12:53:13,0.112968
2024-06-27 12:53:14,0.0976
2024-06-27 12:53:15,0.098688
2024-06-27 12:53:16,0.09888
2024-06-27 12:53:17,0.106552
2024-06-27 12:53:18,0.110368
2024-06-27 12:53:19,0.12084
2024-06-27 12:53:20,0.150832
2024-06-27 12:53:21,0.125368
2024-06-27 12:53:22,0.129448
2024-06-27 12:53:23,0.153712
2024-06-27 12:53:24,0.177536
2024-06-27 12:53:25,0.14548
2024-06-27 12:53:26,0.131008
2024-06-27 12:53:27,0.141752
2024-06-27 12:53:28,0.166128
2024-06-27 12:53:29,0.146616
2024-06-27 12:53:30,0.12816
2024-06-27 12:53:31,0.192152
2024-06-27 12:53:32,0.216352
2024-06-27 12:53:33,0.245312
2024-06-27 12:53:34,0.255752
2024-06-27 12:53:35,0.1518
2024-06-27 12:53:36,0.153608
2024-06-27 12:53:37,0.172368
2024-06-27 12:53:38,0.125384
2024-06-27 12:53:39,0.123192
2024-06-27 12:53:40,0.13404
2024-06-27 12:53:41,0.12208
2024-06-27 12:53:42,0.149344
2024-06-27 12:53:43,0.12288
2024-06-27 12:53:44,0.120456
2024-06-27 12:53:45,0.104312
2024-06-27 12:53:46,0.124
2024-06-27 12:53:47,0.144104
2024-06-27 12:53:48,0.153064
2024-06-27 12:53:49,0.141424
2024-06-27 12:53:50,0.139608
2024-06-27 12:53:51,0.100216
2024-06-27 12:53:52,0.102224
2024-06-27 12:53:53,0.11292
2024-06-27 12:53:54,0.113
2024-06-27 12:53:55,0.150088
2024-06-27 12:53:56,0.129
2024-06-27 12:53:57,0.136944
2024-06-27 12:53:58,0.127488
2024-06-27 12:53:59,0.126248
2024-06-27 12:54:00,0.127736
2024-06-27 12:54:01,0.104072
2024-06-27 12:54:02,0.109384
2024-06-27 12:54:03,0.109648
2024-06-27 12:54:04,0.127328
2024-06-27 12:54:05,0.119824
2024-06-27 12:54:06,0.117184
2024-06-27 12:54:07,0.132104
2024-06-27 12:54:08,0.171448
2024-06-27 12:54:09,0.206928
2024-06-27 12:54:10,0.25456
2024-06-27 12:54:11,0.243736
2024-06-27 12:54:12,0.207504
2024-06-27 12:54:13,0.159144
2024-06-27 12:54:14,0.148072
2024-06-27 12:54:15,0.121848
2024-06-27 12:54:16,0.119064
2024-06-27 12:54:17,0.130816
2024-06-27 12:54:18,0.147048
2024-06-27 12:54:19,0.163968
2024-06-27 12:54:20,0.135712
2024-06-27 12:54:21,0.1662
2024-06-27 12:54:22,0.155704
2024-06-27 12:54:23,0.13148
2024-06-27 12:54:24,0.138592
2024-06-27 12:54:25,0.144504
2024-06-27 12:54:26,0.111768
2024-06-27 12:54:27,0.114048
2024-06-27 12:54:28,0.101488
2024-06-27 12:54:29,0.140712
2024-06-27 12:54:30,0.142664
2024-06-27 12:54:31,0.114088
2024-06-27 12:54:32,0.117016
2024-06-27 12:54:33,0.1162
2024-06-27 12:54:34,0.122608
2024-06-27 12:54:35,0.116208
2024-06-27 12:54:36,0.100528
2024-06-27 12:54:37,0.117008
2024-06-27 12:54:38,0.109856
2024-06-27 12:54:39,0.121272
2024-06-27 12:54:40,0.130504
2024-06-27 12:54:41,0.134384
2024-06-27 12:54:42,0.112216
2024-06-27 12:54:43,0.121024
2024-06-27 12:54:44,0.1016
2024-06-27 12:54:45,0.133064
2024-06-27 12:54:46,0.133168
2024-06-27 12:54:47,0.131688
2024-06-27 12:54:48,0.14196
2024-06-27 12:54:49,0.142952
2024-06-27 12:54:50,0.141152
2024-06-27 12:54:51,0.125024
2024-06-27 12:54:52,0.129224
2024-06-27 12:54:53,0.124448
2024-06-27 12:54:54,0.140928
2024-06-27 12:54:55,0.11828
2024-06-27 12:54:56,0.109784
2024-06-27 12:54:57,0.12524
2024-06-27 12:54:58,0.162816
2024-06-27 12:54:59,0.174952
2024-06-27 12:55:00,0.158384
2024-06-27 12:55:01,0.135216
2024-06-27 12:55:02,0.131952
2024-06-27 12:55:03,0.134568
2024-06-27 12:55:04,0.137536
2024-06-27 12:55:05,0.104208
2024-06-27 12:55:06,0.102112
2024-06-27 12:55:07,0.097576
2024-06-27 12:55:08,0.107744
2024-06-27 12:55:09,0.117352
2024-06-27 12:55:10,0.12456
2024-06-27 12:55:11,0.122064
2024-06-27 12:55:12,0.118056
2024-06-27 12:55:13,0.108656
2024-06-27 12:55:14,0.105768
2024-06-27 12:55:15,0.111248
2024-06-27 12:55:16,0.11848
2024-06-27 12:55:17,0.132896
2024-06-27 12:55:18,0.120376
2024-06-27 12:55:19,0.108016
2024-06-27 12:55:20,0.135208
2024-06-27 12:55:21,0.123416
2024-06-27 12:55:22,0.142216
2024-06-27 12:55:23,0.125472
2024-06-27 12:55:24,0.131096
2024-06-27 12:55:25,0.133616
2024-06-27 12:55:26,0.13328
2024-06-27 12:55:27,0.140616
2024-06-27 12:55:28,0.12612
2024-06-27 12:55:29,0.155328
2024-06-27 12:55:30,0.131544
2024-06-27 12:55:31,0.158552
2024-06-27 12:55:32,0.106128
2024-06-27 12:55:33,0.168632
2024-06-27 12:55:34,0.125352
2024-06-27 12:55:35,0.149056
2024-06-27 12:55:36,0.142216
2024-06-27 12:55:37,0.121672
2024-06-27 12:55:38,0.126128
2024-06-27 12:55:39,0.108376
2024-06-27 12:55:40,0.119888
2024-06-27 12:55:41,0.102704
2024-06-27 12:55:42,0.095968
2024-06-27 12:55:43,0.093992
2024-06-27 12:55:44,0.097184
2024-06-27 12:55:45,0.097752
2024-06-27 12:55:46,0.11296
2024-06-27 12:55:47,0.118792
2024-06-27 12:55:48,0.121696
2024-06-27 12:55:49,0.128176
2024-06-27 12:55:50,0.157704
2024-06-27 12:55:51,0.16524
2024-06-27 12:55:52,0.157512
2024-06-27 12:55:53,0.205336
2024-06-27 12:55:54,0.16244
2024-06-27 12:55:55,0.157064
2024-06-27 12:55:56,0.155256
2024-06-27 12:55:57,0.1766
2024-06-27 12:55:58,0.138456
2024-06-27 12:55:59,0.130936
2024-06-27 12:56:00,0.133744
2024-06-27 12:56:01,0.122832
2024-06-27 12:56:02,0.132608
2024-06-27 12:56:03,0.132952
2024-06-27 12:56:04,0.137776
2024-06-27 12:56:05,0.17796
2024-06-27 12:56:06,0.186032
2024-06-27 12:56:07,0.23968
2024-06-27 12:56:08,0.15804
2024-06-27 12:56:09,0.168
2024-06-27 12:56:10,0.129624
2024-06-27 12:56:11,0.12572
2024-06-27 12:56:12,0.144128
2024-06-27 12:56:13,0.13996
2024-06-27 12:56:14,0.174504
2024-06-27 12:56:15,0.16828
2024-06-27 12:56:16,0.169784
2024-06-27 12:56:17,0.212808
2024-06-27 12:56:18,0.076992
2024-06-27 12:56:19,0.063736
2024-06-27 12:56:20,0.050952
2024-06-27 12:56:21,0.05476
2024-06-27 12:56:22,0.0176
2024-06-27 12:56:23,0.00444
