time,mbps
2024-06-13 11:30:51,0.12136
2024-06-13 11:30:52,0.018992
2024-06-13 11:30:53,0.029576
2024-06-13 11:30:54,0.01896
2024-06-13 11:30:55,0.03012
2024-06-13 11:30:56,0.061808
2024-06-13 11:30:57,0.301984
2024-06-13 11:30:58,0.040952
2024-06-13 11:30:59,0.057792
2024-06-13 11:31:00,0.030856
2024-06-13 11:31:01,0.036512
2024-06-13 11:31:02,0.024984
2024-06-13 11:31:03,0.037152
2024-06-13 11:31:04,0.02932
2024-06-13 11:31:05,0.035728
2024-06-13 11:31:06,0.051248
2024-06-13 11:31:07,0.045752
2024-06-13 11:31:08,0.0334
2024-06-13 11:31:09,0.036544
2024-06-13 11:31:10,0.03368
2024-06-13 11:31:11,0.035208
2024-06-13 11:31:12,0.027584
2024-06-13 11:31:13,0.033168
2024-06-13 11:31:14,0.022496
2024-06-13 11:31:15,0.027536
2024-06-13 11:31:16,0.026464
2024-06-13 11:31:17,0.032952
2024-06-13 11:31:18,0.026456
2024-06-13 11:31:19,0.033744
2024-06-13 11:31:20,0.029488
2024-06-13 11:31:21,0.03592
2024-06-13 11:31:22,0.023072
2024-06-13 11:31:23,0.032536
2024-06-13 11:31:24,0.029112
2024-06-13 11:31:25,0.031848
2024-06-13 11:31:26,0.020456
2024-06-13 11:31:27,0.0278
2024-06-13 11:31:28,0.022328
2024-06-13 11:31:29,0.027792
2024-06-13 11:31:30,0.025432
2024-06-13 11:31:31,0.0278
2024-06-13 11:31:32,0.024224
2024-06-13 11:31:33,0.029912
2024-06-13 11:31:34,0.023424
2024-06-13 11:31:35,0.025688
2024-06-13 11:31:36,0.022304
2024-06-13 11:31:37,0.024768
2024-06-13 11:31:38,0.021392
2024-06-13 11:31:39,0.022592
2024-06-13 11:31:40,0.020888
2024-06-13 11:31:41,0.023672
2024-06-13 11:31:42,0.022344
2024-06-13 11:31:43,0.024656
2024-06-13 11:31:44,0.019952
2024-06-13 11:31:45,0.024768
2024-06-13 11:31:46,0.024408
2024-06-13 11:31:47,0.024568
2024-06-13 11:31:48,0.023312
2024-06-13 11:31:49,0.02472
2024-06-13 11:31:50,0.02292
2024-06-13 11:31:51,0.030056
2024-06-13 11:31:52,0.031696
2024-06-13 11:31:53,0.02536
2024-06-13 11:31:54,0.024096
2024-06-13 11:31:55,0.028568
2024-06-13 11:31:56,0.025888
2024-06-13 11:31:57,0.032248
2024-06-13 11:31:58,0.2746
2024-06-13 11:31:59,0.038672
2024-06-13 11:32:00,0.0604
2024-06-13 11:32:01,0.041352
2024-06-13 11:32:02,0.06532
2024-06-13 11:32:03,0.040576
2024-06-13 11:32:04,0.043872
2024-06-13 11:32:05,0.058
2024-06-13 11:32:06,0.050528
2024-06-13 11:32:07,0.035872
2024-06-13 11:32:08,0.035352
2024-06-13 11:32:09,0.042408
2024-06-13 11:32:10,0.026528
2024-06-13 11:32:11,0.034
2024-06-13 11:32:12,0.032672
2024-06-13 11:32:13,0.058608
2024-06-13 11:32:14,0.040264
2024-06-13 11:32:15,0.044576
2024-06-13 11:32:16,0.039104
2024-06-13 11:32:17,0.037688
2024-06-13 11:32:18,0.042848
2024-06-13 11:32:19,0.04672
2024-06-13 11:32:20,0.030536
2024-06-13 11:32:21,0.047784
2024-06-13 11:32:22,0.03632
2024-06-13 11:32:23,0.04604
2024-06-13 11:32:24,0.040376
2024-06-13 11:32:25,0.04388
2024-06-13 11:32:26,0.045264
2024-06-13 11:32:27,0.060264
2024-06-13 11:32:28,0.059856
2024-06-13 11:32:29,0.035464
2024-06-13 11:32:30,0.064792
2024-06-13 11:32:31,0.08152
2024-06-13 11:32:32,0.088168
2024-06-13 11:32:33,0.092744
2024-06-13 11:32:34,0.083488
2024-06-13 11:32:35,0.0752
2024-06-13 11:32:36,0.089632
2024-06-13 11:32:37,0.071592
2024-06-13 11:32:38,0.079928
2024-06-13 11:32:39,0.092568
2024-06-13 11:32:40,0.061584
2024-06-13 11:32:41,0.09172
2024-06-13 11:32:42,0.073688
2024-06-13 11:32:43,0.07748
2024-06-13 11:32:44,0.072728
2024-06-13 11:32:45,0.072272
2024-06-13 11:32:46,0.053088
2024-06-13 11:32:47,0.058936
2024-06-13 11:32:48,0.06772
2024-06-13 11:32:49,0.055592
2024-06-13 11:32:50,0.053656
2024-06-13 11:32:51,0.063168
2024-06-13 11:32:52,0.059384
2024-06-13 11:32:53,0.0512
2024-06-13 11:32:54,0.046376
2024-06-13 11:32:55,0.061456
2024-06-13 11:32:56,0.052776
2024-06-13 11:32:57,0.05632
2024-06-13 11:32:58,0.094776
2024-06-13 11:32:59,0.067712
2024-06-13 11:33:00,0.061472
2024-06-13 11:33:01,0.054648
2024-06-13 11:33:02,0.047888
2024-06-13 11:33:03,0.049416
2024-06-13 11:33:04,0.048728
2024-06-13 11:33:05,0.050864
2024-06-13 11:33:06,0.054264
2024-06-13 11:33:07,0.062864
2024-06-13 11:33:08,0.053304
2024-06-13 11:33:09,0.049128
2024-06-13 11:33:10,0.061056
2024-06-13 11:33:11,0.058392
2024-06-13 11:33:12,0.06016
2024-06-13 11:33:13,0.07028
2024-06-13 11:33:14,0.060472
2024-06-13 11:33:15,0.16508
2024-06-13 11:33:16,0.115088
2024-06-13 11:33:17,0.116568
2024-06-13 11:33:18,0.129416
2024-06-13 11:33:19,0.088592
2024-06-13 11:33:20,0.050112
2024-06-13 11:33:21,0.054152
2024-06-13 11:33:22,0.061968
2024-06-13 11:33:23,0.058528
2024-06-13 11:33:24,0.068936
2024-06-13 11:33:25,0.090952
2024-06-13 11:33:26,0.101656
2024-06-13 11:33:27,0.083
2024-06-13 11:33:28,0.083232
2024-06-13 11:33:29,0.091048
2024-06-13 11:33:30,0.092008
2024-06-13 11:33:31,0.0922
2024-06-13 11:33:32,0.1034
2024-06-13 11:33:33,0.092976
2024-06-13 11:33:34,0.119736
2024-06-13 11:33:35,0.10968
2024-06-13 11:33:36,0.136904
2024-06-13 11:33:37,0.136656
2024-06-13 11:33:38,0.119712
2024-06-13 11:33:39,0.127952
2024-06-13 11:33:40,0.108016
2024-06-13 11:33:41,0.13
2024-06-13 11:33:42,0.150928
2024-06-13 11:33:43,0.145424
2024-06-13 11:33:44,0.130848
2024-06-13 11:33:45,0.142096
2024-06-13 11:33:46,0.11704
2024-06-13 11:33:47,0.112136
2024-06-13 11:33:48,0.105224
2024-06-13 11:33:49,0.111824
2024-06-13 11:33:50,0.118448
2024-06-13 11:33:51,0.113016
2024-06-13 11:33:52,0.110656
2024-06-13 11:33:53,0.123392
2024-06-13 11:33:54,0.095832
2024-06-13 11:33:55,0.103384
2024-06-13 11:33:56,0.107008
2024-06-13 11:33:57,0.124104
2024-06-13 11:33:58,0.146608
2024-06-13 11:33:59,0.121232
2024-06-13 11:34:00,0.116464
2024-06-13 11:34:01,0.138896
2024-06-13 11:34:02,0.139328
2024-06-13 11:34:03,0.123784
2024-06-13 11:34:04,0.131328
2024-06-13 11:34:05,0.1094
2024-06-13 11:34:06,0.131376
2024-06-13 11:34:07,0.14368
2024-06-13 11:34:08,0.133216
2024-06-13 11:34:09,0.10888
2024-06-13 11:34:10,0.132904
2024-06-13 11:34:11,0.112336
2024-06-13 11:34:12,0.099432
2024-06-13 11:34:13,0.124088
2024-06-13 11:34:14,0.104056
2024-06-13 11:34:15,0.102664
2024-06-13 11:34:16,0.102168
2024-06-13 11:34:17,0.103664
2024-06-13 11:34:18,0.101312
2024-06-13 11:34:19,0.118976
2024-06-13 11:34:20,0.107408
2024-06-13 11:34:21,0.114552
2024-06-13 11:34:22,0.117744
2024-06-13 11:34:23,0.124232
2024-06-13 11:34:24,0.123072
2024-06-13 11:34:25,0.114392
2024-06-13 11:34:26,0.107136
2024-06-13 11:34:27,0.122728
2024-06-13 11:34:28,0.12132
2024-06-13 11:34:29,0.146288
2024-06-13 11:34:30,0.1168
2024-06-13 11:34:31,0.13052
2024-06-13 11:34:32,0.125472
2024-06-13 11:34:33,0.137992
2024-06-13 11:34:34,0.13272
2024-06-13 11:34:35,0.119392
2024-06-13 11:34:36,0.11412
2024-06-13 11:34:37,0.119664
2024-06-13 11:34:38,0.138976
2024-06-13 11:34:39,0.124616
2024-06-13 11:34:40,0.13776
2024-06-13 11:34:41,0.114616
2024-06-13 11:34:42,0.129088
2024-06-13 11:34:43,0.127312
2024-06-13 11:34:44,0.157512
2024-06-13 11:34:45,0.147256
2024-06-13 11:34:46,0.184904
2024-06-13 11:34:47,0.16684
2024-06-13 11:34:48,0.191464
2024-06-13 11:34:49,0.150888
2024-06-13 11:34:50,0.128032
2024-06-13 11:34:51,0.137776
2024-06-13 11:34:52,0.109056
2024-06-13 11:34:53,0.11388
2024-06-13 11:34:54,0.113504
2024-06-13 11:34:55,0.143072
2024-06-13 11:34:56,0.128904
2024-06-13 11:34:57,0.129736
2024-06-13 11:34:58,0.177944
2024-06-13 11:34:59,0.143128
2024-06-13 11:35:00,0.140712
2024-06-13 11:35:01,0.1538
2024-06-13 11:35:02,0.134848
2024-06-13 11:35:03,0.139176
2024-06-13 11:35:04,0.120808
2024-06-13 11:35:05,0.13356
2024-06-13 11:35:06,0.14264
2024-06-13 11:35:07,0.1454
2024-06-13 11:35:08,0.134816
2024-06-13 11:35:09,0.127288
2024-06-13 11:35:10,0.125392
2024-06-13 11:35:11,0.15368
2024-06-13 11:35:12,0.1478
2024-06-13 11:35:13,0.123384
2024-06-13 11:35:14,0.116432
2024-06-13 11:35:15,0.138704
2024-06-13 11:35:16,0.138144
2024-06-13 11:35:17,0.118208
2024-06-13 11:35:18,0.158016
2024-06-13 11:35:19,0.139512
2024-06-13 11:35:20,0.151112
2024-06-13 11:35:21,0.142216
2024-06-13 11:35:22,0.11888
2024-06-13 11:35:23,0.1464
2024-06-13 11:35:24,0.137528
2024-06-13 11:35:25,0.133592
2024-06-13 11:35:26,0.138264
2024-06-13 11:35:27,0.139152
2024-06-13 11:35:28,0.1326
2024-06-13 11:35:29,0.128616
2024-06-13 11:35:30,0.134256
2024-06-13 11:35:31,0.130552
2024-06-13 11:35:32,0.125744
2024-06-13 11:35:33,0.166648
2024-06-13 11:35:34,0.191472
2024-06-13 11:35:35,0.205112
2024-06-13 11:35:36,0.22004
2024-06-13 11:35:37,0.155608
2024-06-13 11:35:38,0.172168
2024-06-13 11:35:39,0.172432
2024-06-13 11:35:40,0.149352
2024-06-13 11:35:41,0.120032
2024-06-13 11:35:42,0.133448
2024-06-13 11:35:43,0.116792
2024-06-13 11:35:44,0.112744
2024-06-13 11:35:45,0.124024
2024-06-13 11:35:46,0.135728
2024-06-13 11:35:47,0.107024
2024-06-13 11:35:48,0.115232
2024-06-13 11:35:49,0.110872
2024-06-13 11:35:50,0.107184
2024-06-13 11:35:51,0.12368
2024-06-13 11:35:52,0.136984
2024-06-13 11:35:53,0.135864
2024-06-13 11:35:54,0.136664
2024-06-13 11:35:55,0.15208
2024-06-13 11:35:56,0.15736
2024-06-13 11:35:57,0.137128
2024-06-13 11:35:58,0.162656
2024-06-13 11:35:59,0.133728
2024-06-13 11:36:00,0.13812
2024-06-13 11:36:01,0.126032
2024-06-13 11:36:02,0.118576
2024-06-13 11:36:03,0.154432
2024-06-13 11:36:04,0.120376
2024-06-13 11:36:05,0.129408
2024-06-13 11:36:06,0.121464
2024-06-13 11:36:07,0.112888
2024-06-13 11:36:08,0.124968
2024-06-13 11:36:09,0.139464
2024-06-13 11:36:10,0.13632
2024-06-13 11:36:11,0.132048
2024-06-13 11:36:12,0.130712
2024-06-13 11:36:13,0.151544
2024-06-13 11:36:14,0.158512
2024-06-13 11:36:15,0.1496
2024-06-13 11:36:16,0.137192
2024-06-13 11:36:17,0.134608
2024-06-13 11:36:18,0.142112
2024-06-13 11:36:19,0.163544
2024-06-13 11:36:20,0.151048
2024-06-13 11:36:21,0.143632
2024-06-13 11:36:22,0.136712
2024-06-13 11:36:23,0.121064
2024-06-13 11:36:24,0.119944
2024-06-13 11:36:25,0.124704
2024-06-13 11:36:26,0.120512
2024-06-13 11:36:27,0.131936
2024-06-13 11:36:28,0.132272
2024-06-13 11:36:29,0.154472
2024-06-13 11:36:30,0.151192
2024-06-13 11:36:31,0.162792
2024-06-13 11:36:32,0.132264
2024-06-13 11:36:33,0.146632
2024-06-13 11:36:34,0.167136
2024-06-13 11:36:35,0.14856
2024-06-13 11:36:36,0.138656
2024-06-13 11:36:37,0.137984
2024-06-13 11:36:38,0.1648
2024-06-13 11:36:39,0.138352
2024-06-13 11:36:40,0.135816
2024-06-13 11:36:41,0.13756
2024-06-13 11:36:42,0.120568
2024-06-13 11:36:43,0.128248
2024-06-13 11:36:44,0.1376
2024-06-13 11:36:45,0.1344
2024-06-13 11:36:46,0.137712
2024-06-13 11:36:47,0.142512
2024-06-13 11:36:48,0.118128
2024-06-13 11:36:49,0.118584
2024-06-13 11:36:50,0.115344
2024-06-13 11:36:51,0.119344
2024-06-13 11:36:52,0.125232
2024-06-13 11:36:53,0.121008
2024-06-13 11:36:54,0.112272
2024-06-13 11:36:55,0.104936
2024-06-13 11:36:56,0.100584
2024-06-13 11:36:57,0.108248
2024-06-13 11:36:58,0.16424
2024-06-13 11:36:59,0.11552
2024-06-13 11:37:00,0.100664
2024-06-13 11:37:01,0.10996
2024-06-13 11:37:02,0.121456
2024-06-13 11:37:03,0.125208
2024-06-13 11:37:04,0.126192
2024-06-13 11:37:05,0.128376
2024-06-13 11:37:06,0.133968
2024-06-13 11:37:07,0.121864
2024-06-13 11:37:08,0.144248
2024-06-13 11:37:09,0.122696
2024-06-13 11:37:10,0.104336
2024-06-13 11:37:11,0.117312
2024-06-13 11:37:12,0.106296
2024-06-13 11:37:13,0.109368
2024-06-13 11:37:14,0.137464
2024-06-13 11:37:15,0.120816
2024-06-13 11:37:16,0.131888
2024-06-13 11:37:17,0.126888
2024-06-13 11:37:18,0.115992
2024-06-13 11:37:19,0.115992
2024-06-13 11:37:20,0.094752
2024-06-13 11:37:21,0.097032
2024-06-13 11:37:22,0.102464
2024-06-13 11:37:23,0.09144
2024-06-13 11:37:24,0.093296
2024-06-13 11:37:25,0.119032
2024-06-13 11:37:26,0.112064
2024-06-13 11:37:27,0.117872
2024-06-13 11:37:28,0.12192
2024-06-13 11:37:29,0.114136
2024-06-13 11:37:30,0.151536
2024-06-13 11:37:31,0.144256
2024-06-13 11:37:32,0.120864
2024-06-13 11:37:33,0.15024
2024-06-13 11:37:34,0.125952
2024-06-13 11:37:35,0.137016
2024-06-13 11:37:36,0.159368
2024-06-13 11:37:37,0.182312
2024-06-13 11:37:38,0.137688
2024-06-13 11:37:39,0.154
2024-06-13 11:37:40,0.16472
2024-06-13 11:37:41,0.135344
2024-06-13 11:37:42,0.164512
2024-06-13 11:37:43,0.123304
2024-06-13 11:37:44,0.1262
2024-06-13 11:37:45,0.111992
2024-06-13 11:37:46,0.15284
2024-06-13 11:37:47,0.15324
2024-06-13 11:37:48,0.150744
2024-06-13 11:37:49,0.105016
2024-06-13 11:37:50,0.118304
2024-06-13 11:37:51,0.132224
2024-06-13 11:37:52,0.1052
2024-06-13 11:37:53,0.100984
2024-06-13 11:37:54,0.108864
2024-06-13 11:37:55,0.117928
2024-06-13 11:37:56,0.104696
2024-06-13 11:37:57,0.113088
2024-06-13 11:37:58,0.162576
2024-06-13 11:37:59,0.112088
2024-06-13 11:38:00,0.131272
2024-06-13 11:38:01,0.127696
2024-06-13 11:38:02,0.113872
2024-06-13 11:38:03,0.139072
2024-06-13 11:38:04,0.1248
2024-06-13 11:38:05,0.117624
2024-06-13 11:38:06,0.124592
2024-06-13 11:38:07,0.122608
2024-06-13 11:38:08,0.119888
2024-06-13 11:38:09,0.126312
2024-06-13 11:38:10,0.116848
2024-06-13 11:38:11,0.111024
2024-06-13 11:38:12,0.099632
2024-06-13 11:38:13,0.118136
2024-06-13 11:38:14,0.116336
2024-06-13 11:38:15,0.123584
2024-06-13 11:38:16,0.106216
2024-06-13 11:38:17,0.099176
2024-06-13 11:38:18,0.105248
2024-06-13 11:38:19,0.111912
2024-06-13 11:38:20,0.0774
2024-06-13 11:38:21,0.08836
2024-06-13 11:38:22,0.111312
2024-06-13 11:38:23,0.121752
2024-06-13 11:38:24,0.137352
2024-06-13 11:38:25,0.1472
2024-06-13 11:38:26,0.143288
2024-06-13 11:38:27,0.137008
2024-06-13 11:38:28,0.160528
2024-06-13 11:38:29,0.146336
2024-06-13 11:38:30,0.144336
2024-06-13 11:38:31,0.137616
2024-06-13 11:38:32,0.137384
2024-06-13 11:38:33,0.145632
2024-06-13 11:38:34,0.14176
2024-06-13 11:38:35,0.138608
2024-06-13 11:38:36,0.145512
2024-06-13 11:38:37,0.156704
2024-06-13 11:38:38,0.15388
2024-06-13 11:38:39,0.150704
2024-06-13 11:38:40,0.161224
2024-06-13 11:38:41,0.169872
2024-06-13 11:38:42,0.140136
2024-06-13 11:38:43,0.133896
2024-06-13 11:38:44,0.145304
2024-06-13 11:38:45,0.119336
2024-06-13 11:38:46,0.133608
2024-06-13 11:38:47,0.123392
2024-06-13 11:38:48,0.1108
2024-06-13 11:38:49,0.140944
2024-06-13 11:38:50,0.112328
2024-06-13 11:38:51,0.114288
2024-06-13 11:38:52,0.11156
2024-06-13 11:38:53,0.109896
2024-06-13 11:38:54,0.102952
2024-06-13 11:38:55,0.132256
2024-06-13 11:38:56,0.142712
2024-06-13 11:38:57,0.144976
2024-06-13 11:38:58,0.182464
2024-06-13 11:38:59,0.131912
2024-06-13 11:39:00,0.13452
2024-06-13 11:39:01,0.158776
2024-06-13 11:39:02,0.13584
2024-06-13 11:39:03,0.167624
2024-06-13 11:39:04,0.209168
2024-06-13 11:39:05,0.202392
2024-06-13 11:39:06,0.164344
2024-06-13 11:39:07,0.163448
2024-06-13 11:39:08,0.13148
2024-06-13 11:39:09,0.122072
2024-06-13 11:39:10,0.173464
2024-06-13 11:39:11,0.176192
2024-06-13 11:39:12,0.148048
2024-06-13 11:39:13,0.178344
2024-06-13 11:39:14,0.147352
2024-06-13 11:39:15,0.105072
2024-06-13 11:39:16,0.129824
2024-06-13 11:39:17,0.112728
2024-06-13 11:39:18,0.123808
2024-06-13 11:39:19,0.1032
2024-06-13 11:39:20,0.099728
2024-06-13 11:39:21,0.105088
2024-06-13 11:39:22,0.09376
2024-06-13 11:39:23,0.100312
2024-06-13 11:39:24,0.106712
2024-06-13 11:39:25,0.105096
2024-06-13 11:39:26,0.130264
2024-06-13 11:39:27,0.158984
2024-06-13 11:39:28,0.167016
2024-06-13 11:39:29,0.132344
2024-06-13 11:39:30,0.121312
2024-06-13 11:39:31,0.142208
2024-06-13 11:39:32,0.141032
2024-06-13 11:39:33,0.157376
2024-06-13 11:39:34,0.128016
2024-06-13 11:39:35,0.135832
2024-06-13 11:39:36,0.150312
2024-06-13 11:39:37,0.130784
2024-06-13 11:39:38,0.14452
2024-06-13 11:39:39,0.159888
2024-06-13 11:39:40,0.106432
2024-06-13 11:39:41,0.116672
2024-06-13 11:39:42,0.114896
2024-06-13 11:39:43,0.105704
2024-06-13 11:39:44,0.113816
2024-06-13 11:39:45,0.117
2024-06-13 11:39:46,0.128552
2024-06-13 11:39:47,0.13436
2024-06-13 11:39:48,0.143568
2024-06-13 11:39:49,0.142032
2024-06-13 11:39:50,0.128096
2024-06-13 11:39:51,0.122952
2024-06-13 11:39:52,0.11612
2024-06-13 11:39:53,0.12424
2024-06-13 11:39:54,0.122216
2024-06-13 11:39:55,0.142072
2024-06-13 11:39:56,0.138752
2024-06-13 11:39:57,0.128032
2024-06-13 11:39:58,0.1848
2024-06-13 11:39:59,0.152216
2024-06-13 11:40:00,0.139712
2024-06-13 11:40:01,0.13548
2024-06-13 11:40:02,0.17444
2024-06-13 11:40:03,0.146376
2024-06-13 11:40:04,0.158944
2024-06-13 11:40:05,0.136824
2024-06-13 11:40:06,0.135736
2024-06-13 11:40:07,0.119232
2024-06-13 11:40:08,0.12776
2024-06-13 11:40:09,0.138696
2024-06-13 11:40:10,0.11652
2024-06-13 11:40:11,0.116264
2024-06-13 11:40:12,0.137848
2024-06-13 11:40:13,0.156368
2024-06-13 11:40:14,0.164112
2024-06-13 11:40:15,0.141944
2024-06-13 11:40:16,0.12264
2024-06-13 11:40:17,0.132304
2024-06-13 11:40:18,0.156416
2024-06-13 11:40:19,0.125888
2024-06-13 11:40:20,0.134256
2024-06-13 11:40:21,0.115272
2024-06-13 11:40:22,0.11852
2024-06-13 11:40:23,0.10876
2024-06-13 11:40:24,0.129856
2024-06-13 11:40:25,0.1358
2024-06-13 11:40:26,0.108344
2024-06-13 11:40:27,0.119688
2024-06-13 11:40:28,0.13304
2024-06-13 11:40:29,0.125096
2024-06-13 11:40:30,0.141576
2024-06-13 11:40:31,0.12548
2024-06-13 11:40:32,0.121456
2024-06-13 11:40:33,0.134592
2024-06-13 11:40:34,0.141208
2024-06-13 11:40:35,0.13916
2024-06-13 11:40:36,0.141008
2024-06-13 11:40:37,0.133
2024-06-13 11:40:38,0.143256
2024-06-13 11:40:39,0.1136
2024-06-13 11:40:40,0.136856
2024-06-13 11:40:41,0.111304
2024-06-13 11:40:42,0.114344
2024-06-13 11:40:43,0.12056
2024-06-13 11:40:44,0.120008
2024-06-13 11:40:45,0.120032
2024-06-13 11:40:46,0.097608
2024-06-13 11:40:47,0.106528
2024-06-13 11:40:48,0.116464
2024-06-13 11:40:49,0.115048
2024-06-13 11:40:50,0.108896
2024-06-13 11:40:51,0.112496
2024-06-13 11:40:52,0.112912
2024-06-13 11:40:53,0.114704
2024-06-13 11:40:54,0.107328
2024-06-13 11:40:55,0.14044
2024-06-13 11:40:56,0.115024
2024-06-13 11:40:57,0.113552
2024-06-13 11:40:58,0.133744
2024-06-13 11:40:59,0.114528
2024-06-13 11:41:00,0.140304
2024-06-13 11:41:01,0.121632
2024-06-13 11:41:02,0.154016
2024-06-13 11:41:03,0.160816
2024-06-13 11:41:04,0.14312
2024-06-13 11:41:05,0.138544
2024-06-13 11:41:06,0.131792
2024-06-13 11:41:07,0.133912
2024-06-13 11:41:08,0.12084
2024-06-13 11:41:09,0.14536
2024-06-13 11:41:10,0.135512
2024-06-13 11:41:11,0.1198
2024-06-13 11:41:12,0.100136
2024-06-13 11:41:13,0.089776
2024-06-13 11:41:14,0.088248
2024-06-13 11:41:15,0.091784
2024-06-13 11:41:16,0.128816
2024-06-13 11:41:17,0.113392
2024-06-13 11:41:18,0.11608
2024-06-13 11:41:19,0.107928
2024-06-13 11:41:20,0.121872
2024-06-13 11:41:21,0.124224
2024-06-13 11:41:22,0.137288
2024-06-13 11:41:23,0.118912
2024-06-13 11:41:24,0.106776
2024-06-13 11:41:25,0.138936
2024-06-13 11:41:26,0.1204
2024-06-13 11:41:27,0.122424
2024-06-13 11:41:28,0.141512
2024-06-13 11:41:29,0.115192
2024-06-13 11:41:30,0.172936
2024-06-13 11:41:31,0.188352
2024-06-13 11:41:32,0.157008
2024-06-13 11:41:33,0.18716
2024-06-13 11:41:34,0.160184
2024-06-13 11:41:35,0.163728
2024-06-13 11:41:36,0.150632
2024-06-13 11:41:37,0.19792
2024-06-13 11:41:38,0.124752
2024-06-13 11:41:39,0.126504
2024-06-13 11:41:40,0.149072
2024-06-13 11:41:41,0.14012
2024-06-13 11:41:42,0.116008
2024-06-13 11:41:43,0.12344
2024-06-13 11:41:44,0.100984
2024-06-13 11:41:45,0.12088
2024-06-13 11:41:46,0.113144
2024-06-13 11:41:47,0.111464
2024-06-13 11:41:48,0.108856
2024-06-13 11:41:49,0.0906
2024-06-13 11:41:50,0.077816
2024-06-13 11:41:51,0.096456
2024-06-13 11:41:52,0.095664
2024-06-13 11:41:53,0.090896
2024-06-13 11:41:54,0.09424
2024-06-13 11:41:55,0.089112
2024-06-13 11:41:56,0.095744
2024-06-13 11:41:57,0.124496
2024-06-13 11:41:58,0.13976
2024-06-13 11:41:59,0.112008
2024-06-13 11:42:00,0.117992
2024-06-13 11:42:01,0.127384
2024-06-13 11:42:02,0.136896
2024-06-13 11:42:03,0.119184
2024-06-13 11:42:04,0.14784
2024-06-13 11:42:05,0.138512
2024-06-13 11:42:06,0.15728
2024-06-13 11:42:07,0.150592
2024-06-13 11:42:08,0.119928
2024-06-13 11:42:09,0.128336
2024-06-13 11:42:10,0.114
2024-06-13 11:42:11,0.125552
2024-06-13 11:42:12,0.106144
2024-06-13 11:42:13,0.110848
2024-06-13 11:42:14,0.139528
2024-06-13 11:42:15,0.113192
2024-06-13 11:42:16,0.099568
2024-06-13 11:42:17,0.09092
2024-06-13 11:42:18,0.107528
2024-06-13 11:42:19,0.120296
2024-06-13 11:42:20,0.153112
2024-06-13 11:42:21,0.10652
2024-06-13 11:42:22,0.112064
2024-06-13 11:42:23,0.126312
2024-06-13 11:42:24,0.11588
2024-06-13 11:42:25,0.124816
2024-06-13 11:42:26,0.111032
2024-06-13 11:42:27,0.1246
2024-06-13 11:42:28,0.134216
2024-06-13 11:42:29,0.117288
2024-06-13 11:42:30,0.104224
2024-06-13 11:42:31,0.113512
2024-06-13 11:42:32,0.111656
2024-06-13 11:42:33,0.13252
2024-06-13 11:42:34,0.117232
2024-06-13 11:42:35,0.126424
2024-06-13 11:42:36,0.153304
2024-06-13 11:42:37,0.133136
2024-06-13 11:42:38,0.157224
2024-06-13 11:42:39,0.151008
2024-06-13 11:42:40,0.17264
2024-06-13 11:42:41,0.150976
2024-06-13 11:42:42,0.152304
2024-06-13 11:42:43,0.127072
2024-06-13 11:42:44,0.131712
2024-06-13 11:42:45,0.099792
2024-06-13 11:42:46,0.105568
2024-06-13 11:42:47,0.124976
2024-06-13 11:42:48,0.105456
2024-06-13 11:42:49,0.088632
2024-06-13 11:42:50,0.088928
2024-06-13 11:42:51,0.08024
2024-06-13 11:42:52,0.10372
2024-06-13 11:42:53,0.097712
2024-06-13 11:42:54,0.107808
2024-06-13 11:42:55,0.10784
2024-06-13 11:42:56,0.100296
2024-06-13 11:42:57,0.112112
2024-06-13 11:42:58,0.148256
2024-06-13 11:42:59,0.12428
2024-06-13 11:43:00,0.135408
2024-06-13 11:43:01,0.121448
2024-06-13 11:43:02,0.12652
2024-06-13 11:43:03,0.147248
2024-06-13 11:43:04,0.150096
2024-06-13 11:43:05,0.14332
2024-06-13 11:43:06,0.153704
2024-06-13 11:43:07,0.15772
2024-06-13 11:43:08,0.183944
2024-06-13 11:43:09,0.14824
2024-06-13 11:43:10,0.1384
2024-06-13 11:43:11,0.132528
2024-06-13 11:43:12,0.14112
2024-06-13 11:43:13,0.135472
2024-06-13 11:43:14,0.114272
2024-06-13 11:43:15,0.126704
2024-06-13 11:43:16,0.139792
2024-06-13 11:43:17,0.196408
2024-06-13 11:43:18,0.192456
2024-06-13 11:43:19,0.1454
2024-06-13 11:43:20,0.116736
2024-06-13 11:43:21,0.12016
2024-06-13 11:43:22,0.120768
2024-06-13 11:43:23,0.097776
2024-06-13 11:43:24,0.13408
2024-06-13 11:43:25,0.14456
2024-06-13 11:43:26,0.1316
2024-06-13 11:43:27,0.142688
2024-06-13 11:43:28,0.160712
2024-06-13 11:43:29,0.134488
2024-06-13 11:43:30,0.114256
2024-06-13 11:43:31,0.14072
2024-06-13 11:43:32,0.131576
2024-06-13 11:43:33,0.149872
2024-06-13 11:43:34,0.155984
2024-06-13 11:43:35,0.133856
2024-06-13 11:43:36,0.129312
2024-06-13 11:43:37,0.12812
2024-06-13 11:43:38,0.133464
2024-06-13 11:43:39,0.167456
2024-06-13 11:43:40,0.18836
2024-06-13 11:43:41,0.192424
2024-06-13 11:43:42,0.110712
2024-06-13 11:43:43,0.157032
2024-06-13 11:43:44,0.104256
2024-06-13 11:43:45,0.109856
2024-06-13 11:43:46,0.089424
2024-06-13 11:43:47,0.091712
2024-06-13 11:43:48,0.084472
2024-06-13 11:43:49,0.086256
2024-06-13 11:43:50,0.095832
2024-06-13 11:43:51,0.12496
2024-06-13 11:43:52,0.10348
2024-06-13 11:43:53,0.129176
2024-06-13 11:43:54,0.13092
2024-06-13 11:43:55,0.096704
2024-06-13 11:43:56,0.104624
2024-06-13 11:43:57,0.108136
2024-06-13 11:43:58,0.150296
2024-06-13 11:43:59,0.1102
2024-06-13 11:44:00,0.121216
2024-06-13 11:44:01,0.119168
2024-06-13 11:44:02,0.119368
2024-06-13 11:44:03,0.141344
2024-06-13 11:44:04,0.126992
2024-06-13 11:44:05,0.147512
2024-06-13 11:44:06,0.15196
2024-06-13 11:44:07,0.193048
2024-06-13 11:44:08,0.177296
2024-06-13 11:44:09,0.161224
2024-06-13 11:44:10,0.239816
2024-06-13 11:44:11,0.155424
2024-06-13 11:44:12,0.125336
2024-06-13 11:44:13,0.124128
2024-06-13 11:44:14,0.143672
2024-06-13 11:44:15,0.142328
2024-06-13 11:44:16,0.129096
2024-06-13 11:44:17,0.152376
2024-06-13 11:44:18,0.15868
2024-06-13 11:44:19,0.185936
2024-06-13 11:44:20,0.170104
2024-06-13 11:44:21,0.182128
2024-06-13 11:44:22,0.182224
2024-06-13 11:44:23,0.166792
2024-06-13 11:44:24,0.13876
2024-06-13 11:44:25,0.138448
2024-06-13 11:44:26,0.152
2024-06-13 11:44:27,0.121896
2024-06-13 11:44:28,0.134856
2024-06-13 11:44:29,0.138456
2024-06-13 11:44:30,0.13896
2024-06-13 11:44:31,0.15132
2024-06-13 11:44:32,0.139656
2024-06-13 11:44:33,0.1458
2024-06-13 11:44:34,0.193656
2024-06-13 11:44:35,0.233448
2024-06-13 11:44:36,0.169448
2024-06-13 11:44:37,0.1458
2024-06-13 11:44:38,0.137608
2024-06-13 11:44:39,0.150192
2024-06-13 11:44:40,0.143832
2024-06-13 11:44:41,0.149968
2024-06-13 11:44:42,0.13996
2024-06-13 11:44:43,0.139312
2024-06-13 11:44:44,0.14476
2024-06-13 11:44:45,0.135704
2024-06-13 11:44:46,0.113752
2024-06-13 11:44:47,0.11048
2024-06-13 11:44:48,0.122072
2024-06-13 11:44:49,0.108064
2024-06-13 11:44:50,0.0996
2024-06-13 11:44:51,0.104944
2024-06-13 11:44:52,0.133048
2024-06-13 11:44:53,0.152336
2024-06-13 11:44:54,0.13172
2024-06-13 11:44:55,0.089096
2024-06-13 11:44:56,0.107256
2024-06-13 11:44:57,0.112632
2024-06-13 11:44:58,0.181432
2024-06-13 11:44:59,0.143544
2024-06-13 11:45:00,0.127008
2024-06-13 11:45:01,0.1328
2024-06-13 11:45:02,0.134128
2024-06-13 11:45:03,0.165
2024-06-13 11:45:04,0.150472
2024-06-13 11:45:05,0.156304
2024-06-13 11:45:06,0.173736
2024-06-13 11:45:07,0.159376
2024-06-13 11:45:08,0.148056
2024-06-13 11:45:09,0.119896
2024-06-13 11:45:10,0.120664
2024-06-13 11:45:11,0.118856
2024-06-13 11:45:12,0.093616
2024-06-13 11:45:13,0.119192
2024-06-13 11:45:14,0.11248
2024-06-13 11:45:15,0.112104
2024-06-13 11:45:16,0.154672
2024-06-13 11:45:17,0.16572
2024-06-13 11:45:18,0.164464
2024-06-13 11:45:19,0.165192
2024-06-13 11:45:20,0.143232
2024-06-13 11:45:21,0.146856
2024-06-13 11:45:22,0.16508
2024-06-13 11:45:23,0.123816
2024-06-13 11:45:24,0.140784
2024-06-13 11:45:25,0.1358
2024-06-13 11:45:26,0.120576
2024-06-13 11:45:27,0.134136
2024-06-13 11:45:28,0.165296
2024-06-13 11:45:29,0.157456
2024-06-13 11:45:30,0.186296
2024-06-13 11:45:31,0.159744
2024-06-13 11:45:32,0.127328
2024-06-13 11:45:33,0.14368
2024-06-13 11:45:34,0.155544
2024-06-13 11:45:35,0.149288
2024-06-13 11:45:36,0.1322
2024-06-13 11:45:37,0.136816
2024-06-13 11:45:38,0.12612
2024-06-13 11:45:39,0.154936
2024-06-13 11:45:40,0.1608
2024-06-13 11:45:41,0.165872
2024-06-13 11:45:42,0.164488
2024-06-13 11:45:43,0.159928
2024-06-13 11:45:44,0.173344
2024-06-13 11:45:45,0.158072
2024-06-13 11:45:46,0.187056
2024-06-13 11:45:47,0.150976
2024-06-13 11:45:48,0.123328
2024-06-13 11:45:49,0.100704
2024-06-13 11:45:50,0.089864
2024-06-13 11:45:51,0.068416
2024-06-13 11:45:52,0.072712
2024-06-13 11:45:53,0.071064
2024-06-13 11:45:54,0.085936
2024-06-13 11:45:55,0.08136
2024-06-13 11:45:56,0.086496
2024-06-13 11:45:57,0.098104
2024-06-13 11:45:58,0.188536
2024-06-13 11:45:59,0.135824
2024-06-13 11:46:00,0.14148
2024-06-13 11:46:01,0.120256
2024-06-13 11:46:02,0.153384
2024-06-13 11:46:03,0.142904
2024-06-13 11:46:04,0.14732
2024-06-13 11:46:05,0.142848
2024-06-13 11:46:06,0.152752
2024-06-13 11:46:07,0.139192
2024-06-13 11:46:08,0.119464
2024-06-13 11:46:09,0.111696
2024-06-13 11:46:10,0.12572
2024-06-13 11:46:11,0.133408
2024-06-13 11:46:12,0.12864
2024-06-13 11:46:13,0.13388
2024-06-13 11:46:14,0.094416
2024-06-13 11:46:15,0.138072
2024-06-13 11:46:16,0.165056
2024-06-13 11:46:17,0.143152
2024-06-13 11:46:18,0.109296
2024-06-13 11:46:19,0.116032
2024-06-13 11:46:20,0.126992
2024-06-13 11:46:21,0.128496
2024-06-13 11:46:22,0.138256
2024-06-13 11:46:23,0.137232
2024-06-13 11:46:24,0.158
2024-06-13 11:46:25,0.135248
2024-06-13 11:46:26,0.1182
2024-06-13 11:46:27,0.122032
2024-06-13 11:46:28,0.121504
2024-06-13 11:46:29,0.139112
2024-06-13 11:46:30,0.163512
2024-06-13 11:46:31,0.143016
2024-06-13 11:46:32,0.118584
2024-06-13 11:46:33,0.137136
2024-06-13 11:46:34,0.1586
2024-06-13 11:46:35,0.217
2024-06-13 11:46:36,0.167896
2024-06-13 11:46:37,0.146744
2024-06-13 11:46:38,0.134776
2024-06-13 11:46:39,0.12796
2024-06-13 11:46:40,0.129152
2024-06-13 11:46:41,0.130864
2024-06-13 11:46:42,0.118656
2024-06-13 11:46:43,0.133312
2024-06-13 11:46:44,0.149488
2024-06-13 11:46:45,0.134128
2024-06-13 11:46:46,0.126792
2024-06-13 11:46:47,0.15332
2024-06-13 11:46:48,0.172624
2024-06-13 11:46:49,0.1544
2024-06-13 11:46:50,0.118552
2024-06-13 11:46:51,0.134016
2024-06-13 11:46:52,0.128808
2024-06-13 11:46:53,0.106744
2024-06-13 11:46:54,0.110024
2024-06-13 11:46:55,0.131208
2024-06-13 11:46:56,0.128064
2024-06-13 11:46:57,0.126248
2024-06-13 11:46:58,0.163624
2024-06-13 11:46:59,0.123088
2024-06-13 11:47:00,0.129896
2024-06-13 11:47:01,0.113392
2024-06-13 11:47:02,0.117424
2024-06-13 11:47:03,0.125592
2024-06-13 11:47:04,0.135536
2024-06-13 11:47:05,0.127312
2024-06-13 11:47:06,0.134168
2024-06-13 11:47:07,0.134296
2024-06-13 11:47:08,0.163712
2024-06-13 11:47:09,0.185264
2024-06-13 11:47:10,0.161488
2024-06-13 11:47:11,0.139744
2024-06-13 11:47:12,0.133584
2024-06-13 11:47:13,0.120416
2024-06-13 11:47:14,0.129392
2024-06-13 11:47:15,0.175928
2024-06-13 11:47:16,0.132056
2024-06-13 11:47:17,0.152672
2024-06-13 11:47:18,0.1432
2024-06-13 11:47:19,0.120744
2024-06-13 11:47:20,0.136736
2024-06-13 11:47:21,0.142208
2024-06-13 11:47:22,0.1176
2024-06-13 11:47:23,0.101464
2024-06-13 11:47:24,0.143072
2024-06-13 11:47:25,0.126104
2024-06-13 11:47:26,0.143904
2024-06-13 11:47:27,0.131128
2024-06-13 11:47:28,0.137848
2024-06-13 11:47:29,0.13808
2024-06-13 11:47:30,0.131008
2024-06-13 11:47:31,0.156392
2024-06-13 11:47:32,0.155576
2024-06-13 11:47:33,0.154168
2024-06-13 11:47:34,0.152304
2024-06-13 11:47:35,0.164344
2024-06-13 11:47:36,0.14836
2024-06-13 11:47:37,0.182824
2024-06-13 11:47:38,0.15968
2024-06-13 11:47:39,0.161816
2024-06-13 11:47:40,0.132064
2024-06-13 11:47:41,0.143048
2024-06-13 11:47:42,0.147928
2024-06-13 11:47:43,0.162048
2024-06-13 11:47:44,0.13124
2024-06-13 11:47:45,0.100536
2024-06-13 11:47:46,0.080744
2024-06-13 11:47:47,0.110384
2024-06-13 11:47:48,0.145568
2024-06-13 11:47:49,0.141088
2024-06-13 11:47:50,0.113752
2024-06-13 11:47:51,0.126688
2024-06-13 11:47:52,0.117336
2024-06-13 11:47:53,0.134064
2024-06-13 11:47:54,0.108856
2024-06-13 11:47:55,0.1186
2024-06-13 11:47:56,0.1848
2024-06-13 11:47:57,0.152144
2024-06-13 11:47:58,0.179312
2024-06-13 11:47:59,0.13532
2024-06-13 11:48:00,0.134072
2024-06-13 11:48:01,0.122272
2024-06-13 11:48:02,0.118232
2024-06-13 11:48:03,0.139896
2024-06-13 11:48:04,0.149064
2024-06-13 11:48:05,0.113136
2024-06-13 11:48:06,0.108832
2024-06-13 11:48:07,0.129072
2024-06-13 11:48:08,0.135464
2024-06-13 11:48:09,0.12976
2024-06-13 11:48:10,0.135984
2024-06-13 11:48:11,0.14664
2024-06-13 11:48:12,0.13188
2024-06-13 11:48:13,0.136088
2024-06-13 11:48:14,0.161736
2024-06-13 11:48:15,0.137904
2024-06-13 11:48:16,0.168352
2024-06-13 11:48:17,0.16428
2024-06-13 11:48:18,0.129112
2024-06-13 11:48:19,0.141376
2024-06-13 11:48:20,0.147304
2024-06-13 11:48:21,0.122712
2024-06-13 11:48:22,0.129128
2024-06-13 11:48:23,0.13484
2024-06-13 11:48:24,0.128992
2024-06-13 11:48:25,0.117896
2024-06-13 11:48:26,0.124032
2024-06-13 11:48:27,0.13584
2024-06-13 11:48:28,0.1066
2024-06-13 11:48:29,0.107296
2024-06-13 11:48:30,0.09772
2024-06-13 11:48:31,0.0994
2024-06-13 11:48:32,0.163976
2024-06-13 11:48:33,0.199488
2024-06-13 11:48:34,0.143568
2024-06-13 11:48:35,0.161576
2024-06-13 11:48:36,0.176144
2024-06-13 11:48:37,0.192696
2024-06-13 11:48:38,0.184024
2024-06-13 11:48:39,0.168024
2024-06-13 11:48:40,0.189432
2024-06-13 11:48:41,0.166496
2024-06-13 11:48:42,0.155016
2024-06-13 11:48:43,0.130192
2024-06-13 11:48:44,0.140768
2024-06-13 11:48:45,0.138936
2024-06-13 11:48:46,0.182312
2024-06-13 11:48:47,0.122264
2024-06-13 11:48:48,0.181232
2024-06-13 11:48:49,0.145488
2024-06-13 11:48:50,0.157072
2024-06-13 11:48:51,0.124456
2024-06-13 11:48:52,0.149936
2024-06-13 11:48:53,0.159296
2024-06-13 11:48:54,0.157568
2024-06-13 11:48:55,0.14352
2024-06-13 11:48:56,0.163496
2024-06-13 11:48:57,0.152344
2024-06-13 11:48:58,0.174536
2024-06-13 11:48:59,0.134592
2024-06-13 11:49:00,0.149008
2024-06-13 11:49:01,0.166048
2024-06-13 11:49:02,0.10368
2024-06-13 11:49:03,0.099848
2024-06-13 11:49:04,0.102184
2024-06-13 11:49:05,0.124216
2024-06-13 11:49:06,0.092264
2024-06-13 11:49:07,0.099064
2024-06-13 11:49:08,0.104536
2024-06-13 11:49:09,0.097968
2024-06-13 11:49:10,0.114128
2024-06-13 11:49:11,0.122544
2024-06-13 11:49:12,0.109864
2024-06-13 11:49:13,0.10068
2024-06-13 11:49:14,0.09716
2024-06-13 11:49:15,0.111296
2024-06-13 11:49:16,0.097784
2024-06-13 11:49:17,0.124008
2024-06-13 11:49:18,0.120144
2024-06-13 11:49:19,0.159232
2024-06-13 11:49:20,0.12812
2024-06-13 11:49:21,0.12272
2024-06-13 11:49:22,0.111504
2024-06-13 11:49:23,0.13576
2024-06-13 11:49:24,0.136016
2024-06-13 11:49:25,0.12832
2024-06-13 11:49:26,0.130224
2024-06-13 11:49:27,0.114352
2024-06-13 11:49:28,0.152424
2024-06-13 11:49:29,0.124976
2024-06-13 11:49:30,0.126688
2024-06-13 11:49:31,0.136256
2024-06-13 11:49:32,0.1644
2024-06-13 11:49:33,0.216528
2024-06-13 11:49:34,0.168376
2024-06-13 11:49:35,0.153304
2024-06-13 11:49:36,0.129664
2024-06-13 11:49:37,0.141584
2024-06-13 11:49:38,0.131776
2024-06-13 11:49:39,0.157512
2024-06-13 11:49:40,0.138112
2024-06-13 11:49:41,0.143744
2024-06-13 11:49:42,0.113952
2024-06-13 11:49:43,0.131016
2024-06-13 11:49:44,0.13948
2024-06-13 11:49:45,0.128688
2024-06-13 11:49:46,0.12232
2024-06-13 11:49:47,0.147336
2024-06-13 11:49:48,0.178832
2024-06-13 11:49:49,0.178248
2024-06-13 11:49:50,0.131296
2024-06-13 11:49:51,0.136568
2024-06-13 11:49:52,0.17152
2024-06-13 11:49:53,0.13408
2024-06-13 11:49:54,0.132656
2024-06-13 11:49:55,0.155064
2024-06-13 11:49:56,0.150712
2024-06-13 11:49:57,0.117136
2024-06-13 11:49:58,0.162576
2024-06-13 11:49:59,0.10204
2024-06-13 11:50:00,0.116456
2024-06-13 11:50:01,0.13272
2024-06-13 11:50:02,0.117576
2024-06-13 11:50:03,0.151264
2024-06-13 11:50:04,0.136776
2024-06-13 11:50:05,0.142624
2024-06-13 11:50:06,0.119232
2024-06-13 11:50:07,0.137456
2024-06-13 11:50:08,0.122448
2024-06-13 11:50:09,0.136032
2024-06-13 11:50:10,0.154088
2024-06-13 11:50:11,0.10268
2024-06-13 11:50:12,0.10764
2024-06-13 11:50:13,0.103512
2024-06-13 11:50:14,0.104824
2024-06-13 11:50:15,0.098176
2024-06-13 11:50:16,0.10684
2024-06-13 11:50:17,0.098448
2024-06-13 11:50:18,0.098744
2024-06-13 11:50:19,0.109528
2024-06-13 11:50:20,0.10332
2024-06-13 11:50:21,0.103088
2024-06-13 11:50:22,0.099584
2024-06-13 11:50:23,0.106288
2024-06-13 11:50:24,0.103624
2024-06-13 11:50:25,0.10464
2024-06-13 11:50:26,0.138128
2024-06-13 11:50:27,0.13424
2024-06-13 11:50:28,0.173368
2024-06-13 11:50:29,0.136472
2024-06-13 11:50:30,0.135408
2024-06-13 11:50:31,0.090672
2024-06-13 11:50:32,0.113352
2024-06-13 11:50:33,0.134784
2024-06-13 11:50:34,0.153936
2024-06-13 11:50:35,0.207416
2024-06-13 11:50:36,0.2048
2024-06-13 11:50:37,0.233592
2024-06-13 11:50:38,0.231648
2024-06-13 11:50:39,0.26588
2024-06-13 11:50:40,0.247288
2024-06-13 11:50:41,0.188248
2024-06-13 11:50:42,0.193288
2024-06-13 11:50:43,0.114152
2024-06-13 11:50:44,0.121016
2024-06-13 11:50:45,0.0944
2024-06-13 11:50:46,0.09652
2024-06-13 11:50:47,0.104488
2024-06-13 11:50:48,0.143128
2024-06-13 11:50:49,0.154328
2024-06-13 11:50:50,0.141424
2024-06-13 11:50:51,0.102552
2024-06-13 11:50:52,0.104912
2024-06-13 11:50:53,0.111408
2024-06-13 11:50:54,0.109376
2024-06-13 11:50:55,0.099528
2024-06-13 11:50:56,0.140864
2024-06-13 11:50:57,0.157112
2024-06-13 11:50:58,0.218976
2024-06-13 11:50:59,0.145136
2024-06-13 11:51:00,0.144032
2024-06-13 11:51:01,0.13892
2024-06-13 11:51:02,0.137168
2024-06-13 11:51:03,0.168392
2024-06-13 11:51:04,0.142704
2024-06-13 11:51:05,0.160192
2024-06-13 11:51:06,0.142968
2024-06-13 11:51:07,0.142824
2024-06-13 11:51:08,0.16396
2024-06-13 11:51:09,0.165384
2024-06-13 11:51:10,0.215928
2024-06-13 11:51:11,0.228504
2024-06-13 11:51:12,0.17792
2024-06-13 11:51:13,0.15908
2024-06-13 11:51:14,0.149016
2024-06-13 11:51:15,0.15792
2024-06-13 11:51:16,0.153712
2024-06-13 11:51:17,0.164664
2024-06-13 11:51:18,0.157536
2024-06-13 11:51:19,0.12804
2024-06-13 11:51:20,0.1418
2024-06-13 11:51:21,0.147472
2024-06-13 11:51:22,0.153176
2024-06-13 11:51:23,0.131568
2024-06-13 11:51:24,0.128616
2024-06-13 11:51:25,0.15784
2024-06-13 11:51:26,0.130792
2024-06-13 11:51:27,0.155392
2024-06-13 11:51:28,0.18516
2024-06-13 11:51:29,0.12632
2024-06-13 11:51:30,0.13092
2024-06-13 11:51:31,0.104936
2024-06-13 11:51:32,0.1028
2024-06-13 11:51:33,0.117424
2024-06-13 11:51:34,0.098248
2024-06-13 11:51:35,0.131272
2024-06-13 11:51:36,0.122056
2024-06-13 11:51:37,0.143632
2024-06-13 11:51:38,0.122016
2024-06-13 11:51:39,0.118632
2024-06-13 11:51:40,0.094536
2024-06-13 11:51:41,0.096224
2024-06-13 11:51:42,0.11168
2024-06-13 11:51:43,0.113048
2024-06-13 11:51:44,0.097224
2024-06-13 11:51:45,0.105376
2024-06-13 11:51:46,0.105888
2024-06-13 11:51:47,0.106264
2024-06-13 11:51:48,0.104528
2024-06-13 11:51:49,0.108176
2024-06-13 11:51:50,0.123
2024-06-13 11:51:51,0.11288
2024-06-13 11:51:52,0.12204
2024-06-13 11:51:53,0.143256
2024-06-13 11:51:54,0.1334
2024-06-13 11:51:55,0.155496
2024-06-13 11:51:56,0.126664
2024-06-13 11:51:57,0.145136
2024-06-13 11:51:58,0.170424
2024-06-13 11:51:59,0.139776
2024-06-13 11:52:00,0.158984
2024-06-13 11:52:01,0.158872
2024-06-13 11:52:02,0.140664
2024-06-13 11:52:03,0.157904
2024-06-13 11:52:04,0.143648
2024-06-13 11:52:05,0.208512
2024-06-13 11:52:06,0.194136
2024-06-13 11:52:07,0.169416
2024-06-13 11:52:08,0.242816
2024-06-13 11:52:09,0.223272
2024-06-13 11:52:10,0.288704
2024-06-13 11:52:11,0.258008
2024-06-13 11:52:12,0.20308
2024-06-13 11:52:13,0.216432
2024-06-13 11:52:14,0.156896
2024-06-13 11:52:15,0.148968
2024-06-13 11:52:16,0.147096
2024-06-13 11:52:17,0.146448
2024-06-13 11:52:18,0.18128
2024-06-13 11:52:19,0.16628
2024-06-13 11:52:20,0.12848
2024-06-13 11:52:21,0.10964
2024-06-13 11:52:22,0.103056
2024-06-13 11:52:23,0.095416
2024-06-13 11:52:24,0.114304
2024-06-13 11:52:25,0.144912
2024-06-13 11:52:26,0.14204
2024-06-13 11:52:27,0.131152
2024-06-13 11:52:28,0.12732
2024-06-13 11:52:29,0.118184
2024-06-13 11:52:30,0.08628
2024-06-13 11:52:31,0.079056
2024-06-13 11:52:32,0.080704
2024-06-13 11:52:33,0.081552
2024-06-13 11:52:34,0.085992
2024-06-13 11:52:35,0.101272
2024-06-13 11:52:36,0.086104
2024-06-13 11:52:37,0.09572
2024-06-13 11:52:38,0.08028
2024-06-13 11:52:39,0.10688
2024-06-13 11:52:40,0.111896
2024-06-13 11:52:41,0.11756
2024-06-13 11:52:42,0.106808
2024-06-13 11:52:43,0.115184
2024-06-13 11:52:44,0.11928
2024-06-13 11:52:45,0.10516
2024-06-13 11:52:46,0.092248
2024-06-13 11:52:47,0.101776
2024-06-13 11:52:48,0.107488
2024-06-13 11:52:49,0.1124
2024-06-13 11:52:50,0.115552
2024-06-13 11:52:51,0.12752
2024-06-13 11:52:52,0.142544
2024-06-13 11:52:53,0.119368
2024-06-13 11:52:54,0.123448
2024-06-13 11:52:55,0.120144
2024-06-13 11:52:56,0.108208
2024-06-13 11:52:57,0.094744
2024-06-13 11:52:58,0.149104
2024-06-13 11:52:59,0.155512
2024-06-13 11:53:00,0.119056
2024-06-13 11:53:01,0.146224
2024-06-13 11:53:02,0.096856
2024-06-13 11:53:03,0.135488
2024-06-13 11:53:04,0.123904
2024-06-13 11:53:05,0.129216
2024-06-13 11:53:06,0.128096
2024-06-13 11:53:07,0.133224
2024-06-13 11:53:08,0.135192
2024-06-13 11:53:09,0.164416
2024-06-13 11:53:10,0.164024
2024-06-13 11:53:11,0.152464
2024-06-13 11:53:12,0.185616
2024-06-13 11:53:13,0.147928
2024-06-13 11:53:14,0.165664
2024-06-13 11:53:15,0.17
2024-06-13 11:53:16,0.130584
2024-06-13 11:53:17,0.130344
2024-06-13 11:53:18,0.130008
2024-06-13 11:53:19,0.126368
2024-06-13 11:53:20,0.14544
2024-06-13 11:53:21,0.158096
2024-06-13 11:53:22,0.127688
2024-06-13 11:53:23,0.137888
2024-06-13 11:53:24,0.1354
2024-06-13 11:53:25,0.1316
2024-06-13 11:53:26,0.119152
2024-06-13 11:53:27,0.111512
2024-06-13 11:53:28,0.103048
2024-06-13 11:53:29,0.092992
2024-06-13 11:53:30,0.11536
2024-06-13 11:53:31,0.102184
2024-06-13 11:53:32,0.103424
2024-06-13 11:53:33,0.100592
2024-06-13 11:53:34,0.095688
2024-06-13 11:53:35,0.09256
2024-06-13 11:53:36,0.1052
2024-06-13 11:53:37,0.119656
2024-06-13 11:53:38,0.159552
2024-06-13 11:53:39,0.141752
2024-06-13 11:53:40,0.153152
2024-06-13 11:53:41,0.127248
2024-06-13 11:53:42,0.106512
2024-06-13 11:53:43,0.159272
2024-06-13 11:53:44,0.113152
2024-06-13 11:53:45,0.133584
2024-06-13 11:53:46,0.138968
2024-06-13 11:53:47,0.155632
2024-06-13 11:53:48,0.127992
2024-06-13 11:53:49,0.113632
2024-06-13 11:53:50,0.123352
2024-06-13 11:53:51,0.123288
2024-06-13 11:53:52,0.11736
2024-06-13 11:53:53,0.116104
2024-06-13 11:53:54,0.108936
2024-06-13 11:53:55,0.09108
2024-06-13 11:53:56,0.092976
2024-06-13 11:53:57,0.094072
2024-06-13 11:53:58,0.14432
2024-06-13 11:53:59,0.09936
2024-06-13 11:54:00,0.125168
2024-06-13 11:54:01,0.125784
2024-06-13 11:54:02,0.157448
2024-06-13 11:54:03,0.16096
2024-06-13 11:54:04,0.169448
2024-06-13 11:54:05,0.16844
2024-06-13 11:54:06,0.173312
2024-06-13 11:54:07,0.22908
2024-06-13 11:54:08,0.169112
2024-06-13 11:54:09,0.173944
2024-06-13 11:54:10,0.159832
2024-06-13 11:54:11,0.138912
2024-06-13 11:54:12,0.180136
2024-06-13 11:54:13,0.157072
2024-06-13 11:54:14,0.121312
2024-06-13 11:54:15,0.129432
2024-06-13 11:54:16,0.120712
2024-06-13 11:54:17,0.12088
2024-06-13 11:54:18,0.128568
2024-06-13 11:54:19,0.12176
2024-06-13 11:54:20,0.122632
2024-06-13 11:54:21,0.176432
2024-06-13 11:54:22,0.1738
2024-06-13 11:54:23,0.179384
2024-06-13 11:54:24,0.16404
2024-06-13 11:54:25,0.160408
2024-06-13 11:54:26,0.126432
2024-06-13 11:54:27,0.11004
2024-06-13 11:54:28,0.116056
2024-06-13 11:54:29,0.094656
2024-06-13 11:54:30,0.113168
2024-06-13 11:54:31,0.130712
2024-06-13 11:54:32,0.122656
2024-06-13 11:54:33,0.139456
2024-06-13 11:54:34,0.130672
2024-06-13 11:54:35,0.155248
2024-06-13 11:54:36,0.17176
2024-06-13 11:54:37,0.143872
2024-06-13 11:54:38,0.165024
2024-06-13 11:54:39,0.148272
2024-06-13 11:54:40,0.1664
2024-06-13 11:54:41,0.173376
2024-06-13 11:54:42,0.141592
2024-06-13 11:54:43,0.15996
2024-06-13 11:54:44,0.16716
2024-06-13 11:54:45,0.135808
2024-06-13 11:54:46,0.137944
2024-06-13 11:54:47,0.132272
2024-06-13 11:54:48,0.149576
2024-06-13 11:54:49,0.144336
2024-06-13 11:54:50,0.128984
2024-06-13 11:54:51,0.100552
2024-06-13 11:54:52,0.100744
2024-06-13 11:54:53,0.106296
2024-06-13 11:54:54,0.113832
2024-06-13 11:54:55,0.1366
2024-06-13 11:54:56,0.132224
2024-06-13 11:54:57,0.113224
2024-06-13 11:54:58,0.145608
2024-06-13 11:54:59,0.117016
2024-06-13 11:55:00,0.1196
2024-06-13 11:55:01,0.12136
2024-06-13 11:55:02,0.168408
2024-06-13 11:55:03,0.178864
2024-06-13 11:55:04,0.213088
2024-06-13 11:55:05,0.194248
2024-06-13 11:55:06,0.155328
2024-06-13 11:55:07,0.543056
2024-06-13 11:55:08,0.156096
2024-06-13 11:55:09,0.14032
2024-06-13 11:55:10,0.143192
2024-06-13 11:55:11,0.121848
2024-06-13 11:55:12,0.1154
2024-06-13 11:55:13,0.114008
2024-06-13 11:55:14,0.102944
2024-06-13 11:55:15,0.132784
2024-06-13 11:55:16,0.143016
2024-06-13 11:55:17,0.14244
2024-06-13 11:55:18,0.138592
2024-06-13 11:55:19,0.126376
2024-06-13 11:55:20,0.126088
2024-06-13 11:55:21,0.120152
2024-06-13 11:55:22,0.110576
2024-06-13 11:55:23,0.153312
2024-06-13 11:55:24,0.144024
2024-06-13 11:55:25,0.119896
2024-06-13 11:55:26,0.1208
2024-06-13 11:55:27,0.118776
2024-06-13 11:55:28,0.148912
2024-06-13 11:55:29,0.131656
2024-06-13 11:55:30,0.112864
2024-06-13 11:55:31,0.160128
2024-06-13 11:55:32,0.111272
2024-06-13 11:55:33,0.11484
2024-06-13 11:55:34,0.128728
2024-06-13 11:55:35,0.102008
2024-06-13 11:55:36,0.108248
2024-06-13 11:55:37,0.140832
2024-06-13 11:55:38,0.115992
2024-06-13 11:55:39,0.13204
2024-06-13 11:55:40,0.1334
2024-06-13 11:55:41,0.129256
2024-06-13 11:55:42,0.105496
2024-06-13 11:55:43,0.114584
2024-06-13 11:55:44,0.109968
2024-06-13 11:55:45,0.130168
2024-06-13 11:55:46,0.112336
2024-06-13 11:55:47,0.139688
2024-06-13 11:55:48,0.117712
2024-06-13 11:55:49,0.098032
2024-06-13 11:55:50,0.11336
2024-06-13 11:55:51,0.105736
2024-06-13 11:55:52,0.182104
2024-06-13 11:55:53,0.173144
2024-06-13 11:55:54,0.193224
2024-06-13 11:55:55,0.155816
2024-06-13 11:55:56,0.16788
2024-06-13 11:55:57,0.13344
2024-06-13 11:55:58,0.14448
2024-06-13 11:55:59,0.105744
2024-06-13 11:56:00,0.121656
2024-06-13 11:56:01,0.110736
2024-06-13 11:56:02,0.10544
2024-06-13 11:56:03,0.123368
2024-06-13 11:56:04,0.137168
2024-06-13 11:56:05,0.086008
2024-06-13 11:56:06,0.08824
2024-06-13 11:56:07,0.102672
2024-06-13 11:56:08,0.113496
2024-06-13 11:56:09,0.121304
2024-06-13 11:56:10,0.138304
2024-06-13 11:56:11,0.160728
2024-06-13 11:56:12,0.179112
2024-06-13 11:56:13,0.147808
2024-06-13 11:56:14,0.186416
2024-06-13 11:56:15,0.151296
2024-06-13 11:56:16,0.15276
2024-06-13 11:56:17,0.145416
2024-06-13 11:56:18,0.159672
2024-06-13 11:56:19,0.141888
2024-06-13 11:56:20,0.139416
2024-06-13 11:56:21,0.138256
2024-06-13 11:56:22,0.143328
2024-06-13 11:56:23,0.113528
2024-06-13 11:56:24,0.121168
2024-06-13 11:56:25,0.123872
2024-06-13 11:56:26,0.16548
2024-06-13 11:56:27,0.196352
2024-06-13 11:56:28,0.169776
2024-06-13 11:56:29,0.195672
2024-06-13 11:56:30,0.134736
2024-06-13 11:56:31,0.18848
2024-06-13 11:56:32,0.14736
2024-06-13 11:56:33,0.15216
2024-06-13 11:56:34,0.186448
2024-06-13 11:56:35,0.179024
2024-06-13 11:56:36,0.185704
2024-06-13 11:56:37,0.280624
2024-06-13 11:56:38,0.225088
2024-06-13 11:56:39,0.2116
2024-06-13 11:56:40,0.189024
2024-06-13 11:56:41,0.216632
2024-06-13 11:56:42,0.190064
2024-06-13 11:56:43,0.190624
2024-06-13 11:56:44,0.183976
2024-06-13 11:56:45,0.190008
2024-06-13 11:56:46,0.185208
2024-06-13 11:56:47,0.156024
2024-06-13 11:56:48,0.15444
2024-06-13 11:56:49,0.133216
2024-06-13 11:56:50,0.100888
2024-06-13 11:56:51,0.105216
2024-06-13 11:56:52,0.112208
2024-06-13 11:56:53,0.114824
2024-06-13 11:56:54,0.122568
2024-06-13 11:56:55,0.110456
2024-06-13 11:56:56,0.144624
2024-06-13 11:56:57,0.12556
2024-06-13 11:56:58,0.1674
2024-06-13 11:56:59,0.145816
2024-06-13 11:57:00,0.14736
2024-06-13 11:57:01,0.188536
2024-06-13 11:57:02,0.150672
2024-06-13 11:57:03,0.066528
2024-06-13 11:57:04,0.05608
2024-06-13 11:57:05,0.048184
2024-06-13 11:57:06,0.044744
2024-06-13 11:57:07,0.017608
2024-06-13 11:57:08,0.004928
2024-06-13 12:00:41,0.014688
2024-06-13 12:00:42,0.11936
2024-06-13 12:00:43,0.03448
2024-06-13 12:00:44,0.020304
2024-06-13 12:00:45,0.027848
2024-06-13 12:00:46,0.0312
2024-06-13 12:00:47,0.02896
2024-06-13 12:00:48,0.431456
2024-06-13 12:00:49,0.139616
2024-06-13 12:00:50,0.079576
2024-06-13 12:00:51,0.051056
2024-06-13 12:00:52,0.082504
2024-06-13 12:00:53,0.075504
2024-06-13 12:00:54,0.06544
2024-06-13 12:00:55,0.074064
2024-06-13 12:00:56,0.073864
2024-06-13 12:00:57,0.078032
2024-06-13 12:00:58,0.091096
2024-06-13 12:00:59,0.085896
2024-06-13 12:01:00,0.073728
2024-06-13 12:01:01,0.09328
2024-06-13 12:01:02,0.100096
2024-06-13 12:01:03,0.102376
2024-06-13 12:01:04,0.084848
2024-06-13 12:01:05,0.075272
2024-06-13 12:01:06,0.099792
2024-06-13 12:01:07,0.115296
2024-06-13 12:01:08,0.088856
2024-06-13 12:01:09,0.119264
2024-06-13 12:01:10,0.085
2024-06-13 12:01:11,0.090592
2024-06-13 12:01:12,0.09724
2024-06-13 12:01:13,0.103552
2024-06-13 12:01:14,0.07672
2024-06-13 12:01:15,0.084656
2024-06-13 12:01:16,0.095864
2024-06-13 12:01:17,0.09728
2024-06-13 12:01:18,0.109864
2024-06-13 12:01:19,0.122816
2024-06-13 12:01:20,0.089088
2024-06-13 12:01:21,0.101424
2024-06-13 12:01:22,0.123376
2024-06-13 12:01:23,0.15292
2024-06-13 12:01:24,0.175216
2024-06-13 12:01:25,0.130176
2024-06-13 12:01:26,0.113104
2024-06-13 12:01:27,0.130432
2024-06-13 12:01:28,0.143584
2024-06-13 12:01:29,0.12184
2024-06-13 12:01:30,0.173744
2024-06-13 12:01:31,0.147672
2024-06-13 12:01:32,0.136824
2024-06-13 12:01:33,0.133776
2024-06-13 12:01:34,0.11512
2024-06-13 12:01:35,0.109888
2024-06-13 12:01:36,0.125976
2024-06-13 12:01:37,0.129488
2024-06-13 12:01:38,0.133144
2024-06-13 12:01:39,0.18232
2024-06-13 12:01:40,0.109384
2024-06-13 12:01:41,0.149672
2024-06-13 12:01:42,0.121032
2024-06-13 12:01:43,0.119856
2024-06-13 12:01:44,0.10804
2024-06-13 12:01:45,0.099968
2024-06-13 12:01:46,0.111088
2024-06-13 12:01:47,0.136824
2024-06-13 12:01:48,0.127352
2024-06-13 12:01:49,0.154624
2024-06-13 12:01:50,0.132816
2024-06-13 12:01:51,0.12788
2024-06-13 12:01:52,0.202672
2024-06-13 12:01:53,0.151056
2024-06-13 12:01:54,0.14516
2024-06-13 12:01:55,0.198512
2024-06-13 12:01:56,0.130584
2024-06-13 12:01:57,0.130152
2024-06-13 12:01:58,0.183752
2024-06-13 12:01:59,0.213008
2024-06-13 12:02:00,0.126496
2024-06-13 12:02:01,0.139416
2024-06-13 12:02:02,0.138168
2024-06-13 12:02:03,0.135648
2024-06-13 12:02:04,0.149112
2024-06-13 12:02:05,0.179456
2024-06-13 12:02:06,0.192056
2024-06-13 12:02:07,0.158448
2024-06-13 12:02:08,0.200832
2024-06-13 12:02:09,0.171408
2024-06-13 12:02:10,0.127696
2024-06-13 12:02:11,0.11888
2024-06-13 12:02:12,0.132288
2024-06-13 12:02:13,0.120408
2024-06-13 12:02:14,0.164784
2024-06-13 12:02:15,0.158888
2024-06-13 12:02:16,0.165944
2024-06-13 12:02:17,0.171336
2024-06-13 12:02:18,0.15612
2024-06-13 12:02:19,0.142168
2024-06-13 12:02:20,0.132112
2024-06-13 12:02:21,0.159608
2024-06-13 12:02:22,0.141264
2024-06-13 12:02:23,0.144568
2024-06-13 12:02:24,0.144648
2024-06-13 12:02:25,0.150656
2024-06-13 12:02:26,0.127008
2024-06-13 12:02:27,0.184144
2024-06-13 12:02:28,0.160784
2024-06-13 12:02:29,0.158328
2024-06-13 12:02:30,0.142744
2024-06-13 12:02:31,0.243656
2024-06-13 12:02:32,0.135384
2024-06-13 12:02:33,0.162424
2024-06-13 12:02:34,0.150696
2024-06-13 12:02:35,0.122968
2024-06-13 12:02:36,0.165816
2024-06-13 12:02:37,0.148816
2024-06-13 12:02:38,0.174784
2024-06-13 12:02:39,0.13956
2024-06-13 12:02:40,0.163192
2024-06-13 12:02:41,0.128632
2024-06-13 12:02:42,0.094208
2024-06-13 12:02:43,0.121464
2024-06-13 12:02:44,0.113696
2024-06-13 12:02:45,0.116776
2024-06-13 12:02:46,0.178976
2024-06-13 12:02:47,0.148976
2024-06-13 12:02:48,0.183176
2024-06-13 12:02:49,0.113784
2024-06-13 12:02:50,0.108744
2024-06-13 12:02:51,0.120624
2024-06-13 12:02:52,0.140096
2024-06-13 12:02:53,0.138136
2024-06-13 12:02:54,0.136736
2024-06-13 12:02:55,0.129752
2024-06-13 12:02:56,0.12708
2024-06-13 12:02:57,0.164008
2024-06-13 12:02:58,0.188304
2024-06-13 12:02:59,0.136088
2024-06-13 12:03:00,0.145096
2024-06-13 12:03:01,0.157624
2024-06-13 12:03:02,0.16432
2024-06-13 12:03:03,0.19716
2024-06-13 12:03:04,0.187688
2024-06-13 12:03:05,0.165
2024-06-13 12:03:06,0.188664
2024-06-13 12:03:07,0.130168
2024-06-13 12:03:08,0.243224
2024-06-13 12:03:09,0.155576
2024-06-13 12:03:10,0.140368
2024-06-13 12:03:11,0.201808
2024-06-13 12:03:12,0.163816
2024-06-13 12:03:13,0.227192
2024-06-13 12:03:14,0.235304
2024-06-13 12:03:15,0.183496
2024-06-13 12:03:16,0.142368
2024-06-13 12:03:17,0.181704
2024-06-13 12:03:18,0.15904
2024-06-13 12:03:19,0.100072
2024-06-13 12:03:20,0.10364
2024-06-13 12:03:21,0.149872
2024-06-13 12:03:22,0.110936
2024-06-13 12:03:23,0.133792
2024-06-13 12:03:24,0.11036
2024-06-13 12:03:25,0.118296
2024-06-13 12:03:26,0.117648
2024-06-13 12:03:27,0.118344
2024-06-13 12:03:28,0.13948
2024-06-13 12:03:29,0.125728
2024-06-13 12:03:30,0.111016
2024-06-13 12:03:31,0.116576
2024-06-13 12:03:32,0.123136
2024-06-13 12:03:33,0.11144
2024-06-13 12:03:34,0.138456
2024-06-13 12:03:35,0.220104
2024-06-13 12:03:36,0.198968
2024-06-13 12:03:37,0.22244
2024-06-13 12:03:38,0.159176
2024-06-13 12:03:39,0.199576
2024-06-13 12:03:40,0.17316
2024-06-13 12:03:41,0.186168
2024-06-13 12:03:42,0.165808
2024-06-13 12:03:43,0.158888
2024-06-13 12:03:44,0.148024
2024-06-13 12:03:45,0.158816
2024-06-13 12:03:46,0.157544
2024-06-13 12:03:47,0.120128
2024-06-13 12:03:48,0.151416
2024-06-13 12:03:49,0.238416
2024-06-13 12:03:50,0.174808
2024-06-13 12:03:51,0.168088
2024-06-13 12:03:52,0.141296
2024-06-13 12:03:53,0.10636
2024-06-13 12:03:54,0.092472
2024-06-13 12:03:55,0.11024
2024-06-13 12:03:56,0.129792
2024-06-13 12:03:57,0.136336
2024-06-13 12:03:58,0.148792
2024-06-13 12:03:59,0.116728
2024-06-13 12:04:00,0.12812
2024-06-13 12:04:01,0.118448
2024-06-13 12:04:02,0.128416
2024-06-13 12:04:03,0.156768
2024-06-13 12:04:04,0.14376
2024-06-13 12:04:05,0.183504
2024-06-13 12:04:06,0.14092
2024-06-13 12:04:07,0.152824
2024-06-13 12:04:08,0.177552
2024-06-13 12:04:09,0.1448
2024-06-13 12:04:10,0.196576
2024-06-13 12:04:11,0.2478
2024-06-13 12:04:12,0.20384
2024-06-13 12:04:13,0.134832
2024-06-13 12:04:14,0.151168
2024-06-13 12:04:15,0.20356
2024-06-13 12:04:16,0.260248
2024-06-13 12:04:17,0.158736
2024-06-13 12:04:18,0.12836
2024-06-13 12:04:19,0.13632
2024-06-13 12:04:20,0.130032
2024-06-13 12:04:21,0.122024
2024-06-13 12:04:22,0.108968
2024-06-13 12:04:23,0.12768
2024-06-13 12:04:24,0.202768
2024-06-13 12:04:25,0.127104
2024-06-13 12:04:26,0.157296
2024-06-13 12:04:27,0.146208
2024-06-13 12:04:28,0.161192
2024-06-13 12:04:29,0.188832
2024-06-13 12:04:30,0.159192
2024-06-13 12:04:31,0.140568
2024-06-13 12:04:32,0.159496
2024-06-13 12:04:33,0.107472
2024-06-13 12:04:34,0.107696
2024-06-13 12:04:35,0.136192
2024-06-13 12:04:36,0.178736
2024-06-13 12:04:37,0.140664
2024-06-13 12:04:38,0.189064
2024-06-13 12:04:39,0.131816
2024-06-13 12:04:40,0.134968
2024-06-13 12:04:41,0.163296
2024-06-13 12:04:42,0.139336
2024-06-13 12:04:43,0.16476
2024-06-13 12:04:44,0.175224
2024-06-13 12:04:45,0.176016
2024-06-13 12:04:46,0.168744
2024-06-13 12:04:47,0.181184
2024-06-13 12:04:48,0.196904
2024-06-13 12:04:49,0.172304
2024-06-13 12:04:50,0.21968
2024-06-13 12:04:51,0.234632
2024-06-13 12:04:52,0.237512
2024-06-13 12:04:53,0.138032
2024-06-13 12:04:54,0.154304
2024-06-13 12:04:55,0.195424
2024-06-13 12:04:56,0.137824
2024-06-13 12:04:57,0.158136
2024-06-13 12:04:58,0.182704
2024-06-13 12:04:59,0.138784
2024-06-13 12:05:00,0.113144
2024-06-13 12:05:01,0.09544
2024-06-13 12:05:02,0.12536
2024-06-13 12:05:03,0.09792
2024-06-13 12:05:04,0.089528
2024-06-13 12:05:05,0.099088
2024-06-13 12:05:06,0.093208
2024-06-13 12:05:07,0.111424
2024-06-13 12:05:08,0.137952
2024-06-13 12:05:09,0.160664
2024-06-13 12:05:10,0.124624
2024-06-13 12:05:11,0.132792
2024-06-13 12:05:12,0.1698
2024-06-13 12:05:13,0.144376
2024-06-13 12:05:14,0.1402
2024-06-13 12:05:15,0.127592
2024-06-13 12:05:16,0.142472
2024-06-13 12:05:17,0.145208
2024-06-13 12:05:18,0.139704
2024-06-13 12:05:19,0.155864
2024-06-13 12:05:20,0.172624
2024-06-13 12:05:21,0.188776
2024-06-13 12:05:22,0.12784
2024-06-13 12:05:23,0.1234
2024-06-13 12:05:24,0.157056
2024-06-13 12:05:25,0.153952
2024-06-13 12:05:26,0.125704
2024-06-13 12:05:27,0.16236
2024-06-13 12:05:28,0.139568
2024-06-13 12:05:29,0.118448
2024-06-13 12:05:30,0.130064
2024-06-13 12:05:31,0.12148
2024-06-13 12:05:32,0.125504
2024-06-13 12:05:33,0.167672
2024-06-13 12:05:34,0.14884
2024-06-13 12:05:35,0.131816
2024-06-13 12:05:36,0.19236
2024-06-13 12:05:37,0.135432
2024-06-13 12:05:38,0.155752
2024-06-13 12:05:39,0.162528
2024-06-13 12:05:40,0.183944
2024-06-13 12:05:41,0.149304
2024-06-13 12:05:42,0.136304
2024-06-13 12:05:43,0.165584
2024-06-13 12:05:44,0.120056
2024-06-13 12:05:45,0.139856
2024-06-13 12:05:46,0.15944
2024-06-13 12:05:47,0.124472
2024-06-13 12:05:48,0.172592
2024-06-13 12:05:49,0.20308
2024-06-13 12:05:50,0.150544
2024-06-13 12:05:51,0.132632
2024-06-13 12:05:52,0.126944
2024-06-13 12:05:53,0.123312
2024-06-13 12:05:54,0.20724
2024-06-13 12:05:55,0.160504
2024-06-13 12:05:56,0.174392
2024-06-13 12:05:57,0.206512
2024-06-13 12:05:58,0.155104
2024-06-13 12:05:59,0.219272
2024-06-13 12:06:00,0.231512
2024-06-13 12:06:01,0.199664
2024-06-13 12:06:02,0.228768
2024-06-13 12:06:03,0.19396
2024-06-13 12:06:04,0.197576
2024-06-13 12:06:05,0.205432
2024-06-13 12:06:06,0.200688
2024-06-13 12:06:07,0.215152
2024-06-13 12:06:08,0.20304
2024-06-13 12:06:09,0.188192
2024-06-13 12:06:10,0.158696
2024-06-13 12:06:11,0.153248
2024-06-13 12:06:12,0.139896
2024-06-13 12:06:13,0.170568
2024-06-13 12:06:14,0.114296
2024-06-13 12:06:15,0.156072
2024-06-13 12:06:16,0.132136
2024-06-13 12:06:17,0.128056
2024-06-13 12:06:18,0.251448
2024-06-13 12:06:19,0.20464
2024-06-13 12:06:20,0.111864
2024-06-13 12:06:21,0.09836
2024-06-13 12:06:22,0.13736
2024-06-13 12:06:23,0.104944
2024-06-13 12:06:24,0.140704
2024-06-13 12:06:25,0.133056
2024-06-13 12:06:26,0.130872
2024-06-13 12:06:27,0.126312
2024-06-13 12:06:28,0.156488
2024-06-13 12:06:29,0.142768
2024-06-13 12:06:30,0.126208
2024-06-13 12:06:31,0.124568
2024-06-13 12:06:32,0.141424
2024-06-13 12:06:33,0.1192
2024-06-13 12:06:34,0.164848
2024-06-13 12:06:35,0.18196
2024-06-13 12:06:36,0.13848
2024-06-13 12:06:37,0.191632
2024-06-13 12:06:38,0.18012
2024-06-13 12:06:39,0.22636
2024-06-13 12:06:40,0.173568
2024-06-13 12:06:41,0.119376
2024-06-13 12:06:42,0.097752
2024-06-13 12:06:43,0.093592
2024-06-13 12:06:44,0.11012
2024-06-13 12:06:45,0.089048
2024-06-13 12:06:46,0.101128
2024-06-13 12:06:47,0.09732
2024-06-13 12:06:48,0.10992
2024-06-13 12:06:49,0.188712
2024-06-13 12:06:50,0.114104
2024-06-13 12:06:51,0.135808
2024-06-13 12:06:52,0.2188
2024-06-13 12:06:53,0.167312
2024-06-13 12:06:54,0.149608
2024-06-13 12:06:55,0.148152
2024-06-13 12:06:56,0.11256
2024-06-13 12:06:57,0.103232
2024-06-13 12:06:58,0.179824
2024-06-13 12:06:59,0.22376
2024-06-13 12:07:00,0.163712
2024-06-13 12:07:01,0.20728
2024-06-13 12:07:02,0.138576
2024-06-13 12:07:03,0.15376
2024-06-13 12:07:04,0.133368
2024-06-13 12:07:05,0.151016
2024-06-13 12:07:06,0.135112
2024-06-13 12:07:07,0.1394
2024-06-13 12:07:08,0.208328
2024-06-13 12:07:09,0.184032
2024-06-13 12:07:10,0.168792
2024-06-13 12:07:11,0.163328
2024-06-13 12:07:12,0.164576
2024-06-13 12:07:13,0.195984
2024-06-13 12:07:14,0.225576
2024-06-13 12:07:15,0.252952
2024-06-13 12:07:16,0.193112
2024-06-13 12:07:17,0.182744
2024-06-13 12:07:18,0.21828
2024-06-13 12:07:19,0.164312
2024-06-13 12:07:20,0.17844
2024-06-13 12:07:21,0.220568
2024-06-13 12:07:22,0.121528
2024-06-13 12:07:23,0.129368
2024-06-13 12:07:24,0.160544
2024-06-13 12:07:25,0.185048
2024-06-13 12:07:26,0.133896
2024-06-13 12:07:27,0.123904
2024-06-13 12:07:28,0.129464
2024-06-13 12:07:29,0.12072
2024-06-13 12:07:30,0.160312
2024-06-13 12:07:31,0.126336
2024-06-13 12:07:32,0.10436
2024-06-13 12:07:33,0.111744
2024-06-13 12:07:34,0.100144
2024-06-13 12:07:35,0.110208
2024-06-13 12:07:36,0.129888
2024-06-13 12:07:37,0.114728
2024-06-13 12:07:38,0.097096
2024-06-13 12:07:39,0.13064
2024-06-13 12:07:40,0.147112
2024-06-13 12:07:41,0.168208
2024-06-13 12:07:42,0.184528
2024-06-13 12:07:43,0.152392
2024-06-13 12:07:44,0.220448
2024-06-13 12:07:45,0.165848
2024-06-13 12:07:46,0.134
2024-06-13 12:07:47,0.18672
2024-06-13 12:07:48,0.167288
2024-06-13 12:07:49,0.186056
2024-06-13 12:07:50,0.179688
2024-06-13 12:07:51,0.160496
2024-06-13 12:07:52,0.125856
2024-06-13 12:07:53,0.131544
2024-06-13 12:07:54,0.168568
2024-06-13 12:07:55,0.197696
2024-06-13 12:07:56,0.248776
2024-06-13 12:07:57,0.12004
2024-06-13 12:07:58,0.142856
2024-06-13 12:07:59,0.136312
2024-06-13 12:08:00,0.124728
2024-06-13 12:08:01,0.141288
2024-06-13 12:08:02,0.16452
2024-06-13 12:08:03,0.163208
2024-06-13 12:08:04,0.190272
2024-06-13 12:08:05,0.163952
2024-06-13 12:08:06,0.110824
2024-06-13 12:08:07,0.138232
2024-06-13 12:08:08,0.146368
2024-06-13 12:08:09,0.131304
2024-06-13 12:08:10,0.11536
2024-06-13 12:08:11,0.135096
2024-06-13 12:08:12,0.176144
2024-06-13 12:08:13,0.149288
2024-06-13 12:08:14,0.181832
2024-06-13 12:08:15,0.209304
2024-06-13 12:08:16,0.151504
2024-06-13 12:08:17,0.13372
2024-06-13 12:08:18,0.15792
2024-06-13 12:08:19,0.167816
2024-06-13 12:08:20,0.129696
2024-06-13 12:08:21,0.10484
2024-06-13 12:08:22,0.108616
2024-06-13 12:08:23,0.107752
2024-06-13 12:08:24,0.122208
2024-06-13 12:08:25,0.099352
2024-06-13 12:08:26,0.13028
2024-06-13 12:08:27,0.08804
2024-06-13 12:08:28,0.099936
2024-06-13 12:08:29,0.143976
2024-06-13 12:08:30,0.12868
2024-06-13 12:08:31,0.160408
2024-06-13 12:08:32,0.191096
2024-06-13 12:08:33,0.19144
2024-06-13 12:08:34,0.184944
2024-06-13 12:08:35,0.236784
2024-06-13 12:08:36,0.218672
2024-06-13 12:08:37,0.224824
2024-06-13 12:08:38,0.100408
2024-06-13 12:08:39,0.141352
2024-06-13 12:08:40,0.148256
2024-06-13 12:08:41,0.132312
2024-06-13 12:08:42,0.12052
2024-06-13 12:08:43,0.162792
2024-06-13 12:08:44,0.14864
2024-06-13 12:08:45,0.139312
2024-06-13 12:08:46,0.126216
2024-06-13 12:08:47,0.136216
2024-06-13 12:08:48,0.148992
2024-06-13 12:08:49,0.110648
2024-06-13 12:08:50,0.181544
2024-06-13 12:08:51,0.121008
2024-06-13 12:08:52,0.163408
2024-06-13 12:08:53,0.154536
2024-06-13 12:08:54,0.154432
2024-06-13 12:08:55,0.106136
2024-06-13 12:08:56,0.163944
2024-06-13 12:08:57,0.12616
2024-06-13 12:08:58,0.222128
2024-06-13 12:08:59,0.157328
2024-06-13 12:09:00,0.17392
2024-06-13 12:09:01,0.112608
2024-06-13 12:09:02,0.10948
2024-06-13 12:09:03,0.129608
2024-06-13 12:09:04,0.140568
2024-06-13 12:09:05,0.127352
2024-06-13 12:09:06,0.123056
2024-06-13 12:09:07,0.104888
2024-06-13 12:09:08,0.104656
2024-06-13 12:09:09,0.093832
2024-06-13 12:09:10,0.095128
2024-06-13 12:09:11,0.087496
2024-06-13 12:09:12,0.085504
2024-06-13 12:09:13,0.101992
2024-06-13 12:09:14,0.1072
2024-06-13 12:09:15,0.139536
2024-06-13 12:09:16,0.111776
2024-06-13 12:09:17,0.093096
2024-06-13 12:09:18,0.12052
2024-06-13 12:09:19,0.1028
2024-06-13 12:09:20,0.094152
2024-06-13 12:09:21,0.098792
2024-06-13 12:09:22,0.08728
2024-06-13 12:09:23,0.099936
2024-06-13 12:09:24,0.12432
2024-06-13 12:09:25,0.132736
2024-06-13 12:09:26,0.132472
2024-06-13 12:09:27,0.145784
2024-06-13 12:09:28,0.12004
2024-06-13 12:09:29,0.145576
2024-06-13 12:09:30,0.170432
2024-06-13 12:09:31,0.149888
2024-06-13 12:09:32,0.162816
2024-06-13 12:09:33,0.190368
2024-06-13 12:09:34,0.146752
2024-06-13 12:09:35,0.119424
2024-06-13 12:09:36,0.131664
2024-06-13 12:09:37,0.1928
2024-06-13 12:09:38,0.133408
2024-06-13 12:09:39,0.169776
2024-06-13 12:09:40,0.14848
2024-06-13 12:09:41,0.18048
2024-06-13 12:09:42,0.173616
2024-06-13 12:09:43,0.167424
2024-06-13 12:09:44,0.169904
2024-06-13 12:09:45,0.199376
2024-06-13 12:09:46,0.15736
2024-06-13 12:09:47,0.222584
2024-06-13 12:09:48,0.157072
2024-06-13 12:09:49,0.263352
2024-06-13 12:09:50,0.198216
2024-06-13 12:09:51,0.169768
2024-06-13 12:09:52,0.205968
2024-06-13 12:09:53,0.184704
2024-06-13 12:09:54,0.244032
2024-06-13 12:09:55,0.173576
2024-06-13 12:09:56,0.138632
2024-06-13 12:09:57,0.141672
2024-06-13 12:09:58,0.152976
2024-06-13 12:09:59,0.128528
2024-06-13 12:10:00,0.125352
2024-06-13 12:10:01,0.099912
2024-06-13 12:10:02,0.120536
2024-06-13 12:10:03,0.132872
2024-06-13 12:10:04,0.141576
2024-06-13 12:10:05,0.112176
2024-06-13 12:10:06,0.110624
2024-06-13 12:10:07,0.157936
2024-06-13 12:10:08,0.201352
2024-06-13 12:10:09,0.260064
2024-06-13 12:10:10,0.207704
2024-06-13 12:10:11,0.150856
2024-06-13 12:10:12,0.149512
2024-06-13 12:10:13,0.152504
2024-06-13 12:10:14,0.1338
2024-06-13 12:10:15,0.140384
2024-06-13 12:10:16,0.149216
2024-06-13 12:10:17,0.101432
2024-06-13 12:10:18,0.131536
2024-06-13 12:10:19,0.11828
2024-06-13 12:10:20,0.102848
2024-06-13 12:10:21,0.111632
2024-06-13 12:10:22,0.151488
2024-06-13 12:10:23,0.155504
2024-06-13 12:10:24,0.168528
2024-06-13 12:10:25,0.23416
2024-06-13 12:10:26,0.154064
2024-06-13 12:10:27,0.146464
2024-06-13 12:10:28,0.15852
2024-06-13 12:10:29,0.11108
2024-06-13 12:10:30,0.126768
2024-06-13 12:10:31,0.103544
2024-06-13 12:10:32,0.112824
2024-06-13 12:10:33,0.100024
2024-06-13 12:10:34,0.101672
2024-06-13 12:10:35,0.10372
2024-06-13 12:10:36,0.167432
2024-06-13 12:10:37,0.131424
2024-06-13 12:10:38,0.115608
2024-06-13 12:10:39,0.150736
2024-06-13 12:10:40,0.175864
2024-06-13 12:10:41,0.161456
2024-06-13 12:10:42,0.137328
2024-06-13 12:10:43,0.16488
2024-06-13 12:10:44,0.172536
2024-06-13 12:10:45,0.14652
2024-06-13 12:10:46,0.118816
2024-06-13 12:10:47,0.141072
2024-06-13 12:10:48,0.1022
2024-06-13 12:10:49,0.138936
2024-06-13 12:10:50,0.126368
2024-06-13 12:10:51,0.128472
2024-06-13 12:10:52,0.0972
2024-06-13 12:10:53,0.207728
2024-06-13 12:10:54,0.137776
2024-06-13 12:10:55,0.143216
2024-06-13 12:10:56,0.175536
2024-06-13 12:10:57,0.111144
2024-06-13 12:10:58,0.15144
2024-06-13 12:10:59,0.111912
2024-06-13 12:11:00,0.123768
2024-06-13 12:11:01,0.146488
2024-06-13 12:11:02,0.164864
2024-06-13 12:11:03,0.230344
2024-06-13 12:11:04,0.2568
2024-06-13 12:11:05,0.179128
2024-06-13 12:11:06,0.137912
2024-06-13 12:11:07,0.124808
2024-06-13 12:11:08,0.109024
2024-06-13 12:11:09,0.116632
2024-06-13 12:11:10,0.147104
2024-06-13 12:11:11,0.129552
2024-06-13 12:11:12,0.152128
2024-06-13 12:11:13,0.171872
2024-06-13 12:11:14,0.179928
2024-06-13 12:11:15,0.16176
2024-06-13 12:11:16,0.158536
2024-06-13 12:11:17,0.163264
2024-06-13 12:11:18,0.153728
2024-06-13 12:11:19,0.168832
2024-06-13 12:11:20,0.141424
2024-06-13 12:11:21,0.110056
2024-06-13 12:11:22,0.09916
2024-06-13 12:11:23,0.09596
2024-06-13 12:11:24,0.095048
2024-06-13 12:11:25,0.089784
2024-06-13 12:11:26,0.102872
2024-06-13 12:11:27,0.13548
2024-06-13 12:11:28,0.121136
2024-06-13 12:11:29,0.145584
2024-06-13 12:11:30,0.150016
2024-06-13 12:11:31,0.146968
2024-06-13 12:11:32,0.175272
2024-06-13 12:11:33,0.154448
2024-06-13 12:11:34,0.160768
2024-06-13 12:11:35,0.195944
2024-06-13 12:11:36,0.16768
2024-06-13 12:11:37,0.171256
2024-06-13 12:11:38,0.127632
2024-06-13 12:11:39,0.133592
2024-06-13 12:11:40,0.1334
2024-06-13 12:11:41,0.104184
2024-06-13 12:11:42,0.099952
2024-06-13 12:11:43,0.099408
2024-06-13 12:11:44,0.111256
2024-06-13 12:11:45,0.121128
2024-06-13 12:11:46,0.14292
2024-06-13 12:11:47,0.15276
2024-06-13 12:11:48,0.121112
2024-06-13 12:11:49,0.234616
2024-06-13 12:11:50,0.125552
2024-06-13 12:11:51,0.15488
2024-06-13 12:11:52,0.134264
2024-06-13 12:11:53,0.147456
2024-06-13 12:11:54,0.164744
2024-06-13 12:11:55,0.116736
2024-06-13 12:11:56,0.114824
2024-06-13 12:11:57,0.140416
2024-06-13 12:11:58,0.136744
2024-06-13 12:11:59,0.185256
2024-06-13 12:12:00,0.145448
2024-06-13 12:12:01,0.180784
2024-06-13 12:12:02,0.154112
2024-06-13 12:12:03,0.232672
2024-06-13 12:12:04,0.174
2024-06-13 12:12:05,0.154944
2024-06-13 12:12:06,0.196224
2024-06-13 12:12:07,0.14816
2024-06-13 12:12:08,0.181864
2024-06-13 12:12:09,0.2624
2024-06-13 12:12:10,0.189728
2024-06-13 12:12:11,0.169816
2024-06-13 12:12:12,0.206864
2024-06-13 12:12:13,0.239696
2024-06-13 12:12:14,0.164648
2024-06-13 12:12:15,0.133392
2024-06-13 12:12:16,0.112712
2024-06-13 12:12:17,0.136184
2024-06-13 12:12:18,0.165296
2024-06-13 12:12:19,0.145064
2024-06-13 12:12:20,0.129664
2024-06-13 12:12:21,0.1786
2024-06-13 12:12:22,0.178608
2024-06-13 12:12:23,0.202704
2024-06-13 12:12:24,0.14592
2024-06-13 12:12:25,0.183336
2024-06-13 12:12:26,0.202496
2024-06-13 12:12:27,0.174432
2024-06-13 12:12:28,0.233648
2024-06-13 12:12:29,0.23472
2024-06-13 12:12:30,0.143672
2024-06-13 12:12:31,0.138136
2024-06-13 12:12:32,0.128576
2024-06-13 12:12:33,0.11748
2024-06-13 12:12:34,0.108856
2024-06-13 12:12:35,0.1042
2024-06-13 12:12:36,0.093536
2024-06-13 12:12:37,0.134848
2024-06-13 12:12:38,0.156536
2024-06-13 12:12:39,0.143056
2024-06-13 12:12:40,0.142384
2024-06-13 12:12:41,0.169904
2024-06-13 12:12:42,0.240968
2024-06-13 12:12:43,0.178144
2024-06-13 12:12:44,0.197624
2024-06-13 12:12:45,0.13388
2024-06-13 12:12:46,0.15128
2024-06-13 12:12:47,0.135872
2024-06-13 12:12:48,0.143224
2024-06-13 12:12:49,0.1522
2024-06-13 12:12:50,0.095152
2024-06-13 12:12:51,0.110784
2024-06-13 12:12:52,0.152048
2024-06-13 12:12:53,0.143856
2024-06-13 12:12:54,0.108336
2024-06-13 12:12:55,0.144808
2024-06-13 12:12:56,0.111632
2024-06-13 12:12:57,0.19128
2024-06-13 12:12:58,0.188464
2024-06-13 12:12:59,0.16888
2024-06-13 12:13:00,0.205304
2024-06-13 12:13:01,0.198392
2024-06-13 12:13:02,0.19
2024-06-13 12:13:03,0.168544
2024-06-13 12:13:04,0.178728
2024-06-13 12:13:05,0.195688
2024-06-13 12:13:06,0.301112
2024-06-13 12:13:07,0.26232
2024-06-13 12:13:08,0.133896
2024-06-13 12:13:09,0.112504
2024-06-13 12:13:10,0.125304
2024-06-13 12:13:11,0.136776
2024-06-13 12:13:12,0.131136
2024-06-13 12:13:13,0.155224
2024-06-13 12:13:14,0.238368
2024-06-13 12:13:15,0.279136
2024-06-13 12:13:16,0.23396
2024-06-13 12:13:17,0.167968
2024-06-13 12:13:18,0.152088
2024-06-13 12:13:19,0.191936
2024-06-13 12:13:20,0.145472
2024-06-13 12:13:21,0.136616
2024-06-13 12:13:22,0.157336
2024-06-13 12:13:23,0.190448
2024-06-13 12:13:24,0.225928
2024-06-13 12:13:25,0.166504
2024-06-13 12:13:26,0.166328
2024-06-13 12:13:27,0.113168
2024-06-13 12:13:28,0.111272
2024-06-13 12:13:29,0.127384
2024-06-13 12:13:30,0.140736
2024-06-13 12:13:31,0.105984
2024-06-13 12:13:32,0.143272
2024-06-13 12:13:33,0.126472
2024-06-13 12:13:34,0.13892
2024-06-13 12:13:35,0.112696
2024-06-13 12:13:36,0.12288
2024-06-13 12:13:37,0.122784
2024-06-13 12:13:38,0.103696
2024-06-13 12:13:39,0.137728
2024-06-13 12:13:40,0.1472
2024-06-13 12:13:41,0.150344
2024-06-13 12:13:42,0.12712
2024-06-13 12:13:43,0.122304
2024-06-13 12:13:44,0.114088
2024-06-13 12:13:45,0.0998
2024-06-13 12:13:46,0.094704
2024-06-13 12:13:47,0.127696
2024-06-13 12:13:48,0.115056
2024-06-13 12:13:49,0.210728
2024-06-13 12:13:50,0.140232
2024-06-13 12:13:51,0.125544
2024-06-13 12:13:52,0.111608
2024-06-13 12:13:53,0.101024
2024-06-13 12:13:54,0.098424
2024-06-13 12:13:55,0.104952
2024-06-13 12:13:56,0.096688
2024-06-13 12:13:57,0.128032
2024-06-13 12:13:58,0.144088
2024-06-13 12:13:59,0.155128
2024-06-13 12:14:00,0.172704
2024-06-13 12:14:01,0.218104
2024-06-13 12:14:02,0.143528
2024-06-13 12:14:03,0.20004
2024-06-13 12:14:04,0.236944
2024-06-13 12:14:05,0.160272
2024-06-13 12:14:06,0.195344
2024-06-13 12:14:07,0.239408
2024-06-13 12:14:08,0.218952
2024-06-13 12:14:09,0.216408
2024-06-13 12:14:10,0.232424
2024-06-13 12:14:11,0.19404
2024-06-13 12:14:12,0.174824
2024-06-13 12:14:13,0.190848
2024-06-13 12:14:14,0.14736
2024-06-13 12:14:15,0.154024
2024-06-13 12:14:16,0.17612
2024-06-13 12:14:17,0.26276
2024-06-13 12:14:18,0.228464
2024-06-13 12:14:19,0.182712
2024-06-13 12:14:20,0.207232
2024-06-13 12:14:21,0.17248
2024-06-13 12:14:22,0.188904
2024-06-13 12:14:23,0.128888
2024-06-13 12:14:24,0.128112
2024-06-13 12:14:25,0.113016
2024-06-13 12:14:26,0.104808
2024-06-13 12:14:27,0.119216
2024-06-13 12:14:28,0.10612
2024-06-13 12:14:29,0.1062
2024-06-13 12:14:30,0.1068
2024-06-13 12:14:31,0.108384
2024-06-13 12:14:32,0.121864
2024-06-13 12:14:33,0.175696
2024-06-13 12:14:34,0.188448
2024-06-13 12:14:35,0.139208
2024-06-13 12:14:36,0.179752
2024-06-13 12:14:37,0.146872
2024-06-13 12:14:38,0.173152
2024-06-13 12:14:39,0.15836
2024-06-13 12:14:40,0.123856
2024-06-13 12:14:41,0.110144
2024-06-13 12:14:42,0.110664
2024-06-13 12:14:43,0.125744
2024-06-13 12:14:44,0.1234
2024-06-13 12:14:45,0.104464
2024-06-13 12:14:46,0.122552
2024-06-13 12:14:47,0.113048
2024-06-13 12:14:48,0.09216
2024-06-13 12:14:49,0.217728
2024-06-13 12:14:50,0.160264
2024-06-13 12:14:51,0.162552
2024-06-13 12:14:52,0.188344
2024-06-13 12:14:53,0.206288
2024-06-13 12:14:54,0.165992
2024-06-13 12:14:55,0.175824
2024-06-13 12:14:56,0.249424
2024-06-13 12:14:57,0.228344
2024-06-13 12:14:58,0.233096
2024-06-13 12:14:59,0.20316
2024-06-13 12:15:00,0.205104
2024-06-13 12:15:01,0.251552
2024-06-13 12:15:02,0.171792
2024-06-13 12:15:03,0.1854
2024-06-13 12:15:04,0.1618
2024-06-13 12:15:05,0.153968
2024-06-13 12:15:06,0.13224
2024-06-13 12:15:07,0.108304
2024-06-13 12:15:08,0.128632
2024-06-13 12:15:09,0.164384
2024-06-13 12:15:10,0.170296
2024-06-13 12:15:11,0.101544
2024-06-13 12:15:12,0.070416
2024-06-13 12:15:13,0.072144
2024-06-13 12:15:14,0.092
2024-06-13 12:15:15,0.099
2024-06-13 12:15:16,0.097176
2024-06-13 12:15:17,0.118384
2024-06-13 12:15:18,0.136304
2024-06-13 12:15:19,0.068384
2024-06-13 12:15:20,0.054896
2024-06-13 12:15:21,0.058896
2024-06-13 12:15:22,0.066096
2024-06-13 12:15:23,0.051536
2024-06-13 12:15:24,0.076984
2024-06-13 12:15:25,0.07884
2024-06-13 12:15:26,0.086056
2024-06-13 12:15:27,0.078648
2024-06-13 12:15:28,0.086264
2024-06-13 12:15:29,0.109376
2024-06-13 12:15:30,0.106624
2024-06-13 12:15:31,0.121088
2024-06-13 12:15:32,0.11776
2024-06-13 12:15:33,0.141528
2024-06-13 12:15:34,0.131712
2024-06-13 12:15:35,0.115272
2024-06-13 12:15:36,0.10736
2024-06-13 12:15:37,0.117296
2024-06-13 12:15:38,0.1096
2024-06-13 12:15:39,0.107984
2024-06-13 12:15:40,0.117832
2024-06-13 12:15:41,0.15632
2024-06-13 12:15:42,0.155464
2024-06-13 12:15:43,0.1218
2024-06-13 12:15:44,0.150824
2024-06-13 12:15:45,0.152072
2024-06-13 12:15:46,0.211896
2024-06-13 12:15:47,0.203608
2024-06-13 12:15:48,0.140224
2024-06-13 12:15:49,0.195288
2024-06-13 12:15:50,0.16512
2024-06-13 12:15:51,0.127288
2024-06-13 12:15:52,0.118184
2024-06-13 12:15:53,0.117096
2024-06-13 12:15:54,0.135336
2024-06-13 12:15:55,0.13228
2024-06-13 12:15:56,0.13212
2024-06-13 12:15:57,0.17316
2024-06-13 12:15:58,0.15204
2024-06-13 12:15:59,0.187008
2024-06-13 12:16:00,0.163056
2024-06-13 12:16:01,0.165672
2024-06-13 12:16:02,0.188264
2024-06-13 12:16:03,0.166352
2024-06-13 12:16:04,0.167288
2024-06-13 12:16:05,0.279264
2024-06-13 12:16:06,0.220048
2024-06-13 12:16:07,0.193224
2024-06-13 12:16:08,0.18324
2024-06-13 12:16:09,0.169768
2024-06-13 12:16:10,0.184344
2024-06-13 12:16:11,0.165736
2024-06-13 12:16:12,0.129424
2024-06-13 12:16:13,0.167232
2024-06-13 12:16:14,0.161912
2024-06-13 12:16:15,0.149872
2024-06-13 12:16:16,0.130872
2024-06-13 12:16:17,0.216552
2024-06-13 12:16:18,0.155688
2024-06-13 12:16:19,0.156912
2024-06-13 12:16:20,0.1182
2024-06-13 12:16:21,0.112784
2024-06-13 12:16:22,0.111984
2024-06-13 12:16:23,0.109984
2024-06-13 12:16:24,0.173992
2024-06-13 12:16:25,0.206288
2024-06-13 12:16:26,0.164928
2024-06-13 12:16:27,0.22028
2024-06-13 12:16:28,0.148584
2024-06-13 12:16:29,0.137144
2024-06-13 12:16:30,0.118152
2024-06-13 12:16:31,0.108224
2024-06-13 12:16:32,0.141032
2024-06-13 12:16:33,0.167376
2024-06-13 12:16:34,0.194272
2024-06-13 12:16:35,0.210848
2024-06-13 12:16:36,0.138352
2024-06-13 12:16:37,0.157064
2024-06-13 12:16:38,0.209624
2024-06-13 12:16:39,0.176496
2024-06-13 12:16:40,0.151064
2024-06-13 12:16:41,0.187712
2024-06-13 12:16:42,0.131408
2024-06-13 12:16:43,0.13872
2024-06-13 12:16:44,0.104968
2024-06-13 12:16:45,0.15972
2024-06-13 12:16:46,0.13648
2024-06-13 12:16:47,0.163872
2024-06-13 12:16:48,0.178968
2024-06-13 12:16:49,0.17404
2024-06-13 12:16:50,0.115216
2024-06-13 12:16:51,0.103632
2024-06-13 12:16:52,0.111488
2024-06-13 12:16:53,0.129664
2024-06-13 12:16:54,0.112384
2024-06-13 12:16:55,0.108304
2024-06-13 12:16:56,0.119848
2024-06-13 12:16:57,0.112264
2024-06-13 12:16:58,0.097752
2024-06-13 12:16:59,0.109416
2024-06-13 12:17:00,0.108888
2024-06-13 12:17:01,0.132888
2024-06-13 12:17:02,0.113008
2024-06-13 12:17:03,0.103784
2024-06-13 12:17:04,0.152648
2024-06-13 12:17:05,0.126696
2024-06-13 12:17:06,0.110672
2024-06-13 12:17:07,0.116168
2024-06-13 12:17:08,0.128368
2024-06-13 12:17:09,0.128928
2024-06-13 12:17:10,0.119952
2024-06-13 12:17:11,0.135112
2024-06-13 12:17:12,0.128272
2024-06-13 12:17:13,0.117856
2024-06-13 12:17:14,0.14452
2024-06-13 12:17:15,0.13528
2024-06-13 12:17:16,0.1294
2024-06-13 12:17:17,0.12432
2024-06-13 12:17:18,0.10012
2024-06-13 12:17:19,0.09648
2024-06-13 12:17:20,0.08844
2024-06-13 12:17:21,0.11436
2024-06-13 12:17:22,0.133296
2024-06-13 12:17:23,0.123032
2024-06-13 12:17:24,0.14444
2024-06-13 12:17:25,0.166824
2024-06-13 12:17:26,0.172536
2024-06-13 12:17:27,0.158056
2024-06-13 12:17:28,0.158824
2024-06-13 12:17:29,0.13532
2024-06-13 12:17:30,0.163888
2024-06-13 12:17:31,0.150344
2024-06-13 12:17:32,0.1278
2024-06-13 12:17:33,0.134112
2024-06-13 12:17:34,0.165504
2024-06-13 12:17:35,0.184288
2024-06-13 12:17:36,0.260248
2024-06-13 12:17:37,0.328576
2024-06-13 12:17:38,0.343808
2024-06-13 12:17:39,0.255408
2024-06-13 12:17:40,0.270632
2024-06-13 12:17:41,0.2332
2024-06-13 12:17:42,0.226016
2024-06-13 12:17:43,0.20952
2024-06-13 12:17:44,0.15148
2024-06-13 12:17:45,0.157568
2024-06-13 12:17:46,0.168464
2024-06-13 12:17:47,0.19988
2024-06-13 12:17:48,0.172984
2024-06-13 12:17:49,0.322048
2024-06-13 12:17:50,0.162184
2024-06-13 12:17:51,0.1728
2024-06-13 12:17:52,0.16504
2024-06-13 12:17:53,0.164544
2024-06-13 12:17:54,0.121232
2024-06-13 12:17:55,0.11476
2024-06-13 12:17:56,0.155784
2024-06-13 12:17:57,0.182024
2024-06-13 12:17:58,0.15332
2024-06-13 12:17:59,0.124856
2024-06-13 12:18:00,0.14712
2024-06-13 12:18:01,0.130432
2024-06-13 12:18:02,0.139256
2024-06-13 12:18:03,0.135016
2024-06-13 12:18:04,0.110368
2024-06-13 12:18:05,0.09828
2024-06-13 12:18:06,0.132112
2024-06-13 12:18:07,0.127384
2024-06-13 12:18:08,0.217136
2024-06-13 12:18:09,0.150016
2024-06-13 12:18:10,0.145968
2024-06-13 12:18:11,0.1336
2024-06-13 12:18:12,0.107616
2024-06-13 12:18:13,0.097744
2024-06-13 12:18:14,0.101816
2024-06-13 12:18:15,0.09792
2024-06-13 12:18:16,0.099704
2024-06-13 12:18:17,0.0954
2024-06-13 12:18:18,0.121328
2024-06-13 12:18:19,0.191216
2024-06-13 12:18:20,0.17804
2024-06-13 12:18:21,0.166544
2024-06-13 12:18:22,0.101528
2024-06-13 12:18:23,0.083088
2024-06-13 12:18:24,0.106352
2024-06-13 12:18:25,0.13988
2024-06-13 12:18:26,0.146
2024-06-13 12:18:27,0.157152
2024-06-13 12:18:28,0.201296
2024-06-13 12:18:29,0.24064
2024-06-13 12:18:30,0.18172
2024-06-13 12:18:31,0.20916
2024-06-13 12:18:32,0.152248
2024-06-13 12:18:33,0.182352
2024-06-13 12:18:34,0.191864
2024-06-13 12:18:35,0.140752
2024-06-13 12:18:36,0.137176
2024-06-13 12:18:37,0.138592
2024-06-13 12:18:38,0.151368
2024-06-13 12:18:39,0.12756
2024-06-13 12:18:40,0.135888
2024-06-13 12:18:41,0.133424
2024-06-13 12:18:42,0.151088
2024-06-13 12:18:43,0.121816
2024-06-13 12:18:44,0.12588
2024-06-13 12:18:45,0.128264
2024-06-13 12:18:46,0.148272
2024-06-13 12:18:47,0.147264
2024-06-13 12:18:48,0.159536
2024-06-13 12:18:49,0.153864
2024-06-13 12:18:50,0.137776
2024-06-13 12:18:51,0.131208
2024-06-13 12:18:52,0.12628
2024-06-13 12:18:53,0.13716
2024-06-13 12:18:54,0.109824
2024-06-13 12:18:55,0.102104
2024-06-13 12:18:56,0.1192
2024-06-13 12:18:57,0.134088
2024-06-13 12:18:58,0.195528
2024-06-13 12:18:59,0.163072
2024-06-13 12:19:00,0.172904
2024-06-13 12:19:01,0.260744
2024-06-13 12:19:02,0.22436
2024-06-13 12:19:03,0.176136
2024-06-13 12:19:04,0.178648
2024-06-13 12:19:05,0.144784
2024-06-13 12:19:06,0.142304
2024-06-13 12:19:07,0.136488
2024-06-13 12:19:08,0.115104
2024-06-13 12:19:09,0.137512
2024-06-13 12:19:10,0.14108
2024-06-13 12:19:11,0.136168
2024-06-13 12:19:12,0.13668
2024-06-13 12:19:13,0.143064
2024-06-13 12:19:14,0.132984
2024-06-13 12:19:15,0.157608
2024-06-13 12:19:16,0.111728
2024-06-13 12:19:17,0.14708
2024-06-13 12:19:18,0.13536
2024-06-13 12:19:19,0.126184
2024-06-13 12:19:20,0.100664
2024-06-13 12:19:21,0.095496
2024-06-13 12:19:22,0.10032
2024-06-13 12:19:23,0.088144
2024-06-13 12:19:24,0.090408
2024-06-13 12:19:25,0.119856
2024-06-13 12:19:26,0.160584
2024-06-13 12:19:27,0.145504
2024-06-13 12:19:28,0.161224
2024-06-13 12:19:29,0.1086
2024-06-13 12:19:30,0.099368
2024-06-13 12:19:31,0.136048
2024-06-13 12:19:32,0.156312
2024-06-13 12:19:33,0.103224
2024-06-13 12:19:34,0.107048
2024-06-13 12:19:35,0.116184
2024-06-13 12:19:36,0.114824
2024-06-13 12:19:37,0.0996
2024-06-13 12:19:38,0.09768
2024-06-13 12:19:39,0.1528
2024-06-13 12:19:40,0.19776
2024-06-13 12:19:41,0.185568
2024-06-13 12:19:42,0.135944
2024-06-13 12:19:43,0.125392
2024-06-13 12:19:44,0.145312
2024-06-13 12:19:45,0.13776
2024-06-13 12:19:46,0.09
2024-06-13 12:19:47,0.087016
2024-06-13 12:19:48,0.10592
2024-06-13 12:19:49,0.123632
2024-06-13 12:19:50,0.114152
2024-06-13 12:19:51,0.106992
2024-06-13 12:19:52,0.125016
2024-06-13 12:19:53,0.133392
2024-06-13 12:19:54,0.144568
2024-06-13 12:19:55,0.150968
2024-06-13 12:19:56,0.145784
2024-06-13 12:19:57,0.142656
2024-06-13 12:19:58,0.14556
2024-06-13 12:19:59,0.161792
2024-06-13 12:20:00,0.20228
2024-06-13 12:20:01,0.178
2024-06-13 12:20:02,0.21876
2024-06-13 12:20:03,0.1866
2024-06-13 12:20:04,0.16448
2024-06-13 12:20:05,0.163904
2024-06-13 12:20:06,0.14824
2024-06-13 12:20:07,0.148792
2024-06-13 12:20:08,0.183656
2024-06-13 12:20:09,0.180272
2024-06-13 12:20:10,0.26472
2024-06-13 12:20:11,0.233648
2024-06-13 12:20:12,0.15956
2024-06-13 12:20:13,0.119136
2024-06-13 12:20:14,0.155464
2024-06-13 12:20:15,0.143056
2024-06-13 12:20:16,0.109752
2024-06-13 12:20:17,0.126688
2024-06-13 12:20:18,0.114096
2024-06-13 12:20:19,0.10476
2024-06-13 12:20:20,0.0994
2024-06-13 12:20:21,0.109864
2024-06-13 12:20:22,0.098968
2024-06-13 12:20:23,0.109472
2024-06-13 12:20:24,0.131432
2024-06-13 12:20:25,0.104464
2024-06-13 12:20:26,0.116128
2024-06-13 12:20:27,0.096312
2024-06-13 12:20:28,0.1076
2024-06-13 12:20:29,0.131224
2024-06-13 12:20:30,0.1356
2024-06-13 12:20:31,0.161576
2024-06-13 12:20:32,0.132064
2024-06-13 12:20:33,0.163096
2024-06-13 12:20:34,0.140368
2024-06-13 12:20:35,0.145224
2024-06-13 12:20:36,0.117584
2024-06-13 12:20:37,0.080752
2024-06-13 12:20:38,0.078312
2024-06-13 12:20:39,0.100288
2024-06-13 12:20:40,0.113472
2024-06-13 12:20:41,0.108544
2024-06-13 12:20:42,0.08992
2024-06-13 12:20:43,0.11296
2024-06-13 12:20:44,0.09588
2024-06-13 12:20:45,0.122504
2024-06-13 12:20:46,0.163248
2024-06-13 12:20:47,0.094264
2024-06-13 12:20:48,0.127368
2024-06-13 12:20:49,0.143248
2024-06-13 12:20:50,0.092168
2024-06-13 12:20:51,0.102168
2024-06-13 12:20:52,0.086712
2024-06-13 12:20:53,0.097096
2024-06-13 12:20:54,0.097392
2024-06-13 12:20:55,0.115736
2024-06-13 12:20:56,0.123624
2024-06-13 12:20:57,0.13548
2024-06-13 12:20:58,0.11488
2024-06-13 12:20:59,0.144776
2024-06-13 12:21:00,0.140288
2024-06-13 12:21:01,0.18308
2024-06-13 12:21:02,0.171712
2024-06-13 12:21:03,0.147208
2024-06-13 12:21:04,0.172288
2024-06-13 12:21:05,0.121128
2024-06-13 12:21:06,0.10944
2024-06-13 12:21:07,0.11604
2024-06-13 12:21:08,0.12148
2024-06-13 12:21:09,0.114336
2024-06-13 12:21:10,0.117136
2024-06-13 12:21:11,0.12252
2024-06-13 12:21:12,0.11052
2024-06-13 12:21:13,0.098784
2024-06-13 12:21:14,0.081944
2024-06-13 12:21:15,0.105992
2024-06-13 12:21:16,0.115272
2024-06-13 12:21:17,0.098776
2024-06-13 12:21:18,0.19812
2024-06-13 12:21:19,0.1592
2024-06-13 12:21:20,0.159504
2024-06-13 12:21:21,0.144264
2024-06-13 12:21:22,0.11072
2024-06-13 12:21:23,0.1316
2024-06-13 12:21:24,0.146888
2024-06-13 12:21:25,0.13592
2024-06-13 12:21:26,0.159584
2024-06-13 12:21:27,0.153856
2024-06-13 12:21:28,0.169448
2024-06-13 12:21:29,0.19008
2024-06-13 12:21:30,0.199872
2024-06-13 12:21:31,0.239904
2024-06-13 12:21:32,0.191144
2024-06-13 12:21:33,0.194408
2024-06-13 12:21:34,0.18164
2024-06-13 12:21:35,0.15884
2024-06-13 12:21:36,0.137888
2024-06-13 12:21:37,0.095608
2024-06-13 12:21:38,0.108856
2024-06-13 12:21:39,0.120568
2024-06-13 12:21:40,0.138976
2024-06-13 12:21:41,0.131312
2024-06-13 12:21:42,0.138576
2024-06-13 12:21:43,0.11052
2024-06-13 12:21:44,0.114088
2024-06-13 12:21:45,0.111424
2024-06-13 12:21:46,0.13632
2024-06-13 12:21:47,0.105648
2024-06-13 12:21:48,0.125352
2024-06-13 12:21:49,0.142504
2024-06-13 12:21:50,0.123912
2024-06-13 12:21:51,0.125864
2024-06-13 12:21:52,0.125712
2024-06-13 12:21:53,0.112768
2024-06-13 12:21:54,0.10048
2024-06-13 12:21:55,0.105664
2024-06-13 12:21:56,0.102112
2024-06-13 12:21:57,0.108736
2024-06-13 12:21:58,0.1026
2024-06-13 12:21:59,0.092104
2024-06-13 12:22:00,0.078984
2024-06-13 12:22:01,0.092376
2024-06-13 12:22:02,0.098192
2024-06-13 12:22:03,0.0878
2024-06-13 12:22:04,0.096512
2024-06-13 12:22:05,0.106624
2024-06-13 12:22:06,0.13152
2024-06-13 12:22:07,0.09796
2024-06-13 12:22:08,0.132176
2024-06-13 12:22:09,0.130376
2024-06-13 12:22:10,0.1364
2024-06-13 12:22:11,0.103888
2024-06-13 12:22:12,0.11236
2024-06-13 12:22:13,0.117344
2024-06-13 12:22:14,0.102056
2024-06-13 12:22:15,0.109072
2024-06-13 12:22:16,0.110992
2024-06-13 12:22:17,0.102304
2024-06-13 12:22:18,0.12056
2024-06-13 12:22:19,0.126184
2024-06-13 12:22:20,0.1458
2024-06-13 12:22:21,0.154192
2024-06-13 12:22:22,0.213472
2024-06-13 12:22:23,0.232912
2024-06-13 12:22:24,0.19696
2024-06-13 12:22:25,0.220096
2024-06-13 12:22:26,0.238776
2024-06-13 12:22:27,0.125648
2024-06-13 12:22:28,0.15272
2024-06-13 12:22:29,0.13944
2024-06-13 12:22:30,0.17688
2024-06-13 12:22:31,0.177696
2024-06-13 12:22:32,0.16928
2024-06-13 12:22:33,0.130984
2024-06-13 12:22:34,0.118616
2024-06-13 12:22:35,0.115376
2024-06-13 12:22:36,0.139848
2024-06-13 12:22:37,0.122536
2024-06-13 12:22:38,0.11824
2024-06-13 12:22:39,0.142496
2024-06-13 12:22:40,0.142696
2024-06-13 12:22:41,0.10392
2024-06-13 12:22:42,0.145864
2024-06-13 12:22:43,0.134
2024-06-13 12:22:44,0.136816
2024-06-13 12:22:45,0.14004
2024-06-13 12:22:46,0.19208
2024-06-13 12:22:47,0.12372
2024-06-13 12:22:48,0.143464
2024-06-13 12:22:49,0.150464
2024-06-13 12:22:50,0.112104
2024-06-13 12:22:51,0.136344
2024-06-13 12:22:52,0.152264
2024-06-13 12:22:53,0.143688
2024-06-13 12:22:54,0.174088
2024-06-13 12:22:55,0.213808
2024-06-13 12:22:56,0.184992
2024-06-13 12:22:57,0.159104
2024-06-13 12:22:58,0.113632
2024-06-13 12:22:59,0.119936
2024-06-13 12:23:00,0.164656
2024-06-13 12:23:01,0.137888
2024-06-13 12:23:02,0.122344
2024-06-13 12:23:03,0.127936
2024-06-13 12:23:04,0.100672
2024-06-13 12:23:05,0.173352
2024-06-13 12:23:06,0.132424
2024-06-13 12:23:07,0.136928
2024-06-13 12:23:08,0.162256
2024-06-13 12:23:09,0.123112
2024-06-13 12:23:10,0.101936
2024-06-13 12:23:11,0.089368
2024-06-13 12:23:12,0.110392
2024-06-13 12:23:13,0.098792
2024-06-13 12:23:14,0.141728
2024-06-13 12:23:15,0.166904
2024-06-13 12:23:16,0.167432
2024-06-13 12:23:17,0.169288
2024-06-13 12:23:18,0.123008
2024-06-13 12:23:19,0.150424
2024-06-13 12:23:20,0.1238
2024-06-13 12:23:21,0.108992
2024-06-13 12:23:22,0.136088
2024-06-13 12:23:23,0.175232
2024-06-13 12:23:24,0.234688
2024-06-13 12:23:25,0.189656
2024-06-13 12:23:26,0.175736
2024-06-13 12:23:27,0.16088
2024-06-13 12:23:28,0.151072
2024-06-13 12:23:29,0.269048
2024-06-13 12:23:30,0.152344
2024-06-13 12:23:31,0.201568
2024-06-13 12:23:32,0.174632
2024-06-13 12:23:33,0.10764
2024-06-13 12:23:34,0.106968
2024-06-13 12:23:35,0.11804
2024-06-13 12:23:36,0.1104
2024-06-13 12:23:37,0.130192
2024-06-13 12:23:38,0.130992
2024-06-13 12:23:39,0.142352
2024-06-13 12:23:40,0.095088
2024-06-13 12:23:41,0.0928
2024-06-13 12:23:42,0.111232
2024-06-13 12:23:43,0.126696
2024-06-13 12:23:44,0.122992
2024-06-13 12:23:45,0.123016
2024-06-13 12:23:46,0.170784
2024-06-13 12:23:47,0.11588
2024-06-13 12:23:48,0.144272
2024-06-13 12:23:49,0.135472
2024-06-13 12:23:50,0.129448
2024-06-13 12:23:51,0.130624
2024-06-13 12:23:52,0.123408
2024-06-13 12:23:53,0.11008
2024-06-13 12:23:54,0.135584
2024-06-13 12:23:55,0.122384
2024-06-13 12:23:56,0.118776
2024-06-13 12:23:57,0.115704
2024-06-13 12:23:58,0.122032
2024-06-13 12:23:59,0.123488
2024-06-13 12:24:00,0.139648
2024-06-13 12:24:01,0.12132
2024-06-13 12:24:02,0.11072
2024-06-13 12:24:03,0.127672
2024-06-13 12:24:04,0.117088
2024-06-13 12:24:05,0.147808
2024-06-13 12:24:06,0.178376
2024-06-13 12:24:07,0.135824
2024-06-13 12:24:08,0.161
2024-06-13 12:24:09,0.129704
2024-06-13 12:24:10,0.131504
2024-06-13 12:24:11,0.12692
2024-06-13 12:24:12,0.127264
2024-06-13 12:24:13,0.147408
2024-06-13 12:24:14,0.138104
2024-06-13 12:24:15,0.15236
2024-06-13 12:24:16,0.177264
2024-06-13 12:24:17,0.199456
2024-06-13 12:24:18,0.180968
2024-06-13 12:24:19,0.18768
2024-06-13 12:24:20,0.178352
2024-06-13 12:24:21,0.195232
2024-06-13 12:24:22,0.192568
2024-06-13 12:24:23,0.15252
2024-06-13 12:24:24,0.132104
2024-06-13 12:24:25,0.129672
2024-06-13 12:24:26,0.134456
2024-06-13 12:24:27,0.169128
2024-06-13 12:24:28,0.145232
2024-06-13 12:24:29,0.131152
2024-06-13 12:24:30,0.145584
2024-06-13 12:24:31,0.21048
2024-06-13 12:24:32,0.171848
2024-06-13 12:24:33,0.165936
2024-06-13 12:24:34,0.1798
2024-06-13 12:24:35,0.169808
2024-06-13 12:24:36,0.200256
2024-06-13 12:24:37,0.204792
2024-06-13 12:24:38,0.177224
2024-06-13 12:24:39,0.19748
2024-06-13 12:24:40,0.215208
2024-06-13 12:24:41,0.15624
2024-06-13 12:24:42,0.120856
2024-06-13 12:24:43,0.167064
2024-06-13 12:24:44,0.18904
2024-06-13 12:24:45,0.145856
2024-06-13 12:24:46,0.123152
2024-06-13 12:24:47,0.129536
2024-06-13 12:24:48,0.116808
2024-06-13 12:24:49,0.177808
2024-06-13 12:24:50,0.120712
2024-06-13 12:24:51,0.076352
2024-06-13 12:24:52,0.06676
2024-06-13 12:24:53,0.074944
2024-06-13 12:24:54,0.10596
2024-06-13 12:24:55,0.122264
2024-06-13 12:24:56,0.160896
2024-06-13 12:24:57,0.10056
2024-06-13 12:24:58,0.121448
2024-06-13 12:24:59,0.115288
2024-06-13 12:25:00,0.107088
2024-06-13 12:25:01,0.104448
2024-06-13 12:25:02,0.105184
2024-06-13 12:25:03,0.103096
2024-06-13 12:25:04,0.093248
2024-06-13 12:25:05,0.093392
2024-06-13 12:25:06,0.09116
2024-06-13 12:25:07,0.085336
2024-06-13 12:25:08,0.098808
2024-06-13 12:25:09,0.103832
2024-06-13 12:25:10,0.110936
2024-06-13 12:25:11,0.14424
2024-06-13 12:25:12,0.108824
2024-06-13 12:25:13,0.133848
2024-06-13 12:25:14,0.1616
2024-06-13 12:25:15,0.114584
2024-06-13 12:25:16,0.128976
2024-06-13 12:25:17,0.11816
2024-06-13 12:25:18,0.144248
2024-06-13 12:25:19,0.14796
2024-06-13 12:25:20,0.12912
2024-06-13 12:25:21,0.124112
2024-06-13 12:25:22,0.141568
2024-06-13 12:25:23,0.108208
2024-06-13 12:25:24,0.133072
2024-06-13 12:25:25,0.139608
2024-06-13 12:25:26,0.1098
2024-06-13 12:25:27,0.096944
2024-06-13 12:25:28,0.092752
2024-06-13 12:25:29,0.117312
2024-06-13 12:25:30,0.146552
2024-06-13 12:25:31,0.134672
2024-06-13 12:25:32,0.12408
2024-06-13 12:25:33,0.134096
2024-06-13 12:25:34,0.12776
2024-06-13 12:25:35,0.101368
2024-06-13 12:25:36,0.12172
2024-06-13 12:25:37,0.125336
2024-06-13 12:25:38,0.122376
2024-06-13 12:25:39,0.117056
2024-06-13 12:25:40,0.10836
2024-06-13 12:25:41,0.088048
2024-06-13 12:25:42,0.088728
2024-06-13 12:25:43,0.121152
2024-06-13 12:25:44,0.143912
2024-06-13 12:25:45,0.12456
2024-06-13 12:25:46,0.1472
2024-06-13 12:25:47,0.159424
2024-06-13 12:25:48,0.226712
2024-06-13 12:25:49,0.226128
2024-06-13 12:25:50,0.173344
2024-06-13 12:25:51,0.138728
2024-06-13 12:25:52,0.147928
2024-06-13 12:25:53,0.228344
2024-06-13 12:25:54,0.229616
2024-06-13 12:25:55,0.184824
2024-06-13 12:25:56,0.166856
2024-06-13 12:25:57,0.167536
2024-06-13 12:25:58,0.177904
2024-06-13 12:25:59,0.155552
2024-06-13 12:26:00,0.127264
2024-06-13 12:26:01,0.144784
2024-06-13 12:26:02,0.159896
2024-06-13 12:26:03,0.125872
2024-06-13 12:26:04,0.122728
2024-06-13 12:26:05,0.12048
2024-06-13 12:26:06,0.122864
2024-06-13 12:26:07,0.133568
2024-06-13 12:26:08,0.132168
2024-06-13 12:26:09,0.155312
2024-06-13 12:26:10,0.152048
2024-06-13 12:26:11,0.18624
2024-06-13 12:26:12,0.125168
2024-06-13 12:26:13,0.122872
2024-06-13 12:26:14,0.156384
2024-06-13 12:26:15,0.131008
2024-06-13 12:26:16,0.129136
2024-06-13 12:26:17,0.141696
2024-06-13 12:26:18,0.172704
2024-06-13 12:26:19,0.145952
2024-06-13 12:26:20,0.144304
2024-06-13 12:26:21,0.154112
2024-06-13 12:26:22,0.17688
2024-06-13 12:26:23,0.174696
2024-06-13 12:26:24,0.143408
2024-06-13 12:26:25,0.184528
2024-06-13 12:26:26,0.14684
2024-06-13 12:26:27,0.149384
2024-06-13 12:26:28,0.168704
2024-06-13 12:26:29,0.1936
2024-06-13 12:26:30,0.16368
2024-06-13 12:26:31,0.229048
2024-06-13 12:26:32,0.148528
2024-06-13 12:26:33,0.132128
2024-06-13 12:26:34,0.162296
2024-06-13 12:26:35,0.151824
2024-06-13 12:26:36,0.144592
2024-06-13 12:26:37,0.1288
2024-06-13 12:26:38,0.131112
2024-06-13 12:26:39,0.121408
2024-06-13 12:26:40,0.11244
2024-06-13 12:26:41,0.101296
2024-06-13 12:26:42,0.162568
2024-06-13 12:26:43,0.156128
2024-06-13 12:26:44,0.151608
2024-06-13 12:26:45,0.1364
2024-06-13 12:26:46,0.11688
2024-06-13 12:26:47,0.10352
2024-06-13 12:26:48,0.126424
2024-06-13 12:26:49,0.168856
2024-06-13 12:26:50,0.119456
2024-06-13 12:26:51,0.180328
2024-06-13 12:26:52,0.15548
2024-06-13 12:26:53,0.192496
2024-06-13 12:26:54,0.251216
2024-06-13 12:26:55,0.192656
2024-06-13 12:26:56,0.240768
2024-06-13 12:26:57,0.2514
2024-06-13 12:26:58,0.23884
2024-06-13 12:26:59,0.225192
2024-06-13 12:27:00,0.167144
2024-06-13 12:27:01,0.220904
2024-06-13 12:27:02,0.179432
2024-06-13 12:27:03,0.162504
2024-06-13 12:27:04,0.154384
2024-06-13 12:27:05,0.120464
2024-06-13 12:27:06,0.10596
2024-06-13 12:27:07,0.110856
2024-06-13 12:27:08,0.147872
2024-06-13 12:27:09,0.17612
2024-06-13 12:27:10,0.195016
2024-06-13 12:27:11,0.121256
2024-06-13 12:27:12,0.09908
2024-06-13 12:27:13,0.110232
2024-06-13 12:27:14,0.1202
2024-06-13 12:27:15,0.097744
2024-06-13 12:27:16,0.136376
2024-06-13 12:27:17,0.168
2024-06-13 12:27:18,0.131328
2024-06-13 12:27:19,0.109752
2024-06-13 12:27:20,0.146856
2024-06-13 12:27:21,0.163088
2024-06-13 12:27:22,0.148416
2024-06-13 12:27:23,0.129568
2024-06-13 12:27:24,0.121192
2024-06-13 12:27:25,0.131896
2024-06-13 12:27:26,0.119368
2024-06-13 12:27:27,0.098664
2024-06-13 12:27:28,0.10424
2024-06-13 12:27:29,0.125168
2024-06-13 12:27:30,0.14204
2024-06-13 12:27:31,0.10764
2024-06-13 12:27:32,0.091848
2024-06-13 12:27:33,0.104376
2024-06-13 12:27:34,0.115024
2024-06-13 12:27:35,0.13288
2024-06-13 12:27:36,0.115824
2024-06-13 12:27:37,0.117688
2024-06-13 12:27:38,0.124912
2024-06-13 12:27:39,0.122112
2024-06-13 12:27:40,0.105832
2024-06-13 12:27:41,0.118624
2024-06-13 12:27:42,0.135088
2024-06-13 12:27:43,0.13404
2024-06-13 12:27:44,0.107864
2024-06-13 12:27:45,0.085272
2024-06-13 12:27:46,0.082976
2024-06-13 12:27:47,0.076976
2024-06-13 12:27:48,0.005056
2024-06-13 12:27:49,0.001904
2024-06-13 12:27:50,0.00188
2024-06-13 12:27:51,0.001728
2024-06-13 12:27:52,0.00508
2024-06-13 12:30:36,0.136344
2024-06-13 12:30:37,0.012048
2024-06-13 12:30:38,0.043992
2024-06-13 12:30:39,0.014136
2024-06-13 12:30:40,0.059104
2024-06-13 12:30:41,0.03416
2024-06-13 12:30:42,0.281336
2024-06-13 12:30:43,0.05204
2024-06-13 12:30:44,0.063712
2024-06-13 12:30:45,0.055784
2024-06-13 12:30:46,0.02312
2024-06-13 12:30:47,0.040208
2024-06-13 12:30:48,0.02728
2024-06-13 12:30:49,0.033152
2024-06-13 12:30:50,0.029312
2024-06-13 12:30:51,0.035256
2024-06-13 12:30:52,0.028088
2024-06-13 12:30:53,0.04032
2024-06-13 12:30:54,0.035552
2024-06-13 12:30:55,0.036104
2024-06-13 12:30:56,0.035128
2024-06-13 12:30:57,0.033408
2024-06-13 12:30:58,0.021856
2024-06-13 12:30:59,0.026624
2024-06-13 12:31:00,0.021752
2024-06-13 12:31:01,0.028328
2024-06-13 12:31:02,0.025752
2024-06-13 12:31:03,0.025224
2024-06-13 12:31:04,0.023856
2024-06-13 12:31:05,0.025328
2024-06-13 12:31:06,0.022136
2024-06-13 12:31:07,0.025224
2024-06-13 12:31:08,0.021856
2024-06-13 12:31:09,0.024224
2024-06-13 12:31:10,0.020752
2024-06-13 12:31:11,0.024112
2024-06-13 12:31:12,0.023968
2024-06-13 12:31:13,0.022504
2024-06-13 12:31:14,0.022344
2024-06-13 12:31:15,0.02652
2024-06-13 12:31:16,0.020464
2024-06-13 12:31:17,0.021456
2024-06-13 12:31:18,0.023192
2024-06-13 12:31:19,0.027728
2024-06-13 12:31:20,0.027824
2024-06-13 12:31:21,0.029696
2024-06-13 12:31:22,0.03732
2024-06-13 12:31:23,0.034096
2024-06-13 12:31:24,0.023104
2024-06-13 12:31:25,0.028008
2024-06-13 12:31:26,0.024216
2024-06-13 12:31:27,0.027696
2024-06-13 12:31:28,0.028536
2024-06-13 12:31:29,0.027696
2024-06-13 12:31:30,0.027456
2024-06-13 12:31:31,0.029824
2024-06-13 12:31:32,0.026352
2024-06-13 12:31:33,0.026824
2024-06-13 12:31:34,0.024336
2024-06-13 12:31:35,0.0298
2024-06-13 12:31:36,0.023352
2024-06-13 12:31:37,0.026928
2024-06-13 12:31:38,0.02244
2024-06-13 12:31:39,0.023608
2024-06-13 12:31:40,0.02452
2024-06-13 12:31:41,0.022104
2024-06-13 12:31:42,0.023928
2024-06-13 12:31:43,0.025328
2024-06-13 12:31:44,0.024448
2024-06-13 12:31:45,0.024744
2024-06-13 12:31:46,0.020432
2024-06-13 12:31:47,0.024808
2024-06-13 12:31:48,0.023448
2024-06-13 12:31:49,0.02772
2024-06-13 12:31:50,0.02856
2024-06-13 12:31:51,0.026712
2024-06-13 12:31:52,0.025456
2024-06-13 12:31:53,0.028824
2024-06-13 12:31:54,0.024352
2024-06-13 12:31:55,0.029824
2024-06-13 12:31:56,0.024848
2024-06-13 12:31:57,0.025824
2024-06-13 12:31:58,0.023416
2024-06-13 12:31:59,0.028816
2024-06-13 12:32:00,0.025432
2024-06-13 12:32:01,0.027824
2024-06-13 12:32:02,0.023456
2024-06-13 12:32:03,0.023824
2024-06-13 12:32:04,0.01924
2024-06-13 12:32:05,0.021288
2024-06-13 12:32:06,0.020336
2024-06-13 12:32:07,0.026416
2024-06-13 12:32:08,0.022144
2024-06-13 12:32:09,0.02244
2024-06-13 12:32:10,0.019112
2024-06-13 12:32:11,0.020512
2024-06-13 12:32:12,0.019272
2024-06-13 12:32:13,0.020736
2024-06-13 12:32:14,0.01832
2024-06-13 12:32:15,0.017752
2024-06-13 12:32:16,0.017208
2024-06-13 12:32:17,0.019488
2024-06-13 12:32:18,0.020624
2024-06-13 12:32:19,0.022976
2024-06-13 12:32:20,0.02032
2024-06-13 12:32:21,0.022896
2024-06-13 12:32:22,0.019312
2024-06-13 12:32:23,0.021752
2024-06-13 12:32:24,0.021312
2024-06-13 12:32:25,0.023792
2024-06-13 12:32:26,0.024376
2024-06-13 12:32:27,0.02416
2024-06-13 12:32:28,0.024424
2024-06-13 12:32:29,0.0258
2024-06-13 12:32:30,0.024224
2024-06-13 12:32:31,0.036624
2024-06-13 12:32:32,0.226344
2024-06-13 12:32:33,0.079112
2024-06-13 12:32:34,0.067728
2024-06-13 12:32:35,0.063432
2024-06-13 12:32:36,0.065384
2024-06-13 12:32:37,0.0662
2024-06-13 12:32:38,0.062576
2024-06-13 12:32:39,0.07604
2024-06-13 12:32:40,0.063256
2024-06-13 12:32:41,0.067
2024-06-13 12:32:42,0.075024
2024-06-13 12:32:43,0.081384
2024-06-13 12:32:44,0.073944
2024-06-13 12:32:45,0.109224
2024-06-13 12:32:46,0.092672
2024-06-13 12:32:47,0.101368
2024-06-13 12:32:48,0.112272
2024-06-13 12:32:49,0.09788
2024-06-13 12:32:50,0.106632
2024-06-13 12:32:51,0.10448
2024-06-13 12:32:52,0.107048
2024-06-13 12:32:53,0.09516
2024-06-13 12:32:54,0.094192
2024-06-13 12:32:55,0.089024
2024-06-13 12:32:56,0.104488
2024-06-13 12:32:57,0.108688
2024-06-13 12:32:58,0.090624
2024-06-13 12:32:59,0.097616
2024-06-13 12:33:00,0.1178
2024-06-13 12:33:01,0.120344
2024-06-13 12:33:02,0.105256
2024-06-13 12:33:03,0.104336
2024-06-13 12:33:04,0.120704
2024-06-13 12:33:05,0.091984
2024-06-13 12:33:06,0.10128
2024-06-13 12:33:07,0.095472
2024-06-13 12:33:08,0.099072
2024-06-13 12:33:09,0.116808
2024-06-13 12:33:10,0.128456
2024-06-13 12:33:11,0.144688
2024-06-13 12:33:12,0.173216
2024-06-13 12:33:13,0.116768
2024-06-13 12:33:14,0.11424
2024-06-13 12:33:15,0.1128
2024-06-13 12:33:16,0.104968
2024-06-13 12:33:17,0.120936
2024-06-13 12:33:18,0.119288
2024-06-13 12:33:19,0.108368
2024-06-13 12:33:20,0.104088
2024-06-13 12:33:21,0.118168
2024-06-13 12:33:22,0.128312
2024-06-13 12:33:23,0.104864
2024-06-13 12:33:24,0.127896
2024-06-13 12:33:25,0.092568
2024-06-13 12:33:26,0.099664
2024-06-13 12:33:27,0.101544
2024-06-13 12:33:28,0.0894
2024-06-13 12:33:29,0.101112
2024-06-13 12:33:30,0.092808
2024-06-13 12:33:31,0.105288
2024-06-13 12:33:32,0.139064
2024-06-13 12:33:33,0.084824
2024-06-13 12:33:34,0.111184
2024-06-13 12:33:35,0.104696
2024-06-13 12:33:36,0.102216
2024-06-13 12:33:37,0.141864
2024-06-13 12:33:38,0.16544
2024-06-13 12:33:39,0.159832
2024-06-13 12:33:40,0.164272
2024-06-13 12:33:41,0.198064
2024-06-13 12:33:42,0.183952
2024-06-13 12:33:43,0.171576
2024-06-13 12:33:44,0.1246
2024-06-13 12:33:45,0.166096
2024-06-13 12:33:46,0.115976
2024-06-13 12:33:47,0.119088
2024-06-13 12:33:48,0.100352
2024-06-13 12:33:49,0.104016
2024-06-13 12:33:50,0.106944
2024-06-13 12:33:51,0.123144
2024-06-13 12:33:52,0.167504
2024-06-13 12:33:53,0.133456
2024-06-13 12:33:54,0.158864
2024-06-13 12:33:55,0.157088
2024-06-13 12:33:56,0.15252
2024-06-13 12:33:57,0.16312
2024-06-13 12:33:58,0.166016
2024-06-13 12:33:59,0.173328
2024-06-13 12:34:00,0.126352
2024-06-13 12:34:01,0.134408
2024-06-13 12:34:02,0.17144
2024-06-13 12:34:03,0.129032
2024-06-13 12:34:04,0.146144
2024-06-13 12:34:05,0.126952
2024-06-13 12:34:06,0.13732
2024-06-13 12:34:07,0.115256
2024-06-13 12:34:08,0.146544
2024-06-13 12:34:09,0.11788
2024-06-13 12:34:10,0.158152
2024-06-13 12:34:11,0.166248
2024-06-13 12:34:12,0.119688
2024-06-13 12:34:13,0.119744
2024-06-13 12:34:14,0.10396
2024-06-13 12:34:15,0.10864
2024-06-13 12:34:16,0.146872
2024-06-13 12:34:17,0.120392
2024-06-13 12:34:18,0.11008
2024-06-13 12:34:19,0.13872
2024-06-13 12:34:20,0.131568
2024-06-13 12:34:21,0.134504
2024-06-13 12:34:22,0.102648
2024-06-13 12:34:23,0.102872
2024-06-13 12:34:24,0.115976
2024-06-13 12:34:25,0.106224
2024-06-13 12:34:26,0.12808
2024-06-13 12:34:27,0.170792
2024-06-13 12:34:28,0.120192
2024-06-13 12:34:29,0.12172
2024-06-13 12:34:30,0.127584
2024-06-13 12:34:31,0.126472
2024-06-13 12:34:32,0.156784
2024-06-13 12:34:33,0.117024
2024-06-13 12:34:34,0.14584
2024-06-13 12:34:35,0.110256
2024-06-13 12:34:36,0.124192
2024-06-13 12:34:37,0.106368
2024-06-13 12:34:38,0.104224
2024-06-13 12:34:39,0.103584
2024-06-13 12:34:40,0.108672
2024-06-13 12:34:41,0.10456
2024-06-13 12:34:42,0.108568
2024-06-13 12:34:43,0.107344
2024-06-13 12:34:44,0.117392
2024-06-13 12:34:45,0.10088
2024-06-13 12:34:46,0.102584
2024-06-13 12:34:47,0.121432
2024-06-13 12:34:48,0.111264
2024-06-13 12:34:49,0.12728
2024-06-13 12:34:50,0.130368
2024-06-13 12:34:51,0.214136
2024-06-13 12:34:52,0.199496
2024-06-13 12:34:53,0.228936
2024-06-13 12:34:54,0.159712
2024-06-13 12:34:55,0.147104
2024-06-13 12:34:56,0.13192
2024-06-13 12:34:57,0.145688
2024-06-13 12:34:58,0.189312
2024-06-13 12:34:59,0.117368
2024-06-13 12:35:00,0.170736
2024-06-13 12:35:01,0.111512
2024-06-13 12:35:02,0.103448
2024-06-13 12:35:03,0.109984
2024-06-13 12:35:04,0.11032
2024-06-13 12:35:05,0.103528
2024-06-13 12:35:06,0.111088
2024-06-13 12:35:07,0.123864
2024-06-13 12:35:08,0.109152
2024-06-13 12:35:09,0.136384
2024-06-13 12:35:10,0.121744
2024-06-13 12:35:11,0.106672
2024-06-13 12:35:12,0.12524
2024-06-13 12:35:13,0.138464
2024-06-13 12:35:14,0.127632
2024-06-13 12:35:15,0.142136
2024-06-13 12:35:16,0.138648
2024-06-13 12:35:17,0.154104
2024-06-13 12:35:18,0.14992
2024-06-13 12:35:19,0.152792
2024-06-13 12:35:20,0.132456
2024-06-13 12:35:21,0.14956
2024-06-13 12:35:22,0.135104
2024-06-13 12:35:23,0.126408
2024-06-13 12:35:24,0.154592
2024-06-13 12:35:25,0.148184
2024-06-13 12:35:26,0.152712
2024-06-13 12:35:27,0.198856
2024-06-13 12:35:28,0.164912
2024-06-13 12:35:29,0.15932
2024-06-13 12:35:30,0.161248
2024-06-13 12:35:31,0.152936
2024-06-13 12:35:32,0.161592
2024-06-13 12:35:33,0.145816
2024-06-13 12:35:34,0.130608
2024-06-13 12:35:35,0.124008
2024-06-13 12:35:36,0.116832
2024-06-13 12:35:37,0.119744
2024-06-13 12:35:38,0.125336
2024-06-13 12:35:39,0.144408
2024-06-13 12:35:40,0.110904
2024-06-13 12:35:41,0.12332
2024-06-13 12:35:42,0.114064
2024-06-13 12:35:43,0.097808
2024-06-13 12:35:44,0.142048
2024-06-13 12:35:45,0.109344
2024-06-13 12:35:46,0.112176
2024-06-13 12:35:47,0.121456
2024-06-13 12:35:48,0.108552
2024-06-13 12:35:49,0.130848
2024-06-13 12:35:50,0.155312
2024-06-13 12:35:51,0.120568
2024-06-13 12:35:52,0.152368
2024-06-13 12:35:53,0.233688
2024-06-13 12:35:54,0.236744
2024-06-13 12:35:55,0.18656
2024-06-13 12:35:56,0.170264
2024-06-13 12:35:57,0.12636
2024-06-13 12:35:58,0.120776
2024-06-13 12:35:59,0.159808
2024-06-13 12:36:00,0.175384
2024-06-13 12:36:01,0.162512
2024-06-13 12:36:02,0.139208
2024-06-13 12:36:03,0.20132
2024-06-13 12:36:04,0.109184
2024-06-13 12:36:05,0.1584
2024-06-13 12:36:06,0.145704
2024-06-13 12:36:07,0.157416
2024-06-13 12:36:08,0.187624
2024-06-13 12:36:09,0.105344
2024-06-13 12:36:10,0.128784
2024-06-13 12:36:11,0.139328
2024-06-13 12:36:12,0.11812
2024-06-13 12:36:13,0.105016
2024-06-13 12:36:14,0.103384
2024-06-13 12:36:15,0.107688
2024-06-13 12:36:16,0.095168
2024-06-13 12:36:17,0.112928
2024-06-13 12:36:18,0.097328
2024-06-13 12:36:19,0.118792
2024-06-13 12:36:20,0.122944
2024-06-13 12:36:21,0.11752
2024-06-13 12:36:22,0.108792
2024-06-13 12:36:23,0.094088
2024-06-13 12:36:24,0.116112
2024-06-13 12:36:25,0.1274
2024-06-13 12:36:26,0.12856
2024-06-13 12:36:27,0.126032
2024-06-13 12:36:28,0.126096
2024-06-13 12:36:29,0.119744
2024-06-13 12:36:30,0.117504
2024-06-13 12:36:31,0.111184
2024-06-13 12:36:32,0.146664
2024-06-13 12:36:33,0.118496
2024-06-13 12:36:34,0.128264
2024-06-13 12:36:35,0.092496
2024-06-13 12:36:36,0.103968
2024-06-13 12:36:37,0.115608
2024-06-13 12:36:38,0.10348
2024-06-13 12:36:39,0.109408
2024-06-13 12:36:40,0.118088
2024-06-13 12:36:41,0.096168
2024-06-13 12:36:42,0.10788
2024-06-13 12:36:43,0.138632
2024-06-13 12:36:44,0.117104
2024-06-13 12:36:45,0.132232
2024-06-13 12:36:46,0.13212
2024-06-13 12:36:47,0.146288
2024-06-13 12:36:48,0.145664
2024-06-13 12:36:49,0.126664
2024-06-13 12:36:50,0.113696
2024-06-13 12:36:51,0.112312
2024-06-13 12:36:52,0.102456
2024-06-13 12:36:53,0.109728
2024-06-13 12:36:54,0.133608
2024-06-13 12:36:55,0.115488
2024-06-13 12:36:56,0.1064
2024-06-13 12:36:57,0.101448
2024-06-13 12:36:58,0.114952
2024-06-13 12:36:59,0.127336
2024-06-13 12:37:00,0.138208
2024-06-13 12:37:01,0.119912
2024-06-13 12:37:02,0.113416
2024-06-13 12:37:03,0.101976
2024-06-13 12:37:04,0.114656
2024-06-13 12:37:05,0.11668
2024-06-13 12:37:06,0.116952
2024-06-13 12:37:07,0.106512
2024-06-13 12:37:08,0.105656
2024-06-13 12:37:09,0.125088
2024-06-13 12:37:10,0.103736
2024-06-13 12:37:11,0.100544
2024-06-13 12:37:12,0.114752
2024-06-13 12:37:13,0.122576
2024-06-13 12:37:14,0.122992
2024-06-13 12:37:15,0.128896
2024-06-13 12:37:16,0.144592
2024-06-13 12:37:17,0.08712
2024-06-13 12:37:18,0.142648
2024-06-13 12:37:19,0.128464
2024-06-13 12:37:20,0.148376
2024-06-13 12:37:21,0.125312
2024-06-13 12:37:22,0.130864
2024-06-13 12:37:23,0.143192
2024-06-13 12:37:24,0.146392
2024-06-13 12:37:25,0.120336
2024-06-13 12:37:26,0.10904
2024-06-13 12:37:27,0.119352
2024-06-13 12:37:28,0.11504
2024-06-13 12:37:29,0.13536
2024-06-13 12:37:30,0.12136
2024-06-13 12:37:31,0.1272
2024-06-13 12:37:32,0.188784
2024-06-13 12:37:33,0.15316
2024-06-13 12:37:34,0.214152
2024-06-13 12:37:35,0.238952
2024-06-13 12:37:36,0.189256
2024-06-13 12:37:37,0.180696
2024-06-13 12:37:38,0.132528
2024-06-13 12:37:39,0.149024
2024-06-13 12:37:40,0.13648
2024-06-13 12:37:41,0.127464
2024-06-13 12:37:42,0.139112
2024-06-13 12:37:43,0.140544
2024-06-13 12:37:44,0.121584
2024-06-13 12:37:45,0.121672
2024-06-13 12:37:46,0.137208
2024-06-13 12:37:47,0.142824
2024-06-13 12:37:48,0.129664
2024-06-13 12:37:49,0.122216
2024-06-13 12:37:50,0.134432
2024-06-13 12:37:51,0.138968
2024-06-13 12:37:52,0.103112
2024-06-13 12:37:53,0.102392
2024-06-13 12:37:54,0.096072
2024-06-13 12:37:55,0.103272
2024-06-13 12:37:56,0.124824
2024-06-13 12:37:57,0.13104
2024-06-13 12:37:58,0.149808
2024-06-13 12:37:59,0.139896
2024-06-13 12:38:00,0.137784
2024-06-13 12:38:01,0.117672
2024-06-13 12:38:02,0.160008
2024-06-13 12:38:03,0.18028
2024-06-13 12:38:04,0.14988
2024-06-13 12:38:05,0.129744
2024-06-13 12:38:06,0.144816
2024-06-13 12:38:07,0.113336
2024-06-13 12:38:08,0.147328
2024-06-13 12:38:09,0.107472
2024-06-13 12:38:10,0.114592
2024-06-13 12:38:11,0.10268
2024-06-13 12:38:12,0.157632
2024-06-13 12:38:13,0.171144
2024-06-13 12:38:14,0.165368
2024-06-13 12:38:15,0.1698
2024-06-13 12:38:16,0.135032
2024-06-13 12:38:17,0.130072
2024-06-13 12:38:18,0.18684
2024-06-13 12:38:19,0.214328
2024-06-13 12:38:20,0.202112
2024-06-13 12:38:21,0.154008
2024-06-13 12:38:22,0.098088
2024-06-13 12:38:23,0.103536
2024-06-13 12:38:24,0.094552
2024-06-13 12:38:25,0.107824
2024-06-13 12:38:26,0.093408
2024-06-13 12:38:27,0.111104
2024-06-13 12:38:28,0.12876
2024-06-13 12:38:29,0.139768
2024-06-13 12:38:30,0.115152
2024-06-13 12:38:31,0.096352
2024-06-13 12:38:32,0.141232
2024-06-13 12:38:33,0.114344
2024-06-13 12:38:34,0.121024
2024-06-13 12:38:35,0.11568
2024-06-13 12:38:36,0.110672
2024-06-13 12:38:37,0.11092
2024-06-13 12:38:38,0.117272
2024-06-13 12:38:39,0.117144
2024-06-13 12:38:40,0.126352
2024-06-13 12:38:41,0.111056
2024-06-13 12:38:42,0.1368
2024-06-13 12:38:43,0.150688
2024-06-13 12:38:44,0.162288
2024-06-13 12:38:45,0.15232
2024-06-13 12:38:46,0.163504
2024-06-13 12:38:47,0.161272
2024-06-13 12:38:48,0.127008
2024-06-13 12:38:49,0.15628
2024-06-13 12:38:50,0.148136
2024-06-13 12:38:51,0.12752
2024-06-13 12:38:52,0.159416
2024-06-13 12:38:53,0.164744
2024-06-13 12:38:54,0.113784
2024-06-13 12:38:55,0.1138
2024-06-13 12:38:56,0.197624
2024-06-13 12:38:57,0.14628
2024-06-13 12:38:58,0.136576
2024-06-13 12:38:59,0.115544
2024-06-13 12:39:00,0.113968
2024-06-13 12:39:01,0.105488
2024-06-13 12:39:02,0.127192
2024-06-13 12:39:03,0.125536
2024-06-13 12:39:04,0.13272
2024-06-13 12:39:05,0.113184
2024-06-13 12:39:06,0.10616
2024-06-13 12:39:07,0.098384
2024-06-13 12:39:08,0.115168
2024-06-13 12:39:09,0.0958
2024-06-13 12:39:10,0.103176
2024-06-13 12:39:11,0.123064
2024-06-13 12:39:12,0.124656
2024-06-13 12:39:13,0.1084
2024-06-13 12:39:14,0.110128
2024-06-13 12:39:15,0.104368
2024-06-13 12:39:16,0.0976
2024-06-13 12:39:17,0.106216
2024-06-13 12:39:18,0.10648
2024-06-13 12:39:19,0.100784
2024-06-13 12:39:20,0.110376
2024-06-13 12:39:21,0.112664
2024-06-13 12:39:22,0.103992
2024-06-13 12:39:23,0.10468
2024-06-13 12:39:24,0.097192
2024-06-13 12:39:25,0.1422
2024-06-13 12:39:26,0.131168
2024-06-13 12:39:27,0.168616
2024-06-13 12:39:28,0.183136
2024-06-13 12:39:29,0.173456
2024-06-13 12:39:30,0.127848
2024-06-13 12:39:31,0.141
2024-06-13 12:39:32,0.183768
2024-06-13 12:39:33,0.119728
2024-06-13 12:39:34,0.163016
2024-06-13 12:39:35,0.185568
2024-06-13 12:39:36,0.163256
2024-06-13 12:39:37,0.166912
2024-06-13 12:39:38,0.193568
2024-06-13 12:39:39,0.135112
2024-06-13 12:39:40,0.125656
2024-06-13 12:39:41,0.15388
2024-06-13 12:39:42,0.14852
2024-06-13 12:39:43,0.156056
2024-06-13 12:39:44,0.148696
2024-06-13 12:39:45,0.148808
2024-06-13 12:39:46,0.105352
2024-06-13 12:39:47,0.10624
2024-06-13 12:39:48,0.128
2024-06-13 12:39:49,0.105512
2024-06-13 12:39:50,0.096648
2024-06-13 12:39:51,0.12508
2024-06-13 12:39:52,0.119592
2024-06-13 12:39:53,0.18508
2024-06-13 12:39:54,0.202824
2024-06-13 12:39:55,0.168384
2024-06-13 12:39:56,0.111048
2024-06-13 12:39:57,0.109312
2024-06-13 12:39:58,0.129288
2024-06-13 12:39:59,0.120256
2024-06-13 12:40:00,0.108624
2024-06-13 12:40:01,0.1122
2024-06-13 12:40:02,0.12472
2024-06-13 12:40:03,0.12416
2024-06-13 12:40:04,0.107152
2024-06-13 12:40:05,0.109072
2024-06-13 12:40:06,0.146744
2024-06-13 12:40:07,0.180792
2024-06-13 12:40:08,0.158776
2024-06-13 12:40:09,0.149632
2024-06-13 12:40:10,0.15232
2024-06-13 12:40:11,0.17064
2024-06-13 12:40:12,0.155808
2024-06-13 12:40:13,0.10796
2024-06-13 12:40:14,0.12744
2024-06-13 12:40:15,0.123312
2024-06-13 12:40:16,0.138464
2024-06-13 12:40:17,0.111064
2024-06-13 12:40:18,0.12928
2024-06-13 12:40:19,0.133848
2024-06-13 12:40:20,0.118928
2024-06-13 12:40:21,0.144752
2024-06-13 12:40:22,0.134104
2024-06-13 12:40:23,0.150664
2024-06-13 12:40:24,0.192488
2024-06-13 12:40:25,0.120584
2024-06-13 12:40:26,0.142488
2024-06-13 12:40:27,0.212064
2024-06-13 12:40:28,0.173904
2024-06-13 12:40:29,0.1156
2024-06-13 12:40:30,0.140832
2024-06-13 12:40:31,0.131104
2024-06-13 12:40:32,0.154872
2024-06-13 12:40:33,0.136328
2024-06-13 12:40:34,0.117768
2024-06-13 12:40:35,0.101272
2024-06-13 12:40:36,0.132816
2024-06-13 12:40:37,0.143512
2024-06-13 12:40:38,0.116424
2024-06-13 12:40:39,0.149552
2024-06-13 12:40:40,0.141192
2024-06-13 12:40:41,0.153776
2024-06-13 12:40:42,0.123816
2024-06-13 12:40:43,0.165472
2024-06-13 12:40:44,0.15284
2024-06-13 12:40:45,0.131464
2024-06-13 12:40:46,0.087232
2024-06-13 12:40:47,0.106488
2024-06-13 12:40:48,0.105016
2024-06-13 12:40:49,0.095336
2024-06-13 12:40:50,0.114784
2024-06-13 12:40:51,0.128992
2024-06-13 12:40:52,0.147048
2024-06-13 12:40:53,0.11472
2024-06-13 12:40:54,0.140672
2024-06-13 12:40:55,0.10852
2024-06-13 12:40:56,0.099752
2024-06-13 12:40:57,0.108768
2024-06-13 12:40:58,0.100248
2024-06-13 12:40:59,0.100448
2024-06-13 12:41:00,0.112824
2024-06-13 12:41:01,0.134888
2024-06-13 12:41:02,0.128592
2024-06-13 12:41:03,0.10968
2024-06-13 12:41:04,0.1006
2024-06-13 12:41:05,0.099672
2024-06-13 12:41:06,0.11536
2024-06-13 12:41:07,0.10552
2024-06-13 12:41:08,0.140336
2024-06-13 12:41:09,0.147088
2024-06-13 12:41:10,0.129152
2024-06-13 12:41:11,0.107512
2024-06-13 12:41:12,0.12624
2024-06-13 12:41:13,0.138712
2024-06-13 12:41:14,0.157632
2024-06-13 12:41:15,0.171992
2024-06-13 12:41:16,0.274624
2024-06-13 12:41:17,0.26536
2024-06-13 12:41:18,0.20724
2024-06-13 12:41:19,0.139592
2024-06-13 12:41:20,0.136088
2024-06-13 12:41:21,0.145552
2024-06-13 12:41:22,0.145664
2024-06-13 12:41:23,0.172968
2024-06-13 12:41:24,0.14976
2024-06-13 12:41:25,0.182944
2024-06-13 12:41:26,0.17672
2024-06-13 12:41:27,0.202936
2024-06-13 12:41:28,0.124128
2024-06-13 12:41:29,0.139344
2024-06-13 12:41:30,0.100792
2024-06-13 12:41:31,0.117552
2024-06-13 12:41:32,0.130544
2024-06-13 12:41:33,0.103208
2024-06-13 12:41:34,0.11256
2024-06-13 12:41:35,0.104336
2024-06-13 12:41:36,0.099952
2024-06-13 12:41:37,0.097576
2024-06-13 12:41:38,0.082176
2024-06-13 12:41:39,0.113608
2024-06-13 12:41:40,0.101552
2024-06-13 12:41:41,0.100848
2024-06-13 12:41:42,0.083712
2024-06-13 12:41:43,0.089232
2024-06-13 12:41:44,0.078408
2024-06-13 12:41:45,0.085016
2024-06-13 12:41:46,0.084464
2024-06-13 12:41:47,0.090328
2024-06-13 12:41:48,0.096072
2024-06-13 12:41:49,0.089176
2024-06-13 12:41:50,0.105272
2024-06-13 12:41:51,0.090512
2024-06-13 12:41:52,0.10552
2024-06-13 12:41:53,0.117248
2024-06-13 12:41:54,0.143672
2024-06-13 12:41:55,0.127216
2024-06-13 12:41:56,0.14664
2024-06-13 12:41:57,0.127912
2024-06-13 12:41:58,0.1324
2024-06-13 12:41:59,0.113368
2024-06-13 12:42:00,0.155256
2024-06-13 12:42:01,0.193056
2024-06-13 12:42:02,0.199848
2024-06-13 12:42:03,0.19148
2024-06-13 12:42:04,0.163896
2024-06-13 12:42:05,0.174672
2024-06-13 12:42:06,0.196128
2024-06-13 12:42:07,0.186448
2024-06-13 12:42:08,0.205648
2024-06-13 12:42:09,0.203376
2024-06-13 12:42:10,0.19312
2024-06-13 12:42:11,0.174616
2024-06-13 12:42:12,0.131624
2024-06-13 12:42:13,0.115168
2024-06-13 12:42:14,0.123032
2024-06-13 12:42:15,0.109616
2024-06-13 12:42:16,0.133272
2024-06-13 12:42:17,0.217288
2024-06-13 12:42:18,0.200576
2024-06-13 12:42:19,0.138296
2024-06-13 12:42:20,0.137336
2024-06-13 12:42:21,0.127008
2024-06-13 12:42:22,0.1488
2024-06-13 12:42:23,0.127808
2024-06-13 12:42:24,0.099088
2024-06-13 12:42:25,0.134456
2024-06-13 12:42:26,0.105752
2024-06-13 12:42:27,0.13732
2024-06-13 12:42:28,0.116176
2024-06-13 12:42:29,0.11532
2024-06-13 12:42:30,0.10276
2024-06-13 12:42:31,0.122064
2024-06-13 12:42:32,0.134224
2024-06-13 12:42:33,0.124656
2024-06-13 12:42:34,0.10268
2024-06-13 12:42:35,0.11372
2024-06-13 12:42:36,0.099992
2024-06-13 12:42:37,0.128752
2024-06-13 12:42:38,0.117864
2024-06-13 12:42:39,0.121856
2024-06-13 12:42:40,0.132904
2024-06-13 12:42:41,0.163272
2024-06-13 12:42:42,0.111936
2024-06-13 12:42:43,0.124608
2024-06-13 12:42:44,0.125232
2024-06-13 12:42:45,0.094728
2024-06-13 12:42:46,0.119928
2024-06-13 12:42:47,0.120056
2024-06-13 12:42:48,0.116288
2024-06-13 12:42:49,0.098528
2024-06-13 12:42:50,0.12848
2024-06-13 12:42:51,0.124088
2024-06-13 12:42:52,0.11936
2024-06-13 12:42:53,0.118072
2024-06-13 12:42:54,0.12304
2024-06-13 12:42:55,0.119392
2024-06-13 12:42:56,0.131152
2024-06-13 12:42:57,0.136312
2024-06-13 12:42:58,0.125608
2024-06-13 12:42:59,0.114936
2024-06-13 12:43:00,0.137384
2024-06-13 12:43:01,0.14804
2024-06-13 12:43:02,0.129336
2024-06-13 12:43:03,0.134352
2024-06-13 12:43:04,0.125584
2024-06-13 12:43:05,0.155184
2024-06-13 12:43:06,0.145352
2024-06-13 12:43:07,0.176952
2024-06-13 12:43:08,0.120864
2024-06-13 12:43:09,0.147064
2024-06-13 12:43:10,0.094608
2024-06-13 12:43:11,0.098616
2024-06-13 12:43:12,0.116824
2024-06-13 12:43:13,0.106968
2024-06-13 12:43:14,0.12112
2024-06-13 12:43:15,0.119672
2024-06-13 12:43:16,0.10884
2024-06-13 12:43:17,0.086624
2024-06-13 12:43:18,0.095584
2024-06-13 12:43:19,0.09796
2024-06-13 12:43:20,0.097048
2024-06-13 12:43:21,0.094944
2024-06-13 12:43:22,0.105432
2024-06-13 12:43:23,0.0952
2024-06-13 12:43:24,0.096968
2024-06-13 12:43:25,0.114736
2024-06-13 12:43:26,0.115288
2024-06-13 12:43:27,0.116904
2024-06-13 12:43:28,0.134408
2024-06-13 12:43:29,0.124704
2024-06-13 12:43:30,0.115784
2024-06-13 12:43:31,0.153736
2024-06-13 12:43:32,0.139432
2024-06-13 12:43:33,0.127728
2024-06-13 12:43:34,0.12208
2024-06-13 12:43:35,0.085496
2024-06-13 12:43:36,0.10324
2024-06-13 12:43:37,0.109944
2024-06-13 12:43:38,0.145888
2024-06-13 12:43:39,0.11632
2024-06-13 12:43:40,0.129768
2024-06-13 12:43:41,0.143696
2024-06-13 12:43:42,0.181472
2024-06-13 12:43:43,0.117056
2024-06-13 12:43:44,0.128088
2024-06-13 12:43:45,0.129552
2024-06-13 12:43:46,0.143384
2024-06-13 12:43:47,0.129456
2024-06-13 12:43:48,0.161768
2024-06-13 12:43:49,0.143576
2024-06-13 12:43:50,0.175448
2024-06-13 12:43:51,0.159056
2024-06-13 12:43:52,0.161592
2024-06-13 12:43:53,0.160616
2024-06-13 12:43:54,0.141056
2024-06-13 12:43:55,0.118488
2024-06-13 12:43:56,0.13364
2024-06-13 12:43:57,0.110248
2024-06-13 12:43:58,0.102872
2024-06-13 12:43:59,0.153232
2024-06-13 12:44:00,0.136024
2024-06-13 12:44:01,0.127872
2024-06-13 12:44:02,0.100688
2024-06-13 12:44:03,0.088432
2024-06-13 12:44:04,0.082088
2024-06-13 12:44:05,0.093096
2024-06-13 12:44:06,0.112616
2024-06-13 12:44:07,0.093376
2024-06-13 12:44:08,0.125192
2024-06-13 12:44:09,0.137248
2024-06-13 12:44:10,0.14476
2024-06-13 12:44:11,0.143808
2024-06-13 12:44:12,0.148632
2024-06-13 12:44:13,0.218944
2024-06-13 12:44:14,0.205728
2024-06-13 12:44:15,0.180216
2024-06-13 12:44:16,0.105944
2024-06-13 12:44:17,0.1022
2024-06-13 12:44:18,0.102136
2024-06-13 12:44:19,0.1186
2024-06-13 12:44:20,0.094704
2024-06-13 12:44:21,0.099416
2024-06-13 12:44:22,0.11156
2024-06-13 12:44:23,0.127808
2024-06-13 12:44:24,0.08172
2024-06-13 12:44:25,0.146976
2024-06-13 12:44:26,0.140808
2024-06-13 12:44:27,0.16004
2024-06-13 12:44:28,0.15116
2024-06-13 12:44:29,0.179224
2024-06-13 12:44:30,0.160664
2024-06-13 12:44:31,0.143088
2024-06-13 12:44:32,0.214096
2024-06-13 12:44:33,0.160736
2024-06-13 12:44:34,0.166784
2024-06-13 12:44:35,0.15552
2024-06-13 12:44:36,0.133168
2024-06-13 12:44:37,0.158904
2024-06-13 12:44:38,0.115832
2024-06-13 12:44:39,0.124392
2024-06-13 12:44:40,0.137512
2024-06-13 12:44:41,0.104776
2024-06-13 12:44:42,0.134296
2024-06-13 12:44:43,0.111896
2024-06-13 12:44:44,0.122384
2024-06-13 12:44:45,0.107544
2024-06-13 12:44:46,0.128184
2024-06-13 12:44:47,0.133192
2024-06-13 12:44:48,0.1662
2024-06-13 12:44:49,0.16212
2024-06-13 12:44:50,0.154824
2024-06-13 12:44:51,0.129208
2024-06-13 12:44:52,0.126424
2024-06-13 12:44:53,0.117752
2024-06-13 12:44:54,0.114224
2024-06-13 12:44:55,0.118704
2024-06-13 12:44:56,0.126592
2024-06-13 12:44:57,0.144816
2024-06-13 12:44:58,0.125576
2024-06-13 12:44:59,0.124176
2024-06-13 12:45:00,0.124592
2024-06-13 12:45:01,0.126304
2024-06-13 12:45:02,0.114768
2024-06-13 12:45:03,0.105872
2024-06-13 12:45:04,0.113712
2024-06-13 12:45:05,0.139736
2024-06-13 12:45:06,0.142448
2024-06-13 12:45:07,0.143544
2024-06-13 12:45:08,0.175232
2024-06-13 12:45:09,0.191216
2024-06-13 12:45:10,0.325176
2024-06-13 12:45:11,0.2522
2024-06-13 12:45:12,0.256216
2024-06-13 12:45:13,0.174944
2024-06-13 12:45:14,0.142968
2024-06-13 12:45:15,0.112528
2024-06-13 12:45:16,0.115256
2024-06-13 12:45:17,0.104952
2024-06-13 12:45:18,0.123744
2024-06-13 12:45:19,0.131848
2024-06-13 12:45:20,0.141848
2024-06-13 12:45:21,0.126712
2024-06-13 12:45:22,0.1558
2024-06-13 12:45:23,0.15688
2024-06-13 12:45:24,0.195744
2024-06-13 12:45:25,0.142928
2024-06-13 12:45:26,0.125144
2024-06-13 12:45:27,0.129248
2024-06-13 12:45:28,0.122648
2024-06-13 12:45:29,0.151424
2024-06-13 12:45:30,0.137696
2024-06-13 12:45:31,0.119784
2024-06-13 12:45:32,0.148056
2024-06-13 12:45:33,0.12276
2024-06-13 12:45:34,0.100136
2024-06-13 12:45:35,0.125576
2024-06-13 12:45:36,0.121968
2024-06-13 12:45:37,0.10944
2024-06-13 12:45:38,0.10628
2024-06-13 12:45:39,0.1258
2024-06-13 12:45:40,0.114072
2024-06-13 12:45:41,0.11192
2024-06-13 12:45:42,0.15328
2024-06-13 12:45:43,0.112288
2024-06-13 12:45:44,0.127984
2024-06-13 12:45:45,0.1362
2024-06-13 12:45:46,0.109368
2024-06-13 12:45:47,0.102272
2024-06-13 12:45:48,0.127824
2024-06-13 12:45:49,0.146464
2024-06-13 12:45:50,0.113736
2024-06-13 12:45:51,0.107984
2024-06-13 12:45:52,0.12036
2024-06-13 12:45:53,0.115864
2024-06-13 12:45:54,0.103008
2024-06-13 12:45:55,0.108672
2024-06-13 12:45:56,0.130256
2024-06-13 12:45:57,0.136736
2024-06-13 12:45:58,0.137288
2024-06-13 12:45:59,0.133568
2024-06-13 12:46:00,0.113632
2024-06-13 12:46:01,0.133408
2024-06-13 12:46:02,0.111112
2024-06-13 12:46:03,0.12064
2024-06-13 12:46:04,0.1064
2024-06-13 12:46:05,0.11376
2024-06-13 12:46:06,0.11012
2024-06-13 12:46:07,0.156192
2024-06-13 12:46:08,0.114624
2024-06-13 12:46:09,0.095
2024-06-13 12:46:10,0.113528
2024-06-13 12:46:11,0.14044
2024-06-13 12:46:12,0.140576
2024-06-13 12:46:13,0.149552
2024-06-13 12:46:14,0.113392
2024-06-13 12:46:15,0.088696
2024-06-13 12:46:16,0.112696
2024-06-13 12:46:17,0.117568
2024-06-13 12:46:18,0.119704
2024-06-13 12:46:19,0.112256
2024-06-13 12:46:20,0.135304
2024-06-13 12:46:21,0.121792
2024-06-13 12:46:22,0.11896
2024-06-13 12:46:23,0.115464
2024-06-13 12:46:24,0.106088
2024-06-13 12:46:25,0.136928
2024-06-13 12:46:26,0.124456
2024-06-13 12:46:27,0.118944
2024-06-13 12:46:28,0.12552
2024-06-13 12:46:29,0.121608
2024-06-13 12:46:30,0.121784
2024-06-13 12:46:31,0.151728
2024-06-13 12:46:32,0.146224
2024-06-13 12:46:33,0.103184
2024-06-13 12:46:34,0.115968
2024-06-13 12:46:35,0.142088
2024-06-13 12:46:36,0.15944
2024-06-13 12:46:37,0.124352
2024-06-13 12:46:38,0.128008
2024-06-13 12:46:39,0.13172
2024-06-13 12:46:40,0.121416
2024-06-13 12:46:41,0.112824
2024-06-13 12:46:42,0.115712
2024-06-13 12:46:43,0.110112
2024-06-13 12:46:44,0.093112
2024-06-13 12:46:45,0.099064
2024-06-13 12:46:46,0.118816
2024-06-13 12:46:47,0.109688
2024-06-13 12:46:48,0.112216
2024-06-13 12:46:49,0.106992
2024-06-13 12:46:50,0.125064
2024-06-13 12:46:51,0.12144
2024-06-13 12:46:52,0.131576
2024-06-13 12:46:53,0.1118
2024-06-13 12:46:54,0.130736
2024-06-13 12:46:55,0.138472
2024-06-13 12:46:56,0.140736
2024-06-13 12:46:57,0.125504
2024-06-13 12:46:58,0.106728
2024-06-13 12:46:59,0.16884
2024-06-13 12:47:00,0.136192
2024-06-13 12:47:01,0.119768
2024-06-13 12:47:02,0.105192
2024-06-13 12:47:03,0.107168
2024-06-13 12:47:04,0.092952
2024-06-13 12:47:05,0.09864
2024-06-13 12:47:06,0.118696
2024-06-13 12:47:07,0.142264
2024-06-13 12:47:08,0.148408
2024-06-13 12:47:09,0.125184
2024-06-13 12:47:10,0.165368
2024-06-13 12:47:11,0.13824
2024-06-13 12:47:12,0.182176
2024-06-13 12:47:13,0.151176
2024-06-13 12:47:14,0.143064
2024-06-13 12:47:15,0.157656
2024-06-13 12:47:16,0.12468
2024-06-13 12:47:17,0.122024
2024-06-13 12:47:18,0.134224
2024-06-13 12:47:19,0.113664
2024-06-13 12:47:20,0.102344
2024-06-13 12:47:21,0.144792
2024-06-13 12:47:22,0.129048
2024-06-13 12:47:23,0.115064
2024-06-13 12:47:24,0.120696
2024-06-13 12:47:25,0.142672
2024-06-13 12:47:26,0.109184
2024-06-13 12:47:27,0.139424
2024-06-13 12:47:28,0.148376
2024-06-13 12:47:29,0.113336
2024-06-13 12:47:30,0.119904
2024-06-13 12:47:31,0.137624
2024-06-13 12:47:32,0.165832
2024-06-13 12:47:33,0.10128
2024-06-13 12:47:34,0.112848
2024-06-13 12:47:35,0.11928
2024-06-13 12:47:36,0.121248
2024-06-13 12:47:37,0.120888
2024-06-13 12:47:38,0.129144
2024-06-13 12:47:39,0.10744
2024-06-13 12:47:40,0.100008
2024-06-13 12:47:41,0.116736
2024-06-13 12:47:42,0.132416
2024-06-13 12:47:43,0.11028
2024-06-13 12:47:44,0.13244
2024-06-13 12:47:45,0.162656
2024-06-13 12:47:46,0.123792
2024-06-13 12:47:47,0.141992
2024-06-13 12:47:48,0.152368
2024-06-13 12:47:49,0.162936
2024-06-13 12:47:50,0.119728
2024-06-13 12:47:51,0.12792
2024-06-13 12:47:52,0.112192
2024-06-13 12:47:53,0.130728
2024-06-13 12:47:54,0.17192
2024-06-13 12:47:55,0.139184
2024-06-13 12:47:56,0.130488
2024-06-13 12:47:57,0.114744
2024-06-13 12:47:58,0.11624
2024-06-13 12:47:59,0.1348
2024-06-13 12:48:00,0.146072
2024-06-13 12:48:01,0.121952
2024-06-13 12:48:02,0.129616
2024-06-13 12:48:03,0.15952
2024-06-13 12:48:04,0.128176
2024-06-13 12:48:05,0.104552
2024-06-13 12:48:06,0.10232
2024-06-13 12:48:07,0.1068
2024-06-13 12:48:08,0.094288
2024-06-13 12:48:09,0.133896
2024-06-13 12:48:10,0.143472
2024-06-13 12:48:11,0.164296
2024-06-13 12:48:12,0.176392
2024-06-13 12:48:13,0.209216
2024-06-13 12:48:14,0.244088
2024-06-13 12:48:15,0.222544
2024-06-13 12:48:16,0.158264
2024-06-13 12:48:17,0.131712
2024-06-13 12:48:18,0.115696
2024-06-13 12:48:19,0.1188
2024-06-13 12:48:20,0.123056
2024-06-13 12:48:21,0.106216
2024-06-13 12:48:22,0.11212
2024-06-13 12:48:23,0.099232
2024-06-13 12:48:24,0.087536
2024-06-13 12:48:25,0.083272
2024-06-13 12:48:26,0.096136
2024-06-13 12:48:27,0.095992
2024-06-13 12:48:28,0.109728
2024-06-13 12:48:29,0.11864
2024-06-13 12:48:30,0.117336
2024-06-13 12:48:31,0.131656
2024-06-13 12:48:32,0.134128
2024-06-13 12:48:33,0.115408
2024-06-13 12:48:34,0.094472
2024-06-13 12:48:35,0.105592
2024-06-13 12:48:36,0.117024
2024-06-13 12:48:37,0.1038
2024-06-13 12:48:38,0.104608
2024-06-13 12:48:39,0.11712
2024-06-13 12:48:40,0.104584
2024-06-13 12:48:41,0.141272
2024-06-13 12:48:42,0.114856
2024-06-13 12:48:43,0.115152
2024-06-13 12:48:44,0.14704
2024-06-13 12:48:45,0.12492
2024-06-13 12:48:46,0.114504
2024-06-13 12:48:47,0.11384
2024-06-13 12:48:48,0.110544
2024-06-13 12:48:49,0.112808
2024-06-13 12:48:50,0.12392
2024-06-13 12:48:51,0.100528
2024-06-13 12:48:52,0.14888
2024-06-13 12:48:53,0.131248
2024-06-13 12:48:54,0.15428
2024-06-13 12:48:55,0.180416
2024-06-13 12:48:56,0.19192
2024-06-13 12:48:57,0.166928
2024-06-13 12:48:58,0.129056
2024-06-13 12:48:59,0.144928
2024-06-13 12:49:00,0.154824
2024-06-13 12:49:01,0.250848
2024-06-13 12:49:02,0.256448
2024-06-13 12:49:03,0.211952
2024-06-13 12:49:04,0.2124
2024-06-13 12:49:05,0.1618
2024-06-13 12:49:06,0.161536
2024-06-13 12:49:07,0.121088
2024-06-13 12:49:08,0.11492
2024-06-13 12:49:09,0.126568
2024-06-13 12:49:10,0.118
2024-06-13 12:49:11,0.13552
2024-06-13 12:49:12,0.119344
2024-06-13 12:49:13,0.125136
2024-06-13 12:49:14,0.120264
2024-06-13 12:49:15,0.11728
2024-06-13 12:49:16,0.121304
2024-06-13 12:49:17,0.094272
2024-06-13 12:49:18,0.110232
2024-06-13 12:49:19,0.121152
2024-06-13 12:49:20,0.109536
2024-06-13 12:49:21,0.128592
2024-06-13 12:49:22,0.141432
2024-06-13 12:49:23,0.122088
2024-06-13 12:49:24,0.118904
2024-06-13 12:49:25,0.098192
2024-06-13 12:49:26,0.12368
2024-06-13 12:49:27,0.108104
2024-06-13 12:49:28,0.10072
2024-06-13 12:49:29,0.104032
2024-06-13 12:49:30,0.10828
2024-06-13 12:49:31,0.1202
2024-06-13 12:49:32,0.137192
2024-06-13 12:49:33,0.110464
2024-06-13 12:49:34,0.103416
2024-06-13 12:49:35,0.107872
2024-06-13 12:49:36,0.113632
2024-06-13 12:49:37,0.088824
2024-06-13 12:49:38,0.096016
2024-06-13 12:49:39,0.108368
2024-06-13 12:49:40,0.117088
2024-06-13 12:49:41,0.100184
2024-06-13 12:49:42,0.133576
2024-06-13 12:49:43,0.097312
2024-06-13 12:49:44,0.112448
2024-06-13 12:49:45,0.078904
2024-06-13 12:49:46,0.096472
2024-06-13 12:49:47,0.088944
2024-06-13 12:49:48,0.092376
2024-06-13 12:49:49,0.109672
2024-06-13 12:49:50,0.117848
2024-06-13 12:49:51,0.102416
2024-06-13 12:49:52,0.109424
2024-06-13 12:49:53,0.089776
2024-06-13 12:49:54,0.090672
2024-06-13 12:49:55,0.078496
2024-06-13 12:49:56,0.083616
2024-06-13 12:49:57,0.093888
2024-06-13 12:49:58,0.111528
2024-06-13 12:49:59,0.108064
2024-06-13 12:50:00,0.112992
2024-06-13 12:50:01,0.10468
2024-06-13 12:50:02,0.108792
2024-06-13 12:50:03,0.104608
2024-06-13 12:50:04,0.092272
2024-06-13 12:50:05,0.083936
2024-06-13 12:50:06,0.082816
2024-06-13 12:50:07,0.085888
2024-06-13 12:50:08,0.080216
2024-06-13 12:50:09,0.09004
2024-06-13 12:50:10,0.13812
2024-06-13 12:50:11,0.099312
2024-06-13 12:50:12,0.122832
2024-06-13 12:50:13,0.175904
2024-06-13 12:50:14,0.159984
2024-06-13 12:50:15,0.21692
2024-06-13 12:50:16,0.22152
2024-06-13 12:50:17,0.183568
2024-06-13 12:50:18,0.133656
2024-06-13 12:50:19,0.127592
2024-06-13 12:50:20,0.12888
2024-06-13 12:50:21,0.100336
2024-06-13 12:50:22,0.103352
2024-06-13 12:50:23,0.110208
2024-06-13 12:50:24,0.092064
2024-06-13 12:50:25,0.091704
2024-06-13 12:50:26,0.092536
2024-06-13 12:50:27,0.084704
2024-06-13 12:50:28,0.09188
2024-06-13 12:50:29,0.108896
2024-06-13 12:50:30,0.114352
2024-06-13 12:50:31,0.1164
2024-06-13 12:50:32,0.151144
2024-06-13 12:50:33,0.137216
2024-06-13 12:50:34,0.145536
2024-06-13 12:50:35,0.11752
2024-06-13 12:50:36,0.105112
2024-06-13 12:50:37,0.092168
2024-06-13 12:50:38,0.102208
2024-06-13 12:50:39,0.126344
2024-06-13 12:50:40,0.12284
2024-06-13 12:50:41,0.121432
2024-06-13 12:50:42,0.185616
2024-06-13 12:50:43,0.107752
2024-06-13 12:50:44,0.137376
2024-06-13 12:50:45,0.158744
2024-06-13 12:50:46,0.172696
2024-06-13 12:50:47,0.130968
2024-06-13 12:50:48,0.138704
2024-06-13 12:50:49,0.136696
2024-06-13 12:50:50,0.120624
2024-06-13 12:50:51,0.101568
2024-06-13 12:50:52,0.116104
2024-06-13 12:50:53,0.112216
2024-06-13 12:50:54,0.129184
2024-06-13 12:50:55,0.120968
2024-06-13 12:50:56,0.121072
2024-06-13 12:50:57,0.132632
2024-06-13 12:50:58,0.173912
2024-06-13 12:50:59,0.118512
2024-06-13 12:51:00,0.1522
2024-06-13 12:51:01,0.151904
2024-06-13 12:51:02,0.124872
2024-06-13 12:51:03,0.102072
2024-06-13 12:51:04,0.1118
2024-06-13 12:51:05,0.10736
2024-06-13 12:51:06,0.102736
2024-06-13 12:51:07,0.08616
2024-06-13 12:51:08,0.092992
2024-06-13 12:51:09,0.109632
2024-06-13 12:51:10,0.106448
2024-06-13 12:51:11,0.100208
2024-06-13 12:51:12,0.10488
2024-06-13 12:51:13,0.119632
2024-06-13 12:51:14,0.125128
2024-06-13 12:51:15,0.103392
2024-06-13 12:51:16,0.11544
2024-06-13 12:51:17,0.109592
2024-06-13 12:51:18,0.097424
2024-06-13 12:51:19,0.093112
2024-06-13 12:51:20,0.108904
2024-06-13 12:51:21,0.106152
2024-06-13 12:51:22,0.109416
2024-06-13 12:51:23,0.095128
2024-06-13 12:51:24,0.110648
2024-06-13 12:51:25,0.131096
2024-06-13 12:51:26,0.123312
2024-06-13 12:51:27,0.120208
2024-06-13 12:51:28,0.141072
2024-06-13 12:51:29,0.113624
2024-06-13 12:51:30,0.134288
2024-06-13 12:51:31,0.139608
2024-06-13 12:51:32,0.143104
2024-06-13 12:51:33,0.176936
2024-06-13 12:51:34,0.155792
2024-06-13 12:51:35,0.152056
2024-06-13 12:51:36,0.14744
2024-06-13 12:51:37,0.166664
2024-06-13 12:51:38,0.139552
2024-06-13 12:51:39,0.176904
2024-06-13 12:51:40,0.13504
2024-06-13 12:51:41,0.1916
2024-06-13 12:51:42,0.154504
2024-06-13 12:51:43,0.154512
2024-06-13 12:51:44,0.1652
2024-06-13 12:51:45,0.188456
2024-06-13 12:51:46,0.222512
2024-06-13 12:51:47,0.171136
2024-06-13 12:51:48,0.167784
2024-06-13 12:51:49,0.202984
2024-06-13 12:51:50,0.18204
2024-06-13 12:51:51,0.289704
2024-06-13 12:51:52,0.237936
2024-06-13 12:51:53,0.170984
2024-06-13 12:51:54,0.156264
2024-06-13 12:51:55,0.124672
2024-06-13 12:51:56,0.141304
2024-06-13 12:51:57,0.13088
2024-06-13 12:51:58,0.19756
2024-06-13 12:51:59,0.145912
2024-06-13 12:52:00,0.122784
2024-06-13 12:52:01,0.12092
2024-06-13 12:52:02,0.110424
2024-06-13 12:52:03,0.112208
2024-06-13 12:52:04,0.136976
2024-06-13 12:52:05,0.094432
2024-06-13 12:52:06,0.090704
2024-06-13 12:52:07,0.092304
2024-06-13 12:52:08,0.093192
2024-06-13 12:52:09,0.111904
2024-06-13 12:52:10,0.121856
2024-06-13 12:52:11,0.134224
2024-06-13 12:52:12,0.11236
2024-06-13 12:52:13,0.121816
2024-06-13 12:52:14,0.11292
2024-06-13 12:52:15,0.096952
2024-06-13 12:52:16,0.092744
2024-06-13 12:52:17,0.10656
2024-06-13 12:52:18,0.084248
2024-06-13 12:52:19,0.089864
2024-06-13 12:52:20,0.076552
2024-06-13 12:52:21,0.090456
2024-06-13 12:52:22,0.085224
2024-06-13 12:52:23,0.090504
2024-06-13 12:52:24,0.090264
2024-06-13 12:52:25,0.089224
2024-06-13 12:52:26,0.100048
2024-06-13 12:52:27,0.100592
2024-06-13 12:52:28,0.084088
2024-06-13 12:52:29,0.098528
2024-06-13 12:52:30,0.111624
2024-06-13 12:52:31,0.091392
2024-06-13 12:52:32,0.136712
2024-06-13 12:52:33,0.123344
2024-06-13 12:52:34,0.135272
2024-06-13 12:52:35,0.126824
2024-06-13 12:52:36,0.133616
2024-06-13 12:52:37,0.128904
2024-06-13 12:52:38,0.147312
2024-06-13 12:52:39,0.125464
2024-06-13 12:52:40,0.151296
2024-06-13 12:52:41,0.132824
2024-06-13 12:52:42,0.118168
2024-06-13 12:52:43,0.128656
2024-06-13 12:52:44,0.121872
2024-06-13 12:52:45,0.145096
2024-06-13 12:52:46,0.15776
2024-06-13 12:52:47,0.165416
2024-06-13 12:52:48,0.168544
2024-06-13 12:52:49,0.15812
2024-06-13 12:52:50,0.162656
2024-06-13 12:52:51,0.195232
2024-06-13 12:52:52,0.1736
2024-06-13 12:52:53,0.134736
2024-06-13 12:52:54,0.121352
2024-06-13 12:52:55,0.172912
2024-06-13 12:52:56,0.165848
2024-06-13 12:52:57,0.135976
2024-06-13 12:52:58,0.150024
2024-06-13 12:52:59,0.135336
2024-06-13 12:53:00,0.150896
2024-06-13 12:53:01,0.144544
2024-06-13 12:53:02,0.145456
2024-06-13 12:53:03,0.166992
2024-06-13 12:53:04,0.122912
2024-06-13 12:53:05,0.133352
2024-06-13 12:53:06,0.122656
2024-06-13 12:53:07,0.133744
2024-06-13 12:53:08,0.104016
2024-06-13 12:53:09,0.102792
2024-06-13 12:53:10,0.114024
2024-06-13 12:53:11,0.111272
2024-06-13 12:53:12,0.092216
2024-06-13 12:53:13,0.097328
2024-06-13 12:53:14,0.09328
2024-06-13 12:53:15,0.110776
2024-06-13 12:53:16,0.121384
2024-06-13 12:53:17,0.09464
2024-06-13 12:53:18,0.111064
2024-06-13 12:53:19,0.09956
2024-06-13 12:53:20,0.099104
2024-06-13 12:53:21,0.100048
2024-06-13 12:53:22,0.099968
2024-06-13 12:53:23,0.093912
2024-06-13 12:53:24,0.109856
2024-06-13 12:53:25,0.09668
2024-06-13 12:53:26,0.107064
2024-06-13 12:53:27,0.108192
2024-06-13 12:53:28,0.116552
2024-06-13 12:53:29,0.122064
2024-06-13 12:53:30,0.09892
2024-06-13 12:53:31,0.096232
2024-06-13 12:53:32,0.16352
2024-06-13 12:53:33,0.132856
2024-06-13 12:53:34,0.110064
2024-06-13 12:53:35,0.10516
2024-06-13 12:53:36,0.119288
2024-06-13 12:53:37,0.147632
2024-06-13 12:53:38,0.11092
2024-06-13 12:53:39,0.135832
2024-06-13 12:53:40,0.128552
2024-06-13 12:53:41,0.163416
2024-06-13 12:53:42,0.159616
2024-06-13 12:53:43,0.162128
2024-06-13 12:53:44,0.143312
2024-06-13 12:53:45,0.106216
2024-06-13 12:53:46,0.10264
2024-06-13 12:53:47,0.121048
2024-06-13 12:53:48,0.103008
2024-06-13 12:53:49,0.106688
2024-06-13 12:53:50,0.125872
2024-06-13 12:53:51,0.120504
2024-06-13 12:53:52,0.12372
2024-06-13 12:53:53,0.14216
2024-06-13 12:53:54,0.126312
2024-06-13 12:53:55,0.120088
2024-06-13 12:53:56,0.125464
2024-06-13 12:53:57,0.131904
2024-06-13 12:53:58,0.130816
2024-06-13 12:53:59,0.148336
2024-06-13 12:54:00,0.1542
2024-06-13 12:54:01,0.116664
2024-06-13 12:54:02,0.160568
2024-06-13 12:54:03,0.142216
2024-06-13 12:54:04,0.120808
2024-06-13 12:54:05,0.12856
2024-06-13 12:54:06,0.120672
2024-06-13 12:54:07,0.11736
2024-06-13 12:54:08,0.126464
2024-06-13 12:54:09,0.144056
2024-06-13 12:54:10,0.125728
2024-06-13 12:54:11,0.120392
2024-06-13 12:54:12,0.138048
2024-06-13 12:54:13,0.128528
2024-06-13 12:54:14,0.14424
2024-06-13 12:54:15,0.154816
2024-06-13 12:54:16,0.13968
2024-06-13 12:54:17,0.15124
2024-06-13 12:54:18,0.132064
2024-06-13 12:54:19,0.111424
2024-06-13 12:54:20,0.112592
2024-06-13 12:54:21,0.102272
2024-06-13 12:54:22,0.103976
2024-06-13 12:54:23,0.125008
2024-06-13 12:54:24,0.130424
2024-06-13 12:54:25,0.146864
2024-06-13 12:54:26,0.137264
2024-06-13 12:54:27,0.119552
2024-06-13 12:54:28,0.104864
2024-06-13 12:54:29,0.107728
2024-06-13 12:54:30,0.110728
2024-06-13 12:54:31,0.122928
2024-06-13 12:54:32,0.110016
2024-06-13 12:54:33,0.133888
2024-06-13 12:54:34,0.115312
2024-06-13 12:54:35,0.113368
2024-06-13 12:54:36,0.1186
2024-06-13 12:54:37,0.13188
2024-06-13 12:54:38,0.124328
2024-06-13 12:54:39,0.132536
2024-06-13 12:54:40,0.125704
2024-06-13 12:54:41,0.153264
2024-06-13 12:54:42,0.141776
2024-06-13 12:54:43,0.170656
2024-06-13 12:54:44,0.18236
2024-06-13 12:54:45,0.159088
2024-06-13 12:54:46,0.12936
2024-06-13 12:54:47,0.161552
2024-06-13 12:54:48,0.13892
2024-06-13 12:54:49,0.15592
2024-06-13 12:54:50,0.147192
2024-06-13 12:54:51,0.160024
2024-06-13 12:54:52,0.152232
2024-06-13 12:54:53,0.166392
2024-06-13 12:54:54,0.15592
2024-06-13 12:54:55,0.154984
2024-06-13 12:54:56,0.158136
2024-06-13 12:54:57,0.14972
2024-06-13 12:54:58,0.193216
2024-06-13 12:54:59,0.156568
2024-06-13 12:55:00,0.15096
2024-06-13 12:55:01,0.14788
2024-06-13 12:55:02,0.121152
2024-06-13 12:55:03,0.146448
2024-06-13 12:55:04,0.150832
2024-06-13 12:55:05,0.16968
2024-06-13 12:55:06,0.13228
2024-06-13 12:55:07,0.128864
2024-06-13 12:55:08,0.148184
2024-06-13 12:55:09,0.167552
2024-06-13 12:55:10,0.127696
2024-06-13 12:55:11,0.10656
2024-06-13 12:55:12,0.124728
2024-06-13 12:55:13,0.160024
2024-06-13 12:55:14,0.140656
2024-06-13 12:55:15,0.149696
2024-06-13 12:55:16,0.16144
2024-06-13 12:55:17,0.153136
2024-06-13 12:55:18,0.139952
2024-06-13 12:55:19,0.130032
2024-06-13 12:55:20,0.119944
2024-06-13 12:55:21,0.112912
2024-06-13 12:55:22,0.122744
2024-06-13 12:55:23,0.115704
2024-06-13 12:55:24,0.140128
2024-06-13 12:55:25,0.12036
2024-06-13 12:55:26,0.157888
2024-06-13 12:55:27,0.258568
2024-06-13 12:55:28,0.227944
2024-06-13 12:55:29,0.202992
2024-06-13 12:55:30,0.116976
2024-06-13 12:55:31,0.142176
2024-06-13 12:55:32,0.196976
2024-06-13 12:55:33,0.108304
2024-06-13 12:55:34,0.130936
2024-06-13 12:55:35,0.10728
2024-06-13 12:55:36,0.114896
2024-06-13 12:55:37,0.123336
2024-06-13 12:55:38,0.103976
2024-06-13 12:55:39,0.11084
2024-06-13 12:55:40,0.111088
2024-06-13 12:55:41,0.110384
2024-06-13 12:55:42,0.1134
2024-06-13 12:55:43,0.11632
2024-06-13 12:55:44,0.116704
2024-06-13 12:55:45,0.115824
2024-06-13 12:55:46,0.11596
2024-06-13 12:55:47,0.10536
2024-06-13 12:55:48,0.109664
2024-06-13 12:55:49,0.115216
2024-06-13 12:55:50,0.119096
2024-06-13 12:55:51,0.109024
2024-06-13 12:55:52,0.122504
2024-06-13 12:55:53,0.099152
2024-06-13 12:55:54,0.106576
2024-06-13 12:55:55,0.110112
2024-06-13 12:55:56,0.141096
2024-06-13 12:55:57,0.187056
2024-06-13 12:55:58,0.145384
2024-06-13 12:55:59,0.131856
2024-06-13 12:56:00,0.153
2024-06-13 12:56:01,0.143464
2024-06-13 12:56:02,0.150712
2024-06-13 12:56:03,0.129704
2024-06-13 12:56:04,0.148816
2024-06-13 12:56:05,0.170424
2024-06-13 12:56:06,0.138232
2024-06-13 12:56:07,0.153992
2024-06-13 12:56:08,0.146288
2024-06-13 12:56:09,0.187304
2024-06-13 12:56:10,0.178088
2024-06-13 12:56:11,0.1496
2024-06-13 12:56:12,0.146368
2024-06-13 12:56:13,0.171312
2024-06-13 12:56:14,0.112928
2024-06-13 12:56:15,0.135464
2024-06-13 12:56:16,0.101784
2024-06-13 12:56:17,0.111936
2024-06-13 12:56:18,0.101472
2024-06-13 12:56:19,0.135584
2024-06-13 12:56:20,0.129064
2024-06-13 12:56:21,0.181792
2024-06-13 12:56:22,0.189
2024-06-13 12:56:23,0.120632
2024-06-13 12:56:24,0.104296
2024-06-13 12:56:25,0.106856
2024-06-13 12:56:26,0.127728
2024-06-13 12:56:27,0.09952
2024-06-13 12:56:28,0.088464
2024-06-13 12:56:29,0.097176
2024-06-13 12:56:30,0.086512
2024-06-13 12:56:31,0.083648
2024-06-13 12:56:32,0.128968
2024-06-13 12:56:33,0.090312
2024-06-13 12:56:34,0.08472
2024-06-13 12:56:35,0.133496
2024-06-13 12:56:36,0.165472
2024-06-13 12:56:37,0.146712
2024-06-13 12:56:38,0.097144
2024-06-13 12:56:39,0.072864
2024-06-13 12:56:40,0.022024
2024-06-13 12:56:41,0.00124
2024-06-13 12:56:42,0.00444
